species_name,sample 1,sample 2,pair_class,core_diff,core_len,core_len_4D,core_len_1D,core_diff_4D,core_diff_1D,event_count,dedup_event_count,clonal_divergence,clonal_fraction,recomb_len_4D,recomb_len_1D,recomb_diff_4D,recomb_diff_1D,clonal_len_4D,clonal_len_1D,clonal_diff_4D,clonal_diff_1D,clonal_n,clonal_m,clonal_nn,recomb_n,recomb_m,recomb_nn,clonal_mut_n,clonal_mut_m,clonal_mut_nn,recomb_mut_n,recomb_mut_m,recomb_mut_nn
snv_table,GCF_000012825.1,GCF_048453055.1,close_recombination,5334,2055497,287345,1335859,2076,928,4,4,0.0,0.8916807322208495,31302,146282,2076,927,256043,1189577,0,1,183319,3379286,6126,22144,416024,678,0,1,0,0,926,1
snv_table,GCF_000699845.1,GCF_024047355.1,close_recombination,1909,2046943,286187,1330301,711,507,17,17,0.0002434782608695,0.8168085901875347,52636,243911,641,356,233551,1086390,70,151,167224,3086354,5592,37356,693273,1104,2,149,0,4,351,1
snv_table,GCF_000699845.1,GCF_028199355.1,close_recombination,596,2049171,286475,1331746,204,213,3,3,0.0002238267148014,0.9675887948337552,9293,41918,136,82,277182,1289828,68,131,198521,3664429,6534,6303,119259,192,3,128,0,0,82,0
snv_table,GCF_000699845.1,GCF_028200155.1,close_recombination,666,2049078,286462,1331687,224,235,4,4,0.0002101449275362,0.9667250804644246,9549,43065,159,107,276913,1288622,65,128,198357,3660981,6528,6453,122544,198,3,125,0,1,106,0
snv_table,GCF_000699845.1,GCF_028200165.1,close_recombination,586,2049239,286486,1331793,201,207,3,3,0.0002057761732851,0.9675865487318752,9292,41917,136,81,277194,1289876,65,126,198525,3664569,6534,6302,119257,192,3,123,0,0,81,0
snv_table,GCF_000699845.1,GCF_964252195.1,close_recombination,1619,2050117,286623,1332362,611,445,16,16,0.0002745901639344,0.8681438684264696,37914,173826,523,273,248709,1158536,88,172,178734,3290982,5892,26158,494519,801,2,169,1,0,273,0
snv_table,GCF_002959625.1,GCF_048453055.1,close_recombination,5334,2054602,287201,1335269,2076,928,4,4,0.0,0.8916403494416802,31296,146289,2076,927,255905,1188980,0,1,183240,3377574,6126,22139,416050,678,0,1,0,0,926,1
snv_table,GCF_003436175.1,GCF_003460125.1,close_recombination,2262,2046396,286117,1329936,870,542,15,15,8.920187793427231e-05,0.7427031598961265,73841,341478,849,473,212276,988458,21,69,152241,2808054,5079,52291,970544,1599,0,69,0,2,471,0
snv_table,GCF_003436175.1,GCF_003465015.1,close_recombination,1472,2046900,286182,1330252,556,374,7,7,6.008583690987125e-05,0.8142370938773228,53214,245615,537,315,232968,1084637,19,59,167172,3081231,5508,37415,698269,1161,0,59,0,2,313,0
snv_table,GCF_003436605.1,GCF_003436855.1,close_recombination,81,2051986,286875,1333597,24,31,2,2,2.4734982332155476e-05,0.9842265795206971,4530,20993,16,10,282345,1312604,8,21,201826,3729389,6597,3328,59537,114,3,18,0,0,10,0
snv_table,GCF_003436605.1,GCF_021412685.1,close_recombination,1249,2048839,286421,1331539,481,296,13,13,1.6129032258064517e-05,0.8625764172319768,39524,183344,477,268,246897,1148195,4,28,176651,3262054,5880,28197,521013,822,1,27,0,1,267,0
snv_table,GCF_003436855.1,GCF_021412685.1,close_recombination,1287,2049624,286534,1332050,496,309,13,13,2.8455284552845528e-05,0.8563381658023131,41378,192477,488,272,245156,1139573,8,37,175189,3237710,5820,29702,546850,879,1,36,0,0,272,0
snv_table,GCF_003437875.1,GCF_047308005.1,close_recombination,585,2029622,283937,1319160,210,156,9,9,7.063197026022304e-05,0.9452448958747891,15631,72225,191,108,268306,1246935,19,48,191843,3542743,6219,11004,205314,357,2,46,0,0,108,0
snv_table,GCF_003459365.1,GCF_028394795.1,close_recombination,1905,2036788,284828,1323722,752,471,29,29,0.0001244444444444,0.7872821492269019,60769,280230,724,403,224059,1043492,28,68,161096,2964202,5178,42502,796817,1371,1,67,0,0,403,0
snv_table,GCF_003459365.1,GCF_028396015.1,close_recombination,1023,2048466,286400,1331279,383,263,17,17,3.4883720930232556e-05,0.9005935754189944,28658,130470,374,207,257742,1200809,9,56,185301,3411147,5979,19470,371295,645,1,55,0,0,207,0
snv_table,GCF_003459535.1,GCF_019042015.1,close_recombination,2215,2027333,283540,1317560,785,587,16,16,0.0001095890410958,0.7795020102983706,62664,290304,751,482,220876,1027256,34,105,157886,2918851,5031,44608,824768,1536,5,100,0,2,480,0
snv_table,GCF_003459535.1,GCF_021410705.1,close_recombination,2431,2030454,283843,1319612,922,573,21,21,0.000127358490566,0.7466803831695691,72038,336595,893,483,211805,983017,29,90,151042,2793125,4884,51887,956203,1695,1,89,0,3,480,0
snv_table,GCF_003459535.1,GCF_040928465.1,close_recombination,1859,2016756,281994,1310589,689,490,19,19,7.488986784140969e-05,0.8018964942516508,56064,258936,672,405,225930,1051653,17,85,161752,2987921,5286,39712,735830,1266,2,83,0,0,405,0
snv_table,GCF_003459535.1,GCF_040928505.1,close_recombination,1884,2006935,280790,1304235,693,506,16,16,0.00012,0.8070087966095658,54321,250909,659,394,226469,1053326,34,112,161897,2992795,5286,38440,713069,1218,3,109,0,1,393,0
snv_table,GCF_003459535.1,GCF_047307425.1,close_recombination,2726,2034113,284411,1322000,1013,649,25,25,9.178743961352657e-05,0.7309492248893327,76875,358245,991,563,207536,963755,22,86,147998,2738452,4815,55294,1017671,1770,2,84,0,1,562,0
snv_table,GCF_003459535.1,GCF_047310325.1,close_recombination,2212,2034648,284478,1322327,802,570,23,23,0.0001141552511415,0.7719753372844297,65102,297905,773,474,219376,1024422,29,96,158329,2909840,5097,45017,847210,1488,3,93,0,2,472,0
snv_table,GCF_003459715.1,GCF_003475695.1,close_recombination,2227,2032888,284296,1321222,825,533,34,34,6.542056074766355e-05,0.7586459183386329,68854,317614,805,471,215442,1003608,20,62,154942,2850929,4953,48225,903003,1614,0,62,0,4,467,0
snv_table,GCF_003459715.1,GCF_021891045.1,close_recombination,105,2035409,284651,1322846,31,43,2,2,4.225352112676056e-05,0.9974319429757844,740,3383,19,15,283911,1319463,12,28,202871,3748909,6609,521,9622,6,0,28,0,0,15,0
snv_table,GCF_003459715.1,GCF_021891195.1,close_recombination,1970,1947433,272361,1265595,702,487,34,34,0.0001076233183856,0.815278252025804,50578,234064,678,419,221783,1031531,24,68,158804,2930635,5154,35731,665261,1200,0,68,0,4,415,0
snv_table,GCF_003459715.1,GCF_027671015.1,close_recombination,639,2034555,284524,1322294,211,183,16,16,1.5444015444015444e-05,0.9093081778690023,25831,119967,207,134,258693,1202327,4,49,184954,3416048,5979,18378,340896,627,1,48,0,1,133,0
snv_table,GCF_003459715.1,GCF_027686305.1,close_recombination,96,2035473,284671,1322890,21,39,1,1,2.456140350877193e-05,0.9978536626491634,620,2877,13,5,284051,1320013,8,34,202924,3750509,6606,448,8177,6,0,34,0,0,5,0
snv_table,GCF_003459715.1,GCF_027686505.1,close_recombination,78,2034445,284506,1322219,19,31,1,1,1.7605633802816902e-05,0.9978348435533873,620,2860,13,5,283886,1319359,6,26,202866,3748605,6606,447,8127,6,1,25,0,0,5,0
snv_table,GCF_003459715.1,GCF_030541685.1,close_recombination,590,2034814,284570,1322458,198,165,16,16,2.2900763358778624e-05,0.9199142565976737,22812,105693,192,125,261758,1216765,6,40,187318,3456923,6054,16029,300495,555,0,40,0,0,125,0
snv_table,GCF_003459715.1,GCF_030546205.1,close_recombination,589,2034650,284540,1322347,199,163,14,14,4.9429657794676805e-05,0.9234202572573276,21802,101237,186,125,262738,1221110,13,38,187941,3469335,6054,15396,287760,555,0,38,0,0,125,0
snv_table,GCF_003459715.1,GCF_040921925.1,close_recombination,1215,2018785,282436,1312100,413,306,19,19,6.910569105691057e-05,0.8683029075613591,37331,172411,396,251,245105,1139689,17,55,175379,3238075,5613,26227,490112,894,1,54,0,1,250,0
snv_table,GCF_003459715.1,GCF_040921935.1,close_recombination,1208,2032105,284202,1320710,413,299,21,21,4.838709677419355e-05,0.8706835279132448,36898,170311,401,245,247304,1150399,12,54,177185,3268303,5709,25872,484185,876,0,54,0,1,244,0
snv_table,GCF_003459715.1,GCF_047307925.1,close_recombination,599,2034118,284470,1322024,199,169,14,14,4.9429657794676805e-05,0.9241396280802897,21591,100282,186,122,262879,1221742,13,47,188020,3471155,6051,15261,285039,546,3,44,0,0,122,0
snv_table,GCF_003459715.1,GCF_047638235.1,close_recombination,1368,2029421,283854,1318953,464,367,24,24,6.122448979591836e-05,0.8639300485460836,38818,178725,446,308,245036,1140228,18,59,175626,3239427,5631,27106,508118,951,2,57,0,3,305,0
snv_table,GCF_003460125.1,GCF_003465015.1,close_recombination,1870,2048626,286428,1331394,742,416,17,17,9.871244635193133e-05,0.8100465038334241,54757,253608,717,332,231671,1077786,25,84,165937,3061919,5502,38834,720790,1200,0,84,0,1,331,0
snv_table,GCF_003466785.1,GCF_003475695.1,close_recombination,2221,2032758,284272,1321136,829,527,31,31,8.530805687203791e-05,0.7397492542353802,74099,341138,811,475,210173,979998,18,52,151332,2783856,4806,51835,969818,1761,2,50,0,4,471,0
snv_table,GCF_003466785.1,GCF_021891045.1,close_recombination,103,2034921,284578,1322529,34,39,2,2,4.225352112676056e-05,0.9973715466409913,750,3394,21,15,283828,1319135,13,24,202848,3747948,6609,517,9659,6,2,22,0,0,15,0
snv_table,GCF_003466785.1,GCF_021891195.1,close_recombination,1967,1946957,272288,1265283,705,482,33,33,8.67579908675799e-05,0.8062051944999412,53068,245384,683,425,219220,1019899,22,57,157072,2897543,5082,37440,697440,1272,2,55,0,4,421,0
snv_table,GCF_003466785.1,GCF_027671015.1,close_recombination,636,2034431,284501,1322212,215,179,15,15,2.3166023166023165e-05,0.9083272115036503,26109,120870,209,138,258392,1201342,6,41,184943,3413110,5973,18389,343588,633,3,38,0,1,137,0
snv_table,GCF_003466785.1,GCF_027686305.1,close_recombination,88,2034628,284545,1322341,24,31,1,1,2.8169014084507043e-05,0.9978737985204449,610,2835,13,5,283935,1319506,11,26,202879,3749033,6606,445,8054,6,2,24,0,0,5,0
snv_table,GCF_003466785.1,GCF_027686505.1,close_recombination,71,2034458,284507,1322230,19,27,1,1,1.7605633802816902e-05,0.9978664848316562,610,2835,13,5,283897,1319395,6,22,202870,3748709,6606,445,8054,6,3,19,0,0,5,0
snv_table,GCF_003466785.1,GCF_030541685.1,close_recombination,585,2034660,284543,1322356,198,161,15,15,1.9157088122605363e-05,0.9146947912969218,24299,112399,193,130,260244,1209957,5,31,186284,3437593,5994,17062,319520,615,2,29,0,0,130,0
snv_table,GCF_003466785.1,GCF_030546205.1,close_recombination,586,2034496,284513,1322245,203,159,15,15,3.435114503816794e-05,0.9201688499295287,22748,105251,194,126,261765,1216994,9,33,187372,3457592,6018,15964,299198,591,2,31,0,0,126,0
snv_table,GCF_003466785.1,GCF_040921925.1,close_recombination,1210,2018631,282409,1311998,415,302,20,20,4.098360655737705e-05,0.8657656094529566,38057,175518,402,253,244352,1136480,13,49,174928,3228914,5598,26677,498968,909,3,46,0,1,252,0
snv_table,GCF_003466785.1,GCF_040921935.1,close_recombination,1204,2031964,284177,1320616,417,294,20,20,4.4715447154471546e-05,0.8649186950386555,38540,177792,406,252,245637,1142824,11,42,176048,3246754,5670,27008,505453,915,2,40,0,1,251,0
snv_table,GCF_003466785.1,GCF_047307925.1,close_recombination,596,2033825,284423,1321834,201,165,15,15,3.435114503816794e-05,0.9205303368574271,22629,104788,192,124,261794,1217046,9,41,187368,3457758,6012,15903,297876,585,5,36,0,0,124,0
snv_table,GCF_003466785.1,GCF_047638235.1,close_recombination,1363,2028945,283781,1318641,467,362,25,25,5.714285714285714e-05,0.8652446781144615,38419,176565,450,305,245362,1142076,17,57,176004,3244581,5643,26705,502051,939,4,53,0,3,302,0
snv_table,GCF_003466945.1,GCF_019127815.1,close_recombination,2322,2039798,285193,1325683,845,580,27,27,0.0001346153846153,0.7286644482858976,77703,356288,817,516,207490,969395,28,64,149970,2753298,4917,53900,1013212,1752,1,63,0,5,511,0
snv_table,GCF_003466945.1,GCF_019127895.1,close_recombination,2319,2039598,285166,1325556,844,580,27,27,0.0001387559808612,0.7299958620592918,77359,354593,815,516,207807,970963,29,64,150209,2757766,4914,53645,1008379,1755,1,63,0,4,512,0
snv_table,GCF_003466945.1,GCF_021410225.1,close_recombination,1577,2040732,285319,1326275,575,390,21,21,6.694560669456067e-05,0.8346447309853182,47433,216695,559,320,237886,1109580,16,70,171483,3151671,5586,32481,616527,1077,1,69,0,2,318,0
snv_table,GCF_003466945.1,GCF_024790525.1,close_recombination,2791,2020868,282616,1313348,1018,680,28,28,0.0001761658031088,0.6872576216491635,88583,406556,977,584,194033,906792,41,96,140300,2575384,4692,61626,1156116,1926,1,95,0,4,580,0
snv_table,GCF_003466945.1,GCF_028199465.1,close_recombination,2509,2019265,282439,1312313,905,607,31,31,0.0001442307692307,0.7506045553199098,70871,324144,863,505,211568,988169,42,102,152648,2806801,5058,49090,921821,1521,1,101,0,5,500,0
snv_table,GCF_003466945.1,GCF_028199675.1,close_recombination,2536,2020584,282615,1313156,915,619,33,33,0.0001428571428571,0.7529678184102047,70223,321105,876,519,212392,992051,39,100,153242,2817811,5100,48625,913187,1503,0,100,0,6,513,0
snv_table,GCF_003467565.1,GCF_028201295.1,close_recombination,2958,2036386,284700,1323430,1110,670,42,42,3.664921465968586e-05,0.6704250087811732,94331,436880,1102,607,190369,886550,8,63,136565,2518486,4599,67062,1241514,2064,1,62,0,1,606,0
snv_table,GCF_003469525.1,GCF_047308005.1,close_recombination,600,2029537,283941,1319125,213,160,10,10,8.178438661710037e-05,0.9456894213938811,15491,71703,191,109,268450,1247422,22,51,191954,3544099,6213,10879,203867,363,2,49,0,0,109,0
snv_table,GCF_003471775.1,GCF_047948285.1,close_recombination,1976,2031806,284219,1320514,724,509,29,29,6.341463414634146e-05,0.7203600040813598,79882,371127,710,452,204337,949387,14,57,146429,2696914,4818,56683,1054925,1773,1,56,0,0,452,0
snv_table,GCF_003475435.1,GCF_027683305.1,close_recombination,2250,2022317,282913,1314350,881,523,17,17,6.140350877192983e-05,0.8053359159883073,55156,255013,866,473,227757,1059337,15,50,163035,3009606,5370,39125,724702,1212,0,50,0,2,470,1
snv_table,GCF_003475695.1,GCF_021891045.1,close_recombination,2272,2033105,284319,1321361,847,536,33,33,0.0001116279069767,0.7580217994576515,68891,318245,820,473,215428,1003116,27,63,154912,2849483,4953,48281,904831,1623,0,63,0,4,469,0
snv_table,GCF_003475695.1,GCF_021891195.1,close_recombination,405,1947740,272370,1265804,150,103,8,8,3.4883720930232556e-05,0.9470940265080589,14489,66023,141,82,257881,1199781,9,21,184841,3408430,6072,9777,187977,315,0,21,0,2,80,0
snv_table,GCF_003475695.1,GCF_027660715.1,close_recombination,2223,2032964,284296,1321267,826,530,33,33,7.87037037037037e-05,0.759982553395053,68489,316088,806,477,215807,1005179,20,53,155201,2855359,4977,47988,898677,1599,0,53,0,4,473,0
snv_table,GCF_003475695.1,GCF_027671015.1,close_recombination,1924,2032599,284242,1321033,716,465,27,27,8.583690987124464e-05,0.8178594296409397,52038,239638,696,407,232204,1081395,20,58,166825,3071957,5403,36324,681420,1170,1,57,0,5,402,0
snv_table,GCF_003475695.1,GCF_027686305.1,close_recombination,2269,2032779,284281,1321150,842,534,32,32,6.666666666666667e-05,0.7446505394310559,72842,336228,822,488,211439,984922,20,46,152008,2797895,4863,51143,955831,1710,0,46,0,4,484,0
snv_table,GCF_003475695.1,GCF_027686505.1,close_recombination,2257,2032376,284213,1320888,842,529,33,33,6.19047619047619e-05,0.7448990721747422,72756,335749,823,483,211457,985139,19,46,152165,2798410,4842,50958,954567,1722,1,45,0,4,479,0
snv_table,GCF_003475695.1,GCF_030541685.1,close_recombination,1880,2032957,284295,1321258,704,448,25,25,8.974358974358975e-05,0.8214354807506288,51053,235163,682,403,233242,1086095,22,45,167525,3085342,5418,35656,668666,1167,0,45,0,4,399,0
snv_table,GCF_003475695.1,GCF_030546205.1,close_recombination,1875,2032793,284265,1321147,703,446,24,24,8.189655172413794e-05,0.8150845162084674,52821,242910,684,404,231444,1078237,19,42,166430,3062896,5385,36741,690789,1200,0,42,0,4,400,0
snv_table,GCF_003475695.1,GCF_040921925.1,close_recombination,1583,2017238,282204,1311094,605,379,24,24,6.46551724137931e-05,0.8209663931056966,50634,232948,590,329,231570,1078146,15,50,166223,3062815,5400,35254,662489,1101,0,50,0,4,325,0
snv_table,GCF_003475695.1,GCF_040921935.1,close_recombination,1580,2030814,284015,1319862,605,372,25,25,6.41025641025641e-05,0.823900146119043,50114,230324,590,321,233901,1089538,15,51,168097,3095030,5487,34842,655032,1098,0,51,0,3,318,0
snv_table,GCF_003475695.1,GCF_047307925.1,close_recombination,1885,2032515,284240,1320985,703,452,26,26,8.898305084745763e-05,0.8270123839009288,49440,227823,682,394,234800,1093162,21,58,168618,3105423,5445,34511,647836,1122,1,57,0,6,388,0
snv_table,GCF_003475695.1,GCF_047638235.1,close_recombination,1671,2027556,283573,1317745,624,423,25,25,9.4017094017094e-05,0.8287107728874047,48725,224736,598,360,234848,1093009,26,63,168522,3104991,5514,34057,639083,1068,2,61,0,3,357,0
snv_table,GCF_003568805.2,GCF_024022975.1,close_recombination,29,2021582,282609,1313707,11,11,1,1,3.533568904593639e-06,0.9998620001486153,43,146,10,8,282566,1313561,1,3,201926,3732160,6597,13,422,3,0,3,0,0,8,0
snv_table,GCF_003568805.2,GCF_024759565.1,close_recombination,2131,2017109,281993,1310798,764,557,36,36,0.0001466666666666,0.7963672857127659,57890,269004,730,424,224103,1041794,34,133,160650,2959524,5208,40823,764836,1353,1,132,0,2,422,0
snv_table,GCF_003568805.2,GCF_024789245.1,close_recombination,2147,2012964,281457,1308079,766,570,35,35,0.0001318181818181,0.7821798711703741,61786,287347,733,430,219671,1020732,33,140,157183,2899919,5094,43832,816778,1431,1,137,2,2,428,0
snv_table,GCF_004167625.1,GCF_040922025.1,close_recombination,67,2044556,285889,1328761,8,35,1,1,6.993006993006993e-06,0.9998635834187395,40,176,6,4,285849,1328585,2,31,204388,3774737,6630,25,503,0,2,29,0,0,4,0
snv_table,GCF_007556395.1,GCF_007556405.1,close_recombination,38,2037604,284873,1324159,8,25,1,1,3.5087719298245615e-06,0.9997788488203515,71,320,7,3,284802,1323839,1,22,203480,3761416,6621,33,921,6,0,22,0,0,3,0
snv_table,GCF_008728395.1,GCF_015561035.1,close_recombination,767,2020146,282479,1312867,277,198,11,11,5.3435114503816794e-05,0.9272547693810868,20827,95054,263,139,261652,1217813,14,59,188082,3459252,6105,13843,270824,495,2,57,0,0,138,1
snv_table,GCF_008728395.1,GCF_019129355.1,close_recombination,671,2020621,282559,1313161,238,171,12,12,5.703422053231939e-05,0.928655608209259,20431,91939,223,112,262128,1221222,15,59,188438,3469042,6186,13519,261881,417,1,58,0,0,111,1
snv_table,GCF_008728395.1,GCF_021406445.1,close_recombination,691,2016333,281946,1310369,247,182,13,13,3.39622641509434e-05,0.9398253566285742,17327,77396,238,124,264619,1232973,9,58,190256,3502420,6243,11285,220561,342,3,55,0,0,123,1
snv_table,GCF_008728395.1,GCF_028199555.1,close_recombination,713,2020322,282501,1312973,272,180,14,14,4.511278195488722e-05,0.9447046205146177,15993,71628,257,124,266508,1241345,15,56,191426,3526336,6273,10517,204043,324,0,56,0,1,122,1
snv_table,GCF_008728395.1,GCF_047307865.1,close_recombination,872,2020056,282467,1312800,320,232,17,17,5.363984674329502e-05,0.925134617495141,21435,96645,303,148,261032,1216155,17,84,187668,3454647,6150,14242,275240,453,0,84,0,2,145,1
snv_table,GCF_009025375.1,GCF_013368705.1,close_recombination,2132,2047388,286276,1330582,796,527,16,16,0.000125,0.7807849767357375,62919,288994,766,416,223357,1041588,30,111,160953,2958489,5322,43678,821891,1413,6,105,0,3,413,0
snv_table,GCF_009025375.1,GCF_015555645.1,close_recombination,3235,2044270,285835,1328561,1219,760,25,25,0.0001428571428571,0.6599611664071929,97497,449251,1190,655,188338,879310,29,105,135945,2497470,4515,68430,1277130,2193,2,103,0,1,654,0
snv_table,GCF_009025375.1,GCF_024047375.1,close_recombination,3868,2048402,286394,1331250,1461,900,30,30,7.065217391304347e-05,0.6418779723038891,102791,473348,1448,822,183603,857902,13,78,132548,2436676,4482,72191,1345633,2220,2,76,0,4,818,0
snv_table,GCF_009025375.1,GCF_024461205.1,close_recombination,2562,2042842,285617,1327643,968,606,18,18,0.0001363636363636,0.7690718689713848,66082,303121,936,499,219535,1024522,32,107,158277,2910048,5241,45927,861975,1461,2,105,0,1,498,0
snv_table,GCF_009025375.1,GCF_024461385.1,close_recombination,2382,2042954,285635,1327720,907,560,19,19,0.000131221719457,0.7715090937735222,65417,299991,876,455,220218,1027729,31,105,158830,2919113,5244,45389,853123,1461,1,104,0,1,454,0
snv_table,GCF_009025375.1,GCF_028396205.1,close_recombination,3232,2043978,285792,1328374,1217,761,25,25,0.0001428571428571,0.660095454036502,97460,449112,1188,654,188332,879262,29,107,135931,2497340,4515,68426,1276714,2196,2,105,0,1,653,0
snv_table,GCF_009025375.1,GCF_028396285.1,close_recombination,3235,2044270,285835,1328561,1219,760,25,25,0.0001428571428571,0.6599611664071929,97497,449251,1190,655,188338,879310,29,105,135945,2497470,4515,68430,1277130,2193,2,103,0,1,654,0
snv_table,GCF_009025375.1,GCF_039760295.1,close_recombination,908,2047428,286228,1330620,347,237,9,9,4.247104247104247e-05,0.902357561105133,27999,128586,336,190,258229,1202034,11,47,185106,3414825,6171,19529,365659,570,3,44,0,1,189,0
snv_table,GCF_009025375.1,GCF_039760315.1,close_recombination,921,2047586,286245,1330723,350,245,10,10,3.875968992248062e-05,0.9009065660535556,28395,130404,340,197,257850,1200319,10,48,184846,3409931,6180,19812,370824,576,3,45,0,1,196,0
snv_table,GCF_009025375.1,GCF_039760335.1,close_recombination,929,2047363,286230,1330583,352,254,10,10,5.4054054054054054e-05,0.9019669496558711,28102,129044,338,200,258128,1201539,14,54,185036,3413407,6174,19597,366953,582,4,50,0,1,199,0
snv_table,GCF_009025375.1,GCF_040098345.1,close_recombination,3792,2042767,285631,1327602,1489,724,21,21,0.0001018518518518,0.7550651014770806,70108,321289,1466,615,215523,1006313,23,109,155746,2858051,5142,48444,913860,1563,1,108,0,2,613,0
snv_table,GCF_012976745.1,GCF_040922025.1,close_recombination,56,2044948,285944,1329013,10,25,1,1,1.3986013986013986e-05,0.9998810955991383,40,182,6,4,285904,1328831,4,21,204420,3775443,6630,23,523,0,0,21,0,0,4,0
snv_table,GCF_013368705.1,GCF_015555645.1,close_recombination,2064,2044079,285847,1328426,775,512,13,13,0.0001728971962616,0.7516608535335336,71038,328144,733,399,214809,1000282,42,113,154137,2841498,5211,50175,932745,1512,5,108,0,2,397,0
snv_table,GCF_013368705.1,GCF_020560185.1,close_recombination,2412,2048263,286403,1331142,902,607,14,14,0.0001722488038277,0.7305789394664162,77242,356779,857,486,209161,974363,45,121,150180,2767836,5073,54494,1014178,1665,4,117,0,4,482,0
snv_table,GCF_013368705.1,GCF_024047375.1,close_recombination,2920,2048055,286381,1331012,1121,701,25,25,8.962264150943396e-05,0.7385964851020145,75144,346649,1102,606,211237,984363,19,95,151797,2796090,5202,52873,985550,1524,5,90,0,6,600,0
snv_table,GCF_013368705.1,GCF_024461205.1,close_recombination,1049,2043632,285752,1328152,358,307,11,11,0.0001460674157303,0.9319969763991153,19448,88522,319,184,266304,1239630,39,123,191063,3521569,6258,13179,251919,468,8,115,0,2,182,0
snv_table,GCF_013368705.1,GCF_024461385.1,close_recombination,745,2043776,285773,1328251,249,225,8,8,0.0001444444444444,0.9439660149839209,16029,73242,210,105,269744,1255009,39,120,193226,3565453,6348,11032,208307,387,7,113,0,0,105,0
snv_table,GCF_013368705.1,GCF_028396205.1,close_recombination,2068,2044118,285847,1328453,775,515,13,13,0.0001775700934579,0.7516608535335336,71035,328076,733,400,214812,1000377,42,115,154156,2841761,5214,50162,932551,1515,5,110,0,2,398,0
snv_table,GCF_013368705.1,GCF_028396285.1,close_recombination,2064,2044079,285847,1328426,775,512,13,13,0.0001728971962616,0.7516608535335336,71038,328144,733,399,214809,1000282,42,113,154137,2841498,5211,50175,932745,1512,5,108,0,2,397,0
snv_table,GCF_013368705.1,GCF_039760295.1,close_recombination,1700,2045988,286058,1329678,625,439,9,9,0.0001452991452991,0.8163379454516217,52594,242182,590,330,233464,1087496,35,109,167723,3089182,5583,36753,688641,1152,9,100,0,2,328,0
snv_table,GCF_013368705.1,GCF_039760315.1,close_recombination,1706,2046188,286078,1329809,625,441,9,9,0.0001495726495726,0.8163857409517684,52592,242178,589,331,233486,1087631,36,110,167750,3089542,5601,36751,688631,1152,9,101,0,2,329,0
snv_table,GCF_013368705.1,GCF_039760335.1,close_recombination,1722,2047045,286224,1330363,627,454,9,9,0.0001581196581196,0.8163536251327631,52636,242360,589,336,233588,1088003,38,118,167788,3090623,5598,36764,689164,1152,10,108,0,2,334,0
snv_table,GCF_013368705.1,GCF_040095755.1,close_recombination,4258,2042055,285529,1327106,1564,1018,19,19,0.0001639344262295,0.6374483852778526,103760,478518,1528,918,181769,848588,36,100,131513,2409856,4395,72526,1360736,2292,6,94,0,5,913,0
snv_table,GCF_013368705.1,GCF_040098345.1,close_recombination,2225,2042441,285619,1327376,855,405,11,11,0.0001149425287356,0.9165356646441588,23853,108560,817,274,261766,1218816,38,131,187872,3462405,6171,16255,308864,561,7,124,0,1,273,0
snv_table,GCF_015555055.1,GCF_018289355.1,close_recombination,543,2041204,285467,1326611,185,159,4,4,4.4943820224719104e-05,0.9350993284687897,18530,85440,173,124,266937,1241171,12,35,191176,3526094,6243,12861,243063,396,2,33,0,0,124,0
snv_table,GCF_015555055.1,GCF_028200935.1,close_recombination,273,2048948,286476,1331632,88,82,1,1,1.444043321299639e-05,0.9661542328153143,9700,44174,84,71,276776,1287458,4,11,198480,3657468,6426,6358,125930,234,0,11,0,0,71,0
snv_table,GCF_015555055.1,GCF_028201045.1,close_recombination,283,2049207,286514,1331803,92,87,1,1,2.5270758122743684e-05,0.9661657021995435,9700,44167,84,71,276814,1287636,8,16,198502,3657980,6426,6351,125916,234,0,16,0,0,71,0
snv_table,GCF_015555055.1,GCF_028201315.1,close_recombination,366,2048950,286483,1331640,106,134,1,1,7.942238267148014e-05,0.9661655316371303,9700,44170,84,72,276783,1287470,22,62,198465,3657528,6417,6351,125925,234,3,59,0,0,72,0
snv_table,GCF_015555055.1,GCF_028395215.1,close_recombination,272,2048699,286439,1331471,90,80,1,1,2.1660649819494583e-05,0.9661044759966345,9710,44214,84,71,276729,1287257,6,9,198443,3656902,6426,6364,126044,234,0,9,0,0,71,0
snv_table,GCF_015555055.1,GCF_028395235.1,close_recombination,306,2048081,286346,1331069,97,92,1,1,3.2490974729241876e-05,0.9661388669651401,9700,44177,84,71,276646,1286892,13,21,198395,3655867,6414,6360,125937,234,1,20,0,0,71,0
snv_table,GCF_015555055.1,GCF_028395285.1,close_recombination,275,2049207,286514,1331803,88,84,1,1,1.444043321299639e-05,0.9661657021995435,9700,44167,84,71,276814,1287636,4,13,198502,3657980,6426,6351,125916,234,0,13,0,0,71,0
snv_table,GCF_015555645.1,GCF_019041535.1,close_recombination,3639,2033843,284406,1321812,1432,820,19,19,8.994708994708995e-05,0.66598454322342,95083,440404,1412,746,189323,881408,20,74,135788,2503981,4455,67613,1251391,2208,2,72,0,5,741,0
snv_table,GCF_015555645.1,GCF_020560185.1,close_recombination,404,2045338,285969,1329246,126,139,2,2,5.673758865248227e-05,0.9835331801698786,4734,21969,110,76,281235,1307277,16,63,201077,3714124,6630,3368,62413,126,1,62,0,1,75,0
snv_table,GCF_015555645.1,GCF_024461205.1,close_recombination,2593,2039783,285222,1325649,976,638,20,20,0.000167487684729,0.7108848546044835,82485,379390,942,532,202737,946259,34,106,146185,2687720,4872,57724,1078613,1833,2,104,0,2,530,0
snv_table,GCF_015555645.1,GCF_024461385.1,close_recombination,2290,2039902,285240,1325731,867,557,17,17,0.0001770334928229,0.7297714205581265,77090,355119,830,445,208150,970612,37,112,149707,2757134,4995,54214,1009430,1713,1,111,0,0,445,0
snv_table,GCF_015555645.1,GCF_039760295.1,close_recombination,2953,2043102,285642,1327806,1121,699,18,18,0.0001836734693877,0.683512928770979,90518,418362,1083,592,195124,909444,38,107,140399,2583193,4740,63855,1189257,1974,4,103,0,1,591,0
snv_table,GCF_015555645.1,GCF_039760315.1,close_recombination,2957,2043090,285640,1327801,1121,701,18,18,0.0001692307692307,0.6828875507631984,90687,418996,1083,593,194953,908805,38,108,140324,2581354,4737,63928,1191083,1977,4,104,0,1,592,0
snv_table,GCF_015555645.1,GCF_039760335.1,close_recombination,2966,2043613,285740,1328143,1122,712,18,18,0.000188775510204,0.6845383915447609,90261,416988,1083,599,195479,911155,39,113,140660,2588047,4758,63613,1185395,1956,3,110,0,2,597,0
snv_table,GCF_015555645.1,GCF_040095755.1,close_recombination,2891,2039289,285117,1325311,1049,686,10,10,6.694560669456067e-05,0.8373404602321153,46557,214036,1033,633,238560,1111275,16,53,171626,3156508,5691,32197,608894,1017,2,51,0,4,629,0
snv_table,GCF_015555645.1,GCF_040097405.1,close_recombination,2995,2023997,283037,1315254,1084,746,14,14,8.119658119658119e-05,0.8264997155848882,49578,227575,1065,688,233459,1087679,19,58,167947,3089474,5616,34326,647334,1065,1,57,0,4,684,0
snv_table,GCF_015555645.1,GCF_040098345.1,close_recombination,3740,2039184,285157,1325266,1461,728,19,19,0.0001379310344827,0.7090479981203337,83081,382299,1433,617,202076,942967,28,111,145709,2678317,4875,58152,1086912,1833,1,110,0,1,616,0
snv_table,GCF_015557505.1,GCF_047309505.1,close_recombination,2023,2019604,282467,1312731,767,463,33,33,0.0001574074074074,0.7680543213897553,65690,302432,730,369,216777,1010299,37,94,156389,2869471,5037,45553,860303,1440,3,90,1,0,369,0
snv_table,GCF_015557505.1,GCF_964240005.1,close_recombination,578,2026120,283325,1316960,207,124,2,2,8.270676691729324e-05,0.9369804994264537,17860,82311,184,98,265465,1234649,23,26,190099,3507743,6105,12460,234047,426,0,26,0,1,97,0
snv_table,GCF_015559725.1,GCF_028200905.1,close_recombination,708,2044262,285971,1328701,260,158,12,12,0.0001136363636363,0.9247441174105067,21646,98761,227,107,264325,1229940,33,51,189424,3494258,6138,14777,280975,531,1,50,0,0,107,0
snv_table,GCF_015559725.1,GCF_028201235.1,close_recombination,27,2049181,286565,1331801,8,14,1,1,0.0,0.9995637987891054,167,673,8,13,286398,1331128,0,1,204686,3781987,6711,84,1935,0,0,1,0,0,13,0
snv_table,GCF_015559725.1,GCF_039760255.1,close_recombination,69,2030813,284162,1319938,19,28,1,1,3.508771929824561e-05,0.9995706674361807,130,516,8,12,284032,1319422,11,16,202743,3748902,6621,68,1480,0,0,16,0,0,12,0
snv_table,GCF_015559725.1,GCF_040928345.1,close_recombination,949,2041271,285508,1326644,389,203,14,14,7.142857142857143e-05,0.9287655687406308,20418,92385,370,149,265090,1234259,19,54,190203,3506337,6237,13672,263060,423,0,54,0,2,147,0
snv_table,GCF_015559725.1,GCF_040928365.1,close_recombination,1123,2042937,285738,1327734,460,243,17,17,6.367041198501872e-05,0.9322876201275294,19422,88091,442,198,266316,1239643,18,45,190982,3521677,6270,13100,250771,402,0,45,0,4,194,0
snv_table,GCF_015561035.1,GCF_019129355.1,close_recombination,436,2022283,282829,1314251,142,124,3,3,5.5762081784386615e-05,0.9491600932011922,14380,67302,125,78,268449,1246949,17,46,191957,3542587,6303,10155,191427,324,3,43,0,0,78,0
snv_table,GCF_015561035.1,GCF_021406445.1,close_recombination,562,2018062,282230,1311499,185,156,4,4,4.460966542750929e-05,0.9521312404776247,13601,63079,173,104,268629,1248420,12,52,192267,3546726,6267,9436,179465,336,5,47,0,0,104,0
snv_table,GCF_015561035.1,GCF_028199555.1,close_recombination,522,2022537,282853,1314413,184,158,5,5,5.147058823529412e-05,0.9629029920135194,10519,49401,166,102,272334,1265012,18,56,194635,3594038,6363,7512,140433,258,2,54,0,1,101,0
snv_table,GCF_015561035.1,GCF_047307865.1,close_recombination,682,2022504,282860,1314389,226,216,7,7,6.741573033707865e-05,0.94682881991091,15079,70109,205,133,267781,1244280,21,83,191579,3535018,6243,10553,199390,384,2,81,0,2,131,0
snv_table,GCF_016766915.1,GCF_048453055.1,close_recombination,5334,2055497,287345,1335859,2076,928,4,4,0.0,0.8916807322208495,31302,146282,2076,927,256043,1189577,0,1,183319,3379286,6126,22144,416024,678,0,1,0,0,926,1
snv_table,GCF_018289355.1,GCF_028200935.1,close_recombination,287,2041139,285459,1326563,101,87,3,3,4.332129963898917e-05,0.9690358335172476,8840,41321,89,53,276619,1285242,12,34,197523,3651708,6495,6507,117294,162,2,32,0,0,53,0
snv_table,GCF_018289355.1,GCF_028201045.1,close_recombination,298,2041398,285497,1326734,106,92,4,4,4.332129963898917e-05,0.968661667197904,8950,41895,94,56,276547,1284839,12,36,197448,3650580,6489,6597,118920,168,2,34,0,0,56,0
snv_table,GCF_018289355.1,GCF_028201315.1,close_recombination,329,2041395,285498,1326732,111,103,2,2,8e-05,0.9631240849322937,10530,49356,89,56,274968,1277376,22,47,196278,3629388,6462,7754,140128,186,0,47,0,1,55,0
snv_table,GCF_018289355.1,GCF_028395165.1,close_recombination,553,2038981,285144,1325166,191,160,4,4,6.367041198501872e-05,0.9350714025194288,18520,85376,174,125,266624,1239790,17,35,190992,3522156,6222,12849,242883,396,2,33,0,0,125,0
snv_table,GCF_018289355.1,GCF_028395175.1,close_recombination,540,2040956,285433,1326447,185,159,4,4,4.868913857677903e-05,0.9351056114744967,18530,85435,172,124,266903,1241012,13,35,191163,3525630,6243,12859,243050,396,2,33,0,0,124,0
snv_table,GCF_018289355.1,GCF_028395205.1,close_recombination,551,2040682,285395,1326273,189,159,4,4,5.99250936329588e-05,0.9350899630336902,18530,85440,173,124,266865,1240833,16,35,191132,3525130,6237,12861,243063,396,2,33,0,0,124,0
snv_table,GCF_018289355.1,GCF_028395215.1,close_recombination,286,2040839,285413,1326367,103,83,3,3,5.054151624548737e-05,0.9690518651918448,8840,41321,89,53,276573,1285046,14,30,197492,3651151,6495,6507,117294,162,2,28,0,0,53,0
snv_table,GCF_018289355.1,GCF_028395235.1,close_recombination,318,2040226,285321,1325969,110,95,3,3,6.498194945848375e-05,0.9690488958050757,8840,41319,89,53,276481,1284650,21,42,197441,3650026,6483,6507,117288,162,1,41,0,0,53,0
snv_table,GCF_018289355.1,GCF_028395285.1,close_recombination,289,2041347,285488,1326699,101,89,3,3,4.332129963898917e-05,0.9690424816454632,8840,41321,89,53,276648,1285378,12,36,197538,3652101,6495,6507,117294,162,2,34,0,0,53,0
snv_table,GCF_019041415.1,GCF_019041655.1,close_recombination,15,2050103,286590,1332366,4,7,1,1,0.0,0.9995114972608954,154,623,4,1,286436,1331743,0,6,204879,3783618,6732,81,1788,0,0,6,0,0,1,0
snv_table,GCF_019041435.1,GCF_019041605.1,close_recombination,13,2050289,286609,1332479,3,7,1,1,0.0,0.9995499094585306,135,555,3,2,286474,1331924,0,5,204909,3784131,6732,72,1593,0,0,5,0,0,2,0
snv_table,GCF_019041435.1,GCF_019041655.1,close_recombination,18,2050103,286590,1332366,3,11,1,1,0.0,0.9995114972608954,160,653,3,3,286430,1331713,0,8,204876,3783531,6732,84,1875,0,0,8,0,0,3,0
snv_table,GCF_019041535.1,GCF_020560185.1,close_recombination,3406,2035278,284602,1322750,1346,755,21,21,9.947643979057593e-05,0.6691449814126395,94257,437383,1327,675,190345,885367,19,80,136182,2515434,4485,67350,1242612,2187,1,79,0,4,671,0
snv_table,GCF_019041535.1,GCF_028396205.1,close_recombination,3641,2033873,284406,1321834,1432,822,19,19,8.994708994708995e-05,0.6660197042256493,95069,440363,1412,748,189337,881471,20,74,135797,2504155,4461,67608,1251276,2205,2,72,0,5,743,0
snv_table,GCF_019041535.1,GCF_028396285.1,close_recombination,3639,2033843,284406,1321812,1432,820,19,19,8.994708994708995e-05,0.66598454322342,95083,440404,1412,746,189323,881408,20,74,135788,2503981,4455,67613,1251391,2208,2,72,0,5,741,0
snv_table,GCF_019041535.1,GCF_040095755.1,close_recombination,5128,2029171,283734,1318781,1927,1151,25,25,7.954545454545455e-05,0.6168453551565903,109026,504275,1913,1077,174708,814506,14,74,125674,2313758,4086,77236,1433045,2544,2,72,0,5,1072,0
snv_table,GCF_019041605.1,GCF_019041655.1,close_recombination,13,2050103,286590,1332366,2,8,1,1,0.0,0.9999302138944136,34,125,2,1,286556,1332241,0,7,204945,3785046,6732,15,360,0,0,7,0,0,1,0
snv_table,GCF_019041655.1,GCF_019041715.1,close_recombination,18,2050103,286590,1332366,4,9,1,1,0.0,0.9995114972608954,160,653,4,3,286430,1331713,0,6,204876,3783531,6732,84,1875,0,0,6,0,0,3,0
snv_table,GCF_019041655.1,GCF_019041765.1,close_recombination,21,2050103,286590,1332366,4,11,1,1,0.0,0.9995114972608954,160,653,4,3,286430,1331713,0,8,204876,3783531,6732,84,1875,0,0,8,0,0,3,0
snv_table,GCF_019041655.1,GCF_019041855.1,close_recombination,21,2050042,286581,1332324,4,13,1,1,0.0,0.9995428866533371,178,736,4,6,286403,1331588,0,7,204863,3783169,6732,91,2117,0,0,7,0,0,6,0
snv_table,GCF_019042015.1,GCF_021410705.1,close_recombination,1992,2022457,282789,1314379,745,469,6,6,0.0001031390134529,0.7860631071222713,60537,282035,721,395,222252,1032344,24,74,159202,2932733,5097,42856,801776,1473,3,71,0,4,391,0
snv_table,GCF_019042015.1,GCF_040928465.1,close_recombination,1733,2008640,280929,1305284,633,459,5,5,8.888888888888889e-05,0.799597051212228,56373,261038,612,379,224556,1044246,21,80,161059,2966504,5175,39513,742248,1353,4,76,0,1,378,0
snv_table,GCF_019042015.1,GCF_040928505.1,close_recombination,1746,1998456,279667,1298692,634,467,5,5,0.000125,0.7993077481433276,56270,260481,605,372,223397,1038211,29,95,159978,2949516,5139,39445,740648,1350,5,90,0,2,370,0
snv_table,GCF_019042015.1,GCF_047307425.1,close_recombination,2088,2026080,283352,1316741,773,488,9,9,9.734513274336283e-05,0.7958652135859284,57970,272179,749,412,225382,1044562,24,76,160324,2968184,5178,42086,773056,1395,4,72,0,2,410,0
snv_table,GCF_019042015.1,GCF_047310325.1,close_recombination,1916,2026606,283412,1317066,698,502,17,17,0.0001351351351351,0.7848291533174319,61143,282214,664,392,222269,1034852,34,110,159686,2939767,5103,42785,802393,1464,7,103,0,1,391,0
snv_table,GCF_019127815.1,GCF_021410225.1,close_recombination,1604,2047156,286208,1330431,588,389,26,26,7.488986784140969e-05,0.7927800760286225,59519,271929,571,334,226689,1058502,17,55,163605,3006567,5334,41004,773436,1347,1,54,0,2,332,0
snv_table,GCF_019127895.1,GCF_021410225.1,close_recombination,1601,2047095,286201,1330392,587,388,26,26,7.456140350877193e-05,0.7932886328140013,59377,271495,570,332,226824,1058897,17,56,163650,3007689,5352,40952,772204,1329,0,56,0,2,330,0
snv_table,GCF_019128075.1,GCF_019128215.1,close_recombination,4003,2046268,286202,1329949,1617,664,4,4,7.518796992481203e-06,0.9282953997526223,20594,94271,1615,658,265608,1235678,2,6,190033,3510797,6204,14426,267997,390,0,6,0,0,658,0
snv_table,GCF_019128075.1,GCF_019128325.1,close_recombination,4012,2046995,286309,1330415,1620,669,4,4,1.1278195488721805e-05,0.9282628209382171,20604,94289,1617,658,265705,1236126,3,11,190100,3512071,6207,14423,268057,387,1,10,0,0,658,0
snv_table,GCF_019128075.1,GCF_019128615.1,close_recombination,4009,2046196,286195,1329901,1617,669,3,3,1.8796992481203007e-05,0.9283530460001048,20574,94175,1612,657,265621,1235726,5,12,190044,3510927,6207,14409,267729,387,1,11,0,0,657,0
snv_table,GCF_019128075.1,GCF_019128655.1,close_recombination,3995,2045345,286077,1329342,1613,661,3,3,7.518796992481203e-06,0.9283165022004565,20574,94175,1611,657,265503,1235167,2,4,189962,3509335,6204,14409,267729,387,0,4,0,0,657,0
snv_table,GCF_019128075.1,GCF_019128665.1,close_recombination,4005,2047003,286309,1330420,1618,664,4,4,7.518796992481203e-06,0.9282628209382171,20630,94415,1616,659,265679,1236005,2,5,190077,3511731,6207,14447,268411,387,0,5,0,0,659,0
snv_table,GCF_019128075.1,GCF_019128745.1,close_recombination,3999,2045353,286077,1329347,1615,662,3,3,1.1278195488721805e-05,0.9283165022004565,20574,94180,1611,657,265503,1235167,4,5,189962,3509335,6204,14410,267743,387,0,5,0,0,657,0
snv_table,GCF_019128075.1,GCF_019128755.1,close_recombination,4003,2046088,286184,1329818,1619,662,4,4,7.518796992481203e-06,0.9282839012663182,20594,94256,1617,658,265590,1235562,2,4,190019,3510463,6204,14418,267963,387,0,4,0,0,658,0
snv_table,GCF_019128075.1,GCF_019128815.1,close_recombination,3997,2045353,286077,1329347,1614,661,3,3,7.518796992481203e-06,0.9283165022004565,20574,94180,1612,657,265503,1235167,2,4,189962,3509335,6204,14410,267743,387,0,4,0,0,657,0
snv_table,GCF_019128075.1,GCF_021410585.1,close_recombination,4194,2046810,286285,1330294,1692,723,7,7,1.1363636363636365e-05,0.9199573851232163,22984,105481,1689,683,263301,1224813,3,40,188360,3479911,6168,16144,299879,420,1,39,0,0,683,0
snv_table,GCF_019128075.1,GCF_040911985.1,close_recombination,4046,2044581,285971,1328857,1622,692,5,5,1.1278195488721805e-05,0.9281360697413374,20624,94385,1619,657,265347,1234472,3,35,189855,3507369,6192,14440,268325,390,1,34,0,0,657,0
snv_table,GCF_019128215.1,GCF_019128415.1,close_recombination,4002,2046877,286284,1330340,1616,664,4,4,3.7593984962406014e-06,0.9283089519498121,20594,94271,1615,658,265690,1236069,1,6,190109,3511894,6204,14426,267997,390,0,6,0,0,658,0
snv_table,GCF_019128215.1,GCF_021410585.1,close_recombination,210,2047504,286357,1330748,78,74,3,3,1.7605633802816902e-05,0.9916991727109866,2380,11170,71,27,283977,1319578,7,47,202903,3749216,6615,1714,31763,33,1,46,0,0,27,0
snv_table,GCF_019128325.1,GCF_019128415.1,close_recombination,4004,2046869,286284,1330335,1614,668,3,3,7.518796992481203e-06,0.9283788126475807,20574,94175,1612,657,265710,1236160,2,11,190125,3512148,6207,14409,267729,387,1,10,0,0,657,0
snv_table,GCF_019128325.1,GCF_019128615.1,close_recombination,4,2047653,286377,1330846,2,1,1,1,0.0,0.999940637690876,20,91,2,1,286357,1330755,0,0,204615,3780999,6651,16,254,3,0,0,0,0,1,0
snv_table,GCF_019128325.1,GCF_021410585.1,close_recombination,194,2048232,286464,1331215,74,64,3,3,1.0526315789473684e-05,0.9917127457551386,2380,11170,71,26,284084,1320045,3,38,202967,3750553,6615,1714,31763,33,0,38,0,0,26,0
snv_table,GCF_019128325.1,GCF_047307725.1,close_recombination,2841,2046021,286166,1329786,1064,695,39,39,0.000130890052356,0.668003885856461,95235,438172,1036,594,190931,891614,28,101,138185,2532172,4485,66270,1246113,2133,1,100,0,1,593,0
snv_table,GCF_019128415.1,GCF_019128615.1,close_recombination,4008,2046805,286277,1330292,1616,669,4,4,7.518796992481203e-06,0.9282967196107267,20594,94266,1614,658,265683,1236026,2,11,190104,3511770,6204,14425,267983,390,1,10,0,0,658,0
snv_table,GCF_019128415.1,GCF_019128655.1,close_recombination,3994,2045954,286159,1329733,1612,661,3,3,3.7593984962406014e-06,0.928330054270528,20574,94175,1611,657,265585,1235558,1,4,190038,3510432,6204,14409,267729,387,0,4,0,0,657,0
snv_table,GCF_019128415.1,GCF_019128665.1,close_recombination,3995,2047144,286320,1330512,1612,662,3,3,3.7593984962406014e-06,0.9283668622520257,20574,94180,1611,657,265746,1236332,1,5,190144,3512645,6207,14410,267743,387,0,5,0,0,657,0
snv_table,GCF_019128415.1,GCF_019128745.1,close_recombination,3998,2045962,286159,1329738,1614,662,3,3,7.518796992481203e-06,0.928330054270528,20574,94180,1611,657,265585,1235558,3,5,190038,3510432,6204,14410,267743,387,0,5,0,0,657,0
snv_table,GCF_019128415.1,GCF_019128755.1,close_recombination,3995,2046229,286195,1329910,1613,661,3,3,3.7593984962406014e-06,0.9283530460001048,20574,94180,1612,657,265621,1235730,1,4,190057,3510929,6204,14410,267743,387,0,4,0,0,657,0
snv_table,GCF_019128415.1,GCF_019128815.1,close_recombination,3996,2045962,286159,1329738,1613,661,3,3,3.7593984962406014e-06,0.928330054270528,20574,94180,1612,657,265585,1235558,1,4,190038,3510432,6204,14410,267743,387,0,4,0,0,657,0
snv_table,GCF_019128415.1,GCF_021410585.1,close_recombination,4186,2046657,286257,1330195,1686,722,6,6,7.575757575757576e-06,0.9200473700206457,22954,105350,1684,682,263303,1224845,2,40,188391,3479976,6168,16124,299506,420,1,39,0,0,682,0
snv_table,GCF_019128415.1,GCF_040911985.1,close_recombination,4038,2044713,285980,1328943,1616,691,4,4,7.518796992481203e-06,0.9282117630603539,20594,94271,1614,656,265386,1234672,2,35,189899,3507925,6192,14426,267997,390,1,34,0,0,656,0
snv_table,GCF_019128615.1,GCF_021410585.1,close_recombination,198,2047433,286350,1330701,76,65,3,3,1.4084507042253522e-05,0.9916884931028461,2380,11170,71,26,283970,1319531,5,39,202897,3749081,6615,1714,31763,33,0,39,0,0,26,0
snv_table,GCF_019128655.1,GCF_021410585.1,close_recombination,202,2046581,286232,1330141,74,71,3,3,1.056338028169014e-05,0.9917479527096901,2435,11524,71,35,283797,1318617,3,36,202760,3746488,6603,1769,32761,42,1,35,0,0,35,0
snv_table,GCF_019128665.1,GCF_021410585.1,close_recombination,205,2048238,286464,1331219,74,73,3,3,1.0526315789473684e-05,0.9917127457551386,2380,11170,71,27,284084,1320049,3,46,202968,3750564,6615,1714,31763,33,1,45,0,0,27,0
snv_table,GCF_019128665.1,GCF_047307725.1,close_recombination,2850,2046294,286202,1329962,1064,703,39,39,0.000130890052356,0.667640337943131,95329,438615,1036,598,190873,891347,28,105,138123,2531430,4488,66352,1247363,2130,2,103,0,1,597,0
snv_table,GCF_019128745.1,GCF_021410585.1,close_recombination,206,2046589,286232,1330146,76,72,3,3,1.7605633802816902e-05,0.9917479527096901,2435,11524,71,35,283797,1318622,5,37,202761,3746502,6603,1769,32761,42,1,36,0,0,35,0
snv_table,GCF_019128755.1,GCF_021410585.1,close_recombination,201,2047324,286339,1330617,73,71,3,3,7.042253521126761e-06,0.9917265898113774,2435,11524,71,35,283904,1319093,2,36,202826,3747850,6603,1769,32761,42,1,35,0,0,35,0
snv_table,GCF_019128815.1,GCF_021410585.1,close_recombination,202,2046589,286232,1330146,73,71,3,3,7.042253521126761e-06,0.9917479527096901,2435,11524,71,35,283797,1318622,2,36,202761,3746502,6603,1769,32761,42,1,35,0,0,35,0
snv_table,GCF_019129355.1,GCF_021406445.1,close_recombination,411,2018429,282288,1311724,130,123,3,3,5.166051660516605e-05,0.9571784843847418,12179,55325,116,68,270109,1256399,14,55,193345,3569486,6366,8380,157343,252,4,51,0,0,68,0
snv_table,GCF_019129355.1,GCF_028199555.1,close_recombination,412,2022421,282845,1314330,143,125,5,5,5.147058823529412e-05,0.9617988651027948,10831,49411,126,71,272014,1264919,17,54,194516,3593812,6429,7608,140427,198,1,53,0,1,70,0
snv_table,GCF_019129355.1,GCF_047307865.1,close_recombination,596,2022155,282811,1314157,196,186,8,8,7.142857142857143e-05,0.9432801411543398,16050,73319,174,102,266761,1240838,22,84,190936,3525281,6297,11155,208466,336,1,83,0,2,100,0
snv_table,GCF_019129475.1,GCF_019129775.1,close_recombination,6,2023687,282884,1314972,2,4,1,1,0.0,0.9998091090340917,60,205,2,0,282824,1314767,0,4,202090,3735593,6618,28,587,0,0,4,0,0,0,0
snv_table,GCF_019129485.1,GCF_019129775.1,close_recombination,5,2023695,282884,1314977,2,3,1,1,0.0,0.9998091090340917,60,205,2,0,282824,1314772,0,3,202091,3735607,6618,28,587,0,0,3,0,0,0,0
snv_table,GCF_019129515.1,GCF_019129775.1,close_recombination,3,2023708,282884,1314986,2,0,1,1,0.0,0.9998091090340917,60,205,2,0,282824,1314781,0,0,202092,3735633,6618,28,587,0,0,0,0,0,0,0
snv_table,GCF_019129575.1,GCF_019129775.1,close_recombination,2,2023700,282884,1314981,2,0,1,1,0.0,0.9998091090340917,60,205,2,0,282824,1314776,0,0,202091,3735619,6618,28,587,0,0,0,0,0,0,0
snv_table,GCF_019129675.1,GCF_019129775.1,close_recombination,5,2023708,282884,1314986,2,2,1,1,0.0,0.9998091090340917,60,205,2,0,282824,1314781,0,2,202092,3735633,6618,28,587,0,0,2,0,0,0,0
snv_table,GCF_020091465.1,GCF_040094775.1,close_recombination,3001,2041873,285571,1327096,1122,731,30,30,0.0001458333333333,0.6765392844511523,92959,428798,1085,644,192612,898298,37,87,138688,2551595,4611,65434,1218959,2001,1,86,0,3,641,0
snv_table,GCF_020538405.1,GCF_024758205.1,close_recombination,1640,2017816,282156,1311288,594,387,20,20,7.894736842105263e-05,0.8073902380243553,54448,247791,575,343,227708,1063497,19,44,164627,3020485,5379,37023,705111,1239,0,44,0,0,342,1
snv_table,GCF_020538405.1,GCF_028199455.1,close_recombination,1596,2020548,282581,1313092,589,359,25,25,5.531914893617021e-05,0.8313722437106529,47886,217379,575,318,234695,1095713,14,41,169609,3111995,5535,32339,618745,1053,0,41,0,4,314,0
snv_table,GCF_020538405.1,GCF_028200305.1,close_recombination,1589,2020533,282579,1313082,584,359,25,25,4.2553191489361704e-05,0.8313427395524792,47886,217425,574,318,234693,1095657,10,41,169593,3111846,5532,32354,618865,1056,0,41,0,4,314,0
snv_table,GCF_020538405.1,GCF_028200405.1,close_recombination,1526,2020855,282648,1313264,568,343,24,24,5.508474576271186e-05,0.8330149160793637,47367,214997,553,297,235281,1098267,15,46,169977,3119286,5538,31976,611959,1056,1,45,0,2,295,0
snv_table,GCF_020538405.1,GCF_964084965.1,close_recombination,1047,2022574,282864,1314391,387,247,14,14,7.480314960629921e-05,0.8984883194750835,28840,130288,365,208,254024,1184103,22,39,182810,3363523,5976,19321,370901,642,0,39,0,0,208,0
snv_table,GCF_020558905.1,GCF_020559185.1,close_recombination,150,2039839,285250,1325706,62,22,1,1,3.5087719298245615e-06,0.9980368098159509,560,2687,61,18,284690,1323019,1,4,203479,3758972,6606,370,7691,0,0,4,0,0,18,0
snv_table,GCF_020558905.1,GCF_024463175.1,close_recombination,11,2039986,285267,1325803,6,3,1,1,3.496503496503497e-06,0.9997651323146386,108,493,5,2,285159,1325310,1,1,203815,3765506,6609,54,1425,0,0,1,0,0,2,0
snv_table,GCF_020558905.1,GCF_036419465.1,close_recombination,10,2039913,285256,1325754,5,3,1,1,0.0,0.9997686288807247,117,535,5,2,285139,1325219,0,1,203809,3765245,6603,58,1541,6,0,1,0,0,2,0
snv_table,GCF_020559185.1,GCF_024463175.1,close_recombination,159,2039839,285250,1325706,66,25,2,2,0.0,0.9977914110429448,671,3198,66,20,284579,1322508,0,5,203424,3757494,6606,425,9169,0,0,5,0,0,20,0
snv_table,GCF_020559185.1,GCF_029076805.1,close_recombination,151,2039839,285250,1325706,62,22,1,1,3.5087719298245615e-06,0.9980368098159509,560,2687,61,18,284690,1323019,1,4,203479,3758972,6606,370,7691,0,0,4,0,0,18,0
snv_table,GCF_020559185.1,GCF_036419465.1,close_recombination,160,2039766,285239,1325657,67,25,2,2,3.5087719298245615e-06,0.9977948317025371,670,3194,66,20,284569,1322463,1,5,203421,3757362,6606,426,9156,0,0,5,0,0,20,0
snv_table,GCF_020560185.1,GCF_024461205.1,close_recombination,2509,2044897,285905,1328975,950,615,20,20,0.0001791044776119,0.7028208670712299,85007,391889,914,498,200898,937086,36,117,144663,2661786,4809,59717,1114054,1896,1,116,0,1,497,0
snv_table,GCF_020560185.1,GCF_024461385.1,close_recombination,2623,2043874,285769,1328310,986,647,18,18,0.0001764705882352,0.7143182080631559,81669,376885,947,525,204100,951425,39,122,146712,2702664,4899,57550,1071290,1815,0,122,0,1,524,0
snv_table,GCF_020560185.1,GCF_028396205.1,close_recombination,404,2045073,285928,1329078,125,140,2,2,5.319148936170213e-05,0.9835343163313841,4734,21969,110,76,281194,1307109,15,64,201061,3713633,6633,3368,62413,126,1,63,0,1,75,0
snv_table,GCF_020560185.1,GCF_028396285.1,close_recombination,404,2045338,285969,1329246,126,139,2,2,5.673758865248227e-05,0.9835331801698786,4734,21969,110,76,281235,1307277,16,63,201077,3714124,6630,3368,62413,126,1,62,0,1,75,0
snv_table,GCF_020560185.1,GCF_039760315.1,close_recombination,3291,2047071,286167,1330386,1243,792,20,20,0.0001684210526315,0.6642974207368425,96185,444780,1206,678,189982,885606,37,114,136717,2515505,4596,67876,1264328,2136,3,111,0,2,676,0
snv_table,GCF_020560185.1,GCF_040095755.1,close_recombination,2835,2044406,285798,1328639,1036,667,11,11,6.751054852320675e-05,0.8285572327308098,49214,227267,1020,605,236584,1101372,16,62,169931,3128569,5616,34364,646339,1098,1,61,0,3,602,0
snv_table,GCF_020560185.1,GCF_040097405.1,close_recombination,2931,2028919,283690,1318455,1068,723,15,15,6.896551724137931e-05,0.8144100955268074,53125,244487,1052,657,230565,1073968,16,66,165750,3050628,5526,36980,695323,1158,0,66,0,3,654,0
snv_table,GCF_020560185.1,GCF_040098345.1,close_recombination,4072,2043236,285698,1327899,1579,819,20,20,0.0001356783919597,0.6987798304503356,86179,397376,1549,690,199519,930523,30,129,143723,2643049,4797,60484,1129727,1917,0,129,0,2,688,0
snv_table,GCF_020563555.1,GCF_024464715.1,close_recombination,2,2025549,283111,1316367,2,0,1,1,0.0,0.9997845368071181,70,238,2,0,283041,1316129,0,0,202514,3739255,6618,32,682,0,0,0,0,0,0,0
snv_table,GCF_020885715.1,GCF_020885775.1,close_recombination,641,2017074,282102,1310847,269,128,1,1,3.861003861003861e-06,0.9170796378614827,23400,107554,268,117,258702,1203293,1,11,185317,3418445,6117,16298,305890,474,0,11,0,0,117,0
snv_table,GCF_020885715.1,GCF_020885855.1,close_recombination,640,2017074,282102,1310847,267,129,1,1,0.0,0.9170796378614827,23400,107554,267,117,258702,1203293,0,12,185317,3418445,6117,16298,305890,474,0,12,0,0,117,0
snv_table,GCF_021406445.1,GCF_028199555.1,close_recombination,489,2018241,282244,1311606,176,132,5,5,4.0293040293040296e-05,0.9676024999645697,9255,41560,161,75,272989,1270046,15,57,195368,3608353,6417,6352,118142,186,3,54,0,1,74,0
snv_table,GCF_021406445.1,GCF_047307865.1,close_recombination,671,2017946,282213,1311413,225,192,8,8,6.367041198501872e-05,0.9491058172373349,14462,65381,204,105,267751,1246032,21,87,191804,3540007,6285,9879,185940,324,3,84,0,2,103,0
snv_table,GCF_021410115.1,GCF_021411025.1,close_recombination,3258,2033380,284344,1321507,1318,609,23,23,5.0228310502283106e-05,0.7690332836282813,65991,301750,1306,546,218353,1019757,12,63,157866,2896254,5151,45383,858421,1446,1,61,1,1,545,0
snv_table,GCF_021410115.1,GCF_028201035.1,close_recombination,1982,2034925,284566,1322505,807,363,7,7,3.4883720930232556e-05,0.905308434598652,27019,125720,798,293,257547,1196785,9,70,184162,3400184,6009,19216,357338,606,3,67,0,0,293,0
snv_table,GCF_021410115.1,GCF_028396085.1,close_recombination,1684,2029695,283846,1319083,676,309,7,7,2.7237354085603113e-05,0.9027782670884916,27652,129057,668,264,256194,1190026,8,45,183042,3381063,5973,19776,366765,630,1,44,0,1,263,0
snv_table,GCF_021410115.1,GCF_028396095.1,close_recombination,1972,2029117,283774,1318717,804,360,6,6,4.633204633204633e-05,0.9113237999252927,25218,116969,791,299,258556,1201748,13,61,184956,3414249,6039,17815,332525,567,1,60,0,1,298,0
snv_table,GCF_021410115.1,GCF_028396185.1,close_recombination,1992,2029564,283828,1318998,811,370,6,6,5.0193050193050195e-05,0.9113618106740702,25208,116905,797,308,258620,1202093,14,62,185001,3415236,6042,17809,332339,567,1,61,0,1,307,0
snv_table,GCF_021410115.1,GCF_047308905.1,close_recombination,6033,2019315,282480,1312303,2421,1092,37,37,0.0001128205128205,0.6893585386576041,87966,403889,2398,994,194514,908414,23,98,140413,2580275,4554,61332,1148346,1989,0,98,0,3,991,0
snv_table,GCF_021410115.1,GCF_051065055.1,close_recombination,1983,2033987,284432,1321905,812,361,7,7,5.038759689922481e-05,0.9048559936997244,27156,126376,798,295,257276,1195529,14,66,183984,3396606,5997,19301,359215,612,1,65,0,0,295,0
snv_table,GCF_021410225.1,GCF_024790525.1,close_recombination,2747,2026825,283447,1317180,1019,679,35,35,0.0001042654028436,0.7435958045066626,72805,336179,996,578,210642,981001,23,101,151407,2786496,5100,51098,955921,1518,1,100,0,5,573,0
snv_table,GCF_021410225.1,GCF_028199465.1,close_recombination,1864,2026541,283439,1317013,695,446,35,35,0.0001063829787234,0.8330187447740078,47565,217891,661,337,235874,1099122,34,109,169578,3122115,5673,32890,619865,918,2,107,0,1,336,0
snv_table,GCF_021410225.1,GCF_028199675.1,close_recombination,1891,2027863,283615,1317858,705,458,36,36,0.0001025641025641,0.8237575586622711,50367,230841,679,367,233248,1087017,26,91,167699,3087727,5625,34898,656635,990,1,90,0,2,365,0
snv_table,GCF_021410225.1,GCF_964238155.1,close_recombination,2390,2048204,286367,1331107,902,610,36,36,8e-05,0.6972870477394393,86947,400210,886,526,199420,930897,16,84,143862,2644086,4743,60855,1137849,1926,0,84,0,5,521,0
snv_table,GCF_021410225.1,GCF_964241015.1,close_recombination,2390,2048204,286367,1331107,902,611,36,36,8e-05,0.6972870477394393,86947,400210,886,526,199420,930897,16,85,143862,2644086,4743,60855,1137849,1926,0,85,0,5,521,0
snv_table,GCF_021410225.1,GCF_964249005.1,close_recombination,2391,2048204,286367,1331107,902,610,36,36,8e-05,0.6972870477394393,86947,400210,886,526,199420,930897,16,84,143862,2644086,4743,60855,1137849,1926,0,84,0,5,521,0
snv_table,GCF_021410585.1,GCF_040911985.1,close_recombination,200,2045856,286134,1329681,74,67,3,3,7.042253521126761e-06,0.9917031880168033,2380,11170,71,26,283754,1318511,3,41,202740,3746190,6603,1714,31763,33,0,41,0,0,26,0
snv_table,GCF_021410705.1,GCF_040928465.1,close_recombination,1118,2013619,281535,1308546,428,275,5,5,7.053941908713692e-05,0.8557728168788961,40666,190164,410,216,240869,1118382,18,59,172002,3177492,5652,29164,540416,912,1,58,0,1,215,0
snv_table,GCF_021410705.1,GCF_040928505.1,close_recombination,1145,2003453,280277,1301973,434,289,5,5,0.0001,0.8549042554330181,40697,190202,409,208,239580,1111771,25,81,170855,3158854,5604,29161,540524,921,3,78,0,1,207,0
snv_table,GCF_021410705.1,GCF_047307425.1,close_recombination,815,2031301,283986,1320155,290,213,6,6,9.16030534351145e-05,0.9209608924383597,22507,103269,264,143,261479,1216886,26,70,187500,3457068,6090,15522,293772,513,1,69,0,2,141,0
snv_table,GCF_021410705.1,GCF_047310325.1,close_recombination,2252,2030152,283787,1319383,851,541,18,18,0.0001220657276995,0.7504219714081336,70942,328984,823,455,212845,990399,28,86,153291,2812914,4992,49652,935707,1593,3,83,0,2,453,0
snv_table,GCF_021411025.1,GCF_028201035.1,close_recombination,1492,2033702,284386,1321721,566,343,23,23,5.3278688524590167e-05,0.8550350579845702,41487,188579,553,287,242899,1133142,13,56,175202,3218500,5724,28068,536775,894,2,53,1,1,286,0
snv_table,GCF_021411025.1,GCF_028396085.1,close_recombination,1963,2028476,283664,1318304,771,423,26,26,5.106382978723405e-05,0.8282686558745558,49090,224210,759,374,234574,1094094,12,49,169078,3107669,5535,33637,637928,1065,0,48,1,2,372,0
snv_table,GCF_021411025.1,GCF_028396095.1,close_recombination,1563,2027920,283603,1317950,591,352,22,22,6.722689075630252e-05,0.8363099120954292,46736,213365,575,303,236867,1104585,16,49,170730,3137457,5568,31935,607122,1038,0,48,1,2,301,0
snv_table,GCF_021411025.1,GCF_028396185.1,close_recombination,1552,2028379,283658,1318239,586,351,21,21,6.751054852320675e-05,0.8349843826015836,47042,214740,570,301,236616,1103499,16,50,170532,3134394,5571,32173,611009,1038,0,49,1,2,299,0
snv_table,GCF_021411025.1,GCF_047308905.1,close_recombination,5012,2019397,282479,1312361,1970,954,41,41,0.0001295336787564,0.6821746041298645,90058,412653,1945,876,192421,899708,25,78,139171,2555405,4548,62580,1173378,2001,1,76,1,2,874,0
snv_table,GCF_021411025.1,GCF_051065055.1,close_recombination,1495,2032764,284252,1321121,571,342,23,23,6.224066390041494e-05,0.8468541997945485,43884,200254,556,290,240368,1120867,15,52,173302,3183686,5613,29875,569888,999,0,51,1,1,289,0
snv_table,GCF_021891045.1,GCF_021891195.1,close_recombination,2035,1947555,272370,1265674,729,500,33,33,0.0001136363636363,0.8164628997319823,50193,232083,695,440,222177,1033591,34,60,159267,2936340,5166,35291,659758,1200,0,60,0,4,436,0
snv_table,GCF_021891045.1,GCF_027660715.1,close_recombination,103,2035127,284602,1322660,30,43,2,2,3.8732394366197184e-05,0.9973928503664767,764,3468,19,15,283838,1319192,11,28,202859,3748099,6618,528,9870,6,0,28,0,0,15,0
snv_table,GCF_021891045.1,GCF_027671015.1,close_recombination,628,2034616,284530,1322335,213,180,14,14,5.747126436781609e-05,0.9186026078093699,23160,107603,195,137,261370,1214732,18,43,186960,3451209,6027,16378,305852,579,1,42,0,1,136,0
snv_table,GCF_021891045.1,GCF_027686305.1,close_recombination,82,2035300,284636,1322774,20,38,1,1,4.210526315789474e-05,0.9995221967706123,155,645,8,18,284481,1322129,12,20,203292,3756474,6621,84,1851,0,0,20,0,0,18,0
snv_table,GCF_021891045.1,GCF_030541685.1,close_recombination,658,2035049,284595,1322609,226,178,14,14,5.747126436781609e-05,0.9182171155501678,23280,108118,208,138,261315,1214491,18,40,186958,3450488,6027,16417,307343,594,0,40,0,0,138,0
snv_table,GCF_021891045.1,GCF_030546205.1,close_recombination,655,2034885,284565,1322498,225,176,14,14,6.153846153846154e-05,0.9159594468750549,23922,111133,206,140,260643,1211365,19,36,186483,3441603,6009,16882,315905,612,0,36,0,0,140,0
snv_table,GCF_021891045.1,GCF_040921925.1,close_recombination,1204,2018951,282454,1312209,414,305,17,17,0.0001056910569105,0.8685662090110248,37186,171968,388,252,245268,1140241,26,53,175453,3239654,5616,26173,488834,897,2,51,0,0,252,0
snv_table,GCF_021891045.1,GCF_040921935.1,close_recombination,1185,2032340,284227,1320861,410,291,18,18,8.502024291497975e-05,0.8678978422176641,37583,173387,389,244,246644,1147474,21,47,176734,3259997,5691,26351,492904,906,0,47,0,1,243,0
snv_table,GCF_021891045.1,GCF_047307925.1,close_recombination,646,2034277,284485,1322130,221,172,14,14,6.513409961685824e-05,0.9181854930839939,23280,108155,201,125,261205,1213975,20,47,186863,3449056,6006,16438,307430,597,3,44,0,0,125,0
snv_table,GCF_021891045.1,GCF_047638235.1,close_recombination,1436,2029525,283861,1319020,492,380,22,22,9.504132231404958e-05,0.8591881237648004,40040,184029,463,325,243821,1134991,29,55,174896,3224464,5613,27857,523252,978,2,53,0,3,322,0
snv_table,GCF_021891195.1,GCF_027660715.1,close_recombination,1967,1947163,272312,1265414,703,484,33,33,9.95475113122172e-05,0.8142498310761186,50904,235644,678,424,221408,1029770,25,60,158496,2925660,5154,36038,669685,1209,0,60,0,4,420,0
snv_table,GCF_021891195.1,GCF_027671015.1,close_recombination,1604,1946826,272259,1265196,580,395,26,26,9.205020920502092e-05,0.8745716395050301,34467,158740,558,332,237792,1106456,22,63,170358,3143430,5580,24140,451294,786,2,61,0,4,328,0
snv_table,GCF_021891195.1,GCF_027686305.1,close_recombination,2022,1947324,272346,1265523,720,494,34,34,0.0001136363636363,0.8070248874593349,52865,244751,695,438,219481,1020772,25,56,157273,2899952,5091,37246,695738,1269,0,56,0,4,434,0
snv_table,GCF_021891195.1,GCF_027686505.1,close_recombination,2005,1946542,272222,1265014,718,485,34,34,0.0001090909090909,0.8073190263828787,52711,244065,694,426,219511,1020949,24,59,157247,2900506,5094,37219,693719,1257,1,58,0,4,422,0
snv_table,GCF_021891195.1,GCF_030541685.1,close_recombination,1557,1947259,272324,1265470,567,378,25,25,9.205020920502092e-05,0.876896637828469,33846,155854,544,328,238478,1109616,23,50,170840,3152410,5598,23695,443084,783,1,49,0,3,325,0
snv_table,GCF_021891195.1,GCF_030546205.1,close_recombination,1556,1947095,272294,1265359,568,376,25,25,9.205020920502092e-05,0.8743123241790124,34536,158876,546,329,237758,1106483,22,47,170411,3143464,5574,24114,451707,807,1,46,0,3,326,0
snv_table,GCF_021891195.1,GCF_040921925.1,close_recombination,1219,1932159,270313,1255717,457,295,21,21,7.024793388429752e-05,0.8916700269687362,29411,135284,440,240,240902,1120433,17,55,172307,3183358,5634,20592,384585,675,1,54,0,5,235,0
snv_table,GCF_021891195.1,GCF_040921935.1,close_recombination,1217,1944804,271991,1263880,457,290,20,20,8.19672131147541e-05,0.8946251898040743,28792,132462,437,235,243199,1131418,20,55,174125,3214414,5715,20147,376570,669,1,54,0,4,231,0
snv_table,GCF_021891195.1,GCF_047307925.1,close_recombination,1562,1946414,272201,1264947,567,381,25,25,9.205020920502092e-05,0.8767050819063854,33889,156199,545,330,238312,1108748,22,51,170694,3149961,5589,23769,444048,780,2,49,0,5,325,0
snv_table,GCF_021891195.1,GCF_047308905.1,close_recombination,5002,1932482,270334,1255808,1933,1017,42,42,0.0001311475409836,0.6758676304127487,87935,404727,1909,927,182399,851081,24,90,131620,2417246,4377,61369,1150871,1941,2,88,0,5,922,0
snv_table,GCF_021891195.1,GCF_047638235.1,close_recombination,1283,1942162,271646,1262155,461,338,22,22,0.0001142857142857,0.900804723794939,27131,125354,432,271,244515,1136801,29,67,174895,3229760,5748,19058,356377,627,3,64,0,4,267,0
snv_table,GCF_021891215.1,GCF_047308005.1,close_recombination,587,2030002,284001,1319416,210,158,9,9,7.434944237918216e-05,0.9452431505522868,15594,72047,190,104,268407,1247369,20,54,191918,3543967,6222,10956,204831,354,2,52,0,0,104,0
snv_table,GCF_021891245.1,GCF_028199635.1,close_recombination,2906,2047069,286283,1330343,1108,656,31,31,0.0001139896373056,0.670769832648114,94533,436836,1085,573,191750,893507,23,83,138256,2537675,4590,66242,1242148,2118,3,80,0,3,569,1
snv_table,GCF_021891245.1,GCF_028200395.1,close_recombination,2976,2046971,286269,1330280,1128,677,32,32,0.000109375,0.669195756438874,94971,438711,1107,596,191298,891569,21,81,137984,2532154,4569,66502,1247498,2133,3,78,0,4,591,1
snv_table,GCF_021891245.1,GCF_047309325.1,close_recombination,2656,2046317,286205,1329868,972,621,15,15,0.0001287128712871,0.7034118900787897,84969,395147,945,523,201236,934721,27,98,143693,2655721,4749,60747,1122762,1932,3,95,0,4,519,0
snv_table,GCF_021891245.1,GCF_964238335.1,close_recombination,2638,2047242,286289,1330455,968,606,15,15,0.000105,0.6970927978371506,86787,403135,947,523,199502,927320,21,83,142678,2634542,4740,61857,1145595,1953,4,79,0,4,519,0
snv_table,GCF_021891245.1,GCF_964238845.1,close_recombination,2797,2047262,286294,1330470,1035,639,16,16,0.0001139896373056,0.6736781071206522,93497,434660,1012,558,192797,895810,23,81,137674,2545229,4527,66863,1234957,2160,4,77,0,4,554,0
snv_table,GCF_021891295.1,GCF_028201295.1,close_recombination,2961,2046314,286066,1329899,1115,673,39,39,8.290155440414508e-05,0.672397278949613,94193,435796,1098,605,191873,894103,17,68,137838,2539794,4677,66733,1238651,2004,1,67,0,1,604,0
snv_table,GCF_022135985.1,GCF_028199515.1,close_recombination,1454,2050746,286730,1332790,552,342,23,23,8.097165991902834e-05,0.8593101524081889,40585,186633,532,272,246145,1146157,20,70,176695,3256040,5736,28291,530666,942,2,68,0,2,270,0
snv_table,GCF_022135985.1,GCF_028201265.1,close_recombination,956,2049572,286541,1332028,367,213,16,16,6.94980694980695e-05,0.9017208706607431,28272,130812,349,160,258269,1201216,18,53,184962,3412653,6033,19926,371865,645,2,51,0,1,159,0
snv_table,GCF_023668565.1,GCF_023668715.1,close_recombination,5,2045447,286120,1329438,2,1,1,1,0.0,0.9997902977771564,60,205,2,0,286060,1329233,0,1,204452,3776632,6615,28,587,0,0,1,0,0,0,0
snv_table,GCF_023668565.1,GCF_023669385.1,close_recombination,8,2045295,286086,1329329,2,3,1,1,0.0,0.9998042546646813,60,205,2,0,286026,1329124,0,3,204422,3776335,6615,28,587,0,0,3,0,0,0,0
snv_table,GCF_023668565.1,GCF_023669405.1,close_recombination,11,2046383,286224,1330037,2,7,1,1,0.0,0.9998113365755492,60,205,2,0,286164,1329832,0,7,204546,3778332,6618,28,587,0,1,6,0,0,0,0
snv_table,GCF_023668565.1,GCF_023669435.1,close_recombination,28,2046145,286225,1329896,7,8,1,1,0.0,0.9999475936763036,20,98,7,5,286205,1329798,0,3,204497,3778294,6603,14,280,0,0,3,0,0,5,0
snv_table,GCF_023668585.1,GCF_023668715.1,close_recombination,5,2045467,286122,1329452,2,1,1,1,0.0,0.9998182593439162,60,205,2,0,286062,1329247,0,1,204453,3776673,6615,28,587,0,0,1,0,0,0,0
snv_table,GCF_023668585.1,GCF_023669385.1,close_recombination,8,2045315,286088,1329343,2,3,1,1,0.0,0.9997972651771483,60,205,2,0,286028,1329138,0,3,204423,3776376,6615,28,587,0,0,3,0,0,0,0
snv_table,GCF_023668585.1,GCF_023669405.1,close_recombination,11,2046194,286199,1329915,2,7,1,1,0.0,0.9997938497339264,60,205,2,0,286139,1329710,0,7,204532,3777980,6618,28,587,0,1,6,0,0,0,0
snv_table,GCF_023668585.1,GCF_023669435.1,close_recombination,28,2045716,286164,1329617,7,8,1,1,0.0,0.9999510770047945,20,100,7,5,286144,1329517,0,3,204467,3777481,6603,14,286,0,0,3,0,0,5,0
snv_table,GCF_023668665.1,GCF_023669435.1,close_recombination,35,2045974,286196,1329790,10,12,2,2,3.484320557491289e-06,0.9996995066318187,90,326,9,5,286106,1329464,1,7,204458,3777334,6600,43,932,3,0,7,0,0,5,0
snv_table,GCF_023668715.1,GCF_023669435.1,close_recombination,27,2044906,286073,1329096,9,7,2,2,0.0,0.9997098642654147,90,347,9,5,285983,1328749,0,2,204350,3775306,6591,50,982,9,0,2,0,0,5,0
snv_table,GCF_023669385.1,GCF_023669435.1,close_recombination,24,2044699,286031,1328951,9,5,2,2,0.0,0.9997517751572382,80,307,9,5,285951,1328644,0,0,204321,3775008,6603,44,877,0,0,0,0,0,5,0
snv_table,GCF_023669405.1,GCF_023669435.1,close_recombination,28,2045657,286157,1329580,9,9,2,2,0.0,0.999730916944195,80,320,9,5,286077,1329260,0,4,204426,3776757,6597,49,905,6,1,3,0,0,5,0
snv_table,GCF_024022975.1,GCF_024759565.1,close_recombination,2154,2017790,282096,1311231,774,563,36,36,0.0001284403669724,0.774559015370654,64047,297677,741,442,218049,1013554,33,121,156222,2879364,5076,45318,846225,1488,1,120,0,2,440,0
snv_table,GCF_024022975.1,GCF_024789245.1,close_recombination,2169,2013490,281537,1308412,775,576,36,36,0.0001402714932126,0.7857581774331616,60748,282385,739,436,220789,1026027,36,140,158061,2914908,5112,43011,802728,1416,1,137,2,2,434,0
snv_table,GCF_024047355.1,GCF_028199355.1,close_recombination,1442,2046027,286049,1329710,544,351,17,17,0.0001166666666666,0.8414642246608098,45613,211700,513,273,240436,1118010,31,78,172188,3176103,5739,32322,601824,954,1,77,0,4,268,1
snv_table,GCF_024047355.1,GCF_028200155.1,close_recombination,1512,2045934,286036,1329651,564,373,18,18,0.0001083333333333,0.84087317680292,45784,212409,535,300,240252,1117242,29,73,172079,3173908,5739,32417,603856,954,1,72,0,5,294,1
snv_table,GCF_024047355.1,GCF_028200165.1,close_recombination,1432,2046095,286060,1329757,541,345,17,17,0.0001083333333333,0.8414318674403971,45624,211763,512,273,240436,1117994,29,72,172181,3176062,5739,32332,602003,954,1,71,0,4,268,1
snv_table,GCF_024047355.1,GCF_964252195.1,close_recombination,1388,2049166,286511,1331769,507,330,21,21,0.000112970711297,0.8338946846717927,47838,220929,480,248,238673,1110840,27,82,171256,3155669,5595,33563,628144,1080,0,81,1,4,243,1
snv_table,GCF_024047375.1,GCF_024461205.1,close_recombination,3411,2043622,285734,1328143,1283,811,26,26,0.0001182266009852,0.710275990956624,83015,383256,1259,723,202719,944887,24,88,145705,2684042,4914,58555,1089425,1788,2,86,0,5,718,0
snv_table,GCF_024047375.1,GCF_024461385.1,close_recombination,3147,2043766,285755,1328242,1198,735,24,24,0.0001116504854368,0.7194274815838743,80395,371035,1175,651,205360,957207,23,84,147658,2718983,4980,56618,1054756,1731,1,83,0,3,648,0
snv_table,GCF_024047375.1,GCF_028396205.1,close_recombination,3673,2044564,285878,1328753,1379,856,25,25,0.0001153846153846,0.6393286646751412,103504,477604,1354,777,182374,851149,25,79,131429,2417515,4503,72961,1357637,2214,2,77,0,3,774,0
snv_table,GCF_024047375.1,GCF_039760295.1,close_recombination,3551,2047144,286192,1330434,1346,829,30,30,8.290155440414508e-05,0.6735687929781405,93805,432867,1330,745,192387,897567,16,84,138605,2549368,4728,66000,1230618,1983,5,79,0,3,742,0
snv_table,GCF_024047375.1,GCF_039760315.1,close_recombination,3558,2047198,286197,1330475,1348,830,30,30,9.32642487046632e-05,0.6739064350779358,93721,432372,1330,746,192476,898103,18,84,138683,2550892,4734,65927,1229206,1983,5,79,0,3,743,0
snv_table,GCF_024047375.1,GCF_039760335.1,close_recombination,3572,2047440,286250,1330632,1350,843,30,30,0.0001088082901554,0.6736419213973799,93754,432467,1329,750,192496,898165,21,93,138706,2551049,4740,65916,1229508,1977,6,87,0,3,747,0
snv_table,GCF_024047375.1,GCF_040098345.1,close_recombination,4509,2043523,285743,1328089,1760,887,29,29,8.737864077669902e-05,0.7184078000160984,80621,371375,1742,782,205122,956714,18,105,147857,2717290,4995,56390,1056022,1713,1,104,0,4,778,0
snv_table,GCF_024461205.1,GCF_024461385.1,close_recombination,312,2044725,285870,1328859,109,86,2,2,7.067137809187279e-06,0.9874418441949138,3590,16175,107,80,282280,1312684,2,6,202047,3729345,6660,2327,46117,81,1,5,0,2,78,0
snv_table,GCF_024461205.1,GCF_028396205.1,close_recombination,2596,2039805,285224,1325663,976,640,20,20,0.000167487684729,0.7108798698566741,82485,379390,942,532,202739,946273,34,108,146187,2687760,4872,57724,1078613,1833,2,106,0,2,530,0
snv_table,GCF_024461205.1,GCF_028396285.1,close_recombination,2593,2039783,285222,1325649,976,638,20,20,0.000167487684729,0.7108848546044835,82485,379390,942,532,202737,946259,34,106,146185,2687720,4872,57724,1078613,1833,2,104,0,2,530,0
snv_table,GCF_024461205.1,GCF_039760295.1,close_recombination,2292,2041622,285419,1326853,844,571,15,15,0.0001396396396396,0.777313353350688,63637,291677,813,468,221782,1035176,31,103,160088,2940190,5250,43986,829584,1461,5,98,0,2,466,0
snv_table,GCF_024461205.1,GCF_039760315.1,close_recombination,2298,2041610,285417,1326848,845,573,15,15,0.0001434977578475,0.7845713464860187,61566,282636,808,465,223851,1044212,37,108,161422,2965904,5310,42650,803857,1401,5,103,0,2,463,0
snv_table,GCF_024461205.1,GCF_039760335.1,close_recombination,2311,2042637,285587,1327511,847,584,15,15,0.0001651785714285,0.782458585299751,62202,285500,809,472,223385,1042011,38,112,161081,2959654,5298,43059,812028,1413,6,106,0,2,470,0
snv_table,GCF_024461205.1,GCF_040095755.1,close_recombination,4091,2039077,285080,1325186,1511,975,19,19,0.0001612903225806,0.6536060053318367,98977,457286,1478,875,186103,867900,33,100,134137,2465042,4521,69647,1300069,2142,2,98,0,4,871,0
snv_table,GCF_024461205.1,GCF_040098345.1,close_recombination,1915,2038118,284994,1324575,738,344,5,5,6.934306569343065e-05,0.9613886608139118,11020,50098,719,248,273974,1274477,19,96,196340,3620614,6477,7389,142671,234,1,95,0,3,245,0
snv_table,GCF_024461385.1,GCF_028396205.1,close_recombination,2293,2039924,285242,1325745,867,559,17,17,0.0001770334928229,0.7298013616508088,77090,355119,830,445,208152,970626,37,114,149709,2757174,4995,54214,1009430,1713,1,113,0,0,445,0
snv_table,GCF_024461385.1,GCF_028396285.1,close_recombination,2290,2039902,285240,1325731,867,557,17,17,0.0001770334928229,0.7297714205581265,77090,355119,830,445,208150,970612,37,112,149707,2757134,4995,54214,1009430,1713,1,111,0,0,445,0
snv_table,GCF_024461385.1,GCF_039760295.1,close_recombination,1990,2041732,285436,1326930,735,489,13,13,0.0001283185840707,0.789809274233103,60071,275574,705,388,225365,1051356,30,101,162439,2986295,5334,41646,783696,1380,4,97,0,0,388,0
snv_table,GCF_024461385.1,GCF_039760315.1,close_recombination,1996,2041745,285437,1326942,736,491,13,13,0.0001453744493392,0.7971636473197238,57976,266438,699,385,227461,1060504,37,106,163762,3012350,5400,40325,757669,1320,4,102,0,0,385,0
snv_table,GCF_024461385.1,GCF_039760335.1,close_recombination,2009,2042781,285608,1327610,738,502,13,13,0.0001578947368421,0.7950757681857651,58604,269272,701,390,227004,1058338,37,112,163428,3006198,5388,40728,765756,1332,5,107,0,0,390,0
snv_table,GCF_024461385.1,GCF_040095755.1,close_recombination,4268,2038090,284951,1324543,1576,1018,21,21,0.0001505376344086,0.6495502735558043,100078,462075,1548,925,184873,862468,28,93,133371,2449554,4479,70300,1313729,2196,1,92,0,4,921,0
snv_table,GCF_024461385.1,GCF_040098345.1,close_recombination,1611,2038231,285009,1324654,629,262,3,3,6.474820143884892e-05,0.9739692430765344,7425,33891,611,169,277584,1290763,18,93,198685,3667037,6567,5058,96462,153,0,93,0,1,168,0
snv_table,GCF_024463175.1,GCF_029076805.1,close_recombination,12,2040117,285283,1325890,6,3,1,1,3.496503496503497e-06,0.9997791666520612,114,523,5,2,285169,1325367,1,1,203828,3765661,6612,55,1514,0,0,1,0,0,2,0
snv_table,GCF_024758205.1,GCF_028199455.1,close_recombination,1641,2017963,282187,1311420,579,401,29,29,4.090909090909091e-05,0.7794831087186865,62598,286063,570,355,219589,1025357,9,46,158712,2912148,5211,42975,813852,1362,0,46,0,4,350,1
snv_table,GCF_024758205.1,GCF_028200305.1,close_recombination,1648,2017948,282185,1311410,582,403,33,33,3.125e-05,0.7938054822191116,58670,268234,575,358,223515,1043176,7,45,161389,2962859,5280,40297,763112,1293,0,45,0,4,353,1
snv_table,GCF_024758205.1,GCF_028200405.1,close_recombination,1574,2018270,282254,1311592,556,386,27,27,3.703703703703704e-05,0.7627172688429571,67377,308774,547,342,214877,1002818,9,44,155228,2848168,5058,46464,878337,1521,0,44,0,3,338,1
snv_table,GCF_024758205.1,GCF_964084965.1,close_recombination,974,2020069,282486,1312771,331,267,14,14,9.67741935483871e-05,0.8751584149302974,35315,161684,306,226,247171,1151087,25,41,177765,3269664,5832,24108,460173,771,0,41,0,0,225,1
snv_table,GCF_024790525.1,GCF_028199465.1,close_recombination,1500,2026485,283435,1316984,552,366,8,8,6.910569105691057e-05,0.8653835976502549,38233,175452,534,329,245202,1141532,18,37,175937,3242926,5733,26500,498983,873,1,36,0,2,327,0
snv_table,GCF_024790525.1,GCF_028199675.1,close_recombination,1527,2027736,283596,1317784,561,378,8,8,6.477732793522267e-05,0.8684537158493068,37383,171792,543,337,246213,1145992,18,41,176629,3255545,5802,25934,488614,828,1,40,0,2,335,0
snv_table,GCF_027660715.1,GCF_027671015.1,close_recombination,639,2034475,284507,1322241,213,181,15,15,2.6923076923076923e-05,0.9109441946946824,25359,117663,206,133,259148,1204578,7,48,185393,3422356,5985,17941,334427,621,1,47,0,1,132,0
snv_table,GCF_027660715.1,GCF_027686305.1,close_recombination,88,2034834,284569,1322472,20,35,1,1,2.464788732394366e-05,0.997859921495314,610,2835,13,5,283959,1319637,7,30,202901,3749395,6615,445,8054,6,0,30,0,0,5,0
snv_table,GCF_027660715.1,GCF_027686505.1,close_recombination,79,2034460,284506,1322230,21,30,1,1,2.8169014084507043e-05,0.9978699921970011,610,2835,13,5,283896,1319395,8,25,202871,3748708,6606,445,8054,6,1,24,0,0,5,0
snv_table,GCF_027660715.1,GCF_030541685.1,close_recombination,593,2034866,284567,1322487,200,165,15,15,2.6717557251908397e-05,0.9183426047292904,23259,107772,193,127,261308,1214715,7,38,187013,3451099,6033,16355,306376,585,0,38,0,0,127,0
snv_table,GCF_027660715.1,GCF_030546205.1,close_recombination,592,2034702,284537,1322376,201,163,14,14,4.9429657794676805e-05,0.9234299932873404,21847,101443,188,124,262690,1220933,13,39,187944,3468804,6051,15414,288348,567,0,39,0,0,124,0
snv_table,GCF_027660715.1,GCF_040921925.1,close_recombination,1215,2018768,282426,1312087,415,305,19,19,6.910569105691057e-05,0.8683336520008781,37337,172508,398,250,245089,1139579,17,55,175373,3237751,5613,26246,490381,897,1,54,0,1,249,0
snv_table,GCF_027660715.1,GCF_040921935.1,close_recombination,1211,2032225,284209,1320782,415,299,20,20,4.858299595141701e-05,0.8668972481518882,37972,175314,403,249,246237,1145468,12,50,176410,3254303,5691,26672,498367,903,0,50,0,1,248,0
snv_table,GCF_027660715.1,GCF_047307925.1,close_recombination,598,2034010,284445,1321955,199,169,14,14,4.9429657794676805e-05,0.9244317882191636,21516,99944,186,121,262929,1222011,13,48,188084,3471901,6048,15205,284075,552,3,45,0,0,121,0
snv_table,GCF_027660715.1,GCF_047638235.1,close_recombination,1369,2029151,283805,1318772,465,366,24,24,6.122448979591836e-05,0.8639382674723842,38793,178608,447,306,245012,1140164,18,60,175635,3239223,5634,27096,507771,957,2,58,0,3,303,0
snv_table,GCF_027671015.1,GCF_027686305.1,close_recombination,617,2034290,284492,1322124,203,175,14,14,4.580152671755725e-05,0.9212561337401404,22420,104158,188,134,262072,1217966,15,41,187450,3460421,6027,15846,296052,576,1,40,0,1,133,0
snv_table,GCF_027671015.1,GCF_027686505.1,close_recombination,601,2034166,284467,1322041,202,168,16,16,3.816793893129771e-05,0.9207043347734535,22588,104711,192,125,261879,1217330,10,43,187376,3458566,6048,15919,297659,555,2,41,0,1,124,0
snv_table,GCF_027671015.1,GCF_028201035.1,close_recombination,3418,2034193,284480,1322051,1286,748,41,41,0.0001212121212121,0.6975534308211474,86372,399606,1257,634,198108,922445,29,114,142336,2620316,4683,60952,1135964,1902,3,111,0,6,628,0
snv_table,GCF_027671015.1,GCF_028396085.1,close_recombination,3873,2029090,283778,1318712,1483,838,44,44,0.0001269841269841,0.664780215520583,95646,443453,1457,738,188132,875259,26,100,134865,2486478,4434,67879,1260338,2142,1,99,0,7,731,0
snv_table,GCF_027671015.1,GCF_028396095.1,close_recombination,3483,2028404,283696,1318277,1311,767,41,41,0.0001546391752577,0.688307202075461,88717,411461,1272,659,194979,906816,39,108,139727,2576119,4602,62954,1169452,1977,2,106,0,6,653,0
snv_table,GCF_027671015.1,GCF_028396185.1,close_recombination,3502,2028844,283749,1318553,1316,774,42,42,0.0001391752577319,0.687896697433295,88895,412244,1281,668,194854,906309,35,106,139661,2574649,4617,63058,1171712,1962,2,104,0,6,662,0
snv_table,GCF_027671015.1,GCF_030541685.1,close_recombination,101,2034529,284514,1322269,25,46,1,1,3.5211267605633805e-05,0.9978770816198851,610,2835,13,5,283904,1319434,12,41,202887,3748800,6615,445,8054,6,2,39,0,0,5,0
snv_table,GCF_027671015.1,GCF_030546205.1,close_recombination,98,2034365,284484,1322158,26,44,1,1,4.577464788732394e-05,0.9978768577494692,610,2835,13,5,283874,1319323,13,39,202877,3748477,6615,445,8054,6,2,37,0,0,5,0
snv_table,GCF_027671015.1,GCF_040921925.1,close_recombination,722,2018524,282382,1311926,243,188,6,6,7.835820895522388e-05,0.9521145115481865,13647,62744,219,132,268735,1249182,24,56,192040,3549302,6204,9552,178362,318,3,53,0,1,131,0
snv_table,GCF_027671015.1,GCF_040921935.1,close_recombination,714,2031829,284147,1320526,242,182,7,7,5.5762081784386615e-05,0.9489454402122844,14634,66890,224,135,269513,1253636,18,47,192919,3561737,6252,10124,190201,345,1,46,0,2,133,0
snv_table,GCF_027671015.1,GCF_047307925.1,close_recombination,107,2033694,284394,1321747,24,50,1,1,3.8732394366197184e-05,0.9978761858548352,610,2835,13,5,283784,1318912,11,45,202812,3747321,6603,445,8054,6,5,40,0,0,5,0
snv_table,GCF_027671015.1,GCF_047308905.1,close_recombination,5081,2019000,282431,1312120,1994,942,39,39,0.0001576354679802,0.7209902595678237,79283,364689,1959,846,203148,947431,35,96,146275,2691173,4845,55438,1036946,1683,3,93,0,4,842,0
snv_table,GCF_027671015.1,GCF_047638235.1,close_recombination,953,2028814,283752,1318554,316,261,13,13,7.547169811320755e-05,0.9370506639600779,18050,82160,292,200,265702,1236394,24,61,190345,3512669,6168,12350,233704,426,3,58,0,4,196,0
snv_table,GCF_027671015.1,GCF_051065055.1,close_recombination,3420,2033350,284360,1321511,1291,746,41,41,0.0001313131313131,0.6966872977915318,86602,400624,1259,634,197758,920887,32,112,142102,2615903,4656,61101,1138845,1926,2,110,0,5,629,0
snv_table,GCF_027686305.1,GCF_027686505.1,close_recombination,22,2034519,284514,1322269,5,10,1,1,3.5087719298245615e-06,0.9994938737636813,171,719,4,9,284343,1321550,1,1,203220,3754818,6612,100,2057,0,1,0,0,0,9,0
snv_table,GCF_027686305.1,GCF_030541685.1,close_recombination,645,2034705,284555,1322386,216,171,14,14,4.597701149425287e-05,0.9203141747641054,22694,105318,201,134,261861,1217068,15,37,187353,3457815,6036,15978,299397,579,0,37,0,0,134,0
snv_table,GCF_027686305.1,GCF_030546205.1,close_recombination,644,2034541,284525,1322275,217,169,15,15,6.083650190114068e-05,0.92220367278798,22156,102818,201,132,262369,1219457,16,37,187736,3464590,6045,15585,292299,570,0,37,0,0,132,0
snv_table,GCF_027686305.1,GCF_040921925.1,close_recombination,1191,2018607,282414,1311986,405,297,19,19,6.910569105691057e-05,0.8723717662722102,36191,167149,385,251,246223,1144837,20,46,176172,3252708,5631,25410,475161,876,1,45,0,1,250,0
snv_table,GCF_027686305.1,GCF_040921935.1,close_recombination,1170,2032009,284189,1320646,403,282,19,19,6.0483870967741935e-05,0.8735735725168814,36070,166566,385,241,248119,1154080,18,41,177693,3278820,5727,25348,473486,864,0,41,0,1,240,0
snv_table,GCF_027686305.1,GCF_047307925.1,close_recombination,637,2033933,284445,1321907,214,169,14,14,4.980842911877394e-05,0.9190177362934838,23053,107027,198,127,261392,1214880,16,42,186991,3451640,6009,16266,304227,588,3,39,0,0,127,0
snv_table,GCF_027686305.1,GCF_047308905.1,close_recombination,5312,2019089,282464,1312182,2079,999,45,45,0.0001534391534391,0.6730769230769231,92731,428727,2044,903,189733,883455,35,96,136272,2509638,4455,65431,1218689,2061,2,94,0,3,900,0
snv_table,GCF_027686305.1,GCF_047638235.1,close_recombination,1423,2029315,283839,1318882,482,373,24,24,8.979591836734694e-05,0.8650678729843326,38469,177223,457,315,245370,1141659,25,58,175895,3243436,5646,26821,503903,945,2,56,0,3,312,0
snv_table,GCF_027686505.1,GCF_030541685.1,close_recombination,626,2034245,284477,1322087,211,164,16,16,3.4482758620689657e-05,0.9171567472941573,23597,109309,202,130,260880,1212778,9,34,186759,3445557,6018,16541,310798,588,1,33,0,0,130,0
snv_table,GCF_027686505.1,GCF_030546205.1,close_recombination,627,2034081,284447,1321976,216,162,14,14,4.597701149425287e-05,0.9179565964837034,23356,108417,201,131,261091,1213559,15,31,186832,3447836,6009,16458,308196,597,1,30,0,0,131,0
snv_table,GCF_027686505.1,GCF_040921925.1,close_recombination,1173,2018216,282343,1311729,402,290,19,19,6.504065040650406e-05,0.8733703332471497,35893,165754,383,243,246450,1145975,19,47,176340,3255948,5637,25219,471176,867,2,45,0,1,242,0
snv_table,GCF_027686505.1,GCF_040921935.1,close_recombination,1167,2031558,284112,1320352,404,281,20,20,6.024096385542168e-05,0.8786675677197725,34610,159783,386,235,249502,1160569,18,46,178739,3297214,5754,24272,454249,828,1,45,0,1,234,0
snv_table,GCF_027686505.1,GCF_047307925.1,close_recombination,635,2033410,284357,1321565,214,167,14,14,4.980842911877394e-05,0.9206736602228889,22575,104836,198,125,261782,1216729,16,42,187295,3456874,6018,15930,298002,576,4,38,0,0,125,0
snv_table,GCF_027686505.1,GCF_047638235.1,close_recombination,1402,2028533,283715,1318373,479,364,23,23,8.606557377049181e-05,0.8610753749361155,39604,182575,455,312,244111,1135798,24,52,174982,3226799,5613,27681,519075,969,3,49,0,3,309,0
snv_table,GCF_028199355.1,GCF_028200155.1,close_recombination,96,2049341,286498,1331857,28,38,1,1,2.0905923344947736e-05,0.9994136084719614,173,729,22,27,286325,1331128,6,11,204737,3781915,6732,104,2083,0,0,11,0,1,26,0
snv_table,GCF_028199355.1,GCF_964252195.1,close_recombination,1098,2048966,286450,1331618,423,275,16,16,0.0001284046692607,0.8959678827020422,30023,138537,390,192,256427,1193081,33,83,183922,3389288,6033,20895,394050,666,1,81,1,0,192,0
snv_table,GCF_028199395.1,GCF_046861415.1,close_recombination,2464,2040823,285412,1326342,901,608,37,37,7.547169811320755e-05,0.7419099407172789,73925,338950,885,561,211487,987392,16,47,152756,2804437,4983,51214,964007,1629,0,47,0,3,558,0
snv_table,GCF_028199435.1,GCF_046861415.1,close_recombination,2529,2040823,285412,1326342,912,651,38,38,0.0001513761467889,0.7666110745168389,66986,307011,876,550,218426,1019331,36,101,157632,2895255,5106,46338,873189,1506,0,100,1,3,547,0
snv_table,GCF_028199455.1,GCF_028200305.1,close_recombination,15,2023177,282967,1314815,9,2,1,1,1.4134275618374558e-05,0.9991624465043627,240,1134,4,0,282727,1313681,5,2,202027,3732416,6600,189,3213,0,0,2,0,0,0,0
snv_table,GCF_028199455.1,GCF_028200405.1,close_recombination,75,2022292,282850,1314230,25,17,1,1,1.76678445229682e-05,0.9995757468622946,120,545,20,16,282730,1313685,5,1,202031,3732424,6600,83,1552,0,0,1,0,1,15,0
snv_table,GCF_028199455.1,GCF_964084965.1,close_recombination,952,2022909,282920,1314644,342,222,17,17,8.267716535433071e-05,0.900113106178425,28490,130087,315,178,254430,1184557,27,44,182779,3364958,5934,19417,370184,660,1,43,0,3,175,0
snv_table,GCF_028199465.1,GCF_028199675.1,close_recombination,33,2027654,283606,1317745,11,14,1,1,3.5211267605633804e-06,0.9995204614853,154,648,10,12,283452,1317097,1,2,202462,3742211,6618,88,1856,0,0,2,0,0,12,0
snv_table,GCF_028199485.1,GCF_028199595.1,close_recombination,6,2048274,286520,1331234,2,3,1,1,0.0,0.9999301968448974,20,106,2,1,286500,1331128,0,2,204689,3782080,6615,20,295,3,1,1,0,0,1,0
snv_table,GCF_028199485.1,GCF_028395805.1,close_recombination,36,2043898,286017,1328407,15,9,1,1,1.3986013986013986e-05,0.9993112297520776,200,833,11,4,285817,1327574,4,5,204109,3772028,6585,118,2381,0,1,4,0,0,4,0
snv_table,GCF_028199515.1,GCF_028201265.1,close_recombination,745,2049817,286574,1332191,261,189,15,15,5.904059040590406e-05,0.9423046054422244,16713,76137,245,136,269861,1256054,16,53,193476,3568395,6291,11441,216580,390,0,53,0,3,133,0
snv_table,GCF_028199515.1,GCF_964252195.1,close_recombination,2993,2052065,286924,1333656,1092,719,39,39,0.00018,0.6939816815602738,88406,410237,1054,615,198518,923419,38,104,142541,2622997,4719,62560,1166204,1947,0,104,0,4,611,0
snv_table,GCF_028199555.1,GCF_047307865.1,close_recombination,266,2022486,282844,1314370,64,112,3,3,5.755395683453237e-05,0.9814950997723126,5246,24085,47,33,277598,1290285,17,79,198553,3665810,6492,3581,68536,138,0,79,0,1,32,0
snv_table,GCF_028199595.1,GCF_028395805.1,close_recombination,38,2043907,286018,1328412,17,8,1,1,2.097902097902098e-05,0.999307735876763,200,831,11,4,285818,1327581,6,4,204110,3772048,6585,118,2375,0,0,4,0,0,4,0
snv_table,GCF_028199635.1,GCF_028200395.1,close_recombination,73,2051719,286868,1333413,20,23,1,1,3.484320557491289e-06,0.9989263354574229,331,1419,19,23,286537,1331994,1,0,204868,3784385,6729,199,4046,12,0,0,0,1,22,0
snv_table,GCF_028199635.1,GCF_047309325.1,close_recombination,2493,2050136,286694,1332396,918,566,29,29,9.900990099009902e-05,0.7028050813759619,85473,396072,897,474,201221,936324,21,92,144507,2659704,4761,60419,1125877,1920,2,90,0,3,470,1
snv_table,GCF_028199635.1,GCF_964238335.1,close_recombination,2479,2051230,286804,1333100,915,554,29,29,8.45771144278607e-05,0.6990836947880783,86556,400982,898,478,200248,932118,17,76,143853,2647773,4728,61176,1139805,1965,3,73,0,3,474,1
snv_table,GCF_028199635.1,GCF_964238845.1,close_recombination,2616,2051224,286804,1333096,971,586,27,27,8.247422680412371e-05,0.6755484581804996,93235,432510,955,513,193569,900586,16,73,138796,2558435,4527,66233,1229137,2160,3,70,0,3,509,1
snv_table,GCF_028199655.1,GCF_028199715.1,close_recombination,5,2048115,286500,1331132,2,2,1,1,0.0,0.9999301919720768,20,104,2,1,286480,1331028,0,1,204669,3781800,6615,18,291,3,0,1,0,0,1,0
snv_table,GCF_028199655.1,GCF_028395745.1,close_recombination,9,2046458,286251,1330068,4,3,2,2,0.0,0.9997519659319968,80,307,4,1,286171,1329761,0,2,204514,3778157,6612,45,873,3,1,1,0,0,1,0
snv_table,GCF_028199655.1,GCF_028395805.1,close_recombination,38,2043796,285999,1328344,15,9,1,1,1.7482517482517483e-05,0.9996888101007346,116,519,10,4,285883,1327825,5,5,204143,3772747,6585,77,1480,0,0,5,0,0,4,0
snv_table,GCF_028199715.1,GCF_028395745.1,close_recombination,6,2046458,286251,1330068,2,3,1,1,0.0,0.9998218346835469,60,203,2,0,286191,1329865,0,3,204532,3778448,6615,27,582,0,1,2,0,0,0,0
snv_table,GCF_028199715.1,GCF_028395805.1,close_recombination,36,2043907,286018,1328412,14,9,1,1,1.048951048951049e-05,0.999307735876763,200,831,11,4,285818,1327581,3,5,204110,3772048,6585,118,2375,0,0,5,0,0,4,0
snv_table,GCF_028199775.1,GCF_028395805.1,close_recombination,46,2043898,286017,1328407,16,16,1,1,1.7482517482517483e-05,0.9993112297520776,200,833,11,4,285817,1327574,5,12,204109,3772028,6585,118,2381,0,0,12,0,0,4,0
snv_table,GCF_028199785.1,GCF_028200035.1,close_recombination,7,2041515,285528,1326864,2,4,1,1,0.0,0.9999019360623126,30,127,2,0,285498,1326737,0,4,204041,3769570,6600,17,358,6,0,4,0,0,0,0
snv_table,GCF_028199815.1,GCF_028395745.1,close_recombination,15,2046457,286250,1330068,5,8,2,2,3.484320557491289e-06,0.9997205240174672,80,311,4,1,286170,1329757,1,7,204511,3778148,6612,48,882,3,1,6,0,0,1,0
snv_table,GCF_028199815.1,GCF_028395805.1,close_recombination,44,2043898,286017,1328407,17,13,1,1,1.7482517482517483e-05,0.9993112297520776,200,833,11,3,285817,1327574,6,10,204109,3772028,6585,118,2381,0,0,10,0,0,3,0
snv_table,GCF_028199835.1,GCF_028200035.1,close_recombination,4,2041546,285532,1326883,2,0,1,1,0.0,0.9999579731868933,20,86,2,0,285512,1326797,0,0,204047,3769741,6603,13,239,6,0,0,0,0,0,0
snv_table,GCF_028199875.1,GCF_028200035.1,close_recombination,6,2041546,285532,1326883,2,3,1,1,0.0,0.9999579731868933,20,86,2,0,285512,1326797,0,3,204047,3769741,6603,13,239,6,0,3,0,0,0,0
snv_table,GCF_028199885.1,GCF_028395805.1,close_recombination,46,2043898,286017,1328407,16,16,1,1,1.7482517482517483e-05,0.9993112297520776,200,833,11,4,285817,1327574,5,12,204109,3772028,6585,118,2381,0,0,12,0,0,4,0
snv_table,GCF_028199985.1,GCF_028200455.1,close_recombination,16,2033172,284235,1321348,4,7,1,1,3.5211267605633804e-06,0.9986103048533783,400,1696,3,4,283835,1319652,1,3,203088,3749256,6612,257,4816,15,0,3,0,0,4,0
snv_table,GCF_028199985.1,GCF_028200475.1,close_recombination,43,2032297,284105,1320782,10,21,1,1,3.5087719298245615e-06,0.999876806110417,56,212,9,17,284049,1320570,1,4,203233,3751862,6615,26,610,0,0,4,0,0,17,0
snv_table,GCF_028199985.1,GCF_028200575.1,close_recombination,52,2032605,284151,1320986,11,27,1,1,7.042253521126761e-06,0.9994685924033349,173,720,9,17,283978,1320266,2,10,203202,3750981,6615,96,2052,12,0,10,0,0,17,0
snv_table,GCF_028200035.1,GCF_028200115.1,close_recombination,6,2037617,284985,1324308,2,3,1,1,0.0,0.9999473656508238,20,87,2,0,284965,1324221,0,3,203655,3762429,6579,12,243,6,0,3,0,0,0,0
snv_table,GCF_028200035.1,GCF_039760355.1,close_recombination,4,2038408,285067,1324848,2,1,1,1,0.0,0.9999052854241284,30,133,2,0,285037,1324715,0,1,203750,3763798,6597,17,376,6,0,1,0,0,0,0
snv_table,GCF_028200035.1,GCF_039760415.1,close_recombination,6,2041546,285532,1326883,2,3,1,1,0.0,0.9999579731868933,20,86,2,0,285512,1326797,0,3,204047,3769741,6603,13,239,6,0,3,0,0,0,0
snv_table,GCF_028200035.1,GCF_039760475.1,close_recombination,10,2040777,285418,1326388,2,5,1,1,0.0,0.9999369346011814,20,86,2,0,285398,1326302,0,5,203984,3768319,6603,13,239,6,2,3,0,0,0,0
snv_table,GCF_028200095.1,GCF_028395805.1,close_recombination,45,2043686,285986,1328266,16,15,1,1,1.3986013986013986e-05,0.9993146517661704,200,838,12,3,285786,1327428,4,12,204091,3771611,6582,120,2394,0,0,12,0,0,3,0
snv_table,GCF_028200155.1,GCF_028200165.1,close_recombination,84,2049332,286497,1331852,24,31,1,1,6.968641114982578e-06,0.9994170968631434,174,734,22,27,286323,1331118,2,4,204736,3781886,6732,104,2098,0,0,4,0,1,26,0
snv_table,GCF_028200155.1,GCF_964252195.1,close_recombination,1172,2048873,286437,1331559,445,299,17,17,0.0001284046692607,0.8954499593278801,30185,139214,412,219,256252,1192345,33,80,183812,3387190,6033,20991,395985,666,1,78,1,1,218,0
snv_table,GCF_028200165.1,GCF_964252195.1,close_recombination,1088,2048957,286449,1331613,421,268,16,16,0.0001206225680933,0.89597101054638,30035,138600,390,192,256414,1193013,31,76,183912,3389097,6030,20904,394227,669,1,74,1,0,192,0
snv_table,GCF_028200195.1,GCF_046861415.1,close_recombination,2467,2040582,285390,1326187,903,609,38,38,0.0001152073732718,0.760993727881145,68489,313214,875,546,216901,1012973,28,63,156775,2877077,5067,47159,890950,1533,0,63,0,3,543,0
snv_table,GCF_028200215.1,GCF_046861415.1,close_recombination,2490,2040630,285389,1326221,906,624,37,37,0.000125,0.7584384822119984,69241,317192,876,547,216148,1009029,30,77,156104,2865922,5061,47846,902188,1542,0,77,0,3,544,0
snv_table,GCF_028200225.1,GCF_046861415.1,close_recombination,2464,2040663,285394,1326241,901,608,37,37,7.547169811320755e-05,0.7419216942192197,73913,338894,885,561,211481,987347,16,47,152743,2804324,4974,51207,963846,1629,0,47,0,3,558,0
snv_table,GCF_028200255.1,GCF_046861415.1,close_recombination,2464,2040663,285394,1326241,901,608,37,37,7.547169811320755e-05,0.7419216942192197,73913,338894,885,561,211481,987347,16,47,152743,2804324,4974,51207,963846,1629,0,47,0,3,558,0
snv_table,GCF_028200295.1,GCF_028200325.1,close_recombination,4,2032889,284316,1321159,3,0,1,1,0.0,0.9992402819398134,220,910,3,0,284096,1320249,0,0,203086,3751025,6636,122,2608,0,0,0,0,0,0,0
snv_table,GCF_028200305.1,GCF_028200405.1,close_recombination,76,2022277,282848,1314220,25,19,1,1,1.4134275618374558e-05,0.9995828147980541,120,542,20,16,282728,1313678,5,3,202028,3732406,6600,85,1541,0,0,3,0,1,15,0
snv_table,GCF_028200305.1,GCF_964084965.1,close_recombination,953,2022909,282920,1314644,343,222,18,18,5.1792828685258965e-05,0.8890145624204722,31630,144436,325,183,251290,1170208,18,39,180534,3324210,5880,21662,410932,714,1,38,0,3,180,0
snv_table,GCF_028200395.1,GCF_047309325.1,close_recombination,2566,2050038,286680,1332333,938,589,28,28,9.045226130653268e-05,0.6915724850006977,88645,411764,919,503,198035,920569,19,86,142001,2615053,4653,62913,1170357,2022,1,85,0,5,497,1
snv_table,GCF_028200395.1,GCF_964238335.1,close_recombination,2552,2051157,286793,1333054,935,577,29,29,8.955223880597016e-05,0.6975763006767948,86986,402916,917,502,199807,930138,18,75,143578,2642117,4719,61443,1145331,1974,3,72,0,4,497,1
snv_table,GCF_028200395.1,GCF_964238845.1,close_recombination,2689,2051151,286793,1333050,991,609,27,27,8.762886597938145e-05,0.6740401613707447,93665,434444,974,537,193128,898606,17,72,138521,2552779,4518,66500,1234663,2169,3,69,0,4,532,1
snv_table,GCF_028200405.1,GCF_964084965.1,close_recombination,893,2023132,282973,1314760,323,209,17,17,6.349206349206349e-05,0.8933714524000523,30445,139130,301,168,252528,1175630,22,41,181371,3339627,5892,20816,395872,702,1,40,0,2,166,0
snv_table,GCF_028200455.1,GCF_028200475.1,close_recombination,49,2032585,284155,1320964,12,24,2,2,0.0,0.9984691453608066,456,1909,12,21,283699,1319055,0,3,202998,3747564,6603,285,5427,15,0,3,0,0,21,0
snv_table,GCF_028200455.1,GCF_028200495.1,close_recombination,21,2033460,284285,1321530,3,14,1,1,0.0,0.998575373304958,410,1741,3,4,283875,1319789,0,10,203105,3749647,6615,264,4944,15,0,10,0,0,4,0
snv_table,GCF_028200455.1,GCF_028200515.1,close_recombination,14,2033335,284267,1321449,3,8,1,1,0.0,0.998568247457496,410,1741,3,4,283857,1319708,0,4,203094,3749421,6609,264,4944,15,0,4,0,0,4,0
snv_table,GCF_028200455.1,GCF_028200525.1,close_recombination,16,2033460,284285,1321530,3,9,1,1,0.0,0.998575373304958,410,1741,3,4,283875,1319789,0,5,203105,3749647,6615,264,4944,15,0,5,0,0,4,0
snv_table,GCF_028200455.1,GCF_028200555.1,close_recombination,18,2033460,284285,1321530,3,11,1,1,0.0,0.998575373304958,410,1741,3,4,283875,1319789,0,7,203105,3749647,6615,264,4944,15,0,7,0,0,4,0
snv_table,GCF_028200455.1,GCF_028200575.1,close_recombination,59,2032893,284201,1321168,13,30,2,2,0.0,0.9935221902808223,1863,8246,13,21,282338,1312922,0,9,202125,3730080,6561,1197,23472,69,0,9,0,0,21,0
snv_table,GCF_028200455.1,GCF_028200745.1,close_recombination,16,2033383,284268,1321480,3,8,1,1,0.0,0.9985999127583829,400,1710,3,4,283868,1319770,0,4,203108,3749587,6615,258,4857,15,0,4,0,0,4,0
snv_table,GCF_028200455.1,GCF_028200835.1,close_recombination,19,2033460,284285,1321530,5,11,1,1,7.042253521126761e-06,0.998575373304958,410,1741,3,4,283875,1319789,2,7,203105,3749647,6615,264,4944,15,0,7,0,0,4,0
snv_table,GCF_028200455.1,GCF_028200845.1,close_recombination,21,2033274,284255,1321409,4,12,1,1,3.5211267605633804e-06,0.9985752229512234,410,1741,3,4,283845,1319668,1,8,203086,3749303,6615,264,4944,15,0,8,0,0,4,0
snv_table,GCF_028200455.1,GCF_028200895.1,close_recombination,17,2031498,283994,1320282,5,9,1,1,3.5211267605633804e-06,0.9978731945041093,610,2701,4,4,283384,1317581,1,5,202776,3743370,6597,422,7657,24,0,5,0,0,4,0
snv_table,GCF_028200475.1,GCF_028200495.1,close_recombination,44,2032625,284163,1320988,9,24,1,1,0.0,0.9998838694692834,56,212,9,17,284107,1320776,0,7,203260,3752450,6618,26,610,0,0,7,0,0,17,0
snv_table,GCF_028200475.1,GCF_028200515.1,close_recombination,39,2032468,284137,1320888,9,20,1,1,0.0,0.99986978112671,56,212,9,17,284081,1320676,0,3,203247,3752169,6612,26,610,0,0,3,0,0,17,0
snv_table,GCF_028200475.1,GCF_028200525.1,close_recombination,39,2032625,284163,1320988,9,19,1,1,0.0,0.9998838694692834,56,212,9,17,284107,1320776,0,2,203260,3752450,6618,26,610,0,0,2,0,0,17,0
snv_table,GCF_028200475.1,GCF_028200555.1,close_recombination,41,2032625,284163,1320988,9,21,1,1,0.0,0.9998838694692834,56,212,9,17,284107,1320776,0,4,203260,3752450,6618,26,610,0,0,4,0,0,17,0
snv_table,GCF_028200475.1,GCF_028200745.1,close_recombination,39,2032548,284146,1320938,9,18,1,1,0.0,0.999873304568778,56,212,9,17,284090,1320726,0,1,203257,3752303,6618,26,610,0,0,1,0,0,17,0
snv_table,GCF_028200475.1,GCF_028200835.1,close_recombination,42,2032625,284163,1320988,11,21,1,1,3.5087719298245615e-06,0.9997079141197129,99,391,10,17,284064,1320597,1,4,203233,3751940,6618,53,1120,0,0,4,0,0,17,0
snv_table,GCF_028200475.1,GCF_028200845.1,close_recombination,44,2032494,284143,1320903,10,22,1,1,0.0,0.9997078935606367,99,391,10,17,284044,1320512,0,5,203224,3751694,6618,53,1120,0,0,5,0,0,17,0
snv_table,GCF_028200495.1,GCF_028200575.1,close_recombination,51,2032933,284209,1321192,10,28,1,1,3.5087719298245615e-06,0.9994405525511155,171,708,9,17,284038,1320484,1,11,203230,3751592,6630,95,2029,0,0,11,0,0,17,0
snv_table,GCF_028200515.1,GCF_028200575.1,close_recombination,49,2033442,284276,1321525,10,26,1,1,3.5087719298245615e-06,0.9994160604482967,178,736,9,17,284098,1320789,1,9,203260,3752495,6612,97,2099,12,0,9,0,0,17,0
snv_table,GCF_028200525.1,GCF_028200575.1,close_recombination,49,2032933,284209,1321192,10,25,1,1,3.5087719298245615e-06,0.9994405525511155,171,708,9,17,284038,1320484,1,8,203230,3751592,6630,95,2029,0,0,8,0,0,17,0
snv_table,GCF_028200555.1,GCF_028200575.1,close_recombination,49,2032933,284209,1321192,10,25,1,1,3.5087719298245615e-06,0.9994405525511155,171,708,9,17,284038,1320484,1,8,203230,3751592,6630,95,2029,0,0,8,0,0,17,0
snv_table,GCF_028200575.1,GCF_028200745.1,close_recombination,48,2032856,284192,1321142,10,24,1,1,3.5087719298245615e-06,0.9994299628420223,174,724,9,17,284018,1320418,1,7,203226,3751410,6618,96,2064,12,0,7,0,0,17,0
snv_table,GCF_028200575.1,GCF_028200835.1,close_recombination,49,2032933,284209,1321192,11,25,1,1,7.017543859649123e-06,0.9994405525511155,171,708,9,17,284038,1320484,2,8,203230,3751592,6630,95,2029,0,0,8,0,0,17,0
snv_table,GCF_028200575.1,GCF_028200845.1,close_recombination,51,2032747,284179,1321071,10,26,1,1,3.5087719298245615e-06,0.9994404934917781,171,708,9,17,284008,1320363,1,9,203211,3751248,6630,95,2029,0,0,9,0,0,17,0
snv_table,GCF_028200905.1,GCF_028201235.1,close_recombination,701,2043698,285889,1328335,257,156,12,12,0.0001098484848484,0.9252891856629671,21469,97871,225,106,264420,1230464,32,50,189513,3495735,6144,14653,278435,525,1,49,0,0,106,0
snv_table,GCF_028200905.1,GCF_039760255.1,close_recombination,737,2025609,283521,1316656,267,170,12,12,0.0001379310344827,0.9232825787155096,21874,99727,227,109,261647,1216929,40,61,187289,3457477,6021,14945,283678,558,1,60,0,0,109,0
snv_table,GCF_028200905.1,GCF_040928345.1,close_recombination,1299,2035812,284838,1323188,499,286,18,18,0.0001422764227642,0.866984040050836,38047,172915,461,216,246791,1150273,38,70,177416,3267652,5751,25855,492014,876,1,69,0,2,214,0
snv_table,GCF_028200905.1,GCF_040928365.1,close_recombination,1455,2037518,285071,1324308,563,318,23,23,0.000132,0.8745891374429529,35925,163418,529,258,249146,1160890,34,60,179001,3297834,5835,24478,464972,804,1,59,0,4,254,0
snv_table,GCF_028200935.1,GCF_028395165.1,close_recombination,283,2046958,286186,1330339,94,83,1,1,3.610108303249098e-05,0.9661199359856877,9700,44177,84,71,276486,1286162,10,12,198295,3653786,6405,6360,125937,234,0,12,0,0,71,0
snv_table,GCF_028200935.1,GCF_028395175.1,close_recombination,268,2048933,286475,1331620,86,82,1,1,7.220216606498195e-06,0.9661576053756872,9700,44168,84,71,276775,1287452,2,11,198480,3657450,6426,6356,125914,234,0,11,0,0,71,0
snv_table,GCF_028200935.1,GCF_028395205.1,close_recombination,279,2048659,286437,1331446,90,82,1,1,2.1660649819494583e-05,0.9661461333556768,9700,44183,84,71,276737,1287263,6,11,198444,3656925,6420,6363,125952,234,0,11,0,0,71,0
snv_table,GCF_028201035.1,GCF_028396085.1,close_recombination,638,2030030,283889,1319307,250,164,6,6,3.636363636363637e-05,0.9663283889125679,9612,45628,240,112,274277,1273679,10,52,195693,3618924,6420,7150,129533,201,2,50,0,1,111,0
snv_table,GCF_028201035.1,GCF_028396095.1,close_recombination,237,2029435,283814,1318931,67,93,3,3,5.3763440860215054e-05,0.9827915465762789,4895,23491,51,40,278919,1295440,16,53,199079,3680719,6522,3715,66653,105,2,51,0,1,39,0
snv_table,GCF_028201035.1,GCF_028396185.1,close_recombination,255,2029882,283868,1319212,74,103,4,4,5.017921146953405e-05,0.9822170868149985,5111,24375,60,50,278757,1294837,14,53,199000,3678986,6525,3833,69187,105,2,51,0,1,49,0
snv_table,GCF_028201035.1,GCF_030541685.1,close_recombination,3447,2034647,284552,1322340,1299,744,39,39,0.0001414141414141,0.7003289381202733,85584,396624,1261,629,198968,925716,38,115,142706,2629750,4692,60618,1127352,1902,3,112,0,4,625,0
snv_table,GCF_028201035.1,GCF_030546205.1,close_recombination,3444,2034423,284511,1322191,1300,742,39,39,0.0001464646464646,0.7002541202273375,85602,396649,1262,629,198909,925542,38,113,142705,2629220,4701,60606,1127448,1893,3,110,0,4,625,0
snv_table,GCF_028201035.1,GCF_040921925.1,close_recombination,3020,2018759,282434,1312071,1164,645,38,38,0.0001650485436893,0.7329145924357549,75736,350870,1124,518,206698,961201,40,127,148067,2730703,4833,53536,997397,1677,4,123,0,3,515,0
snv_table,GCF_028201035.1,GCF_040921935.1,close_recombination,3035,2032104,284203,1320695,1171,644,39,39,0.000135265700483,0.729302646347857,77321,358833,1139,533,206882,961862,32,111,148165,2732555,4866,54892,1019885,1722,2,109,0,4,529,0
snv_table,GCF_028201035.1,GCF_047307925.1,close_recombination,3455,2033715,284415,1321758,1298,749,39,39,0.0001557788944723,0.6981347678568289,86206,399777,1265,633,198209,921981,33,116,142124,2619142,4677,61118,1136308,1905,3,113,0,7,626,0
snv_table,GCF_028201035.1,GCF_047308905.1,close_recombination,4305,2019707,282530,1312561,1685,821,32,32,0.0001244239631336,0.766785828053658,66032,302482,1657,722,216498,1010079,28,99,155879,2869285,5073,45895,860057,1494,1,98,0,3,719,0
snv_table,GCF_028201035.1,GCF_047638235.1,close_recombination,3268,2029278,283833,1318846,1240,725,42,42,0.0001560975609756,0.7206702532827401,79597,368996,1205,600,204236,949850,35,125,146342,2698372,4836,56386,1048856,1746,2,123,0,6,594,0
snv_table,GCF_028201045.1,GCF_028395165.1,close_recombination,290,2046984,286191,1330358,97,87,1,1,4.6931407942238266e-05,0.9661379987490871,9700,44170,84,71,276491,1286188,13,16,198306,3653853,6405,6351,125925,234,0,16,0,0,71,0
snv_table,GCF_028201045.1,GCF_028395175.1,close_recombination,272,2048959,286480,1331639,86,86,1,1,7.220216606498195e-06,0.9661407428092712,9700,44175,84,71,276780,1287464,2,15,198477,3657489,6426,6361,125930,234,0,15,0,0,71,0
snv_table,GCF_028201045.1,GCF_028395205.1,close_recombination,285,2048685,286442,1331465,92,86,1,1,2.888086642599278e-05,0.9661641798339629,9700,44167,84,71,276742,1287298,8,15,198458,3657016,6420,6351,125916,234,0,15,0,0,71,0
snv_table,GCF_028201095.1,GCF_028201115.1,close_recombination,8,2051195,286813,1333077,2,3,1,1,0.0,0.9999546742999794,20,76,2,0,286793,1333001,0,3,205018,3787244,6741,12,216,0,0,3,0,0,0,0
snv_table,GCF_028201145.1,GCF_047309505.1,close_recombination,2023,2019604,282467,1312731,767,463,33,33,0.0001574074074074,0.7680543213897553,65690,302432,730,369,216777,1010299,37,94,156389,2869471,5037,45553,860303,1440,3,90,1,0,369,0
snv_table,GCF_028201145.1,GCF_964240005.1,close_recombination,578,2026120,283325,1316960,207,124,2,2,8.270676691729324e-05,0.9369804994264537,17860,82311,184,98,265465,1234649,23,26,190099,3507743,6105,12460,234047,426,0,26,0,1,97,0
snv_table,GCF_028201165.1,GCF_028395955.1,close_recombination,109,2023913,283065,1315331,41,46,2,2,5.319148936170213e-05,0.9933407521240705,1890,8092,26,9,281175,1307239,15,37,201139,3713978,6600,1089,23148,39,3,34,0,0,9,0
snv_table,GCF_028201165.1,GCF_028396005.1,close_recombination,109,2024077,283085,1315435,41,46,2,2,5.319148936170213e-05,0.9933412226009856,1890,8112,26,9,281195,1307323,15,37,201143,3714226,6600,1097,23200,39,3,34,0,0,9,0
snv_table,GCF_028201165.1,GCF_047310225.1,close_recombination,442,2025821,283280,1316546,167,118,4,4,5.555555555555556e-05,0.9500847218299915,14140,65352,152,69,269140,1251194,15,49,192576,3554673,6333,9896,185845,315,3,46,0,2,66,1
snv_table,GCF_028201235.1,GCF_040928345.1,close_recombination,970,2040547,285404,1326174,397,213,15,15,6.79245283018868e-05,0.9282630937197797,20558,92939,379,163,264846,1233235,18,50,190088,3503380,6237,13739,264655,423,0,50,0,2,161,0
snv_table,GCF_028201235.1,GCF_040928365.1,close_recombination,1099,2042214,285634,1327265,452,232,16,16,6.367041198501872e-05,0.9327320977194592,19292,87593,434,187,266342,1239672,18,45,190987,3521759,6270,13047,249330,402,0,45,0,4,183,0
snv_table,GCF_028201265.1,GCF_964252195.1,close_recombination,2670,2049325,286509,1331884,980,623,39,39,0.000170616113744,0.7392786963062242,75152,347632,938,529,211357,984252,42,94,151967,2795755,5034,52911,988377,1608,0,94,0,3,526,0
snv_table,GCF_028201315.1,GCF_028395165.1,close_recombination,377,2046727,286160,1330195,112,135,1,1,0.0001010830324909,0.9660679340229242,9710,44214,84,72,276450,1285981,28,63,198256,3653291,6396,6364,126044,234,3,60,0,0,72,0
snv_table,GCF_028201315.1,GCF_028395175.1,close_recombination,363,2048702,286449,1331476,106,134,1,1,7.942238267148014e-05,0.9661405695254652,9700,44173,84,72,276749,1287303,22,62,198440,3657052,6417,6361,125924,234,3,59,0,0,72,0
snv_table,GCF_028201315.1,GCF_028395205.1,close_recombination,372,2048428,286411,1331302,110,134,1,1,9.386281588447652e-05,0.9661640090638977,9700,44170,84,72,276711,1287132,26,62,198421,3656564,6411,6351,125925,234,3,59,0,0,72,0
snv_table,GCF_028394795.1,GCF_028396015.1,close_recombination,1284,2040350,285354,1326068,499,326,16,16,0.0001327800829875,0.8473334875277725,43590,201249,464,251,241764,1124819,35,75,173317,3195536,5604,30603,572184,960,2,73,0,0,251,0
snv_table,GCF_028395165.1,GCF_028395215.1,close_recombination,282,2046880,286172,1330289,96,81,1,1,4.332129963898917e-05,0.9661322561256867,9700,44167,84,71,276472,1286122,12,10,198296,3653665,6405,6351,125916,234,0,10,0,0,71,0
snv_table,GCF_028395165.1,GCF_028395235.1,close_recombination,316,2046284,286081,1329900,103,93,1,1,5.776173285198556e-05,0.9661249785899798,9700,44170,84,71,276381,1285730,19,22,198245,3652549,6396,6351,125925,234,1,21,0,0,71,0
snv_table,GCF_028395165.1,GCF_028395285.1,close_recombination,285,2046935,286182,1330325,94,85,1,1,3.610108303249098e-05,0.9661334395594412,9700,44167,84,71,276482,1286158,10,14,198306,3653763,6405,6351,125916,234,0,14,0,0,71,0
snv_table,GCF_028395175.1,GCF_028395215.1,close_recombination,265,2048684,286438,1331459,86,80,1,1,7.220216606498195e-06,0.9661427603879373,9700,44175,84,71,276738,1287284,2,9,198444,3656982,6426,6361,125930,234,0,9,0,0,71,0
snv_table,GCF_028395175.1,GCF_028395235.1,close_recombination,299,2048066,286345,1331057,93,92,2,2,1.0830324909747291e-05,0.9645008643419651,10235,46236,90,73,276110,1284821,3,19,198121,3649934,6408,6632,131836,240,1,18,0,0,73,0
snv_table,GCF_028395175.1,GCF_028395285.1,close_recombination,270,2048959,286480,1331639,86,84,1,1,7.220216606498195e-06,0.9661407428092712,9700,44175,84,71,276780,1287464,2,13,198477,3657489,6426,6361,125930,234,0,13,0,0,71,0
snv_table,GCF_028395205.1,GCF_028395215.1,close_recombination,278,2048630,286432,1331429,92,80,1,1,2.888086642599278e-05,0.9661629985476483,9700,44167,84,71,276732,1287262,8,9,198448,3656918,6420,6351,125916,234,0,9,0,0,71,0
snv_table,GCF_028395205.1,GCF_028395235.1,close_recombination,312,2048012,286339,1331027,99,92,1,1,4.332129963898917e-05,0.9660926384460378,9710,44214,84,71,276629,1286813,15,21,198383,3655648,6408,6364,126044,234,1,20,0,0,71,0
snv_table,GCF_028395205.1,GCF_028395285.1,close_recombination,281,2048685,286442,1331465,90,84,1,1,2.1660649819494583e-05,0.9661641798339629,9700,44167,84,71,276742,1287298,6,13,198458,3657016,6420,6351,125916,234,0,13,0,0,71,0
snv_table,GCF_028395745.1,GCF_028395765.1,close_recombination,7,2046070,286196,1329823,2,2,1,1,0.0,0.999804329899789,60,203,2,0,286136,1329620,0,2,204499,3777752,6609,27,582,0,1,1,0,0,0,0
snv_table,GCF_028395745.1,GCF_028395805.1,close_recombination,32,2042863,285854,1327750,13,7,1,1,1.3986013986013986e-05,0.999741126589098,80,365,9,3,285774,1327385,4,4,204087,3771486,6582,53,1042,0,1,3,0,0,3,0
snv_table,GCF_028395765.1,GCF_028395805.1,close_recombination,33,2042673,285828,1327633,11,7,1,1,6.993006993006993e-06,0.999727108610773,80,363,9,3,285748,1327270,2,4,204066,3771165,6579,53,1036,0,0,4,0,0,3,0
snv_table,GCF_028395805.1,GCF_028395835.1,close_recombination,39,2042885,285857,1327765,13,13,1,1,1.3986013986013986e-05,0.9997306345480432,80,359,9,3,285777,1327406,4,10,204089,3771547,6582,52,1025,0,0,10,0,0,3,0
snv_table,GCF_028395955.1,GCF_047310225.1,close_recombination,489,2030028,283898,1319326,190,126,6,6,4.104477611940299e-05,0.9435783274274563,16020,73443,179,76,267878,1245883,11,50,191869,3539477,6303,10997,208972,360,5,45,0,1,74,1
snv_table,GCF_028396005.1,GCF_047310225.1,close_recombination,489,2030167,283915,1319413,190,126,6,6,4.104477611940299e-05,0.9436627159537185,16000,73295,179,76,267915,1246118,11,50,191906,3540154,6294,10968,208554,363,5,45,0,1,74,1
snv_table,GCF_028396085.1,GCF_028396095.1,close_recombination,428,2029355,283807,1318870,194,77,3,3,1.0714285714285714e-05,0.9844366065671389,4420,20443,191,74,279387,1298427,3,3,199682,3689044,6555,3106,58142,81,0,3,0,0,74,0
snv_table,GCF_028396085.1,GCF_028396185.1,close_recombination,442,2029784,283859,1319139,199,85,3,3,1.4285714285714284e-05,0.9843619543505755,4492,20743,195,81,279367,1298396,4,4,199678,3688955,6555,3147,59001,81,0,4,0,0,81,0
snv_table,GCF_028396085.1,GCF_030541685.1,close_recombination,3902,2029344,283823,1318873,1497,834,43,43,0.0001283422459893,0.658509000327669,97338,451534,1470,742,186485,867339,27,92,133572,2464044,4401,69187,1283237,2178,1,91,0,5,737,0
snv_table,GCF_028396085.1,GCF_030546205.1,close_recombination,3900,2029180,283793,1318762,1498,832,43,43,0.0001329787234042,0.6599528529597277,96944,450062,1471,744,186849,868700,27,88,133796,2467894,4410,68953,1279064,2169,1,87,0,5,739,0
snv_table,GCF_028396085.1,GCF_040921925.1,close_recombination,3470,2013545,281719,1308660,1360,735,41,41,0.0001909547738693,0.7047447988953531,83670,388172,1319,623,198049,920488,41,112,141710,2615113,4641,59335,1103327,1854,2,110,0,4,619,0
snv_table,GCF_028396085.1,GCF_040921935.1,close_recombination,3488,2026874,283487,1317274,1368,732,41,41,0.0001658291457286,0.7009139748912648,85272,396277,1333,631,198215,920997,35,101,141774,2616558,4659,60721,1126196,1914,1,100,0,4,627,0
snv_table,GCF_028396085.1,GCF_047307925.1,close_recombination,3906,2028508,283703,1318350,1495,838,43,43,0.0001223404255319,0.6615721370588256,96424,447485,1471,742,187279,870865,24,96,134126,2474044,4425,68558,1271755,2142,3,93,0,6,736,0
snv_table,GCF_028396085.1,GCF_047308905.1,close_recombination,4789,2014427,281803,1309109,1897,903,37,37,0.0001291866028708,0.7399495392171127,73525,337290,1869,813,208278,971819,28,90,149941,2760599,4917,51272,958969,1629,0,90,0,3,810,0
snv_table,GCF_028396085.1,GCF_047638235.1,close_recombination,3590,2028593,283743,1318389,1397,764,42,42,0.0001581632653061,0.6937616082158855,87310,405463,1359,648,196433,912926,38,116,140609,2593534,4635,62060,1152385,1944,0,116,0,5,643,0
snv_table,GCF_028396085.1,GCF_051065055.1,close_recombination,641,2029137,283760,1318736,255,163,6,6,4.744525547445256e-05,0.9652875669579927,9907,46974,241,111,273853,1271762,14,52,195398,3613477,6411,7357,133358,207,0,52,0,1,110,0
snv_table,GCF_028396095.1,GCF_028396185.1,close_recombination,32,2029357,283810,1318871,11,10,1,1,1.7605633802816902e-05,0.99985906063916,157,648,6,9,283653,1318223,5,1,202706,3745321,6642,81,1863,0,0,1,0,0,9,0
snv_table,GCF_028396095.1,GCF_030541685.1,close_recombination,3504,2028778,283751,1318514,1318,761,40,40,0.0001641025641025,0.6873632163410878,89068,412973,1280,659,194683,905541,38,102,139569,2572458,4596,63144,1173786,1989,1,101,0,5,654,0
snv_table,GCF_028396095.1,GCF_030546205.1,close_recombination,3510,2028614,283721,1318403,1325,761,41,41,0.0001502590673575,0.684968684024094,89694,416060,1288,663,194027,902343,37,98,139032,2563407,4590,63671,1182514,1995,1,97,0,5,658,0
snv_table,GCF_028396095.1,GCF_040921925.1,close_recombination,3078,2012921,281641,1308266,1185,663,39,39,0.0001881188118811,0.7199946030585036,79268,367489,1141,550,202373,940777,44,113,144882,2672709,4740,56110,1044596,1761,2,111,0,4,546,0
snv_table,GCF_028396095.1,GCF_040921935.1,close_recombination,3101,2026295,283413,1316907,1196,663,39,39,0.0001773399014778,0.7182803893963933,80195,372224,1153,558,203218,944683,43,105,145535,2683726,4788,56914,1057967,1791,0,105,0,5,553,0
snv_table,GCF_028396095.1,GCF_047307925.1,close_recombination,3518,2027877,283622,1317953,1323,768,40,40,0.0001897435897435,0.686688620769898,89209,413549,1282,658,194413,904404,41,110,139407,2569203,4602,63224,1175452,1971,1,109,0,8,650,0
snv_table,GCF_028396095.1,GCF_047308905.1,close_recombination,4382,2013803,281725,1308715,1712,832,34,34,0.0001408450704225,0.7547076049338894,69255,317453,1681,741,212470,991262,31,91,152922,2815866,4998,48238,902567,1554,0,91,0,3,738,0
snv_table,GCF_028396095.1,GCF_047638235.1,close_recombination,3204,2028027,283671,1318030,1227,695,39,39,0.000195,0.7043018144258666,84099,390319,1185,592,199572,927711,42,103,142944,2635467,4722,59679,1109415,1863,0,103,0,5,587,0
snv_table,GCF_028396095.1,GCF_051065055.1,close_recombination,240,2028515,283682,1318343,72,92,3,3,5.39568345323741e-05,0.981803568784766,5180,24794,52,39,278502,1293549,20,53,198792,3675339,6516,3911,70363,108,0,53,0,1,38,0
snv_table,GCF_028396185.1,GCF_030541685.1,close_recombination,3525,2029225,283805,1318795,1323,771,42,42,0.0001589743589743,0.6854706576698789,89744,416195,1290,674,194061,902600,33,97,139061,2564137,4602,63691,1182908,1986,0,97,0,6,668,0
snv_table,GCF_028396185.1,GCF_030546205.1,close_recombination,3527,2029061,283775,1318684,1326,771,41,41,0.0001701030927835,0.6868822130208793,89222,413516,1288,668,194553,905168,38,103,139530,2571363,4611,63212,1175359,1977,1,102,0,5,663,0
snv_table,GCF_028396185.1,GCF_040921925.1,close_recombination,3103,2013446,281707,1308596,1192,673,40,40,0.0001831683168316,0.7182640118988879,79869,369918,1150,559,201838,938678,42,114,144614,2666686,4734,56426,1051558,1770,2,112,0,4,555,0
snv_table,GCF_028396185.1,GCF_040921935.1,close_recombination,3108,2026751,283468,1317193,1197,667,39,39,0.0001584158415841,0.7167299307152836,80700,374317,1156,559,202768,942876,41,108,145309,2678537,4782,57180,1063971,1800,0,108,0,5,554,0
snv_table,GCF_028396185.1,GCF_047307925.1,close_recombination,3524,2028324,283676,1318234,1322,771,41,41,0.0001701030927835,0.6831385101312766,90205,418564,1288,667,193471,899670,34,104,138564,2555862,4584,64106,1189594,1992,2,102,0,7,660,0
snv_table,GCF_028396185.1,GCF_047308905.1,close_recombination,4384,2014250,281779,1308996,1713,832,34,34,0.0001408450704225,0.7553437268213742,69131,316852,1682,742,212648,992144,31,90,153036,2818383,5013,48163,900851,1542,0,90,0,3,739,0
snv_table,GCF_028396185.1,GCF_047638235.1,close_recombination,3227,2028456,283723,1318299,1234,705,41,41,0.0001691542288557,0.7089661395093101,82937,384202,1193,585,200786,934097,41,120,144031,2653508,4752,58629,1092144,1833,0,120,0,5,580,0
snv_table,GCF_028396185.1,GCF_051065055.1,close_recombination,257,2028944,283734,1318612,79,101,4,4,5.7347670250896056e-05,0.9811302135098366,5365,25551,63,49,278369,1293061,16,52,198728,3673939,6516,4012,72533,108,0,52,0,1,48,0
snv_table,GCF_028396205.1,GCF_039760295.1,close_recombination,2949,2042680,285585,1327535,1118,700,18,18,0.0001785714285714,0.683579319642138,90480,418166,1081,591,195105,909369,37,109,140393,2582974,4740,63826,1188698,1974,4,105,0,1,590,0
snv_table,GCF_028396205.1,GCF_039760315.1,close_recombination,2956,2042807,285597,1327619,1119,702,18,18,0.0001692307692307,0.6829553531724774,90663,418920,1081,592,194934,908699,38,110,140317,2581040,4740,63919,1190861,1980,4,106,0,1,591,0
snv_table,GCF_028396205.1,GCF_039760335.1,close_recombination,2970,2043794,285764,1328259,1122,715,18,18,0.000188775510204,0.6844809003233437,90283,417090,1083,600,195481,911169,39,115,140663,2588086,4758,63629,1185682,1959,3,112,0,2,598,0
snv_table,GCF_028396205.1,GCF_040095755.1,close_recombination,2893,2039016,285078,1325135,1049,688,10,10,6.694560669456067e-05,0.837314699836536,46559,214040,1033,633,238519,1111095,16,55,171608,3155986,5691,32197,608906,1017,2,53,0,4,629,0
snv_table,GCF_028396205.1,GCF_040097405.1,close_recombination,2995,2023863,283015,1315169,1083,748,14,14,7.692307692307693e-05,0.8251859442079041,49825,228450,1065,685,233190,1086719,18,63,167869,3086681,5607,34391,649885,1074,1,62,0,4,681,0
snv_table,GCF_028396205.1,GCF_040098345.1,close_recombination,3739,2038895,285113,1325082,1460,730,18,18,0.0001519607843137,0.7153304128538509,81259,374101,1429,610,203854,950981,31,120,146892,2701119,4932,56948,1063579,1776,1,119,0,1,609,0
snv_table,GCF_028396285.1,GCF_039760295.1,close_recombination,2953,2043102,285642,1327806,1121,699,18,18,0.0001836734693877,0.683512928770979,90518,418362,1083,592,195124,909444,38,107,140399,2583193,4740,63855,1189257,1974,4,103,0,1,591,0
snv_table,GCF_028396285.1,GCF_039760315.1,close_recombination,2957,2043090,285640,1327801,1121,701,18,18,0.0001692307692307,0.6828875507631984,90687,418996,1083,593,194953,908805,38,108,140324,2581354,4737,63928,1191083,1977,4,104,0,1,592,0
snv_table,GCF_028396285.1,GCF_039760335.1,close_recombination,2966,2043613,285740,1328143,1122,712,18,18,0.000188775510204,0.6845383915447609,90261,416988,1083,599,195479,911155,39,113,140660,2588047,4758,63613,1185395,1956,3,110,0,2,597,0
snv_table,GCF_028396285.1,GCF_040095755.1,close_recombination,2891,2039289,285117,1325311,1049,686,10,10,6.694560669456067e-05,0.8373404602321153,46557,214036,1033,633,238560,1111275,16,53,171626,3156508,5691,32197,608894,1017,2,51,0,4,629,0
snv_table,GCF_028396285.1,GCF_040097405.1,close_recombination,2995,2023997,283037,1315254,1084,746,14,14,8.119658119658119e-05,0.8264997155848882,49578,227575,1065,688,233459,1087679,19,58,167947,3089474,5616,34326,647334,1065,1,57,0,4,684,0
snv_table,GCF_028396285.1,GCF_040098345.1,close_recombination,3740,2039184,285157,1325266,1461,728,19,19,0.0001379310344827,0.7090479981203337,83081,382299,1433,617,202076,942967,28,111,145709,2678317,4875,58152,1086912,1833,1,110,0,1,616,0
snv_table,GCF_029076805.1,GCF_036419465.1,close_recombination,11,2040044,285272,1325841,5,3,1,1,0.0,0.9997826635631958,113,519,5,2,285159,1325322,0,1,203826,3765528,6612,55,1502,0,0,1,0,0,2,0
snv_table,GCF_030541685.1,GCF_030546205.1,close_recombination,11,2034983,284570,1322556,7,2,1,1,7.017543859649123e-06,0.9995080296587834,140,573,5,1,284430,1321983,2,1,203303,3756010,6636,74,1645,0,0,1,0,0,1,0
snv_table,GCF_030541685.1,GCF_040921925.1,close_recombination,748,2018864,282438,1312143,253,183,7,7,7.089552238805971e-05,0.9499075903384105,14258,65588,231,138,268180,1246555,22,45,191619,3541839,6207,10001,186442,321,2,43,0,0,138,0
snv_table,GCF_030541685.1,GCF_040921935.1,close_recombination,743,2032253,284211,1320795,255,178,9,9,5.204460966542751e-05,0.943418798005707,16224,74090,240,143,267987,1246705,15,35,191883,3541992,6240,11196,210702,372,0,35,0,1,142,0
snv_table,GCF_030541685.1,GCF_047308905.1,close_recombination,5110,2019400,282498,1312375,2005,940,39,39,0.0001527093596059,0.7200758943426148,79410,365439,1971,848,203088,946936,34,92,146196,2689749,4863,55548,1039098,1671,2,90,0,3,845,0
snv_table,GCF_030541685.1,GCF_047638235.1,close_recombination,908,2029229,283815,1318816,305,243,12,12,7.518796992481203e-05,0.9390624174197981,17463,79370,280,196,266352,1239446,25,47,190818,3521340,6180,11912,225772,426,2,45,0,3,193,0
snv_table,GCF_030541685.1,GCF_051065055.1,close_recombination,3450,2033709,284418,1321740,1304,743,38,38,0.0001624365482233,0.6896539600165953,88562,409724,1266,637,195856,912016,38,106,140772,2590647,4629,62459,1164754,1959,1,105,0,4,633,0
snv_table,GCF_030546205.1,GCF_040921925.1,close_recombination,749,2018724,282410,1312047,257,182,7,7,8.582089552238806e-05,0.9499309514535604,14253,65561,231,138,268157,1246486,26,44,191620,3541631,6207,9991,186368,324,2,42,0,0,138,0
snv_table,GCF_030546205.1,GCF_040921935.1,close_recombination,738,2032113,284183,1320699,254,176,8,8,5.5762081784386615e-05,0.9468546675909537,15244,69692,236,141,268939,1251007,18,35,192507,3554247,6267,10563,198165,348,0,35,0,1,140,0
snv_table,GCF_030546205.1,GCF_047308905.1,close_recombination,5109,2019176,282457,1312226,2007,939,40,40,0.0001243781094527,0.7131705002885395,81409,374267,1979,851,201048,937959,28,88,144838,2664206,4833,56893,1064207,1701,2,86,0,3,848,0
snv_table,GCF_030546205.1,GCF_047638235.1,close_recombination,905,2029065,283785,1318705,306,241,12,12,8.646616541353383e-05,0.9389854995859541,17476,79429,280,196,266309,1239276,26,45,190808,3520840,6180,11912,225949,426,2,43,0,3,193,0
snv_table,GCF_030546205.1,GCF_051065055.1,close_recombination,3447,2033485,284377,1321591,1305,741,41,41,0.0001616161616161,0.6952742310383752,87002,402331,1271,634,197375,919260,34,107,141887,2611240,4653,61331,1143727,1935,1,106,0,4,630,0
snv_table,GCF_039760255.1,GCF_040928345.1,close_recombination,1005,2022447,283029,1314486,405,228,12,12,9.195402298850576e-05,0.9289860756318257,20169,91148,374,162,262860,1223338,31,66,188396,3475456,6162,13513,259523,408,0,66,0,2,160,0
snv_table,GCF_039760255.1,GCF_040928365.1,close_recombination,1134,2024526,283331,1315849,460,247,14,14,0.0001022727272727,0.9340665158418952,18755,85076,428,186,264576,1230773,32,61,189491,3496630,6198,12661,242183,384,0,61,0,4,182,0
snv_table,GCF_039760295.1,GCF_039760315.1,close_recombination,36,2048243,286326,1331147,9,18,1,1,2.0905923344947736e-05,0.9996996430641996,90,352,3,7,286236,1330795,6,11,204668,3780958,6759,47,1009,0,2,9,0,0,7,0
snv_table,GCF_039760295.1,GCF_040098345.1,close_recombination,3451,2041504,285429,1326782,1332,665,15,15,0.0001255605381165,0.7808947233812962,62635,287437,1303,557,222794,1039345,29,108,160712,2952031,5292,43340,817549,1422,4,104,0,1,556,0
snv_table,GCF_039760315.1,GCF_040098345.1,close_recombination,3459,2041567,285434,1326829,1334,667,15,15,0.000134529147982,0.7809160786731784,62627,287362,1303,558,222807,1039467,31,109,160741,2952362,5298,43318,817346,1422,4,105,0,1,557,0
snv_table,GCF_039760335.1,GCF_040098345.1,close_recombination,3456,2041795,285488,1326975,1329,674,15,15,0.0001300448430493,0.7789819537073362,63196,289883,1299,563,222292,1037092,30,111,160365,2945628,5283,43707,824505,1437,5,106,0,1,562,0
snv_table,GCF_040095755.1,GCF_040097405.1,close_recombination,989,2027815,283511,1317736,346,270,11,11,7.434944237918216e-05,0.9470884727576708,15268,69267,326,212,268243,1248469,20,58,192244,3546821,6342,10404,197052,345,1,57,0,0,212,0
snv_table,GCF_040095755.1,GCF_040098345.1,close_recombination,5665,2037155,284839,1323940,2148,1178,20,20,0.0001111111111111,0.630496526107731,105498,487003,2128,1076,179341,836937,20,102,129636,2376828,4347,73952,1384732,2325,1,101,0,5,1071,0
snv_table,GCF_040097525.1,GCF_964246425.1,close_recombination,3193,2047598,286245,1330746,1165,796,14,14,0.0001428571428571,0.68245733549931,91089,424286,1136,702,195156,906460,29,94,139412,2575249,4719,65229,1205625,2004,1,93,0,2,700,0
snv_table,GCF_040097525.1,GCF_964251715.1,close_recombination,3177,2047405,286204,1330631,1160,789,14,14,0.0001428571428571,0.6829045016841134,90949,423718,1131,694,195255,906913,29,95,139459,2576561,4719,65156,1203994,2004,1,94,0,2,692,0
snv_table,GCF_040911805.1,GCF_040911865.1,close_recombination,83,2018873,282306,1312031,26,41,1,1,4.609929078014184e-05,0.9982784637946058,490,2261,9,5,281816,1309770,17,36,201405,3721395,6510,347,6415,21,0,36,0,0,5,0
snv_table,GCF_040911805.1,GCF_040911905.1,close_recombination,85,2021380,282658,1313658,28,41,1,1,4.946996466431095e-05,0.9982735319714992,490,2261,9,5,282168,1311397,19,36,201638,3726031,6522,347,6415,21,0,36,0,0,5,0
snv_table,GCF_040911985.1,GCF_047307725.1,close_recombination,2841,2043901,285870,1328418,1060,697,39,39,0.000130890052356,0.6697100080456151,94629,435262,1032,592,191241,893156,28,105,138391,2536586,4491,65855,1237816,2115,1,104,0,1,591,0
snv_table,GCF_040918225.1,GCF_047948285.1,close_recombination,2115,2028437,283720,1318274,776,528,34,34,7.174887892376682e-05,0.7829197800648526,61915,284099,760,462,221805,1034175,16,66,160013,2937352,5160,42793,808052,1452,1,65,0,1,461,0
snv_table,GCF_040921925.1,GCF_047307925.1,close_recombination,758,2018022,282315,1311618,255,189,7,7,7.835820895522388e-05,0.9499672351805607,14248,65529,231,137,268067,1246089,24,52,191554,3540518,6195,9991,186275,321,5,47,0,0,137,0
snv_table,GCF_040921925.1,GCF_047308905.1,close_recombination,4905,2004470,280506,1302708,1941,901,38,38,0.0001449275362318,0.740019821322895,73186,335775,1908,804,207320,966933,33,97,149339,2746525,4935,50776,955025,1524,2,95,0,3,801,0
snv_table,GCF_040921925.1,GCF_047638235.1,close_recombination,491,2013378,281707,1308571,165,143,7,7,8e-05,0.9771500175714484,6481,28805,139,81,275226,1279766,26,62,196766,3636163,6369,4242,82020,153,3,59,0,2,79,0
snv_table,GCF_040921925.1,GCF_051065055.1,close_recombination,3023,2017848,282303,1311488,1169,644,37,37,0.0001773399014778,0.7183416400109103,79831,369173,1132,531,202472,942315,37,113,145355,2676862,4728,56158,1049585,1776,2,111,0,3,528,0
snv_table,GCF_040921935.1,GCF_047307925.1,close_recombination,751,2031952,284180,1320608,254,183,8,8,5.5762081784386615e-05,0.9468294742768668,15244,69722,236,140,268936,1250886,18,43,192480,3553935,6243,10565,198250,351,3,40,0,1,139,0
snv_table,GCF_040921935.1,GCF_047308905.1,close_recombination,4920,2017414,282243,1311074,1951,900,38,38,0.0001298076923076,0.7382645450905779,74187,340348,1921,808,208056,970726,30,92,150037,2757173,4968,51479,968002,1563,1,91,0,3,805,0
snv_table,GCF_040921935.1,GCF_047638235.1,close_recombination,484,2026767,283480,1317223,164,137,8,8,7.581227436823104e-05,0.9769295893890222,6586,29179,143,81,276894,1288044,21,56,198180,3659499,6453,4287,83097,153,2,54,0,2,79,0
snv_table,GCF_040921935.1,GCF_051065055.1,close_recombination,3037,2031211,284075,1320123,1176,643,37,37,0.0001699029126213,0.7220980374900995,79227,366446,1137,529,204848,953677,39,114,147200,2709016,4815,55770,1041801,1767,1,113,0,3,526,0
snv_table,GCF_040922025.1,GCF_040922045.1,close_recombination,26,2039037,285111,1325122,9,5,1,1,1.048951048951049e-05,0.9998912704174865,40,178,6,4,285071,1324944,3,1,203830,3764384,6618,25,509,0,0,1,0,0,4,0
snv_table,GCF_040922025.1,GCF_040922065.1,close_recombination,25,2039317,285121,1325340,7,6,1,1,3.496503496503497e-06,0.9998912742309406,40,178,6,4,285081,1325162,1,2,203839,3765023,6624,25,509,0,0,2,0,0,4,0
snv_table,GCF_040928345.1,GCF_040928365.1,close_recombination,80,2038959,285200,1325136,18,39,1,1,2.7972027972027973e-05,0.9995441795231417,130,512,9,13,285070,1324624,9,26,203575,3763643,6654,66,1470,0,0,26,0,0,13,0
snv_table,GCF_040928465.1,GCF_040928505.1,close_recombination,68,2006282,280691,1303795,16,35,1,1,3.202846975088968e-05,0.9995332946193501,155,652,7,11,280536,1303143,9,24,200187,3702717,6525,87,1857,12,2,22,0,0,11,0
snv_table,GCF_040928465.1,GCF_047307425.1,close_recombination,1672,2016975,282048,1310738,649,393,7,7,9.777777777777778e-05,0.7943328795098706,58088,270601,626,320,223960,1040137,23,73,160042,2955092,5277,41454,769068,1281,1,72,0,0,320,0
snv_table,GCF_040928465.1,GCF_047310325.1,close_recombination,1700,2017923,282154,1311344,618,452,14,14,9.170305676855896e-05,0.8108692416198247,53485,245062,596,355,228669,1066282,22,97,165129,3028338,5379,36471,697542,1173,3,94,0,0,355,0
snv_table,GCF_040928505.1,GCF_047307425.1,close_recombination,1694,2006799,280793,1304153,649,416,8,8,0.0001255605381165,0.791793242709042,58543,272560,620,326,222250,1031593,29,90,158578,2930972,5229,41771,774619,1290,2,88,0,1,325,0
snv_table,GCF_040928505.1,GCF_047310325.1,close_recombination,1718,2007750,280900,1304763,617,468,15,15,0.0001385281385281,0.8190103239587042,50946,233385,584,349,229954,1071378,33,119,165717,3043008,5409,34729,664322,1104,4,115,0,1,348,0
snv_table,GCF_047307265.1,GCF_047310325.1,close_recombination,2298,2035435,284590,1322843,842,586,35,35,8.743169398907104e-05,0.6427843564426017,102022,469748,825,491,182568,853095,17,95,132083,2422906,4296,71358,1335582,2304,4,91,0,2,489,0
snv_table,GCF_047307325.1,GCF_047310325.1,close_recombination,2289,2035252,284571,1322720,838,583,36,36,0.0001021505376344,0.6527017861974692,99206,456458,819,488,185365,866262,19,95,134169,2460249,4368,69250,1297892,2232,4,91,0,3,485,0
snv_table,GCF_047307425.1,GCF_047310325.1,close_recombination,2378,2033558,284309,1321607,880,561,20,20,0.0001395348837209,0.7554808324745259,69702,324652,849,472,214607,996955,31,89,153748,2832092,5025,49534,922850,1572,4,85,0,0,472,0
snv_table,GCF_047307925.1,GCF_047308905.1,close_recombination,5117,2019258,282483,1312289,2005,943,39,39,0.0001485148514851,0.7186273156260731,79856,367455,1972,849,202627,944834,33,94,145889,2683762,4851,55836,1044858,1671,3,91,0,5,844,0
snv_table,GCF_047307925.1,GCF_047638235.1,close_recombination,918,2028344,283690,1318268,305,249,12,12,7.894736842105263e-05,0.9390884416087983,17461,79390,281,196,266229,1238878,24,53,190739,3519733,6162,11910,225834,426,5,48,0,3,193,0
snv_table,GCF_047307925.1,GCF_051065055.1,close_recombination,3458,2032895,284298,1321235,1303,748,40,40,0.0001421319796954,0.6937087140957727,87411,404569,1270,636,196887,916666,33,112,141439,2603912,4647,61722,1150056,1929,3,109,0,5,631,0
snv_table,GCF_047308905.1,GCF_047638235.1,close_recombination,5123,2013809,281749,1308736,2012,970,40,40,0.0001225490196078,0.7272430425662558,77089,353826,1984,872,204660,954910,28,98,147543,2712267,4920,53581,1006292,1605,1,97,0,4,868,0
snv_table,GCF_047308905.1,GCF_051065055.1,close_recombination,4303,2018838,282404,1312005,1689,818,32,32,0.000125,0.7646846361949547,66606,305000,1661,725,215798,1007005,28,93,155437,2860532,5046,46253,867232,1515,1,92,0,1,724,0
snv_table,GCF_047309325.1,GCF_047311065.1,close_recombination,3010,2047598,286331,1330699,1148,671,8,8,3.108808290155441e-05,0.6728227121757686,93761,436582,1142,623,192570,894117,6,48,137698,2540123,4530,66986,1240630,2130,2,46,0,1,620,2
snv_table,GCF_047309325.1,GCF_964238845.1,close_recombination,248,2051285,286820,1333142,90,86,1,1,5.755395683453237e-05,0.968795760407224,8950,42210,72,40,277870,1290932,18,46,198234,3668121,6441,6806,119566,258,3,43,0,0,40,0
snv_table,GCF_047309505.1,GCF_964240005.1,close_recombination,2331,2028630,283696,1318516,867,539,29,29,9.45273631840796e-05,0.7079408944785968,83119,383359,848,459,200577,935157,19,80,144895,2655923,4653,57977,1090231,1869,3,76,1,1,458,0
snv_table,GCF_047311065.1,GCF_964238335.1,close_recombination,3000,2048692,286441,1331403,1149,657,10,10,2.0618556701030927e-05,0.6755666961084482,93075,433675,1145,618,193366,897728,4,39,138215,2550406,4563,66572,1232344,2109,1,38,0,1,615,2
snv_table,GCF_047311065.1,GCF_964238845.1,close_recombination,3007,2048692,286441,1331403,1157,665,10,10,2.0618556701030927e-05,0.6755666961084482,93075,433675,1153,625,193366,897728,4,40,138215,2550406,4563,66572,1232344,2109,1,39,0,1,622,2
snv_table,GCF_047638235.1,GCF_051065055.1,close_recombination,3273,2028269,283694,1318202,1246,725,42,42,0.0001576354679802,0.7160179630164896,80871,373985,1208,607,202823,944217,38,118,145672,2682203,4776,56955,1063197,1803,0,118,0,6,601,0
snv_table,GCF_047777885.1,GCF_048453055.1,close_recombination,5334,2055482,287343,1335849,2076,928,4,4,0.0,0.8916869386064737,31300,146278,2076,927,256043,1189571,0,1,183321,3379266,6126,22142,416014,678,0,1,0,0,926,1
snv_table,GCF_964238335.1,GCF_964238845.1,close_recombination,177,2052217,286910,1333736,76,40,2,2,0.0,0.9668885713289882,9500,44701,76,35,277410,1289035,0,5,198065,3662581,6459,7073,126772,258,0,5,0,0,35,0
snv_table,GCF_964242805.1,GCF_964245285.1,close_recombination,84,2044528,285850,1328751,37,21,1,1,3.5087719298245615e-06,0.9951023263949624,1406,6799,36,19,284444,1321952,1,2,203243,3756013,6600,1063,19310,24,0,2,0,0,19,0
snv_table,GCF_964242805.1,GCF_964249125.1,close_recombination,16,2045098,285935,1329119,4,5,1,1,0.0,0.999597810691241,120,546,4,2,285815,1328573,0,3,204296,3774796,6627,67,1571,0,0,3,0,0,2,0
snv_table,GCF_964242805.1,GCF_964250055.1,close_recombination,84,2044349,285822,1328641,38,20,1,1,7.017543859649123e-06,0.9951298360518085,1406,6799,36,19,284416,1321842,2,1,203232,3755694,6600,1063,19310,24,0,1,0,0,19,0
snv_table,GCF_964242805.1,GCF_964252495.1,close_recombination,95,2044398,285830,1328671,41,23,2,2,3.5087719298245615e-06,0.9946821537277403,1526,7345,40,21,284304,1321326,1,2,203172,3754203,6603,1130,20881,24,0,2,0,0,21,0
snv_table,GCF_964245285.1,GCF_964249125.1,close_recombination,98,2044528,285850,1328751,41,24,2,2,3.5087719298245615e-06,0.9946825258002449,1526,7345,40,21,284324,1321406,1,3,203176,3754442,6600,1130,20881,24,0,3,0,0,21,0
snv_table,GCF_964245285.1,GCF_964252045.1,close_recombination,84,2044335,285822,1328631,38,21,1,1,7.017543859649123e-06,0.9951298360518085,1406,6799,36,19,284416,1321832,2,2,203230,3755666,6600,1063,19310,24,0,2,0,0,19,0
snv_table,GCF_964245285.1,GCF_964252495.1,close_recombination,13,2046768,286180,1330233,4,4,1,1,0.0,0.9996156265287581,110,498,4,2,286070,1329735,0,2,204483,3778098,6624,55,1439,0,0,2,0,0,2,0
snv_table,GCF_964249125.1,GCF_964250055.1,close_recombination,98,2044349,285822,1328641,42,23,2,2,7.017543859649123e-06,0.9947099943321368,1526,7345,40,21,284296,1321296,2,2,203165,3754123,6600,1130,20881,24,0,2,0,0,21,0
snv_table,GCF_964249125.1,GCF_964252045.1,close_recombination,18,2044398,285830,1328671,5,5,1,1,3.496503496503497e-06,0.9995801700311374,120,546,4,2,285710,1328125,1,3,204235,3773513,6627,67,1571,0,0,3,0,0,2,0
snv_table,GCF_964249125.1,GCF_964252495.1,close_recombination,87,2044398,285830,1328671,37,22,1,1,3.5087719298245615e-06,0.9951019836966029,1406,6799,36,19,284424,1321872,1,3,203239,3755774,6603,1063,19310,24,0,3,0,0,19,0
snv_table,GCF_964250055.1,GCF_964252045.1,close_recombination,82,2044349,285822,1328641,37,20,1,1,3.5087719298245615e-06,0.9951298360518085,1406,6799,36,19,284416,1321842,1,1,203232,3755694,6600,1063,19310,24,0,1,0,0,19,0
snv_table,GCF_964250055.1,GCF_964252495.1,close_recombination,13,2046782,286180,1330243,5,3,1,1,3.484320557491289e-06,0.9996156265287581,110,498,4,2,286070,1329745,1,1,204485,3778126,6624,55,1439,0,0,1,0,0,2,0
snv_table,GCF_964252045.1,GCF_964252495.1,close_recombination,95,2044398,285830,1328671,42,23,2,2,7.017543859649123e-06,0.9946821537277403,1526,7345,40,21,284304,1321326,2,2,203172,3754203,6603,1130,20881,24,0,2,0,0,21,0
