species_name,sample 1,sample 2,pair_class,event_count,dedup_event_count,clonal_divergence,clonal_fraction,stratum,plot_dS,core_dS_thin_denominator,core_dS_naive,core_dN_naive,synonymous_diffs,synonymous_sites,nonsynonymous_diffs,nonsynonymous_sites,dS_region,dN,dS_for_dNdS,dS_method,dNdS,plot_valid
snv_table,GCF_000012825.1,GCF_048453055.1,close_recombination,4,4,0.0,0.8916807322208495,full_core,0.0074266126085367765,0.007022916702918095,0.007224764655727436,0.0006946840946537022,2076.0,287345.0,928.0,1335859.0,0.007224764655727436,0.0006946840946537022,0.007022916702918095,poisson_thinned_full_core_4D,0.0989167498405689,True
snv_table,GCF_000699845.1,GCF_024047355.1,close_recombination,17,17,0.0002434782608695,0.8168085901875347,full_core,0.0024948722338890305,0.0024739069209992067,0.0024843895774441186,0.0003811167547795574,711.0,286187.0,507.0,1330301.0,0.0024843895774441186,0.0003811167547795574,0.0024739069209992067,poisson_thinned_full_core_4D,0.15405460550861186,True
snv_table,GCF_000699845.1,GCF_028199355.1,close_recombination,3,3,0.0002238267148014,0.9675887948337552,full_core,0.0007190854350292347,0.0007051226110480845,0.0007121040230386596,0.00015994040905698234,204.0,286475.0,213.0,1331746.0,0.0007121040230386596,0.00015994040905698234,0.0007051226110480845,poisson_thinned_full_core_4D,0.2268263796267278,True
snv_table,GCF_000699845.1,GCF_028200155.1,close_recombination,4,4,0.0002101449275362,0.9667250804644246,full_core,0.0008308257290670316,0.0007330815256473808,0.0007819536273572062,0.00017646789373178533,224.0,286462.0,235.0,1331687.0,0.0007819536273572062,0.00017646789373178533,0.0007330815256473808,poisson_thinned_full_core_4D,0.24072069416283187,True
snv_table,GCF_000699845.1,GCF_028200165.1,close_recombination,3,3,0.0002057761732851,0.9675865487318752,full_core,0.0007749069762571295,0.0006283029537219968,0.0007016049649895632,0.00015542955999918906,201.0,286486.0,207.0,1331793.0,0.0007016049649895632,0.00015542955999918906,0.0006283029537219968,poisson_thinned_full_core_4D,0.24737996069959822,True
snv_table,GCF_000699845.1,GCF_964252195.1,close_recombination,16,16,0.0002745901639344,0.8681438684264696,full_core,0.002044497475778287,0.0022189426528924755,0.0021317200643353813,0.00033399331412934324,611.0,286623.0,445.0,1332362.0,0.0021317200643353813,0.00033399331412934324,0.0022189426528924755,poisson_thinned_full_core_4D,0.15051912842090368,True
snv_table,GCF_002959625.1,GCF_048453055.1,close_recombination,4,4,0.0,0.8916403494416802,full_core,0.007304988492379901,0.007151785683197482,0.007228387087788691,0.0006949910467478837,2076.0,287201.0,928.0,1335269.0,0.007228387087788691,0.0006949910467478837,0.007151785683197482,poisson_thinned_full_core_4D,0.09717727537343668,True
snv_table,GCF_003436175.1,GCF_003460125.1,close_recombination,15,15,8.920187793427231e-05,0.7427031598961265,full_core,0.003040714113457082,0.003040714113457082,0.003040714113457082,0.0004075384078632355,870.0,286117.0,542.0,1329936.0,0.003040714113457082,0.0004075384078632355,0.003040714113457082,poisson_thinned_full_core_4D,0.13402720303747742,True
snv_table,GCF_003436175.1,GCF_003465015.1,close_recombination,7,7,6.008583690987125e-05,0.8142370938773228,full_core,0.0019288424848522968,0.0019567967237631998,0.0019428196043077483,0.00028114973704230475,556.0,286182.0,374.0,1330252.0,0.0019428196043077483,0.00028114973704230475,0.0019567967237631998,poisson_thinned_full_core_4D,0.14367856079685867,True
snv_table,GCF_003436605.1,GCF_003436855.1,close_recombination,2,2,2.4734982332155476e-05,0.9842265795206973,full_core,9.06318082788671e-05,7.66884531590414e-05,8.366013071895425e-05,2.3245403221512947e-05,24.0,286875.0,31.0,1333597.0,8.366013071895425e-05,2.3245403221512947e-05,7.66884531590414e-05,poisson_thinned_full_core_4D,0.30311477496234207,True
snv_table,GCF_003436605.1,GCF_021412685.1,close_recombination,13,13,1.6129032258064517e-05,0.8625764172319768,full_core,0.0017386993272141358,0.0016199929474444961,0.0016793461373293159,0.00022229915909334987,481.0,286421.0,296.0,1331539.0,0.0016793461373293159,0.00022229915909334987,0.0016199929474444961,poisson_thinned_full_core_4D,0.1372223005316301,True
snv_table,GCF_003436855.1,GCF_021412685.1,close_recombination,13,13,2.8455284552845528e-05,0.8563381658023131,full_core,0.0016682138943371466,0.0017938534344964297,0.0017310336644167882,0.00023197327427649112,496.0,286534.0,309.0,1332050.0,0.0017310336644167882,0.00023197327427649112,0.0017938534344964297,poisson_thinned_full_core_4D,0.12931562290182902,True
snv_table,GCF_003437875.1,GCF_047308005.1,close_recombination,9,9,7.063197026022304e-05,0.9452448958747892,full_core,0.0007959512145299838,0.0006832501576053843,0.000739600686067684,0.00011825707268261621,210.0,283937.0,156.0,1319160.0,0.000739600686067684,0.00011825707268261621,0.0006832501576053843,poisson_thinned_full_core_4D,0.17308019817672163,True
snv_table,GCF_003459365.1,GCF_028394795.1,close_recombination,29,29,0.0001244444444444,0.7872821492269019,full_core,0.002633168087407137,0.002647211650539975,0.002640189868973556,0.0003558148916464333,752.0,284828.0,471.0,1323722.0,0.002640189868973556,0.0003558148916464333,0.002647211650539975,poisson_thinned_full_core_4D,0.13441119888311712,True
snv_table,GCF_003459365.1,GCF_028396015.1,close_recombination,17,17,3.4883720930232556e-05,0.9005935754189944,full_core,0.001340782122905028,0.0013337988826815643,0.001337290502793296,0.0001975543819139339,383.0,286400.0,263.0,1331279.0,0.001337290502793296,0.0001975543819139339,0.0013337988826815643,poisson_thinned_full_core_4D,0.14811407062866666,True
snv_table,GCF_003459535.1,GCF_019042015.1,close_recombination,16,16,0.0001095890410958,0.7795020102983706,full_core,0.0027438809339070326,0.0027932566833603722,0.0027685688086337024,0.00044552050760496677,785.0,283540.0,587.0,1317560.0,0.0027685688086337024,0.00044552050760496677,0.0027932566833603722,poisson_thinned_full_core_4D,0.15949859182615186,True
snv_table,GCF_003459535.1,GCF_021410705.1,close_recombination,21,21,0.000127358490566,0.7466803831695691,full_core,0.0032694130205782775,0.0032271361280708,0.0032482745743245387,0.0004342185430262835,922.0,283843.0,573.0,1319612.0,0.0032482745743245387,0.0004342185430262835,0.0032271361280708,poisson_thinned_full_core_4D,0.13455228592599278,True
snv_table,GCF_003459535.1,GCF_040928465.1,close_recombination,19,19,7.488986784140969e-05,0.8018964942516508,full_core,0.002567430512705944,0.0023191982808144856,0.0024433143967602148,0.00037387769926346094,689.0,281994.0,490.0,1310589.0,0.0024433143967602148,0.00037387769926346094,0.0023191982808144856,poisson_thinned_full_core_4D,0.16120988979526055,True
snv_table,GCF_003459535.1,GCF_040928505.1,close_recombination,16,16,0.00012,0.8070087966095658,full_core,0.0026282987285872004,0.002307774493393639,0.00246803661099042,0.00038796689246953193,693.0,280790.0,506.0,1304235.0,0.00246803661099042,0.00038796689246953193,0.002307774493393639,poisson_thinned_full_core_4D,0.16811299959339487,True
snv_table,GCF_003459535.1,GCF_047307425.1,close_recombination,25,25,9.178743961352657e-05,0.7309492248893327,full_core,0.0034457176410195105,0.0036777761760269467,0.0035617469085232286,0.0004909228441754916,1013.0,284411.0,649.0,1322000.0,0.0035617469085232286,0.0004909228441754916,0.0036777761760269467,poisson_thinned_full_core_4D,0.13348361093192712,True
snv_table,GCF_003459535.1,GCF_047310325.1,close_recombination,23,23,0.0001141552511415,0.7719753372844297,full_core,0.002769985728246121,0.0028684116170670493,0.002819198672656585,0.0004310582783229867,802.0,284478.0,570.0,1322327.0,0.002819198672656585,0.0004310582783229867,0.0028684116170670493,poisson_thinned_full_core_4D,0.15027769228035123,True
snv_table,GCF_003459715.1,GCF_003475695.1,close_recombination,34,34,6.542056074766355e-05,0.7586459183386329,full_core,0.0028561780679292005,0.0029476320454737315,0.002901905056701466,0.00040341441483717345,825.0,284296.0,533.0,1321222.0,0.002901905056701466,0.00040341441483717345,0.0029476320454737315,poisson_thinned_full_core_4D,0.13686050654003468,True
snv_table,GCF_003459715.1,GCF_021891045.1,close_recombination,2,2,4.225352112676056e-05,0.9974319429757844,full_core,0.00012647066056328628,9.133992151792897e-05,0.00010890529104060762,3.250567337392259e-05,31.0,284651.0,43.0,1322846.0,0.00010890529104060762,3.250567337392259e-05,9.133992151792897e-05,poisson_thinned_full_core_4D,0.3558758627523246,True
snv_table,GCF_003459715.1,GCF_021891195.1,close_recombination,34,34,0.0001076233183856,0.815278252025804,full_core,0.0026362070927922867,0.0025187159688795386,0.0025774615308359126,0.0003847992446240701,702.0,272361.0,487.0,1265595.0,0.0025774615308359126,0.0003847992446240701,0.0025187159688795386,poisson_thinned_full_core_4D,0.15277595782078185,True
snv_table,GCF_003459715.1,GCF_027671015.1,close_recombination,16,16,1.5444015444015444e-05,0.9093081778690024,full_core,0.0007943090916759219,0.0006888698317189412,0.0007415894616974316,0.00013839584842705176,211.0,284524.0,183.0,1322294.0,0.0007415894616974316,0.00013839584842705176,0.0006888698317189412,poisson_thinned_full_core_4D,0.20090275702989016,True
snv_table,GCF_003459715.1,GCF_027686305.1,close_recombination,1,1,2.456140350877193e-05,0.9978536626491634,full_core,4.9179579233571383e-05,9.835915846714277e-05,7.376936885035708e-05,2.948090922147722e-05,21.0,284671.0,39.0,1322890.0,7.376936885035708e-05,2.948090922147722e-05,9.835915846714277e-05,poisson_thinned_full_core_4D,0.2997271396066837,True
snv_table,GCF_003459715.1,GCF_027686505.1,close_recombination,1,1,1.7605633802816902e-05,0.9978348435533873,full_core,7.029728722768588e-05,6.32675585049173e-05,6.678242286630158e-05,2.344543528719524e-05,19.0,284506.0,31.0,1322219.0,6.678242286630158e-05,2.344543528719524e-05,6.32675585049173e-05,poisson_thinned_full_core_4D,0.3705759451010427,True
snv_table,GCF_003459715.1,GCF_030541685.1,close_recombination,16,16,2.2900763358778624e-05,0.9199142565976736,full_core,0.000681730329971536,0.0007098429208981972,0.0006957866254348667,0.000124767667479799,198.0,284570.0,165.0,1322458.0,0.0006957866254348667,0.000124767667479799,0.0007098429208981972,poisson_thinned_full_core_4D,0.17576799571646734,True
snv_table,GCF_003459715.1,GCF_030546205.1,close_recombination,14,14,4.9429657794676805e-05,0.9234202572573276,full_core,0.0006466577634076053,0.0007520910943979756,0.0006993744289027905,0.00012326567837337704,199.0,284540.0,163.0,1322347.0,0.0006993744289027905,0.00012326567837337704,0.0007520910943979756,poisson_thinned_full_core_4D,0.16389727160916218,True
snv_table,GCF_003459715.1,GCF_040921925.1,close_recombination,19,19,6.910569105691057e-05,0.8683029075613591,full_core,0.001536631307623674,0.0013879250520471894,0.0014622781798354317,0.00023321393186494932,413.0,282436.0,306.0,1312100.0,0.0014622781798354317,0.00023321393186494932,0.0013879250520471894,poisson_thinned_full_core_4D,0.168030637908696,True
snv_table,GCF_003459715.1,GCF_040921935.1,close_recombination,21,21,4.838709677419355e-05,0.8706835279132448,full_core,0.0014637476161321876,0.0014426358716687427,0.0014531917439004653,0.0002263933793186998,413.0,284202.0,299.0,1320710.0,0.0014531917439004653,0.0002263933793186998,0.0014426358716687427,poisson_thinned_full_core_4D,0.15693036875398322,True
snv_table,GCF_003459715.1,GCF_047307925.1,close_recombination,14,14,4.9429657794676805e-05,0.9241396280802896,full_core,0.0006890005976025592,0.0007100924526312089,0.000699546525116884,0.00012783429045161055,199.0,284470.0,169.0,1322024.0,0.000699546525116884,0.00012783429045161055,0.0007100924526312089,poisson_thinned_full_core_4D,0.1800248544790577,True
snv_table,GCF_003459715.1,GCF_047638235.1,close_recombination,24,24,6.122448979591836e-05,0.8639300485460836,full_core,0.0016839642915019693,0.001585322031748716,0.0016346431616253425,0.0002782510066696842,464.0,283854.0,367.0,1318953.0,0.0016346431616253425,0.0002782510066696842,0.001585322031748716,poisson_thinned_full_core_4D,0.17551702499381452,True
snv_table,GCF_003460125.1,GCF_003465015.1,close_recombination,17,17,9.871244635193133e-05,0.8100465038334241,full_core,0.0025765637437680676,0.002604493974052816,0.002590528858910442,0.00031245446501937065,742.0,286428.0,416.0,1331394.0,0.002590528858910442,0.00031245446501937065,0.002604493974052816,poisson_thinned_full_core_4D,0.11996743633588243,True
snv_table,GCF_003466785.1,GCF_003475695.1,close_recombination,31,31,8.530805687203791e-05,0.7397492542353802,full_core,0.0026734958068328923,0.0031589463612314967,0.0029162210840321945,0.0003988991292342348,829.0,284272.0,527.0,1321136.0,0.0029162210840321945,0.0003988991292342348,0.0031589463612314967,poisson_thinned_full_core_4D,0.12627600586377993,True
snv_table,GCF_003466785.1,GCF_021891045.1,close_recombination,2,2,4.225352112676056e-05,0.9973715466409911,full_core,0.00013353105299777215,0.00010541925236666221,0.00011947515268221717,2.9488956385833504e-05,34.0,284578.0,39.0,1322529.0,0.00011947515268221717,2.9488956385833504e-05,0.00010541925236666221,poisson_thinned_full_core_4D,0.2797302743455909,True
snv_table,GCF_003466785.1,GCF_021891195.1,close_recombination,33,33,8.67579908675799e-05,0.8062051944999412,full_core,0.002629568691973205,0.0025487718885885535,0.002589170290280879,0.0003809424452869437,705.0,272288.0,482.0,1265283.0,0.002589170290280879,0.0003809424452869437,0.0025487718885885535,poisson_thinned_full_core_4D,0.1494611765739068,True
snv_table,GCF_003466785.1,GCF_027671015.1,close_recombination,15,15,2.3166023166023165e-05,0.9083272115036504,full_core,0.0007873434539773146,0.0007240747835684233,0.000755709118772869,0.00013537919788959713,215.0,284501.0,179.0,1322212.0,0.000755709118772869,0.00013537919788959713,0.0007240747835684233,poisson_thinned_full_core_4D,0.18696852999411784,True
snv_table,GCF_003466785.1,GCF_027686305.1,close_recombination,1,1,2.8169014084507043e-05,0.9978737985204448,full_core,9.840271310337557e-05,7.028765221669683e-05,8.434518266003619e-05,2.344327219680854e-05,24.0,284545.0,31.0,1322341.0,8.434518266003619e-05,2.344327219680854e-05,7.028765221669683e-05,poisson_thinned_full_core_4D,0.3335332943620443,True
snv_table,GCF_003466785.1,GCF_027686505.1,close_recombination,1,1,1.7605633802816902e-05,0.9978664848316562,full_core,7.732674415743725e-05,5.623763211449982e-05,6.678218813596854e-05,2.0420047949297776e-05,19.0,284507.0,27.0,1322230.0,6.678218813596854e-05,2.0420047949297776e-05,5.623763211449982e-05,poisson_thinned_full_core_4D,0.3631029113694289,True
snv_table,GCF_003466785.1,GCF_030541685.1,close_recombination,15,15,1.9157088122605363e-05,0.9146947912969218,full_core,0.0008434577550668967,0.0005482475407934829,0.0006958526479301898,0.00012175238740550956,198.0,284543.0,161.0,1322356.0,0.0006958526479301898,0.00012175238740550956,0.0005482475407934829,poisson_thinned_full_core_4D,0.2220755741636276,True
snv_table,GCF_003466785.1,GCF_030546205.1,close_recombination,15,15,3.435114503816794e-05,0.9201688499295289,full_core,0.0008154284689979017,0.0006115713517484263,0.0007134999103731639,0.00012025002930621783,203.0,284513.0,159.0,1322245.0,0.0007134999103731639,0.00012025002930621783,0.0006115713517484263,poisson_thinned_full_core_4D,0.1966246930344825,True
snv_table,GCF_003466785.1,GCF_040921925.1,close_recombination,20,20,4.098360655737705e-05,0.8657656094529566,full_core,0.0014093035278620724,0.0015296962915487822,0.0014694999097054273,0.00023018327771841116,415.0,282409.0,302.0,1311998.0,0.0014694999097054273,0.00023018327771841116,0.0015296962915487822,poisson_thinned_full_core_4D,0.15047645666013607,True
snv_table,GCF_003466785.1,GCF_040921935.1,close_recombination,20,20,4.4715447154471546e-05,0.8649186950386555,full_core,0.0016116715990386274,0.0013231190420055106,0.001467395320522069,0.0002226233818157587,417.0,284177.0,294.0,1320616.0,0.001467395320522069,0.0002226233818157587,0.0013231190420055106,poisson_thinned_full_core_4D,0.1682565020591938,True
snv_table,GCF_003466785.1,GCF_047307925.1,close_recombination,15,15,3.435114503816794e-05,0.9205303368574272,full_core,0.0007594322540722797,0.0006539555521177964,0.000706693903095038,0.0001248265667247173,201.0,284423.0,165.0,1321834.0,0.000706693903095038,0.0001248265667247173,0.0006539555521177964,poisson_thinned_full_core_4D,0.19087928272873264,True
snv_table,GCF_003466785.1,GCF_047638235.1,close_recombination,25,25,5.714285714285714e-05,0.8652446781144615,full_core,0.0013742991955063941,0.0019169711855268675,0.0016456351905166308,0.00027452506027038446,467.0,283781.0,362.0,1318641.0,0.0016456351905166308,0.00027452506027038446,0.0019169711855268675,poisson_thinned_full_core_4D,0.14320771347167274,True
snv_table,GCF_003466945.1,GCF_019127815.1,close_recombination,27,27,0.0001346153846153,0.7286644482858976,full_core,0.002826156322209872,0.003099655321133408,0.00296290582167164,0.0004375103248665028,845.0,285193.0,580.0,1325683.0,0.00296290582167164,0.0004375103248665028,0.003099655321133408,poisson_thinned_full_core_4D,0.14114805665119065,True
snv_table,GCF_003466945.1,GCF_019127895.1,close_recombination,27,27,0.0001387559808612,0.7299958620592918,full_core,0.0028053835309959814,0.003113975719405539,0.0029596796252007603,0.0004375522422289213,844.0,285166.0,580.0,1325556.0,0.0029596796252007603,0.0004375522422289213,0.003113975719405539,poisson_thinned_full_core_4D,0.14051241295884298,True
snv_table,GCF_003466945.1,GCF_021410225.1,close_recombination,21,21,6.694560669456067e-05,0.8346447309853182,full_core,0.001990754208447387,0.002039822093866865,0.002015288151157126,0.00029405666245688113,575.0,285319.0,390.0,1326275.0,0.002015288151157126,0.00029405666245688113,0.002039822093866865,poisson_thinned_full_core_4D,0.1441579946315032,True
snv_table,GCF_003466945.1,GCF_024790525.1,close_recombination,28,28,0.0001761658031088,0.6872576216491635,full_core,0.0034322189826478332,0.0037719025108274126,0.003602060746737623,0.0005177607153625696,1018.0,282616.0,680.0,1313348.0,0.003602060746737623,0.0005177607153625696,0.0037719025108274126,poisson_thinned_full_core_4D,0.1372677883047917,True
snv_table,GCF_003466945.1,GCF_028199465.1,close_recombination,31,31,0.0001442307692307,0.7506045553199098,full_core,0.0031511228973335834,0.003257340523086401,0.003204231710209992,0.0004625420917113524,905.0,282439.0,607.0,1312313.0,0.003204231710209992,0.0004625420917113524,0.003257340523086401,poisson_thinned_full_core_4D,0.14199991939224202,True
snv_table,GCF_003466945.1,GCF_028199675.1,close_recombination,33,33,0.0001428571428571,0.7529678184102047,full_core,0.0031633140491481343,0.0033119261185712012,0.0032376200838596676,0.00047138344568352884,915.0,282615.0,619.0,1313156.0,0.0032376200838596676,0.00047138344568352884,0.0033119261185712012,poisson_thinned_full_core_4D,0.14232909455325907,True
snv_table,GCF_003467565.1,GCF_028201295.1,close_recombination,42,42,3.664921465968586e-05,0.6704250087811732,full_core,0.004032314717246224,0.003765367053038286,0.003898840885142255,0.0005062602479919603,1110.0,284700.0,670.0,1323430.0,0.003898840885142255,0.0005062602479919603,0.003765367053038286,poisson_thinned_full_core_4D,0.13445176548816334,True
snv_table,GCF_003469525.1,GCF_047308005.1,close_recombination,10,10,8.178438661710037e-05,0.9456894213938812,full_core,0.0007114153996781021,0.0007888962847915588,0.0007501558422348305,0.00012129252345304652,213.0,283941.0,160.0,1319125.0,0.0007501558422348305,0.00012129252345304652,0.0007888962847915588,poisson_thinned_full_core_4D,0.1537496446508102,True
snv_table,GCF_003471775.1,GCF_047948285.1,close_recombination,29,29,6.341463414634146e-05,0.7203600040813598,full_core,0.0025895524226036966,0.002505110495779663,0.00254733145919168,0.00038545596638884556,724.0,284219.0,509.0,1320514.0,0.00254733145919168,0.00038545596638884556,0.002505110495779663,poisson_thinned_full_core_4D,0.153867850155999,True
snv_table,GCF_003475435.1,GCF_027683305.1,close_recombination,17,17,6.140350877192983e-05,0.8053359159883073,full_core,0.00308221962228671,0.0031458434218293255,0.0031140315220580177,0.00039791531935937915,881.0,282913.0,523.0,1314350.0,0.0031140315220580177,0.00039791531935937915,0.0031458434218293255,poisson_thinned_full_core_4D,0.12648923229878656,True
snv_table,GCF_003475695.1,GCF_021891045.1,close_recombination,33,33,0.0001116279069767,0.7580217994576515,full_core,0.002982565357925429,0.0029755310056661707,0.0029790481817958,0.00040564236419873145,847.0,284319.0,536.0,1321361.0,0.0029790481817958,0.00040564236419873145,0.0029755310056661707,poisson_thinned_full_core_4D,0.13632604178087368,True
snv_table,GCF_003475695.1,GCF_021891195.1,close_recombination,8,8,3.4883720930232556e-05,0.9470940265080589,full_core,0.0004846348716819033,0.0006168080185042405,0.0005507214450930719,8.137120754872002e-05,150.0,272370.0,103.0,1265804.0,0.0005507214450930719,8.137120754872002e-05,0.0006168080185042405,poisson_thinned_full_core_4D,0.13192307023836233,True
snv_table,GCF_003475695.1,GCF_027660715.1,close_recombination,33,33,7.87037037037037e-05,0.759982553395053,full_core,0.00286321298927878,0.0029476320454737315,0.002905422517376256,0.00040113012737016815,826.0,284296.0,530.0,1321267.0,0.002905422517376256,0.00040113012737016815,0.0029476320454737315,poisson_thinned_full_core_4D,0.136085549750393,True
snv_table,GCF_003475695.1,GCF_027671015.1,close_recombination,27,27,8.583690987124464e-05,0.8178594296409397,full_core,0.0025119440476776833,0.0025260165633509473,0.0025189803055143153,0.0003519972627481675,716.0,284242.0,465.0,1321033.0,0.0025189803055143153,0.0003519972627481675,0.0025260165633509473,poisson_thinned_full_core_4D,0.139348754816246,True
snv_table,GCF_003475695.1,GCF_027686305.1,close_recombination,32,32,6.666666666666667e-05,0.7446505394310559,full_core,0.002954822868921947,0.0029688934540120513,0.002961858161466999,0.0004041933164288688,842.0,284281.0,534.0,1321150.0,0.002961858161466999,0.0004041933164288688,0.0029688934540120513,poisson_thinned_full_core_4D,0.1361427490375773,True
snv_table,GCF_003475695.1,GCF_027686505.1,close_recombination,33,33,6.19047619047619e-05,0.7448990721747422,full_core,0.0029625668072888996,0.0029625668072888996,0.0029625668072888996,0.00040048815645232603,842.0,284213.0,529.0,1320888.0,0.0029625668072888996,0.00040048815645232603,0.0029625668072888996,poisson_thinned_full_core_4D,0.13518282709000587,True
snv_table,GCF_003475695.1,GCF_030541685.1,close_recombination,25,25,8.974358974358975e-05,0.8214354807506288,full_core,0.0024411262948697654,0.002511475755817021,0.0024763010253433934,0.0003390707946517637,704.0,284295.0,448.0,1321258.0,0.0024763010253433934,0.0003390707946517637,0.002511475755817021,poisson_thinned_full_core_4D,0.13500858762678314,True
snv_table,GCF_003475695.1,GCF_030546205.1,close_recombination,24,24,8.189655172413794e-05,0.8150845162084674,full_core,0.002624311821715653,0.0023217772149226952,0.002473044518319174,0.0003375854465854292,703.0,284265.0,446.0,1321147.0,0.002473044518319174,0.0003375854465854292,0.0023217772149226952,poisson_thinned_full_core_4D,0.14539958632364702,True
snv_table,GCF_003475695.1,GCF_040921925.1,close_recombination,24,24,6.46551724137931e-05,0.8209663931056966,full_core,0.0021757310314524246,0.0021119473855792264,0.0021438392085158255,0.00028907156923912395,605.0,282204.0,379.0,1311094.0,0.0021438392085158255,0.00028907156923912395,0.0021119473855792264,poisson_thinned_full_core_4D,0.13687441799590225,True
snv_table,GCF_003475695.1,GCF_040921935.1,close_recombination,25,25,6.41025641025641e-05,0.823900146119043,full_core,0.002168899529954404,0.002091438832456032,0.002130169181205218,0.0002818476477086241,605.0,284015.0,372.0,1319862.0,0.002130169181205218,0.0002818476477086241,0.002091438832456032,poisson_thinned_full_core_4D,0.13476255835684323,True
snv_table,GCF_003475695.1,GCF_047307925.1,close_recombination,26,26,8.898305084745763e-05,0.8270123839009288,full_core,0.0025612158739093723,0.002385308190261751,0.0024732620320855616,0.00034216891183472937,703.0,284240.0,452.0,1320985.0,0.0024732620320855616,0.00034216891183472937,0.002385308190261751,poisson_thinned_full_core_4D,0.14344851253673077,True
snv_table,GCF_003475695.1,GCF_047638235.1,close_recombination,25,25,9.4017094017094e-05,0.8287107728874047,full_core,0.002327443021726328,0.0020735401466289104,0.002200491584177619,0.00032100292545219293,624.0,283573.0,423.0,1317745.0,0.002200491584177619,0.00032100292545219293,0.0020735401466289104,poisson_thinned_full_core_4D,0.1548091200327461,True
snv_table,GCF_003568805.2,GCF_024022975.1,close_recombination,1,1,3.533568904593639e-06,0.9998620001486151,full_core,4.246149273377706e-05,3.5384577278147545e-05,3.89230350059623e-05,8.373252178758277e-06,11.0,282609.0,11.0,1313707.0,3.89230350059623e-05,8.373252178758277e-06,3.5384577278147545e-05,poisson_thinned_full_core_4D,0.2366356424986698,True
snv_table,GCF_003568805.2,GCF_024759565.1,close_recombination,36,36,0.0001466666666666,0.7963672857127659,full_core,0.002411407375360381,0.0030071668445670638,0.0027092871099637225,0.0004249319879950992,764.0,281993.0,557.0,1310798.0,0.0027092871099637225,0.0004249319879950992,0.0030071668445670638,poisson_thinned_full_core_4D,0.14130642227677123,True
snv_table,GCF_003568805.2,GCF_024789245.1,close_recombination,35,35,0.0001318181818181,0.7821798711703741,full_core,0.0028068230671114947,0.002636281918730037,0.0027215524929207657,0.00043575349806854175,766.0,281457.0,570.0,1308079.0,0.0027215524929207657,0.00043575349806854175,0.002636281918730037,poisson_thinned_full_core_4D,0.16529093302678916,True
snv_table,GCF_004167625.1,GCF_040922025.1,close_recombination,1,1,6.993006993006993e-06,0.9998635834187396,full_core,2.7982888463704446e-05,2.7982888463704446e-05,2.7982888463704446e-05,2.634032756831364e-05,8.0,285889.0,35.0,1328761.0,2.7982888463704446e-05,2.634032756831364e-05,2.7982888463704446e-05,poisson_thinned_full_core_4D,0.9413012385222022,True
snv_table,GCF_007556395.1,GCF_007556405.1,close_recombination,1,1,3.5087719298245615e-06,0.9997788488203516,full_core,2.8082689479171422e-05,2.8082689479171422e-05,2.8082689479171422e-05,1.8879907926465025e-05,8.0,284873.0,25.0,1324159.0,2.8082689479171422e-05,1.8879907926465025e-05,2.8082689479171422e-05,poisson_thinned_full_core_4D,0.6722970013419839,True
snv_table,GCF_008728395.1,GCF_015561035.1,close_recombination,11,11,5.3435114503816794e-05,0.9272547693810868,full_core,0.0009699836094010528,0.0009912241263952365,0.0009806038678981447,0.00015081497211827245,277.0,282479.0,198.0,1312867.0,0.0009806038678981447,0.00015081497211827245,0.0009912241263952365,poisson_thinned_full_core_4D,0.15215022324641958,True
snv_table,GCF_008728395.1,GCF_019129355.1,close_recombination,12,12,5.703422053231939e-05,0.928655608209259,full_core,0.0008635364649506829,0.0008210674584776985,0.0008423019617141906,0.000130220132946379,238.0,282559.0,171.0,1313161.0,0.0008423019617141906,0.000130220132946379,0.0008210674584776985,poisson_thinned_full_core_4D,0.15859857993618925,True
snv_table,GCF_008728395.1,GCF_021406445.1,close_recombination,13,13,3.39622641509434e-05,0.9398253566285742,full_core,0.0008370397168252076,0.0009150688429699304,0.000876054279897569,0.00013889217464698874,247.0,281946.0,182.0,1310369.0,0.000876054279897569,0.00013889217464698874,0.0009150688429699304,poisson_thinned_full_core_4D,0.1517833064845732,True
snv_table,GCF_008728395.1,GCF_028199555.1,close_recombination,14,14,4.511278195488722e-05,0.9447046205146176,full_core,0.0009203507244222144,0.001005306175907342,0.0009628284501647782,0.0001370934512743217,272.0,282501.0,180.0,1312973.0,0.0009628284501647782,0.0001370934512743217,0.001005306175907342,poisson_thinned_full_core_4D,0.13636984886777168,True
snv_table,GCF_008728395.1,GCF_047307865.1,close_recombination,17,17,5.363984674329502e-05,0.925134617495141,full_core,0.0011753585374574729,0.0010903928600509087,0.0011328756987541908,0.00017672151127361366,320.0,282467.0,232.0,1312800.0,0.0011328756987541908,0.00017672151127361366,0.0010903928600509087,poisson_thinned_full_core_4D,0.16207141274325917,True
snv_table,GCF_009025375.1,GCF_013368705.1,close_recombination,16,16,0.000125,0.7807849767357375,full_core,0.0027805334711956294,0.0027805334711956294,0.0027805334711956294,0.000396067284842272,796.0,286276.0,527.0,1330582.0,0.0027805334711956294,0.000396067284842272,0.0027805334711956294,poisson_thinned_full_core_4D,0.14244291210490737,True
snv_table,GCF_009025375.1,GCF_015555645.1,close_recombination,25,25,0.0001428571428571,0.6599611664071929,full_core,0.004338167124389945,0.004191229205660609,0.004264698165025277,0.0005720475010180187,1219.0,285835.0,760.0,1328561.0,0.004264698165025277,0.0005720475010180187,0.004191229205660609,poisson_thinned_full_core_4D,0.13648680922661552,True
snv_table,GCF_009025375.1,GCF_024047375.1,close_recombination,30,30,7.065217391304347e-05,0.6418779723038891,full_core,0.004972171204704009,0.005230556506072055,0.0051013638553880315,0.000676056338028169,1461.0,286394.0,900.0,1331250.0,0.0051013638553880315,0.000676056338028169,0.005230556506072055,poisson_thinned_full_core_4D,0.12925132101017317,True
snv_table,GCF_009025375.1,GCF_024461205.1,close_recombination,18,18,0.0001363636363636,0.7690718689713848,full_core,0.0032000896305191917,0.003578218383359534,0.003389154006939363,0.0004564480059775105,968.0,285617.0,606.0,1327643.0,0.003389154006939363,0.0004564480059775105,0.003578218383359534,poisson_thinned_full_core_4D,0.1275629257566327,True
snv_table,GCF_009025375.1,GCF_024461385.1,close_recombination,19,19,0.000131221719457,0.7715090937735222,full_core,0.003108862709401859,0.003241899627146533,0.003175381168274196,0.0004217756755942518,907.0,285635.0,560.0,1327720.0,0.003175381168274196,0.0004217756755942518,0.003241899627146533,poisson_thinned_full_core_4D,0.13010139859434572,True
snv_table,GCF_009025375.1,GCF_028396205.1,close_recombination,25,25,0.0001428571428571,0.660095454036502,full_core,0.004317825551450005,0.004198857910648304,0.004258341731049155,0.0005728808302481078,1217.0,285792.0,761.0,1328374.0,0.004258341731049155,0.0005728808302481078,0.004198857910648304,poisson_thinned_full_core_4D,0.13643729853188935,True
snv_table,GCF_009025375.1,GCF_028396285.1,close_recombination,25,25,0.0001428571428571,0.6599611664071929,full_core,0.004205223293158641,0.004324173036891913,0.004264698165025277,0.0005720475010180187,1219.0,285835.0,760.0,1328561.0,0.004264698165025277,0.0005720475010180187,0.004324173036891913,poisson_thinned_full_core_4D,0.1322906128264445,True
snv_table,GCF_009025375.1,GCF_039760295.1,close_recombination,9,9,4.247104247104247e-05,0.902357561105133,full_core,0.0013136380787344354,0.0011110024176530597,0.0012123202481937477,0.00017811245885376742,347.0,286228.0,237.0,1330620.0,0.0012123202481937477,0.00017811245885376742,0.0011110024176530597,poisson_thinned_full_core_4D,0.16031689582640296,True
snv_table,GCF_009025375.1,GCF_039760315.1,close_recombination,10,10,3.875968992248062e-05,0.9009065660535556,full_core,0.0013694562350434068,0.0010760013275341053,0.001222728781288756,0.0001841104422182528,350.0,286245.0,245.0,1330723.0,0.001222728781288756,0.0001841104422182528,0.0010760013275341053,poisson_thinned_full_core_4D,0.1711061478336486,True
snv_table,GCF_009025375.1,GCF_039760335.1,close_recombination,10,10,5.4054054054054054e-05,0.9019669496558712,full_core,0.0011319568179436119,0.0013276036753659644,0.0012297802466547882,0.0001908937661160559,352.0,286230.0,254.0,1330583.0,0.0012297802466547882,0.0001908937661160559,0.0013276036753659644,poisson_thinned_full_core_4D,0.14378821756683863,True
snv_table,GCF_009025375.1,GCF_040098345.1,close_recombination,21,21,0.0001018518518518,0.7550651014770806,full_core,0.005531612465033558,0.004894426725390451,0.005213019595212004,0.0005453441618798405,1489.0,285631.0,724.0,1327602.0,0.005213019595212004,0.0005453441618798405,0.004894426725390451,poisson_thinned_full_core_4D,0.11142145801280452,True
snv_table,GCF_012976745.1,GCF_040922025.1,close_recombination,1,1,1.3986013986013986e-05,0.9998810955991384,full_core,2.7977506085107574e-05,4.196625912766136e-05,3.4971882606384464e-05,1.8810952187826604e-05,10.0,285944.0,25.0,1329013.0,3.4971882606384464e-05,1.8810952187826604e-05,4.196625912766136e-05,poisson_thinned_full_core_4D,0.4482399093663242,True
snv_table,GCF_013368705.1,GCF_015555645.1,close_recombination,13,13,0.0001728971962616,0.7516608535335336,full_core,0.00263777475362694,0.0027847065038289712,0.0027112406287279557,0.00038541853291037664,775.0,285847.0,512.0,1328426.0,0.0027112406287279557,0.00038541853291037664,0.0027847065038289712,poisson_thinned_full_core_4D,0.13840544142818145,True
snv_table,GCF_013368705.1,GCF_020560185.1,close_recombination,14,14,0.0001722488038277,0.7305789394664162,full_core,0.003086559847487631,0.003212256854851381,0.003149408351169506,0.00045599943507154006,902.0,286403.0,607.0,1331142.0,0.003149408351169506,0.00045599943507154006,0.003212256854851381,poisson_thinned_full_core_4D,0.14195609369868945,True
snv_table,GCF_013368705.1,GCF_024047375.1,close_recombination,25,25,8.962264150943396e-05,0.7385964851020145,full_core,0.0038899228649945353,0.00393880878968926,0.003914365827341898,0.0005266669271201161,1121.0,286381.0,701.0,1331012.0,0.003914365827341898,0.0005266669271201161,0.00393880878968926,poisson_thinned_full_core_4D,0.1337122351556613,True
snv_table,GCF_013368705.1,GCF_024461205.1,close_recombination,11,11,0.0001460674157303,0.9319969763991152,full_core,0.0012038410929757271,0.0013018281586830538,0.0012528346258293905,0.00023114824206867888,358.0,285752.0,307.0,1328152.0,0.0012528346258293905,0.00023114824206867888,0.0013018281586830538,poisson_thinned_full_core_4D,0.17755664641830413,True
snv_table,GCF_013368705.1,GCF_024461385.1,close_recombination,8,8,0.0001444444444444,0.9439660149839209,full_core,0.0009378072806038359,0.0008048346064883666,0.0008713209435461012,0.00016939569403674455,249.0,285773.0,225.0,1328251.0,0.0008713209435461012,0.00016939569403674455,0.0008048346064883666,poisson_thinned_full_core_4D,0.21047267683462,True
snv_table,GCF_013368705.1,GCF_028396205.1,close_recombination,13,13,0.0001775700934579,0.7516608535335336,full_core,0.002581800753549976,0.0028406805039059356,0.0027112406287279557,0.0003876689653303504,775.0,285847.0,515.0,1328453.0,0.0027112406287279557,0.0003876689653303504,0.0028406805039059356,poisson_thinned_full_core_4D,0.1364704565674688,True
snv_table,GCF_013368705.1,GCF_028396285.1,close_recombination,13,13,0.0001728971962616,0.7516608535335336,full_core,0.002658765003655802,0.0027637162538001097,0.0027112406287279557,0.00038541853291037664,775.0,285847.0,512.0,1328426.0,0.0027112406287279557,0.00038541853291037664,0.0027637162538001097,poisson_thinned_full_core_4D,0.13945662199599043,True
snv_table,GCF_013368705.1,GCF_039760295.1,close_recombination,9,9,0.0001452991452991,0.8163379454516217,full_core,0.0021534094484335345,0.0022163337504981506,0.0021848715994658425,0.0003301551202621988,625.0,286058.0,439.0,1329678.0,0.0021848715994658425,0.0003301551202621988,0.0022163337504981506,poisson_thinned_full_core_4D,0.14896453216398117,True
snv_table,GCF_013368705.1,GCF_039760315.1,close_recombination,9,9,0.0001495726495726,0.8163857409517684,full_core,0.002209187704052741,0.002160250001747775,0.002184718852900258,0.00033162657193627055,625.0,286078.0,441.0,1329809.0,0.002184718852900258,0.00033162657193627055,0.002160250001747775,poisson_thinned_full_core_4D,0.15351305250224015,True
snv_table,GCF_013368705.1,GCF_039760335.1,close_recombination,9,9,0.0001581196581196,0.8163536251327631,full_core,0.0020613226004807424,0.0023198613673207,0.0021905919839007213,0.00034126024250524106,627.0,286224.0,454.0,1330363.0,0.0021905919839007213,0.00034126024250524106,0.0023198613673207,poisson_thinned_full_core_4D,0.14710372236569294,True
snv_table,GCF_013368705.1,GCF_040095755.1,close_recombination,19,19,0.0001639344262295,0.6374483852778526,full_core,0.005589624871729317,0.005365479513464482,0.0054775521925968995,0.0007670826595614819,1564.0,285529.0,1018.0,1327106.0,0.0054775521925968995,0.0007670826595614819,0.005365479513464482,poisson_thinned_full_core_4D,0.14296628244251328,True
snv_table,GCF_013368705.1,GCF_040098345.1,close_recombination,11,11,0.0001149425287356,0.9165356646441588,full_core,0.0029059691407084262,0.0030810275226788135,0.00299349833169362,0.00030511324598305226,855.0,285619.0,405.0,1327376.0,0.00299349833169362,0.00030511324598305226,0.0030810275226788135,poisson_thinned_full_core_4D,0.09902970477776522,True
snv_table,GCF_015555055.1,GCF_018289355.1,close_recombination,4,4,4.4943820224719104e-05,0.9350993284687896,full_core,0.000637551801083838,0.0006585699923283602,0.0006480608967060991,0.00011985427529245574,185.0,285467.0,159.0,1326611.0,0.0006480608967060991,0.00011985427529245574,0.0006585699923283602,poisson_thinned_full_core_4D,0.18199170428144393,True
snv_table,GCF_015555055.1,GCF_028200935.1,close_recombination,1,1,1.444043321299639e-05,0.9661542328153144,full_core,0.0002652927295829319,0.00034906938103017353,0.00030718105530655275,6.157857426075673e-05,88.0,286476.0,82.0,1331632.0,0.00030718105530655275,6.157857426075673e-05,0.00034906938103017353,poisson_thinned_full_core_4D,0.17640783639924545,True
snv_table,GCF_015555055.1,GCF_028201045.1,close_recombination,1,1,2.5270758122743684e-05,0.9661657021995436,full_core,0.0003629840077622734,0.00027921846750944107,0.00032110123763585724,6.53249767420557e-05,92.0,286514.0,87.0,1331803.0,0.00032110123763585724,6.53249767420557e-05,0.00027921846750944107,poisson_thinned_full_core_4D,0.23395650482841684,True
snv_table,GCF_015555055.1,GCF_028201315.1,close_recombination,1,1,7.942238267148014e-05,0.9661655316371304,full_core,0.00034906085177829053,0.00039094815399168535,0.00037000450288498794,0.00010062779730257427,106.0,286483.0,134.0,1331640.0,0.00037000450288498794,0.00010062779730257427,0.00039094815399168535,poisson_thinned_full_core_4D,0.2573942254877981,True
snv_table,GCF_015555055.1,GCF_028395215.1,close_recombination,1,1,2.1660649819494583e-05,0.9661044759966344,full_core,0.0003630790499897011,0.00026532699806939696,0.00031420302402954906,6.008392221835849e-05,90.0,286439.0,80.0,1331471.0,0.00031420302402954906,6.008392221835849e-05,0.00026532699806939696,poisson_thinned_full_core_4D,0.22645234995137353,True
snv_table,GCF_015555055.1,GCF_028395235.1,close_recombination,1,1,3.2490974729241876e-05,0.96613886696514,full_core,0.0003282741857752509,0.00034922785720771374,0.00033875102149148235,6.911737858818739e-05,97.0,286346.0,92.0,1331069.0,0.00033875102149148235,6.911737858818739e-05,0.00034922785720771374,poisson_thinned_full_core_4D,0.19791484889213107,True
snv_table,GCF_015555055.1,GCF_028395285.1,close_recombination,1,1,1.444043321299639e-05,0.9661657021995436,full_core,0.0003141207759481212,0.0003001598525726492,0.0003071403142603852,6.307239133715723e-05,88.0,286514.0,84.0,1331803.0,0.0003071403142603852,6.307239133715723e-05,0.0003001598525726492,poisson_thinned_full_core_4D,0.21012933873923564,True
snv_table,GCF_015555645.1,GCF_019041535.1,close_recombination,19,19,8.994708994708995e-05,0.66598454322342,full_core,0.004873314908968166,0.005196796129476875,0.00503505551922252,0.0006203605353862728,1432.0,284406.0,820.0,1321812.0,0.00503505551922252,0.0006203605353862728,0.005196796129476875,poisson_thinned_full_core_4D,0.11937365252169709,True
snv_table,GCF_015555645.1,GCF_020560185.1,close_recombination,2,2,5.673758865248227e-05,0.9835331801698786,full_core,0.00042661966856547386,0.00045459472879927544,0.0004406071986823747,0.00010457056105491384,126.0,285969.0,139.0,1329246.0,0.0004406071986823747,0.00010457056105491384,0.00045459472879927544,poisson_thinned_full_core_4D,0.23003029826394353,True
snv_table,GCF_015555645.1,GCF_024461205.1,close_recombination,20,20,0.000167487684729,0.7108848546044835,full_core,0.0034148838448647017,0.0034289080084986432,0.0034218959266816727,0.0004812737006553017,976.0,285222.0,638.0,1325649.0,0.0034218959266816727,0.0004812737006553017,0.0034289080084986432,poisson_thinned_full_core_4D,0.14035771722730722,True
snv_table,GCF_015555645.1,GCF_024461385.1,close_recombination,17,17,0.0001770334928229,0.7297714205581265,full_core,0.0030570747440751647,0.0030220165474687984,0.0030395456457719813,0.00042014556497509673,867.0,285240.0,557.0,1325731.0,0.0030395456457719813,0.00042014556497509673,0.0030220165474687984,poisson_thinned_full_core_4D,0.1390282145632211,True
snv_table,GCF_015555645.1,GCF_039760295.1,close_recombination,18,18,0.0001836734693877,0.683512928770979,full_core,0.0038649778393933664,0.003984007954012365,0.0039244928967028655,0.0005264323252041338,1121.0,285642.0,699.0,1327806.0,0.0039244928967028655,0.0005264323252041338,0.003984007954012365,poisson_thinned_full_core_4D,0.13213636400347906,True
snv_table,GCF_015555645.1,GCF_039760315.1,close_recombination,18,18,0.0001692307692307,0.6828875507631984,full_core,0.003745973953227839,0.004103066797367315,0.003924520375297578,0.0005279405573576161,1121.0,285640.0,701.0,1327801.0,0.003924520375297578,0.0005279405573576161,0.004103066797367315,poisson_thinned_full_core_4D,0.12866974471299442,True
snv_table,GCF_015555645.1,GCF_039760335.1,close_recombination,18,18,0.000188775510204,0.6845383915447609,full_core,0.0039826415622593965,0.0038706516413522783,0.003926646601805838,0.0005360868520934869,1122.0,285740.0,712.0,1328143.0,0.003926646601805838,0.0005360868520934869,0.0038706516413522783,poisson_thinned_full_core_4D,0.1385004133066844,True
snv_table,GCF_015555645.1,GCF_040095755.1,close_recombination,10,10,6.694560669456067e-05,0.8373404602321153,full_core,0.003928211927033463,0.0034301707719988635,0.0036791913495161635,0.0005176143561775312,1049.0,285117.0,686.0,1325311.0,0.0036791913495161635,0.0005176143561775312,0.0034301707719988635,poisson_thinned_full_core_4D,0.1509004625667374,True
snv_table,GCF_015555645.1,GCF_040097405.1,close_recombination,14,14,8.119658119658119e-05,0.8264997155848882,full_core,0.003738027183725096,0.003921748746630299,0.0038298879651776974,0.000567190823977726,1084.0,283037.0,746.0,1315254.0,0.0038298879651776974,0.000567190823977726,0.003921748746630299,poisson_thinned_full_core_4D,0.14462701733890415,True
snv_table,GCF_015555645.1,GCF_040098345.1,close_recombination,19,19,0.0001379310344827,0.7090479981203337,full_core,0.0054496295023443225,0.004797357245306971,0.005123493373825647,0.0005493236829436505,1461.0,285157.0,728.0,1325266.0,0.005123493373825647,0.0005493236829436505,0.004797357245306971,poisson_thinned_full_core_4D,0.11450547767336444,True
snv_table,GCF_015557505.1,GCF_047309505.1,close_recombination,33,33,0.0001574074074074,0.7680543213897553,full_core,0.0026834993114239892,0.0027472235694789124,0.002715361440451451,0.0003526998295918966,767.0,282467.0,463.0,1312731.0,0.002715361440451451,0.0003526998295918966,0.0027472235694789124,poisson_thinned_full_core_4D,0.12838410150171942,True
snv_table,GCF_015557505.1,GCF_964240005.1,close_recombination,2,2,8.270676691729324e-05,0.9369804994264536,full_core,0.0007200211770934439,0.0007411982705373688,0.0007306097238154064,9.415623861013242e-05,207.0,283325.0,124.0,1316960.0,0.0007306097238154064,9.415623861013242e-05,0.0007411982705373688,poisson_thinned_full_core_4D,0.12703245859150367,True
snv_table,GCF_015559725.1,GCF_028200905.1,close_recombination,12,12,0.0001136363636363,0.9247441174105068,full_core,0.0008812082344013903,0.0009371579635697326,0.0009091830989855614,0.0001189131339556454,260.0,285971.0,158.0,1328701.0,0.0009091830989855614,0.0001189131339556454,0.0009371579635697326,poisson_thinned_full_core_4D,0.12688696951652936,True
snv_table,GCF_015559725.1,GCF_028201235.1,close_recombination,1,1,0.0,0.9995637987891054,full_core,1.3958438748625966e-05,4.1875316245877895e-05,2.7916877497251932e-05,1.0512081009099707e-05,8.0,286565.0,14.0,1331801.0,2.7916877497251932e-05,1.0512081009099707e-05,4.1875316245877895e-05,poisson_thinned_full_core_4D,0.25103287453105483,True
snv_table,GCF_015559725.1,GCF_039760255.1,close_recombination,1,1,3.508771929824561e-05,0.9995706674361808,full_core,6.334414876021424e-05,7.038238751134916e-05,6.68632681357817e-05,2.1213117585826e-05,19.0,284162.0,28.0,1319938.0,6.68632681357817e-05,2.1213117585826e-05,7.038238751134916e-05,poisson_thinned_full_core_4D,0.3013980959711744,True
snv_table,GCF_015559725.1,GCF_040928345.1,close_recombination,14,14,7.142857142857143e-05,0.9287655687406308,full_core,0.0014010115303248946,0.0013239558961570255,0.00136248371324096,0.00015301768974947312,389.0,285508.0,203.0,1326644.0,0.00136248371324096,0.00015301768974947312,0.0013239558961570255,poisson_thinned_full_core_4D,0.11557612318781102,True
snv_table,GCF_015559725.1,GCF_040928365.1,close_recombination,17,17,6.367041198501872e-05,0.9322876201275294,full_core,0.0017288565049100924,0.0014908762572706465,0.0016098663810903695,0.0001830185865542345,460.0,285738.0,243.0,1327734.0,0.0016098663810903695,0.0001830185865542345,0.0014908762572706465,poisson_thinned_full_core_4D,0.12275907249961,True
snv_table,GCF_015561035.1,GCF_019129355.1,close_recombination,3,3,5.5762081784386615e-05,0.9491600932011922,full_core,0.0004596416916228534,0.0005444986193070725,0.0005020701554649629,9.435031816601243e-05,142.0,282829.0,124.0,1314251.0,0.0005020701554649629,9.435031816601243e-05,0.0005444986193070725,poisson_thinned_full_core_4D,0.17327926062711124,True
snv_table,GCF_015561035.1,GCF_021406445.1,close_recombination,4,4,4.460966542750929e-05,0.9521312404776248,full_core,0.0007015554689437693,0.0006094320235269107,0.00065549374623534,0.0001189478604253606,185.0,282230.0,156.0,1311499.0,0.00065549374623534,0.0001189478604253606,0.0006094320235269107,poisson_thinned_full_core_4D,0.19517822469679955,True
snv_table,GCF_015561035.1,GCF_028199555.1,close_recombination,5,5,5.147058823529412e-05,0.9629029920135194,full_core,0.0006505145782438228,0.0006505145782438228,0.0006505145782438228,0.00012020574963881216,184.0,282853.0,158.0,1314413.0,0.0006505145782438228,0.00012020574963881216,0.0006505145782438228,poisson_thinned_full_core_4D,0.1847856353401464,True
snv_table,GCF_015561035.1,GCF_047307865.1,close_recombination,7,7,6.741573033707865e-05,0.94682881991091,full_core,0.000820193735416814,0.0007777699215159443,0.0007989818284663791,0.00016433491150641096,226.0,282860.0,216.0,1314389.0,0.0007989818284663791,0.00016433491150641096,0.0007777699215159443,poisson_thinned_full_core_4D,0.21128987758501547,True
snv_table,GCF_016766915.1,GCF_048453055.1,close_recombination,4,4,0.0,0.8916807322208495,full_core,0.007043797525622509,0.0074057317858323615,0.007224764655727436,0.0006946840946537022,2076.0,287345.0,928.0,1335859.0,0.007224764655727436,0.0006946840946537022,0.0074057317858323615,poisson_thinned_full_core_4D,0.09380357198226882,True
snv_table,GCF_018289355.1,GCF_028200935.1,close_recombination,3,3,4.332129963898917e-05,0.9690358335172476,full_core,0.00038534430513663956,0.0003222879642960986,0.0003538161347163691,6.558301415010067e-05,101.0,285459.0,87.0,1326563.0,0.0003538161347163691,6.558301415010067e-05,0.0003222879642960986,poisson_thinned_full_core_4D,0.2034919743073216,True
snv_table,GCF_018289355.1,GCF_028201045.1,close_recombination,4,4,4.332129963898917e-05,0.968661667197904,full_core,0.00030122908471892873,0.00044133563575098864,0.0003712823602349587,6.934321423887531e-05,106.0,285497.0,92.0,1326734.0,0.0003712823602349587,6.934321423887531e-05,0.00044133563575098864,poisson_thinned_full_core_4D,0.1571212669488586,True
snv_table,GCF_018289355.1,GCF_028201315.1,close_recombination,2,2,8e-05,0.9631240849322936,full_core,0.0003572704537334762,0.0004203181808629132,0.00038879431729819475,7.763436775475378e-05,111.0,285498.0,103.0,1326732.0,0.00038879431729819475,7.763436775475378e-05,0.0004203181808629132,poisson_thinned_full_core_4D,0.18470380604372247,True
snv_table,GCF_018289355.1,GCF_028395165.1,close_recombination,4,4,6.367041198501872e-05,0.9350714025194288,full_core,0.0007084139943326881,0.00063125999494992,0.000669836994641304,0.0001207395903607548,191.0,285144.0,160.0,1325166.0,0.000669836994641304,0.0001207395903607548,0.00063125999494992,poisson_thinned_full_core_4D,0.19126760974348372,True
snv_table,GCF_018289355.1,GCF_028395175.1,close_recombination,4,4,4.868913857677903e-05,0.9351056114744968,full_core,0.0006306208462231067,0.0006656553376799459,0.0006481380919515263,0.00011986909390273414,185.0,285433.0,159.0,1326447.0,0.0006481380919515263,0.00011986909390273414,0.0006656553376799459,poisson_thinned_full_core_4D,0.18007681621020588,True
snv_table,GCF_018289355.1,GCF_028395205.1,close_recombination,4,4,5.99250936329588e-05,0.9350899630336902,full_core,0.0006377126438795354,0.0006867674626394996,0.0006622400532595175,0.00011988482009360063,189.0,285395.0,159.0,1326273.0,0.0006622400532595175,0.00011988482009360063,0.0006867674626394996,poisson_thinned_full_core_4D,0.17456391954394465,True
snv_table,GCF_018289355.1,GCF_028395215.1,close_recombination,3,3,5.054151624548737e-05,0.9690518651918448,full_core,0.00035737685389242954,0.000364384243184438,0.00036088054853843375,6.257694891383757e-05,103.0,285413.0,83.0,1326367.0,0.00036088054853843375,6.257694891383757e-05,0.000364384243184438,poisson_thinned_full_core_4D,0.17173341077254922,True
snv_table,GCF_018289355.1,GCF_028395235.1,close_recombination,3,3,6.498194945848375e-05,0.9690488958050756,full_core,0.00037852103420358125,0.0003925403317666768,0.00038553068298512904,7.164571720756669e-05,110.0,285321.0,95.0,1325969.0,0.00038553068298512904,7.164571720756669e-05,0.0003925403317666768,poisson_thinned_full_core_4D,0.18251810428017978,True
snv_table,GCF_018289355.1,GCF_028395285.1,close_recombination,3,3,4.332129963898917e-05,0.9690424816454632,full_core,0.00029423303256178896,0.0004133273552653702,0.0003537801939135796,6.708379217893433e-05,101.0,285488.0,89.0,1326699.0,0.0003537801939135796,6.708379217893433e-05,0.0004133273552653702,poisson_thinned_full_core_4D,0.16230184458965766,True
snv_table,GCF_019041415.1,GCF_019041655.1,close_recombination,1,1,0.0,0.9995114972608954,full_core,1.395722111727555e-05,1.395722111727555e-05,1.395722111727555e-05,5.2538116403450705e-06,4.0,286590.0,7.0,1332366.0,1.395722111727555e-05,5.2538116403450705e-06,1.395722111727555e-05,poisson_thinned_full_core_4D,0.37642246950162345,True
snv_table,GCF_019041435.1,GCF_019041605.1,close_recombination,1,1,0.0,0.9995499094585306,full_core,6.978147929757963e-06,1.3956295859515926e-05,1.0467221894636944e-05,5.253366094324938e-06,3.0,286609.0,7.0,1332479.0,1.0467221894636944e-05,5.253366094324938e-06,1.3956295859515926e-05,poisson_thinned_full_core_4D,0.37641550073209407,True
snv_table,GCF_019041435.1,GCF_019041655.1,close_recombination,1,1,0.0,0.9995114972608954,full_core,1.395722111727555e-05,6.978610558637775e-06,1.0467915837956664e-05,8.255989720542253e-06,3.0,286590.0,11.0,1332366.0,1.0467915837956664e-05,8.255989720542253e-06,6.978610558637775e-06,poisson_thinned_full_core_4D,1.1830420470051022,True
snv_table,GCF_019041535.1,GCF_020560185.1,close_recombination,21,21,9.947643979057593e-05,0.6691449814126395,full_core,0.00454670030428458,0.004912122894428008,0.004729411599356294,0.0005707805707805708,1346.0,284602.0,755.0,1322750.0,0.004729411599356294,0.0005707805707805708,0.004912122894428008,poisson_thinned_full_core_4D,0.11619834907388557,True
snv_table,GCF_019041535.1,GCF_028396205.1,close_recombination,19,19,8.994708994708995e-05,0.6660197042256493,full_core,0.0052530537330436064,0.004817057305401433,0.00503505551922252,0.0006218632596831372,1432.0,284406.0,822.0,1321834.0,0.00503505551922252,0.0006218632596831372,0.004817057305401433,poisson_thinned_full_core_4D,0.12909608922149077,True
snv_table,GCF_019041535.1,GCF_028396285.1,close_recombination,19,19,8.994708994708995e-05,0.66598454322342,full_core,0.004971765715209946,0.005098345323235094,0.00503505551922252,0.0006203605353862728,1432.0,284406.0,820.0,1321812.0,0.00503505551922252,0.0006203605353862728,0.005098345323235094,poisson_thinned_full_core_4D,0.1216787989152195,True
snv_table,GCF_019041535.1,GCF_040095755.1,close_recombination,25,25,7.954545454545455e-05,0.6168453551565903,full_core,0.00665411970366611,0.0069290250727794345,0.006791572388222772,0.0008727756920974748,1927.0,283734.0,1151.0,1318781.0,0.006791572388222772,0.0008727756920974748,0.0069290250727794345,poisson_thinned_full_core_4D,0.12595937854607575,True
snv_table,GCF_019041605.1,GCF_019041655.1,close_recombination,1,1,0.0,0.9999302138944136,full_core,1.395722111727555e-05,0.0,6.978610558637775e-06,6.0043561603943665e-06,2.0,286590.0,8.0,1332366.0,6.978610558637775e-06,6.0043561603943665e-06,0.0,poisson_thinned_full_core_4D,,False
snv_table,GCF_019041655.1,GCF_019041715.1,close_recombination,1,1,0.0,0.9995114972608954,full_core,6.978610558637775e-06,2.0935831675913327e-05,1.395722111727555e-05,6.754900680443662e-06,4.0,286590.0,9.0,1332366.0,1.395722111727555e-05,6.754900680443662e-06,2.0935831675913327e-05,poisson_thinned_full_core_4D,0.3226478310013915,True
snv_table,GCF_019041655.1,GCF_019041765.1,close_recombination,1,1,0.0,0.9995114972608954,full_core,1.395722111727555e-05,1.395722111727555e-05,1.395722111727555e-05,8.255989720542253e-06,4.0,286590.0,11.0,1332366.0,1.395722111727555e-05,8.255989720542253e-06,1.395722111727555e-05,poisson_thinned_full_core_4D,0.5915210235025511,True
snv_table,GCF_019041655.1,GCF_019041855.1,close_recombination,1,1,0.0,0.9995428866533372,full_core,2.0936489160132736e-05,6.978829720044246e-06,1.3957659440088492e-05,9.757386341460486e-06,4.0,286581.0,13.0,1332324.0,1.3957659440088492e-05,9.757386341460486e-06,6.978829720044246e-06,poisson_thinned_full_core_4D,1.3981407675610438,True
snv_table,GCF_019042015.1,GCF_021410705.1,close_recombination,6,6,0.0001031390134529,0.7860631071222713,full_core,0.002616792025149493,0.002652154079543405,0.0026344730523464492,0.0003568224994465067,745.0,282789.0,469.0,1314379.0,0.0026344730523464492,0.0003568224994465067,0.002652154079543405,poisson_thinned_full_core_4D,0.13454063706130423,True
snv_table,GCF_019042015.1,GCF_040928465.1,close_recombination,5,5,8.888888888888889e-05,0.799597051212228,full_core,0.0023066326367160387,0.0021998440887199258,0.0022532383627179822,0.0003516476107881503,633.0,280929.0,459.0,1305284.0,0.0022532383627179822,0.0003516476107881503,0.0021998440887199258,poisson_thinned_full_core_4D,0.1598511515390037,True
snv_table,GCF_019042015.1,GCF_040928505.1,close_recombination,5,5,0.000125,0.7993077481433276,full_core,0.0023527981492274743,0.0021811654574905156,0.0022669818033589947,0.00035959257468283474,634.0,279667.0,467.0,1298692.0,0.0022669818033589947,0.00035959257468283474,0.0021811654574905156,poisson_thinned_full_core_4D,0.16486258456364644,True
snv_table,GCF_019042015.1,GCF_047307425.1,close_recombination,9,9,9.734513274336283e-05,0.7958652135859284,full_core,0.002752759818176685,0.0027033513086196673,0.0027280555633981763,0.00037061198823458826,773.0,283352.0,488.0,1316741.0,0.0027280555633981763,0.00037061198823458826,0.0027033513086196673,poisson_thinned_full_core_4D,0.13709353536585778,True
snv_table,GCF_019042015.1,GCF_047310325.1,close_recombination,17,17,0.0001351351351351,0.7848291533174319,full_core,0.002589869165737513,0.0023358220541120347,0.002462845609924774,0.0003811502232993639,698.0,283412.0,502.0,1317066.0,0.002462845609924774,0.0003811502232993639,0.0023358220541120347,poisson_thinned_full_core_4D,0.16317605299957602,True
snv_table,GCF_019127815.1,GCF_021410225.1,close_recombination,26,26,7.488986784140969e-05,0.7927800760286225,full_core,0.0023199910554561718,0.0017889087656529517,0.0020544499105545617,0.0002923864522098478,588.0,286208.0,389.0,1330431.0,0.0020544499105545617,0.0002923864522098478,0.0017889087656529517,poisson_thinned_full_core_4D,0.16344402678530492,True
snv_table,GCF_019127895.1,GCF_021410225.1,close_recombination,26,26,7.456140350877193e-05,0.7932886328140013,full_core,0.002103416829431064,0.001998595392748453,0.0020510061110897587,0.0002916433652637719,587.0,286201.0,388.0,1330392.0,0.0020510061110897587,0.0002916433652637719,0.001998595392748453,poisson_thinned_full_core_4D,0.14592416570254682,True
snv_table,GCF_019128075.1,GCF_019128215.1,close_recombination,4,4,7.518796992481203e-06,0.9282953997526224,full_core,0.005527564447488138,0.005772146945164604,0.005649855696326371,0.0004992672651357307,1617.0,286202.0,664.0,1329949.0,0.005649855696326371,0.0004992672651357307,0.005772146945164604,poisson_thinned_full_core_4D,0.0864959381455063,True
snv_table,GCF_019128075.1,GCF_019128325.1,close_recombination,4,4,1.1278195488721805e-05,0.9282628209382172,full_core,0.005707120628411961,0.005609324191694987,0.005658222410053474,0.0005028506142820097,1620.0,286309.0,669.0,1330415.0,0.005658222410053474,0.0005028506142820097,0.005609324191694987,poisson_thinned_full_core_4D,0.08964548974126271,True
snv_table,GCF_019128075.1,GCF_019128615.1,close_recombination,3,3,1.8796992481203007e-05,0.9283530460001048,full_core,0.005583605583605583,0.0057163821869704225,0.005649993885288003,0.0005030449634972828,1617.0,286195.0,669.0,1329901.0,0.005649993885288003,0.0005030449634972828,0.0057163821869704225,poisson_thinned_full_core_4D,0.0880005827188905,True
snv_table,GCF_019128075.1,GCF_019128655.1,close_recombination,3,3,7.518796992481203e-06,0.9283165022004564,full_core,0.00572573118426158,0.005550953065083876,0.005638342124672728,0.000497238483400058,1613.0,286077.0,661.0,1329342.0,0.005638342124672728,0.000497238483400058,0.005550953065083876,poisson_thinned_full_core_4D,0.08957713703755568,True
snv_table,GCF_019128075.1,GCF_019128665.1,close_recombination,4,4,7.518796992481203e-06,0.9282628209382172,full_core,0.005609324191694987,0.005693149708880964,0.0056512369502879755,0.0004990905127704033,1618.0,286309.0,664.0,1330420.0,0.0056512369502879755,0.0004990905127704033,0.005693149708880964,poisson_thinned_full_core_4D,0.08766509547287202,True
snv_table,GCF_019128075.1,GCF_019128745.1,close_recombination,3,3,1.1278195488721805e-05,0.9283165022004564,full_core,0.005935464927274824,0.005355201571604848,0.005645333249439836,0.0004979888622007648,1615.0,286077.0,662.0,1329347.0,0.005645333249439836,0.0004979888622007648,0.005355201571604848,poisson_thinned_full_core_4D,0.09299161862389567,True
snv_table,GCF_019128075.1,GCF_019128755.1,close_recombination,4,4,7.518796992481203e-06,0.9282839012663182,full_core,0.00568165935202527,0.0056327397758085705,0.005657199563916921,0.0004978124826104023,1619.0,286184.0,662.0,1329818.0,0.005657199563916921,0.0004978124826104023,0.0056327397758085705,poisson_thinned_full_core_4D,0.08837839176388051,True
snv_table,GCF_019128075.1,GCF_019128815.1,close_recombination,3,3,7.518796992481203e-06,0.9283165022004564,full_core,0.005655819936590498,0.005627855437522066,0.005641837687056282,0.0004972366131642077,1614.0,286077.0,661.0,1329347.0,0.005641837687056282,0.0004972366131642077,0.005627855437522066,poisson_thinned_full_core_4D,0.08835276930694227,True
snv_table,GCF_019128075.1,GCF_021410585.1,close_recombination,7,7,1.1363636363636365e-05,0.9199573851232165,full_core,0.005882250205215083,0.005938138568210001,0.005910194386712542,0.0005434888829085902,1692.0,286285.0,723.0,1330294.0,0.005910194386712542,0.0005434888829085902,0.005938138568210001,poisson_thinned_full_core_4D,0.09152512637852102,True
snv_table,GCF_019128075.1,GCF_040911985.1,close_recombination,5,5,1.1278195488721805e-05,0.9281360697413374,full_core,0.005455098593913369,0.0058887089949680215,0.005671903794440695,0.0005207482821703163,1622.0,285971.0,692.0,1328857.0,0.005671903794440695,0.0005207482821703163,0.0058887089949680215,poisson_thinned_full_core_4D,0.08843165498843678,True
snv_table,GCF_019128215.1,GCF_019128415.1,close_recombination,4,4,3.7593984962406014e-06,0.928308951949812,full_core,0.005700632937921784,0.005588855821491945,0.005644744379706864,0.0004991205255799269,1616.0,286284.0,664.0,1330340.0,0.005644744379706864,0.0004991205255799269,0.005588855821491945,poisson_thinned_full_core_4D,0.08930638784070238,True
snv_table,GCF_019128215.1,GCF_021410585.1,close_recombination,3,3,1.7605633802816902e-05,0.9916991727109866,full_core,0.000251434398320977,0.0002933401313744731,0.00027238726484772504,5.560782356990204e-05,78.0,286357.0,74.0,1330748.0,0.00027238726484772504,5.560782356990204e-05,0.0002933401313744731,poisson_thinned_full_core_4D,0.1895677325476957,True
snv_table,GCF_019128325.1,GCF_019128415.1,close_recombination,3,3,7.518796992481203e-06,0.9283788126475808,full_core,0.005672688658814325,0.005602827961045675,0.00563775830993,0.0005021291629551955,1614.0,286284.0,668.0,1330335.0,0.00563775830993,0.0005021291629551955,0.005602827961045675,poisson_thinned_full_core_4D,0.08962066414430497,True
snv_table,GCF_019128325.1,GCF_019128615.1,close_recombination,1,1,0.0,0.999940637690876,full_core,6.983801073410225e-06,6.983801073410225e-06,6.983801073410225e-06,7.514017399458691e-07,2.0,286377.0,1.0,1330846.0,6.983801073410225e-06,7.514017399458691e-07,6.983801073410225e-06,poisson_thinned_full_core_4D,0.10759208804023908,True
snv_table,GCF_019128325.1,GCF_021410585.1,close_recombination,3,3,1.0526315789473684e-05,0.9917127457551386,full_core,0.0003071939231456658,0.00020945040214477212,0.0002583221626452189,4.8076381350871195e-05,74.0,286464.0,64.0,1331215.0,0.0002583221626452189,4.8076381350871195e-05,0.00020945040214477212,poisson_thinned_full_core_4D,0.22953587512159943,True
snv_table,GCF_019128325.1,GCF_047307725.1,close_recombination,39,39,0.000130890052356,0.668003885856461,full_core,0.0036901658477946366,0.003746077451549101,0.003718121649671869,0.0005226404850103701,1064.0,286166.0,695.0,1329786.0,0.003718121649671869,0.0005226404850103701,0.003746077451549101,poisson_thinned_full_core_4D,0.13951673230734846,True
snv_table,GCF_019128415.1,GCF_019128615.1,close_recombination,4,4,7.518796992481203e-06,0.9282967196107268,full_core,0.005651868644704255,0.005637896163505975,0.005644882404105115,0.0005028971083040415,1616.0,286277.0,669.0,1330292.0,0.005644882404105115,0.0005028971083040415,0.005637896163505975,poisson_thinned_full_core_4D,0.08919942718336808,True
snv_table,GCF_019128415.1,GCF_019128655.1,close_recombination,3,3,3.7593984962406014e-06,0.928330054270528,full_core,0.0055773189031272825,0.0056891448460471275,0.0056332318745872054,0.0004970922734112788,1612.0,286159.0,661.0,1329733.0,0.0056332318745872054,0.0004970922734112788,0.0056891448460471275,poisson_thinned_full_core_4D,0.08737556994293498,True
snv_table,GCF_019128415.1,GCF_019128665.1,close_recombination,3,3,3.7593984962406014e-06,0.9283668622520256,full_core,0.005769768091645711,0.005490360435875943,0.005630064263760827,0.0004975528217708671,1612.0,286320.0,662.0,1330512.0,0.005630064263760827,0.0004975528217708671,0.005490360435875943,poisson_thinned_full_core_4D,0.09062297959887702,True
snv_table,GCF_019128415.1,GCF_019128745.1,close_recombination,3,3,7.518796992481203e-06,0.928330054270528,full_core,0.0056332318745872054,0.005647210117452186,0.005640220996019695,0.0004978424321182067,1614.0,286159.0,662.0,1329738.0,0.005640220996019695,0.0004978424321182067,0.005647210117452186,poisson_thinned_full_core_4D,0.08815723547804079,True
snv_table,GCF_019128415.1,GCF_019128755.1,close_recombination,3,3,3.7593984962406014e-06,0.9283530460001048,full_core,0.0055067349184996246,0.005765299882946942,0.005636017400723283,0.0004970261145491048,1613.0,286195.0,661.0,1329910.0,0.005636017400723283,0.0004970261145491048,0.005765299882946942,poisson_thinned_full_core_4D,0.08620993263841276,True
snv_table,GCF_019128415.1,GCF_019128815.1,close_recombination,3,3,3.7593984962406014e-06,0.928330054270528,full_core,0.0055423732959648305,0.005731079574642069,0.00563672643530345,0.0004970904042751279,1613.0,286159.0,661.0,1329738.0,0.00563672643530345,0.0004970904042751279,0.005731079574642069,poisson_thinned_full_core_4D,0.08673591036400385,True
snv_table,GCF_019128415.1,GCF_021410585.1,close_recombination,6,6,7.575757575757576e-06,0.9200473700206456,full_core,0.00591077248765969,0.005868852115406785,0.005889812301533238,0.0005427775626881773,1686.0,286257.0,722.0,1330195.0,0.005889812301533238,0.0005427775626881773,0.005868852115406785,poisson_thinned_full_core_4D,0.09248445045382714,True
snv_table,GCF_019128415.1,GCF_040911985.1,close_recombination,4,4,7.518796992481203e-06,0.928211763060354,full_core,0.0054689139100636405,0.005832575704594727,0.005650744807329184,0.0005199621052219696,1616.0,285980.0,691.0,1328943.0,0.005650744807329184,0.0005199621052219696,0.005832575704594727,poisson_thinned_full_core_4D,0.08914793935933985,True
snv_table,GCF_019128615.1,GCF_021410585.1,close_recombination,3,3,1.4084507042253522e-05,0.991688493102846,full_core,0.00028636284267504803,0.00024445608521040686,0.0002654094639427274,4.884643507444572e-05,76.0,286350.0,65.0,1330701.0,0.0002654094639427274,4.884643507444572e-05,0.00024445608521040686,poisson_thinned_full_core_4D,0.19981680976525046,True
snv_table,GCF_019128655.1,GCF_021410585.1,close_recombination,3,3,1.056338028169014e-05,0.99174795270969,full_core,0.00023058218508063388,0.000286480896615333,0.0002585315408479835,5.337779979716436e-05,74.0,286232.0,71.0,1330141.0,0.0002585315408479835,5.337779979716436e-05,0.000286480896615333,poisson_thinned_full_core_4D,0.18632237062856036,True
snv_table,GCF_019128665.1,GCF_021410585.1,close_recombination,3,3,1.0526315789473684e-05,0.9917127457551386,full_core,0.00022341376228775692,0.00029323056300268094,0.0002583221626452189,5.483695770568178e-05,74.0,286464.0,73.0,1331219.0,0.0002583221626452189,5.483695770568178e-05,0.00029323056300268094,poisson_thinned_full_core_4D,0.18700969347857652,True
snv_table,GCF_019128665.1,GCF_047307725.1,close_recombination,39,39,0.000130890052356,0.667640337943131,full_core,0.003605844822887331,0.0038294631064772432,0.003717653964682287,0.0005285865310437441,1064.0,286202.0,703.0,1329962.0,0.003717653964682287,0.0005285865310437441,0.0038294631064772432,poisson_thinned_full_core_4D,0.1380314985016256,True
snv_table,GCF_019128745.1,GCF_021410585.1,close_recombination,3,3,1.7605633802816902e-05,0.99174795270969,full_core,0.0002794935576734956,0.0002515442019061461,0.00026551887978982087,5.412939632190752e-05,76.0,286232.0,72.0,1330146.0,0.00026551887978982087,5.412939632190752e-05,0.0002515442019061461,poisson_thinned_full_core_4D,0.21518840788905877,True
snv_table,GCF_019128755.1,GCF_021410585.1,close_recombination,3,3,7.042253521126761e-06,0.9917265898113774,full_core,0.0003003432993759146,0.00020954183677389387,0.0002549425680749042,5.335870502180567e-05,73.0,286339.0,71.0,1330617.0,0.0002549425680749042,5.335870502180567e-05,0.00020954183677389387,poisson_thinned_full_core_4D,0.25464463728731357,True
snv_table,GCF_019128815.1,GCF_021410585.1,close_recombination,3,3,7.042253521126761e-06,0.99174795270969,full_core,0.00020263282931328434,0.0003074429134408452,0.00025503787137706475,5.337759915076991e-05,73.0,286232.0,71.0,1330146.0,0.00025503787137706475,5.337759915076991e-05,0.0003074429134408452,poisson_thinned_full_core_4D,0.1736179200013997,True
snv_table,GCF_019129355.1,GCF_021406445.1,close_recombination,3,3,5.166051660516605e-05,0.9571784843847418,full_core,0.0004534376239868503,0.0004676075497364394,0.00046052258686164483,9.376972594844647e-05,130.0,282288.0,123.0,1311724.0,0.00046052258686164483,9.376972594844647e-05,0.0004676075497364394,poisson_thinned_full_core_4D,0.20053082120102317,True
snv_table,GCF_019129355.1,GCF_028199555.1,close_recombination,5,5,5.147058823529412e-05,0.9617988651027948,full_core,0.00047375771182096203,0.0005373968074387031,0.0005055772596298326,9.510549101062898e-05,143.0,282845.0,125.0,1314330.0,0.0005055772596298326,9.510549101062898e-05,0.0005373968074387031,poisson_thinned_full_core_4D,0.17697442503224578,True
snv_table,GCF_019129355.1,GCF_047307865.1,close_recombination,8,8,7.142857142857143e-05,0.9432801411543398,full_core,0.000664754906987352,0.0007213297926884032,0.0006930423498378776,0.00014153560038869024,196.0,282811.0,186.0,1314157.0,0.0006930423498378776,0.00014153560038869024,0.0007213297926884032,poisson_thinned_full_core_4D,0.19621482687022487,True
snv_table,GCF_019129475.1,GCF_019129775.1,close_recombination,1,1,0.0,0.9998091090340916,full_core,1.4140071548762037e-05,0.0,7.070035774381019e-06,3.0418898653355356e-06,2.0,282884.0,4.0,1314972.0,7.070035774381019e-06,3.0418898653355356e-06,0.0,poisson_thinned_full_core_4D,,False
snv_table,GCF_019129485.1,GCF_019129775.1,close_recombination,1,1,0.0,0.9998091090340916,full_core,0.0,1.4140071548762037e-05,7.070035774381019e-06,2.2814087242590555e-06,2.0,282884.0,3.0,1314977.0,7.070035774381019e-06,2.2814087242590555e-06,1.4140071548762037e-05,poisson_thinned_full_core_4D,0.16134350638832465,False
snv_table,GCF_019129515.1,GCF_019129775.1,close_recombination,1,1,0.0,0.9998091090340916,full_core,0.0,1.4140071548762037e-05,7.070035774381019e-06,0.0,2.0,282884.0,0.0,1314986.0,7.070035774381019e-06,0.0,1.4140071548762037e-05,poisson_thinned_full_core_4D,0.0,False
snv_table,GCF_019129575.1,GCF_019129775.1,close_recombination,1,1,0.0,0.9998091090340916,full_core,7.070035774381019e-06,7.070035774381019e-06,7.070035774381019e-06,0.0,2.0,282884.0,0.0,1314981.0,7.070035774381019e-06,0.0,7.070035774381019e-06,poisson_thinned_full_core_4D,0.0,False
snv_table,GCF_019129675.1,GCF_019129775.1,close_recombination,1,1,0.0,0.9998091090340916,full_core,0.0,1.4140071548762037e-05,7.070035774381019e-06,1.5209287399257482e-06,2.0,282884.0,2.0,1314986.0,7.070035774381019e-06,1.5209287399257482e-06,1.4140071548762037e-05,poisson_thinned_full_core_4D,0.10756160141628883,False
snv_table,GCF_020091465.1,GCF_040094775.1,close_recombination,30,30,0.0001458333333333,0.6765392844511523,full_core,0.0037678895966327115,0.004090051160657069,0.00392897037864489,0.0005508267676189214,1122.0,285571.0,731.0,1327096.0,0.00392897037864489,0.0005508267676189214,0.004090051160657069,poisson_thinned_full_core_4D,0.13467478669152655,True
snv_table,GCF_020538405.1,GCF_024758205.1,close_recombination,20,20,7.894736842105263e-05,0.8073902380243553,full_core,0.0021335714994542027,0.002076865280199606,0.002105218389826904,0.0002951296740304189,594.0,282156.0,387.0,1311288.0,0.002105218389826904,0.0002951296740304189,0.002076865280199606,poisson_thinned_full_core_4D,0.14210342714287863,True
snv_table,GCF_020538405.1,GCF_028199455.1,close_recombination,25,25,5.531914893617021e-05,0.8313722437106529,full_core,0.002116207388324056,0.0020525088381738335,0.0020843581132489446,0.00027340049288244843,589.0,282581.0,359.0,1313092.0,0.0020843581132489446,0.00027340049288244843,0.0020525088381738335,poisson_thinned_full_core_4D,0.13320307703312959,True
snv_table,GCF_020538405.1,GCF_028200305.1,close_recombination,25,25,4.2553191489361704e-05,0.8313427395524792,full_core,0.002059601031923816,0.002073756365476557,0.0020666786987001864,0.0002734025750105477,584.0,282579.0,359.0,1313082.0,0.0020666786987001864,0.0002734025750105477,0.002073756365476557,poisson_thinned_full_core_4D,0.13183929393157945,True
snv_table,GCF_020538405.1,GCF_028200405.1,close_recombination,24,24,5.508474576271186e-05,0.8330149160793637,full_core,0.002080326059268065,0.0019388072797260195,0.0020095666694970424,0.0002611813009417756,568.0,282648.0,343.0,1313264.0,0.0020095666694970424,0.0002611813009417756,0.0019388072797260195,poisson_thinned_full_core_4D,0.13471235830034853,True
snv_table,GCF_020538405.1,GCF_964084965.1,close_recombination,14,14,7.480314960629921e-05,0.8984883194750835,full_core,0.001442389275411505,0.0012939080264720855,0.0013681486509417953,0.00018791972860434986,387.0,282864.0,247.0,1314391.0,0.0013681486509417953,0.00018791972860434986,0.0012939080264720855,poisson_thinned_full_core_4D,0.1452342243495651,True
snv_table,GCF_020558905.1,GCF_020559185.1,close_recombination,1,1,3.5087719298245615e-06,0.9980368098159508,full_core,0.000245398773006135,0.00018930762489044697,0.00021735319894829096,1.659493130452755e-05,62.0,285250.0,22.0,1325706.0,0.00021735319894829096,1.659493130452755e-05,0.00018930762489044697,poisson_thinned_full_core_4D,0.0876611880484534,True
snv_table,GCF_020558905.1,GCF_024463175.1,close_recombination,1,1,3.496503496503497e-06,0.9997651323146386,full_core,2.1032927047292537e-05,2.1032927047292537e-05,2.1032927047292537e-05,2.2627796135624974e-06,6.0,285267.0,3.0,1325803.0,2.1032927047292537e-05,2.2627796135624974e-06,2.1032927047292537e-05,poisson_thinned_full_core_4D,0.10758272533702216,True
snv_table,GCF_020558905.1,GCF_036419465.1,close_recombination,1,1,0.0,0.9997686288807248,full_core,2.1033738115937966e-05,1.4022492077291976e-05,1.752811509661497e-05,2.2628632461225837e-06,5.0,285256.0,3.0,1325754.0,1.752811509661497e-05,2.2628632461225837e-06,1.4022492077291976e-05,poisson_thinned_full_core_4D,0.16137382953398594,True
snv_table,GCF_020559185.1,GCF_024463175.1,close_recombination,2,2,0.0,0.9977914110429448,full_core,0.00020333041191936897,0.000259421560035057,0.00023137598597721296,1.885787648241767e-05,66.0,285250.0,25.0,1325706.0,0.00023137598597721296,1.885787648241767e-05,0.000259421560035057,poisson_thinned_full_core_4D,0.07269201711634649,True
snv_table,GCF_020559185.1,GCF_029076805.1,close_recombination,1,1,3.5087719298245615e-06,0.9980368098159508,full_core,0.00019631901840490797,0.00023838737949167396,0.00021735319894829096,1.659493130452755e-05,62.0,285250.0,22.0,1325706.0,0.00021735319894829096,1.659493130452755e-05,0.00023838737949167396,poisson_thinned_full_core_4D,0.06961329639141887,True
snv_table,GCF_020559185.1,GCF_036419465.1,close_recombination,2,2,3.5087719298245615e-06,0.9977948317025372,full_core,0.00021736158098997684,0.0002524199005044892,0.00023489074074723303,1.8858573522411906e-05,67.0,285239.0,25.0,1325657.0,0.00023489074074723303,1.8858573522411906e-05,0.0002524199005044892,poisson_thinned_full_core_4D,0.07471112017998958,True
snv_table,GCF_020560185.1,GCF_024461205.1,close_recombination,20,20,0.0001791044776119,0.7028208670712299,full_core,0.003399730679771253,0.003245833406201361,0.0033227820429863066,0.0004627626554299366,950.0,285905.0,615.0,1328975.0,0.0033227820429863066,0.0004627626554299366,0.003245833406201361,poisson_thinned_full_core_4D,0.14257128987143966,True
snv_table,GCF_020560185.1,GCF_024461385.1,close_recombination,18,18,0.0001764705882352,0.7143182080631559,full_core,0.0033173647246552283,0.0035833137954081793,0.003450339260031704,0.00048708509308820983,986.0,285769.0,647.0,1328310.0,0.003450339260031704,0.00048708509308820983,0.0035833137954081793,poisson_thinned_full_core_4D,0.13593146481125454,True
snv_table,GCF_020560185.1,GCF_028396205.1,close_recombination,2,2,5.319148936170213e-05,0.983534316331384,full_core,0.00044766514647044014,0.0004266808427296382,0.00043717299460003915,0.00010533618041980983,125.0,285928.0,140.0,1329078.0,0.00043717299460003915,0.00010533618041980983,0.0004266808427296382,poisson_thinned_full_core_4D,0.24687347045143757,True
snv_table,GCF_020560185.1,GCF_028396285.1,close_recombination,2,2,5.673758865248227e-05,0.9835331801698786,full_core,0.00037066954809787076,0.0005105448492668785,0.0004406071986823747,0.00010457056105491384,126.0,285969.0,139.0,1329246.0,0.0004406071986823747,0.00010457056105491384,0.0005105448492668785,poisson_thinned_full_core_4D,0.20482149845419628,True
snv_table,GCF_020560185.1,GCF_039760315.1,close_recombination,20,20,0.0001684210526315,0.6642974207368425,full_core,0.004305178444754287,0.0043820566312677564,0.004343617538011021,0.0005953159458984084,1243.0,286167.0,792.0,1330386.0,0.004343617538011021,0.0005953159458984084,0.0043820566312677564,poisson_thinned_full_core_4D,0.13585309273517532,True
snv_table,GCF_020560185.1,GCF_040095755.1,close_recombination,11,11,6.751054852320675e-05,0.8285572327308098,full_core,0.003666925590801895,0.0035829501955926915,0.003624937893197293,0.0005020174780357945,1036.0,285798.0,667.0,1328639.0,0.003624937893197293,0.0005020174780357945,0.0035829501955926915,poisson_thinned_full_core_4D,0.1401128820192129,True
snv_table,GCF_020560185.1,GCF_040097405.1,close_recombination,15,15,6.896551724137931e-05,0.8144100955268074,full_core,0.003729422961683528,0.0037999224505622336,0.003764672706122881,0.0005483691138491644,1068.0,283690.0,723.0,1318455.0,0.003764672706122881,0.0005483691138491644,0.0037999224505622336,poisson_thinned_full_core_4D,0.14431060659357092,True
snv_table,GCF_020560185.1,GCF_040098345.1,close_recombination,20,20,0.0001356783919597,0.6987798304503356,full_core,0.0056843240064683685,0.005369306050444876,0.005526815028456622,0.000616763774955776,1579.0,285698.0,819.0,1327899.0,0.005526815028456622,0.000616763774955776,0.005369306050444876,poisson_thinned_full_core_4D,0.11486843349238283,True
snv_table,GCF_020563555.1,GCF_024464715.1,close_recombination,1,1,0.0,0.999784536807118,full_core,7.0643669797358635e-06,7.0643669797358635e-06,7.0643669797358635e-06,0.0,2.0,283111.0,0.0,1316367.0,7.0643669797358635e-06,0.0,7.0643669797358635e-06,poisson_thinned_full_core_4D,0.0,False
snv_table,GCF_020885715.1,GCF_020885775.1,close_recombination,1,1,3.861003861003861e-06,0.9170796378614828,full_core,0.0009358317204415424,0.0009712798916703887,0.0009535558060559656,9.764678867938059e-05,269.0,282102.0,128.0,1310847.0,0.0009535558060559656,9.764678867938059e-05,0.0009712798916703887,poisson_thinned_full_core_4D,0.10053414007310446,True
snv_table,GCF_020885715.1,GCF_020885855.1,close_recombination,1,1,0.0,0.9170796378614828,full_core,0.000978369525916158,0.0009145628177042347,0.0009464661718101964,9.840965421593824e-05,267.0,282102.0,129.0,1310847.0,0.0009464661718101964,9.840965421593824e-05,0.0009145628177042347,poisson_thinned_full_core_4D,0.10760294679699461,True
snv_table,GCF_021406445.1,GCF_028199555.1,close_recombination,5,5,4.0293040293040296e-05,0.9676024999645696,full_core,0.0006164878615665878,0.0006306599963152449,0.0006235739289409164,0.00010063997877411357,176.0,282244.0,132.0,1311606.0,0.0006235739289409164,0.00010063997877411357,0.0006306599963152449,poisson_thinned_full_core_4D,0.15957882117483657,True
snv_table,GCF_021406445.1,GCF_047307865.1,close_recombination,8,8,6.367041198501872e-05,0.9491058172373348,full_core,0.0008716820274048326,0.0007228582666283977,0.0007972701470166151,0.00014640696714154886,225.0,282213.0,192.0,1311413.0,0.0007972701470166151,0.00014640696714154886,0.0007228582666283977,poisson_thinned_full_core_4D,0.2025389677348918,True
snv_table,GCF_021410115.1,GCF_021411025.1,close_recombination,23,23,5.0228310502283106e-05,0.7690332836282813,full_core,0.004621163098219059,0.004649298033368033,0.004635230565793545,0.0004608375135356831,1318.0,284344.0,609.0,1321507.0,0.004635230565793545,0.0004608375135356831,0.004649298033368033,poisson_thinned_full_core_4D,0.09911980480241322,True
snv_table,GCF_021410115.1,GCF_028201035.1,close_recombination,7,7,3.4883720930232556e-05,0.905308434598652,full_core,0.0028675245812922134,0.002804270362587238,0.0028358974719397256,0.00027447911350051606,807.0,284566.0,363.0,1322505.0,0.0028358974719397256,0.00027447911350051606,0.002804270362587238,poisson_thinned_full_core_4D,0.09787897670725294,True
snv_table,GCF_021410115.1,GCF_028396085.1,close_recombination,7,7,2.7237354085603113e-05,0.9027782670884916,full_core,0.002367480957984259,0.002395665255103119,0.0023815731065436893,0.00023425364438780578,676.0,283846.0,309.0,1319083.0,0.0023815731065436893,0.00023425364438780578,0.002395665255103119,poisson_thinned_full_core_4D,0.0977822940366193,True
snv_table,GCF_021410115.1,GCF_028396095.1,close_recombination,6,6,4.633204633204633e-05,0.9113237999252928,full_core,0.002889623432731681,0.002776857640234835,0.002833240536483258,0.00027299261327487246,804.0,283774.0,360.0,1318717.0,0.002833240536483258,0.00027299261327487246,0.002776857640234835,poisson_thinned_full_core_4D,0.09830990588764422,True
snv_table,GCF_021410115.1,GCF_028396185.1,close_recombination,6,6,5.0193050193050195e-05,0.9113618106740702,full_core,0.0027974688896092,0.002917259748861987,0.0028573643192355935,0.0002805159674237565,811.0,283828.0,370.0,1318998.0,0.0028573643192355935,0.0002805159674237565,0.002917259748861987,poisson_thinned_full_core_4D,0.09615735024390092,True
snv_table,GCF_021410115.1,GCF_047308905.1,close_recombination,37,37,0.0001128205128205,0.6893585386576041,full_core,0.008389974511469838,0.00875106202209006,0.00857051826677995,0.000832124897984688,2421.0,282480.0,1092.0,1312303.0,0.00857051826677995,0.000832124897984688,0.00875106202209006,poisson_thinned_full_core_4D,0.09508844708038619,True
snv_table,GCF_021410115.1,GCF_051065055.1,close_recombination,7,7,5.038759689922481e-05,0.9048559936997244,full_core,0.0027985599369972436,0.002911064859087585,0.0028548123980424145,0.0002730907289101713,812.0,284432.0,361.0,1321905.0,0.0028548123980424145,0.0002730907289101713,0.002911064859087585,poisson_thinned_full_core_4D,0.09381128285673652,True
snv_table,GCF_021410225.1,GCF_024790525.1,close_recombination,35,35,0.0001042654028436,0.7435958045066626,full_core,0.003640892300853422,0.003549164394048976,0.003595028347451199,0.0005154952246465935,1019.0,283447.0,679.0,1317180.0,0.003595028347451199,0.0005154952246465935,0.003549164394048976,poisson_thinned_full_core_4D,0.14524411027873058,True
snv_table,GCF_021410225.1,GCF_028199465.1,close_recombination,35,35,0.0001063829787234,0.8330187447740078,full_core,0.002582566266462978,0.0023214871630227317,0.0024520267147428547,0.0003386451006937669,695.0,283439.0,446.0,1317013.0,0.0024520267147428547,0.0003386451006937669,0.0023214871630227317,poisson_thinned_full_core_4D,0.14587420774398266,True
snv_table,GCF_021410225.1,GCF_028199675.1,close_recombination,36,36,0.0001025641025641,0.8237575586622711,full_core,0.00251044549829875,0.0024610828059164714,0.0024857641521076105,0.0003475336493006075,705.0,283615.0,458.0,1317858.0,0.0024857641521076105,0.0003475336493006075,0.0024610828059164714,poisson_thinned_full_core_4D,0.14121168473695098,True
snv_table,GCF_021410225.1,GCF_964238155.1,close_recombination,36,36,8e-05,0.6972870477394393,full_core,0.0030590116877992225,0.003240596856481368,0.0031498042721402955,0.00045826518829816083,902.0,286367.0,610.0,1331107.0,0.0031498042721402955,0.00045826518829816083,0.003240596856481368,poisson_thinned_full_core_4D,0.1414138223894175,True
snv_table,GCF_021410225.1,GCF_964241015.1,close_recombination,36,36,8e-05,0.6972870477394393,full_core,0.0030310755080019693,0.0032685330362786213,0.0031498042721402955,0.00045901644270520704,902.0,286367.0,611.0,1331107.0,0.0031498042721402955,0.00045901644270520704,0.0032685330362786213,poisson_thinned_full_core_4D,0.14043500176085688,True
snv_table,GCF_021410225.1,GCF_964249005.1,close_recombination,36,36,8e-05,0.6972870477394393,full_core,0.0030799638226471624,0.0032196447216334286,0.0031498042721402955,0.00045826518829816083,902.0,286367.0,610.0,1331107.0,0.0031498042721402955,0.00045826518829816083,0.0032196447216334286,poisson_thinned_full_core_4D,0.14233408587568266,True
snv_table,GCF_021410585.1,GCF_040911985.1,close_recombination,3,3,7.042253521126761e-06,0.9917031880168032,full_core,0.00022367142667421557,0.00029356874750990794,0.00025862008709206174,5.038802539857304e-05,74.0,286134.0,67.0,1329681.0,0.00025862008709206174,5.038802539857304e-05,0.00029356874750990794,poisson_thinned_full_core_4D,0.1716396102308964,True
snv_table,GCF_021410705.1,GCF_040928465.1,close_recombination,5,5,7.053941908713692e-05,0.8557728168788961,full_core,0.001569964658035413,0.0014705098833182376,0.0015202372706768252,0.00021015692226333655,428.0,281535.0,275.0,1308546.0,0.0015202372706768252,0.00021015692226333655,0.0014705098833182376,poisson_thinned_full_core_4D,0.14291432152031028,True
snv_table,GCF_021410705.1,GCF_040928505.1,close_recombination,5,5,0.0001,0.8549042554330181,full_core,0.0014771101446069423,0.0016198261006076132,0.0015484681226072777,0.0002219708089184645,434.0,280277.0,289.0,1301973.0,0.0015484681226072777,0.0002219708089184645,0.0016198261006076132,poisson_thinned_full_core_4D,0.13703372777806272,True
snv_table,GCF_021410705.1,GCF_047307425.1,close_recombination,6,6,9.16030534351145e-05,0.9209608924383595,full_core,0.001056390103737508,0.0009859640968216744,0.0010211771002795913,0.00016134469058557517,290.0,283986.0,213.0,1320155.0,0.0010211771002795913,0.00016134469058557517,0.0009859640968216744,poisson_thinned_full_core_4D,0.1636415475022684,True
snv_table,GCF_021410705.1,GCF_047310325.1,close_recombination,18,18,0.0001220657276995,0.7504219714081336,full_core,0.0030515844629951335,0.0029458713753625076,0.002998727919178821,0.00041004014755381874,851.0,283787.0,541.0,1319383.0,0.002998727919178821,0.00041004014755381874,0.0029458713753625076,poisson_thinned_full_core_4D,0.1391914633419325,True
snv_table,GCF_021411025.1,GCF_028201035.1,close_recombination,23,23,5.3278688524590167e-05,0.8550350579845702,full_core,0.0021379392797113784,0.0018425660897512536,0.001990252684731316,0.0002595101386752575,566.0,284386.0,343.0,1321721.0,0.001990252684731316,0.0002595101386752575,0.0018425660897512536,poisson_thinned_full_core_4D,0.14084169904065225,True
snv_table,GCF_021411025.1,GCF_028396085.1,close_recombination,26,26,5.106382978723405e-05,0.8282686558745558,full_core,0.0027426814823171075,0.00269332731682554,0.002718004399571324,0.0003208668106900988,771.0,283664.0,423.0,1318304.0,0.002718004399571324,0.0003208668106900988,0.00269332731682554,poisson_thinned_full_core_4D,0.11913398296805786,True
snv_table,GCF_021411025.1,GCF_028396095.1,close_recombination,22,22,6.722689075630252e-05,0.8363099120954292,full_core,0.002108581361974309,0.002059216580924743,0.002083898971449526,0.00026708145225539667,591.0,283603.0,352.0,1317950.0,0.002083898971449526,0.00026708145225539667,0.002059216580924743,poisson_thinned_full_core_4D,0.1297005155890193,True
snv_table,GCF_021411025.1,GCF_028396185.1,close_recombination,21,21,6.751054852320675e-05,0.8349843826015836,full_core,0.0019883098661063674,0.0021434262386394883,0.002065868052372928,0.00026626431170675426,586.0,283658.0,351.0,1318239.0,0.002065868052372928,0.00026626431170675426,0.0021434262386394883,poisson_thinned_full_core_4D,0.12422368771400412,True
snv_table,GCF_021411025.1,GCF_047308905.1,close_recombination,41,41,0.0001295336787564,0.6821746041298645,full_core,0.006896087850778288,0.007051851642068968,0.006973969746423628,0.0007269341286429572,1970.0,282479.0,954.0,1312361.0,0.006973969746423628,0.0007269341286429572,0.007051851642068968,poisson_thinned_full_core_4D,0.1030841494603082,True
snv_table,GCF_021411025.1,GCF_051065055.1,close_recombination,23,23,6.224066390041494e-05,0.8468541997945485,full_core,0.002005262935704938,0.002012298946005657,0.0020087809408552973,0.0002588710648002719,571.0,284252.0,342.0,1321121.0,0.0020087809408552973,0.0002588710648002719,0.002012298946005657,poisson_thinned_full_core_4D,0.12864443690840363,True
snv_table,GCF_021891045.1,GCF_021891195.1,close_recombination,33,33,0.0001136363636363,0.8164628997319823,full_core,0.00268017769945295,0.002672834746851709,0.0026765062231523295,0.0003950464337578239,729.0,272370.0,500.0,1265674.0,0.0026765062231523295,0.0003950464337578239,0.002672834746851709,poisson_thinned_full_core_4D,0.1478005455530474,True
snv_table,GCF_021891045.1,GCF_027660715.1,close_recombination,2,2,3.8732394366197184e-05,0.9973928503664768,full_core,9.838300503861533e-05,0.0001124377200441318,0.00010541036254137357,3.251024450728078e-05,30.0,284602.0,43.0,1322660.0,0.00010541036254137357,3.251024450728078e-05,0.0001124377200441318,poisson_thinned_full_core_4D,0.28914001897691016,True
snv_table,GCF_021891045.1,GCF_027671015.1,close_recombination,14,14,5.747126436781609e-05,0.91860260780937,full_core,0.0008434962921308825,0.0006537096264014339,0.0007486029592661583,0.00013612284330370142,213.0,284530.0,180.0,1322335.0,0.0007486029592661583,0.00013612284330370142,0.0006537096264014339,poisson_thinned_full_core_4D,0.20823135809248478,True
snv_table,GCF_021891045.1,GCF_027686305.1,close_recombination,1,1,4.210526315789474e-05,0.9995221967706124,full_core,3.513259039615509e-05,0.00010539777118846527,7.026518079231018e-05,2.8727507495611495e-05,20.0,284636.0,38.0,1322774.0,7.026518079231018e-05,2.8727507495611495e-05,0.00010539777118846527,poisson_thinned_full_core_4D,0.27256276078402913,True
snv_table,GCF_021891045.1,GCF_030541685.1,close_recombination,14,14,5.747126436781609e-05,0.9182171155501678,full_core,0.00070275303501467,0.0008854688241184841,0.000794110929566577,0.00013458248053657582,226.0,284595.0,178.0,1322609.0,0.000794110929566577,0.00013458248053657582,0.0008854688241184841,poisson_thinned_full_core_4D,0.15199008352502696,True
snv_table,GCF_021891045.1,GCF_030546205.1,close_recombination,14,14,6.153846153846154e-05,0.9159594468750548,full_core,0.0007520250206455467,0.0008293360040763973,0.000790680512360972,0.00013308148670168122,225.0,284565.0,176.0,1322498.0,0.000790680512360972,0.00013308148670168122,0.0008293360040763973,poisson_thinned_full_core_4D,0.16046751382738947,True
snv_table,GCF_021891045.1,GCF_040921925.1,close_recombination,17,17,0.0001056910569105,0.8685662090110248,full_core,0.0014444829954612078,0.001486967789445361,0.0014657253924532845,0.00023243248598355903,414.0,282454.0,305.0,1312209.0,0.0014657253924532845,0.00023243248598355903,0.001486967789445361,poisson_thinned_full_core_4D,0.15631306046666713,True
snv_table,GCF_021891045.1,GCF_040921935.1,close_recombination,18,18,8.502024291497975e-05,0.8678978422176641,full_core,0.0015058386430564302,0.0013791793179395342,0.0014425089804979822,0.00022031084270032956,410.0,284227.0,291.0,1320861.0,0.0014425089804979822,0.00022031084270032956,0.0013791793179395342,poisson_thinned_full_core_4D,0.15974053542904737,True
snv_table,GCF_021891045.1,GCF_047307925.1,close_recombination,14,14,6.513409961685824e-05,0.918185493083994,full_core,0.0007944179833734643,0.0007592667451710986,0.0007768423642722815,0.0001300931073343771,221.0,284485.0,172.0,1322130.0,0.0007768423642722815,0.0001300931073343771,0.0007592667451710986,poisson_thinned_full_core_4D,0.17134045203713089,True
snv_table,GCF_021891045.1,GCF_047638235.1,close_recombination,22,22,9.504132231404958e-05,0.8591881237648004,full_core,0.0017121055727979538,0.0017543797844719775,0.0017332426786349658,0.0002880926748646723,492.0,283861.0,380.0,1319020.0,0.0017332426786349658,0.0002880926748646723,0.0017543797844719775,poisson_thinned_full_core_4D,0.1642134031722103,True
snv_table,GCF_021891195.1,GCF_027660715.1,close_recombination,33,33,9.95475113122172e-05,0.8142498310761186,full_core,0.0026219924204588852,0.0025412027380357824,0.002581597579247334,0.0003824835192276994,703.0,272312.0,484.0,1265414.0,0.002581597579247334,0.0003824835192276994,0.0025412027380357824,poisson_thinned_full_core_4D,0.15051279203458567,True
snv_table,GCF_021891195.1,GCF_027671015.1,close_recombination,26,26,9.205020920502092e-05,0.8745716395050301,full_core,0.0020642109168108307,0.002196437950627895,0.002130324433719363,0.0003122045912253912,580.0,272259.0,395.0,1265196.0,0.002130324433719363,0.0003122045912253912,0.002196437950627895,poisson_thinned_full_core_4D,0.1421413207398558,True
snv_table,GCF_021891195.1,GCF_027686305.1,close_recombination,34,34,0.0001136363636363,0.8070248874593349,full_core,0.002746506282449531,0.002540885491250101,0.002643695886849816,0.0003903524471700633,720.0,272346.0,494.0,1265523.0,0.002643695886849816,0.0003903524471700633,0.002540885491250101,poisson_thinned_full_core_4D,0.15362850805921685,True
snv_table,GCF_021891195.1,GCF_027686505.1,close_recombination,34,34,0.0001090909090909,0.8073190263828787,full_core,0.0026816348421508916,0.002593471504874698,0.002637553173512795,0.00038339496637981873,718.0,272222.0,485.0,1265014.0,0.002637553173512795,0.00038339496637981873,0.002593471504874698,poisson_thinned_full_core_4D,0.14783079962867848,True
snv_table,GCF_021891195.1,GCF_030541685.1,close_recombination,25,25,9.205020920502092e-05,0.876896637828469,full_core,0.002012308867378564,0.0021518485333646684,0.002082078700371616,0.0002987032485953835,567.0,272324.0,378.0,1265470.0,0.002082078700371616,0.0002987032485953835,0.0021518485333646684,poisson_thinned_full_core_4D,0.13881239500083487,True
snv_table,GCF_021891195.1,GCF_030546205.1,close_recombination,25,25,9.205020920502092e-05,0.8743123241790124,full_core,0.002019875575664539,0.0021520856133443998,0.0020859805945044694,0.0002971488723753496,568.0,272294.0,376.0,1265359.0,0.0020859805945044694,0.0002971488723753496,0.0021520856133443998,poisson_thinned_full_core_4D,0.13807483797708778,True
snv_table,GCF_021891195.1,GCF_040921925.1,close_recombination,21,21,7.024793388429752e-05,0.8916700269687362,full_core,0.0016499391446212353,0.0017313262773155564,0.001690632710968396,0.0002349255445295397,457.0,270313.0,295.0,1255717.0,0.001690632710968396,0.0002349255445295397,0.0017313262773155564,poisson_thinned_full_core_4D,0.13569108700515697,True
snv_table,GCF_021891195.1,GCF_040921935.1,close_recombination,20,20,8.19672131147541e-05,0.8946251898040743,full_core,0.0016912324304848322,0.0016691728770437256,0.001680202653764279,0.00022945216318004874,457.0,271991.0,290.0,1263880.0,0.001680202653764279,0.00022945216318004874,0.0016691728770437256,poisson_thinned_full_core_4D,0.137464588800671,True
snv_table,GCF_021891195.1,GCF_047307925.1,close_recombination,25,25,9.205020920502092e-05,0.8767050819063854,full_core,0.0020058706617536305,0.0021601684049654484,0.0020830195333595394,0.0003011983901301794,567.0,272201.0,381.0,1264947.0,0.0020830195333595394,0.0003011983901301794,0.0021601684049654484,poisson_thinned_full_core_4D,0.1394328282173894,True
snv_table,GCF_021891195.1,GCF_047308905.1,close_recombination,42,42,0.0001311475409836,0.6758676304127487,full_core,0.007294679914476167,0.007006147950313316,0.007150413932394742,0.0008098371725614107,1933.0,270334.0,1017.0,1255808.0,0.007150413932394742,0.0008098371725614107,0.007006147950313316,poisson_thinned_full_core_4D,0.1155895048612547,True
snv_table,GCF_021891195.1,GCF_047638235.1,close_recombination,22,22,0.0001142857142857,0.900804723794939,full_core,0.0016639302621794542,0.0017301929717352732,0.0016970616169573636,0.0002677959521611846,461.0,271646.0,338.0,1262155.0,0.0016970616169573636,0.0002677959521611846,0.0017301929717352732,poisson_thinned_full_core_4D,0.15477808344846203,True
snv_table,GCF_021891215.1,GCF_047308005.1,close_recombination,9,9,7.434944237918216e-05,0.9452431505522868,full_core,0.0007042228724546745,0.0007746451597001419,0.0007394340160774081,0.000119749949977869,210.0,284001.0,158.0,1319416.0,0.0007394340160774081,0.000119749949977869,0.0007746451597001419,poisson_thinned_full_core_4D,0.15458684338029444,True
snv_table,GCF_021891245.1,GCF_028199635.1,close_recombination,31,31,0.0001139896373056,0.670769832648114,full_core,0.0038144074220264564,0.003926184928899026,0.0038702961754627416,0.0004931059132870244,1108.0,286283.0,656.0,1330343.0,0.0038702961754627416,0.0004931059132870244,0.003926184928899026,poisson_thinned_full_core_4D,0.12559416385547084,True
snv_table,GCF_021891245.1,GCF_028200395.1,close_recombination,32,32,0.000109375,0.669195756438874,full_core,0.0039543226825119035,0.003926376939172596,0.003940349810842249,0.0005089154163033347,1128.0,286269.0,677.0,1330280.0,0.003940349810842249,0.0005089154163033347,0.003926376939172596,poisson_thinned_full_core_4D,0.12961450828268622,True
snv_table,GCF_021891245.1,GCF_047309325.1,close_recombination,15,15,0.0001287128712871,0.7034118900787897,full_core,0.003389179084921647,0.0034031550811481283,0.0033961670830348874,0.0004669636384964523,972.0,286205.0,621.0,1329868.0,0.0033961670830348874,0.0004669636384964523,0.0034031550811481283,poisson_thinned_full_core_4D,0.13721491597112642,True
snv_table,GCF_021891245.1,GCF_964238335.1,close_recombination,15,15,0.000105,0.6970927978371506,full_core,0.0033881846665432484,0.003374212771011111,0.00338119871877718,0.0004554832745188676,968.0,286289.0,606.0,1330455.0,0.00338119871877718,0.0004554832745188676,0.003374212771011111,poisson_thinned_full_core_4D,0.13498949397384274,True
snv_table,GCF_021891245.1,GCF_964238845.1,close_recombination,16,16,0.0001139896373056,0.6736781071206522,full_core,0.0035837286146408937,0.003646601046476699,0.0036151648305587964,0.0004802814043157681,1035.0,286294.0,639.0,1330470.0,0.0036151648305587964,0.0004802814043157681,0.003646601046476699,poisson_thinned_full_core_4D,0.13170659422143535,True
snv_table,GCF_021891295.1,GCF_028201295.1,close_recombination,39,39,8.290155440414508e-05,0.672397278949613,full_core,0.0037543783602385465,0.004041025497612439,0.003897701928925493,0.0005060534672181872,1115.0,286066.0,673.0,1329899.0,0.003897701928925493,0.0005060534672181872,0.004041025497612439,poisson_thinned_full_core_4D,0.12522897158584598,True
snv_table,GCF_022135985.1,GCF_028199515.1,close_recombination,23,23,8.097165991902834e-05,0.8593101524081889,full_core,0.0020367593206152127,0.0018135528197258746,0.0019251560701705438,0.00025660456636079204,552.0,286730.0,342.0,1332790.0,0.0019251560701705438,0.00025660456636079204,0.0018135528197258746,poisson_thinned_full_core_4D,0.14149274483198057,True
snv_table,GCF_022135985.1,GCF_028201265.1,close_recombination,16,16,6.94980694980695e-05,0.9017208706607432,full_core,0.0012493849047780247,0.0013122031402137914,0.0012807940224959082,0.00015990654851099227,367.0,286541.0,213.0,1332028.0,0.0012807940224959082,0.00015990654851099227,0.0013122031402137914,poisson_thinned_full_core_4D,0.12186112318321339,True
snv_table,GCF_023668565.1,GCF_023668715.1,close_recombination,1,1,0.0,0.9997902977771564,full_core,6.990074094785405e-06,6.990074094785405e-06,6.990074094785405e-06,7.521975451280917e-07,2.0,286120.0,1.0,1329438.0,6.990074094785405e-06,7.521975451280917e-07,6.990074094785405e-06,poisson_thinned_full_core_4D,0.10760938080602479,True
snv_table,GCF_023668565.1,GCF_023669385.1,close_recombination,1,1,0.0,0.9998042546646811,full_core,1.3981809665625023e-05,0.0,6.990904832812511e-06,2.2567776675300094e-06,2.0,286086.0,3.0,1329329.0,6.990904832812511e-06,2.2567776675300094e-06,0.0,poisson_thinned_full_core_4D,,False
snv_table,GCF_023668565.1,GCF_023669405.1,close_recombination,1,1,0.0,0.9998113365755492,full_core,0.0,1.3975068477835541e-05,6.987534238917771e-06,5.2630114801317555e-06,2.0,286224.0,7.0,1330037.0,6.987534238917771e-06,5.2630114801317555e-06,1.3975068477835541e-05,poisson_thinned_full_core_4D,0.3766000494723079,False
snv_table,GCF_023668565.1,GCF_023669435.1,close_recombination,1,1,0.0,0.9999475936763036,full_core,3.493754913092847e-05,1.3975019652371386e-05,2.4456284391649926e-05,6.015507979571335e-06,7.0,286225.0,8.0,1329896.0,2.4456284391649926e-05,6.015507979571335e-06,1.3975019652371386e-05,poisson_thinned_full_core_4D,0.4304471928632014,True
snv_table,GCF_023668585.1,GCF_023668715.1,close_recombination,1,1,0.0,0.9998182593439162,full_core,6.990025233991095e-06,6.990025233991095e-06,6.990025233991095e-06,7.521896239954507e-07,2.0,286122.0,1.0,1329452.0,6.990025233991095e-06,7.521896239954507e-07,6.990025233991095e-06,poisson_thinned_full_core_4D,0.10760899979841317,True
snv_table,GCF_023668585.1,GCF_023669385.1,close_recombination,1,1,0.0,0.9997972651771484,full_core,0.0,1.3981711920807584e-05,6.990855960403792e-06,2.256753900234928e-06,2.0,286088.0,3.0,1329343.0,6.990855960403792e-06,2.256753900234928e-06,1.3981711920807584e-05,poisson_thinned_full_core_4D,0.16140755245260252,False
snv_table,GCF_023668585.1,GCF_023669405.1,close_recombination,1,1,0.0,0.9997938497339264,full_core,6.988144612664615e-06,6.988144612664615e-06,6.988144612664615e-06,5.263494283469245e-06,2.0,286199.0,7.0,1329915.0,6.988144612664615e-06,5.263494283469245e-06,6.988144612664615e-06,poisson_thinned_full_core_4D,0.7532034002173071,True
snv_table,GCF_023668585.1,GCF_023669435.1,close_recombination,1,1,0.0,0.9999510770047944,full_core,2.0966997945234203e-05,2.795599726031227e-05,2.4461497602773234e-05,6.01677024285941e-06,7.0,286164.0,8.0,1329617.0,2.4461497602773234e-05,6.01677024285941e-06,2.795599726031227e-05,poisson_thinned_full_core_4D,0.21522287997220252,True
snv_table,GCF_023668665.1,GCF_023669435.1,close_recombination,2,2,3.484320557491289e-06,0.9996995066318188,full_core,2.7952871458720598e-05,4.19293071880809e-05,3.4941089323400743e-05,9.023981230119041e-06,10.0,286196.0,12.0,1329790.0,3.4941089323400743e-05,9.023981230119041e-06,4.19293071880809e-05,poisson_thinned_full_core_4D,0.21521894434459574,True
snv_table,GCF_023668715.1,GCF_023669435.1,close_recombination,2,2,0.0,0.9997098642654147,full_core,2.796489008050393e-05,3.4956112600629906e-05,3.146050134056692e-05,5.266737692386404e-06,9.0,286073.0,7.0,1329096.0,3.146050134056692e-05,5.266737692386404e-06,3.4956112600629906e-05,poisson_thinned_full_core_4D,0.1506671451874056,True
snv_table,GCF_023669385.1,GCF_023669435.1,close_recombination,2,2,0.0,0.9997517751572382,full_core,2.7968996367526598e-05,3.4961245459408244e-05,3.146512091346742e-05,3.762365956306892e-06,9.0,286031.0,5.0,1328951.0,3.146512091346742e-05,3.762365956306892e-06,3.4961245459408244e-05,poisson_thinned_full_core_4D,0.10761532968484167,True
snv_table,GCF_023669405.1,GCF_023669435.1,close_recombination,2,2,0.0,0.999730916944195,full_core,4.8924191964550925e-05,1.3978340561300264e-05,3.1451266262925595e-05,6.7690548895139816e-06,9.0,286157.0,9.0,1329580.0,3.1451266262925595e-05,6.7690548895139816e-06,1.3978340561300264e-05,poisson_thinned_full_core_4D,0.48425311000466315,True
snv_table,GCF_024022975.1,GCF_024759565.1,close_recombination,36,36,0.0001284403669724,0.774559015370654,full_core,0.0026870285292949917,0.0028004650898984743,0.002743746809596733,0.00042936751800407404,774.0,282096.0,563.0,1311231.0,0.002743746809596733,0.00042936751800407404,0.0028004650898984743,poisson_thinned_full_core_4D,0.15332007513781934,True
snv_table,GCF_024022975.1,GCF_024789245.1,close_recombination,36,36,0.0001402714932126,0.7857581774331616,full_core,0.0027491945996440965,0.002756298461658681,0.0027527465306513886,0.00044022830729158706,775.0,281537.0,576.0,1308412.0,0.0027527465306513886,0.00044022830729158706,0.002756298461658681,poisson_thinned_full_core_4D,0.15971721256437055,True
snv_table,GCF_024047355.1,GCF_028199355.1,close_recombination,17,17,0.0001166666666666,0.8414642246608098,full_core,0.0017968949375806243,0.002006649210449958,0.001901772074015291,0.0002639673312225974,544.0,286049.0,351.0,1329710.0,0.001901772074015291,0.0002639673312225974,0.002006649210449958,poisson_thinned_full_core_4D,0.13154632600852398,True
snv_table,GCF_024047355.1,GCF_028200155.1,close_recombination,18,18,0.0001083333333333,0.84087317680292,full_core,0.001929827014781356,0.002013732537163154,0.001971779775972255,0.0002805247391984814,564.0,286036.0,373.0,1329651.0,0.001971779775972255,0.0002805247391984814,0.002013732537163154,poisson_thinned_full_core_4D,0.13930585816211255,True
snv_table,GCF_024047355.1,GCF_028200165.1,close_recombination,17,17,0.0001083333333333,0.8414318674403971,full_core,0.0018387750821505977,0.0019436481856953086,0.0018912116339229533,0.00025944589876195426,541.0,286060.0,345.0,1329757.0,0.0018912116339229533,0.00025944589876195426,0.0019436481856953086,poisson_thinned_full_core_4D,0.13348398165439684,True
snv_table,GCF_024047355.1,GCF_964252195.1,close_recombination,21,21,0.000112970711297,0.8338946846717927,full_core,0.0018638027859314303,0.0016753283469046563,0.0017695655664180432,0.000247790720462783,507.0,286511.0,330.0,1331769.0,0.0017695655664180432,0.000247790720462783,0.0016753283469046563,poisson_thinned_full_core_4D,0.14790576481356754,True
snv_table,GCF_024047375.1,GCF_024461205.1,close_recombination,26,26,0.0001182266009852,0.710275990956624,full_core,0.00433270104362799,0.004647679310127602,0.004490190176877795,0.0006106270183255869,1283.0,285734.0,811.0,1328143.0,0.004490190176877795,0.0006106270183255869,0.004647679310127602,poisson_thinned_full_core_4D,0.13138320817337593,True
snv_table,GCF_024047375.1,GCF_024461385.1,close_recombination,24,24,0.0001116504854368,0.7194274815838743,full_core,0.004332382635474445,0.004052422529789505,0.004192402582631975,0.0005533630166791895,1198.0,285755.0,735.0,1328242.0,0.004192402582631975,0.0005533630166791895,0.004052422529789505,poisson_thinned_full_core_4D,0.1365511647937494,True
snv_table,GCF_024047375.1,GCF_028396205.1,close_recombination,25,25,0.0001153846153846,0.6393286646751412,full_core,0.004792254038435976,0.004855217960108857,0.0048237359992724166,0.0006442130328209983,1379.0,285878.0,856.0,1328753.0,0.0048237359992724166,0.0006442130328209983,0.004855217960108857,poisson_thinned_full_core_4D,0.13268467823977045,True
snv_table,GCF_024047375.1,GCF_039760295.1,close_recombination,30,30,8.290155440414508e-05,0.6735687929781405,full_core,0.0047590428803041315,0.004647229831721362,0.004703136356012746,0.0006231049416957174,1346.0,286192.0,829.0,1330434.0,0.004703136356012746,0.0006231049416957174,0.004647229831721362,poisson_thinned_full_core_4D,0.13408093945397048,True
snv_table,GCF_024047375.1,GCF_039760315.1,close_recombination,30,30,9.32642487046632e-05,0.6739064350779358,full_core,0.004612207675132863,0.004807877091653651,0.0047100423833932575,0.0006238373513218963,1348.0,286197.0,830.0,1330475.0,0.0047100423833932575,0.0006238373513218963,0.004807877091653651,poisson_thinned_full_core_4D,0.1297531820031052,True
snv_table,GCF_024047375.1,GCF_039760335.1,close_recombination,30,30,0.0001088082901554,0.6736419213973799,full_core,0.004618340611353712,0.004813973799126637,0.004716157205240175,0.0006335335389499125,1350.0,286250.0,843.0,1330632.0,0.004716157205240175,0.0006335335389499125,0.004813973799126637,poisson_thinned_full_core_4D,0.13160303013382618,True
snv_table,GCF_024047375.1,GCF_040098345.1,close_recombination,29,29,8.737864077669902e-05,0.7184078000160984,full_core,0.006082388719933647,0.006236373244488929,0.006159380982211288,0.0006678769269228192,1760.0,285743.0,887.0,1328089.0,0.006159380982211288,0.0006678769269228192,0.006236373244488929,poisson_thinned_full_core_4D,0.10709380287862352,True
snv_table,GCF_024461205.1,GCF_024461385.1,close_recombination,2,2,7.067137809187279e-06,0.9874418441949138,full_core,0.00033581697974603843,0.00042676741176059046,0.0003812921957533144,6.471717465886148e-05,109.0,285870.0,86.0,1328859.0,0.0003812921957533144,6.471717465886148e-05,0.00042676741176059046,poisson_thinned_full_core_4D,0.15164507147318634,True
snv_table,GCF_024461205.1,GCF_028396205.1,close_recombination,20,20,0.000167487684729,0.7108798698566741,full_core,0.0034358959975317647,0.0034078478669396684,0.0034218719322357165,0.00048277729709586824,976.0,285224.0,640.0,1325663.0,0.0034218719322357165,0.00048277729709586824,0.0034078478669396684,poisson_thinned_full_core_4D,0.14166632899883944,True
snv_table,GCF_024461205.1,GCF_028396285.1,close_recombination,20,20,0.000167487684729,0.7108848546044835,full_core,0.0032816542903422595,0.0035621375630210854,0.0034218959266816727,0.0004812737006553017,976.0,285222.0,638.0,1325649.0,0.0034218959266816727,0.0004812737006553017,0.0035621375630210854,poisson_thinned_full_core_4D,0.13510811756723076,True
snv_table,GCF_024461205.1,GCF_039760295.1,close_recombination,15,15,0.0001396396396396,0.777313353350688,full_core,0.002900998181620705,0.003013114053374162,0.0029570561174974337,0.00043034156760394707,844.0,285419.0,571.0,1326853.0,0.0029570561174974337,0.00043034156760394707,0.003013114053374162,poisson_thinned_full_core_4D,0.14282286033017555,True
snv_table,GCF_024461205.1,GCF_039760315.1,close_recombination,15,15,0.0001434977578475,0.7845713464860187,full_core,0.002964084129536783,0.0029570768384504075,0.002960580483993595,0.00043185052093382213,845.0,285417.0,573.0,1326848.0,0.002960580483993595,0.00043185052093382213,0.0029570768384504075,poisson_thinned_full_core_4D,0.1460396684044653,True
snv_table,GCF_024461205.1,GCF_039760335.1,close_recombination,15,15,0.0001651785714285,0.782458585299751,full_core,0.0029343072338726905,0.002997335312881889,0.0029658212733772896,0.00043992102513651485,847.0,285587.0,584.0,1327511.0,0.0029658212733772896,0.00043992102513651485,0.002997335312881889,poisson_thinned_full_core_4D,0.14677070771689468,True
snv_table,GCF_024461205.1,GCF_040095755.1,close_recombination,19,19,0.0001612903225806,0.6536060053318367,full_core,0.00524063420794163,0.005359898975726112,0.0053002665918338715,0.0007357457745554209,1511.0,285080.0,975.0,1325186.0,0.0053002665918338715,0.0007357457745554209,0.005359898975726112,poisson_thinned_full_core_4D,0.13726858992818022,True
snv_table,GCF_024461205.1,GCF_040098345.1,close_recombination,5,5,6.934306569343065e-05,0.9613886608139118,full_core,0.002386015144178474,0.0027930412570089194,0.002589528200593697,0.00025970594341581264,738.0,284994.0,344.0,1324575.0,0.002589528200593697,0.00025970594341581264,0.0027930412570089194,poisson_thinned_full_core_4D,0.09298321060030919,True
snv_table,GCF_024461385.1,GCF_028396205.1,close_recombination,17,17,0.0001770334928229,0.7298013616508088,full_core,0.0030570533091199754,0.003021995358327315,0.003039524333723645,0.00042164971393442933,867.0,285242.0,559.0,1325745.0,0.003039524333723645,0.00042164971393442933,0.003021995358327315,poisson_thinned_full_core_4D,0.1395269230882651,True
snv_table,GCF_024461385.1,GCF_028396285.1,close_recombination,17,17,0.0001770334928229,0.7297714205581265,full_core,0.003176272612536811,0.002902818679007152,0.0030395456457719813,0.00042014556497509673,867.0,285240.0,557.0,1325731.0,0.0030395456457719813,0.00042014556497509673,0.002902818679007152,poisson_thinned_full_core_4D,0.1447371026008413,True
snv_table,GCF_024461385.1,GCF_039760295.1,close_recombination,13,13,0.0001283185840707,0.789809274233103,full_core,0.0026555865412912177,0.002494429574405471,0.0025750080578483443,0.00036851981641834914,735.0,285436.0,489.0,1326930.0,0.0025750080578483443,0.00036851981641834914,0.002494429574405471,poisson_thinned_full_core_4D,0.14773710999885942,True
snv_table,GCF_024461385.1,GCF_039760315.1,close_recombination,13,13,0.0001453744493392,0.7971636473197238,full_core,0.0025154412357192655,0.0026415636375102035,0.0025785024366147347,0.0003700237086474013,736.0,285437.0,491.0,1326942.0,0.0025785024366147347,0.0003700237086474013,0.0026415636375102035,poisson_thinned_full_core_4D,0.14007752960900305,True
snv_table,GCF_024461385.1,GCF_039760335.1,close_recombination,13,13,0.0001578947368421,0.7950757681857651,full_core,0.0025419456037646003,0.0026259768633931824,0.0025839612335788915,0.00037812309337832646,738.0,285608.0,502.0,1327610.0,0.0025839612335788915,0.00037812309337832646,0.0026259768633931824,poisson_thinned_full_core_4D,0.14399330727146276,True
snv_table,GCF_024461385.1,GCF_040095755.1,close_recombination,21,21,0.0001505376344086,0.6495502735558043,full_core,0.0055097192148825585,0.005551831718435801,0.00553077546665918,0.0007685669698907472,1576.0,284951.0,1018.0,1324543.0,0.00553077546665918,0.0007685669698907472,0.005551831718435801,poisson_thinned_full_core_4D,0.1384348461677233,True
snv_table,GCF_024461385.1,GCF_040098345.1,close_recombination,3,3,6.474820143884892e-05,0.9739692430765344,full_core,0.0021894045451196277,0.002224491156419622,0.002206947850769625,0.0001977874977163848,629.0,285009.0,262.0,1324654.0,0.002206947850769625,0.0001977874977163848,0.002224491156419622,poisson_thinned_full_core_4D,0.08891359138272731,True
snv_table,GCF_024463175.1,GCF_029076805.1,close_recombination,1,1,3.496503496503497e-06,0.9997791666520612,full_core,2.1031747422734617e-05,2.1031747422734617e-05,2.1031747422734617e-05,2.2626311383297256e-06,6.0,285283.0,3.0,1325890.0,2.1031747422734617e-05,2.2626311383297256e-06,2.1031747422734617e-05,poisson_thinned_full_core_4D,0.10758169983935319,True
snv_table,GCF_024758205.1,GCF_028199455.1,close_recombination,29,29,4.090909090909091e-05,0.7794831087186865,full_core,0.0019703246428786586,0.0021333371133326483,0.0020518308781056534,0.00030577541901145324,579.0,282187.0,401.0,1311420.0,0.0020518308781056534,0.00030577541901145324,0.0021333371133326483,poisson_thinned_full_core_4D,0.14333197369532383,True
snv_table,GCF_024758205.1,GCF_028200305.1,close_recombination,33,33,3.125e-05,0.7938054822191116,full_core,0.0020341265481864735,0.002090826939773553,0.002062476743980013,0.0003073028267284831,582.0,282185.0,403.0,1311410.0,0.002062476743980013,0.0003073028267284831,0.002090826939773553,poisson_thinned_full_core_4D,0.14697669179724915,True
snv_table,GCF_024758205.1,GCF_028200405.1,close_recombination,27,27,3.703703703703704e-05,0.7627172688429571,full_core,0.002097401631154917,0.0018423122435820218,0.0019698569373684696,0.0002942988368334055,556.0,282254.0,386.0,1311592.0,0.0019698569373684696,0.0002942988368334055,0.0018423122435820218,poisson_thinned_full_core_4D,0.1597442767145693,True
snv_table,GCF_024758205.1,GCF_964084965.1,close_recombination,14,14,9.67741935483871e-05,0.8751584149302974,full_core,0.0010619995327202055,0.0012814794361490482,0.001171739484434627,0.00020338657694297024,331.0,282486.0,267.0,1312771.0,0.001171739484434627,0.00020338657694297024,0.0012814794361490482,poisson_thinned_full_core_4D,0.15871232202848587,True
snv_table,GCF_024790525.1,GCF_028199465.1,close_recombination,8,8,6.910569105691057e-05,0.8653835976502549,full_core,0.0019757616384709015,0.0019193113059431616,0.0019475364722070317,0.0002779077042697557,552.0,283435.0,366.0,1316984.0,0.0019475364722070317,0.0002779077042697557,0.0019193113059431616,poisson_thinned_full_core_4D,0.14479553338179818,True
snv_table,GCF_024790525.1,GCF_028199675.1,close_recombination,8,8,6.477732793522267e-05,0.8684537158493068,full_core,0.002045162837275561,0.001911169410005783,0.001978166123640672,0.00028684518858932876,561.0,283596.0,378.0,1317784.0,0.001978166123640672,0.00028684518858932876,0.001911169410005783,poisson_thinned_full_core_4D,0.15008883413870716,True
snv_table,GCF_027660715.1,GCF_027671015.1,close_recombination,15,15,2.6923076923076923e-05,0.9109441946946824,full_core,0.0007240595134741851,0.0007732674415743726,0.0007486634775242788,0.0001368888122513218,213.0,284507.0,181.0,1322241.0,0.0007486634775242788,0.0001368888122513218,0.0007732674415743726,poisson_thinned_full_core_4D,0.17702647866903096,True
snv_table,GCF_027660715.1,GCF_027686305.1,close_recombination,1,1,2.464788732394366e-05,0.997859921495314,full_core,8.433806915018854e-05,5.622537943345902e-05,7.028172429182377e-05,2.6465588685431526e-05,20.0,284569.0,35.0,1322472.0,7.028172429182377e-05,2.6465588685431526e-05,5.622537943345902e-05,poisson_thinned_full_core_4D,0.47070538166403525,True
snv_table,GCF_027660715.1,GCF_027686505.1,close_recombination,1,1,2.8169014084507043e-05,0.9978699921970012,full_core,9.138647339599165e-05,5.6237829782148704e-05,7.381215158907017e-05,2.268894216588642e-05,21.0,284506.0,30.0,1322230.0,7.381215158907017e-05,2.268894216588642e-05,5.6237829782148704e-05,poisson_thinned_full_core_4D,0.4034462612404801,True
snv_table,GCF_027660715.1,GCF_030541685.1,close_recombination,15,15,2.6717557251908397e-05,0.9183426047292904,full_core,0.0006536246297005626,0.0007520197352468838,0.0007028221824737233,0.00012476493152673712,200.0,284567.0,165.0,1322487.0,0.0007028221824737233,0.00012476493152673712,0.0007520197352468838,poisson_thinned_full_core_4D,0.16590645920452807,True
snv_table,GCF_027660715.1,GCF_030546205.1,close_recombination,14,14,4.9429657794676805e-05,0.9234299932873404,full_core,0.0007591279868698974,0.0006536935442490783,0.0007064107655594879,0.00012326297512961517,201.0,284537.0,163.0,1322376.0,0.0007064107655594879,0.00012326297512961517,0.0006536935442490783,poisson_thinned_full_core_4D,0.18856385566911457,True
snv_table,GCF_027660715.1,GCF_040921925.1,close_recombination,19,19,6.910569105691057e-05,0.8683336520008781,full_core,0.0015225227139144413,0.001416300198990178,0.0014694114564523097,0.00023245409793710325,415.0,282426.0,305.0,1312087.0,0.0014694114564523097,0.00023245409793710325,0.001416300198990178,poisson_thinned_full_core_4D,0.1641277026599608,True
snv_table,GCF_027660715.1,GCF_040921935.1,close_recombination,20,20,4.858299595141701e-05,0.8668972481518882,full_core,0.0014144520405757735,0.001505934013349331,0.0014601930269625522,0.00022638103790027423,415.0,284209.0,299.0,1320782.0,0.0014601930269625522,0.00022638103790027423,0.001505934013349331,poisson_thinned_full_core_4D,0.15032600093597906,True
snv_table,GCF_027660715.1,GCF_047307925.1,close_recombination,14,14,4.9429657794676805e-05,0.9244317882191636,full_core,0.0006328112640404999,0.0007664047531157165,0.0006996080085781083,0.00012784096281643476,199.0,284445.0,169.0,1321955.0,0.0006996080085781083,0.00012784096281643476,0.0007664047531157165,poisson_thinned_full_core_4D,0.16680606728587516,True
snv_table,GCF_027660715.1,GCF_047638235.1,close_recombination,24,24,6.122448979591836e-05,0.8639382674723842,full_core,0.001627878296717817,0.0016490195732985677,0.0016384489350081922,0.00027753091512406995,465.0,283805.0,366.0,1318772.0,0.0016384489350081922,0.00027753091512406995,0.0016490195732985677,poisson_thinned_full_core_4D,0.1683005584760399,True
snv_table,GCF_027671015.1,GCF_027686305.1,close_recombination,14,14,4.580152671755725e-05,0.9212561337401404,full_core,0.0007100375405986811,0.000717067615258074,0.0007135525779283776,0.0001323627738396701,203.0,284492.0,175.0,1322124.0,0.0007135525779283776,0.0001323627738396701,0.000717067615258074,poisson_thinned_full_core_4D,0.18458897183919326,True
snv_table,GCF_027671015.1,GCF_027686505.1,close_recombination,16,16,3.816793893129771e-05,0.9207043347734536,full_core,0.0007030692488056611,0.0007171306337817743,0.0007100999412937177,0.0001270762404494263,202.0,284467.0,168.0,1322041.0,0.0007100999412937177,0.0001270762404494263,0.0007171306337817743,poisson_thinned_full_core_4D,0.17720096515650466,True
snv_table,GCF_027671015.1,GCF_028201035.1,close_recombination,41,41,0.0001212121212121,0.6975534308211474,full_core,0.0046822272215973,0.004358830146231721,0.00452052868391451,0.0005657875528251179,1286.0,284480.0,748.0,1322051.0,0.00452052868391451,0.0005657875528251179,0.004358830146231721,poisson_thinned_full_core_4D,0.12980261534491092,True
snv_table,GCF_027671015.1,GCF_028396085.1,close_recombination,44,44,0.0001269841269841,0.664780215520583,full_core,0.005462016082994453,0.004989815982916223,0.005225916032955339,0.0006354685480984475,1483.0,283778.0,838.0,1318712.0,0.005225916032955339,0.0006354685480984475,0.004989815982916223,poisson_thinned_full_core_4D,0.1273531028547184,True
snv_table,GCF_027671015.1,GCF_028396095.1,close_recombination,41,41,0.0001546391752577,0.688307202075461,full_core,0.004624668659410073,0.004617618859624387,0.00462114375951723,0.0005818200575448104,1311.0,283696.0,767.0,1318277.0,0.00462114375951723,0.0005818200575448104,0.004617618859624387,poisson_thinned_full_core_4D,0.12600001759178056,True
snv_table,GCF_027671015.1,GCF_028396185.1,close_recombination,42,42,0.0001391752577319,0.687896697433295,full_core,0.0047647745014079345,0.0045110291137589915,0.004637901807583463,0.0005870071206845686,1316.0,283749.0,774.0,1318553.0,0.004637901807583463,0.0005870071206845686,0.0045110291137589915,poisson_thinned_full_core_4D,0.13012709647431692,True
snv_table,GCF_027671015.1,GCF_030541685.1,close_recombination,1,1,3.5211267605633805e-05,0.9978770816198852,full_core,0.00011247249695972782,6.32657795398469e-05,8.786913824978736e-05,3.478868520701915e-05,25.0,284514.0,46.0,1322269.0,8.786913824978736e-05,3.478868520701915e-05,6.32657795398469e-05,poisson_thinned_full_core_4D,0.549881554610547,True
snv_table,GCF_027671015.1,GCF_030546205.1,close_recombination,1,1,4.577464788732394e-05,0.9978768577494692,full_core,7.73329958802604e-05,0.00010545408529126419,9.13935405857623e-05,3.3278927329411464e-05,26.0,284484.0,44.0,1322158.0,9.13935405857623e-05,3.3278927329411464e-05,0.00010545408529126419,poisson_thinned_full_core_4D,0.31557741207934303,True
snv_table,GCF_027671015.1,GCF_040921925.1,close_recombination,6,6,7.835820895522388e-05,0.9521145115481864,full_core,0.0008711603430813579,0.000849912529835471,0.0008605364364584145,0.0001433007654395141,243.0,282382.0,188.0,1311926.0,0.0008605364364584145,0.0001433007654395141,0.000849912529835471,poisson_thinned_full_core_4D,0.16860648644308698,True
snv_table,GCF_027671015.1,GCF_040921935.1,close_recombination,7,7,5.5762081784386615e-05,0.9489454402122844,full_core,0.0009009421179882244,0.0008024015738332624,0.0008516718459107434,0.00013782386715596663,242.0,284147.0,182.0,1320526.0,0.0008516718459107434,0.00013782386715596663,0.0008024015738332624,poisson_thinned_full_core_4D,0.17176420342441426,True
snv_table,GCF_027671015.1,GCF_047307925.1,close_recombination,1,1,3.8732394366197184e-05,0.9978761858548352,full_core,0.00011955245188013812,4.9227480185939224e-05,8.438996603303867e-05,3.7828722138200425e-05,24.0,284394.0,50.0,1321747.0,8.438996603303867e-05,3.7828722138200425e-05,4.9227480185939224e-05,poisson_thinned_full_core_4D,0.7684472574122408,True
snv_table,GCF_027671015.1,GCF_047308905.1,close_recombination,39,39,0.0001576354679802,0.7209902595678237,full_core,0.007201759013706003,0.006918503988584823,0.007060131501145412,0.0007179221412675669,1994.0,282431.0,942.0,1312120.0,0.007060131501145412,0.0007179221412675669,0.006918503988584823,poisson_thinned_full_core_4D,0.10376840751296837,True
snv_table,GCF_027671015.1,GCF_047638235.1,close_recombination,13,13,7.547169811320755e-05,0.937050663960078,full_core,0.0011629873974456568,0.00106430967887451,0.0011136485381600834,0.0001979441115039657,316.0,283752.0,261.0,1318554.0,0.0011136485381600834,0.0001979441115039657,0.00106430967887451,poisson_thinned_full_core_4D,0.18598356797176582,True
snv_table,GCF_027671015.1,GCF_051065055.1,close_recombination,41,41,0.0001313131313131,0.6966872977915318,full_core,0.004578703052468702,0.004501336334224223,0.004540019693346462,0.0005645053276136181,1291.0,284360.0,746.0,1321511.0,0.004540019693346462,0.0005645053276136181,0.004501336334224223,poisson_thinned_full_core_4D,0.12540838668766283,True
snv_table,GCF_027686305.1,GCF_027686505.1,close_recombination,1,1,3.5087719298245615e-06,0.9994938737636812,full_core,3.5147655299914945e-05,0.0,1.7573827649957473e-05,7.562757653699815e-06,5.0,284514.0,10.0,1322269.0,1.7573827649957473e-05,7.562757653699815e-06,0.0,poisson_thinned_full_core_4D,,False
snv_table,GCF_027686305.1,GCF_030541685.1,close_recombination,14,14,4.597701149425287e-05,0.9203141747641054,full_core,0.0007239373759027253,0.0007942225580292035,0.0007590799669659644,0.00012931171382637142,216.0,284555.0,171.0,1322386.0,0.0007590799669659644,0.00012931171382637142,0.0007942225580292035,poisson_thinned_full_core_4D,0.16281546339762443,True
snv_table,GCF_027686305.1,GCF_030546205.1,close_recombination,15,15,6.083650190114068e-05,0.92220367278798,full_core,0.000780247781390036,0.0007451014849310254,0.0007626746331605307,0.00012781002438978277,217.0,284525.0,169.0,1322275.0,0.0007626746331605307,0.00012781002438978277,0.0007451014849310254,poisson_thinned_full_core_4D,0.17153371315803273,True
snv_table,GCF_027686305.1,GCF_040921925.1,close_recombination,19,19,6.910569105691057e-05,0.8723717662722102,full_core,0.0014730147938841558,0.0013951149730537437,0.0014340648834689498,0.00022637436679964572,405.0,282414.0,297.0,1311986.0,0.0014340648834689498,0.00022637436679964572,0.0013951149730537437,poisson_thinned_full_core_4D,0.1622621584399877,True
snv_table,GCF_027686305.1,GCF_040921935.1,close_recombination,19,19,6.0483870967741935e-05,0.8735735725168814,full_core,0.0014567770040360465,0.0013793637332901697,0.001418070368663108,0.00021353186243701946,403.0,284189.0,282.0,1320646.0,0.001418070368663108,0.00021353186243701946,0.0013793637332901697,poisson_thinned_full_core_4D,0.15480460830131154,True
snv_table,GCF_027686305.1,GCF_047307925.1,close_recombination,14,14,4.980842911877394e-05,0.9190177362934838,full_core,0.0007382798080472499,0.0007664047531157165,0.0007523422805814832,0.00012784560487235486,214.0,284445.0,169.0,1321907.0,0.0007523422805814832,0.00012784560487235486,0.0007664047531157165,poisson_thinned_full_core_4D,0.16681212421062835,True
snv_table,GCF_027686305.1,GCF_047308905.1,close_recombination,45,45,0.0001534391534391,0.6730769230769231,full_core,0.007420414636909482,0.007300045315509233,0.0073602299762093575,0.0007613273158753892,2079.0,282464.0,999.0,1312182.0,0.0073602299762093575,0.0007613273158753892,0.007300045315509233,poisson_thinned_full_core_4D,0.10429076573783994,True
snv_table,GCF_027686305.1,GCF_047638235.1,close_recombination,24,24,8.979591836734694e-05,0.8650678729843326,full_core,0.0016629145395805369,0.0017333770200712376,0.001698145779825887,0.00028281529355924187,482.0,283839.0,373.0,1318882.0,0.001698145779825887,0.00028281529355924187,0.0017333770200712376,poisson_thinned_full_core_4D,0.16315855713122288,True
snv_table,GCF_027686505.1,GCF_030541685.1,close_recombination,16,16,3.4482758620689657e-05,0.9171567472941572,full_core,0.0007381967610738303,0.0007452272064173906,0.0007417119837456104,0.0001240462995249178,211.0,284477.0,164.0,1322087.0,0.0007417119837456104,0.0001240462995249178,0.0007452272064173906,poisson_thinned_full_core_4D,0.16645433561297188,True
snv_table,GCF_027686505.1,GCF_030546205.1,close_recombination,14,14,4.597701149425287e-05,0.9179565964837034,full_core,0.0006749939356013599,0.0008437424195016998,0.0007593681775515299,0.0001225438283297125,216.0,284447.0,162.0,1321976.0,0.0007593681775515299,0.0001225438283297125,0.0008437424195016998,poisson_thinned_full_core_4D,0.14523843473709053,True
snv_table,GCF_027686505.1,GCF_040921925.1,close_recombination,19,19,6.504065040650406e-05,0.8733703332471497,full_core,0.0013671314677537606,0.0014804687915053675,0.001423800129629564,0.00022108225098324425,402.0,282343.0,290.0,1311729.0,0.001423800129629564,0.00022108225098324425,0.0014804687915053675,poisson_thinned_full_core_4D,0.14933259806067495,True
snv_table,GCF_027686505.1,GCF_040921935.1,close_recombination,20,20,6.024096385542168e-05,0.8786675677197725,full_core,0.001295263839612547,0.0015486850256236978,0.0014219744326181224,0.00021282203533603162,404.0,284112.0,281.0,1320352.0,0.0014219744326181224,0.00021282203533603162,0.0015486850256236978,poisson_thinned_full_core_4D,0.1374211229622514,True
snv_table,GCF_027686505.1,GCF_047307925.1,close_recombination,14,14,4.980842911877394e-05,0.9206736602228888,full_core,0.0007596085202755691,0.0007455416958260215,0.0007525751080507953,0.000126365332011668,214.0,284357.0,167.0,1321565.0,0.0007525751080507953,0.000126365332011668,0.0007455416958260215,poisson_thinned_full_core_4D,0.16949465431529187,True
snv_table,GCF_027686505.1,GCF_047638235.1,close_recombination,23,23,8.606557377049181e-05,0.8610753749361155,full_core,0.0017411839345822392,0.0016354440195266377,0.0016883139770544385,0.0002760978873202045,479.0,283715.0,364.0,1318373.0,0.0016883139770544385,0.0002760978873202045,0.0016354440195266377,poisson_thinned_full_core_4D,0.1688213622867496,True
snv_table,GCF_028199355.1,GCF_028200155.1,close_recombination,1,1,2.0905923344947736e-05,0.9994136084719614,full_core,8.377021829122717e-05,0.00011169362438830289,9.773192133976502e-05,2.853159160480442e-05,28.0,286498.0,38.0,1331857.0,9.773192133976502e-05,2.853159160480442e-05,0.00011169362438830289,poisson_thinned_full_core_4D,0.25544512286228926,True
snv_table,GCF_028199355.1,GCF_964252195.1,close_recombination,16,16,0.0001284046692607,0.8959678827020422,full_core,0.0014662244719846397,0.0014871705358701344,0.001476697503927387,0.00020651568242544032,423.0,286450.0,275.0,1331618.0,0.001476697503927387,0.00020651568242544032,0.0014871705358701344,poisson_thinned_full_core_4D,0.13886482918020512,True
snv_table,GCF_028199395.1,GCF_046861415.1,close_recombination,37,37,7.547169811320755e-05,0.7419099407172789,full_core,0.0032934845066079914,0.0030201953666979665,0.003156839936652979,0.0004584036394836324,901.0,285412.0,608.0,1326342.0,0.003156839936652979,0.0004584036394836324,0.0030201953666979665,poisson_thinned_full_core_4D,0.15177946583793792,True
snv_table,GCF_028199435.1,GCF_046861415.1,close_recombination,38,38,0.0001513761467889,0.7666110745168389,full_core,0.003111291746667975,0.0032794696789202977,0.003195380712794136,0.0004908236337234288,912.0,285412.0,651.0,1326342.0,0.003195380712794136,0.0004908236337234288,0.0032794696789202977,poisson_thinned_full_core_4D,0.14966555015840946,True
snv_table,GCF_028199455.1,GCF_028200305.1,close_recombination,1,1,1.4134275618374558e-05,0.9991624465043628,full_core,3.533980994250213e-05,2.8271847954001704e-05,3.180582894825192e-05,1.5211265463202048e-06,9.0,282967.0,2.0,1314815.0,3.180582894825192e-05,1.5211265463202048e-06,2.8271847954001704e-05,poisson_thinned_full_core_4D,0.05380357692907367,True
snv_table,GCF_028199455.1,GCF_028200405.1,close_recombination,1,1,1.76678445229682e-05,0.9995757468622946,full_core,7.777974191267457e-05,9.899239879794945e-05,8.838607035531201e-05,1.2935330954246973e-05,25.0,282850.0,17.0,1314230.0,8.838607035531201e-05,1.2935330954246973e-05,9.899239879794945e-05,poisson_thinned_full_core_4D,0.13066994144316987,True
snv_table,GCF_028199455.1,GCF_964084965.1,close_recombination,17,17,8.267716535433071e-05,0.900113106178425,full_core,0.001293651915735897,0.0011239926480984023,0.0012088222819171498,0.00016886700886323597,342.0,282920.0,222.0,1314644.0,0.0012088222819171498,0.00016886700886323597,0.0011239926480984023,poisson_thinned_full_core_4D,0.15023853505530416,True
snv_table,GCF_028199465.1,GCF_028199675.1,close_recombination,1,1,3.5211267605633804e-06,0.9995204614853,full_core,4.9364258866173496e-05,2.820814792352771e-05,3.87862033948506e-05,1.062421029865414e-05,11.0,283606.0,14.0,1317745.0,3.87862033948506e-05,1.062421029865414e-05,2.820814792352771e-05,poisson_thinned_full_core_4D,0.3766362232450133,True
snv_table,GCF_028199485.1,GCF_028199595.1,close_recombination,1,1,0.0,0.9999301968448974,full_core,1.3960631020522127e-05,0.0,6.980315510261064e-06,2.2535482116592574e-06,2.0,286520.0,3.0,1331234.0,6.980315510261064e-06,2.2535482116592574e-06,0.0,poisson_thinned_full_core_4D,,False
snv_table,GCF_028199485.1,GCF_028395805.1,close_recombination,1,1,1.3986013986013986e-05,0.9993112297520776,full_core,6.293332214518717e-05,4.195554809679145e-05,5.244443512098931e-05,6.775032049665502e-06,15.0,286017.0,9.0,1328407.0,5.244443512098931e-05,6.775032049665502e-06,4.195554809679145e-05,poisson_thinned_full_core_4D,0.1614811951457648,True
snv_table,GCF_028199515.1,GCF_028201265.1,close_recombination,15,15,5.904059040590406e-05,0.9423046054422244,full_core,0.0009142490246847237,0.0009072700244962907,0.0009107595245905071,0.0001418715484491338,261.0,286574.0,189.0,1332191.0,0.0009107595245905071,0.0001418715484491338,0.0009072700244962907,poisson_thinned_full_core_4D,0.15637191202023873,True
snv_table,GCF_028199515.1,GCF_964252195.1,close_recombination,39,39,0.00018,0.6939816815602738,full_core,0.003652535166106704,0.003959236592268336,0.00380588587918752,0.0005391195330729963,1092.0,286924.0,719.0,1333656.0,0.00380588587918752,0.0005391195330729963,0.003959236592268336,poisson_thinned_full_core_4D,0.13616754657344754,True
snv_table,GCF_028199555.1,GCF_047307865.1,close_recombination,3,3,5.755395683453237e-05,0.9814950997723126,full_core,0.0002616283180834665,0.00019091796184469179,0.00022627313996407915,8.521192662644461e-05,64.0,282844.0,112.0,1314370.0,0.00022627313996407915,8.521192662644461e-05,0.00019091796184469179,poisson_thinned_full_core_4D,0.446327447680187,True
snv_table,GCF_028199595.1,GCF_028395805.1,close_recombination,1,1,2.097902097902098e-05,0.999307735876763,full_core,7.691823591522212e-05,4.195540140830297e-05,5.9436818661762544e-05,6.0222280437093315e-06,17.0,286018.0,8.0,1328412.0,5.9436818661762544e-05,6.0222280437093315e-06,4.195540140830297e-05,poisson_thinned_full_core_4D,0.14353880171713795,True
snv_table,GCF_028199635.1,GCF_028200395.1,close_recombination,1,1,3.484320557491289e-06,0.9989263354574228,full_core,1.3943695358143816e-05,0.00012549325822329435,6.971847679071907e-05,1.72489693740799e-05,20.0,286868.0,23.0,1333413.0,6.971847679071907e-05,1.72489693740799e-05,0.00012549325822329435,poisson_thinned_full_core_4D,0.137449370733432,True
snv_table,GCF_028199635.1,GCF_047309325.1,close_recombination,29,29,9.900990099009902e-05,0.7028050813759619,full_core,0.0033345657739610873,0.003069474771010206,0.0032020202724856468,0.00042479863343930784,918.0,286694.0,566.0,1332396.0,0.0032020202724856468,0.00042479863343930784,0.003069474771010206,poisson_thinned_full_core_4D,0.13839456751732832,True
snv_table,GCF_028199635.1,GCF_964238335.1,close_recombination,29,29,8.45771144278607e-05,0.6990836947880783,full_core,0.0033332868439770714,0.0030473773029664857,0.0031903320734717787,0.0004155727252269147,915.0,286804.0,554.0,1333100.0,0.0031903320734717787,0.0004155727252269147,0.0030473773029664857,poisson_thinned_full_core_4D,0.13637061771851264,True
snv_table,GCF_028199635.1,GCF_964238845.1,close_recombination,27,27,8.247422680412371e-05,0.6755484581804996,full_core,0.003319340037098506,0.0034518347024448752,0.003385587369771691,0.0004395782449275971,971.0,286804.0,586.0,1333096.0,0.003385587369771691,0.0004395782449275971,0.0034518347024448752,poisson_thinned_full_core_4D,0.1273462615739541,True
snv_table,GCF_028199655.1,GCF_028199715.1,close_recombination,1,1,0.0,0.9999301919720768,full_core,6.980802792321117e-06,6.980802792321117e-06,6.980802792321117e-06,1.5024805954631096e-06,2.0,286500.0,2.0,1331132.0,6.980802792321117e-06,1.5024805954631096e-06,6.980802792321117e-06,poisson_thinned_full_core_4D,0.21523034530009044,True
snv_table,GCF_028199655.1,GCF_028395745.1,close_recombination,2,2,0.0,0.9997519659319968,full_core,6.9868751550212925e-06,2.096062546506388e-05,1.3973750310042585e-05,2.255523777731665e-06,4.0,286251.0,3.0,1330068.0,1.3973750310042585e-05,2.255523777731665e-06,2.096062546506388e-05,poisson_thinned_full_core_4D,0.10760765614991114,True
snv_table,GCF_028199655.1,GCF_028395805.1,close_recombination,1,1,1.7482517482517483e-05,0.9996888101007346,full_core,6.993031444165888e-05,3.496515722082944e-05,5.2447735831244163e-05,6.775353372319218e-06,15.0,285999.0,9.0,1328344.0,5.2447735831244163e-05,6.775353372319218e-06,3.496515722082944e-05,poisson_thinned_full_core_4D,0.1937744289129924,True
snv_table,GCF_028199715.1,GCF_028395745.1,close_recombination,1,1,0.0,0.9998218346835468,full_core,1.3973750310042585e-05,0.0,6.9868751550212925e-06,2.255523777731665e-06,2.0,286251.0,3.0,1330068.0,6.9868751550212925e-06,2.255523777731665e-06,0.0,poisson_thinned_full_core_4D,,False
snv_table,GCF_028199715.1,GCF_028395805.1,close_recombination,1,1,1.048951048951049e-05,0.999307735876763,full_core,4.8947968309686805e-05,4.8947968309686805e-05,4.8947968309686805e-05,6.7750065491729975e-06,14.0,286018.0,9.0,1328412.0,4.8947968309686805e-05,6.7750065491729975e-06,4.8947968309686805e-05,poisson_thinned_full_core_4D,0.13841241594152587,True
snv_table,GCF_028199775.1,GCF_028395805.1,close_recombination,1,1,1.7482517482517483e-05,0.9993112297520776,full_core,6.293332214518717e-05,4.894813944625669e-05,5.5940730795721934e-05,1.2044501421627559e-05,16.0,286017.0,16.0,1328407.0,5.5940730795721934e-05,1.2044501421627559e-05,4.894813944625669e-05,poisson_thinned_full_core_4D,0.24606658307926066,True
snv_table,GCF_028199785.1,GCF_028200035.1,close_recombination,1,1,0.0,0.9999019360623126,full_core,7.00456697766944e-06,7.00456697766944e-06,7.00456697766944e-06,3.014626970058725e-06,2.0,285528.0,4.0,1326864.0,7.00456697766944e-06,3.014626970058725e-06,7.00456697766944e-06,poisson_thinned_full_core_4D,0.4303802047534638,True
snv_table,GCF_028199815.1,GCF_028395745.1,close_recombination,2,2,3.484320557491289e-06,0.9997205240174672,full_core,2.096069868995633e-05,1.3973799126637555e-05,1.7467248908296942e-05,6.0147300739511065e-06,5.0,286250.0,8.0,1330068.0,1.7467248908296942e-05,6.0147300739511065e-06,1.3973799126637555e-05,poisson_thinned_full_core_4D,0.43042912091712604,True
snv_table,GCF_028199815.1,GCF_028395805.1,close_recombination,1,1,1.7482517482517483e-05,0.9993112297520776,full_core,7.691850484411765e-05,4.195554809679145e-05,5.943702647045455e-05,9.78615740507239e-06,17.0,286017.0,13.0,1328407.0,5.943702647045455e-05,9.78615740507239e-06,4.195554809679145e-05,poisson_thinned_full_core_4D,0.23325061521054916,True
snv_table,GCF_028199835.1,GCF_028200035.1,close_recombination,1,1,0.0,0.9999579731868932,full_core,1.4008937702254037e-05,0.0,7.004468851127019e-06,0.0,2.0,285532.0,0.0,1326883.0,7.004468851127019e-06,0.0,0.0,poisson_thinned_full_core_4D,,False
snv_table,GCF_028199875.1,GCF_028200035.1,close_recombination,1,1,0.0,0.9999579731868932,full_core,0.0,1.4008937702254037e-05,7.004468851127019e-06,2.2609378520939676e-06,2.0,285532.0,3.0,1326883.0,7.004468851127019e-06,2.2609378520939676e-06,1.4008937702254037e-05,poisson_thinned_full_core_4D,0.1613925266960237,False
snv_table,GCF_028199885.1,GCF_028395805.1,close_recombination,1,1,1.7482517482517483e-05,0.9993112297520776,full_core,2.7970365397860967e-05,8.39110961935829e-05,5.5940730795721934e-05,1.2044501421627559e-05,16.0,286017.0,16.0,1328407.0,5.5940730795721934e-05,1.2044501421627559e-05,8.39110961935829e-05,poisson_thinned_full_core_4D,0.14353884012956872,True
snv_table,GCF_028199985.1,GCF_028200455.1,close_recombination,1,1,3.5211267605633804e-06,0.9986103048533784,full_core,1.4072862244269706e-05,1.4072862244269706e-05,1.4072862244269706e-05,5.297620308957216e-06,4.0,284235.0,7.0,1321348.0,1.4072862244269706e-05,5.297620308957216e-06,1.4072862244269706e-05,poisson_thinned_full_core_4D,0.3764422771291136,True
snv_table,GCF_028199985.1,GCF_028200475.1,close_recombination,1,1,3.5087719298245615e-06,0.999876806110417,full_core,3.5198254166593334e-05,3.5198254166593334e-05,3.5198254166593334e-05,1.589967155821324e-05,10.0,284105.0,21.0,1320782.0,3.5198254166593334e-05,1.589967155821324e-05,3.5198254166593334e-05,poisson_thinned_full_core_4D,0.45171761880461725,True
snv_table,GCF_028199985.1,GCF_028200575.1,close_recombination,1,1,7.042253521126761e-06,0.9994685924033349,full_core,5.630808971286393e-05,2.1115533642323974e-05,3.8711811677593955e-05,2.043927793330134e-05,11.0,284151.0,27.0,1320986.0,3.8711811677593955e-05,2.043927793330134e-05,2.1115533642323974e-05,poisson_thinned_full_core_4D,0.9679735440042515,True
snv_table,GCF_028200035.1,GCF_028200115.1,close_recombination,1,1,0.0,0.9999473656508238,full_core,1.4035826447005983e-05,0.0,7.0179132235029914e-06,2.2653340461584466e-06,2.0,284985.0,3.0,1324308.0,7.0179132235029914e-06,2.2653340461584466e-06,0.0,poisson_thinned_full_core_4D,,False
snv_table,GCF_028200035.1,GCF_039760355.1,close_recombination,1,1,0.0,0.9999052854241284,full_core,7.015894509010162e-06,7.015894509010162e-06,7.015894509010162e-06,7.548035699189642e-07,2.0,285067.0,1.0,1324848.0,7.015894509010162e-06,7.548035699189642e-07,7.015894509010162e-06,poisson_thinned_full_core_4D,0.1075847946330447,True
snv_table,GCF_028200035.1,GCF_039760415.1,close_recombination,1,1,0.0,0.9999579731868932,full_core,7.004468851127019e-06,7.004468851127019e-06,7.004468851127019e-06,2.2609378520939676e-06,2.0,285532.0,3.0,1326883.0,7.004468851127019e-06,2.2609378520939676e-06,7.004468851127019e-06,poisson_thinned_full_core_4D,0.3227850533920474,True
snv_table,GCF_028200035.1,GCF_039760475.1,close_recombination,1,1,0.0,0.9999369346011814,full_core,7.007266535397207e-06,7.007266535397207e-06,7.007266535397207e-06,3.7696360341016354e-06,2.0,285418.0,5.0,1326388.0,7.007266535397207e-06,3.7696360341016354e-06,7.007266535397207e-06,poisson_thinned_full_core_4D,0.5379609887906103,True
snv_table,GCF_028200095.1,GCF_028395805.1,close_recombination,1,1,1.3986013986013986e-05,0.9993146517661704,full_core,6.29401439231291e-05,4.895344527354486e-05,5.594679459833698e-05,1.1292918737662487e-05,16.0,285986.0,15.0,1328266.0,5.594679459833698e-05,1.1292918737662487e-05,4.895344527354486e-05,poisson_thinned_full_core_4D,0.23068690415065313,True
snv_table,GCF_028200155.1,GCF_028200165.1,close_recombination,1,1,6.968641114982578e-06,0.9994170968631434,full_core,9.075138657647375e-05,7.678963479547779e-05,8.377051068597577e-05,2.327585947988215e-05,24.0,286497.0,31.0,1331852.0,8.377051068597577e-05,2.327585947988215e-05,7.678963479547779e-05,poisson_thinned_full_core_4D,0.3031119960639907,True
snv_table,GCF_028200155.1,GCF_964252195.1,close_recombination,17,17,0.0001284046692607,0.8954499593278801,full_core,0.0015989554422089324,0.0015081850459263294,0.001553570244067631,0.00022454881834000595,445.0,286437.0,299.0,1331559.0,0.001553570244067631,0.00022454881834000595,0.0015081850459263294,poisson_thinned_full_core_4D,0.14888678212698214,True
snv_table,GCF_028200165.1,GCF_964252195.1,close_recombination,16,16,0.0001206225680933,0.89597101054638,full_core,0.0015290680016337987,0.0014103732252512663,0.0014697206134425325,0.00020125967529605073,421.0,286449.0,268.0,1331613.0,0.0014697206134425325,0.00020125967529605073,0.0014103732252512663,poisson_thinned_full_core_4D,0.1426995859625704,True
snv_table,GCF_028200195.1,GCF_046861415.1,close_recombination,38,38,0.0001152073732718,0.760993727881145,full_core,0.003097515680297137,0.0032306668068257474,0.0031640912435614422,0.00045921125753758707,903.0,285390.0,609.0,1326187.0,0.0031640912435614422,0.00045921125753758707,0.0032306668068257474,poisson_thinned_full_core_4D,0.14214132406578306,True
snv_table,GCF_028200215.1,GCF_046861415.1,close_recombination,37,37,0.000125,0.7584384822119984,full_core,0.0031535903626278517,0.0031956382341295567,0.003174614298378704,0.00047050981699128574,906.0,285389.0,624.0,1326221.0,0.003174614298378704,0.00047050981699128574,0.0031956382341295567,poisson_thinned_full_core_4D,0.14723500675583995,True
snv_table,GCF_028200225.1,GCF_046861415.1,close_recombination,37,37,7.547169811320755e-05,0.7419216942192197,full_core,0.003223613670925107,0.0030904644106042873,0.003157039040764697,0.00045843854925311465,901.0,285394.0,608.0,1326241.0,0.003157039040764697,0.00045843854925311465,0.0030904644106042873,poisson_thinned_full_core_4D,0.1483396953804347,True
snv_table,GCF_028200255.1,GCF_046861415.1,close_recombination,37,37,7.547169811320755e-05,0.7419216942192197,full_core,0.0031815665360869533,0.003132511545442441,0.003157039040764697,0.00045843854925311465,901.0,285394.0,608.0,1326241.0,0.003157039040764697,0.00045843854925311465,0.003132511545442441,poisson_thinned_full_core_4D,0.14634855852969061,True
snv_table,GCF_028200295.1,GCF_028200325.1,close_recombination,1,1,0.0,0.9992402819398134,full_core,1.4068852966417647e-05,7.034426483208824e-06,1.0551639724813236e-05,0.0,3.0,284316.0,0.0,1321159.0,1.0551639724813236e-05,0.0,7.034426483208824e-06,poisson_thinned_full_core_4D,0.0,False
snv_table,GCF_028200305.1,GCF_028200405.1,close_recombination,1,1,1.4134275618374558e-05,0.999582814798054,full_core,0.00011313497001923294,6.363842063581854e-05,8.838669532752574e-05,1.4457244601360502e-05,25.0,282848.0,19.0,1314220.0,8.838669532752574e-05,1.4457244601360502e-05,6.363842063581854e-05,poisson_thinned_full_core_4D,0.22717792894475639,True
snv_table,GCF_028200305.1,GCF_964084965.1,close_recombination,18,18,5.1792828685258965e-05,0.8890145624204722,full_core,0.0012088222819171498,0.001215891418068712,0.0012123568499929308,0.00016886700886323597,343.0,282920.0,222.0,1314644.0,0.0012123568499929308,0.00016886700886323597,0.001215891418068712,poisson_thinned_full_core_4D,0.13888329694065907,True
snv_table,GCF_028200395.1,GCF_047309325.1,close_recombination,28,28,9.045226130653268e-05,0.6915724850006977,full_core,0.0032091530626482487,0.0033347286172736154,0.003271940839960932,0.0004420816717742486,938.0,286680.0,589.0,1332333.0,0.003271940839960932,0.0004420816717742486,0.0033347286172736154,poisson_thinned_full_core_4D,0.13256901010903932,True
snv_table,GCF_028200395.1,GCF_964238335.1,close_recombination,29,29,8.955223880597016e-05,0.6975763006767948,full_core,0.0031660465910953194,0.0033543357055437198,0.00326019114831952,0.00043284068012248566,935.0,286793.0,577.0,1333054.0,0.00326019114831952,0.00043284068012248566,0.0033543357055437198,poisson_thinned_full_core_4D,0.129039165461921,True
snv_table,GCF_028200395.1,GCF_964238845.1,close_recombination,27,27,8.762886597938145e-05,0.6740401613707447,full_core,0.003431046085504179,0.003479861781842653,0.003455453933673416,0.00045684708000450093,991.0,286793.0,609.0,1333050.0,0.003455453933673416,0.00045684708000450093,0.003479861781842653,poisson_thinned_full_core_4D,0.13128311083740565,True
snv_table,GCF_028200405.1,GCF_964084965.1,close_recombination,17,17,6.349206349206349e-05,0.8933714524000523,full_core,0.0010813752548829746,0.001201528060981083,0.0011414516579320289,0.00015896437372600323,323.0,282973.0,209.0,1314760.0,0.0011414516579320289,0.00015896437372600323,0.001201528060981083,poisson_thinned_full_core_4D,0.13230184037167153,True
snv_table,GCF_028200455.1,GCF_028200475.1,close_recombination,2,2,0.0,0.9984691453608066,full_core,4.926888493955764e-05,3.5192060671112595e-05,4.223047280533512e-05,1.8168549634963556e-05,12.0,284155.0,24.0,1320964.0,4.223047280533512e-05,1.8168549634963556e-05,3.5192060671112595e-05,poisson_thinned_full_core_4D,0.516268422152307,True
snv_table,GCF_028200455.1,GCF_028200495.1,close_recombination,1,1,0.0,0.998575373304958,full_core,2.110558066728811e-05,0.0,1.0552790333644055e-05,1.0593781450288681e-05,3.0,284285.0,14.0,1321530.0,1.0552790333644055e-05,1.0593781450288681e-05,0.0,poisson_thinned_full_core_4D,,False
snv_table,GCF_028200455.1,GCF_028200515.1,close_recombination,1,1,0.0,0.998568247457496,full_core,7.0356390295039525e-06,1.4071278059007905e-05,1.0553458544255928e-05,6.0539604630977055e-06,3.0,284267.0,8.0,1321449.0,1.0553458544255928e-05,6.0539604630977055e-06,1.4071278059007905e-05,poisson_thinned_full_core_4D,0.4302352947408489,True
snv_table,GCF_028200455.1,GCF_028200525.1,close_recombination,1,1,0.0,0.998575373304958,full_core,7.035193555762703e-06,1.4070387111525406e-05,1.0552790333644055e-05,6.8102880751855806e-06,3.0,284285.0,9.0,1321530.0,1.0552790333644055e-05,6.8102880751855806e-06,1.4070387111525406e-05,poisson_thinned_full_core_4D,0.4840156863635332,True
snv_table,GCF_028200455.1,GCF_028200555.1,close_recombination,1,1,0.0,0.998575373304958,full_core,1.4070387111525406e-05,7.035193555762703e-06,1.0552790333644055e-05,8.32368542522682e-06,3.0,284285.0,11.0,1321530.0,1.0552790333644055e-05,8.32368542522682e-06,7.035193555762703e-06,poisson_thinned_full_core_4D,1.1831494555553033,True
snv_table,GCF_028200455.1,GCF_028200575.1,close_recombination,2,2,0.0,0.9935221902808224,full_core,4.222363749599755e-05,4.9260910411997146e-05,4.574227395399735e-05,2.2707180313177432e-05,13.0,284201.0,30.0,1321168.0,4.574227395399735e-05,2.2707180313177432e-05,4.9260910411997146e-05,poisson_thinned_full_core_4D,0.4609573822989528,True
snv_table,GCF_028200455.1,GCF_028200745.1,close_recombination,1,1,0.0,0.9985999127583828,full_core,7.035614279482742e-06,1.4071228558965483e-05,1.0553421419224113e-05,6.053818445984805e-06,3.0,284268.0,8.0,1321480.0,1.0553421419224113e-05,6.053818445984805e-06,1.4071228558965483e-05,poisson_thinned_full_core_4D,0.4302267155008021,True
snv_table,GCF_028200455.1,GCF_028200835.1,close_recombination,1,1,7.042253521126761e-06,0.998575373304958,full_core,2.110558066728811e-05,1.4070387111525406e-05,1.7587983889406758e-05,8.32368542522682e-06,5.0,284285.0,11.0,1321530.0,1.7587983889406758e-05,8.32368542522682e-06,1.4070387111525406e-05,poisson_thinned_full_core_4D,0.5915747277776516,True
snv_table,GCF_028200455.1,GCF_028200845.1,close_recombination,1,1,3.5211267605633804e-06,0.9985752229512234,full_core,0.0,2.8143744173365466e-05,1.4071872086682733e-05,9.081215581246986e-06,4.0,284255.0,12.0,1321409.0,1.4071872086682733e-05,9.081215581246986e-06,2.8143744173365466e-05,poisson_thinned_full_core_4D,0.32267261688092025,False
snv_table,GCF_028200455.1,GCF_028200895.1,close_recombination,1,1,3.5211267605633804e-06,0.9978731945041092,full_core,1.4084804608548068e-05,2.11272069128221e-05,1.7606005760685085e-05,6.816725517730303e-06,5.0,283994.0,9.0,1320282.0,1.7606005760685085e-05,6.816725517730303e-06,2.11272069128221e-05,poisson_thinned_full_core_4D,0.32265152444705,True
snv_table,GCF_028200475.1,GCF_028200495.1,close_recombination,1,1,0.0,0.9998838694692834,full_core,0.0,6.334392584537748e-05,3.167196292268874e-05,1.816821954476498e-05,9.0,284163.0,24.0,1320988.0,3.167196292268874e-05,1.816821954476498e-05,6.334392584537748e-05,poisson_thinned_full_core_4D,0.28681865391661393,False
snv_table,GCF_028200475.1,GCF_028200515.1,close_recombination,1,1,0.0,0.99986978112671,full_core,2.8155432062702148e-05,3.519429007837768e-05,3.167486107053992e-05,1.5141329166439546e-05,9.0,284137.0,20.0,1320888.0,3.167486107053992e-05,1.5141329166439546e-05,3.519429007837768e-05,poisson_thinned_full_core_4D,0.43022118453646335,True
snv_table,GCF_028200475.1,GCF_028200525.1,close_recombination,1,1,0.0,0.9998838694692834,full_core,3.51910699140986e-05,2.8152855931278878e-05,3.167196292268874e-05,1.4383173806272274e-05,9.0,284163.0,19.0,1320988.0,3.167196292268874e-05,1.4383173806272274e-05,2.8152855931278878e-05,poisson_thinned_full_core_4D,0.5108957272889686,True
snv_table,GCF_028200475.1,GCF_028200555.1,close_recombination,1,1,0.0,0.9998838694692834,full_core,2.1114641948459157e-05,4.2229283896918315e-05,3.167196292268874e-05,1.5897192101669357e-05,9.0,284163.0,21.0,1320988.0,3.167196292268874e-05,1.5897192101669357e-05,4.2229283896918315e-05,poisson_thinned_full_core_4D,0.37644948326555583,True
snv_table,GCF_028200475.1,GCF_028200745.1,close_recombination,1,1,0.0,0.999873304568778,full_core,2.1115905203662905e-05,4.223181040732581e-05,3.167385780549436e-05,1.3626680434660825e-05,9.0,284146.0,18.0,1320938.0,3.167385780549436e-05,1.3626680434660825e-05,4.223181040732581e-05,poisson_thinned_full_core_4D,0.3226638948989279,True
snv_table,GCF_028200475.1,GCF_028200835.1,close_recombination,1,1,3.5087719298245615e-06,0.9997079141197128,full_core,4.9267497879738035e-05,2.8152855931278878e-05,3.871017690550846e-05,1.5897192101669357e-05,11.0,284163.0,21.0,1320988.0,3.871017690550846e-05,1.5897192101669357e-05,2.8152855931278878e-05,poisson_thinned_full_core_4D,0.5646742248983337,True
snv_table,GCF_028200475.1,GCF_028200845.1,close_recombination,1,1,0.0,0.9997078935606368,full_core,4.92709656757337e-05,2.1116128146743013e-05,3.5193546911238357e-05,1.665527294585598e-05,10.0,284143.0,22.0,1320903.0,3.5193546911238357e-05,1.665527294585598e-05,2.1116128146743013e-05,poisson_thinned_full_core_4D,0.7887465367757259,True
snv_table,GCF_028200495.1,GCF_028200575.1,close_recombination,1,1,3.5087719298245615e-06,0.9994405525511156,full_core,3.518537414367596e-05,3.518537414367596e-05,3.518537414367596e-05,2.119298330598429e-05,10.0,284209.0,28.0,1321192.0,3.518537414367596e-05,2.119298330598429e-05,3.518537414367596e-05,poisson_thinned_full_core_4D,0.6023236592410489,True
snv_table,GCF_028200515.1,GCF_028200575.1,close_recombination,1,1,3.5087719298245615e-06,0.9994160604482968,full_core,4.221249771348971e-05,2.814166514232647e-05,3.517708142790809e-05,1.9674239987892777e-05,10.0,284276.0,26.0,1321525.0,3.517708142790809e-05,1.9674239987892777e-05,2.814166514232647e-05,poisson_thinned_full_core_4D,0.6991142808497759,True
snv_table,GCF_028200525.1,GCF_028200575.1,close_recombination,1,1,3.5087719298245615e-06,0.9994405525511156,full_core,2.8148299314940765e-05,4.2222448972411146e-05,3.518537414367596e-05,1.892230652320026e-05,10.0,284209.0,25.0,1321192.0,3.518537414367596e-05,1.892230652320026e-05,4.2222448972411146e-05,poisson_thinned_full_core_4D,0.44815748455435195,True
snv_table,GCF_028200555.1,GCF_028200575.1,close_recombination,1,1,3.5087719298245615e-06,0.9994405525511156,full_core,4.2222448972411146e-05,2.8148299314940765e-05,3.518537414367596e-05,1.892230652320026e-05,10.0,284209.0,25.0,1321192.0,3.518537414367596e-05,1.892230652320026e-05,2.8148299314940765e-05,poisson_thinned_full_core_4D,0.6722362268315278,True
snv_table,GCF_028200575.1,GCF_028200745.1,close_recombination,1,1,3.5087719298245615e-06,0.9994299628420223,full_core,3.518747888751267e-05,3.518747888751267e-05,3.518747888751267e-05,1.8166101751363593e-05,10.0,284192.0,24.0,1321142.0,3.518747888751267e-05,1.8166101751363593e-05,3.518747888751267e-05,poisson_thinned_full_core_4D,0.5162660788923522,True
snv_table,GCF_028200575.1,GCF_028200835.1,close_recombination,1,1,7.017543859649123e-06,0.9994405525511156,full_core,3.518537414367596e-05,4.2222448972411146e-05,3.870391155804355e-05,1.892230652320026e-05,11.0,284209.0,25.0,1321192.0,3.870391155804355e-05,1.892230652320026e-05,4.2222448972411146e-05,poisson_thinned_full_core_4D,0.44815748455435195,True
snv_table,GCF_028200575.1,GCF_028200845.1,close_recombination,1,1,3.5087719298245615e-06,0.999440493491778,full_core,4.2226906280900415e-05,2.8151270853933613e-05,3.5189088567417016e-05,1.9681001248229656e-05,10.0,284179.0,26.0,1321071.0,3.5189088567417016e-05,1.9681001248229656e-05,2.8151270853933613e-05,poisson_thinned_full_core_4D,0.6991159067150818,True
snv_table,GCF_028200905.1,GCF_028201235.1,close_recombination,12,12,0.0001098484848484,0.9252891856629673,full_core,0.0008884567087226161,0.0009094438750703944,0.0008989502918965053,0.00011744025415275514,257.0,285889.0,156.0,1328335.0,0.0008989502918965053,0.00011744025415275514,0.0009094438750703944,poisson_thinned_full_core_4D,0.12913414161337314,True
snv_table,GCF_028200905.1,GCF_039760255.1,close_recombination,12,12,0.0001379310344827,0.9232825787155096,full_core,0.0009240938061025462,0.0009593645620606586,0.0009417291840816024,0.00012911497004532694,267.0,283521.0,170.0,1316656.0,0.0009417291840816024,0.00012911497004532694,0.0009593645620606586,poisson_thinned_full_core_4D,0.1345838434640483,True
snv_table,GCF_028200905.1,GCF_040928345.1,close_recombination,18,18,0.0001422764227642,0.866984040050836,full_core,0.0017272976218060793,0.0017764483671420246,0.001751872994474052,0.00021614464460076725,499.0,284838.0,286.0,1323188.0,0.001751872994474052,0.00021614464460076725,0.0017764483671420246,poisson_thinned_full_core_4D,0.12167234837706194,True
snv_table,GCF_028200905.1,GCF_040928365.1,close_recombination,23,23,0.000132,0.8745891374429529,full_core,0.0018662017532474367,0.0020836914312574763,0.0019749465922524563,0.00024012540889279532,563.0,285071.0,318.0,1324308.0,0.0019749465922524563,0.00024012540889279532,0.0020836914312574763,poisson_thinned_full_core_4D,0.11524038794356575,True
snv_table,GCF_028200935.1,GCF_028395165.1,close_recombination,1,1,3.610108303249098e-05,0.9661199359856876,full_core,0.00034243464040868525,0.0003144807922120579,0.0003284577163103716,6.239011259536103e-05,94.0,286186.0,83.0,1330339.0,0.0003284577163103716,6.239011259536103e-05,0.0003144807922120579,poisson_thinned_full_core_4D,0.19839085292462214,True
snv_table,GCF_028200935.1,GCF_028395175.1,close_recombination,1,1,7.220216606498195e-06,0.9661576053756872,full_core,0.0002722750676324287,0.0003281263635570294,0.000300200715594729,6.157912918099758e-05,86.0,286475.0,82.0,1331620.0,0.000300200715594729,6.157912918099758e-05,0.0003281263635570294,poisson_thinned_full_core_4D,0.1876689471502796,True
snv_table,GCF_028200935.1,GCF_028395205.1,close_recombination,1,1,2.1660649819494583e-05,0.9661461333556768,full_core,0.00029325820337456406,0.00033515223242807317,0.0003142052179013186,6.158717664854602e-05,90.0,286437.0,82.0,1331446.0,0.0003142052179013186,6.158717664854602e-05,0.00033515223242807317,poisson_thinned_full_core_4D,0.18375881372582892,True
snv_table,GCF_028201035.1,GCF_028396085.1,close_recombination,6,6,3.636363636363637e-05,0.966328388912568,full_core,0.0009017608995064972,0.0008594908573421302,0.0008806258784243138,0.0001243076857774574,250.0,283889.0,164.0,1319307.0,0.0008806258784243138,0.0001243076857774574,0.0008594908573421302,poisson_thinned_full_core_4D,0.1446294451134287,True
snv_table,GCF_028201035.1,GCF_028396095.1,close_recombination,3,3,5.3763440860215054e-05,0.9827915465762788,full_core,0.0001973123242687112,0.00027482788023141917,0.0002360701022500652,7.051164920681976e-05,67.0,283814.0,93.0,1318931.0,0.0002360701022500652,7.051164920681976e-05,0.00027482788023141917,poisson_thinned_full_core_4D,0.2565665795895429,True
snv_table,GCF_028201035.1,GCF_028396185.1,close_recombination,4,4,5.017921146953405e-05,0.9822170868149984,full_core,0.00024659348711372894,0.0002747755999267265,0.0002606845435202277,7.807691258114692e-05,74.0,283868.0,103.0,1319212.0,0.0002606845435202277,7.807691258114692e-05,0.0002747755999267265,poisson_thinned_full_core_4D,0.2841479105203207,True
snv_table,GCF_028201035.1,GCF_030541685.1,close_recombination,39,39,0.0001414141414141,0.7003289381202733,full_core,0.004758356996260789,0.004371784419016559,0.004565070707638674,0.0005626389582104451,1299.0,284552.0,744.0,1322340.0,0.004565070707638674,0.0005626389582104451,0.004371784419016559,poisson_thinned_full_core_4D,0.12869778202306958,True
snv_table,GCF_028201035.1,GCF_030546205.1,close_recombination,39,39,0.0001464646464646,0.7002541202273375,full_core,0.004505976921806187,0.004632509815086235,0.004569243368446212,0.0005611897222110875,1300.0,284511.0,742.0,1322191.0,0.004569243368446212,0.0005611897222110875,0.004632509815086235,poisson_thinned_full_core_4D,0.12114161536873955,True
snv_table,GCF_028201035.1,GCF_040921925.1,close_recombination,38,38,0.0001650485436893,0.7329145924357549,full_core,0.004078829036164201,0.004163804641084289,0.004121316838624245,0.0004915892508865755,1164.0,282434.0,645.0,1312071.0,0.004121316838624245,0.0004915892508865755,0.004163804641084289,poisson_thinned_full_core_4D,0.11806251571845157,True
snv_table,GCF_028201035.1,GCF_040921935.1,close_recombination,39,39,0.000135265700483,0.729302646347857,full_core,0.004025291780874938,0.004215296812489664,0.004120294296682301,0.00048762204748257544,1171.0,284203.0,644.0,1320695.0,0.004120294296682301,0.00048762204748257544,0.004215296812489664,poisson_thinned_full_core_4D,0.11567917258822236,True
snv_table,GCF_028201035.1,GCF_047307925.1,close_recombination,39,39,0.0001557788944723,0.6981347678568289,full_core,0.00452859378021553,0.004598913559411423,0.004563753669813477,0.0005666695416256228,1298.0,284415.0,749.0,1321758.0,0.004563753669813477,0.0005666695416256228,0.004598913559411423,poisson_thinned_full_core_4D,0.12321813278398436,True
snv_table,GCF_028201035.1,GCF_047308905.1,close_recombination,32,32,0.0001244239631336,0.766785828053658,full_core,0.005854245566842459,0.0060736912894205925,0.005963968428131526,0.000625494738911182,1685.0,282530.0,821.0,1312561.0,0.005963968428131526,0.000625494738911182,0.0060736912894205925,poisson_thinned_full_core_4D,0.10298428239194421,True
snv_table,GCF_028201035.1,GCF_047638235.1,close_recombination,42,42,0.0001560975609756,0.7206702532827401,full_core,0.004220791803631009,0.004516740477675253,0.00436876614065313,0.0005497230154240905,1240.0,283833.0,725.0,1318846.0,0.00436876614065313,0.0005497230154240905,0.004516740477675253,poisson_thinned_full_core_4D,0.1217079037729063,True
snv_table,GCF_028201045.1,GCF_028395165.1,close_recombination,1,1,4.6931407942238266e-05,0.9661379987490872,full_core,0.00035640533769405746,0.00032146363792013026,0.00033893448780709386,6.539593102007129e-05,97.0,286191.0,87.0,1330358.0,0.00033893448780709386,6.539593102007129e-05,0.00032146363792013026,poisson_thinned_full_core_4D,0.20343181407136113,True
snv_table,GCF_028201045.1,GCF_028395175.1,close_recombination,1,1,7.220216606498195e-06,0.9661407428092712,full_core,0.0002722703155543144,0.000328120636693661,0.00030019547612398774,6.45820676624821e-05,86.0,286480.0,86.0,1331639.0,0.00030019547612398774,6.45820676624821e-05,0.000328120636693661,poisson_thinned_full_core_4D,0.19682415685050927,True
snv_table,GCF_028201045.1,GCF_028395205.1,close_recombination,1,1,2.888086642599278e-05,0.9661641798339629,full_core,0.00037703967993520506,0.0002653242192136628,0.0003211819495744339,6.45905074485623e-05,92.0,286442.0,86.0,1331465.0,0.0003211819495744339,6.45905074485623e-05,0.0002653242192136628,poisson_thinned_full_core_4D,0.2434399228234353,True
snv_table,GCF_028201095.1,GCF_028201115.1,close_recombination,1,1,0.0,0.9999546742999794,full_core,6.973184618549368e-06,6.973184618549368e-06,6.973184618549368e-06,2.250432645676131e-06,2.0,286813.0,3.0,1333077.0,6.973184618549368e-06,2.250432645676131e-06,6.973184618549368e-06,poisson_thinned_full_core_4D,0.3227266692021541,True
snv_table,GCF_028201145.1,GCF_047309505.1,close_recombination,33,33,0.0001574074074074,0.7680543213897553,full_core,0.002690579784541203,0.002740143096361699,0.002715361440451451,0.0003526998295918966,767.0,282467.0,463.0,1312731.0,0.002715361440451451,0.0003526998295918966,0.002740143096361699,poisson_thinned_full_core_4D,0.12871584336606492,True
snv_table,GCF_028201145.1,GCF_964240005.1,close_recombination,2,2,8.270676691729324e-05,0.9369804994264536,full_core,0.0006564898967616695,0.0008047295508691432,0.0007306097238154064,9.415623861013242e-05,207.0,283325.0,124.0,1316960.0,0.0007306097238154064,9.415623861013242e-05,0.0008047295508691432,poisson_thinned_full_core_4D,0.11700358028164812,True
snv_table,GCF_028201165.1,GCF_028395955.1,close_recombination,2,2,5.319148936170213e-05,0.9933407521240704,full_core,0.00014131029975447335,0.000148375814742197,0.0001448430572483352,3.497218570838823e-05,41.0,283065.0,46.0,1315331.0,0.0001448430572483352,3.497218570838823e-05,0.000148375814742197,poisson_thinned_full_core_4D,0.23570004160821229,True
snv_table,GCF_028201165.1,GCF_028396005.1,close_recombination,2,2,5.319148936170213e-05,0.9933412226009856,full_core,0.0001413003161594574,0.0001483653319674303,0.00014483282406344385,3.496942076195327e-05,41.0,283085.0,46.0,1315435.0,0.00014483282406344385,3.496942076195327e-05,0.0001483653319674303,poisson_thinned_full_core_4D,0.2356980589618462,True
snv_table,GCF_028201165.1,GCF_047310225.1,close_recombination,4,4,5.555555555555556e-05,0.9500847218299916,full_core,0.0006142332674385767,0.0005648121999435188,0.0005895227336910477,8.96284672164892e-05,167.0,283280.0,118.0,1316546.0,0.0005895227336910477,8.96284672164892e-05,0.0005648121999435188,poisson_thinned_full_core_4D,0.1586872012067941,True
snv_table,GCF_028201235.1,GCF_040928345.1,close_recombination,15,15,6.79245283018868e-05,0.9282630937197796,full_core,0.0013664840016257656,0.0014155372734789983,0.0013910106375523818,0.0001606124083265092,397.0,285404.0,213.0,1326174.0,0.0013910106375523818,0.0001606124083265092,0.0014155372734789983,poisson_thinned_full_core_4D,0.11346392026242333,True
snv_table,GCF_028201235.1,GCF_040928365.1,close_recombination,16,16,6.367041198501872e-05,0.9327320977194592,full_core,0.0015894466345042957,0.001575442699398531,0.0015824446669514133,0.0001747955381932018,452.0,285634.0,232.0,1327265.0,0.0015824446669514133,0.0001747955381932018,0.001575442699398531,poisson_thinned_full_core_4D,0.11095010834728222,True
snv_table,GCF_028201265.1,GCF_964252195.1,close_recombination,39,39,0.000170616113744,0.7392786963062242,full_core,0.0035600975885574275,0.0032808742482784135,0.0034204859184179207,0.0004677584534388881,980.0,286509.0,623.0,1331884.0,0.0034204859184179207,0.0004677584534388881,0.0032808742482784135,poisson_thinned_full_core_4D,0.1425712837620451,True
snv_table,GCF_028201315.1,GCF_028395165.1,close_recombination,1,1,0.0001010830324909,0.9660679340229242,full_core,0.00034246575342465754,0.0004403131115459883,0.0003913894324853229,0.00010148887945000546,112.0,286160.0,135.0,1330195.0,0.0003913894324853229,0.00010148887945000546,0.0004403131115459883,poisson_thinned_full_core_4D,0.2304925217731235,True
snv_table,GCF_028201315.1,GCF_028395175.1,close_recombination,1,1,7.942238267148014e-05,0.9661405695254652,full_core,0.00038401251182583983,0.00035608432914759693,0.0003700484204867184,0.00010064019178715952,106.0,286449.0,134.0,1331476.0,0.0003700484204867184,0.00010064019178715952,0.00035608432914759693,poisson_thinned_full_core_4D,0.2826302186003927,True
snv_table,GCF_028201315.1,GCF_028395205.1,close_recombination,1,1,9.386281588447652e-05,0.9661640090638977,full_core,0.0003351826570906844,0.0004329442654088006,0.00038406346124974253,0.00010065334537167375,110.0,286411.0,134.0,1331302.0,0.00038406346124974253,0.00010065334537167375,0.0004329442654088006,poisson_thinned_full_core_4D,0.23248568791327784,True
snv_table,GCF_028394795.1,GCF_028396015.1,close_recombination,16,16,0.0001327800829875,0.8473334875277725,full_core,0.0017942625650945842,0.001703147669210875,0.0017487051171527295,0.00024583957987071555,499.0,285354.0,326.0,1326068.0,0.0017487051171527295,0.00024583957987071555,0.001703147669210875,poisson_thinned_full_core_4D,0.1443442540626094,True
snv_table,GCF_028395165.1,GCF_028395215.1,close_recombination,1,1,4.332129963898917e-05,0.9661322561256868,full_core,0.00034944019680471886,0.00032148498106034134,0.0003354625889325301,6.0889024866025355e-05,96.0,286172.0,81.0,1330289.0,0.0003354625889325301,6.0889024866025355e-05,0.00032148498106034134,poisson_thinned_full_core_4D,0.18939928286913268,True
snv_table,GCF_028395165.1,GCF_028395235.1,close_recombination,1,1,5.776173285198556e-05,0.9661249785899798,full_core,0.00028663210768978015,0.0004334436750430822,0.0003600378913664312,6.993006993006993e-05,103.0,286081.0,93.0,1329900.0,0.0003600378913664312,6.993006993006993e-05,0.0004334436750430822,poisson_thinned_full_core_4D,0.16133600270697046,True
snv_table,GCF_028395165.1,GCF_028395285.1,close_recombination,1,1,3.610108303249098e-05,0.9661334395594412,full_core,0.0003634051058417371,0.0002935195085644799,0.0003284623072031085,6.389416120121023e-05,94.0,286182.0,85.0,1330325.0,0.0003284623072031085,6.389416120121023e-05,0.0002935195085644799,poisson_thinned_full_core_4D,0.21768284334386603,True
snv_table,GCF_028395175.1,GCF_028395215.1,close_recombination,1,1,7.220216606498195e-06,0.9661427603879372,full_core,0.00030722180716245747,0.000293257179564164,0.00030023949336331076,6.008446373489533e-05,86.0,286438.0,80.0,1331459.0,0.00030023949336331076,6.008446373489533e-05,0.000293257179564164,poisson_thinned_full_core_4D,0.20488659075352317,True
snv_table,GCF_028395175.1,GCF_028395235.1,close_recombination,2,2,1.0830324909747291e-05,0.9645008643419652,full_core,0.0003212907506679006,0.0003282753322041593,0.00032478304143602994,6.911800170841669e-05,93.0,286345.0,92.0,1331057.0,0.00032478304143602994,6.911800170841669e-05,0.0003282753322041593,poisson_thinned_full_core_4D,0.21054887445953807,True
snv_table,GCF_028395175.1,GCF_028395285.1,close_recombination,1,1,7.220216606498195e-06,0.9661407428092712,full_core,0.0002932141859815694,0.00030717676626640605,0.00030019547612398774,6.308015911219182e-05,86.0,286480.0,84.0,1331639.0,0.00030019547612398774,6.308015911219182e-05,0.00030717676626640605,poisson_thinned_full_core_4D,0.2053545907097808,True
snv_table,GCF_028395205.1,GCF_028395215.1,close_recombination,1,1,2.888086642599278e-05,0.9661629985476484,full_core,0.00032119316277510893,0.00032119316277510893,0.00032119316277510893,6.008581756894284e-05,92.0,286432.0,80.0,1331429.0,0.00032119316277510893,6.008581756894284e-05,0.00032119316277510893,poisson_thinned_full_core_4D,0.18707066193377647,True
snv_table,GCF_028395205.1,GCF_028395235.1,close_recombination,1,1,4.332129963898917e-05,0.9660926384460378,full_core,0.0003073280272683777,0.0003841600340854721,0.0003457440306769249,6.911955955814571e-05,99.0,286339.0,92.0,1331027.0,0.0003457440306769249,6.911955955814571e-05,0.0003841600340854721,poisson_thinned_full_core_4D,0.1799238687665444,True
snv_table,GCF_028395205.1,GCF_028395285.1,close_recombination,1,1,2.1660649819494583e-05,0.9661641798339629,full_core,0.00030023530068914474,0.0003281641658695303,0.0003141997332793375,6.308840262417712e-05,90.0,286442.0,84.0,1331465.0,0.0003141997332793375,6.308840262417712e-05,0.0003281641658695303,poisson_thinned_full_core_4D,0.19224647047313345,True
snv_table,GCF_028395745.1,GCF_028395765.1,close_recombination,1,1,0.0,0.999804329899789,full_core,6.9882178646801495e-06,6.9882178646801495e-06,6.9882178646801495e-06,1.5039595495039565e-06,2.0,286196.0,2.0,1329823.0,6.9882178646801495e-06,1.5039595495039565e-06,6.9882178646801495e-06,poisson_thinned_full_core_4D,0.21521360361491715,True
snv_table,GCF_028395745.1,GCF_028395805.1,close_recombination,1,1,1.3986013986013986e-05,0.999741126589098,full_core,5.597262938423111e-05,3.4982893365144446e-05,4.5477761374687776e-05,5.27207682169083e-06,13.0,285854.0,7.0,1327750.0,4.5477761374687776e-05,5.27207682169083e-06,3.4982893365144446e-05,poisson_thinned_full_core_4D,0.15070442477876106,True
snv_table,GCF_028395765.1,GCF_028395805.1,close_recombination,1,1,6.993006993006993e-06,0.999727108610773,full_core,2.7988860433547447e-05,4.8980505758708034e-05,3.8484683096127744e-05,5.272541432760409e-06,11.0,285828.0,7.0,1327633.0,3.8484683096127744e-05,5.272541432760409e-06,4.8980505758708034e-05,poisson_thinned_full_core_4D,0.10764571233164587,True
snv_table,GCF_028395805.1,GCF_028395835.1,close_recombination,1,1,1.3986013986013986e-05,0.9997306345480432,full_core,6.296854721066827e-05,2.7986020982519232e-05,4.547728409659375e-05,9.790889201025784e-06,13.0,285857.0,13.0,1327765.0,4.547728409659375e-05,9.790889201025784e-06,2.7986020982519232e-05,poisson_thinned_full_core_4D,0.3498492767922034,True
snv_table,GCF_028395955.1,GCF_047310225.1,close_recombination,6,6,4.104477611940299e-05,0.9435783274274564,full_core,0.0006199409647126785,0.0007185679363715137,0.0006692544505420961,9.550331002345137e-05,190.0,283898.0,126.0,1319326.0,0.0006692544505420961,9.550331002345137e-05,0.0007185679363715137,poisson_thinned_full_core_4D,0.1329078368090088,True
snv_table,GCF_028396005.1,GCF_047310225.1,close_recombination,6,6,4.104477611940299e-05,0.9436627159537184,full_core,0.000655125653804836,0.0006833031012803128,0.0006692143775425744,9.549701268670234e-05,190.0,283915.0,126.0,1319413.0,0.0006692143775425744,9.549701268670234e-05,0.0006833031012803128,poisson_thinned_full_core_4D,0.139757909056418,True
snv_table,GCF_028396085.1,GCF_028396095.1,close_recombination,3,3,1.0714285714285714e-05,0.9844366065671388,full_core,0.0007610805935019221,0.0006060456577885676,0.0006835631256452448,5.8383312987633356e-05,194.0,283807.0,77.0,1318870.0,0.0006835631256452448,5.8383312987633356e-05,0.0006060456577885676,poisson_thinned_full_core_4D,0.09633484249465848,True
snv_table,GCF_028396085.1,GCF_028396185.1,close_recombination,3,3,1.4285714285714284e-05,0.9843619543505756,full_core,0.0007398039167333078,0.0006623006492660088,0.0007010522829996583,6.443596921931654e-05,199.0,283859.0,85.0,1319139.0,0.0007010522829996583,6.443596921931654e-05,0.0006623006492660088,poisson_thinned_full_core_4D,0.09729111588630839,True
snv_table,GCF_028396085.1,GCF_030541685.1,close_recombination,43,43,0.0001283422459893,0.658509000327669,full_core,0.005341357113412232,0.005207470853313509,0.005274413983362871,0.0006323580814832058,1497.0,283823.0,834.0,1318873.0,0.005274413983362871,0.0006323580814832058,0.005207470853313509,poisson_thinned_full_core_4D,0.12143286046062782,True
snv_table,GCF_028396085.1,GCF_030546205.1,close_recombination,43,43,0.0001329787234042,0.6599528529597277,full_core,0.005088215706518484,0.005468774775981085,0.005278495241249784,0.0006308947330905804,1498.0,283793.0,832.0,1318762.0,0.005278495241249784,0.0006308947330905804,0.005468774775981085,poisson_thinned_full_core_4D,0.11536308568812828,True
snv_table,GCF_028396085.1,GCF_040921925.1,close_recombination,41,41,0.0001909547738693,0.7047447988953531,full_core,0.004799108331351453,0.004855902512787565,0.004827505422069509,0.0005616432075558204,1360.0,281719.0,735.0,1308660.0,0.004827505422069509,0.0005616432075558204,0.004855902512787565,poisson_thinned_full_core_4D,0.11566196110337587,True
snv_table,GCF_028396085.1,GCF_040921935.1,close_recombination,41,41,0.0001658291457286,0.7009139748912648,full_core,0.0049102780727158565,0.00474095813917393,0.004825618105944894,0.0005556930448790457,1368.0,283487.0,732.0,1317274.0,0.004825618105944894,0.0005556930448790457,0.00474095813917393,poisson_thinned_full_core_4D,0.11721112664704318,True
snv_table,GCF_028396085.1,GCF_047307925.1,close_recombination,43,43,0.0001223404255319,0.6615721370588256,full_core,0.005054581728074783,0.0054846089043824,0.005269595316228591,0.0006356430386467933,1495.0,283703.0,838.0,1318350.0,0.005269595316228591,0.0006356430386467933,0.0054846089043824,poisson_thinned_full_core_4D,0.11589578212931312,True
snv_table,GCF_028396085.1,GCF_047308905.1,close_recombination,37,37,0.0001291866028708,0.7399495392171127,full_core,0.006557772628396433,0.006905533298084123,0.006731652963240278,0.0006897821342607835,1897.0,281803.0,903.0,1309109.0,0.006731652963240278,0.0006897821342607835,0.006905533298084123,poisson_thinned_full_core_4D,0.09988832208689187,True
snv_table,GCF_028396085.1,GCF_047638235.1,close_recombination,42,42,0.0001581632653061,0.6937616082158855,full_core,0.005117306858671403,0.004729632096650843,0.004923469477661123,0.0005794951262487779,1397.0,283743.0,764.0,1318389.0,0.004923469477661123,0.0005794951262487779,0.004729632096650843,poisson_thinned_full_core_4D,0.12252435589210654,True
snv_table,GCF_028396085.1,GCF_051065055.1,close_recombination,6,6,4.744525547445256e-05,0.9652875669579928,full_core,0.0008739780095855653,0.0009233154778686214,0.0008986467437270933,0.00012360320792031157,255.0,283760.0,163.0,1318736.0,0.0008986467437270933,0.00012360320792031157,0.0009233154778686214,poisson_thinned_full_core_4D,0.1338688789292657,True
snv_table,GCF_028396095.1,GCF_028396185.1,close_recombination,1,1,1.7605633802816902e-05,0.99985906063916,full_core,3.523484020999965e-05,4.228180825199958e-05,3.875832423099961e-05,7.582242690907602e-06,11.0,283810.0,10.0,1318871.0,3.875832423099961e-05,7.582242690907602e-06,4.228180825199958e-05,poisson_thinned_full_core_4D,0.17932635817554055,True
snv_table,GCF_028396095.1,GCF_030541685.1,close_recombination,40,40,0.0001641025641025,0.6873632163410878,full_core,0.004680159717498793,0.004609675384403932,0.004644917550951362,0.0005771648992729694,1318.0,283751.0,761.0,1318514.0,0.004644917550951362,0.0005771648992729694,0.004609675384403932,poisson_thinned_full_core_4D,0.12520727624893296,True
snv_table,GCF_028396095.1,GCF_030546205.1,close_recombination,41,41,0.0001502590673575,0.684968684024094,full_core,0.004335244835595532,0.005004916802069639,0.004670080818832585,0.0005772134923843469,1325.0,283721.0,761.0,1318403.0,0.004670080818832585,0.0005772134923843469,0.005004916802069639,poisson_thinned_full_core_4D,0.1153292882202671,True
snv_table,GCF_028396095.1,GCF_040921925.1,close_recombination,39,39,0.0001881188118811,0.7199946030585036,full_core,0.004061908599955262,0.004353059391210797,0.00420748399558303,0.0005067776736535231,1185.0,281641.0,663.0,1308266.0,0.00420748399558303,0.0005067776736535231,0.004353059391210797,poisson_thinned_full_core_4D,0.11641873636660025,True
snv_table,GCF_028396095.1,GCF_040921935.1,close_recombination,39,39,0.0001773399014778,0.7182803893963933,full_core,0.004100023640411696,0.004339956177027871,0.004219989908719784,0.0005034524078010064,1196.0,283413.0,663.0,1316907.0,0.004219989908719784,0.0005034524078010064,0.004339956177027871,poisson_thinned_full_core_4D,0.11600403028626555,True
snv_table,GCF_028396095.1,GCF_047307925.1,close_recombination,40,40,0.0001897435897435,0.686688620769898,full_core,0.004647030202170495,0.004682288397938101,0.004664659300054297,0.0005827218421294234,1323.0,283622.0,768.0,1317953.0,0.004664659300054297,0.0005827218421294234,0.004682288397938101,poisson_thinned_full_core_4D,0.12445236017201154,True
snv_table,GCF_028396095.1,GCF_047308905.1,close_recombination,34,34,0.0001408450704225,0.7547076049338894,full_core,0.006169136569349543,0.005984559410772917,0.00607684799006123,0.0006357381095196433,1712.0,281725.0,832.0,1308715.0,0.00607684799006123,0.0006357381095196433,0.005984559410772917,poisson_thinned_full_core_4D,0.106229726515078,True
snv_table,GCF_028396095.1,GCF_047638235.1,close_recombination,39,39,0.000195,0.7043018144258666,full_core,0.00447701738986361,0.004173849283148436,0.004325433336506023,0.0005273021099671479,1227.0,283671.0,695.0,1318030.0,0.004325433336506023,0.0005273021099671479,0.004173849283148436,poisson_thinned_full_core_4D,0.12633472705784696,True
snv_table,GCF_028396095.1,GCF_051065055.1,close_recombination,3,3,5.39568345323741e-05,0.981803568784766,full_core,0.00023970502182020712,0.0002679056126225844,0.0002538053172213958,6.978457047976134e-05,72.0,283682.0,92.0,1318343.0,0.0002538053172213958,6.978457047976134e-05,0.0002679056126225844,poisson_thinned_full_core_4D,0.2604819279321008,True
snv_table,GCF_028396185.1,GCF_030541685.1,close_recombination,42,42,0.0001589743589743,0.6854706576698789,full_core,0.004503091911699935,0.004820211060411198,0.004661651486055567,0.0005846246004875663,1323.0,283805.0,771.0,1318795.0,0.004661651486055567,0.0005846246004875663,0.004820211060411198,poisson_thinned_full_core_4D,0.12128609995714455,True
snv_table,GCF_028396185.1,GCF_030546205.1,close_recombination,41,41,0.0001701030927835,0.6868822130208793,full_core,0.004750242269403577,0.004595189851114439,0.004672716060259008,0.0005846738111632507,1326.0,283775.0,771.0,1318684.0,0.004672716060259008,0.0005846738111632507,0.004595189851114439,poisson_thinned_full_core_4D,0.12723605119850573,True
snv_table,GCF_028396185.1,GCF_040921925.1,close_recombination,40,40,0.0001831683168316,0.7182640118988879,full_core,0.00440883613115755,0.004053857376636008,0.00423134675389678,0.0005142916530388294,1192.0,281707.0,673.0,1308596.0,0.00423134675389678,0.0005142916530388294,0.004053857376636008,poisson_thinned_full_core_4D,0.1268647624366108,True
snv_table,GCF_028396185.1,GCF_040921935.1,close_recombination,39,39,0.0001584158415841,0.7167299307152836,full_core,0.004035728900616648,0.004409668816233225,0.004222698858424937,0.0005063798547365496,1197.0,283468.0,667.0,1317193.0,0.004222698858424937,0.0005063798547365496,0.004409668816233225,poisson_thinned_full_core_4D,0.1148339877299682,True
snv_table,GCF_028396185.1,GCF_047307925.1,close_recombination,41,41,0.0001701030927835,0.6831385101312766,full_core,0.004575642634554915,0.00474484975817482,0.004660246196364867,0.0005848733988047646,1322.0,283676.0,771.0,1318234.0,0.004660246196364867,0.0005848733988047646,0.00474484975817482,poisson_thinned_full_core_4D,0.12326489322387844,True
snv_table,GCF_028396185.1,GCF_047308905.1,close_recombination,34,34,0.0001408450704225,0.7553437268213742,full_core,0.005834359551279549,0.006324105061058489,0.006079232306169019,0.0006356016366742144,1713.0,281779.0,832.0,1308996.0,0.006079232306169019,0.0006356016366742144,0.006324105061058489,poisson_thinned_full_core_4D,0.10050459796881227,True
snv_table,GCF_028396185.1,GCF_047638235.1,close_recombination,41,41,0.0001691542288557,0.7089661395093101,full_core,0.004335214275895856,0.004363410791511439,0.004349312533703647,0.000534780046104867,1234.0,283723.0,705.0,1318299.0,0.004349312533703647,0.000534780046104867,0.004363410791511439,poisson_thinned_full_core_4D,0.12256009613975055,True
snv_table,GCF_028396185.1,GCF_051065055.1,close_recombination,4,4,5.7347670250896056e-05,0.9811302135098366,full_core,0.00024670994664016297,0.0003101496472047763,0.00027842979692246965,7.659569304693117e-05,79.0,283734.0,101.0,1318612.0,0.00027842979692246965,7.659569304693117e-05,0.0003101496472047763,poisson_thinned_full_core_4D,0.24696366330656785,True
snv_table,GCF_028396205.1,GCF_039760295.1,close_recombination,18,18,0.0001785714285714,0.683579319642138,full_core,0.004012815799149115,0.003816727068998722,0.003914771434073918,0.0005272930657195479,1118.0,285585.0,700.0,1327535.0,0.003914771434073918,0.0005272930657195479,0.003816727068998722,poisson_thinned_full_core_4D,0.13815320199405237,True
snv_table,GCF_028396205.1,GCF_039760315.1,close_recombination,18,18,0.0001692307692307,0.6829553531724774,full_core,0.003970629943591844,0.003865586823391002,0.0039181083834914235,0.0005287661595683702,1119.0,285597.0,702.0,1327619.0,0.0039181083834914235,0.0005287661595683702,0.003865586823391002,poisson_thinned_full_core_4D,0.13678806963247087,True
snv_table,GCF_028396205.1,GCF_039760335.1,close_recombination,18,18,0.000188775510204,0.6844809003233437,full_core,0.004031298554051595,0.003821335087694741,0.003926316820873168,0.000538298630011165,1122.0,285764.0,715.0,1328259.0,0.003926316820873168,0.000538298630011165,0.003821335087694741,poisson_thinned_full_core_4D,0.14086663892537596,True
snv_table,GCF_028396205.1,GCF_040095755.1,close_recombination,10,10,6.694560669456067e-05,0.837314699836536,full_core,0.003683202491949572,0.003676186868155382,0.003679694680052477,0.0005191923841721787,1049.0,285078.0,688.0,1325135.0,0.003679694680052477,0.0005191923841721787,0.003676186868155382,poisson_thinned_full_core_4D,0.1412312275715996,True
snv_table,GCF_028396205.1,GCF_040097405.1,close_recombination,14,14,7.692307692307693e-05,0.8251859442079041,full_core,0.0038513859689415756,0.003801918626221225,0.0038266522975814003,0.0005687481989006736,1083.0,283015.0,748.0,1315169.0,0.0038266522975814003,0.0005687481989006736,0.003801918626221225,poisson_thinned_full_core_4D,0.14959504787348898,True
snv_table,GCF_028396205.1,GCF_040098345.1,close_recombination,18,18,0.0001519607843137,0.7153304128538509,full_core,0.004959437135451558,0.005282116213571461,0.00512077667451151,0.0005509093022167685,1460.0,285113.0,730.0,1325082.0,0.00512077667451151,0.0005509093022167685,0.005282116213571461,poisson_thinned_full_core_4D,0.10429708093156011,True
snv_table,GCF_028396285.1,GCF_039760295.1,close_recombination,18,18,0.0001836734693877,0.683512928770979,full_core,0.003752949496222544,0.004096036297183188,0.0039244928967028655,0.0005264323252041338,1121.0,285642.0,699.0,1327806.0,0.0039244928967028655,0.0005264323252041338,0.004096036297183188,poisson_thinned_full_core_4D,0.1285223779794523,True
snv_table,GCF_028396285.1,GCF_039760315.1,close_recombination,18,18,0.0001692307692307,0.6828875507631984,full_core,0.0037739812351211314,0.0040750595154740235,0.003924520375297578,0.0005279405573576161,1121.0,285640.0,701.0,1327801.0,0.003924520375297578,0.0005279405573576161,0.0040750595154740235,poisson_thinned_full_core_4D,0.12955407285535175,True
snv_table,GCF_028396285.1,GCF_039760335.1,close_recombination,18,18,0.000188775510204,0.6845383915447609,full_core,0.003926646601805838,0.003926646601805838,0.003926646601805838,0.0005360868520934869,1122.0,285740.0,712.0,1328143.0,0.003926646601805838,0.0005360868520934869,0.003926646601805838,poisson_thinned_full_core_4D,0.13652536284954808,True
snv_table,GCF_028396285.1,GCF_040095755.1,close_recombination,10,10,6.694560669456067e-05,0.8373404602321153,full_core,0.0035564347267963677,0.0038019479722359592,0.0036791913495161635,0.0005176143561775312,1049.0,285117.0,686.0,1325311.0,0.0036791913495161635,0.0005176143561775312,0.0038019479722359592,poisson_thinned_full_core_4D,0.13614451327515606,True
snv_table,GCF_028396285.1,GCF_040097405.1,close_recombination,14,14,8.119658119658119e-05,0.8264997155848882,full_core,0.0040065433141250086,0.0036532326162303868,0.0038298879651776974,0.000567190823977726,1084.0,283037.0,746.0,1315254.0,0.0038298879651776974,0.000567190823977726,0.0036532326162303868,poisson_thinned_full_core_4D,0.1552572429847037,True
snv_table,GCF_028396285.1,GCF_040098345.1,close_recombination,19,19,0.0001379310344827,0.7090479981203337,full_core,0.005014781330986089,0.005232205416665205,0.005123493373825647,0.0005493236829436505,1461.0,285157.0,728.0,1325266.0,0.005123493373825647,0.0005493236829436505,0.005232205416665205,poisson_thinned_full_core_4D,0.10498893663348698,True
snv_table,GCF_029076805.1,GCF_036419465.1,close_recombination,1,1,0.0,0.9997826635631958,full_core,7.010852800134609e-06,2.8043411200538435e-05,1.752713200033652e-05,2.2627147599146506e-06,5.0,285272.0,3.0,1325841.0,1.752713200033652e-05,2.2627147599146506e-06,2.8043411200538435e-05,poisson_thinned_full_core_4D,0.08068614562379652,True
snv_table,GCF_030541685.1,GCF_030546205.1,close_recombination,1,1,7.017543859649123e-06,0.9995080296587834,full_core,2.811259092666128e-05,2.1084443194995958e-05,2.459851706082862e-05,1.5122233009415103e-06,7.0,284570.0,2.0,1322556.0,2.459851706082862e-05,1.5122233009415103e-06,2.1084443194995958e-05,poisson_thinned_full_core_4D,0.0717222307914876,True
snv_table,GCF_030541685.1,GCF_040921925.1,close_recombination,7,7,7.089552238805971e-05,0.9499075903384104,full_core,0.0008993124154681735,0.0008922312153463769,0.0008957718154072752,0.00013946650631829,253.0,282438.0,183.0,1312143.0,0.0008957718154072752,0.00013946650631829,0.0008922312153463769,poisson_thinned_full_core_4D,0.15631206790287777,True
snv_table,GCF_030541685.1,GCF_040921935.1,close_recombination,9,9,5.204460966542751e-05,0.943418798005707,full_core,0.0008866651888913518,0.0009077762648173365,0.0008972207268543441,0.00013476731816822445,255.0,284211.0,178.0,1320795.0,0.0008972207268543441,0.00013476731816822445,0.0009077762648173365,poisson_thinned_full_core_4D,0.14845873745701255,True
snv_table,GCF_030541685.1,GCF_047308905.1,close_recombination,39,39,0.0001527093596059,0.7200758943426148,full_core,0.007143413404696671,0.007051377354883928,0.007097395379790299,0.0007162586913039337,2005.0,282498.0,940.0,1312375.0,0.007097395379790299,0.0007162586913039337,0.007051377354883928,poisson_thinned_full_core_4D,0.10157713241765998,True
snv_table,GCF_030541685.1,GCF_047638235.1,close_recombination,12,12,7.518796992481203e-05,0.939062417419798,full_core,0.00102179236474464,0.0011274950231664994,0.0010746436939555696,0.00018425618130201636,305.0,283815.0,243.0,1318816.0,0.0010746436939555696,0.00018425618130201636,0.0011274950231664994,poisson_thinned_full_core_4D,0.16342083780072428,True
snv_table,GCF_030541685.1,GCF_051065055.1,close_recombination,38,38,0.0001624365482233,0.6896539600165953,full_core,0.004612928858229789,0.004556673628251376,0.0045848012432405825,0.0005621377880672447,1304.0,284418.0,743.0,1321740.0,0.0045848012432405825,0.0005621377880672447,0.004556673628251376,poisson_thinned_full_core_4D,0.12336582207292408,True
snv_table,GCF_030546205.1,GCF_040921925.1,close_recombination,7,7,8.582089552238806e-05,0.9499309514535604,full_core,0.0009135653836620516,0.000906483481463121,0.0009100244325625863,0.0001387145430003651,257.0,282410.0,182.0,1312047.0,0.0009100244325625863,0.0001387145430003651,0.000906483481463121,poisson_thinned_full_core_4D,0.15302489878411368,True
snv_table,GCF_030546205.1,GCF_040921935.1,close_recombination,8,8,5.5762081784386615e-05,0.9468546675909536,full_core,0.0008656393943339327,0.0009219411435589039,0.0008937902689464183,0.00013326276464205696,254.0,284183.0,176.0,1320699.0,0.0008937902689464183,0.00013326276464205696,0.0009219411435589039,poisson_thinned_full_core_4D,0.14454584826058653,True
snv_table,GCF_030546205.1,GCF_047308905.1,close_recombination,40,40,0.0001243781094527,0.7131705002885395,full_core,0.006698364706840333,0.007512647942872721,0.007105506324856527,0.0007155779568458482,2007.0,282457.0,939.0,1312226.0,0.007105506324856527,0.0007155779568458482,0.007512647942872721,poisson_thinned_full_core_4D,0.0952497657666389,True
snv_table,GCF_030546205.1,GCF_047638235.1,close_recombination,12,12,8.646616541353383e-05,0.938985499585954,full_core,0.0011276142149866976,0.0010289479711753616,0.0010782810930810296,0.00018275505135720272,306.0,283785.0,241.0,1318705.0,0.0010782810930810296,0.00018275505135720272,0.0010289479711753616,poisson_thinned_full_core_4D,0.17761350085412253,True
snv_table,GCF_030546205.1,GCF_051065055.1,close_recombination,41,41,0.0001616161616161,0.6952742310383752,full_core,0.004472935574958594,0.004705021854791351,0.004588978714874972,0.0005606878376139062,1305.0,284377.0,741.0,1321591.0,0.004588978714874972,0.0005606878376139062,0.004705021854791351,poisson_thinned_full_core_4D,0.11916795605166652,True
snv_table,GCF_039760255.1,GCF_040928345.1,close_recombination,12,12,9.195402298850576e-05,0.9289860756318256,full_core,0.0014344819788784896,0.0014274155651894328,0.001430948772033961,0.00017345182831920614,405.0,283029.0,228.0,1314486.0,0.001430948772033961,0.00017345182831920614,0.0014274155651894328,poisson_thinned_full_core_4D,0.1215145978152391,True
snv_table,GCF_039760255.1,GCF_040928365.1,close_recombination,14,14,0.0001022727272727,0.9340665158418952,full_core,0.0016588371904239212,0.0015882483738101374,0.0016235427821170293,0.0001877115079313812,460.0,283331.0,247.0,1315849.0,0.0016235427821170293,0.0001877115079313812,0.0015882483738101374,poisson_thinned_full_core_4D,0.1181877538971248,True
snv_table,GCF_039760295.1,GCF_039760315.1,close_recombination,1,1,2.0905923344947736e-05,0.9996996430641996,full_core,1.397009003723029e-05,4.889531513030602e-05,3.1432702583768155e-05,1.3522172983149118e-05,9.0,286326.0,18.0,1331147.0,3.1432702583768155e-05,1.3522172983149118e-05,4.889531513030602e-05,poisson_thinned_full_core_4D,0.27655355011236815,True
snv_table,GCF_039760295.1,GCF_040098345.1,close_recombination,15,15,0.0001255605381165,0.7808947233812962,full_core,0.0046666596596701805,0.0046666596596701805,0.0046666596596701805,0.0005012127086439219,1332.0,285429.0,665.0,1326782.0,0.0046666596596701805,0.0005012127086439219,0.0046666596596701805,poisson_thinned_full_core_4D,0.10740288454619068,True
snv_table,GCF_039760315.1,GCF_040098345.1,close_recombination,15,15,0.000134529147982,0.7809160786731784,full_core,0.004715626029134581,0.0046315435442168765,0.004673584786675729,0.0005027023075317166,1334.0,285434.0,667.0,1326829.0,0.004673584786675729,0.0005027023075317166,0.0046315435442168765,poisson_thinned_full_core_4D,0.10853882787292587,True
snv_table,GCF_039760335.1,GCF_040098345.1,close_recombination,15,15,0.0001300448430493,0.7789819537073362,full_core,0.004798800650114891,0.004511573165947431,0.004655186908031161,0.0005079221537707944,1329.0,285488.0,674.0,1326975.0,0.004655186908031161,0.0005079221537707944,0.004511573165947431,poisson_thinned_full_core_4D,0.11258204956189173,True
snv_table,GCF_040095755.1,GCF_040097405.1,close_recombination,11,11,7.434944237918216e-05,0.9470884727576708,full_core,0.0012274656009819726,0.0012133568009706855,0.001220411200976329,0.00020489688374606142,346.0,283511.0,270.0,1317736.0,0.001220411200976329,0.00020489688374606142,0.0012133568009706855,poisson_thinned_full_core_4D,0.16886779188293494,True
snv_table,GCF_040095755.1,GCF_040098345.1,close_recombination,20,20,0.0001111111111111,0.630496526107731,full_core,0.0073866289377508,0.007695575395223266,0.007541102166487033,0.0008897684185083917,2148.0,284839.0,1178.0,1323940.0,0.007541102166487033,0.0008897684185083917,0.007695575395223266,poisson_thinned_full_core_4D,0.11562077853992327,True
snv_table,GCF_040097525.1,GCF_964246425.1,close_recombination,14,14,0.0001428571428571,0.68245733549931,full_core,0.003975615294590298,0.004164264877989135,0.004069940086289717,0.0005981607308983082,1165.0,286245.0,796.0,1330746.0,0.004069940086289717,0.0005981607308983082,0.004164264877989135,poisson_thinned_full_core_4D,0.14364137451005554,True
snv_table,GCF_040097525.1,GCF_964251715.1,close_recombination,14,14,0.0001428571428571,0.6829045016841134,full_core,0.004039077021984319,0.004067029112101857,0.004053053067043088,0.0005929517649896929,1160.0,286204.0,789.0,1330631.0,0.004053053067043088,0.0005929517649896929,0.004067029112101857,poisson_thinned_full_core_4D,0.1457948169648712,True
snv_table,GCF_040911805.1,GCF_040911865.1,close_recombination,1,1,4.609929078014184e-05,0.9982784637946058,full_core,0.00011335217813294794,7.084511133309246e-05,9.20986447330202e-05,3.1249261640921594e-05,26.0,282306.0,41.0,1312031.0,9.20986447330202e-05,3.1249261640921594e-05,7.084511133309246e-05,poisson_thinned_full_core_4D,0.44109270284010055,True
snv_table,GCF_040911805.1,GCF_040911905.1,close_recombination,1,1,4.946996466431095e-05,0.9982735319714992,full_core,8.490826369676429e-05,0.00011321101826235239,9.905964097955833e-05,3.121055860810044e-05,28.0,282658.0,41.0,1313658.0,9.905964097955833e-05,3.121055860810044e-05,0.00011321101826235239,poisson_thinned_full_core_4D,0.27568481484526414,True
snv_table,GCF_040911985.1,GCF_047307725.1,close_recombination,39,39,0.000130890052356,0.6697100080456151,full_core,0.0038409067058453143,0.0035750515968797007,0.0037079791513625073,0.000524684248482029,1060.0,285870.0,697.0,1328418.0,0.0037079791513625073,0.000524684248482029,0.0035750515968797007,poisson_thinned_full_core_4D,0.14676270656903875,True
snv_table,GCF_040918225.1,GCF_047948285.1,close_recombination,34,34,7.174887892376682e-05,0.7829197800648526,full_core,0.002749189341604399,0.0027209925278443535,0.002735090934724376,0.0004005237151001992,776.0,283720.0,528.0,1318274.0,0.002735090934724376,0.0004005237151001992,0.0027209925278443535,poisson_thinned_full_core_4D,0.14719765343034782,True
snv_table,GCF_040921925.1,GCF_047307925.1,close_recombination,7,7,7.835820895522388e-05,0.9499672351805608,full_core,0.0008713670899527124,0.000935125657510228,0.0009032463737314702,0.00014409683307182428,255.0,282315.0,189.0,1311618.0,0.0009032463737314702,0.00014409683307182428,0.000935125657510228,poisson_thinned_full_core_4D,0.15409355086618207,True
snv_table,GCF_040921925.1,GCF_047308905.1,close_recombination,38,38,0.0001449275362318,0.740019821322895,full_core,0.006951722957797694,0.006887553207418023,0.006919638082607859,0.0006916361916868553,1941.0,280506.0,901.0,1302708.0,0.006919638082607859,0.0006916361916868553,0.006887553207418023,poisson_thinned_full_core_4D,0.10041827204208749,True
snv_table,GCF_040921925.1,GCF_047638235.1,close_recombination,7,7,8e-05,0.9771500175714484,full_core,0.0006247626079579137,0.0005466672819631745,0.0005857149449605441,0.00010927951177276587,165.0,281707.0,143.0,1308571.0,0.0005857149449605441,0.00010927951177276587,0.0005466672819631745,poisson_thinned_full_core_4D,0.19990132092838023,True
snv_table,GCF_040921925.1,GCF_051065055.1,close_recombination,37,37,0.0001773399014778,0.7183416400109103,full_core,0.0041019755369230936,0.004179905987538213,0.004140940762230653,0.0004910452859652547,1169.0,282303.0,644.0,1311488.0,0.004140940762230653,0.0004910452859652547,0.004179905987538213,poisson_thinned_full_core_4D,0.11747759098631295,True
snv_table,GCF_040921935.1,GCF_047307925.1,close_recombination,8,8,5.5762081784386615e-05,0.9468294742768668,full_core,0.0009008374973608277,0.0008867619114645648,0.0008937997044126962,0.0001385725362863166,254.0,284180.0,183.0,1320608.0,0.0008937997044126962,0.0001385725362863166,0.0008867619114645648,poisson_thinned_full_core_4D,0.15626802921367242,True
snv_table,GCF_040921935.1,GCF_047308905.1,close_recombination,38,38,0.0001298076923076,0.7382645450905779,full_core,0.007015231555787035,0.006809734873849838,0.006912483214818437,0.000686460108277641,1951.0,282243.0,900.0,1311074.0,0.006912483214818437,0.000686460108277641,0.006809734873849838,poisson_thinned_full_core_4D,0.10080570257055475,True
snv_table,GCF_040921935.1,GCF_047638235.1,close_recombination,8,8,7.581227436823104e-05,0.9769295893890222,full_core,0.0005432482009312827,0.0006137999153379428,0.0005785240581346126,0.00010400668679487072,164.0,283480.0,137.0,1317223.0,0.0005785240581346126,0.00010400668679487072,0.0006137999153379428,poisson_thinned_full_core_4D,0.16944721593453996,True
snv_table,GCF_040921935.1,GCF_051065055.1,close_recombination,37,37,0.0001699029126213,0.7220980374900995,full_core,0.004167913403150577,0.004111590249053947,0.004139751826102262,0.00048707582551019867,1176.0,284075.0,643.0,1320123.0,0.004139751826102262,0.00048707582551019867,0.004111590249053947,poisson_thinned_full_core_4D,0.1184640968594261,True
snv_table,GCF_040922025.1,GCF_040922045.1,close_recombination,1,1,1.048951048951049e-05,0.9998912704174864,full_core,4.910368242544132e-05,1.4029623550126091e-05,3.1566652987783707e-05,3.7732374830392975e-06,9.0,285111.0,5.0,1325122.0,3.1566652987783707e-05,3.7732374830392975e-06,1.4029623550126091e-05,poisson_thinned_full_core_4D,0.2689478780067043,True
snv_table,GCF_040922025.1,GCF_040922065.1,close_recombination,1,1,3.496503496503497e-06,0.9998912742309406,full_core,1.4029131491542187e-05,3.507282872885547e-05,2.455098011019883e-05,4.527140205532166e-06,7.0,285121.0,6.0,1325340.0,2.455098011019883e-05,4.527140205532166e-06,3.507282872885547e-05,poisson_thinned_full_core_4D,0.12907827425415366,True
snv_table,GCF_040928345.1,GCF_040928365.1,close_recombination,1,1,2.7972027972027973e-05,0.9995441795231416,full_core,4.2075736325385694e-05,8.415147265077139e-05,6.311360448807855e-05,2.9430941427898722e-05,18.0,285200.0,39.0,1325136.0,6.311360448807855e-05,2.9430941427898722e-05,8.415147265077139e-05,poisson_thinned_full_core_4D,0.3497376873015298,True
snv_table,GCF_040928465.1,GCF_040928505.1,close_recombination,1,1,3.202846975088968e-05,0.99953329461935,full_core,4.9876910909149205e-05,6.412745688319183e-05,5.700218389617052e-05,2.6844711016685906e-05,16.0,280691.0,35.0,1303795.0,5.700218389617052e-05,2.6844711016685906e-05,6.412745688319183e-05,poisson_thinned_full_core_4D,0.4186149322213658,True
snv_table,GCF_040928465.1,GCF_047307425.1,close_recombination,7,7,9.777777777777778e-05,0.7943328795098706,full_core,0.002425119128658952,0.0021769344225096438,0.0023010267755842976,0.00029983108752473797,649.0,282048.0,393.0,1310738.0,0.0023010267755842976,0.00029983108752473797,0.0021769344225096438,poisson_thinned_full_core_4D,0.13773087715664054,True
snv_table,GCF_040928465.1,GCF_047310325.1,close_recombination,14,14,9.170305676855896e-05,0.8108692416198247,full_core,0.0021619399335114867,0.0022186465547183454,0.002190293244114916,0.0003446845373906465,618.0,282154.0,452.0,1311344.0,0.002190293244114916,0.0003446845373906465,0.0022186465547183454,poisson_thinned_full_core_4D,0.1553580207075407,True
snv_table,GCF_040928505.1,GCF_047307425.1,close_recombination,8,8,0.0001255605381165,0.791793242709042,full_core,0.0022863817830216567,0.00233624057579783,0.002311311179409743,0.00031898097845881577,649.0,280793.0,416.0,1304153.0,0.002311311179409743,0.00031898097845881577,0.00233624057579783,poisson_thinned_full_core_4D,0.13653601506766197,True
snv_table,GCF_040928505.1,GCF_047310325.1,close_recombination,15,15,0.0001385281385281,0.8190103239587042,full_core,0.0023282306870772516,0.0020647917408330367,0.0021965112139551443,0.00035868583030021544,617.0,280900.0,468.0,1304763.0,0.0021965112139551443,0.00035868583030021544,0.0020647917408330367,poisson_thinned_full_core_4D,0.1737152581574664,True
snv_table,GCF_047307265.1,GCF_047310325.1,close_recombination,35,35,8.743169398907104e-05,0.6427843564426017,full_core,0.00294458694964686,0.002972697564917952,0.0029586422572824064,0.0004429852975749957,842.0,284590.0,586.0,1322843.0,0.0029586422572824064,0.0004429852975749957,0.002972697564917952,poisson_thinned_full_core_4D,0.14901795016178254,True
snv_table,GCF_047307325.1,GCF_047310325.1,close_recombination,36,36,0.0001021505376344,0.6527017861974692,full_core,0.0031626553654448275,0.0027269117373168736,0.0029447835513808506,0.00044075843715979195,838.0,284571.0,583.0,1322720.0,0.0029447835513808506,0.00044075843715979195,0.0027269117373168736,poisson_thinned_full_core_4D,0.16163282116108138,True
snv_table,GCF_047307425.1,GCF_047310325.1,close_recombination,20,20,0.0001395348837209,0.7554808324745259,full_core,0.0032007428537260516,0.0029897048633704877,0.0030952238585482696,0.00042448322383280355,880.0,284309.0,561.0,1321607.0,0.0030952238585482696,0.00042448322383280355,0.0029897048633704877,poisson_thinned_full_core_4D,0.14198164809962419,True
snv_table,GCF_047307925.1,GCF_047308905.1,close_recombination,39,39,0.0001485148514851,0.7186273156260731,full_core,0.007207513372486132,0.006988031138156986,0.0070977722553215595,0.000718591712648662,2005.0,282483.0,943.0,1312289.0,0.0070977722553215595,0.000718591712648662,0.006988031138156986,poisson_thinned_full_core_4D,0.10283178458162714,True
snv_table,GCF_047307925.1,GCF_047638235.1,close_recombination,12,12,7.894736842105263e-05,0.9390884416087985,full_core,0.0011420917198350312,0.0010081426909654904,0.0010751172054002608,0.00018888420260523657,305.0,283690.0,249.0,1318268.0,0.0010751172054002608,0.00018888420260523657,0.0010081426909654904,poisson_thinned_full_core_4D,0.18735859943034813,True
snv_table,GCF_047307925.1,GCF_051065055.1,close_recombination,40,40,0.0001421319796954,0.6937087140957727,full_core,0.004692259530492652,0.004474178502838571,0.004583219016665611,0.0005661369854719259,1303.0,284298.0,748.0,1321235.0,0.004583219016665611,0.0005661369854719259,0.004474178502838571,poisson_thinned_full_core_4D,0.12653428671045408,True
snv_table,GCF_047308905.1,GCF_047638235.1,close_recombination,40,40,0.0001225490196078,0.7272430425662558,full_core,0.007212093033160721,0.007070122697862282,0.007141107865511502,0.0007411731625018338,2012.0,281749.0,970.0,1308736.0,0.007141107865511502,0.0007411731625018338,0.007070122697862282,poisson_thinned_full_core_4D,0.10483172558319738,True
snv_table,GCF_047308905.1,GCF_051065055.1,close_recombination,32,32,0.000125,0.7646846361949547,full_core,0.005708134445687738,0.006253452500672795,0.0059807934731802665,0.0006234732337148106,1689.0,282404.0,818.0,1312005.0,0.0059807934731802665,0.0006234732337148106,0.006253452500672795,poisson_thinned_full_core_4D,0.09970064274858287,True
snv_table,GCF_047309325.1,GCF_047311065.1,close_recombination,8,8,3.108808290155441e-05,0.6728227121757686,full_core,0.004030300596163182,0.0039883910579015195,0.004009345827032351,0.0005042462645571989,1148.0,286331.0,671.0,1330699.0,0.004009345827032351,0.0005042462645571989,0.0039883910579015195,poisson_thinned_full_core_4D,0.12642849139836018,True
snv_table,GCF_047309325.1,GCF_964238845.1,close_recombination,1,1,5.755395683453237e-05,0.968795760407224,full_core,0.0003347046928387142,0.0002928666062338749,0.00031378564953629456,6.450925707839075e-05,90.0,286820.0,86.0,1333142.0,0.00031378564953629456,6.450925707839075e-05,0.0002928666062338749,poisson_thinned_full_core_4D,0.22026839422885755,True
snv_table,GCF_047309505.1,GCF_964240005.1,close_recombination,29,29,9.45273631840796e-05,0.7079408944785968,full_core,0.003017314308273645,0.003094862105916192,0.0030560882070949187,0.0004087929156718614,867.0,283696.0,539.0,1318516.0,0.0030560882070949187,0.0004087929156718614,0.003094862105916192,poisson_thinned_full_core_4D,0.1320876025107567,True
snv_table,GCF_047311065.1,GCF_964238335.1,close_recombination,10,10,2.0618556701030927e-05,0.6755666961084482,full_core,0.004126504236474527,0.0038960902943363557,0.004011297265405441,0.0004934644131040714,1149.0,286441.0,657.0,1331403.0,0.004011297265405441,0.0004934644131040714,0.0038960902943363557,poisson_thinned_full_core_4D,0.12665630820245818,True
snv_table,GCF_047311065.1,GCF_964238845.1,close_recombination,10,10,2.0618556701030927e-05,0.6755666961084482,full_core,0.004259166809220747,0.003819285646956965,0.004039226228088856,0.0004994731121981849,1157.0,286441.0,665.0,1331403.0,0.004039226228088856,0.0004994731121981849,0.003819285646956965,poisson_thinned_full_core_4D,0.13077657927893993,True
snv_table,GCF_047638235.1,GCF_051065055.1,close_recombination,42,42,0.0001576354679802,0.7160179630164896,full_core,0.00417351089554238,0.004610601563656616,0.004392056229599498,0.0005499915794392665,1246.0,283694.0,725.0,1318202.0,0.004392056229599498,0.0005499915794392665,0.004610601563656616,poisson_thinned_full_core_4D,0.11928846417235725,True
snv_table,GCF_047777885.1,GCF_048453055.1,close_recombination,4,4,0.0,0.8916869386064737,full_core,0.007190013329017933,0.007259616555823528,0.00722481494242073,0.0006946892949727103,2076.0,287343.0,928.0,1335849.0,0.00722481494242073,0.0006946892949727103,0.007259616555823528,poisson_thinned_full_core_4D,0.09569228479642546,True
snv_table,GCF_964238335.1,GCF_964238845.1,close_recombination,2,2,0.0,0.9668885713289882,full_core,0.00029974556481126484,0.0002300372939249242,0.00026489142936809453,2.9990942735293942e-05,76.0,286910.0,40.0,1333736.0,0.00026489142936809453,2.9990942735293942e-05,0.0002300372939249242,poisson_thinned_full_core_4D,0.13037426333610885,True
snv_table,GCF_964242805.1,GCF_964245285.1,close_recombination,1,1,3.5087719298245615e-06,0.9951023263949624,full_core,0.00013993353157250307,0.00011894350183662761,0.00012943851670456534,1.580431548123012e-05,37.0,285850.0,21.0,1328751.0,0.00012943851670456534,1.580431548123012e-05,0.00011894350183662761,poisson_thinned_full_core_4D,0.13287245824440086,True
snv_table,GCF_964242805.1,GCF_964249125.1,close_recombination,1,1,0.0,0.999597810691241,full_core,0.0,2.7978386696277127e-05,1.3989193348138563e-05,3.7618903950662057e-06,4.0,285935.0,5.0,1329119.0,1.3989193348138563e-05,3.7618903950662057e-06,2.7978386696277127e-05,poisson_thinned_full_core_4D,0.13445701626415693,False
snv_table,GCF_964242805.1,GCF_964250055.1,close_recombination,1,1,7.017543859649123e-06,0.9951298360518084,full_core,0.00014694460188508933,0.00011895515390697706,0.0001329498778960332,1.5052975182912465e-05,38.0,285822.0,20.0,1328641.0,0.0001329498778960332,1.5052975182912465e-05,0.00011895515390697706,poisson_thinned_full_core_4D,0.12654327860971784,True
snv_table,GCF_964242805.1,GCF_964252495.1,close_recombination,2,2,3.5087719298245615e-06,0.9946821537277404,full_core,9.09631599202323e-05,0.00019592065213588496,0.00014344190602805863,1.7310530597868094e-05,41.0,285830.0,23.0,1328671.0,0.00014344190602805863,1.7310530597868094e-05,0.00019592065213588496,poisson_thinned_full_core_4D,0.08835480287122567,True
snv_table,GCF_964245285.1,GCF_964249125.1,close_recombination,2,2,3.5087719298245615e-06,0.9946825258002449,full_core,0.0001469302081511282,0.00013993353157250307,0.00014343186986181565,1.8062074835691562e-05,41.0,285850.0,24.0,1328751.0,0.00014343186986181565,1.8062074835691562e-05,0.00013993353157250307,poisson_thinned_full_core_4D,0.12907610229456082,True
snv_table,GCF_964245285.1,GCF_964252045.1,close_recombination,1,1,7.017543859649123e-06,0.9951298360518084,full_core,0.00013994723989056127,0.00012595251590150514,0.0001329498778960332,1.580574290378593e-05,38.0,285822.0,21.0,1328631.0,0.0001329498778960332,1.580574290378593e-05,0.00012595251590150514,poisson_thinned_full_core_4D,0.12548969578460836,True
snv_table,GCF_964245285.1,GCF_964252495.1,close_recombination,1,1,0.0,0.999615626528758,full_core,6.988608568034104e-06,2.0965825704102314e-05,1.3977217136068208e-05,3.0069920081669904e-06,4.0,286180.0,4.0,1330233.0,1.3977217136068208e-05,3.0069920081669904e-06,2.0965825704102314e-05,poisson_thinned_full_core_4D,0.14342349548287156,True
snv_table,GCF_964249125.1,GCF_964250055.1,close_recombination,2,2,7.017543859649123e-06,0.9947099943321368,full_core,0.0001539419638796174,0.00013994723989056127,0.00014694460188508933,1.7310921460349333e-05,42.0,285822.0,23.0,1328641.0,0.00014694460188508933,1.7310921460349333e-05,0.00013994723989056127,poisson_thinned_full_core_4D,0.12369605484099917,True
snv_table,GCF_964249125.1,GCF_964252045.1,close_recombination,1,1,3.496503496503497e-06,0.9995801700311374,full_core,2.0991498443130533e-05,1.3994332295420355e-05,1.7492915369275442e-05,3.763158825623499e-06,5.0,285830.0,5.0,1328671.0,1.7492915369275442e-05,3.763158825623499e-06,1.3994332295420355e-05,poisson_thinned_full_core_4D,0.2689059217819912,True
snv_table,GCF_964249125.1,GCF_964252495.1,close_recombination,1,1,3.5087719298245615e-06,0.9951019836966029,full_core,0.00013294615680649338,0.0001259489906587832,0.00012944757373263828,1.6557898832743397e-05,37.0,285830.0,22.0,1328671.0,0.00012944757373263828,1.6557898832743397e-05,0.0001259489906587832,poisson_thinned_full_core_4D,0.13146511731564015,True
snv_table,GCF_964250055.1,GCF_964252045.1,close_recombination,1,1,3.5087719298245615e-06,0.9951298360518084,full_core,0.00013994723989056127,0.00011895515390697706,0.00012945119689876917,1.5052975182912465e-05,37.0,285822.0,20.0,1328641.0,0.00012945119689876917,1.5052975182912465e-05,0.00011895515390697706,poisson_thinned_full_core_4D,0.12654327860971784,True
snv_table,GCF_964250055.1,GCF_964252495.1,close_recombination,1,1,3.484320557491289e-06,0.999615626528758,full_core,2.0965825704102314e-05,1.3977217136068208e-05,1.747152142008526e-05,2.255227052500934e-06,5.0,286180.0,3.0,1330243.0,1.747152142008526e-05,2.255227052500934e-06,1.3977217136068208e-05,poisson_thinned_full_core_4D,0.16135021947117933,True
snv_table,GCF_964252045.1,GCF_964252495.1,close_recombination,2,2,7.017543859649123e-06,0.9946821537277404,full_core,0.0001259489906587832,0.00016793198754504426,0.00014694048910191373,1.7310530597868094e-05,42.0,285830.0,23.0,1328671.0,0.00014694048910191373,1.7310530597868094e-05,0.00016793198754504426,poisson_thinned_full_core_4D,0.10308060334976327,True
snv_table,GCF_000012825.1,GCF_002959625.1,close_no_recombination,0,0,0.0,1.0000104432461787,full_core,0.0,0.0,0.0,0.0,0.0,287267.0,0.0,1335685.0,0.0,0.0,0.0,poisson_thinned_full_core_4D,,False
snv_table,GCF_000012825.1,GCF_016766915.1,close_no_recombination,0,0,0.0,1.000017396447645,full_core,0.0,0.0,0.0,0.0,0.0,287415.0,0.0,1336299.0,0.0,0.0,0.0,poisson_thinned_full_core_4D,,False
snv_table,GCF_000012825.1,GCF_047777885.1,close_no_recombination,0,0,0.0,1.0000243551961812,full_core,0.0,0.0,0.0,0.0,0.0,287413.0,0.0,1336289.0,0.0,0.0,0.0,poisson_thinned_full_core_4D,,False
snv_table,GCF_002959625.1,GCF_016766915.1,close_no_recombination,0,0,0.0,1.0000104432461787,full_core,0.0,0.0,0.0,0.0,0.0,287267.0,0.0,1335685.0,0.0,0.0,0.0,poisson_thinned_full_core_4D,,False
snv_table,GCF_002959625.1,GCF_047777885.1,close_no_recombination,0,0,0.0,1.000017405531478,full_core,0.0,0.0,0.0,0.0,0.0,287265.0,0.0,1335675.0,0.0,0.0,0.0,poisson_thinned_full_core_4D,,False
snv_table,GCF_003437875.1,GCF_003469525.1,close_no_recombination,0,0,3.8732394366197184e-05,1.0000070432951351,full_core,5.63463610815684e-05,2.1129885405588152e-05,3.8738123243578274e-05,1.8190927426537077e-05,11.0,283958.0,24.0,1319339.0,3.8738123243578274e-05,1.8190927426537077e-05,2.1129885405588152e-05,poisson_thinned_full_core_4D,0.8609098950307692,True
snv_table,GCF_003437875.1,GCF_021891215.1,close_no_recombination,0,0,2.8070175438596492e-05,1.0000105627480045,full_core,2.1125496009041713e-05,3.520916001506952e-05,2.8167328012055617e-05,1.818709519504523e-05,8.0,284017.0,24.0,1319617.0,2.8167328012055617e-05,1.818709519504523e-05,3.520916001506952e-05,poisson_thinned_full_core_4D,0.5165444216011161,True
snv_table,GCF_003438765.1,GCF_003438835.1,close_no_recombination,0,0,3.496503496503497e-06,1.0000280119891314,full_core,7.002997282837054e-06,0.0,3.501498641418527e-06,1.5067752147531374e-06,1.0,285592.0,2.0,1327338.0,3.501498641418527e-06,1.5067752147531374e-06,0.0,poisson_thinned_full_core_4D,,False
snv_table,GCF_003459715.1,GCF_003466785.1,close_no_recombination,0,0,1.4035087719298246e-05,1.0000281123933483,full_core,7.028098337151933e-06,3.5140491685759665e-05,2.10842950114558e-05,1.965991373834772e-05,6.0,284572.0,26.0,1322488.0,2.10842950114558e-05,1.965991373834772e-05,3.5140491685759665e-05,poisson_thinned_full_core_4D,0.5594660972349088,True
snv_table,GCF_003459715.1,GCF_027660715.1,close_no_recombination,0,0,1.4035087719298246e-05,1.000003513962731,full_core,2.8111701847290208e-05,0.0,1.4055850923645104e-05,2.4196213141417036e-05,4.0,284579.0,32.0,1322521.0,1.4055850923645104e-05,2.4196213141417036e-05,0.0,poisson_thinned_full_core_4D,,False
snv_table,GCF_003466785.1,GCF_027660715.1,close_no_recombination,0,0,2.105263157894737e-05,1.0000281123933483,full_core,3.5140491685759665e-05,2.10842950114558e-05,2.8112393348607732e-05,2.1172038693413e-05,8.0,284572.0,28.0,1322499.0,2.8112393348607732e-05,2.1172038693413e-05,2.10842950114558e-05,poisson_thinned_full_core_4D,1.004161565843654,True
snv_table,GCF_003467565.1,GCF_021891295.1,close_no_recombination,0,0,3.508771929824561e-05,1.000024565454654,full_core,3.509350664846483e-05,4.21122079781578e-05,3.860285731331132e-05,2.0384450740974784e-05,11.0,284953.0,27.0,1324539.0,3.860285731331132e-05,2.0384450740974784e-05,4.21122079781578e-05,poisson_thinned_full_core_4D,0.48405086599941566,True
snv_table,GCF_003469525.1,GCF_021891215.1,close_no_recombination,0,0,3.859649122807018e-05,1.0000246458913538,full_core,4.225009946377582e-05,3.5208416219813185e-05,3.87292578417945e-05,2.1976406433176188e-05,11.0,284023.0,29.0,1319597.0,3.87292578417945e-05,2.1976406433176188e-05,3.5208416219813185e-05,poisson_thinned_full_core_4D,0.624180488437,True
snv_table,GCF_004167625.1,GCF_012976745.1,close_no_recombination,0,0,6.968641114982578e-06,1.000024443645176,full_core,0.0,1.3967797243455215e-05,6.983898621727607e-06,1.72790071332249e-05,2.0,286373.0,23.0,1331095.0,6.983898621727607e-06,1.72790071332249e-05,1.3967797243455215e-05,poisson_thinned_full_core_4D,1.2370602774407535,False
snv_table,GCF_004167625.1,GCF_040922045.1,close_no_recombination,0,0,1.048951048951049e-05,1.000021013995321,full_core,7.004665106961236e-06,1.4009330213922472e-05,1.0506997660441855e-05,2.2604812866056688e-05,3.0,285524.0,30.0,1327151.0,1.0506997660441855e-05,2.2604812866056688e-05,1.4009330213922472e-05,poisson_thinned_full_core_4D,1.6135541471919925,True
snv_table,GCF_004167625.1,GCF_040922065.1,close_no_recombination,0,0,3.496503496503497e-06,1.00001050725526,full_core,7.0048368398379084e-06,0.0,3.5024184199189542e-06,2.3355526105827657e-05,1.0,285517.0,31.0,1327309.0,3.5024184199189542e-06,2.3355526105827657e-05,0.0,poisson_thinned_full_core_4D,,False
snv_table,GCF_012976745.1,GCF_040922045.1,close_no_recombination,0,0,1.7482517482517483e-05,1.0000280149319587,full_core,7.003732989683501e-06,2.8014931958734004e-05,1.7509332474208752e-05,1.5821080157879313e-05,5.0,285562.0,21.0,1327343.0,1.7509332474208752e-05,1.5821080157879313e-05,2.8014931958734004e-05,poisson_thinned_full_core_4D,0.5647374115055416,True
snv_table,GCF_012976745.1,GCF_040922065.1,close_no_recombination,0,0,1.048951048951049e-05,1.0000280139509476,full_core,7.003487736892973e-06,1.4006975473785946e-05,1.0505231605339459e-05,1.6571743219332294e-05,3.0,285572.0,22.0,1327561.0,1.0505231605339459e-05,1.6571743219332294e-05,1.4006975473785946e-05,poisson_thinned_full_core_4D,1.1831064636577904,True
snv_table,GCF_015553265.1,GCF_028201255.1,close_no_recombination,0,0,3.546099290780142e-06,1.0000319612487616,full_core,7.102499724778136e-06,0.0,3.551249862389068e-06,2.293781405690413e-06,1.0,281591.0,3.0,1307884.0,3.551249862389068e-06,2.293781405690413e-06,0.0,poisson_thinned_full_core_4D,,False
snv_table,GCF_015555055.1,GCF_028395165.1,close_no_recombination,0,0,2.0905923344947736e-05,1.000027954238911,full_core,2.795423891090285e-05,1.3977119455451426e-05,2.096567918317714e-05,7.51696014131885e-07,6.0,286182.0,1.0,1330325.0,2.096567918317714e-05,7.51696014131885e-07,1.3977119455451426e-05,poisson_thinned_full_core_4D,0.05378046717907278,True
snv_table,GCF_015555055.1,GCF_028395175.1,close_no_recombination,0,0,1.3937282229965156e-05,1.0,full_core,2.0943870427254958e-05,6.981290142418319e-06,1.3962580284836637e-05,0.0,4.0,286480.0,0.0,1331639.0,1.3962580284836637e-05,0.0,6.981290142418319e-06,poisson_thinned_full_core_4D,0.0,False
snv_table,GCF_015555055.1,GCF_028395205.1,close_no_recombination,0,0,1.3937282229965156e-05,1.0000279288651803,full_core,2.0946648885289168e-05,6.982216295096389e-06,1.3964432590192778e-05,0.0,4.0,286442.0,0.0,1331465.0,1.3964432590192778e-05,0.0,6.982216295096389e-06,poisson_thinned_full_core_4D,0.0,False
snv_table,GCF_015555645.1,GCF_028396205.1,close_no_recombination,0,0,0.0,1.0000174822118495,full_core,0.0,0.0,0.0,1.5044007482889322e-06,0.0,286005.0,2.0,1329433.0,0.0,1.5044007482889322e-06,0.0,poisson_thinned_full_core_4D,,False
snv_table,GCF_015555645.1,GCF_028396285.1,close_no_recombination,0,0,0.0,1.0,full_core,0.0,0.0,0.0,0.0,0.0,286070.0,0.0,1329727.0,0.0,0.0,0.0,poisson_thinned_full_core_4D,,False
snv_table,GCF_015557505.1,GCF_028201145.1,close_no_recombination,0,0,0.0,1.0000105869773122,full_core,0.0,0.0,0.0,0.0,0.0,283367.0,0.0,1317201.0,0.0,0.0,0.0,poisson_thinned_full_core_4D,,False
snv_table,GCF_015667615.1,GCF_028200875.1,close_no_recombination,0,0,7.017543859649123e-06,1.0000105542010995,full_core,1.4072268132997007e-05,0.0,7.0361340664985034e-06,3.7855930926554194e-06,2.0,284247.0,5.0,1320797.0,7.0361340664985034e-06,3.7855930926554194e-06,0.0,poisson_thinned_full_core_4D,,False
snv_table,GCF_015667615.1,GCF_028200955.1,close_no_recombination,0,0,3.5087719298245615e-06,1.0000281450313466,full_core,0.0,7.036257836632166e-06,3.518128918316083e-06,0.0,1.0,284242.0,0.0,1320778.0,3.518128918316083e-06,0.0,7.036257836632166e-06,poisson_thinned_full_core_4D,0.0,False
snv_table,GCF_015667615.1,GCF_028201015.1,close_no_recombination,0,0,3.5087719298245615e-06,1.0000140723176405,full_core,7.036158820176889e-06,0.0,3.5180794100884445e-06,3.785607423424733e-06,1.0,284246.0,5.0,1320792.0,3.5180794100884445e-06,3.785607423424733e-06,0.0,poisson_thinned_full_core_4D,,False
snv_table,GCF_015667615.1,GCF_028395295.1,close_no_recombination,0,0,3.5087719298245615e-06,1.000024630281876,full_core,7.0372233931380035e-06,0.0,3.5186116965690017e-06,4.543372166544879e-06,1.0,284203.0,6.0,1320605.0,3.5186116965690017e-06,4.543372166544879e-06,0.0,poisson_thinned_full_core_4D,,False
snv_table,GCF_015667615.1,GCF_028395405.1,close_no_recombination,0,0,3.5087719298245615e-06,1.0000246276822184,full_core,0.0,7.036480633846176e-06,3.518240316923088e-06,7.571713592361655e-06,1.0,284233.0,10.0,1320705.0,3.518240316923088e-06,7.571713592361655e-06,7.036480633846176e-06,poisson_thinned_full_core_4D,1.0760654347488652,False
snv_table,GCF_015667615.1,GCF_028395425.1,close_no_recombination,0,0,3.5087719298245615e-06,1.000024632015286,full_core,0.0,7.037718653121405e-06,3.5188593265607023e-06,3.7863671094949212e-06,1.0,284183.0,5.0,1320527.0,3.5188593265607023e-06,3.7863671094949212e-06,7.037718653121405e-06,poisson_thinned_full_core_4D,0.5380105821387976,False
snv_table,GCF_015667615.1,GCF_028395455.1,close_no_recombination,0,0,3.5087719298245615e-06,1.0000070373472016,full_core,0.0,7.037347201598885e-06,3.5186736007994426e-06,1.5144791781830188e-06,1.0,284198.0,2.0,1320586.0,3.5186736007994426e-06,1.5144791781830188e-06,7.037347201598885e-06,poisson_thinned_full_core_4D,0.21520597674062877,False
snv_table,GCF_015667615.1,GCF_028395505.1,close_no_recombination,0,0,3.5087719298245615e-06,1.0000105542010995,full_core,0.0,7.0361340664985034e-06,3.5180670332492517e-06,3.7855930926554194e-06,1.0,284247.0,5.0,1320797.0,3.5180670332492517e-06,3.7855930926554194e-06,7.0361340664985034e-06,poisson_thinned_full_core_4D,0.5380217399040125,False
snv_table,GCF_015667615.1,GCF_028395525.1,close_no_recombination,0,0,3.5087719298245615e-06,1.0000246311485506,full_core,0.0,7.037471014416259e-06,3.5187355072081296e-06,3.786246686087588e-06,1.0,284193.0,5.0,1320569.0,3.5187355072081296e-06,3.786246686087588e-06,7.037471014416259e-06,poisson_thinned_full_core_4D,0.538012402229645,False
snv_table,GCF_015667615.1,GCF_028395605.1,close_no_recombination,0,0,7.017543859649123e-06,1.0000175923156764,full_core,7.036926270604999e-06,7.036926270604999e-06,7.036926270604999e-06,5.3003038588483654e-06,2.0,284215.0,7.0,1320679.0,7.036926270604999e-06,5.3003038588483654e-06,7.036926270604999e-06,poisson_thinned_full_core_4D,0.7532129306212941,True
snv_table,GCF_015667615.1,GCF_028395635.1,close_no_recombination,0,0,3.5087719298245615e-06,1.000017593553722,full_core,0.0,7.037421488766516e-06,3.518710744383258e-06,7.572499106445106e-07,1.0,284195.0,1.0,1320568.0,3.518710744383258e-06,7.572499106445106e-07,7.037421488766516e-06,poisson_thinned_full_core_4D,0.10760331917780834,False
snv_table,GCF_015667825.1,GCF_028199695.1,close_no_recombination,0,0,3.846153846153846e-05,1.0,full_core,4.911763673999228e-05,2.8067220994281303e-05,3.859242886713679e-05,6.79522733433047e-06,11.0,285030.0,9.0,1324459.0,3.859242886713679e-05,6.79522733433047e-06,2.8067220994281303e-05,poisson_thinned_full_core_4D,0.24210545588802673,True
snv_table,GCF_015668525.1,GCF_028396215.1,close_no_recombination,0,0,0.0,1.000003517918518,full_core,0.0,0.0,0.0,0.0,0.0,284259.0,0.0,1321589.0,0.0,0.0,0.0,poisson_thinned_full_core_4D,,False
snv_table,GCF_016766915.1,GCF_047777885.1,close_no_recombination,0,0,0.0,1.0000243551961812,full_core,0.0,0.0,0.0,0.0,0.0,287413.0,0.0,1336289.0,0.0,0.0,0.0,poisson_thinned_full_core_4D,,False
snv_table,GCF_019041415.1,GCF_019041435.1,close_no_recombination,0,0,3.484320557491289e-06,1.0000034890739649,full_core,0.0,6.978147929757963e-06,3.4890739648789815e-06,3.0019234824713936e-06,1.0,286609.0,4.0,1332479.0,3.4890739648789815e-06,3.0019234824713936e-06,6.978147929757963e-06,poisson_thinned_full_core_4D,0.43018914369382183,False
snv_table,GCF_019041415.1,GCF_019041515.1,close_no_recombination,0,0,0.0,1.0000314145994116,full_core,0.0,0.0,0.0,3.0030796581894734e-06,0.0,286491.0,4.0,1331966.0,0.0,3.0030796581894734e-06,0.0,poisson_thinned_full_core_4D,,False
snv_table,GCF_019041415.1,GCF_019041605.1,close_no_recombination,0,0,3.484320557491289e-06,1.0000034890739649,full_core,6.978147929757963e-06,6.978147929757963e-06,6.978147929757963e-06,2.251442611853545e-06,2.0,286609.0,3.0,1332479.0,6.978147929757963e-06,2.251442611853545e-06,6.978147929757963e-06,poisson_thinned_full_core_4D,0.32264185777036636,True
snv_table,GCF_019041415.1,GCF_019041715.1,close_no_recombination,0,0,0.0,1.0000034890739649,full_core,0.0,0.0,0.0,3.0019234824713936e-06,0.0,286609.0,4.0,1332479.0,0.0,3.0019234824713936e-06,0.0,poisson_thinned_full_core_4D,,False
snv_table,GCF_019041415.1,GCF_019041755.1,close_no_recombination,0,0,1.0452961672473868e-05,1.0000314145994116,full_core,1.3962044182888816e-05,1.3962044182888816e-05,1.3962044182888816e-05,6.756959668458512e-06,4.0,286491.0,9.0,1331960.0,1.3962044182888816e-05,6.756959668458512e-06,1.3962044182888816e-05,poisson_thinned_full_core_4D,0.4839520330940869,True
snv_table,GCF_019041415.1,GCF_019041765.1,close_no_recombination,0,0,0.0,1.0000034890739649,full_core,0.0,0.0,0.0,3.0019234824713936e-06,0.0,286609.0,4.0,1332479.0,0.0,3.0019234824713936e-06,0.0,poisson_thinned_full_core_4D,,False
snv_table,GCF_019041415.1,GCF_019041815.1,close_no_recombination,0,0,6.968641114982578e-06,1.0000314145994116,full_core,6.981022091444408e-06,1.3962044182888816e-05,1.0471533137166613e-05,3.0030796581894734e-06,3.0,286491.0,4.0,1331966.0,1.0471533137166613e-05,3.0030796581894734e-06,1.3962044182888816e-05,poisson_thinned_full_core_4D,0.2150888235885901,True
snv_table,GCF_019041415.1,GCF_019041855.1,close_no_recombination,0,0,0.0,1.0,full_core,0.0,0.0,0.0,4.5030271600083155e-06,0.0,286600.0,6.0,1332437.0,0.0,4.5030271600083155e-06,0.0,poisson_thinned_full_core_4D,,False
snv_table,GCF_019041435.1,GCF_019041515.1,close_no_recombination,0,0,0.0,1.0000314145994116,full_core,0.0,0.0,0.0,3.0030796581894734e-06,0.0,286491.0,4.0,1331966.0,0.0,3.0030796581894734e-06,0.0,poisson_thinned_full_core_4D,,False
snv_table,GCF_019041435.1,GCF_019041715.1,close_no_recombination,0,0,3.484320557491289e-06,1.0000034890739649,full_core,0.0,6.978147929757963e-06,3.4890739648789815e-06,3.0019234824713936e-06,1.0,286609.0,4.0,1332479.0,3.4890739648789815e-06,3.0019234824713936e-06,6.978147929757963e-06,poisson_thinned_full_core_4D,0.43018914369382183,False
snv_table,GCF_019041435.1,GCF_019041755.1,close_no_recombination,0,0,1.0452961672473868e-05,1.0000314145994116,full_core,1.3962044182888816e-05,1.3962044182888816e-05,1.3962044182888816e-05,9.760052854440073e-06,4.0,286491.0,13.0,1331960.0,1.3962044182888816e-05,9.760052854440073e-06,1.3962044182888816e-05,poisson_thinned_full_core_4D,0.6990418255803478,True
snv_table,GCF_019041435.1,GCF_019041765.1,close_no_recombination,0,0,3.484320557491289e-06,1.0000034890739649,full_core,0.0,6.978147929757963e-06,3.4890739648789815e-06,3.0019234824713936e-06,1.0,286609.0,4.0,1332479.0,3.4890739648789815e-06,3.0019234824713936e-06,6.978147929757963e-06,poisson_thinned_full_core_4D,0.43018914369382183,False
snv_table,GCF_019041435.1,GCF_019041815.1,close_no_recombination,0,0,6.968641114982578e-06,1.0000314145994116,full_core,0.0,2.0943066274333226e-05,1.0471533137166613e-05,4.50461948728421e-06,3.0,286491.0,6.0,1331966.0,1.0471533137166613e-05,4.50461948728421e-06,2.0943066274333226e-05,poisson_thinned_full_core_4D,0.2150888235885901,False
snv_table,GCF_019041435.1,GCF_019041855.1,close_no_recombination,0,0,3.484320557491289e-06,1.0,full_core,0.0,6.978367062107467e-06,3.4891835310537333e-06,4.5030271600083155e-06,1.0,286600.0,6.0,1332437.0,3.4891835310537333e-06,4.5030271600083155e-06,6.978367062107467e-06,poisson_thinned_full_core_4D,0.6452837920291916,False
snv_table,GCF_019041515.1,GCF_019041605.1,close_no_recombination,0,0,3.484320557491289e-06,1.0000314145994116,full_core,0.0,1.3962044182888816e-05,6.981022091444408e-06,2.252309743642105e-06,2.0,286491.0,3.0,1331966.0,6.981022091444408e-06,2.252309743642105e-06,1.3962044182888816e-05,poisson_thinned_full_core_4D,0.1613166176914426,False
snv_table,GCF_019041515.1,GCF_019041655.1,close_no_recombination,0,0,3.484320557491289e-06,1.000027925940406,full_core,0.0,1.3962970203021586e-05,6.981485101510793e-06,6.006668904150833e-06,2.0,286472.0,8.0,1331853.0,6.981485101510793e-06,6.006668904150833e-06,1.3962970203021586e-05,poisson_thinned_full_core_4D,0.43018561357747437,False
snv_table,GCF_019041515.1,GCF_019041715.1,close_no_recombination,0,0,0.0,1.0000314145994116,full_core,0.0,0.0,0.0,0.0,0.0,286491.0,0.0,1331966.0,0.0,0.0,0.0,poisson_thinned_full_core_4D,,False
snv_table,GCF_019041515.1,GCF_019041755.1,close_no_recombination,0,0,1.0452961672473868e-05,1.0000314145994116,full_core,6.981022091444408e-06,2.0943066274333226e-05,1.3962044182888816e-05,8.258506261449293e-06,4.0,286491.0,11.0,1331960.0,1.3962044182888816e-05,8.258506261449293e-06,2.0943066274333226e-05,poisson_thinned_full_core_4D,0.39433128622481156,True
snv_table,GCF_019041515.1,GCF_019041765.1,close_no_recombination,0,0,0.0,1.0000314145994116,full_core,0.0,0.0,0.0,3.0030796581894734e-06,0.0,286491.0,4.0,1331966.0,0.0,3.0030796581894734e-06,0.0,poisson_thinned_full_core_4D,,False
snv_table,GCF_019041515.1,GCF_019041815.1,close_no_recombination,0,0,6.968641114982578e-06,1.0000314145994116,full_core,0.0,2.0943066274333226e-05,1.0471533137166613e-05,4.50461948728421e-06,3.0,286491.0,6.0,1331966.0,1.0471533137166613e-05,4.50461948728421e-06,2.0943066274333226e-05,poisson_thinned_full_core_4D,0.2150888235885901,False
snv_table,GCF_019041515.1,GCF_019041855.1,close_no_recombination,0,0,0.0,1.0000279249656174,full_core,0.0,0.0,0.0,2.252380766470159e-06,0.0,286482.0,3.0,1331924.0,0.0,2.252380766470159e-06,0.0,poisson_thinned_full_core_4D,,False
snv_table,GCF_019041605.1,GCF_019041715.1,close_no_recombination,0,0,3.484320557491289e-06,1.0000034890739649,full_core,6.978147929757963e-06,6.978147929757963e-06,6.978147929757963e-06,2.251442611853545e-06,2.0,286609.0,3.0,1332479.0,6.978147929757963e-06,2.251442611853545e-06,6.978147929757963e-06,poisson_thinned_full_core_4D,0.32264185777036636,True
snv_table,GCF_019041605.1,GCF_019041755.1,close_no_recombination,0,0,6.968641114982578e-06,1.0000314145994116,full_core,0.0,1.3962044182888816e-05,6.981022091444408e-06,7.507732964953902e-06,2.0,286491.0,10.0,1331960.0,6.981022091444408e-06,7.507732964953902e-06,1.3962044182888816e-05,poisson_thinned_full_core_4D,0.5377244812156521,False
snv_table,GCF_019041605.1,GCF_019041765.1,close_no_recombination,0,0,3.484320557491289e-06,1.0000034890739649,full_core,0.0,1.3956295859515926e-05,6.978147929757963e-06,3.752404353089242e-06,2.0,286609.0,5.0,1332479.0,6.978147929757963e-06,3.752404353089242e-06,1.3956295859515926e-05,poisson_thinned_full_core_4D,0.26886821480863865,False
snv_table,GCF_019041605.1,GCF_019041815.1,close_no_recombination,0,0,3.484320557491289e-06,1.0000314145994116,full_core,0.0,6.981022091444408e-06,3.490511045722204e-06,5.2553894018315785e-06,1.0,286491.0,7.0,1331966.0,3.490511045722204e-06,5.2553894018315785e-06,6.981022091444408e-06,poisson_thinned_full_core_4D,0.7528108825600655,False
snv_table,GCF_019041605.1,GCF_019041855.1,close_no_recombination,0,0,3.484320557491289e-06,1.0,full_core,1.3956734124214933e-05,0.0,6.978367062107467e-06,6.754540740012474e-06,2.0,286600.0,9.0,1332437.0,6.978367062107467e-06,6.754540740012474e-06,0.0,poisson_thinned_full_core_4D,,False
snv_table,GCF_019041655.1,GCF_019041755.1,close_no_recombination,0,0,6.968641114982578e-06,1.0000279249656174,full_core,0.0,1.3962482808693042e-05,6.981241404346521e-06,8.25896510662324e-06,2.0,286482.0,11.0,1331886.0,6.981241404346521e-06,8.25896510662324e-06,1.3962482808693042e-05,poisson_thinned_full_core_4D,0.5915112104189097,False
snv_table,GCF_019041655.1,GCF_019041815.1,close_no_recombination,0,0,3.484320557491289e-06,1.000027925940406,full_core,0.0,6.981485101510793e-06,3.4907425507553966e-06,7.508336130188542e-06,1.0,286472.0,10.0,1331853.0,3.4907425507553966e-06,7.508336130188542e-06,6.981485101510793e-06,poisson_thinned_full_core_4D,1.075464033943686,False
snv_table,GCF_019041715.1,GCF_019041755.1,close_no_recombination,0,0,1.0452961672473868e-05,1.0000314145994116,full_core,1.3962044182888816e-05,1.3962044182888816e-05,1.3962044182888816e-05,8.258506261449293e-06,4.0,286491.0,11.0,1331960.0,1.3962044182888816e-05,8.258506261449293e-06,1.3962044182888816e-05,poisson_thinned_full_core_4D,0.5914969293372174,True
snv_table,GCF_019041715.1,GCF_019041765.1,close_no_recombination,0,0,0.0,1.0000034890739649,full_core,0.0,0.0,0.0,3.0019234824713936e-06,0.0,286609.0,4.0,1332479.0,0.0,3.0019234824713936e-06,0.0,poisson_thinned_full_core_4D,,False
snv_table,GCF_019041715.1,GCF_019041815.1,close_no_recombination,0,0,6.968641114982578e-06,1.0000314145994116,full_core,1.3962044182888816e-05,6.981022091444408e-06,1.0471533137166613e-05,4.50461948728421e-06,3.0,286491.0,6.0,1331966.0,1.0471533137166613e-05,4.50461948728421e-06,6.981022091444408e-06,poisson_thinned_full_core_4D,0.6452664707657704,True
snv_table,GCF_019041715.1,GCF_019041855.1,close_no_recombination,0,0,0.0,1.0,full_core,0.0,0.0,0.0,4.5030271600083155e-06,0.0,286600.0,6.0,1332437.0,0.0,4.5030271600083155e-06,0.0,poisson_thinned_full_core_4D,,False
snv_table,GCF_019041755.1,GCF_019041765.1,close_no_recombination,0,0,1.0452961672473868e-05,1.0000314145994116,full_core,1.3962044182888816e-05,1.3962044182888816e-05,1.3962044182888816e-05,8.258506261449293e-06,4.0,286491.0,11.0,1331960.0,1.3962044182888816e-05,8.258506261449293e-06,1.3962044182888816e-05,poisson_thinned_full_core_4D,0.5914969293372174,True
snv_table,GCF_019041755.1,GCF_019041815.1,close_no_recombination,0,0,1.0452961672473868e-05,1.0000314145994116,full_core,1.3962044182888816e-05,6.981022091444408e-06,1.0471533137166613e-05,8.258506261449293e-06,3.0,286491.0,11.0,1331960.0,1.0471533137166613e-05,8.258506261449293e-06,6.981022091444408e-06,poisson_thinned_full_core_4D,1.1829938586744349,True
snv_table,GCF_019041755.1,GCF_019041855.1,close_no_recombination,0,0,1.0452961672473868e-05,1.0000279249656174,full_core,2.0943724213039564e-05,6.981241404346521e-06,1.3962482808693042e-05,7.5079697098470025e-06,4.0,286482.0,10.0,1331918.0,1.3962482808693042e-05,7.5079697098470025e-06,6.981241404346521e-06,poisson_thinned_full_core_4D,1.0754490892081945,True
snv_table,GCF_019041765.1,GCF_019041815.1,close_no_recombination,0,0,6.968641114982578e-06,1.0000314124065044,full_core,6.980534778769402e-06,1.3961069557538803e-05,1.0470802168154102e-05,3.0028564672144376e-06,3.0,286511.0,4.0,1332065.0,1.0470802168154102e-05,3.0028564672144376e-06,1.3961069557538803e-05,poisson_thinned_full_core_4D,0.21508785231951894,True
snv_table,GCF_019041765.1,GCF_019041855.1,close_no_recombination,0,0,0.0,1.0,full_core,0.0,0.0,0.0,3.0020181066722105e-06,0.0,286600.0,4.0,1332437.0,0.0,3.0020181066722105e-06,0.0,poisson_thinned_full_core_4D,,False
snv_table,GCF_019041815.1,GCF_019041855.1,close_no_recombination,0,0,6.968641114982578e-06,1.0000279249656174,full_core,6.981241404346521e-06,1.3962482808693042e-05,1.0471862106519782e-05,2.252380766470159e-06,3.0,286482.0,3.0,1331924.0,1.0471862106519782e-05,2.252380766470159e-06,1.3962482808693042e-05,poisson_thinned_full_core_4D,0.161316636684976,True
snv_table,GCF_019127815.1,GCF_019127895.1,close_no_recombination,0,0,3.484320557491289e-06,1.0000034919980865,full_core,6.983996172770097e-06,0.0,3.4919980863850487e-06,7.5118330149568105e-06,1.0,286369.0,10.0,1331233.0,3.4919980863850487e-06,7.5118330149568105e-06,0.0,poisson_thinned_full_core_4D,,False
snv_table,GCF_019128075.1,GCF_019128415.1,close_no_recombination,0,0,3.484320557491289e-06,1.0,full_core,0.0,6.9878760350791375e-06,3.4939380175395687e-06,1.503746961491296e-06,1.0,286210.0,2.0,1330011.0,3.4939380175395687e-06,1.503746961491296e-06,6.9878760350791375e-06,poisson_thinned_full_core_4D,0.2151937089242119,False
snv_table,GCF_019128215.1,GCF_019128325.1,close_no_recombination,0,0,1.7421602787456446e-05,1.000020950891111,full_core,1.396726074082351e-05,2.793452148164702e-05,2.0950891111235265e-05,1.2022048436833152e-05,6.0,286384.0,16.0,1330888.0,2.0950891111235265e-05,1.2022048436833152e-05,2.793452148164702e-05,poisson_thinned_full_core_4D,0.43036528994175316,True
snv_table,GCF_019128215.1,GCF_019128615.1,close_no_recombination,0,0,1.0452961672473868e-05,1.0000104757016102,full_core,1.396760214682045e-05,1.396760214682045e-05,1.396760214682045e-05,1.1271034568263021e-05,4.0,286377.0,15.0,1330845.0,1.396760214682045e-05,1.1271034568263021e-05,1.396760214682045e-05,poisson_thinned_full_core_4D,0.8069412666388648,True
snv_table,GCF_019128215.1,GCF_019128655.1,close_no_recombination,0,0,6.968641114982578e-06,1.000003493339947,full_core,1.3973359789561201e-05,1.3973359789561201e-05,1.3973359789561201e-05,2.255154154820843e-06,4.0,286259.0,3.0,1330286.0,1.3973359789561201e-05,2.255154154820843e-06,1.3973359789561201e-05,poisson_thinned_full_core_4D,0.16138954330121494,True
snv_table,GCF_019128215.1,GCF_019128665.1,close_no_recombination,0,0,1.0452961672473868e-05,1.000020950891111,full_core,0.0,2.793452148164702e-05,1.396726074082351e-05,3.00550081787191e-06,4.0,286384.0,4.0,1330893.0,1.396726074082351e-05,3.00550081787191e-06,2.793452148164702e-05,poisson_thinned_full_core_4D,0.10759091827817864,False
snv_table,GCF_019128215.1,GCF_019128745.1,close_no_recombination,0,0,3.484320557491289e-06,1.000003493339947,full_core,0.0,1.3973359789561201e-05,6.986679894780601e-06,1.5034304524348432e-06,2.0,286259.0,2.0,1330291.0,6.986679894780601e-06,1.5034304524348432e-06,1.3973359789561201e-05,poisson_thinned_full_core_4D,0.10759262447088645,False
snv_table,GCF_019128215.1,GCF_019128755.1,close_no_recombination,0,0,1.0452961672473868e-05,1.000003493339947,full_core,2.0960039684341804e-05,1.3973359789561201e-05,1.7466699736951502e-05,2.2551456786522646e-06,5.0,286259.0,3.0,1330291.0,1.7466699736951502e-05,2.2551456786522646e-06,1.3973359789561201e-05,poisson_thinned_full_core_4D,0.16138893670632964,True
snv_table,GCF_019128215.1,GCF_019128815.1,close_no_recombination,0,0,1.0452961672473868e-05,1.000003493339947,full_core,1.3973359789561201e-05,2.0960039684341804e-05,1.7466699736951502e-05,2.2551456786522646e-06,5.0,286259.0,3.0,1330291.0,1.7466699736951502e-05,2.2551456786522646e-06,2.0960039684341804e-05,poisson_thinned_full_core_4D,0.10759262447088642,True
snv_table,GCF_019128215.1,GCF_040911985.1,close_no_recombination,0,0,1.0452961672473868e-05,1.0000209757939338,full_core,1.3983862622533596e-05,1.3983862622533596e-05,1.3983862622533596e-05,3.0842744131603735e-05,4.0,286044.0,41.0,1329324.0,1.3983862622533596e-05,3.0842744131603735e-05,1.3983862622533596e-05,poisson_thinned_full_core_4D,2.2055954755951146,True
snv_table,GCF_019128325.1,GCF_019128655.1,close_no_recombination,0,0,6.968641114982578e-06,1.000003493339947,full_core,0.0,1.3973359789561201e-05,6.986679894780601e-06,9.772334670890319e-06,2.0,286259.0,13.0,1330286.0,6.986679894780601e-06,9.772334670890319e-06,1.3973359789561201e-05,poisson_thinned_full_core_4D,0.699354687638598,False
snv_table,GCF_019128325.1,GCF_019128665.1,close_no_recombination,0,0,6.968641114982578e-06,1.0000314145994116,full_core,6.981022091444408e-06,6.981022091444408e-06,6.981022091444408e-06,1.1266683141061127e-05,2.0,286491.0,15.0,1331359.0,6.981022091444408e-06,1.1266683141061127e-05,6.981022091444408e-06,poisson_thinned_full_core_4D,1.6139016598828717,True
snv_table,GCF_019128325.1,GCF_019128745.1,close_no_recombination,0,0,1.0452961672473868e-05,1.000003493339947,full_core,0.0,2.7946719579122403e-05,1.3973359789561201e-05,1.0524052722497268e-05,4.0,286259.0,14.0,1330286.0,1.3973359789561201e-05,1.0524052722497268e-05,2.7946719579122403e-05,poisson_thinned_full_core_4D,0.37657560103616816,False
snv_table,GCF_019128325.1,GCF_019128755.1,close_no_recombination,0,0,1.0452961672473868e-05,1.0000139681386755,full_core,6.984069337840386e-06,1.3968138675680772e-05,1.0476104006760579e-05,9.768875910478021e-06,3.0,286366.0,13.0,1330757.0,1.0476104006760579e-05,9.768875910478021e-06,1.3968138675680772e-05,poisson_thinned_full_core_4D,0.6993684797449873,True
snv_table,GCF_019128325.1,GCF_019128815.1,close_no_recombination,0,0,1.0452961672473868e-05,1.000003493339947,full_core,6.986679894780601e-06,1.3973359789561201e-05,1.0480019842170902e-05,9.772334670890319e-06,3.0,286259.0,13.0,1330286.0,1.0480019842170902e-05,9.772334670890319e-06,1.3973359789561201e-05,poisson_thinned_full_core_4D,0.699354687638598,True
snv_table,GCF_019128325.1,GCF_040911985.1,close_no_recombination,0,0,1.3937282229965156e-05,1.0000314519257316,full_core,1.3978633658453054e-05,1.3978633658453054e-05,1.3978633658453054e-05,2.481592972128703e-05,4.0,286151.0,33.0,1329791.0,1.3978633658453054e-05,2.481592972128703e-05,1.3978633658453054e-05,poisson_thinned_full_core_4D,1.7752757764190013,True
snv_table,GCF_019128615.1,GCF_019128655.1,close_no_recombination,0,0,1.0452961672473868e-05,1.0000279474029876,full_core,6.986850746894345e-06,2.0960552240683036e-05,1.397370149378869e-05,1.0524392911671026e-05,4.0,286252.0,14.0,1330243.0,1.397370149378869e-05,1.0524392911671026e-05,2.0960552240683036e-05,poisson_thinned_full_core_4D,0.5021047532919424,True
snv_table,GCF_019128615.1,GCF_019128665.1,close_no_recombination,0,0,1.3937282229965156e-05,1.0000104757016102,full_core,1.396760214682045e-05,1.396760214682045e-05,1.396760214682045e-05,1.1271034568263021e-05,4.0,286377.0,15.0,1330845.0,1.396760214682045e-05,1.1271034568263021e-05,1.396760214682045e-05,poisson_thinned_full_core_4D,0.8069412666388648,True
snv_table,GCF_019128615.1,GCF_019128745.1,close_no_recombination,0,0,6.968641114982578e-06,1.0000279474029876,full_core,1.397370149378869e-05,0.0,6.986850746894345e-06,9.772650560837381e-06,2.0,286252.0,13.0,1330243.0,6.986850746894345e-06,9.772650560837381e-06,0.0,poisson_thinned_full_core_4D,,False
snv_table,GCF_019128615.1,GCF_019128755.1,close_no_recombination,0,0,1.3937282229965156e-05,1.0000279474029876,full_core,2.0960552240683036e-05,1.397370149378869e-05,1.746712686723586e-05,1.0524392911671026e-05,5.0,286252.0,14.0,1330243.0,1.746712686723586e-05,1.0524392911671026e-05,1.397370149378869e-05,poisson_thinned_full_core_4D,0.7531571299379136,True
snv_table,GCF_019128615.1,GCF_019128815.1,close_no_recombination,0,0,1.3937282229965156e-05,1.0000279474029876,full_core,1.397370149378869e-05,2.0960552240683036e-05,1.746712686723586e-05,1.0524392911671026e-05,5.0,286252.0,14.0,1330243.0,1.746712686723586e-05,1.0524392911671026e-05,2.0960552240683036e-05,poisson_thinned_full_core_4D,0.5021047532919424,True
snv_table,GCF_019128615.1,GCF_040911985.1,close_no_recombination,0,0,6.968641114982578e-06,1.0000104881536305,full_core,6.992102420316253e-06,6.992102420316253e-06,6.992102420316253e-06,2.4073236804669005e-05,2.0,286037.0,32.0,1329277.0,6.992102420316253e-06,2.4073236804669005e-05,6.992102420316253e-06,poisson_thinned_full_core_4D,3.442918217948554,True
snv_table,GCF_019128655.1,GCF_019128665.1,close_no_recombination,0,0,0.0,1.000003493339947,full_core,0.0,0.0,0.0,7.517180516069477e-07,0.0,286259.0,1.0,1330286.0,0.0,7.517180516069477e-07,0.0,poisson_thinned_full_core_4D,,False
snv_table,GCF_019128655.1,GCF_019128745.1,close_no_recombination,0,0,3.484320557491289e-06,1.000003493339947,full_core,1.3973359789561201e-05,0.0,6.986679894780601e-06,7.517180516069477e-07,2.0,286259.0,1.0,1330286.0,6.986679894780601e-06,7.517180516069477e-07,0.0,poisson_thinned_full_core_4D,,False
snv_table,GCF_019128655.1,GCF_019128755.1,close_no_recombination,0,0,3.484320557491289e-06,1.000003493339947,full_core,0.0,6.986679894780601e-06,3.4933399473903003e-06,0.0,1.0,286259.0,0.0,1330286.0,3.4933399473903003e-06,0.0,6.986679894780601e-06,poisson_thinned_full_core_4D,0.0,False
snv_table,GCF_019128655.1,GCF_019128815.1,close_no_recombination,0,0,3.484320557491289e-06,1.000003493339947,full_core,0.0,6.986679894780601e-06,3.4933399473903003e-06,0.0,1.0,286259.0,0.0,1330286.0,3.4933399473903003e-06,0.0,6.986679894780601e-06,poisson_thinned_full_core_4D,0.0,False
snv_table,GCF_019128655.1,GCF_040911985.1,close_no_recombination,0,0,1.048951048951049e-05,1.0000034974940455,full_core,2.79799523641311e-05,0.0,1.398997618206555e-05,3.010422836465553e-05,4.0,285919.0,40.0,1328717.0,1.398997618206555e-05,3.010422836465553e-05,0.0,poisson_thinned_full_core_4D,,False
snv_table,GCF_019128665.1,GCF_019128745.1,close_no_recombination,0,0,3.484320557491289e-06,1.000003493339947,full_core,1.3973359789561201e-05,0.0,6.986679894780601e-06,1.5034304524348432e-06,2.0,286259.0,2.0,1330291.0,6.986679894780601e-06,1.5034304524348432e-06,0.0,poisson_thinned_full_core_4D,,False
snv_table,GCF_019128665.1,GCF_019128755.1,close_no_recombination,0,0,3.484320557491289e-06,1.0000279327658326,full_core,6.983191458160208e-06,0.0,3.491595729080104e-06,1.5027041160568443e-06,1.0,286402.0,2.0,1330934.0,3.491595729080104e-06,1.5027041160568443e-06,0.0,poisson_thinned_full_core_4D,,False
snv_table,GCF_019128665.1,GCF_019128815.1,close_no_recombination,0,0,3.484320557491289e-06,1.000003493339947,full_core,0.0,6.986679894780601e-06,3.4933399473903003e-06,7.517152262174216e-07,1.0,286259.0,1.0,1330291.0,3.4933399473903003e-06,7.517152262174216e-07,6.986679894780601e-06,poisson_thinned_full_core_4D,0.10759262447088645,False
snv_table,GCF_019128665.1,GCF_040911985.1,close_no_recombination,0,0,1.3937282229965156e-05,1.0000104826564449,full_core,0.0,2.7953750519765047e-05,1.3976875259882524e-05,3.1579730925654546e-05,4.0,286187.0,42.0,1329967.0,1.3976875259882524e-05,3.1579730925654546e-05,2.7953750519765047e-05,poisson_thinned_full_core_4D,1.1297135568025372,False
snv_table,GCF_019128745.1,GCF_019128755.1,close_no_recombination,0,0,6.968641114982578e-06,1.000003493339947,full_core,1.3973359789561201e-05,6.986679894780601e-06,1.0480019842170902e-05,7.517152262174216e-07,3.0,286259.0,1.0,1330291.0,1.0480019842170902e-05,7.517152262174216e-07,6.986679894780601e-06,poisson_thinned_full_core_4D,0.10759262447088645,True
snv_table,GCF_019128745.1,GCF_019128815.1,close_no_recombination,0,0,6.968641114982578e-06,1.000003493339947,full_core,1.3973359789561201e-05,6.986679894780601e-06,1.0480019842170902e-05,7.517152262174216e-07,3.0,286259.0,1.0,1330291.0,1.0480019842170902e-05,7.517152262174216e-07,6.986679894780601e-06,poisson_thinned_full_core_4D,0.10759262447088645,True
snv_table,GCF_019128745.1,GCF_040911985.1,close_no_recombination,0,0,6.993006993006993e-06,1.0000034974940455,full_core,1.398997618206555e-05,0.0,6.994988091032775e-06,2.9351512204960856e-05,2.0,285919.0,39.0,1328722.0,6.994988091032775e-06,2.9351512204960856e-05,0.0,poisson_thinned_full_core_4D,,False
snv_table,GCF_019128755.1,GCF_019128815.1,close_no_recombination,0,0,0.0,1.000003493339947,full_core,0.0,0.0,0.0,0.0,0.0,286259.0,0.0,1330291.0,0.0,0.0,0.0,poisson_thinned_full_core_4D,,False
snv_table,GCF_019128755.1,GCF_040911985.1,close_no_recombination,0,0,1.3937282229965156e-05,1.00002796596542,full_core,6.9914913550209395e-06,2.7965965420083758e-05,1.7478728387552348e-05,3.0089554035197256e-05,5.0,286062.0,40.0,1329365.0,1.7478728387552348e-05,3.0089554035197256e-05,2.7965965420083758e-05,poisson_thinned_full_core_4D,1.0759347508020747,True
snv_table,GCF_019128815.1,GCF_040911985.1,close_no_recombination,0,0,1.3986013986013986e-05,1.0000034974940455,full_core,2.79799523641311e-05,6.994988091032775e-06,1.7487470227581937e-05,3.0104115082011136e-05,5.0,285919.0,40.0,1328722.0,1.7487470227581937e-05,3.0104115082011136e-05,6.994988091032775e-06,poisson_thinned_full_core_4D,4.303669240066771,True
snv_table,GCF_019129475.1,GCF_019129485.1,close_no_recombination,0,0,0.0,1.0000212101073231,full_core,0.0,0.0,0.0,7.604724663338839e-07,0.0,282884.0,1.0,1314972.0,0.0,7.604724663338839e-07,0.0,poisson_thinned_full_core_4D,,False
snv_table,GCF_019129475.1,GCF_019129515.1,close_no_recombination,0,0,0.0,1.0000212101073231,full_core,0.0,0.0,0.0,3.0418898653355356e-06,0.0,282884.0,4.0,1314972.0,0.0,3.0418898653355356e-06,0.0,poisson_thinned_full_core_4D,,False
snv_table,GCF_019129475.1,GCF_019129535.1,close_no_recombination,0,0,3.533568904593639e-06,1.0000212101073231,full_core,0.0,7.070035774381019e-06,3.5350178871905094e-06,3.8023623316694195e-06,1.0,282884.0,5.0,1314972.0,3.5350178871905094e-06,3.8023623316694195e-06,7.070035774381019e-06,poisson_thinned_full_core_4D,0.537813732915986,False
snv_table,GCF_019129475.1,GCF_019129555.1,close_no_recombination,0,0,7.067137809187279e-06,1.0000035358303367,full_core,7.071660673434246e-06,7.071660673434246e-06,7.071660673434246e-06,6.085052297221337e-06,2.0,282819.0,8.0,1314697.0,7.071660673434246e-06,6.085052297221337e-06,7.071660673434246e-06,poisson_thinned_full_core_4D,0.8604842028239206,True
snv_table,GCF_019129475.1,GCF_019129575.1,close_no_recombination,0,0,0.0,1.0000212101073231,full_core,0.0,0.0,0.0,3.0418898653355356e-06,0.0,282884.0,4.0,1314972.0,0.0,3.0418898653355356e-06,0.0,poisson_thinned_full_core_4D,,False
snv_table,GCF_019129475.1,GCF_019129595.1,close_no_recombination,0,0,3.533568904593639e-06,1.0000070716856777,full_core,7.071685677714997e-06,0.0,3.5358428388574983e-06,3.8031721498267274e-06,1.0,282818.0,5.0,1314692.0,3.5358428388574983e-06,3.8031721498267274e-06,0.0,poisson_thinned_full_core_4D,,False
snv_table,GCF_019129475.1,GCF_019129605.1,close_no_recombination,0,0,3.533568904593639e-06,1.0000035358303367,full_core,0.0,7.071660673434246e-06,3.535830336717123e-06,6.085052297221337e-06,1.0,282819.0,8.0,1314697.0,3.535830336717123e-06,6.085052297221337e-06,7.071660673434246e-06,poisson_thinned_full_core_4D,0.8604842028239206,False
snv_table,GCF_019129475.1,GCF_019129635.1,close_no_recombination,0,0,3.533568904593639e-06,1.0000070701857338,full_core,7.070185733779227e-06,0.0,3.5350928668896133e-06,5.323367988458939e-06,1.0,282878.0,7.0,1314957.0,3.5350928668896133e-06,5.323367988458939e-06,0.0,poisson_thinned_full_core_4D,,False
snv_table,GCF_019129475.1,GCF_019129675.1,close_no_recombination,0,0,0.0,1.0000212101073231,full_core,0.0,0.0,0.0,3.0418898653355356e-06,0.0,282884.0,4.0,1314972.0,0.0,3.0418898653355356e-06,0.0,poisson_thinned_full_core_4D,,False
snv_table,GCF_019129485.1,GCF_019129515.1,close_no_recombination,0,0,0.0,1.0000212101073231,full_core,0.0,0.0,0.0,2.2814087242590555e-06,0.0,282884.0,3.0,1314977.0,0.0,2.2814087242590555e-06,0.0,poisson_thinned_full_core_4D,,False
snv_table,GCF_019129485.1,GCF_019129535.1,close_no_recombination,0,0,3.533568904593639e-06,1.0000212101073231,full_core,0.0,7.070035774381019e-06,3.5350178871905094e-06,3.041878299012074e-06,1.0,282884.0,4.0,1314977.0,3.5350178871905094e-06,3.041878299012074e-06,7.070035774381019e-06,poisson_thinned_full_core_4D,0.43024935036886575,False
snv_table,GCF_019129485.1,GCF_019129555.1,close_no_recombination,0,0,7.067137809187279e-06,1.0000035358303367,full_core,0.0,1.4143321346868492e-05,7.071660673434246e-06,5.3244005105339464e-06,2.0,282819.0,7.0,1314702.0,7.071660673434246e-06,5.3244005105339464e-06,1.4143321346868492e-05,poisson_thinned_full_core_4D,0.37646040699717503,False
snv_table,GCF_019129485.1,GCF_019129575.1,close_no_recombination,0,0,0.0,1.0000212101073231,full_core,0.0,0.0,0.0,2.2814173990016517e-06,0.0,282884.0,3.0,1314972.0,0.0,2.2814173990016517e-06,0.0,poisson_thinned_full_core_4D,,False
snv_table,GCF_019129485.1,GCF_019129595.1,close_no_recombination,0,0,3.533568904593639e-06,1.0000070716856777,full_core,0.0,7.071685677714997e-06,3.5358428388574983e-06,3.0425261486106685e-06,1.0,282818.0,4.0,1314697.0,3.5358428388574983e-06,3.0425261486106685e-06,7.071685677714997e-06,poisson_thinned_full_core_4D,0.43024058014888605,False
snv_table,GCF_019129485.1,GCF_019129605.1,close_no_recombination,0,0,3.533568904593639e-06,1.0000035358303367,full_core,7.071660673434246e-06,0.0,3.535830336717123e-06,5.3244005105339464e-06,1.0,282819.0,7.0,1314702.0,3.535830336717123e-06,5.3244005105339464e-06,0.0,poisson_thinned_full_core_4D,,False
snv_table,GCF_019129485.1,GCF_019129635.1,close_no_recombination,0,0,3.533568904593639e-06,1.0000070701857338,full_core,7.070185733779227e-06,0.0,3.5350928668896133e-06,4.562886847250519e-06,1.0,282878.0,6.0,1314957.0,3.5350928668896133e-06,4.562886847250519e-06,0.0,poisson_thinned_full_core_4D,,False
snv_table,GCF_019129485.1,GCF_019129675.1,close_no_recombination,0,0,0.0,1.0000212101073231,full_core,0.0,0.0,0.0,2.2814087242590555e-06,0.0,282884.0,3.0,1314977.0,0.0,2.2814087242590555e-06,0.0,poisson_thinned_full_core_4D,,False
snv_table,GCF_019129515.1,GCF_019129535.1,close_no_recombination,0,0,3.533568904593639e-06,1.0000212101073231,full_core,7.070035774381019e-06,0.0,3.5350178871905094e-06,7.604643699628741e-07,1.0,282884.0,1.0,1314986.0,3.5350178871905094e-06,7.604643699628741e-07,0.0,poisson_thinned_full_core_4D,,False
snv_table,GCF_019129515.1,GCF_019129555.1,close_no_recombination,0,0,7.067137809187279e-06,1.0000035358303367,full_core,1.4143321346868492e-05,0.0,7.071660673434246e-06,3.0424937495769033e-06,2.0,282819.0,4.0,1314711.0,7.071660673434246e-06,3.0424937495769033e-06,0.0,poisson_thinned_full_core_4D,,False
snv_table,GCF_019129515.1,GCF_019129575.1,close_no_recombination,0,0,0.0,1.0000212101073231,full_core,0.0,0.0,0.0,0.0,0.0,282884.0,0.0,1314981.0,0.0,0.0,0.0,poisson_thinned_full_core_4D,,False
snv_table,GCF_019129515.1,GCF_019129595.1,close_no_recombination,0,0,3.533568904593639e-06,1.0000070716856777,full_core,0.0,7.071685677714997e-06,3.5358428388574983e-06,7.606263301452948e-07,1.0,282818.0,1.0,1314706.0,3.5358428388574983e-06,7.606263301452948e-07,7.071685677714997e-06,poisson_thinned_full_core_4D,0.107559408719516,False
snv_table,GCF_019129515.1,GCF_019129605.1,close_no_recombination,0,0,3.533568904593639e-06,1.0000035358303367,full_core,0.0,7.071660673434246e-06,3.535830336717123e-06,3.0424937495769033e-06,1.0,282819.0,4.0,1314711.0,3.535830336717123e-06,3.0424937495769033e-06,7.071660673434246e-06,poisson_thinned_full_core_4D,0.4302375198807951,False
snv_table,GCF_019129515.1,GCF_019129635.1,close_no_recombination,0,0,3.533568904593639e-06,1.0000070701857338,full_core,7.070185733779227e-06,0.0,3.5350928668896133e-06,2.2814278087798467e-06,1.0,282878.0,3.0,1314966.0,3.5350928668896133e-06,2.2814278087798467e-06,0.0,poisson_thinned_full_core_4D,,False
snv_table,GCF_019129515.1,GCF_019129675.1,close_no_recombination,0,0,0.0,1.0000212101073231,full_core,0.0,0.0,0.0,1.5209287399257482e-06,0.0,282884.0,2.0,1314986.0,0.0,1.5209287399257482e-06,0.0,poisson_thinned_full_core_4D,,False
snv_table,GCF_019129535.1,GCF_019129555.1,close_no_recombination,0,0,1.060070671378092e-05,1.0000035358303367,full_core,1.4143321346868492e-05,7.071660673434246e-06,1.060749101015137e-05,2.2818703121826775e-06,3.0,282819.0,3.0,1314711.0,1.060749101015137e-05,2.2818703121826775e-06,7.071660673434246e-06,poisson_thinned_full_core_4D,0.3226781399105963,True
snv_table,GCF_019129535.1,GCF_019129575.1,close_no_recombination,0,0,3.533568904593639e-06,1.0000212101073231,full_core,7.070035774381019e-06,0.0,3.5350178871905094e-06,7.604672615041587e-07,1.0,282884.0,1.0,1314981.0,3.5350178871905094e-06,7.604672615041587e-07,0.0,poisson_thinned_full_core_4D,,False
snv_table,GCF_019129535.1,GCF_019129595.1,close_no_recombination,0,0,7.067137809187279e-06,1.0000070716856777,full_core,7.071685677714997e-06,7.071685677714997e-06,7.071685677714997e-06,1.5212526602905896e-06,2.0,282818.0,2.0,1314706.0,7.071685677714997e-06,1.5212526602905896e-06,7.071685677714997e-06,poisson_thinned_full_core_4D,0.215118817439032,True
snv_table,GCF_019129535.1,GCF_019129605.1,close_no_recombination,0,0,0.0,1.0000035358303367,full_core,0.0,0.0,0.0,2.2818703121826775e-06,0.0,282819.0,3.0,1314711.0,0.0,2.2818703121826775e-06,0.0,poisson_thinned_full_core_4D,,False
snv_table,GCF_019129535.1,GCF_019129635.1,close_no_recombination,0,0,0.0,1.0000070701857338,full_core,0.0,0.0,0.0,3.0419037450397957e-06,0.0,282878.0,4.0,1314966.0,0.0,3.0419037450397957e-06,0.0,poisson_thinned_full_core_4D,,False
snv_table,GCF_019129535.1,GCF_019129675.1,close_no_recombination,0,0,3.533568904593639e-06,1.0000212101073231,full_core,7.070035774381019e-06,0.0,3.5350178871905094e-06,2.2813931098886224e-06,1.0,282884.0,3.0,1314986.0,3.5350178871905094e-06,2.2813931098886224e-06,0.0,poisson_thinned_full_core_4D,,False
snv_table,GCF_019129535.1,GCF_019129775.1,close_no_recombination,0,0,1.060070671378092e-05,1.0000212101073231,full_core,7.070035774381019e-06,1.4140071548762037e-05,1.0605053661571527e-05,7.604643699628741e-07,3.0,282884.0,1.0,1314986.0,1.0605053661571527e-05,7.604643699628741e-07,1.4140071548762037e-05,poisson_thinned_full_core_4D,0.053780800708144415,True
snv_table,GCF_019129555.1,GCF_019129575.1,close_no_recombination,0,0,7.067137809187279e-06,1.0000035358303367,full_core,1.4143321346868492e-05,0.0,7.071660673434246e-06,3.0425053205811793e-06,2.0,282819.0,4.0,1314706.0,7.071660673434246e-06,3.0425053205811793e-06,0.0,poisson_thinned_full_core_4D,,False
snv_table,GCF_019129555.1,GCF_019129595.1,close_no_recombination,0,0,3.533568904593639e-06,1.0000070716856777,full_core,7.071685677714997e-06,0.0,3.5358428388574983e-06,3.803131650726474e-06,1.0,282818.0,5.0,1314706.0,3.5358428388574983e-06,3.803131650726474e-06,0.0,poisson_thinned_full_core_4D,,False
snv_table,GCF_019129555.1,GCF_019129605.1,close_no_recombination,0,0,1.060070671378092e-05,1.0000035358303367,full_core,0.0,2.121498202030274e-05,1.060749101015137e-05,1.5212468747884517e-06,3.0,282819.0,2.0,1314711.0,1.060749101015137e-05,1.5212468747884517e-06,2.121498202030274e-05,poisson_thinned_full_core_4D,0.07170625331346585,False
snv_table,GCF_019129555.1,GCF_019129635.1,close_no_recombination,0,0,7.067137809187279e-06,1.0000247513374565,full_core,7.071810701771135e-06,7.071810701771135e-06,7.071810701771135e-06,7.606350085305216e-07,2.0,282813.0,1.0,1314691.0,7.071810701771135e-06,7.606350085305216e-07,7.071810701771135e-06,poisson_thinned_full_core_4D,0.10755873433377121,True
snv_table,GCF_019129555.1,GCF_019129675.1,close_no_recombination,0,0,7.067137809187279e-06,1.0000035358303367,full_core,1.4143321346868492e-05,0.0,7.071660673434246e-06,4.563740624365355e-06,2.0,282819.0,6.0,1314711.0,7.071660673434246e-06,4.563740624365355e-06,0.0,poisson_thinned_full_core_4D,,False
snv_table,GCF_019129555.1,GCF_019129775.1,close_no_recombination,0,0,7.067137809187279e-06,1.0000035358303367,full_core,1.4143321346868492e-05,0.0,7.071660673434246e-06,3.0424937495769033e-06,2.0,282819.0,4.0,1314711.0,7.071660673434246e-06,3.0424937495769033e-06,0.0,poisson_thinned_full_core_4D,,False
snv_table,GCF_019129575.1,GCF_019129595.1,close_no_recombination,0,0,3.533568904593639e-06,1.0000070716856777,full_core,7.071685677714997e-06,0.0,3.5358428388574983e-06,7.60629222918367e-07,1.0,282818.0,1.0,1314701.0,3.5358428388574983e-06,7.60629222918367e-07,0.0,poisson_thinned_full_core_4D,,False
snv_table,GCF_019129575.1,GCF_019129605.1,close_no_recombination,0,0,3.533568904593639e-06,1.0000035358303367,full_core,0.0,7.071660673434246e-06,3.535830336717123e-06,3.0425053205811793e-06,1.0,282819.0,4.0,1314706.0,3.535830336717123e-06,3.0425053205811793e-06,7.071660673434246e-06,poisson_thinned_full_core_4D,0.4302391561307243,False
snv_table,GCF_019129575.1,GCF_019129635.1,close_no_recombination,0,0,3.533568904593639e-06,1.0000070701857338,full_core,0.0,7.070185733779227e-06,3.5350928668896133e-06,2.2814278087798467e-06,1.0,282878.0,3.0,1314966.0,3.5350928668896133e-06,2.2814278087798467e-06,7.070185733779227e-06,poisson_thinned_full_core_4D,0.32268286784601274,False
snv_table,GCF_019129575.1,GCF_019129675.1,close_no_recombination,0,0,0.0,1.0000212101073231,full_core,0.0,0.0,0.0,1.5209345230083173e-06,0.0,282884.0,2.0,1314981.0,0.0,1.5209345230083173e-06,0.0,poisson_thinned_full_core_4D,,False
snv_table,GCF_019129595.1,GCF_019129605.1,close_no_recombination,0,0,7.067137809187279e-06,1.0000070716856777,full_core,7.071685677714997e-06,7.071685677714997e-06,7.071685677714997e-06,3.803131650726474e-06,2.0,282818.0,5.0,1314706.0,7.071685677714997e-06,3.803131650726474e-06,7.071685677714997e-06,poisson_thinned_full_core_4D,0.53779704359758,True
snv_table,GCF_019129595.1,GCF_019129635.1,close_no_recombination,0,0,3.533568904593639e-06,1.0000282873428286,full_core,7.0718357071128526e-06,0.0,3.5359178535564263e-06,2.281913704108814e-06,1.0,282812.0,3.0,1314686.0,3.5359178535564263e-06,2.281913704108814e-06,0.0,poisson_thinned_full_core_4D,,False
snv_table,GCF_019129595.1,GCF_019129675.1,close_no_recombination,0,0,3.533568904593639e-06,1.0000070716856777,full_core,0.0,7.071685677714997e-06,3.5358428388574983e-06,2.2818789904358844e-06,1.0,282818.0,3.0,1314706.0,3.5358428388574983e-06,2.2818789904358844e-06,7.071685677714997e-06,poisson_thinned_full_core_4D,0.32267822615854796,False
snv_table,GCF_019129595.1,GCF_019129775.1,close_no_recombination,0,0,3.533568904593639e-06,1.0000070716856777,full_core,7.071685677714997e-06,0.0,3.5358428388574983e-06,7.606263301452948e-07,1.0,282818.0,1.0,1314706.0,3.5358428388574983e-06,7.606263301452948e-07,0.0,poisson_thinned_full_core_4D,,False
snv_table,GCF_019129605.1,GCF_019129635.1,close_no_recombination,0,0,0.0,1.0000247513374565,full_core,0.0,0.0,0.0,2.281905025591565e-06,0.0,282813.0,3.0,1314691.0,0.0,2.281905025591565e-06,0.0,poisson_thinned_full_core_4D,,False
snv_table,GCF_019129605.1,GCF_019129675.1,close_no_recombination,0,0,3.533568904593639e-06,1.0000035358303367,full_core,7.071660673434246e-06,0.0,3.535830336717123e-06,4.563740624365355e-06,1.0,282819.0,6.0,1314711.0,3.535830336717123e-06,4.563740624365355e-06,0.0,poisson_thinned_full_core_4D,,False
snv_table,GCF_019129605.1,GCF_019129775.1,close_no_recombination,0,0,1.060070671378092e-05,1.0000035358303367,full_core,7.071660673434246e-06,1.4143321346868492e-05,1.060749101015137e-05,3.0424937495769033e-06,3.0,282819.0,4.0,1314711.0,1.060749101015137e-05,3.0424937495769033e-06,1.4143321346868492e-05,poisson_thinned_full_core_4D,0.21511875994039756,True
snv_table,GCF_019129635.1,GCF_019129675.1,close_no_recombination,0,0,3.533568904593639e-06,1.0000070701857338,full_core,7.070185733779227e-06,0.0,3.5350928668896133e-06,3.8023796812997447e-06,1.0,282878.0,5.0,1314966.0,3.5350928668896133e-06,3.8023796812997447e-06,0.0,poisson_thinned_full_core_4D,,False
snv_table,GCF_019129635.1,GCF_019129775.1,close_no_recombination,0,0,7.067137809187279e-06,1.0000070701857338,full_core,7.070185733779227e-06,7.070185733779227e-06,7.070185733779227e-06,2.2814278087798467e-06,2.0,282878.0,3.0,1314966.0,7.070185733779227e-06,2.2814278087798467e-06,7.070185733779227e-06,poisson_thinned_full_core_4D,0.32268286784601274,True
snv_table,GCF_020558905.1,GCF_029076805.1,close_no_recombination,0,0,0.0,1.0000105164635236,full_core,0.0,0.0,0.0,0.0,0.0,285267.0,0.0,1325803.0,0.0,0.0,0.0,poisson_thinned_full_core_4D,,False
snv_table,GCF_020560775.1,GCF_020560835.1,close_no_recombination,0,0,1.4084507042253522e-05,1.0,full_core,2.819085206850377e-05,0.0,1.4095426034251885e-05,3.791434694053969e-06,4.0,283780.0,5.0,1318762.0,1.4095426034251885e-05,3.791434694053969e-06,0.0,poisson_thinned_full_core_4D,,False
snv_table,GCF_020885775.1,GCF_020885855.1,close_no_recombination,0,0,7.067137809187279e-06,1.0000177238971304,full_core,1.4179117704400843e-05,0.0,7.089558852200422e-06,2.288554709044597e-06,2.0,282105.0,3.0,1310871.0,7.089558852200422e-06,2.288554709044597e-06,0.0,poisson_thinned_full_core_4D,,False
snv_table,GCF_021891045.1,GCF_027686505.1,close_no_recombination,0,0,4.577464788732394e-05,1.0000281183218986,full_core,9.841412664492183e-05,4.9207063322460914e-05,7.381059498369137e-05,2.2688427389469546e-05,21.0,284512.0,30.0,1322260.0,7.381059498369137e-05,2.2688427389469546e-05,4.9207063322460914e-05,poisson_thinned_full_core_4D,0.4610807038166257,True
snv_table,GCF_022135705.1,GCF_022135865.1,close_no_recombination,0,0,1.0452961672473868e-05,1.0000069793898618,full_core,1.3958779723476573e-05,3.4896949308691436e-05,2.4427864516084004e-05,3.0030007484979364e-06,7.0,286558.0,4.0,1332001.0,2.4427864516084004e-05,3.0030007484979364e-06,3.4896949308691436e-05,poisson_thinned_full_core_4D,0.08605338884880716,True
snv_table,GCF_023668145.1,GCF_023668185.1,close_no_recombination,0,0,0.0,1.000028154936616,full_core,0.0,0.0,0.0,0.0,0.0,284142.0,0.0,1320803.0,0.0,0.0,0.0,poisson_thinned_full_core_4D,,False
snv_table,GCF_023668145.1,GCF_023668875.1,close_no_recombination,0,0,3.5087719298245615e-06,1.000028154936616,full_core,7.038734154049735e-06,0.0,3.5193670770248676e-06,0.0,1.0,284142.0,0.0,1320803.0,3.5193670770248676e-06,0.0,0.0,poisson_thinned_full_core_4D,,False
snv_table,GCF_023668145.1,GCF_023669045.1,close_no_recombination,0,0,1.056338028169014e-05,1.000024664127436,full_core,1.4093787106298865e-05,7.046893553149433e-06,1.057034032972415e-05,6.065072159196014e-06,3.0,283813.0,8.0,1319028.0,1.057034032972415e-05,6.065072159196014e-06,7.046893553149433e-06,poisson_thinned_full_core_4D,0.8606731623589491,True
snv_table,GCF_023668145.1,GCF_023669145.1,close_no_recombination,0,0,0.0,1.000028154936616,full_core,0.0,0.0,0.0,0.0,0.0,284142.0,0.0,1320803.0,0.0,0.0,0.0,poisson_thinned_full_core_4D,,False
snv_table,GCF_023668145.1,GCF_023669285.1,close_no_recombination,0,0,3.5087719298245615e-06,1.000028154936616,full_core,7.038734154049735e-06,0.0,3.5193670770248676e-06,7.571151791750927e-07,1.0,284142.0,1.0,1320803.0,3.5193670770248676e-06,7.571151791750927e-07,0.0,poisson_thinned_full_core_4D,,False
snv_table,GCF_023668185.1,GCF_023668875.1,close_no_recombination,0,0,3.5087719298245615e-06,1.000028154936616,full_core,7.038734154049735e-06,0.0,3.5193670770248676e-06,0.0,1.0,284142.0,0.0,1320803.0,3.5193670770248676e-06,0.0,0.0,poisson_thinned_full_core_4D,,False
snv_table,GCF_023668185.1,GCF_023669045.1,close_no_recombination,0,0,1.056338028169014e-05,1.000024664127436,full_core,7.046893553149433e-06,1.4093787106298865e-05,1.057034032972415e-05,6.065072159196014e-06,3.0,283813.0,8.0,1319028.0,1.057034032972415e-05,6.065072159196014e-06,1.4093787106298865e-05,poisson_thinned_full_core_4D,0.43033658117947454,True
snv_table,GCF_023668185.1,GCF_023669145.1,close_no_recombination,0,0,0.0,1.000028154936616,full_core,0.0,0.0,0.0,0.0,0.0,284142.0,0.0,1320803.0,0.0,0.0,0.0,poisson_thinned_full_core_4D,,False
snv_table,GCF_023668185.1,GCF_023669285.1,close_no_recombination,0,0,3.5087719298245615e-06,1.000028154936616,full_core,7.038734154049735e-06,0.0,3.5193670770248676e-06,7.571151791750927e-07,1.0,284142.0,1.0,1320803.0,3.5193670770248676e-06,7.571151791750927e-07,0.0,poisson_thinned_full_core_4D,,False
snv_table,GCF_023668565.1,GCF_023668585.1,close_no_recombination,0,0,0.0,1.0,full_core,0.0,0.0,0.0,0.0,0.0,286240.0,0.0,1330136.0,0.0,0.0,0.0,poisson_thinned_full_core_4D,,False
snv_table,GCF_023668565.1,GCF_023668665.1,close_no_recombination,0,0,1.0452961672473868e-05,1.0000104789948547,full_core,6.985996569875684e-06,1.3971993139751368e-05,1.0478994854813527e-05,7.516598528701004e-06,3.0,286287.0,10.0,1330389.0,1.0478994854813527e-05,7.516598528701004e-06,1.3971993139751368e-05,poisson_thinned_full_core_4D,0.5379761107465562,True
snv_table,GCF_023668585.1,GCF_023668665.1,close_no_recombination,0,0,1.0452961672473868e-05,1.000020964067588,full_core,2.0964067588153903e-05,0.0,1.0482033794076951e-05,7.518813952211922e-06,3.0,286204.0,10.0,1329997.0,1.0482033794076951e-05,7.518813952211922e-06,0.0,poisson_thinned_full_core_4D,,False
snv_table,GCF_023668665.1,GCF_023668715.1,close_no_recombination,0,0,3.484320557491289e-06,1.0000209721280418,full_core,6.9907093472774685e-06,0.0,3.4953546736387342e-06,5.265759100548166e-06,1.0,286094.0,7.0,1329343.0,3.4953546736387342e-06,5.265759100548166e-06,0.0,poisson_thinned_full_core_4D,,False
snv_table,GCF_023668665.1,GCF_023669385.1,close_no_recombination,0,0,3.484320557491289e-06,1.000010487053732,full_core,0.0,6.991369154778426e-06,3.495684577389213e-06,5.266111668650236e-06,1.0,286067.0,7.0,1329254.0,3.495684577389213e-06,5.266111668650236e-06,6.991369154778426e-06,poisson_thinned_full_core_4D,0.7532303833578835,False
snv_table,GCF_023668665.1,GCF_023669405.1,close_no_recombination,0,0,3.484320557491289e-06,1.000024457309766,full_core,6.987802790229654e-06,0.0,3.493901395114827e-06,8.270682910287902e-06,1.0,286213.0,11.0,1329999.0,3.493901395114827e-06,8.270682910287902e-06,0.0,poisson_thinned_full_core_4D,,False
snv_table,GCF_023668715.1,GCF_023669385.1,close_no_recombination,0,0,0.0,1.000010489987307,full_core,0.0,0.0,0.0,1.5051479823867584e-06,0.0,285987.0,2.0,1328773.0,0.0,1.5051479823867584e-06,0.0,poisson_thinned_full_core_4D,,False
snv_table,GCF_023668715.1,GCF_023669405.1,close_no_recombination,0,0,0.0,1.0000069908559603,full_core,0.0,0.0,0.0,4.513725109627098e-06,0.0,286088.0,6.0,1329279.0,0.0,4.513725109627098e-06,0.0,poisson_thinned_full_core_4D,,False
snv_table,GCF_023668875.1,GCF_023669045.1,close_no_recombination,0,0,1.4084507042253522e-05,1.000024664127436,full_core,2.11406806594483e-05,7.046893553149433e-06,1.4093787106298865e-05,6.065072159196014e-06,4.0,283813.0,8.0,1319028.0,1.4093787106298865e-05,6.065072159196014e-06,7.046893553149433e-06,poisson_thinned_full_core_4D,0.8606731623589491,True
snv_table,GCF_023668875.1,GCF_023669145.1,close_no_recombination,0,0,3.5087719298245615e-06,1.000028154936616,full_core,0.0,7.038734154049735e-06,3.5193670770248676e-06,0.0,1.0,284142.0,0.0,1320803.0,3.5193670770248676e-06,0.0,7.038734154049735e-06,poisson_thinned_full_core_4D,0.0,False
snv_table,GCF_023668875.1,GCF_023669285.1,close_no_recombination,0,0,0.0,1.000028154936616,full_core,0.0,0.0,0.0,7.571151791750927e-07,0.0,284142.0,1.0,1320803.0,0.0,7.571151791750927e-07,0.0,poisson_thinned_full_core_4D,,False
snv_table,GCF_023669045.1,GCF_023669145.1,close_no_recombination,0,0,1.056338028169014e-05,1.000024664127436,full_core,2.11406806594483e-05,0.0,1.057034032972415e-05,6.065072159196014e-06,3.0,283813.0,8.0,1319028.0,1.057034032972415e-05,6.065072159196014e-06,0.0,poisson_thinned_full_core_4D,,False
snv_table,GCF_023669045.1,GCF_023669285.1,close_no_recombination,0,0,1.4084507042253522e-05,1.000024664127436,full_core,1.4093787106298865e-05,1.4093787106298865e-05,1.4093787106298865e-05,6.8232061790955155e-06,4.0,283813.0,9.0,1319028.0,1.4093787106298865e-05,6.8232061790955155e-06,1.4093787106298865e-05,poisson_thinned_full_core_4D,0.4841286538269089,True
snv_table,GCF_023669145.1,GCF_023669285.1,close_no_recombination,0,0,3.5087719298245615e-06,1.000028154936616,full_core,0.0,7.038734154049735e-06,3.5193670770248676e-06,7.571151791750927e-07,1.0,284142.0,1.0,1320803.0,3.5193670770248676e-06,7.571151791750927e-07,7.038734154049735e-06,poisson_thinned_full_core_4D,0.1075641106205846,False
snv_table,GCF_023669385.1,GCF_023669405.1,close_no_recombination,0,0,0.0,1.000020974327423,full_core,0.0,0.0,0.0,3.0093266556374846e-06,0.0,286064.0,4.0,1329201.0,0.0,3.0093266556374846e-06,0.0,poisson_thinned_full_core_4D,,False
snv_table,GCF_024463175.1,GCF_036419465.1,close_no_recombination,0,0,3.496503496503497e-06,1.0000280434112006,full_core,0.0,7.010852800134609e-06,3.5054264000673044e-06,1.5084765066097669e-06,1.0,285272.0,2.0,1325841.0,3.5054264000673044e-06,1.5084765066097669e-06,7.010852800134609e-06,poisson_thinned_full_core_4D,0.2151630549967907,False
snv_table,GCF_024759565.1,GCF_024789245.1,close_no_recombination,0,0,1.056338028169014e-05,1.0000035266029292,full_core,1.4106411716785571e-05,7.053205858392786e-06,1.057980878758918e-05,1.062112328999915e-05,3.0,283559.0,14.0,1318128.0,1.057980878758918e-05,1.062112328999915e-05,7.053205858392786e-06,poisson_thinned_full_core_4D,1.5058575494944346,True
snv_table,GCF_028199355.1,GCF_028200165.1,close_no_recombination,0,0,1.3937282229965156e-05,1.0,full_core,6.980559142787337e-06,2.094167742836201e-05,1.3961118285574675e-05,5.255606418146558e-06,4.0,286510.0,7.0,1331911.0,1.3961118285574675e-05,5.255606418146558e-06,2.094167742836201e-05,poisson_thinned_full_core_4D,0.25096396581052843,True
snv_table,GCF_028199365.1,GCF_028200295.1,close_no_recombination,0,0,1.0526315789473684e-05,1.000031662157741,full_core,0.0,2.110810516057991e-05,1.0554052580289954e-05,5.299601621375262e-06,3.0,284251.0,7.0,1320854.0,1.0554052580289954e-05,5.299601621375262e-06,2.110810516057991e-05,poisson_thinned_full_core_4D,0.25106951007958994,False
snv_table,GCF_028199365.1,GCF_028200325.1,close_no_recombination,0,0,1.7543859649122806e-05,1.0000316632716604,full_core,2.110884777354428e-05,2.110884777354428e-05,2.110884777354428e-05,5.299746066452759e-06,6.0,284241.0,7.0,1320818.0,2.110884777354428e-05,5.299746066452759e-06,2.110884777354428e-05,poisson_thinned_full_core_4D,0.2510675202790998,True
snv_table,GCF_028199365.1,GCF_028395935.1,close_no_recombination,0,0,1.056338028169014e-05,1.0000035225035138,full_core,2.113502108218353e-05,0.0,1.0567510541091764e-05,5.305795748086881e-06,3.0,283889.0,7.0,1319312.0,1.0567510541091764e-05,5.305795748086881e-06,0.0,poisson_thinned_full_core_4D,,False
snv_table,GCF_028199395.1,GCF_028199435.1,close_no_recombination,0,0,3.832752613240418e-05,1.0000174535299764,full_core,2.094423597172528e-05,5.585129592460075e-05,3.8397765948163014e-05,3.379748546708125e-05,11.0,286475.0,45.0,1331460.0,3.8397765948163014e-05,3.379748546708125e-05,5.585129592460075e-05,poisson_thinned_full_core_4D,0.6051334155738813,True
snv_table,GCF_028199395.1,GCF_028200195.1,close_no_recombination,0,0,1.0452961672473868e-05,1.0000244368186055,full_core,1.3963896345997424e-05,6.981948172998712e-06,1.0472922259498067e-05,7.51142675795554e-07,3.0,286453.0,1.0,1331305.0,1.0472922259498067e-05,7.51142675795554e-07,6.981948172998712e-06,poisson_thinned_full_core_4D,0.10758353645483192,True
snv_table,GCF_028199395.1,GCF_028200215.1,close_no_recombination,0,0,1.7421602787456446e-05,1.0000279278901876,full_core,1.396394509376789e-05,2.0945917640651837e-05,1.7454931367209863e-05,1.4271346366327434e-05,5.0,286452.0,19.0,1331339.0,1.7454931367209863e-05,1.4271346366327434e-05,2.0945917640651837e-05,poisson_thinned_full_core_4D,0.6813426182212043,True
snv_table,GCF_028199395.1,GCF_028200225.1,close_no_recombination,0,0,0.0,1.0000104727760188,full_core,0.0,0.0,0.0,0.0,0.0,286457.0,0.0,1331359.0,0.0,0.0,0.0,poisson_thinned_full_core_4D,,False
snv_table,GCF_028199395.1,GCF_028200255.1,close_no_recombination,0,0,0.0,1.0000104727760188,full_core,0.0,0.0,0.0,0.0,0.0,286457.0,0.0,1331359.0,0.0,0.0,0.0,poisson_thinned_full_core_4D,,False
snv_table,GCF_028199435.1,GCF_028200195.1,close_no_recombination,0,0,4.878048780487805e-05,1.0000244368186055,full_core,6.283753355698841e-05,3.490974086499356e-05,4.887363721099098e-05,3.455256308659548e-05,14.0,286453.0,46.0,1331305.0,4.887363721099098e-05,3.455256308659548e-05,3.490974086499356e-05,poisson_thinned_full_core_4D,0.9897685353844535,True
snv_table,GCF_028199435.1,GCF_028200215.1,close_no_recombination,0,0,5.5749128919860624e-05,1.0000279278901876,full_core,2.792789018753578e-05,8.378367056260735e-05,5.585578037507156e-05,4.5067409577876105e-05,16.0,286452.0,60.0,1331339.0,5.585578037507156e-05,4.5067409577876105e-05,8.378367056260735e-05,poisson_thinned_full_core_4D,0.5379020670167403,True
snv_table,GCF_028199435.1,GCF_028200225.1,close_no_recombination,0,0,3.832752613240418e-05,1.0000104727760188,full_core,2.79274027166381e-05,4.887295475411667e-05,3.840017873537739e-05,3.380004942318338e-05,11.0,286457.0,45.0,1331359.0,3.840017873537739e-05,3.380004942318338e-05,4.887295475411667e-05,poisson_thinned_full_core_4D,0.6915900541154888,True
snv_table,GCF_028199435.1,GCF_028200255.1,close_no_recombination,0,0,3.832752613240418e-05,1.0000104727760188,full_core,6.283665611243572e-05,1.396370135831905e-05,3.840017873537739e-05,3.380004942318338e-05,11.0,286457.0,45.0,1331359.0,3.840017873537739e-05,3.380004942318338e-05,1.396370135831905e-05,poisson_thinned_full_core_4D,2.4205651894042104,True
snv_table,GCF_028199485.1,GCF_028199655.1,close_no_recombination,0,0,1.0452961672473868e-05,1.000003490413579,full_core,1.3961654316419953e-05,6.980827158209977e-06,1.0471240737314964e-05,3.0049724782083154e-06,3.0,286499.0,4.0,1331127.0,1.0471240737314964e-05,3.0049724782083154e-06,6.980827158209977e-06,poisson_thinned_full_core_4D,0.43046080501710204,True
snv_table,GCF_028199485.1,GCF_028199715.1,close_no_recombination,0,0,3.484320557491289e-06,1.0000069803642353,full_core,0.0,6.980364235405803e-06,3.4901821177029017e-06,3.004818978436668e-06,1.0,286518.0,4.0,1331195.0,3.4901821177029017e-06,3.004818978436668e-06,6.980364235405803e-06,poisson_thinned_full_core_4D,0.43046736203185865,False
snv_table,GCF_028199485.1,GCF_028199775.1,close_no_recombination,0,0,1.0452961672473868e-05,1.0000069803642353,full_core,0.0,2.094109270621741e-05,1.0470546353108705e-05,8.263252190700836e-06,3.0,286518.0,11.0,1331195.0,1.0470546353108705e-05,8.263252190700836e-06,2.094109270621741e-05,poisson_thinned_full_core_4D,0.39459508186253706,False
snv_table,GCF_028199485.1,GCF_028199815.1,close_no_recombination,0,0,1.3937282229965156e-05,1.0000069803642353,full_core,1.3960728470811607e-05,1.3960728470811607e-05,1.3960728470811607e-05,7.51204744609167e-06,4.0,286518.0,10.0,1331195.0,1.3960728470811607e-05,7.51204744609167e-06,1.3960728470811607e-05,poisson_thinned_full_core_4D,0.5380842025398233,True
snv_table,GCF_028199485.1,GCF_028199885.1,close_no_recombination,0,0,1.0452961672473868e-05,1.0000069803642353,full_core,6.980364235405803e-06,1.3960728470811607e-05,1.0470546353108705e-05,8.263252190700836e-06,3.0,286518.0,11.0,1331195.0,1.0470546353108705e-05,8.263252190700836e-06,1.3960728470811607e-05,poisson_thinned_full_core_4D,0.5918926227938056,True
snv_table,GCF_028199485.1,GCF_028200095.1,close_no_recombination,0,0,1.3937282229965156e-05,1.0000139622878603,full_core,1.3962287860488819e-05,1.3962287860488819e-05,1.3962287860488819e-05,9.015445712366713e-06,4.0,286486.0,12.0,1331049.0,1.3962287860488819e-05,9.015445712366713e-06,1.3962287860488819e-05,poisson_thinned_full_core_4D,0.6456997450882725,True
snv_table,GCF_028199485.1,GCF_028395745.1,close_no_recombination,0,0,3.484320557491289e-06,1.0000279474029876,full_core,6.986850746894345e-06,0.0,3.4934253734471723e-06,7.518192145443938e-07,1.0,286252.0,1.0,1330107.0,3.4934253734471723e-06,7.518192145443938e-07,0.0,poisson_thinned_full_core_4D,,False
snv_table,GCF_028199485.1,GCF_028395765.1,close_no_recombination,0,0,3.484320557491289e-06,1.0000279425222318,full_core,0.0,6.985630557942313e-06,3.4928152789711563e-06,2.2551185553409853e-06,1.0,286302.0,3.0,1330307.0,3.4928152789711563e-06,2.2551185553409853e-06,6.985630557942313e-06,poisson_thinned_full_core_4D,0.3228224763156174,False
snv_table,GCF_028199485.1,GCF_028395835.1,close_no_recombination,0,0,1.0452961672473868e-05,1.0000104764332634,full_core,6.98428884224936e-06,1.396857768449872e-05,1.047643326337404e-05,6.764104849637707e-06,3.0,286357.0,9.0,1330553.0,1.047643326337404e-05,6.764104849637707e-06,1.396857768449872e-05,poisson_thinned_full_core_4D,0.4842371931069262,True
snv_table,GCF_028199575.1,GCF_028199605.1,close_no_recombination,0,0,1.7421602787456446e-05,1.0000314420366054,full_core,6.987119245670606e-06,2.7948476982682424e-05,1.7467798114176514e-05,4.511671694674122e-06,5.0,286241.0,6.0,1329884.0,1.7467798114176514e-05,4.511671694674122e-06,2.7948476982682424e-05,poisson_thinned_full_core_4D,0.16142817719440192,True
snv_table,GCF_028199575.1,GCF_028199755.1,close_no_recombination,0,0,1.0452961672473868e-05,1.0000104811915018,full_core,2.096238300369986e-05,0.0,1.048119150184993e-05,3.7598536364176416e-06,3.0,286227.0,5.0,1329839.0,1.048119150184993e-05,3.7598536364176416e-06,0.0,poisson_thinned_full_core_4D,,False
snv_table,GCF_028199575.1,GCF_028200275.1,close_no_recombination,0,0,3.484320557491289e-06,1.00002795130882,full_core,0.0,6.987827205008875e-06,3.4939136025044375e-06,0.0,1.0,286212.0,0.0,1329756.0,3.4939136025044375e-06,0.0,6.987827205008875e-06,poisson_thinned_full_core_4D,0.0,False
snv_table,GCF_028199575.1,GCF_028200355.1,close_no_recombination,0,0,3.484320557491289e-06,1.0000244556008566,full_core,6.987314530469932e-06,0.0,3.493657265234966e-06,0.0,1.0,286233.0,0.0,1329854.0,3.493657265234966e-06,0.0,0.0,poisson_thinned_full_core_4D,,False
snv_table,GCF_028199575.1,GCF_028200765.1,close_no_recombination,0,0,1.7421602787456446e-05,1.000003493584033,full_core,1.3974336131694144e-05,2.0961504197541216e-05,1.746792016461768e-05,7.5195037127549584e-06,5.0,286239.0,10.0,1329875.0,1.746792016461768e-05,7.5195037127549584e-06,2.0961504197541216e-05,poisson_thinned_full_core_4D,0.3587292038725444,True
snv_table,GCF_028199575.1,GCF_028200975.1,close_no_recombination,0,0,1.0452961672473868e-05,1.0000139754590938,full_core,6.987729546915616e-06,1.3975459093831232e-05,1.0481594320373424e-05,6.016055347709199e-06,3.0,286216.0,8.0,1329775.0,1.0481594320373424e-05,6.016055347709199e-06,1.3975459093831232e-05,poisson_thinned_full_core_4D,0.4304728243499841,True
snv_table,GCF_028199575.1,GCF_028394965.1,close_no_recombination,0,0,1.0452961672473868e-05,1.000006988657409,full_core,6.988657409025152e-06,1.3977314818050305e-05,1.0482986113537729e-05,7.520849675512941e-07,3.0,286178.0,1.0,1329637.0,1.0482986113537729e-05,7.520849675512941e-07,1.3977314818050305e-05,poisson_thinned_full_core_4D,0.05380754296097356,True
snv_table,GCF_028199575.1,GCF_028394975.1,close_no_recombination,0,0,1.0452961672473868e-05,1.000006988657409,full_core,0.0,2.0965972227075458e-05,1.0482986113537729e-05,7.5210476518537125e-06,3.0,286178.0,10.0,1329602.0,1.0482986113537729e-05,7.5210476518537125e-06,2.0965972227075458e-05,poisson_thinned_full_core_4D,0.3587263958186986,False
snv_table,GCF_028199575.1,GCF_028395025.1,close_no_recombination,0,0,1.3937282229965156e-05,1.0000314431350903,full_core,2.096209006012626e-05,6.987363353375421e-06,1.3974726706750842e-05,5.263763425416608e-06,4.0,286231.0,7.0,1329847.0,1.3974726706750842e-05,5.263763425416608e-06,6.987363353375421e-06,poisson_thinned_full_core_4D,0.7533261345102106,True
snv_table,GCF_028199575.1,GCF_028395045.1,close_no_recombination,0,0,1.0452961672473868e-05,1.000006988657409,full_core,2.0965972227075458e-05,0.0,1.0482986113537729e-05,7.520849675512941e-07,3.0,286178.0,1.0,1329637.0,1.0482986113537729e-05,7.520849675512941e-07,0.0,poisson_thinned_full_core_4D,,False
snv_table,GCF_028199595.1,GCF_028199655.1,close_no_recombination,0,0,3.484320557491289e-06,1.0,full_core,0.0,6.980802792321117e-06,3.4904013961605585e-06,7.512402977315548e-07,1.0,286500.0,1.0,1331132.0,3.4904013961605585e-06,7.512402977315548e-07,6.980802792321117e-06,poisson_thinned_full_core_4D,0.10761517265004522,False
snv_table,GCF_028199595.1,GCF_028199715.1,close_no_recombination,0,0,1.0452961672473868e-05,1.0000034901699364,full_core,6.980339872748404e-06,1.3960679745496808e-05,1.0470509809122606e-05,2.2536057692307694e-06,3.0,286519.0,3.0,1331200.0,1.0470509809122606e-05,2.2536057692307694e-06,1.3960679745496808e-05,poisson_thinned_full_core_4D,0.1614252178485577,True
snv_table,GCF_028199595.1,GCF_028199775.1,close_no_recombination,0,0,1.7421602787456446e-05,1.0000069803642353,full_core,2.094109270621741e-05,1.3960728470811607e-05,1.7450910588514507e-05,7.51204744609167e-06,5.0,286518.0,10.0,1331195.0,1.7450910588514507e-05,7.51204744609167e-06,1.3960728470811607e-05,poisson_thinned_full_core_4D,0.5380842025398233,True
snv_table,GCF_028199595.1,GCF_028199815.1,close_no_recombination,0,0,6.968641114982578e-06,1.0000069803642353,full_core,6.980364235405803e-06,6.980364235405803e-06,6.980364235405803e-06,5.2584332122641685e-06,2.0,286518.0,7.0,1331195.0,6.980364235405803e-06,5.2584332122641685e-06,6.980364235405803e-06,poisson_thinned_full_core_4D,0.7533178835557526,True
snv_table,GCF_028199595.1,GCF_028199885.1,close_no_recombination,0,0,1.7421602787456446e-05,1.0000069803642353,full_core,2.7921456941623214e-05,6.980364235405803e-06,1.7450910588514507e-05,7.51204744609167e-06,5.0,286518.0,10.0,1331195.0,1.7450910588514507e-05,7.51204744609167e-06,6.980364235405803e-06,poisson_thinned_full_core_4D,1.0761684050796465,True
snv_table,GCF_028199595.1,GCF_028200095.1,close_no_recombination,0,0,2.0905923344947736e-05,1.0000104716793432,full_core,2.0943358686432545e-05,2.0943358686432545e-05,2.0943358686432545e-05,8.264127526005707e-06,6.0,286487.0,11.0,1331054.0,2.0943358686432545e-05,8.264127526005707e-06,2.0943358686432545e-05,poisson_thinned_full_core_4D,0.3945941837571328,True
snv_table,GCF_028199595.1,GCF_028395745.1,close_no_recombination,0,0,1.0452961672473868e-05,1.0000244538921863,full_core,6.9868263389379325e-06,1.3973652677875865e-05,1.0480239508406898e-05,1.5036384290887875e-06,3.0,286253.0,2.0,1330107.0,1.0480239508406898e-05,1.5036384290887875e-06,1.3973652677875865e-05,poisson_thinned_full_core_4D,0.10760525281048818,True
snv_table,GCF_028199595.1,GCF_028395765.1,close_no_recombination,0,0,6.968641114982578e-06,1.000024449621555,full_core,6.985606158510389e-06,1.3971212317020778e-05,1.0478409237765585e-05,1.5034123702273234e-06,3.0,286303.0,2.0,1330307.0,1.0478409237765585e-05,1.5034123702273234e-06,1.3971212317020778e-05,poisson_thinned_full_core_4D,0.10760786795829834,True
snv_table,GCF_028199595.1,GCF_028395835.1,close_no_recombination,0,0,1.7421602787456446e-05,1.000006984264452,full_core,2.095279335656765e-05,1.3968528904378435e-05,1.7460661130473046e-05,6.012537644122407e-06,5.0,286358.0,8.0,1330553.0,1.7460661130473046e-05,6.012537644122407e-06,1.3968528904378435e-05,poisson_thinned_full_core_4D,0.43043456367390104,True
snv_table,GCF_028199605.1,GCF_028199755.1,close_no_recombination,0,0,6.968641114982578e-06,1.0000279503322596,full_core,0.0,1.3975166129787369e-05,6.987583064893684e-06,4.51182436370117e-06,2.0,286222.0,6.0,1329839.0,6.987583064893684e-06,4.51182436370117e-06,1.3975166129787369e-05,poisson_thinned_full_core_4D,0.32284584825681906,False
snv_table,GCF_028199605.1,GCF_028200275.1,close_no_recombination,0,0,1.0452961672473868e-05,1.00002795130882,full_core,6.987827205008875e-06,1.397565441001775e-05,1.0481740807513312e-05,4.512105980345266e-06,3.0,286212.0,6.0,1329756.0,1.0481740807513312e-05,4.512105980345266e-06,1.397565441001775e-05,poisson_thinned_full_core_4D,0.3228547192116448,True
snv_table,GCF_028199605.1,GCF_028200355.1,close_no_recombination,0,0,1.0452961672473868e-05,1.0000244556008566,full_core,1.3974629060939864e-05,6.987314530469932e-06,1.0480971795704898e-05,4.511773472877474e-06,3.0,286233.0,6.0,1329854.0,1.0480971795704898e-05,4.511773472877474e-06,6.987314530469932e-06,poisson_thinned_full_core_4D,0.6457092282310689,True
snv_table,GCF_028199605.1,GCF_028200765.1,close_no_recombination,0,0,6.968641114982578e-06,1.0000209618703575,full_core,1.3974580238546084e-05,0.0,6.987290119273042e-06,6.767573696997679e-06,2.0,286234.0,9.0,1329871.0,6.987290119273042e-06,6.767573696997679e-06,0.0,poisson_thinned_full_core_4D,,False
snv_table,GCF_028199605.1,GCF_028200975.1,close_no_recombination,0,0,3.484320557491289e-06,1.000006987680719,full_core,6.987680718892592e-06,0.0,3.493840359446296e-06,6.015883436242539e-06,1.0,286218.0,8.0,1329813.0,3.493840359446296e-06,6.015883436242539e-06,0.0,poisson_thinned_full_core_4D,,False
snv_table,GCF_028199605.1,GCF_028394965.1,close_no_recombination,0,0,6.968641114982578e-06,1.0000314497276104,full_core,0.0,1.3977656715739889e-05,6.9888283578699445e-06,3.760543624186312e-06,2.0,286171.0,5.0,1329595.0,6.9888283578699445e-06,3.760543624186312e-06,1.3977656715739889e-05,poisson_thinned_full_core_4D,0.2690396323692553,False
snv_table,GCF_028199605.1,GCF_028394975.1,close_no_recombination,0,0,1.3937282229965156e-05,1.0000244607283006,full_core,2.0966338543468462e-05,6.9887795144894875e-06,1.3977559028978975e-05,7.521070278384895e-06,4.0,286173.0,10.0,1329598.0,1.3977559028978975e-05,7.521070278384895e-06,6.9887795144894875e-06,poisson_thinned_full_core_4D,1.0761636223881201,True
snv_table,GCF_028199605.1,GCF_028395025.1,close_no_recombination,0,0,3.484320557491289e-06,1.0000139749708272,full_core,6.987485413624199e-06,0.0,3.4937427068120994e-06,5.26377925815303e-06,1.0,286226.0,7.0,1329843.0,3.4937427068120994e-06,5.26377925815303e-06,0.0,poisson_thinned_full_core_4D,,False
snv_table,GCF_028199605.1,GCF_028395045.1,close_no_recombination,0,0,6.968641114982578e-06,1.0000314497276104,full_core,6.9888283578699445e-06,6.9888283578699445e-06,6.9888283578699445e-06,3.760543624186312e-06,2.0,286171.0,5.0,1329595.0,6.9888283578699445e-06,3.760543624186312e-06,6.9888283578699445e-06,poisson_thinned_full_core_4D,0.5380792647385106,True
snv_table,GCF_028199655.1,GCF_028199775.1,close_no_recombination,0,0,1.3937282229965156e-05,1.000003490413579,full_core,1.3961654316419953e-05,1.3961654316419953e-05,1.3961654316419953e-05,6.761188075968709e-06,4.0,286499.0,9.0,1331127.0,1.3961654316419953e-05,6.761188075968709e-06,1.3961654316419953e-05,poisson_thinned_full_core_4D,0.4842684056442398,True
snv_table,GCF_028199655.1,GCF_028199815.1,close_no_recombination,0,0,3.484320557491289e-06,1.000003490413579,full_core,0.0,6.980827158209977e-06,3.4904135791049883e-06,4.507458717312473e-06,1.0,286499.0,6.0,1331127.0,3.4904135791049883e-06,4.507458717312473e-06,6.980827158209977e-06,poisson_thinned_full_core_4D,0.645691207525653,False
snv_table,GCF_028199655.1,GCF_028199885.1,close_no_recombination,0,0,1.3937282229965156e-05,1.000003490413579,full_core,0.0,2.7923308632839907e-05,1.3961654316419953e-05,6.761188075968709e-06,4.0,286499.0,9.0,1331127.0,1.3961654316419953e-05,6.761188075968709e-06,2.7923308632839907e-05,poisson_thinned_full_core_4D,0.2421342028221199,False
snv_table,GCF_028199655.1,GCF_028200095.1,close_no_recombination,0,0,1.7421602787456446e-05,1.0000069815825852,full_core,1.39631651702808e-05,2.09447477554212e-05,1.7453956462851e-05,7.513227036197225e-06,5.0,286468.0,10.0,1330986.0,1.7453956462851e-05,7.513227036197225e-06,2.09447477554212e-05,poisson_thinned_full_core_4D,0.3587165204342245,True
snv_table,GCF_028199655.1,GCF_028395765.1,close_no_recombination,0,0,3.484320557491289e-06,1.000024449621555,full_core,1.3971212317020778e-05,0.0,6.985606158510389e-06,7.517061851136617e-07,2.0,286303.0,1.0,1330307.0,6.985606158510389e-06,7.517061851136617e-07,0.0,poisson_thinned_full_core_4D,,False
snv_table,GCF_028199655.1,GCF_028395835.1,close_no_recombination,0,0,1.3937282229965156e-05,1.000006984264452,full_core,1.3968528904378435e-05,1.3968528904378435e-05,1.3968528904378435e-05,5.260970438607106e-06,4.0,286358.0,7.0,1330553.0,1.3968528904378435e-05,5.260970438607106e-06,1.3968528904378435e-05,poisson_thinned_full_core_4D,0.3766302432146634,True
snv_table,GCF_028199715.1,GCF_028199775.1,close_no_recombination,0,0,6.968641114982578e-06,1.0000069803642353,full_core,0.0,1.3960728470811607e-05,6.980364235405803e-06,6.7608427014825025e-06,2.0,286518.0,9.0,1331195.0,6.980364235405803e-06,6.7608427014825025e-06,1.3960728470811607e-05,poisson_thinned_full_core_4D,0.4842757822858409,False
snv_table,GCF_028199715.1,GCF_028199815.1,close_no_recombination,0,0,1.0452961672473868e-05,1.0000069803642353,full_core,1.3960728470811607e-05,6.980364235405803e-06,1.0470546353108705e-05,6.009637956873336e-06,3.0,286518.0,8.0,1331195.0,1.0470546353108705e-05,6.009637956873336e-06,6.980364235405803e-06,poisson_thinned_full_core_4D,0.8609347240637173,True
snv_table,GCF_028199715.1,GCF_028199885.1,close_no_recombination,0,0,6.968641114982578e-06,1.0000069803642353,full_core,6.980364235405803e-06,6.980364235405803e-06,6.980364235405803e-06,6.7608427014825025e-06,2.0,286518.0,9.0,1331195.0,6.980364235405803e-06,6.7608427014825025e-06,6.980364235405803e-06,poisson_thinned_full_core_4D,0.9685515645716818,True
snv_table,GCF_028199715.1,GCF_028200095.1,close_no_recombination,0,0,1.0452961672473868e-05,1.0000104716793432,full_core,1.3962239124288361e-05,6.981119562144181e-06,1.0471679343216272e-05,7.512843205459733e-06,3.0,286487.0,10.0,1331054.0,1.0471679343216272e-05,7.512843205459733e-06,6.981119562144181e-06,poisson_thinned_full_core_4D,1.0761659557012713,True
snv_table,GCF_028199715.1,GCF_028395765.1,close_no_recombination,0,0,0.0,1.000024449621555,full_core,0.0,0.0,0.0,7.517061851136617e-07,0.0,286303.0,1.0,1330307.0,0.0,7.517061851136617e-07,0.0,poisson_thinned_full_core_4D,,False
snv_table,GCF_028199715.1,GCF_028395835.1,close_no_recombination,0,0,6.968641114982578e-06,1.000006984264452,full_core,6.984264452189217e-06,6.984264452189217e-06,6.984264452189217e-06,5.260970438607106e-06,2.0,286358.0,7.0,1330553.0,6.984264452189217e-06,5.260970438607106e-06,6.984264452189217e-06,poisson_thinned_full_core_4D,0.7532604864293267,True
snv_table,GCF_028199725.1,GCF_028199785.1,close_no_recombination,0,0,3.496503496503497e-06,1.0000070070210352,full_core,0.0,7.007021035077147e-06,3.5035105175385735e-06,7.539141337036559e-07,1.0,285428.0,1.0,1326411.0,3.5035105175385735e-06,7.539141337036559e-07,7.007021035077147e-06,poisson_thinned_full_core_4D,0.10759410167738355,False
snv_table,GCF_028199725.1,GCF_028199835.1,close_no_recombination,0,0,3.496503496503497e-06,1.0000070070210352,full_core,7.007021035077147e-06,0.0,3.5035105175385735e-06,3.7695706685182798e-06,1.0,285428.0,5.0,1326411.0,3.5035105175385735e-06,3.7695706685182798e-06,0.0,poisson_thinned_full_core_4D,,False
snv_table,GCF_028199725.1,GCF_028199855.1,close_no_recombination,0,0,3.496503496503497e-06,1.0000105113049085,full_core,0.0,7.007536605619344e-06,3.503768302809672e-06,4.52376446567933e-06,1.0,285407.0,6.0,1326329.0,3.503768302809672e-06,4.52376446567933e-06,7.007536605619344e-06,poisson_thinned_full_core_4D,0.6455570224280702,False
snv_table,GCF_028199725.1,GCF_028199875.1,close_no_recombination,0,0,3.496503496503497e-06,1.0000070070210352,full_core,7.007021035077147e-06,0.0,3.5035105175385735e-06,1.5078282674073118e-06,1.0,285428.0,2.0,1326411.0,3.5035105175385735e-06,1.5078282674073118e-06,0.0,poisson_thinned_full_core_4D,,False
snv_table,GCF_028199725.1,GCF_028199915.1,close_no_recombination,0,0,6.993006993006993e-06,1.0000070070210352,full_core,7.007021035077147e-06,7.007021035077147e-06,7.007021035077147e-06,3.7695706685182798e-06,2.0,285428.0,5.0,1326411.0,7.007021035077147e-06,3.7695706685182798e-06,7.007021035077147e-06,poisson_thinned_full_core_4D,0.5379705083869178,True
snv_table,GCF_028199725.1,GCF_028199925.1,close_no_recombination,0,0,6.993006993006993e-06,1.0000070070210352,full_core,1.4014042070154294e-05,0.0,7.007021035077147e-06,3.7695706685182798e-06,2.0,285428.0,5.0,1326411.0,7.007021035077147e-06,3.7695706685182798e-06,0.0,poisson_thinned_full_core_4D,,False
snv_table,GCF_028199725.1,GCF_028199955.1,close_no_recombination,0,0,6.993006993006993e-06,1.0000280345666206,full_core,1.4017283310321627e-05,0.0,7.0086416551608136e-06,1.5081523173514432e-06,2.0,285362.0,2.0,1326126.0,7.0086416551608136e-06,1.5081523173514432e-06,0.0,poisson_thinned_full_core_4D,,False
snv_table,GCF_028199725.1,GCF_028199975.1,close_no_recombination,0,0,6.993006993006993e-06,1.0,full_core,7.007217433956976e-06,7.007217433956976e-06,7.007217433956976e-06,3.7697156126541813e-06,2.0,285420.0,5.0,1326360.0,7.007217433956976e-06,3.7697156126541813e-06,7.007217433956976e-06,poisson_thinned_full_core_4D,0.5379761150818783,True
snv_table,GCF_028199725.1,GCF_028199995.1,close_no_recombination,0,0,6.993006993006993e-06,1.0000070070210352,full_core,0.0,1.4014042070154294e-05,7.007021035077147e-06,3.7695706685182798e-06,2.0,285428.0,5.0,1326411.0,7.007021035077147e-06,3.7695706685182798e-06,1.4014042070154294e-05,poisson_thinned_full_core_4D,0.2689852541934589,False
snv_table,GCF_028199725.1,GCF_028200035.1,close_no_recombination,0,0,6.993006993006993e-06,1.0000070070210352,full_core,7.007021035077147e-06,7.007021035077147e-06,7.007021035077147e-06,3.7695706685182798e-06,2.0,285428.0,5.0,1326411.0,7.007021035077147e-06,3.7695706685182798e-06,7.007021035077147e-06,poisson_thinned_full_core_4D,0.5379705083869178,True
snv_table,GCF_028199725.1,GCF_028200075.1,close_no_recombination,0,0,6.993006993006993e-06,1.0000070070210352,full_core,0.0,1.4014042070154294e-05,7.007021035077147e-06,1.5078282674073118e-06,2.0,285428.0,2.0,1326411.0,7.007021035077147e-06,1.5078282674073118e-06,1.4014042070154294e-05,poisson_thinned_full_core_4D,0.10759410167738355,False
snv_table,GCF_028199725.1,GCF_028200115.1,close_no_recombination,0,0,3.5087719298245615e-06,1.000031592138472,full_core,0.0,7.020475215967369e-06,3.5102376079836844e-06,1.5107611516834412e-06,1.0,284881.0,2.0,1323836.0,3.5102376079836844e-06,1.5107611516834412e-06,7.020475215967369e-06,poisson_thinned_full_core_4D,0.21519357382636523,False
snv_table,GCF_028199725.1,GCF_039734225.1,close_no_recombination,0,0,6.993006993006993e-06,1.0000070070210352,full_core,0.0,1.4014042070154294e-05,7.007021035077147e-06,3.0156565348146236e-06,2.0,285428.0,4.0,1326411.0,7.007021035077147e-06,3.0156565348146236e-06,1.4014042070154294e-05,poisson_thinned_full_core_4D,0.2151882033547671,False
snv_table,GCF_028199725.1,GCF_039760355.1,close_no_recombination,0,0,0.0,1.0000245645925965,full_core,0.0,0.0,0.0,2.26521773272847e-06,0.0,284963.0,3.0,1324376.0,0.0,2.26521773272847e-06,0.0,poisson_thinned_full_core_4D,,False
snv_table,GCF_028199725.1,GCF_039760375.1,close_no_recombination,0,0,1.048951048951049e-05,1.0000070070210352,full_core,1.4014042070154294e-05,7.007021035077147e-06,1.0510531552615721e-05,5.2773989359255916e-06,3.0,285428.0,7.0,1326411.0,1.0510531552615721e-05,5.2773989359255916e-06,7.007021035077147e-06,poisson_thinned_full_core_4D,0.7531587117416849,True
snv_table,GCF_028199725.1,GCF_039760395.1,close_no_recombination,0,0,1.048951048951049e-05,1.0000070070210352,full_core,1.4014042070154294e-05,7.007021035077147e-06,1.0510531552615721e-05,6.785227203332904e-06,3.0,285428.0,9.0,1326411.0,1.0510531552615721e-05,6.785227203332904e-06,7.007021035077147e-06,poisson_thinned_full_core_4D,0.9683469150964521,True
snv_table,GCF_028199725.1,GCF_039760415.1,close_no_recombination,0,0,3.496503496503497e-06,1.0000070070210352,full_core,0.0,7.007021035077147e-06,3.5035105175385735e-06,3.0156565348146236e-06,1.0,285428.0,4.0,1326411.0,3.5035105175385735e-06,3.0156565348146236e-06,7.007021035077147e-06,poisson_thinned_full_core_4D,0.4303764067095342,False
snv_table,GCF_028199725.1,GCF_039760475.1,close_no_recombination,0,0,0.0,1.0000175232621304,full_core,0.0,0.0,0.0,5.2789908982655495e-06,0.0,285335.0,7.0,1326011.0,0.0,5.2789908982655495e-06,0.0,poisson_thinned_full_core_4D,,False
snv_table,GCF_028199755.1,GCF_028200275.1,close_no_recombination,0,0,1.3937282229965156e-05,1.0000314475297964,full_core,1.3976679909570881e-05,1.3976679909570881e-05,1.3976679909570881e-05,3.0082674710773882e-06,4.0,286191.0,4.0,1329669.0,1.3976679909570881e-05,3.0082674710773882e-06,1.3976679909570881e-05,poisson_thinned_full_core_4D,0.21523476895377722,True
snv_table,GCF_028199755.1,GCF_028200355.1,close_no_recombination,0,0,1.3937282229965156e-05,1.00002795130882,full_core,1.397565441001775e-05,1.397565441001775e-05,1.397565441001775e-05,3.7600572130305537e-06,4.0,286212.0,5.0,1329767.0,1.397565441001775e-05,3.7600572130305537e-06,1.397565441001775e-05,poisson_thinned_full_core_4D,0.2690433737639752,True
snv_table,GCF_028199755.1,GCF_028200765.1,close_no_recombination,0,0,1.3937282229965156e-05,1.0000314442336515,full_core,2.096282243441257e-05,6.9876074781375235e-06,1.3975214956275047e-05,7.519746855241865e-06,4.0,286221.0,10.0,1329832.0,1.3975214956275047e-05,7.519746855241865e-06,6.9876074781375235e-06,poisson_thinned_full_core_4D,1.0761547323270908,True
snv_table,GCF_028199755.1,GCF_028200975.1,close_no_recombination,0,0,6.968641114982578e-06,1.0000104822901708,full_core,6.988193447171005e-06,6.988193447171005e-06,6.988193447171005e-06,6.016272513079752e-06,2.0,286197.0,8.0,1329727.0,6.988193447171005e-06,6.016272513079752e-06,6.988193447171005e-06,poisson_thinned_full_core_4D,0.8609195722129429,True
snv_table,GCF_028199755.1,GCF_028394965.1,close_no_recombination,0,0,6.968641114982578e-06,1.000010483755421,full_core,6.989170280650132e-06,6.989170280650132e-06,6.989170280650132e-06,3.0085367229513744e-06,2.0,286157.0,4.0,1329550.0,6.989170280650132e-06,3.0085367229513744e-06,6.989170280650132e-06,poisson_thinned_full_core_4D,0.43045692151479825,True
snv_table,GCF_028199755.1,GCF_028394975.1,close_no_recombination,0,0,6.968641114982578e-06,1.0000034945607164,full_core,1.3978242864980658e-05,0.0,6.989121432490329e-06,7.521319179213481e-06,2.0,286159.0,10.0,1329554.0,6.989121432490329e-06,7.521319179213481e-06,0.0,poisson_thinned_full_core_4D,,False
snv_table,GCF_028199755.1,GCF_028395025.1,close_no_recombination,0,0,1.0452961672473868e-05,1.00002795130882,full_core,1.397565441001775e-05,6.987827205008875e-06,1.0481740807513312e-05,5.2639534245401e-06,3.0,286212.0,7.0,1329799.0,1.0481740807513312e-05,5.2639534245401e-06,6.987827205008875e-06,poisson_thinned_full_core_4D,0.7533033187722354,True
snv_table,GCF_028199755.1,GCF_028395045.1,close_no_recombination,0,0,6.968641114982578e-06,1.000010483755421,full_core,6.989170280650132e-06,6.989170280650132e-06,6.989170280650132e-06,3.0085367229513744e-06,2.0,286157.0,4.0,1329550.0,6.989170280650132e-06,3.0085367229513744e-06,6.989170280650132e-06,poisson_thinned_full_core_4D,0.43045692151479825,True
snv_table,GCF_028199775.1,GCF_028199815.1,close_no_recombination,0,0,1.0452961672473868e-05,1.0000069803642353,full_core,1.3960728470811607e-05,6.980364235405803e-06,1.0470546353108705e-05,3.756023723045835e-06,3.0,286518.0,5.0,1331195.0,1.0470546353108705e-05,3.756023723045835e-06,6.980364235405803e-06,poisson_thinned_full_core_4D,0.5380842025398233,True
snv_table,GCF_028199775.1,GCF_028199885.1,close_no_recombination,0,0,0.0,1.0000069803642353,full_core,0.0,0.0,0.0,0.0,0.0,286518.0,0.0,1331195.0,0.0,0.0,0.0,poisson_thinned_full_core_4D,,False
snv_table,GCF_028199775.1,GCF_028200095.1,close_no_recombination,0,0,3.484320557491289e-06,1.0000139622878603,full_core,6.9811439302444095e-06,0.0,3.4905719651222048e-06,7.51287142697226e-07,1.0,286486.0,1.0,1331049.0,3.4905719651222048e-06,7.51287142697226e-07,0.0,poisson_thinned_full_core_4D,,False
snv_table,GCF_028199775.1,GCF_028395745.1,close_no_recombination,0,0,1.3937282229965156e-05,1.0,full_core,1.3973799126637555e-05,1.3973799126637555e-05,1.3973799126637555e-05,7.518412592438883e-06,4.0,286250.0,10.0,1330068.0,1.3973799126637555e-05,7.518412592438883e-06,1.3973799126637555e-05,poisson_thinned_full_core_4D,0.5380364011464075,True
snv_table,GCF_028199775.1,GCF_028395765.1,close_no_recombination,0,0,6.968641114982578e-06,1.0000279425222318,full_core,1.3971261115884625e-05,0.0,6.985630557942313e-06,6.0136494809092935e-06,2.0,286302.0,8.0,1330307.0,6.985630557942313e-06,6.0136494809092935e-06,0.0,poisson_thinned_full_core_4D,,False
snv_table,GCF_028199775.1,GCF_028395835.1,close_no_recombination,0,0,6.968641114982578e-06,1.0000104764332634,full_core,6.98428884224936e-06,6.98428884224936e-06,6.98428884224936e-06,3.0062688220612033e-06,2.0,286357.0,4.0,1330553.0,6.98428884224936e-06,3.0062688220612033e-06,6.98428884224936e-06,poisson_thinned_full_core_4D,0.43043306053949,True
snv_table,GCF_028199785.1,GCF_028199835.1,close_no_recombination,0,0,0.0,1.0000070045669778,full_core,0.0,0.0,0.0,3.014626970058725e-06,0.0,285528.0,4.0,1326864.0,0.0,3.014626970058725e-06,0.0,poisson_thinned_full_core_4D,,False
snv_table,GCF_028199785.1,GCF_028199855.1,close_no_recombination,0,0,0.0,1.0000105113049085,full_core,0.0,0.0,0.0,3.7698037213994414e-06,0.0,285407.0,5.0,1326329.0,0.0,3.7698037213994414e-06,0.0,poisson_thinned_full_core_4D,,False
snv_table,GCF_028199785.1,GCF_028199875.1,close_no_recombination,0,0,0.0,1.0000070045669778,full_core,0.0,0.0,0.0,7.536567425146812e-07,0.0,285528.0,1.0,1326864.0,0.0,7.536567425146812e-07,0.0,poisson_thinned_full_core_4D,,False
snv_table,GCF_028199785.1,GCF_028199915.1,close_no_recombination,0,0,3.496503496503497e-06,1.0000070045669778,full_core,0.0,7.00456697766944e-06,3.50228348883472e-06,3.014626970058725e-06,1.0,285528.0,4.0,1326864.0,3.50228348883472e-06,3.014626970058725e-06,7.00456697766944e-06,poisson_thinned_full_core_4D,0.4303802047534638,False
snv_table,GCF_028199785.1,GCF_028199925.1,close_no_recombination,0,0,3.496503496503497e-06,1.0000070045669778,full_core,0.0,7.00456697766944e-06,3.50228348883472e-06,3.014626970058725e-06,1.0,285528.0,4.0,1326864.0,3.50228348883472e-06,3.014626970058725e-06,7.00456697766944e-06,poisson_thinned_full_core_4D,0.4303802047534638,False
snv_table,GCF_028199785.1,GCF_028199955.1,close_no_recombination,0,0,3.496503496503497e-06,1.0000280247458506,full_core,0.0,7.006186462646517e-06,3.5030932313232583e-06,7.538186568609935e-07,1.0,285462.0,1.0,1326579.0,3.5030932313232583e-06,7.538186568609935e-07,7.006186462646517e-06,poisson_thinned_full_core_4D,0.10759329071242647,False
snv_table,GCF_028199785.1,GCF_028199975.1,close_no_recombination,0,0,3.496503496503497e-06,1.0,full_core,7.004763239002522e-06,0.0,3.502381619501261e-06,3.0147428462036474e-06,1.0,285520.0,4.0,1326813.0,3.502381619501261e-06,3.0147428462036474e-06,0.0,poisson_thinned_full_core_4D,,False
snv_table,GCF_028199785.1,GCF_028199995.1,close_no_recombination,0,0,3.496503496503497e-06,1.000021019884811,full_core,7.006628270343745e-06,0.0,3.5033141351718724e-06,3.0154951216827667e-06,1.0,285444.0,4.0,1326482.0,3.5033141351718724e-06,3.0154951216827667e-06,0.0,poisson_thinned_full_core_4D,,False
snv_table,GCF_028199785.1,GCF_028200075.1,close_no_recombination,0,0,3.496503496503497e-06,1.0000070045669778,full_core,0.0,7.00456697766944e-06,3.50228348883472e-06,7.536567425146812e-07,1.0,285528.0,1.0,1326864.0,3.50228348883472e-06,7.536567425146812e-07,7.00456697766944e-06,poisson_thinned_full_core_4D,0.10759505118836594,False
snv_table,GCF_028199785.1,GCF_028200115.1,close_no_recombination,0,0,0.0,1.000031581052772,full_core,0.0,0.0,0.0,7.551221825447467e-07,0.0,284981.0,1.0,1324289.0,0.0,7.551221825447467e-07,0.0,poisson_thinned_full_core_4D,,False
snv_table,GCF_028199785.1,GCF_039734225.1,close_no_recombination,0,0,3.496503496503497e-06,1.0000070070210352,full_core,0.0,7.007021035077147e-06,3.5035105175385735e-06,2.261742401110968e-06,1.0,285428.0,3.0,1326411.0,3.5035105175385735e-06,2.261742401110968e-06,7.007021035077147e-06,poisson_thinned_full_core_4D,0.32278230503215066,False
snv_table,GCF_028199785.1,GCF_039760355.1,close_no_recombination,0,0,0.0,1.0000245559753458,full_core,0.0,0.0,0.0,2.2644431847430874e-06,0.0,285063.0,3.0,1324829.0,0.0,2.2644431847430874e-06,0.0,poisson_thinned_full_core_4D,,False
snv_table,GCF_028199785.1,GCF_039760375.1,close_no_recombination,0,0,6.993006993006993e-06,1.0000070045669778,full_core,7.00456697766944e-06,7.00456697766944e-06,7.00456697766944e-06,4.521940455088088e-06,2.0,285528.0,6.0,1326864.0,7.00456697766944e-06,4.521940455088088e-06,7.00456697766944e-06,poisson_thinned_full_core_4D,0.6455703071301958,True
snv_table,GCF_028199785.1,GCF_039760395.1,close_no_recombination,0,0,6.993006993006993e-06,1.0000070045669778,full_core,0.0,1.400913395533888e-05,7.00456697766944e-06,6.02925394011745e-06,2.0,285528.0,8.0,1326864.0,7.00456697766944e-06,6.02925394011745e-06,1.400913395533888e-05,poisson_thinned_full_core_4D,0.4303802047534638,False
snv_table,GCF_028199785.1,GCF_039760415.1,close_no_recombination,0,0,0.0,1.0000070045669778,full_core,0.0,0.0,0.0,2.260970227544044e-06,0.0,285528.0,3.0,1326864.0,0.0,2.260970227544044e-06,0.0,poisson_thinned_full_core_4D,,False
snv_table,GCF_028199785.1,GCF_039760475.1,close_no_recombination,0,0,0.0,1.000021022094221,full_core,0.0,0.0,0.0,5.277566046854231e-06,0.0,285414.0,7.0,1326369.0,0.0,5.277566046854231e-06,0.0,poisson_thinned_full_core_4D,,False
snv_table,GCF_028199815.1,GCF_028199885.1,close_no_recombination,0,0,1.0452961672473868e-05,1.0000069803642353,full_core,1.3960728470811607e-05,6.980364235405803e-06,1.0470546353108705e-05,3.756023723045835e-06,3.0,286518.0,5.0,1331195.0,1.0470546353108705e-05,3.756023723045835e-06,6.980364235405803e-06,poisson_thinned_full_core_4D,0.5380842025398233,True
snv_table,GCF_028199815.1,GCF_028200095.1,close_no_recombination,0,0,1.3937282229965156e-05,1.0000139622878603,full_core,6.9811439302444095e-06,2.094343179073323e-05,1.3962287860488819e-05,3.005148570788904e-06,4.0,286486.0,4.0,1331049.0,1.3962287860488819e-05,3.005148570788904e-06,2.094343179073323e-05,poisson_thinned_full_core_4D,0.14348883224183834,True
snv_table,GCF_028199815.1,GCF_028395765.1,close_no_recombination,0,0,6.968641114982578e-06,1.0000279425222318,full_core,6.985630557942313e-06,1.3971261115884625e-05,1.047844583691347e-05,4.5102371106819705e-06,3.0,286302.0,6.0,1330307.0,1.047844583691347e-05,4.5102371106819705e-06,1.3971261115884625e-05,poisson_thinned_full_core_4D,0.3228224763156174,True
snv_table,GCF_028199815.1,GCF_028395835.1,close_no_recombination,0,0,1.0452961672473868e-05,1.0000104764332634,full_core,6.98428884224936e-06,1.396857768449872e-05,1.047643326337404e-05,1.5031344110306017e-06,3.0,286357.0,2.0,1330553.0,1.047643326337404e-05,1.5031344110306017e-06,1.396857768449872e-05,poisson_thinned_full_core_4D,0.1076082651348725,True
snv_table,GCF_028199835.1,GCF_028199855.1,close_no_recombination,0,0,0.0,1.0000315334727814,full_core,0.0,0.0,0.0,7.539499437553342e-07,0.0,285411.0,1.0,1326348.0,0.0,7.539499437553342e-07,0.0,poisson_thinned_full_core_4D,,False
snv_table,GCF_028199835.1,GCF_028199875.1,close_no_recombination,0,0,0.0,1.0000280178754044,full_core,0.0,0.0,0.0,2.2609378520939676e-06,0.0,285532.0,3.0,1326883.0,0.0,2.2609378520939676e-06,0.0,poisson_thinned_full_core_4D,,False
snv_table,GCF_028199835.1,GCF_028199915.1,close_no_recombination,0,0,3.496503496503497e-06,1.0000280178754044,full_core,0.0,7.004468851127019e-06,3.5022344255635094e-06,0.0,1.0,285532.0,0.0,1326883.0,3.5022344255635094e-06,0.0,7.004468851127019e-06,poisson_thinned_full_core_4D,0.0,False
snv_table,GCF_028199835.1,GCF_028199925.1,close_no_recombination,0,0,3.496503496503497e-06,1.0000280178754044,full_core,7.004468851127019e-06,0.0,3.5022344255635094e-06,0.0,1.0,285532.0,0.0,1326883.0,3.5022344255635094e-06,0.0,0.0,poisson_thinned_full_core_4D,,False
snv_table,GCF_028199835.1,GCF_028199955.1,close_no_recombination,0,0,3.496503496503497e-06,1.0000140121765817,full_core,0.0,7.0060882907246395e-06,3.5030441453623197e-06,2.2614235812205356e-06,1.0,285466.0,3.0,1326598.0,3.5030441453623197e-06,2.2614235812205356e-06,7.0060882907246395e-06,poisson_thinned_full_core_4D,0.32277977201835073,False
snv_table,GCF_028199835.1,GCF_028199975.1,close_no_recombination,0,0,3.496503496503497e-06,1.000021013995321,full_core,7.004665106961236e-06,0.0,3.502332553480618e-06,0.0,1.0,285524.0,0.0,1326832.0,3.502332553480618e-06,0.0,0.0,poisson_thinned_full_core_4D,,False
snv_table,GCF_028199835.1,GCF_028199995.1,close_no_recombination,0,0,3.496503496503497e-06,1.000007006530086,full_core,0.0,7.00653008604019e-06,3.503265043020095e-06,0.0,1.0,285448.0,0.0,1326501.0,3.503265043020095e-06,0.0,7.00653008604019e-06,poisson_thinned_full_core_4D,0.0,False
snv_table,GCF_028199835.1,GCF_028200075.1,close_no_recombination,0,0,3.496503496503497e-06,1.0000280178754044,full_core,7.004468851127019e-06,0.0,3.5022344255635094e-06,2.2609378520939676e-06,1.0,285532.0,3.0,1326883.0,3.5022344255635094e-06,2.2609378520939676e-06,0.0,poisson_thinned_full_core_4D,,False
snv_table,GCF_028199835.1,GCF_028200115.1,close_no_recombination,0,0,0.0,1.0000175447830588,full_core,0.0,0.0,0.0,2.2653340461584466e-06,0.0,284985.0,3.0,1324308.0,0.0,2.2653340461584466e-06,0.0,poisson_thinned_full_core_4D,,False
snv_table,GCF_028199835.1,GCF_039734225.1,close_no_recombination,0,0,3.496503496503497e-06,1.0000280276913591,full_core,0.0,7.006922839765688e-06,3.503461419882844e-06,7.539033345144485e-07,1.0,285432.0,1.0,1326430.0,3.503461419882844e-06,7.539033345144485e-07,7.006922839765688e-06,poisson_thinned_full_core_4D,0.10759406828856405,False
snv_table,GCF_028199835.1,GCF_039760355.1,close_no_recombination,0,0,0.0,1.0000105238417636,full_core,0.0,0.0,0.0,7.548035699189642e-07,0.0,285067.0,1.0,1324848.0,0.0,7.548035699189642e-07,0.0,poisson_thinned_full_core_4D,,False
snv_table,GCF_028199835.1,GCF_039760375.1,close_no_recombination,0,0,6.993006993006993e-06,1.0000280178754044,full_core,7.004468851127019e-06,7.004468851127019e-06,7.004468851127019e-06,3.014583802791957e-06,2.0,285532.0,4.0,1326883.0,7.004468851127019e-06,3.014583802791957e-06,7.004468851127019e-06,poisson_thinned_full_core_4D,0.43038007118939653,True
snv_table,GCF_028199835.1,GCF_039760395.1,close_no_recombination,0,0,6.993006993006993e-06,1.0000280178754044,full_core,1.4008937702254037e-05,0.0,7.004468851127019e-06,4.521875704187935e-06,2.0,285532.0,6.0,1326883.0,7.004468851127019e-06,4.521875704187935e-06,0.0,poisson_thinned_full_core_4D,,False
snv_table,GCF_028199835.1,GCF_039760415.1,close_no_recombination,0,0,0.0,1.0000280178754044,full_core,0.0,0.0,0.0,2.2609378520939676e-06,0.0,285532.0,3.0,1326883.0,0.0,2.2609378520939676e-06,0.0,poisson_thinned_full_core_4D,,False
snv_table,GCF_028199835.1,GCF_039760475.1,close_no_recombination,0,0,0.0,1.0000070072665357,full_core,0.0,0.0,0.0,3.7696360341016354e-06,0.0,285418.0,5.0,1326388.0,0.0,3.7696360341016354e-06,0.0,poisson_thinned_full_core_4D,,False
snv_table,GCF_028199855.1,GCF_028199875.1,close_no_recombination,0,0,0.0,1.0000315334727814,full_core,0.0,0.0,0.0,3.015799775021337e-06,0.0,285411.0,4.0,1326348.0,0.0,3.015799775021337e-06,0.0,poisson_thinned_full_core_4D,,False
snv_table,GCF_028199855.1,GCF_028199915.1,close_no_recombination,0,0,3.496503496503497e-06,1.0000315334727814,full_core,0.0,7.007438395857202e-06,3.503719197928601e-06,7.539499437553342e-07,1.0,285411.0,1.0,1326348.0,3.503719197928601e-06,7.539499437553342e-07,7.007438395857202e-06,poisson_thinned_full_core_4D,0.10759280369857685,False
snv_table,GCF_028199855.1,GCF_028199925.1,close_no_recombination,0,0,3.496503496503497e-06,1.0000315334727814,full_core,7.007438395857202e-06,0.0,3.503719197928601e-06,7.539499437553342e-07,1.0,285411.0,1.0,1326348.0,3.503719197928601e-06,7.539499437553342e-07,0.0,poisson_thinned_full_core_4D,,False
snv_table,GCF_028199855.1,GCF_028199955.1,close_no_recombination,0,0,3.496503496503497e-06,1.0000175226480226,full_core,0.0,7.0090592090276684e-06,3.5045296045138342e-06,3.0164479364856725e-06,1.0,285345.0,4.0,1326063.0,3.5045296045138342e-06,3.0164479364856725e-06,7.0090592090276684e-06,poisson_thinned_full_core_4D,0.4303641682182521,False
snv_table,GCF_028199855.1,GCF_028199975.1,close_no_recombination,0,0,3.496503496503497e-06,1.0000245267218637,full_core,7.0076348181343576e-06,0.0,3.5038174090671788e-06,7.539789353365045e-07,1.0,285403.0,1.0,1326297.0,3.5038174090671788e-06,7.539789353365045e-07,0.0,poisson_thinned_full_core_4D,,False
snv_table,GCF_028199855.1,GCF_028199995.1,close_no_recombination,0,0,3.496503496503497e-06,1.0000315334727814,full_core,7.007438395857202e-06,0.0,3.503719197928601e-06,7.539499437553342e-07,1.0,285411.0,1.0,1326348.0,3.503719197928601e-06,7.539499437553342e-07,0.0,poisson_thinned_full_core_4D,,False
snv_table,GCF_028199855.1,GCF_028200035.1,close_no_recombination,0,0,3.496503496503497e-06,1.0000315334727814,full_core,0.0,7.007438395857202e-06,3.503719197928601e-06,7.539499437553342e-07,1.0,285411.0,1.0,1326348.0,3.503719197928601e-06,7.539499437553342e-07,7.007438395857202e-06,poisson_thinned_full_core_4D,0.10759280369857685,False
snv_table,GCF_028199855.1,GCF_028200075.1,close_no_recombination,0,0,3.496503496503497e-06,1.0000315334727814,full_core,0.0,7.007438395857202e-06,3.503719197928601e-06,3.015799775021337e-06,1.0,285411.0,4.0,1326348.0,3.503719197928601e-06,3.015799775021337e-06,7.007438395857202e-06,poisson_thinned_full_core_4D,0.4303712147943074,False
snv_table,GCF_028199855.1,GCF_028200115.1,close_no_recombination,0,0,0.0,1.0000210626825432,full_core,0.0,0.0,0.0,3.0216661013633e-06,0.0,284864.0,4.0,1323773.0,0.0,3.0216661013633e-06,0.0,poisson_thinned_full_core_4D,,False
snv_table,GCF_028199855.1,GCF_039734225.1,close_no_recombination,0,0,3.496503496503497e-06,1.0000315334727814,full_core,7.007438395857202e-06,0.0,3.503719197928601e-06,1.5078998875106684e-06,1.0,285411.0,2.0,1326348.0,3.503719197928601e-06,1.5078998875106684e-06,0.0,poisson_thinned_full_core_4D,,False
snv_table,GCF_028199855.1,GCF_039760355.1,close_no_recombination,0,0,0.0,1.000014037747503,full_core,0.0,0.0,0.0,1.5102169955290027e-06,0.0,284946.0,2.0,1324313.0,0.0,1.5102169955290027e-06,0.0,poisson_thinned_full_core_4D,,False
snv_table,GCF_028199855.1,GCF_039760375.1,close_no_recombination,0,0,6.993006993006993e-06,1.0000315334727814,full_core,7.007438395857202e-06,7.007438395857202e-06,7.007438395857202e-06,3.769749718776671e-06,2.0,285411.0,5.0,1326348.0,7.007438395857202e-06,3.769749718776671e-06,7.007438395857202e-06,poisson_thinned_full_core_4D,0.5379640184928842,True
snv_table,GCF_028199855.1,GCF_039760395.1,close_no_recombination,0,0,6.993006993006993e-06,1.0000315334727814,full_core,7.007438395857202e-06,7.007438395857202e-06,7.007438395857202e-06,5.27764960628734e-06,2.0,285411.0,7.0,1326348.0,7.007438395857202e-06,5.27764960628734e-06,7.007438395857202e-06,poisson_thinned_full_core_4D,0.753149625890038,True
snv_table,GCF_028199855.1,GCF_039760415.1,close_no_recombination,0,0,0.0,1.0000315334727814,full_core,0.0,0.0,0.0,3.015799775021337e-06,0.0,285411.0,4.0,1326348.0,0.0,3.015799775021337e-06,0.0,poisson_thinned_full_core_4D,,False
snv_table,GCF_028199855.1,GCF_039760475.1,close_no_recombination,0,0,0.0,1.0000070097224851,full_core,0.0,0.0,0.0,4.525064331331244e-06,0.0,285318.0,6.0,1325948.0,0.0,4.525064331331244e-06,0.0,poisson_thinned_full_core_4D,,False
snv_table,GCF_028199875.1,GCF_028199915.1,close_no_recombination,0,0,3.496503496503497e-06,1.0000280178754044,full_core,0.0,7.004468851127019e-06,3.5022344255635094e-06,2.2609378520939676e-06,1.0,285532.0,3.0,1326883.0,3.5022344255635094e-06,2.2609378520939676e-06,7.004468851127019e-06,poisson_thinned_full_core_4D,0.3227850533920474,False
snv_table,GCF_028199875.1,GCF_028199925.1,close_no_recombination,0,0,3.496503496503497e-06,1.0000280178754044,full_core,7.004468851127019e-06,0.0,3.5022344255635094e-06,2.2609378520939676e-06,1.0,285532.0,3.0,1326883.0,3.5022344255635094e-06,2.2609378520939676e-06,0.0,poisson_thinned_full_core_4D,,False
snv_table,GCF_028199875.1,GCF_028199955.1,close_no_recombination,0,0,3.496503496503497e-06,1.0000140121765817,full_core,0.0,7.0060882907246395e-06,3.5030441453623197e-06,0.0,1.0,285466.0,0.0,1326598.0,3.5030441453623197e-06,0.0,7.0060882907246395e-06,poisson_thinned_full_core_4D,0.0,False
snv_table,GCF_028199875.1,GCF_028199975.1,close_no_recombination,0,0,3.496503496503497e-06,1.000021013995321,full_core,7.004665106961236e-06,0.0,3.502332553480618e-06,2.2610247567137363e-06,1.0,285524.0,3.0,1326832.0,3.502332553480618e-06,2.2610247567137363e-06,0.0,poisson_thinned_full_core_4D,,False
snv_table,GCF_028199875.1,GCF_028199995.1,close_no_recombination,0,0,3.496503496503497e-06,1.000007006530086,full_core,0.0,7.00653008604019e-06,3.503265043020095e-06,2.2615889471624972e-06,1.0,285448.0,3.0,1326501.0,3.503265043020095e-06,2.2615889471624972e-06,7.00653008604019e-06,poisson_thinned_full_core_4D,0.32278302089482025,False
snv_table,GCF_028199875.1,GCF_028200075.1,close_no_recombination,0,0,3.496503496503497e-06,1.0000280178754044,full_core,0.0,7.004468851127019e-06,3.5022344255635094e-06,0.0,1.0,285532.0,0.0,1326883.0,3.5022344255635094e-06,0.0,7.004468851127019e-06,poisson_thinned_full_core_4D,0.0,False
snv_table,GCF_028199875.1,GCF_028200115.1,close_no_recombination,0,0,0.0,1.0000175447830588,full_core,0.0,0.0,0.0,0.0,0.0,284985.0,0.0,1324308.0,0.0,0.0,0.0,poisson_thinned_full_core_4D,,False
snv_table,GCF_028199875.1,GCF_039734225.1,close_no_recombination,0,0,3.496503496503497e-06,1.0000280276913591,full_core,7.006922839765688e-06,0.0,3.503461419882844e-06,1.507806669028897e-06,1.0,285432.0,2.0,1326430.0,3.503461419882844e-06,1.507806669028897e-06,0.0,poisson_thinned_full_core_4D,,False
snv_table,GCF_028199875.1,GCF_039760355.1,close_no_recombination,0,0,0.0,1.0000105238417636,full_core,0.0,0.0,0.0,1.5096071398379285e-06,0.0,285067.0,2.0,1324848.0,0.0,1.5096071398379285e-06,0.0,poisson_thinned_full_core_4D,,False
snv_table,GCF_028199875.1,GCF_039760375.1,close_no_recombination,0,0,6.993006993006993e-06,1.0000280178754044,full_core,1.4008937702254037e-05,0.0,7.004468851127019e-06,3.768229753489946e-06,2.0,285532.0,5.0,1326883.0,7.004468851127019e-06,3.768229753489946e-06,0.0,poisson_thinned_full_core_4D,,False
snv_table,GCF_028199875.1,GCF_039760395.1,close_no_recombination,0,0,6.993006993006993e-06,1.0000280178754044,full_core,7.004468851127019e-06,7.004468851127019e-06,7.004468851127019e-06,5.275521654885924e-06,2.0,285532.0,7.0,1326883.0,7.004468851127019e-06,5.275521654885924e-06,7.004468851127019e-06,poisson_thinned_full_core_4D,0.7531651245814439,True
snv_table,GCF_028199875.1,GCF_039760415.1,close_no_recombination,0,0,0.0,1.0000280178754044,full_core,0.0,0.0,0.0,1.5072919013959785e-06,0.0,285532.0,2.0,1326883.0,0.0,1.5072919013959785e-06,0.0,poisson_thinned_full_core_4D,,False
snv_table,GCF_028199875.1,GCF_039760475.1,close_no_recombination,0,0,0.0,1.0000070072665357,full_core,0.0,0.0,0.0,4.523563240921962e-06,0.0,285418.0,6.0,1326388.0,0.0,4.523563240921962e-06,0.0,poisson_thinned_full_core_4D,,False
snv_table,GCF_028199885.1,GCF_028200095.1,close_no_recombination,0,0,3.484320557491289e-06,1.0000139622878603,full_core,0.0,6.9811439302444095e-06,3.4905719651222048e-06,7.51287142697226e-07,1.0,286486.0,1.0,1331049.0,3.4905719651222048e-06,7.51287142697226e-07,6.9811439302444095e-06,poisson_thinned_full_core_4D,0.10761662418137875,False
snv_table,GCF_028199885.1,GCF_028395745.1,close_no_recombination,0,0,1.3937282229965156e-05,1.0,full_core,6.986899563318778e-06,2.096069868995633e-05,1.3973799126637555e-05,7.518412592438883e-06,4.0,286250.0,10.0,1330068.0,1.3973799126637555e-05,7.518412592438883e-06,2.096069868995633e-05,poisson_thinned_full_core_4D,0.35869093409760505,True
snv_table,GCF_028199885.1,GCF_028395765.1,close_no_recombination,0,0,6.968641114982578e-06,1.0000279425222318,full_core,0.0,1.3971261115884625e-05,6.985630557942313e-06,6.0136494809092935e-06,2.0,286302.0,8.0,1330307.0,6.985630557942313e-06,6.0136494809092935e-06,1.3971261115884625e-05,poisson_thinned_full_core_4D,0.43042996842082315,False
snv_table,GCF_028199885.1,GCF_028395835.1,close_no_recombination,0,0,6.968641114982578e-06,1.0000104764332634,full_core,1.396857768449872e-05,0.0,6.98428884224936e-06,3.0062688220612033e-06,2.0,286357.0,4.0,1330553.0,6.98428884224936e-06,3.0062688220612033e-06,0.0,poisson_thinned_full_core_4D,,False
snv_table,GCF_028199915.1,GCF_028199925.1,close_no_recombination,0,0,0.0,1.0000280178754044,full_core,0.0,0.0,0.0,0.0,0.0,285532.0,0.0,1326883.0,0.0,0.0,0.0,poisson_thinned_full_core_4D,,False
snv_table,GCF_028199915.1,GCF_028199955.1,close_no_recombination,0,0,6.993006993006993e-06,1.0000140121765817,full_core,7.0060882907246395e-06,7.0060882907246395e-06,7.0060882907246395e-06,2.2614235812205356e-06,2.0,285466.0,3.0,1326598.0,7.0060882907246395e-06,2.2614235812205356e-06,7.0060882907246395e-06,poisson_thinned_full_core_4D,0.32277977201835073,True
snv_table,GCF_028199915.1,GCF_028199975.1,close_no_recombination,0,0,0.0,1.000021013995321,full_core,0.0,0.0,0.0,0.0,0.0,285524.0,0.0,1326832.0,0.0,0.0,0.0,poisson_thinned_full_core_4D,,False
snv_table,GCF_028199915.1,GCF_028199995.1,close_no_recombination,0,0,0.0,1.000007006530086,full_core,0.0,0.0,0.0,0.0,0.0,285448.0,0.0,1326501.0,0.0,0.0,0.0,poisson_thinned_full_core_4D,,False
snv_table,GCF_028199915.1,GCF_028200035.1,close_no_recombination,0,0,3.496503496503497e-06,1.0000280178754044,full_core,7.004468851127019e-06,0.0,3.5022344255635094e-06,0.0,1.0,285532.0,0.0,1326883.0,3.5022344255635094e-06,0.0,0.0,poisson_thinned_full_core_4D,,False
snv_table,GCF_028199915.1,GCF_028200075.1,close_no_recombination,0,0,6.993006993006993e-06,1.0000280178754044,full_core,1.4008937702254037e-05,0.0,7.004468851127019e-06,2.2609378520939676e-06,2.0,285532.0,3.0,1326883.0,7.004468851127019e-06,2.2609378520939676e-06,0.0,poisson_thinned_full_core_4D,,False
snv_table,GCF_028199915.1,GCF_028200115.1,close_no_recombination,0,0,3.5087719298245615e-06,1.0000175447830588,full_core,0.0,7.0179132235029914e-06,3.5089566117514957e-06,2.2653340461584466e-06,1.0,284985.0,3.0,1324308.0,3.5089566117514957e-06,2.2653340461584466e-06,7.0179132235029914e-06,poisson_thinned_full_core_4D,0.32279311157223245,False
snv_table,GCF_028199915.1,GCF_039734225.1,close_no_recombination,0,0,6.993006993006993e-06,1.0000280276913591,full_core,1.4013845679531377e-05,0.0,7.006922839765688e-06,7.539033345144485e-07,2.0,285432.0,1.0,1326430.0,7.006922839765688e-06,7.539033345144485e-07,0.0,poisson_thinned_full_core_4D,,False
snv_table,GCF_028199915.1,GCF_039760355.1,close_no_recombination,0,0,3.496503496503497e-06,1.0000105238417636,full_core,7.015894509010162e-06,0.0,3.507947254505081e-06,7.548035699189642e-07,1.0,285067.0,1.0,1324848.0,3.507947254505081e-06,7.548035699189642e-07,0.0,poisson_thinned_full_core_4D,,False
snv_table,GCF_028199915.1,GCF_039760375.1,close_no_recombination,0,0,1.048951048951049e-05,1.0000280178754044,full_core,1.4008937702254037e-05,7.004468851127019e-06,1.050670327669053e-05,3.014583802791957e-06,3.0,285532.0,4.0,1326883.0,1.050670327669053e-05,3.014583802791957e-06,7.004468851127019e-06,poisson_thinned_full_core_4D,0.43038007118939653,True
snv_table,GCF_028199915.1,GCF_039760395.1,close_no_recombination,0,0,1.048951048951049e-05,1.0000280178754044,full_core,7.004468851127019e-06,1.4008937702254037e-05,1.050670327669053e-05,4.521875704187935e-06,3.0,285532.0,6.0,1326883.0,1.050670327669053e-05,4.521875704187935e-06,1.4008937702254037e-05,poisson_thinned_full_core_4D,0.3227850533920474,True
snv_table,GCF_028199915.1,GCF_039760415.1,close_no_recombination,0,0,3.496503496503497e-06,1.0000280178754044,full_core,0.0,7.004468851127019e-06,3.5022344255635094e-06,2.2609378520939676e-06,1.0,285532.0,3.0,1326883.0,3.5022344255635094e-06,2.2609378520939676e-06,7.004468851127019e-06,poisson_thinned_full_core_4D,0.3227850533920474,False
snv_table,GCF_028199915.1,GCF_039760475.1,close_no_recombination,0,0,3.496503496503497e-06,1.0000070072665357,full_core,0.0,7.007266535397207e-06,3.5036332676986034e-06,3.7696360341016354e-06,1.0,285418.0,5.0,1326388.0,3.5036332676986034e-06,3.7696360341016354e-06,7.007266535397207e-06,poisson_thinned_full_core_4D,0.5379609887906103,False
snv_table,GCF_028199925.1,GCF_028199955.1,close_no_recombination,0,0,6.993006993006993e-06,1.0000140121765817,full_core,7.0060882907246395e-06,7.0060882907246395e-06,7.0060882907246395e-06,2.2614235812205356e-06,2.0,285466.0,3.0,1326598.0,7.0060882907246395e-06,2.2614235812205356e-06,7.0060882907246395e-06,poisson_thinned_full_core_4D,0.32277977201835073,True
snv_table,GCF_028199925.1,GCF_028199975.1,close_no_recombination,0,0,0.0,1.000021013995321,full_core,0.0,0.0,0.0,0.0,0.0,285524.0,0.0,1326832.0,0.0,0.0,0.0,poisson_thinned_full_core_4D,,False
snv_table,GCF_028199925.1,GCF_028199995.1,close_no_recombination,0,0,0.0,1.000007006530086,full_core,0.0,0.0,0.0,0.0,0.0,285448.0,0.0,1326501.0,0.0,0.0,0.0,poisson_thinned_full_core_4D,,False
snv_table,GCF_028199925.1,GCF_028200035.1,close_no_recombination,0,0,3.496503496503497e-06,1.0000280178754044,full_core,0.0,7.004468851127019e-06,3.5022344255635094e-06,0.0,1.0,285532.0,0.0,1326883.0,3.5022344255635094e-06,0.0,7.004468851127019e-06,poisson_thinned_full_core_4D,0.0,False
snv_table,GCF_028199925.1,GCF_028200075.1,close_no_recombination,0,0,6.993006993006993e-06,1.0000280178754044,full_core,7.004468851127019e-06,7.004468851127019e-06,7.004468851127019e-06,2.2609378520939676e-06,2.0,285532.0,3.0,1326883.0,7.004468851127019e-06,2.2609378520939676e-06,7.004468851127019e-06,poisson_thinned_full_core_4D,0.3227850533920474,True
snv_table,GCF_028199925.1,GCF_028200115.1,close_no_recombination,0,0,3.5087719298245615e-06,1.0000175447830588,full_core,0.0,7.0179132235029914e-06,3.5089566117514957e-06,2.2653340461584466e-06,1.0,284985.0,3.0,1324308.0,3.5089566117514957e-06,2.2653340461584466e-06,7.0179132235029914e-06,poisson_thinned_full_core_4D,0.32279311157223245,False
snv_table,GCF_028199925.1,GCF_039734225.1,close_no_recombination,0,0,6.993006993006993e-06,1.0000280276913591,full_core,0.0,1.4013845679531377e-05,7.006922839765688e-06,7.539033345144485e-07,2.0,285432.0,1.0,1326430.0,7.006922839765688e-06,7.539033345144485e-07,1.4013845679531377e-05,poisson_thinned_full_core_4D,0.053797034144282024,False
snv_table,GCF_028199925.1,GCF_039760355.1,close_no_recombination,0,0,3.496503496503497e-06,1.0000105238417636,full_core,7.015894509010162e-06,0.0,3.507947254505081e-06,7.548035699189642e-07,1.0,285067.0,1.0,1324848.0,3.507947254505081e-06,7.548035699189642e-07,0.0,poisson_thinned_full_core_4D,,False
snv_table,GCF_028199925.1,GCF_039760375.1,close_no_recombination,0,0,1.048951048951049e-05,1.0000280178754044,full_core,1.4008937702254037e-05,7.004468851127019e-06,1.050670327669053e-05,3.014583802791957e-06,3.0,285532.0,4.0,1326883.0,1.050670327669053e-05,3.014583802791957e-06,7.004468851127019e-06,poisson_thinned_full_core_4D,0.43038007118939653,True
snv_table,GCF_028199925.1,GCF_039760395.1,close_no_recombination,0,0,1.048951048951049e-05,1.0000280178754044,full_core,7.004468851127019e-06,1.4008937702254037e-05,1.050670327669053e-05,4.521875704187935e-06,3.0,285532.0,6.0,1326883.0,1.050670327669053e-05,4.521875704187935e-06,1.4008937702254037e-05,poisson_thinned_full_core_4D,0.3227850533920474,True
snv_table,GCF_028199925.1,GCF_039760415.1,close_no_recombination,0,0,3.496503496503497e-06,1.0000280178754044,full_core,7.004468851127019e-06,0.0,3.5022344255635094e-06,2.2609378520939676e-06,1.0,285532.0,3.0,1326883.0,3.5022344255635094e-06,2.2609378520939676e-06,0.0,poisson_thinned_full_core_4D,,False
snv_table,GCF_028199925.1,GCF_039760475.1,close_no_recombination,0,0,3.496503496503497e-06,1.0000070072665357,full_core,0.0,7.007266535397207e-06,3.5036332676986034e-06,3.7696360341016354e-06,1.0,285418.0,5.0,1326388.0,3.5036332676986034e-06,3.7696360341016354e-06,7.007266535397207e-06,poisson_thinned_full_core_4D,0.5379609887906103,False
snv_table,GCF_028199955.1,GCF_028199975.1,close_no_recombination,0,0,6.993006993006993e-06,1.0000070062846371,full_core,1.4012569274639351e-05,0.0,7.0062846373196755e-06,2.261510523185383e-06,2.0,285458.0,3.0,1326547.0,7.0062846373196755e-06,2.261510523185383e-06,0.0,poisson_thinned_full_core_4D,,False
snv_table,GCF_028199955.1,GCF_028199995.1,close_no_recombination,0,0,6.993006993006993e-06,1.000028032601916,full_core,0.0,1.401630095801417e-05,7.008150479007085e-06,2.262074956115746e-06,2.0,285382.0,3.0,1326216.0,7.008150479007085e-06,2.262074956115746e-06,1.401630095801417e-05,poisson_thinned_full_core_4D,0.16138886878155595,False
snv_table,GCF_028199955.1,GCF_028200035.1,close_no_recombination,0,0,1.048951048951049e-05,1.0000140121765817,full_core,7.0060882907246395e-06,1.4012176581449279e-05,1.050913243608696e-05,2.2614235812205356e-06,3.0,285466.0,3.0,1326598.0,1.050913243608696e-05,2.2614235812205356e-06,1.4012176581449279e-05,poisson_thinned_full_core_4D,0.16138988600917537,True
snv_table,GCF_028199955.1,GCF_028200075.1,close_no_recombination,0,0,0.0,1.0000140121765817,full_core,0.0,0.0,0.0,0.0,0.0,285466.0,0.0,1326598.0,0.0,0.0,0.0,poisson_thinned_full_core_4D,,False
snv_table,GCF_028199955.1,GCF_028200115.1,close_no_recombination,0,0,3.5087719298245615e-06,1.0000035097694433,full_core,0.0,7.0195388864905465e-06,3.5097694432452733e-06,0.0,1.0,284919.0,0.0,1324023.0,3.5097694432452733e-06,0.0,7.0195388864905465e-06,poisson_thinned_full_core_4D,0.0,False
snv_table,GCF_028199955.1,GCF_039734225.1,close_no_recombination,0,0,6.993006993006993e-06,1.0000140170868288,full_core,1.4017086828844361e-05,0.0,7.008543414422181e-06,1.5081307096886087e-06,2.0,285366.0,2.0,1326145.0,7.008543414422181e-06,1.5081307096886087e-06,0.0,poisson_thinned_full_core_4D,,False
snv_table,GCF_028199955.1,GCF_039760355.1,close_no_recombination,0,0,3.496503496503497e-06,1.0000105238417636,full_core,7.015894509010162e-06,0.0,3.507947254505081e-06,1.5096071398379285e-06,1.0,285067.0,2.0,1324848.0,3.507947254505081e-06,1.5096071398379285e-06,0.0,poisson_thinned_full_core_4D,,False
snv_table,GCF_028199955.1,GCF_039760375.1,close_no_recombination,0,0,1.048951048951049e-05,1.0000140121765817,full_core,7.0060882907246395e-06,1.4012176581449279e-05,1.050913243608696e-05,3.769039302034226e-06,3.0,285466.0,5.0,1326598.0,1.050913243608696e-05,3.769039302034226e-06,1.4012176581449279e-05,poisson_thinned_full_core_4D,0.2689831433486256,True
snv_table,GCF_028199955.1,GCF_039760395.1,close_no_recombination,0,0,1.048951048951049e-05,1.0000140121765817,full_core,2.101826487217392e-05,0.0,1.050913243608696e-05,5.276655022847916e-06,3.0,285466.0,7.0,1326598.0,1.050913243608696e-05,5.276655022847916e-06,0.0,poisson_thinned_full_core_4D,,False
snv_table,GCF_028199955.1,GCF_039760415.1,close_no_recombination,0,0,3.496503496503497e-06,1.0000140121765817,full_core,7.0060882907246395e-06,0.0,3.5030441453623197e-06,1.5076157208136904e-06,1.0,285466.0,2.0,1326598.0,3.5030441453623197e-06,1.5076157208136904e-06,0.0,poisson_thinned_full_core_4D,,False
snv_table,GCF_028199955.1,GCF_039760475.1,close_no_recombination,0,0,3.496503496503497e-06,1.0000070072665357,full_core,0.0,7.007266535397207e-06,3.5036332676986034e-06,4.523563240921962e-06,1.0,285418.0,6.0,1326388.0,3.5036332676986034e-06,4.523563240921962e-06,7.007266535397207e-06,poisson_thinned_full_core_4D,0.6455531865487323,False
snv_table,GCF_028199975.1,GCF_028199995.1,close_no_recombination,0,0,0.0,1.0,full_core,0.0,0.0,0.0,0.0,0.0,285440.0,0.0,1326450.0,0.0,0.0,0.0,poisson_thinned_full_core_4D,,False
snv_table,GCF_028199975.1,GCF_028200035.1,close_no_recombination,0,0,3.496503496503497e-06,1.000021013995321,full_core,7.004665106961236e-06,0.0,3.502332553480618e-06,0.0,1.0,285524.0,0.0,1326832.0,3.502332553480618e-06,0.0,0.0,poisson_thinned_full_core_4D,,False
snv_table,GCF_028199975.1,GCF_028200075.1,close_no_recombination,0,0,6.993006993006993e-06,1.000021013995321,full_core,1.4009330213922472e-05,0.0,7.004665106961236e-06,2.2610247567137363e-06,2.0,285524.0,3.0,1326832.0,7.004665106961236e-06,2.2610247567137363e-06,0.0,poisson_thinned_full_core_4D,,False
snv_table,GCF_028199975.1,GCF_028200115.1,close_no_recombination,0,0,3.5087719298245615e-06,1.00001052716535,full_core,7.018110233457437e-06,0.0,3.5090551167287183e-06,2.265421289070022e-06,1.0,284977.0,3.0,1324257.0,3.5090551167287183e-06,2.265421289070022e-06,0.0,poisson_thinned_full_core_4D,,False
snv_table,GCF_028199975.1,GCF_039734225.1,close_no_recombination,0,0,6.993006993006993e-06,1.0000210213576994,full_core,0.0,1.4014238466281742e-05,7.007119233140871e-06,7.539323225111375e-07,2.0,285424.0,1.0,1326379.0,7.007119233140871e-06,7.539323225111375e-07,1.4014238466281742e-05,poisson_thinned_full_core_4D,0.05379759480510473,False
snv_table,GCF_028199975.1,GCF_039760355.1,close_no_recombination,0,0,3.496503496503497e-06,1.0000035080457028,full_core,7.016091405638833e-06,0.0,3.5080457028194164e-06,7.548326271874106e-07,1.0,285059.0,1.0,1324797.0,3.5080457028194164e-06,7.548326271874106e-07,0.0,poisson_thinned_full_core_4D,,False
snv_table,GCF_028199975.1,GCF_039760375.1,close_no_recombination,0,0,1.048951048951049e-05,1.000021013995321,full_core,2.101399532088371e-05,0.0,1.0506997660441855e-05,3.014699675618315e-06,3.0,285524.0,4.0,1326832.0,1.0506997660441855e-05,3.014699675618315e-06,0.0,poisson_thinned_full_core_4D,,False
snv_table,GCF_028199975.1,GCF_039760395.1,close_no_recombination,0,0,1.048951048951049e-05,1.000021013995321,full_core,1.4009330213922472e-05,7.004665106961236e-06,1.0506997660441855e-05,4.5220495134274725e-06,3.0,285524.0,6.0,1326832.0,1.0506997660441855e-05,4.5220495134274725e-06,7.004665106961236e-06,poisson_thinned_full_core_4D,0.6455768326359328,True
snv_table,GCF_028199975.1,GCF_039760415.1,close_no_recombination,0,0,3.496503496503497e-06,1.000021013995321,full_core,0.0,7.004665106961236e-06,3.502332553480618e-06,2.2610247567137363e-06,1.0,285524.0,3.0,1326832.0,3.502332553480618e-06,2.2610247567137363e-06,7.004665106961236e-06,poisson_thinned_full_core_4D,0.3227884163179664,False
snv_table,GCF_028199975.1,GCF_039760475.1,close_no_recombination,0,0,3.496503496503497e-06,1.0,full_core,7.007462948039662e-06,0.0,3.503731474019831e-06,3.7697809832644344e-06,1.0,285410.0,5.0,1326337.0,3.503731474019831e-06,3.7697809832644344e-06,0.0,poisson_thinned_full_core_4D,,False
snv_table,GCF_028199985.1,GCF_028200495.1,close_no_recombination,0,0,3.5087719298245615e-06,1.0000175910778053,full_core,0.0,7.036431122134853e-06,3.5182155610674264e-06,8.324831914075625e-06,1.0,284235.0,11.0,1321348.0,3.5182155610674264e-06,8.324831914075625e-06,7.036431122134853e-06,poisson_thinned_full_core_4D,1.1831042995486427,False
snv_table,GCF_028199985.1,GCF_028200515.1,close_no_recombination,0,0,3.5087719298245615e-06,1.0000281470118428,full_core,7.036752960713808e-06,0.0,3.518376480356904e-06,3.7842035235475847e-06,1.0,284222.0,5.0,1321282.0,3.518376480356904e-06,3.7842035235475847e-06,0.0,poisson_thinned_full_core_4D,,False
snv_table,GCF_028199985.1,GCF_028200525.1,close_no_recombination,0,0,3.5087719298245615e-06,1.0000175910778053,full_core,0.0,7.036431122134853e-06,3.5182155610674264e-06,4.5408174076776144e-06,1.0,284235.0,6.0,1321348.0,3.5182155610674264e-06,4.5408174076776144e-06,7.036431122134853e-06,poisson_thinned_full_core_4D,0.6453296179356234,False
snv_table,GCF_028199985.1,GCF_028200555.1,close_no_recombination,0,0,3.5087719298245615e-06,1.0000175910778053,full_core,7.036431122134853e-06,0.0,3.5182155610674264e-06,6.054423210236819e-06,1.0,284235.0,8.0,1321348.0,3.5182155610674264e-06,6.054423210236819e-06,0.0,poisson_thinned_full_core_4D,,False
snv_table,GCF_028199985.1,GCF_028200745.1,close_no_recombination,0,0,3.5087719298245615e-06,1.0000175910778053,full_core,7.036431122134853e-06,0.0,3.5182155610674264e-06,3.784014506398012e-06,1.0,284235.0,5.0,1321348.0,3.5182155610674264e-06,3.784014506398012e-06,0.0,poisson_thinned_full_core_4D,,False
snv_table,GCF_028199985.1,GCF_028200835.1,close_no_recombination,0,0,1.0526315789473684e-05,1.0000175910778053,full_core,1.4072862244269706e-05,7.036431122134853e-06,1.055464668320228e-05,6.054423210236819e-06,3.0,284235.0,8.0,1321348.0,1.055464668320228e-05,6.054423210236819e-06,7.036431122134853e-06,poisson_thinned_full_core_4D,0.8604394905808311,True
snv_table,GCF_028199985.1,GCF_028200845.1,close_no_recombination,0,0,7.017543859649123e-06,1.0000175929346775,full_core,1.4074347741946835e-05,0.0,7.0371738709734175e-06,6.811849894075734e-06,2.0,284205.0,9.0,1321227.0,7.0371738709734175e-06,6.811849894075734e-06,0.0,poisson_thinned_full_core_4D,,False
snv_table,GCF_028199985.1,GCF_028200895.1,close_no_recombination,0,0,1.056338028169014e-05,1.000028171791585,full_core,7.042947896271463e-06,1.4085895792542926e-05,1.0564421844407195e-05,4.54470742309787e-06,3.0,283972.0,6.0,1320217.0,1.0564421844407195e-05,4.54470742309787e-06,1.4085895792542926e-05,poisson_thinned_full_core_4D,0.3226424140879871,True
snv_table,GCF_028199995.1,GCF_028200035.1,close_no_recombination,0,0,3.496503496503497e-06,1.000007006530086,full_core,7.00653008604019e-06,0.0,3.503265043020095e-06,0.0,1.0,285448.0,0.0,1326501.0,3.503265043020095e-06,0.0,0.0,poisson_thinned_full_core_4D,,False
snv_table,GCF_028199995.1,GCF_028200075.1,close_no_recombination,0,0,6.993006993006993e-06,1.000007006530086,full_core,7.00653008604019e-06,7.00653008604019e-06,7.00653008604019e-06,2.2615889471624972e-06,2.0,285448.0,3.0,1326501.0,7.00653008604019e-06,2.2615889471624972e-06,7.00653008604019e-06,poisson_thinned_full_core_4D,0.32278302089482025,True
snv_table,GCF_028199995.1,GCF_028200115.1,close_no_recombination,0,0,3.5087719298245615e-06,1.0000315899207093,full_core,0.0,7.019982379844227e-06,3.5099911899221135e-06,2.2659876760483594e-06,1.0,284901.0,3.0,1323926.0,3.5099911899221135e-06,2.2659876760483594e-06,7.019982379844227e-06,poisson_thinned_full_core_4D,0.3227910774469268,False
snv_table,GCF_028199995.1,GCF_039734225.1,close_no_recombination,0,0,6.993006993006993e-06,1.0000280276913591,full_core,0.0,1.4013845679531377e-05,7.006922839765688e-06,7.539033345144485e-07,2.0,285432.0,1.0,1326430.0,7.006922839765688e-06,7.539033345144485e-07,1.4013845679531377e-05,poisson_thinned_full_core_4D,0.053797034144282024,False
snv_table,GCF_028199995.1,GCF_039760355.1,close_no_recombination,0,0,3.5087719298245615e-06,1.0000245628686624,full_core,0.0,7.017962474954646e-06,3.508981237477323e-06,7.550212689491463e-07,1.0,284983.0,1.0,1324466.0,3.508981237477323e-06,7.550212689491463e-07,7.017962474954646e-06,poisson_thinned_full_core_4D,0.10758411314446728,False
snv_table,GCF_028199995.1,GCF_039760375.1,close_no_recombination,0,0,1.048951048951049e-05,1.000007006530086,full_core,1.401306017208038e-05,7.00653008604019e-06,1.0509795129060284e-05,3.0154519295499965e-06,3.0,285448.0,4.0,1326501.0,1.0509795129060284e-05,3.0154519295499965e-06,7.00653008604019e-06,poisson_thinned_full_core_4D,0.43037736119309367,True
snv_table,GCF_028199995.1,GCF_039760395.1,close_no_recombination,0,0,1.048951048951049e-05,1.000007006530086,full_core,7.00653008604019e-06,1.401306017208038e-05,1.0509795129060284e-05,4.5231778943249945e-06,3.0,285448.0,6.0,1326501.0,1.0509795129060284e-05,4.5231778943249945e-06,1.401306017208038e-05,poisson_thinned_full_core_4D,0.32278302089482025,True
snv_table,GCF_028199995.1,GCF_039760415.1,close_no_recombination,0,0,3.496503496503497e-06,1.000007006530086,full_core,0.0,7.00653008604019e-06,3.503265043020095e-06,2.2615889471624972e-06,1.0,285448.0,3.0,1326501.0,3.503265043020095e-06,2.2615889471624972e-06,7.00653008604019e-06,poisson_thinned_full_core_4D,0.32278302089482025,False
snv_table,GCF_028199995.1,GCF_039760475.1,close_no_recombination,0,0,3.496503496503497e-06,1.0000175220339578,full_core,0.0,7.008813583080724e-06,3.504406791540362e-06,3.7704518735752404e-06,1.0,285355.0,5.0,1326101.0,3.504406791540362e-06,3.7704518735752404e-06,7.008813583080724e-06,poisson_thinned_full_core_4D,0.5379586471920313,False
snv_table,GCF_028200035.1,GCF_028200075.1,close_no_recombination,0,0,1.048951048951049e-05,1.0000280178754044,full_core,1.4008937702254037e-05,7.004468851127019e-06,1.050670327669053e-05,2.2609378520939676e-06,3.0,285532.0,3.0,1326883.0,1.050670327669053e-05,2.2609378520939676e-06,7.004468851127019e-06,poisson_thinned_full_core_4D,0.3227850533920474,True
snv_table,GCF_028200035.1,GCF_039734225.1,close_no_recombination,0,0,6.993006993006993e-06,1.0000280276913591,full_core,0.0,1.4013845679531377e-05,7.006922839765688e-06,7.539033345144485e-07,2.0,285432.0,1.0,1326430.0,7.006922839765688e-06,7.539033345144485e-07,1.4013845679531377e-05,poisson_thinned_full_core_4D,0.053797034144282024,False
snv_table,GCF_028200035.1,GCF_039760375.1,close_no_recombination,0,0,1.3986013986013986e-05,1.0000280178754044,full_core,1.4008937702254037e-05,1.4008937702254037e-05,1.4008937702254037e-05,3.014583802791957e-06,4.0,285532.0,4.0,1326883.0,1.4008937702254037e-05,3.014583802791957e-06,1.4008937702254037e-05,poisson_thinned_full_core_4D,0.21519003559469826,True
snv_table,GCF_028200035.1,GCF_039760395.1,close_no_recombination,0,0,1.3986013986013986e-05,1.0000280178754044,full_core,7.004468851127019e-06,2.101340655338106e-05,1.4008937702254037e-05,4.521875704187935e-06,4.0,285532.0,6.0,1326883.0,1.4008937702254037e-05,4.521875704187935e-06,2.101340655338106e-05,poisson_thinned_full_core_4D,0.21519003559469824,True
snv_table,GCF_028200075.1,GCF_028200115.1,close_no_recombination,0,0,3.5087719298245615e-06,1.0000175447830588,full_core,0.0,7.0179132235029914e-06,3.5089566117514957e-06,0.0,1.0,284985.0,0.0,1324308.0,3.5089566117514957e-06,0.0,7.0179132235029914e-06,poisson_thinned_full_core_4D,0.0,False
snv_table,GCF_028200075.1,GCF_039734225.1,close_no_recombination,0,0,6.993006993006993e-06,1.0000280276913591,full_core,0.0,1.4013845679531377e-05,7.006922839765688e-06,1.507806669028897e-06,2.0,285432.0,2.0,1326430.0,7.006922839765688e-06,1.507806669028897e-06,1.4013845679531377e-05,poisson_thinned_full_core_4D,0.10759406828856405,False
snv_table,GCF_028200075.1,GCF_039760355.1,close_no_recombination,0,0,3.496503496503497e-06,1.0000105238417636,full_core,0.0,7.015894509010162e-06,3.507947254505081e-06,1.5096071398379285e-06,1.0,285067.0,2.0,1324848.0,3.507947254505081e-06,1.5096071398379285e-06,7.015894509010162e-06,poisson_thinned_full_core_4D,0.2151695892660894,False
snv_table,GCF_028200075.1,GCF_039760375.1,close_no_recombination,0,0,1.048951048951049e-05,1.0000280178754044,full_core,1.4008937702254037e-05,7.004468851127019e-06,1.050670327669053e-05,3.768229753489946e-06,3.0,285532.0,5.0,1326883.0,1.050670327669053e-05,3.768229753489946e-06,7.004468851127019e-06,poisson_thinned_full_core_4D,0.5379750889867456,True
snv_table,GCF_028200075.1,GCF_039760395.1,close_no_recombination,0,0,1.048951048951049e-05,1.0000280178754044,full_core,1.4008937702254037e-05,7.004468851127019e-06,1.050670327669053e-05,5.275521654885924e-06,3.0,285532.0,7.0,1326883.0,1.050670327669053e-05,5.275521654885924e-06,7.004468851127019e-06,poisson_thinned_full_core_4D,0.7531651245814439,True
snv_table,GCF_028200075.1,GCF_039760415.1,close_no_recombination,0,0,3.496503496503497e-06,1.0000280178754044,full_core,0.0,7.004468851127019e-06,3.5022344255635094e-06,1.5072919013959785e-06,1.0,285532.0,2.0,1326883.0,3.5022344255635094e-06,1.5072919013959785e-06,7.004468851127019e-06,poisson_thinned_full_core_4D,0.21519003559469826,False
snv_table,GCF_028200075.1,GCF_039760475.1,close_no_recombination,0,0,3.496503496503497e-06,1.0000070072665357,full_core,7.007266535397207e-06,0.0,3.5036332676986034e-06,4.523563240921962e-06,1.0,285418.0,6.0,1326388.0,3.5036332676986034e-06,4.523563240921962e-06,0.0,poisson_thinned_full_core_4D,,False
snv_table,GCF_028200095.1,GCF_028395745.1,close_no_recombination,0,0,1.3937282229965156e-05,1.0000314409381976,full_core,2.096062546506388e-05,6.9868751550212925e-06,1.3973750310042585e-05,7.518412592438883e-06,4.0,286251.0,10.0,1330068.0,1.3973750310042585e-05,7.518412592438883e-06,6.9868751550212925e-06,poisson_thinned_full_core_4D,1.0760765614991115,True
snv_table,GCF_028200095.1,GCF_028395765.1,close_no_recombination,0,0,6.968641114982578e-06,1.000024449621555,full_core,0.0,1.3971212317020778e-05,6.985606158510389e-06,6.0136494809092935e-06,2.0,286303.0,8.0,1330307.0,6.985606158510389e-06,6.0136494809092935e-06,1.3971212317020778e-05,poisson_thinned_full_core_4D,0.43043147183319336,False
snv_table,GCF_028200095.1,GCF_028395835.1,close_no_recombination,0,0,6.968641114982578e-06,1.000006984264452,full_core,0.0,1.3968528904378435e-05,6.984264452189217e-06,3.0062688220612033e-06,2.0,286358.0,4.0,1330553.0,6.984264452189217e-06,3.0062688220612033e-06,1.3968528904378435e-05,poisson_thinned_full_core_4D,0.21521728183695052,False
snv_table,GCF_028200115.1,GCF_039734225.1,close_no_recombination,0,0,3.5087719298245615e-06,1.000017550941608,full_core,0.0,7.020376643206908e-06,3.510188321603454e-06,1.5107394692016876e-06,1.0,284885.0,2.0,1323855.0,3.510188321603454e-06,1.5107394692016876e-06,7.020376643206908e-06,poisson_thinned_full_core_4D,0.2151935068417614,False
snv_table,GCF_028200115.1,GCF_039760355.1,close_no_recombination,0,0,0.0,1.0,full_core,0.0,0.0,0.0,1.5125469551295383e-06,0.0,284520.0,2.0,1322273.0,0.0,1.5125469551295383e-06,0.0,poisson_thinned_full_core_4D,,False
snv_table,GCF_028200115.1,GCF_039760375.1,close_no_recombination,0,0,7.017543859649123e-06,1.0000175447830588,full_core,7.0179132235029914e-06,7.0179132235029914e-06,7.0179132235029914e-06,3.775556743597411e-06,2.0,284985.0,5.0,1324308.0,7.0179132235029914e-06,3.775556743597411e-06,7.0179132235029914e-06,poisson_thinned_full_core_4D,0.537988519287054,True
snv_table,GCF_028200115.1,GCF_039760395.1,close_no_recombination,0,0,7.017543859649123e-06,1.0000175447830588,full_core,0.0,1.4035826447005983e-05,7.0179132235029914e-06,5.2857794410363755e-06,2.0,284985.0,7.0,1324308.0,7.0179132235029914e-06,5.2857794410363755e-06,1.4035826447005983e-05,poisson_thinned_full_core_4D,0.3765919635009379,False
snv_table,GCF_028200115.1,GCF_039760415.1,close_no_recombination,0,0,0.0,1.0000175447830588,full_core,0.0,0.0,0.0,1.5102226974389643e-06,0.0,284985.0,2.0,1324308.0,0.0,1.5102226974389643e-06,0.0,poisson_thinned_full_core_4D,,False
snv_table,GCF_028200115.1,GCF_039760475.1,close_no_recombination,0,0,0.0,1.00003159324747,full_core,0.0,0.0,0.0,4.532362199192786e-06,0.0,284871.0,6.0,1323813.0,0.0,4.532362199192786e-06,0.0,poisson_thinned_full_core_4D,,False
snv_table,GCF_028200195.1,GCF_028200215.1,close_no_recombination,0,0,2.7874564459930312e-05,1.0000174553579222,full_core,2.094642950653703e-05,3.4910715844228386e-05,2.792857267538271e-05,1.5023293616752775e-05,8.0,286445.0,20.0,1331266.0,2.792857267538271e-05,1.5023293616752775e-05,3.4910715844228386e-05,poisson_thinned_full_core_4D,0.4303347340050748,True
snv_table,GCF_028200195.1,GCF_028200225.1,close_no_recombination,0,0,1.0452961672473868e-05,1.0000244368186055,full_core,1.3963896345997424e-05,6.981948172998712e-06,1.0472922259498067e-05,7.51142675795554e-07,3.0,286453.0,1.0,1331305.0,1.0472922259498067e-05,7.51142675795554e-07,6.981948172998712e-06,poisson_thinned_full_core_4D,0.10758353645483192,True
snv_table,GCF_028200195.1,GCF_028200255.1,close_no_recombination,0,0,1.0452961672473868e-05,1.0000244368186055,full_core,0.0,2.0945844518996134e-05,1.0472922259498067e-05,7.51142675795554e-07,3.0,286453.0,1.0,1331305.0,1.0472922259498067e-05,7.51142675795554e-07,2.0945844518996134e-05,poisson_thinned_full_core_4D,0.03586117881827731,False
snv_table,GCF_028200215.1,GCF_028200225.1,close_no_recombination,0,0,1.7421602787456446e-05,1.0000034910228348,full_core,1.3964091339121449e-05,2.0946137008682173e-05,1.745511417390181e-05,1.4271550040561247e-05,5.0,286449.0,19.0,1331320.0,1.745511417390181e-05,1.4271550040561247e-05,2.0946137008682173e-05,poisson_thinned_full_core_4D,0.6813452062614548,True
snv_table,GCF_028200215.1,GCF_028200255.1,close_no_recombination,0,0,1.7421602787456446e-05,1.0000034910228348,full_core,2.7928182678242898e-05,6.9820456695607246e-06,1.745511417390181e-05,1.4271550040561247e-05,5.0,286449.0,19.0,1331320.0,1.745511417390181e-05,1.4271550040561247e-05,6.9820456695607246e-06,poisson_thinned_full_core_4D,2.0440356187843642,True
snv_table,GCF_028200225.1,GCF_028200255.1,close_no_recombination,0,0,0.0,1.0000104727760188,full_core,0.0,0.0,0.0,0.0,0.0,286457.0,0.0,1331359.0,0.0,0.0,0.0,poisson_thinned_full_core_4D,,False
snv_table,GCF_028200275.1,GCF_028200355.1,close_no_recombination,0,0,0.0,1.00002795130882,full_core,0.0,0.0,0.0,0.0,0.0,286212.0,0.0,1329756.0,0.0,0.0,0.0,poisson_thinned_full_core_4D,,False
snv_table,GCF_028200275.1,GCF_028200765.1,close_no_recombination,0,0,6.968641114982578e-06,1.0000244581643098,full_core,0.0,1.3976093891398762e-05,6.988046945699381e-06,6.016372052447723e-06,2.0,286203.0,8.0,1329705.0,6.988046945699381e-06,6.016372052447723e-06,1.3976093891398762e-05,poisson_thinned_full_core_4D,0.43047593263167394,False
snv_table,GCF_028200275.1,GCF_028200975.1,close_no_recombination,0,0,6.968641114982578e-06,1.000020964067588,full_core,0.0,1.397604505876927e-05,6.988022529384635e-06,6.016349429574869e-06,2.0,286204.0,8.0,1329710.0,6.988022529384635e-06,6.016349429574869e-06,1.397604505876927e-05,poisson_thinned_full_core_4D,0.4304758180355115,False
snv_table,GCF_028200275.1,GCF_028394965.1,close_no_recombination,0,0,6.968641114982578e-06,1.0000314519257316,full_core,1.3978633658453054e-05,0.0,6.989316829226527e-06,7.521624670928921e-07,2.0,286151.0,1.0,1329500.0,6.989316829226527e-06,7.521624670928921e-07,0.0,poisson_thinned_full_core_4D,,False
snv_table,GCF_028200275.1,GCF_028394975.1,close_no_recombination,0,0,1.3937282229965156e-05,1.0000279581466545,full_core,2.0968609990843708e-05,6.989536663614569e-06,1.3979073327229139e-05,6.769808459552651e-06,4.0,286142.0,9.0,1329432.0,1.3979073327229139e-05,6.769808459552651e-06,6.989536663614569e-06,poisson_thinned_full_core_4D,0.9685632661166573,True
snv_table,GCF_028200275.1,GCF_028395025.1,close_no_recombination,0,0,6.968641114982578e-06,1.000020964067588,full_core,6.988022529384635e-06,6.988022529384635e-06,6.988022529384635e-06,5.264305750878011e-06,2.0,286204.0,7.0,1329710.0,6.988022529384635e-06,5.264305750878011e-06,6.988022529384635e-06,poisson_thinned_full_core_4D,0.7533326815621452,True
snv_table,GCF_028200275.1,GCF_028395045.1,close_no_recombination,0,0,6.968641114982578e-06,1.0000314519257316,full_core,1.3978633658453054e-05,0.0,6.989316829226527e-06,7.521624670928921e-07,2.0,286151.0,1.0,1329500.0,6.989316829226527e-06,7.521624670928921e-07,0.0,poisson_thinned_full_core_4D,,False
snv_table,GCF_028200295.1,GCF_028395935.1,close_no_recombination,0,0,0.0,1.000021129438943,full_core,0.0,0.0,0.0,0.0,0.0,283964.0,0.0,1319653.0,0.0,0.0,0.0,poisson_thinned_full_core_4D,,False
snv_table,GCF_028200325.1,GCF_028395935.1,close_no_recombination,0,0,0.0,1.0000140861934177,full_core,0.0,0.0,0.0,0.0,0.0,283966.0,0.0,1319668.0,0.0,0.0,0.0,poisson_thinned_full_core_4D,,False
snv_table,GCF_028200355.1,GCF_028200765.1,close_no_recombination,0,0,1.0452961672473868e-05,1.0000209626027168,full_core,6.987534238917771e-06,1.3975068477835541e-05,1.0481301358376657e-05,6.767919759543331e-06,3.0,286224.0,9.0,1329803.0,1.0481301358376657e-05,6.767919759543331e-06,1.3975068477835541e-05,poisson_thinned_full_core_4D,0.48428526631388263,True
snv_table,GCF_028200355.1,GCF_028200975.1,close_no_recombination,0,0,6.968641114982578e-06,1.0000139754590938,full_core,6.987729546915616e-06,6.987729546915616e-06,6.987729546915616e-06,6.016055347709199e-06,2.0,286216.0,8.0,1329775.0,6.987729546915616e-06,6.016055347709199e-06,6.987729546915616e-06,poisson_thinned_full_core_4D,0.8609456486999681,True
snv_table,GCF_028200355.1,GCF_028394965.1,close_no_recombination,0,0,6.968641114982578e-06,1.0000244615830838,full_core,0.0,1.3978047476438255e-05,6.989023738219127e-06,7.521256952461895e-07,2.0,286163.0,1.0,1329565.0,6.989023738219127e-06,7.521256952461895e-07,1.3978047476438255e-05,poisson_thinned_full_core_4D,0.05380763633218383,False
snv_table,GCF_028200355.1,GCF_028394975.1,close_no_recombination,0,0,1.3937282229965156e-05,1.0000244615830838,full_core,1.3978047476438255e-05,1.3978047476438255e-05,1.3978047476438255e-05,7.521454950245575e-06,4.0,286163.0,10.0,1329530.0,1.3978047476438255e-05,7.521454950245575e-06,1.3978047476438255e-05,poisson_thinned_full_core_4D,0.5380905282317812,True
snv_table,GCF_028200355.1,GCF_028395025.1,close_no_recombination,0,0,6.968641114982578e-06,1.0000139754590938,full_core,0.0,1.3975459093831232e-05,6.987729546915616e-06,5.264048429245549e-06,2.0,286216.0,7.0,1329775.0,6.987729546915616e-06,5.264048429245549e-06,1.3975459093831232e-05,poisson_thinned_full_core_4D,0.37666372130623604,False
snv_table,GCF_028200355.1,GCF_028395045.1,close_no_recombination,0,0,6.968641114982578e-06,1.0000244615830838,full_core,6.989023738219127e-06,6.989023738219127e-06,6.989023738219127e-06,7.521256952461895e-07,2.0,286163.0,1.0,1329565.0,6.989023738219127e-06,7.521256952461895e-07,6.989023738219127e-06,poisson_thinned_full_core_4D,0.10761527266436766,True
snv_table,GCF_028200475.1,GCF_028200575.1,close_no_recombination,0,0,1.0526315789473684e-05,1.0,full_core,7.04002252807209e-06,2.816009011228836e-05,1.7600056320180223e-05,6.814707349964753e-06,5.0,284090.0,9.0,1320673.0,1.7600056320180223e-05,6.814707349964753e-06,2.816009011228836e-05,poisson_thinned_full_core_4D,0.24199877638143583,True
snv_table,GCF_028200475.1,GCF_028200895.1,close_no_recombination,0,0,7.042253521126761e-06,1.0000070425510936,full_core,1.408510218741637e-05,0.0,7.042551093708185e-06,1.5148703460342588e-06,2.0,283988.0,2.0,1320245.0,7.042551093708185e-06,1.5148703460342588e-06,0.0,poisson_thinned_full_core_4D,,False
snv_table,GCF_028200495.1,GCF_028200515.1,close_no_recombination,0,0,0.0,1.0000105534585442,full_core,0.0,0.0,0.0,7.567450578872132e-06,0.0,284267.0,10.0,1321449.0,0.0,7.567450578872132e-06,0.0,poisson_thinned_full_core_4D,,False
snv_table,GCF_028200495.1,GCF_028200525.1,close_no_recombination,0,0,0.0,1.0000246224845497,full_core,0.0,0.0,0.0,6.8101643973685525e-06,0.0,284293.0,9.0,1321554.0,0.0,6.8101643973685525e-06,0.0,poisson_thinned_full_core_4D,,False
snv_table,GCF_028200495.1,GCF_028200555.1,close_no_recombination,0,0,0.0,1.0000246224845497,full_core,0.0,0.0,0.0,6.8101643973685525e-06,0.0,284293.0,9.0,1321554.0,0.0,6.8101643973685525e-06,0.0,poisson_thinned_full_core_4D,,False
snv_table,GCF_028200495.1,GCF_028200745.1,close_no_recombination,0,0,0.0,1.000014070832571,full_core,0.0,0.0,0.0,6.05370850182822e-06,0.0,284276.0,8.0,1321504.0,0.0,6.05370850182822e-06,0.0,poisson_thinned_full_core_4D,,False
snv_table,GCF_028200495.1,GCF_028200835.1,close_no_recombination,0,0,7.017543859649123e-06,1.0000246224845497,full_core,1.406999117108054e-05,0.0,7.03499558554027e-06,6.8101643973685525e-06,2.0,284293.0,9.0,1321554.0,7.03499558554027e-06,6.8101643973685525e-06,0.0,poisson_thinned_full_core_4D,,False
snv_table,GCF_028200495.1,GCF_028200845.1,close_no_recombination,0,0,3.5087719298245615e-06,1.0000246250831095,full_core,7.035738031330141e-06,0.0,3.5178690156650705e-06,7.567542206074768e-06,1.0,284263.0,10.0,1321433.0,3.5178690156650705e-06,7.567542206074768e-06,0.0,poisson_thinned_full_core_4D,,False
snv_table,GCF_028200495.1,GCF_028200895.1,close_no_recombination,0,0,7.017543859649123e-06,1.0000281688157129,full_core,1.4084407856282702e-05,0.0,7.042203928141351e-06,5.301801249104374e-06,2.0,284002.0,7.0,1320306.0,7.042203928141351e-06,5.301801249104374e-06,0.0,poisson_thinned_full_core_4D,,False
snv_table,GCF_028200515.1,GCF_028200525.1,close_no_recombination,0,0,0.0,1.0000105534585442,full_core,0.0,0.0,0.0,3.783725289436066e-06,0.0,284267.0,5.0,1321449.0,0.0,3.783725289436066e-06,0.0,poisson_thinned_full_core_4D,,False
snv_table,GCF_028200515.1,GCF_028200555.1,close_no_recombination,0,0,0.0,1.0000105534585442,full_core,0.0,0.0,0.0,5.2972154052104925e-06,0.0,284267.0,7.0,1321449.0,0.0,5.2972154052104925e-06,0.0,poisson_thinned_full_core_4D,,False
snv_table,GCF_028200515.1,GCF_028200745.1,close_no_recombination,0,0,0.0,1.0,full_core,0.0,0.0,0.0,3.0270947684991437e-06,0.0,284250.0,4.0,1321399.0,0.0,3.0270947684991437e-06,0.0,poisson_thinned_full_core_4D,,False
snv_table,GCF_028200515.1,GCF_028200835.1,close_no_recombination,0,0,7.017543859649123e-06,1.0000105534585442,full_core,7.0356390295039525e-06,7.0356390295039525e-06,7.0356390295039525e-06,5.2972154052104925e-06,2.0,284267.0,7.0,1321449.0,7.0356390295039525e-06,5.2972154052104925e-06,7.0356390295039525e-06,poisson_thinned_full_core_4D,0.7529117657964856,True
snv_table,GCF_028200515.1,GCF_028200845.1,close_no_recombination,0,0,3.5087719298245615e-06,1.0000105545724167,full_core,0.0,7.036381611120298e-06,3.518190805560149e-06,6.0545148517249314e-06,1.0,284237.0,8.0,1321328.0,3.518190805560149e-06,6.0545148517249314e-06,7.036381611120298e-06,poisson_thinned_full_core_4D,0.8604585689548696,False
snv_table,GCF_028200515.1,GCF_028200895.1,close_no_recombination,0,0,7.042253521126761e-06,1.000014085697383,full_core,1.4085697382877427e-05,0.0,7.042848691438713e-06,3.78730208506129e-06,2.0,283976.0,5.0,1320201.0,7.042848691438713e-06,3.78730208506129e-06,0.0,poisson_thinned_full_core_4D,,False
snv_table,GCF_028200525.1,GCF_028200555.1,close_no_recombination,0,0,0.0,1.0000246224845497,full_core,0.0,0.0,0.0,4.540109598245702e-06,0.0,284293.0,6.0,1321554.0,0.0,4.540109598245702e-06,0.0,poisson_thinned_full_core_4D,,False
snv_table,GCF_028200525.1,GCF_028200745.1,close_no_recombination,0,0,0.0,1.000014070832571,full_core,0.0,0.0,0.0,2.2701406881855827e-06,0.0,284276.0,3.0,1321504.0,0.0,2.2701406881855827e-06,0.0,poisson_thinned_full_core_4D,,False
snv_table,GCF_028200525.1,GCF_028200835.1,close_no_recombination,0,0,7.017543859649123e-06,1.0000246224845497,full_core,7.03499558554027e-06,7.03499558554027e-06,7.03499558554027e-06,4.540109598245702e-06,2.0,284293.0,6.0,1321554.0,7.03499558554027e-06,4.540109598245702e-06,7.03499558554027e-06,poisson_thinned_full_core_4D,0.6453606890070327,True
snv_table,GCF_028200525.1,GCF_028200845.1,close_no_recombination,0,0,3.5087719298245615e-06,1.0000246250831095,full_core,0.0,7.035738031330141e-06,3.5178690156650705e-06,5.297279544252338e-06,1.0,284263.0,7.0,1321433.0,3.5178690156650705e-06,5.297279544252338e-06,7.035738031330141e-06,poisson_thinned_full_core_4D,0.7529102875439012,False
snv_table,GCF_028200525.1,GCF_028200895.1,close_no_recombination,0,0,7.017543859649123e-06,1.0000281688157129,full_core,1.4084407856282702e-05,0.0,7.042203928141351e-06,3.029600713773928e-06,2.0,284002.0,4.0,1320306.0,7.042203928141351e-06,3.029600713773928e-06,0.0,poisson_thinned_full_core_4D,,False
snv_table,GCF_028200555.1,GCF_028200745.1,close_no_recombination,0,0,0.0,1.000014070832571,full_core,0.0,0.0,0.0,3.7835678136426376e-06,0.0,284276.0,5.0,1321504.0,0.0,3.7835678136426376e-06,0.0,poisson_thinned_full_core_4D,,False
snv_table,GCF_028200555.1,GCF_028200835.1,close_no_recombination,0,0,7.017543859649123e-06,1.0000246224845497,full_core,7.03499558554027e-06,7.03499558554027e-06,7.03499558554027e-06,4.540109598245702e-06,2.0,284293.0,6.0,1321554.0,7.03499558554027e-06,4.540109598245702e-06,7.03499558554027e-06,poisson_thinned_full_core_4D,0.6453606890070327,True
snv_table,GCF_028200555.1,GCF_028200845.1,close_no_recombination,0,0,3.5087719298245615e-06,1.0000246250831095,full_core,7.035738031330141e-06,0.0,3.5178690156650705e-06,5.297279544252338e-06,1.0,284263.0,7.0,1321433.0,3.5178690156650705e-06,5.297279544252338e-06,0.0,poisson_thinned_full_core_4D,,False
snv_table,GCF_028200555.1,GCF_028200895.1,close_no_recombination,0,0,7.017543859649123e-06,1.0000281688157129,full_core,1.4084407856282702e-05,0.0,7.042203928141351e-06,3.029600713773928e-06,2.0,284002.0,4.0,1320306.0,7.042203928141351e-06,3.029600713773928e-06,0.0,poisson_thinned_full_core_4D,,False
snv_table,GCF_028200575.1,GCF_028200895.1,close_no_recombination,0,0,1.056338028169014e-05,1.000010563491868,full_core,1.4084655823829125e-05,7.042327911914562e-06,1.0563491867871843e-05,4.54447335234438e-06,3.0,283997.0,6.0,1320285.0,1.0563491867871843e-05,4.54447335234438e-06,7.042327911914562e-06,poisson_thinned_full_core_4D,0.6453083993228734,True
snv_table,GCF_028200745.1,GCF_028200835.1,close_no_recombination,0,0,7.017543859649123e-06,1.000014070832571,full_core,1.4070832571163236e-05,0.0,7.035416285581618e-06,3.7835678136426376e-06,2.0,284276.0,5.0,1321504.0,7.035416285581618e-06,3.7835678136426376e-06,0.0,poisson_thinned_full_core_4D,,False
snv_table,GCF_028200745.1,GCF_028200845.1,close_no_recombination,0,0,3.5087719298245615e-06,1.0000140723176405,full_core,0.0,7.036158820176889e-06,3.5180794100884445e-06,4.540697133230865e-06,1.0,284246.0,6.0,1321383.0,3.5180794100884445e-06,4.540697133230865e-06,7.036158820176889e-06,poisson_thinned_full_core_4D,0.6453374986661702,False
snv_table,GCF_028200745.1,GCF_028200895.1,close_no_recombination,0,0,7.042253521126761e-06,1.000017606563727,full_core,7.042625490782964e-06,7.042625490782964e-06,7.042625490782964e-06,2.2722865868437635e-06,2.0,283985.0,3.0,1320256.0,7.042625490782964e-06,2.2722865868437635e-06,7.042625490782964e-06,poisson_thinned_full_core_4D,0.32264765318241306,True
snv_table,GCF_028200765.1,GCF_028200975.1,close_no_recombination,0,0,0.0,1.0000104815576991,full_core,0.0,0.0,0.0,7.519882569513795e-07,0.0,286217.0,1.0,1329808.0,0.0,7.519882569513795e-07,0.0,poisson_thinned_full_core_4D,,False
snv_table,GCF_028200765.1,GCF_028394965.1,close_no_recombination,0,0,3.484320557491289e-06,1.000003494438601,full_core,6.988877201933124e-06,0.0,3.494438600966562e-06,6.769024342915765e-06,1.0,286169.0,9.0,1329586.0,3.494438600966562e-06,6.769024342915765e-06,0.0,poisson_thinned_full_core_4D,,False
snv_table,GCF_028200765.1,GCF_028394975.1,close_no_recombination,0,0,1.3937282229965156e-05,1.0000034943164942,full_core,1.397726597688859e-05,1.397726597688859e-05,1.397726597688859e-05,3.00834439526637e-06,4.0,286179.0,4.0,1329635.0,1.397726597688859e-05,3.00834439526637e-06,1.397726597688859e-05,poisson_thinned_full_core_4D,0.21523124767323365,True
snv_table,GCF_028200765.1,GCF_028395025.1,close_no_recombination,0,0,0.0,1.000027949355767,full_core,0.0,0.0,0.0,2.2558426324179626e-06,0.0,286232.0,3.0,1329880.0,0.0,2.2558426324179626e-06,0.0,poisson_thinned_full_core_4D,,False
snv_table,GCF_028200765.1,GCF_028395045.1,close_no_recombination,0,0,3.484320557491289e-06,1.000003494438601,full_core,0.0,6.988877201933124e-06,3.494438600966562e-06,6.769024342915765e-06,1.0,286169.0,9.0,1329586.0,3.494438600966562e-06,6.769024342915765e-06,6.988877201933124e-06,poisson_thinned_full_core_4D,0.9685424635939307,False
snv_table,GCF_028200835.1,GCF_028200845.1,close_no_recombination,0,0,3.5087719298245615e-06,1.0000246250831095,full_core,0.0,7.035738031330141e-06,3.5178690156650705e-06,5.297279544252338e-06,1.0,284263.0,7.0,1321433.0,3.5178690156650705e-06,5.297279544252338e-06,7.035738031330141e-06,poisson_thinned_full_core_4D,0.7529102875439012,False
snv_table,GCF_028200835.1,GCF_028200895.1,close_no_recombination,0,0,1.0526315789473684e-05,1.0000281688157129,full_core,0.0,2.1126611784424055e-05,1.0563305892212028e-05,3.029600713773928e-06,3.0,284002.0,4.0,1320306.0,1.0563305892212028e-05,3.029600713773928e-06,2.1126611784424055e-05,poisson_thinned_full_core_4D,0.1434021103188705,False
snv_table,GCF_028200845.1,GCF_028200895.1,close_no_recombination,0,0,7.042253521126761e-06,1.000028171791585,full_core,7.042947896271463e-06,7.042947896271463e-06,7.042947896271463e-06,3.787347985320239e-06,2.0,283972.0,5.0,1320185.0,7.042947896271463e-06,3.787347985320239e-06,7.042947896271463e-06,poisson_thinned_full_core_4D,0.5377503910436795,True
snv_table,GCF_028200875.1,GCF_028200955.1,close_no_recombination,0,0,3.5087719298245615e-06,1.0000070348718595,full_core,0.0,7.034871859809074e-06,3.517435929904537e-06,3.784959781017367e-06,1.0,284298.0,5.0,1321018.0,3.517435929904537e-06,3.784959781017367e-06,7.034871859809074e-06,poisson_thinned_full_core_4D,0.5380282479118377,False
snv_table,GCF_028200875.1,GCF_028201015.1,close_no_recombination,0,0,3.5087719298245615e-06,1.000010550860423,full_core,0.0,7.033906948444979e-06,3.5169534742224897e-06,1.5137707727194286e-06,1.0,284337.0,2.0,1321204.0,3.5169534742224897e-06,1.5137707727194286e-06,7.033906948444979e-06,poisson_thinned_full_core_4D,0.21521052010136207,False
snv_table,GCF_028200875.1,GCF_028395295.1,close_no_recombination,0,0,3.5087719298245615e-06,1.0000070363568558,full_core,7.036356855874302e-06,0.0,3.518178427937151e-06,2.2713902498302135e-06,1.0,284238.0,3.0,1320777.0,3.518178427937151e-06,2.2713902498302135e-06,0.0,poisson_thinned_full_core_4D,,False
snv_table,GCF_028200875.1,GCF_028395405.1,close_no_recombination,0,0,3.5087719298245615e-06,1.0000246276822184,full_core,0.0,7.036480633846176e-06,3.518240316923088e-06,5.300199514653158e-06,1.0,284233.0,7.0,1320705.0,3.518240316923088e-06,5.300199514653158e-06,7.036480633846176e-06,poisson_thinned_full_core_4D,0.7532458043242056,False
snv_table,GCF_028200875.1,GCF_028395425.1,close_no_recombination,0,0,3.5087719298245615e-06,1.000024632015286,full_core,7.037718653121405e-06,0.0,3.5188593265607023e-06,0.0,1.0,284183.0,0.0,1320527.0,3.5188593265607023e-06,0.0,0.0,poisson_thinned_full_core_4D,,False
snv_table,GCF_028200875.1,GCF_028395455.1,close_no_recombination,0,0,3.5087719298245615e-06,1.0000070373472016,full_core,0.0,7.037347201598885e-06,3.5186736007994426e-06,5.300677123640565e-06,1.0,284198.0,7.0,1320586.0,3.5186736007994426e-06,5.300677123640565e-06,7.037347201598885e-06,poisson_thinned_full_core_4D,0.7532209185922006,False
snv_table,GCF_028200875.1,GCF_028395505.1,close_no_recombination,0,0,3.5087719298245615e-06,1.0000105542010995,full_core,0.0,7.0361340664985034e-06,3.5180670332492517e-06,0.0,1.0,284247.0,0.0,1320797.0,3.5180670332492517e-06,0.0,7.0361340664985034e-06,poisson_thinned_full_core_4D,0.0,False
snv_table,GCF_028200875.1,GCF_028395525.1,close_no_recombination,0,0,3.5087719298245615e-06,1.0000070366044165,full_core,7.0366044161729315e-06,0.0,3.5183022080864658e-06,0.0,1.0,284228.0,0.0,1320741.0,3.5183022080864658e-06,0.0,0.0,poisson_thinned_full_core_4D,,False
snv_table,GCF_028200875.1,GCF_028395605.1,close_no_recombination,0,0,7.017543859649123e-06,1.0000175923156764,full_core,7.036926270604999e-06,7.036926270604999e-06,7.036926270604999e-06,1.514372531099533e-06,2.0,284215.0,2.0,1320679.0,7.036926270604999e-06,1.514372531099533e-06,7.036926270604999e-06,poisson_thinned_full_core_4D,0.2152036944632269,True
snv_table,GCF_028200875.1,GCF_028395635.1,close_no_recombination,0,0,3.5087719298245615e-06,1.000017593553722,full_core,0.0,7.037421488766516e-06,3.518710744383258e-06,3.0289996425780423e-06,1.0,284195.0,4.0,1320568.0,3.518710744383258e-06,3.0289996425780423e-06,7.037421488766516e-06,poisson_thinned_full_core_4D,0.43041327671123336,False
snv_table,GCF_028200935.1,GCF_028201045.1,close_no_recombination,0,0,6.968641114982578e-06,1.000013961313201,full_core,1.3961313201119698e-05,0.0,6.980656600559849e-06,2.252666594080743e-06,2.0,286506.0,3.0,1331755.0,6.980656600559849e-06,2.252666594080743e-06,0.0,poisson_thinned_full_core_4D,,False
snv_table,GCF_028200935.1,GCF_028201315.1,close_no_recombination,0,0,7.665505226480836e-05,1.0000174535299764,full_core,6.283270791517584e-05,9.075835587747622e-05,7.679553189632603e-05,4.656080841579102e-05,22.0,286475.0,62.0,1331592.0,7.679553189632603e-05,4.656080841579102e-05,9.075835587747622e-05,poisson_thinned_full_core_4D,0.5130195227274512,True
snv_table,GCF_028200935.1,GCF_028395215.1,close_no_recombination,0,0,6.968641114982578e-06,1.0000174547485643,full_core,0.0,1.3963798851477544e-05,6.981899425738772e-06,4.50606065157637e-06,2.0,286455.0,6.0,1331540.0,6.981899425738772e-06,4.50606065157637e-06,1.3963798851477544e-05,poisson_thinned_full_core_4D,0.32269590098682727,False
snv_table,GCF_028200935.1,GCF_028395235.1,close_no_recombination,0,0,2.0905923344947736e-05,1.0000279366675746,full_core,4.190500136191254e-05,2.095250068095627e-05,3.1428751021434405e-05,9.014842938898897e-06,9.0,286362.0,12.0,1331138.0,3.1428751021434405e-05,9.014842938898897e-06,2.095250068095627e-05,poisson_thinned_full_core_4D,0.43025140894482766,True
snv_table,GCF_028200935.1,GCF_028395285.1,close_no_recombination,0,0,0.0,1.0000104713138358,full_core,0.0,0.0,0.0,1.5018171988105609e-06,0.0,286497.0,2.0,1331720.0,0.0,1.5018171988105609e-06,0.0,poisson_thinned_full_core_4D,,False
snv_table,GCF_028200955.1,GCF_028201015.1,close_no_recombination,0,0,0.0,1.000010552344907,full_core,0.0,0.0,0.0,3.784974106992134e-06,0.0,284297.0,5.0,1321013.0,0.0,3.784974106992134e-06,0.0,poisson_thinned_full_core_4D,,False
snv_table,GCF_028200955.1,GCF_028395295.1,close_no_recombination,0,0,0.0,1.0000070373472016,full_core,0.0,0.0,0.0,4.5434375345490565e-06,0.0,284198.0,6.0,1320586.0,0.0,4.5434375345490565e-06,0.0,poisson_thinned_full_core_4D,,False
snv_table,GCF_028200955.1,GCF_028395405.1,close_no_recombination,0,0,0.0,1.0000070366044165,full_core,0.0,0.0,0.0,7.57182252253753e-06,0.0,284228.0,10.0,1320686.0,0.0,7.57182252253753e-06,0.0,poisson_thinned_full_core_4D,,False
snv_table,GCF_028200955.1,GCF_028395425.1,close_no_recombination,0,0,0.0,1.000007037842479,full_core,0.0,0.0,0.0,3.7864215892671607e-06,0.0,284178.0,5.0,1320508.0,0.0,3.7864215892671607e-06,0.0,poisson_thinned_full_core_4D,,False
snv_table,GCF_028200955.1,GCF_028395455.1,close_no_recombination,0,0,0.0,1.0000070373472016,full_core,0.0,0.0,0.0,1.5144791781830188e-06,0.0,284198.0,2.0,1320586.0,0.0,1.5144791781830188e-06,0.0,poisson_thinned_full_core_4D,,False
snv_table,GCF_028200955.1,GCF_028395505.1,close_no_recombination,0,0,0.0,1.0000281450313466,full_core,0.0,0.0,0.0,3.7856475501560444e-06,0.0,284242.0,5.0,1320778.0,0.0,3.7856475501560444e-06,0.0,poisson_thinned_full_core_4D,,False
snv_table,GCF_028200955.1,GCF_028395525.1,close_no_recombination,0,0,0.0,1.0000070375948316,full_core,0.0,0.0,0.0,3.7863011623944567e-06,0.0,284188.0,5.0,1320550.0,0.0,3.7863011623944567e-06,0.0,poisson_thinned_full_core_4D,,False
snv_table,GCF_028200955.1,GCF_028395605.1,close_no_recombination,0,0,3.5087719298245615e-06,1.0,full_core,0.0,7.037050068611238e-06,3.518525034305619e-06,5.300380112973816e-06,1.0,284210.0,7.0,1320660.0,3.518525034305619e-06,5.300380112973816e-06,7.037050068611238e-06,poisson_thinned_full_core_4D,0.7532105159541441,False
snv_table,GCF_028200955.1,GCF_028395635.1,close_no_recombination,0,0,0.0,1.0,full_core,0.0,0.0,0.0,7.572608059223853e-07,0.0,284190.0,1.0,1320549.0,0.0,7.572608059223853e-07,0.0,poisson_thinned_full_core_4D,,False
snv_table,GCF_028200975.1,GCF_028394965.1,close_no_recombination,0,0,0.0,1.0000174730478235,full_core,0.0,0.0,0.0,5.265062026191427e-06,0.0,286155.0,7.0,1329519.0,0.0,5.265062026191427e-06,0.0,poisson_thinned_full_core_4D,,False
snv_table,GCF_028200975.1,GCF_028394975.1,close_no_recombination,0,0,6.968641114982578e-06,1.00001397838941,full_core,6.989194704986091e-06,6.989194704986091e-06,6.989194704986091e-06,3.008570665683867e-06,2.0,286156.0,4.0,1329535.0,6.989194704986091e-06,3.008570665683867e-06,6.989194704986091e-06,poisson_thinned_full_core_4D,0.43046027370471635,True
snv_table,GCF_028200975.1,GCF_028395025.1,close_no_recombination,0,0,0.0,1.000006987680719,full_core,0.0,0.0,0.0,7.519854295303174e-07,0.0,286218.0,1.0,1329813.0,0.0,7.519854295303174e-07,0.0,poisson_thinned_full_core_4D,,False
snv_table,GCF_028200975.1,GCF_028395045.1,close_no_recombination,0,0,0.0,1.0000174730478235,full_core,0.0,0.0,0.0,5.265062026191427e-06,0.0,286155.0,7.0,1329519.0,0.0,5.265062026191427e-06,0.0,poisson_thinned_full_core_4D,,False
snv_table,GCF_028201015.1,GCF_028395295.1,close_no_recombination,0,0,0.0,1.0000105545724167,full_core,0.0,0.0,0.0,2.2713988485522105e-06,0.0,284237.0,3.0,1320772.0,0.0,2.2713988485522105e-06,0.0,poisson_thinned_full_core_4D,,False
snv_table,GCF_028201015.1,GCF_028395405.1,close_no_recombination,0,0,0.0,1.00002814602156,full_core,0.0,0.0,0.0,5.300219580525479e-06,0.0,284232.0,7.0,1320700.0,0.0,5.300219580525479e-06,0.0,poisson_thinned_full_core_4D,,False
snv_table,GCF_028201015.1,GCF_028395425.1,close_no_recombination,0,0,0.0,1.0000281509736717,full_core,0.0,0.0,0.0,1.5145525784500373e-06,0.0,284182.0,2.0,1320522.0,0.0,1.5145525784500373e-06,0.0,poisson_thinned_full_core_4D,,False
snv_table,GCF_028201015.1,GCF_028395455.1,close_no_recombination,0,0,0.0,1.0000105560579458,full_core,0.0,0.0,0.0,5.300697193129388e-06,0.0,284197.0,7.0,1320581.0,0.0,5.300697193129388e-06,0.0,poisson_thinned_full_core_4D,,False
snv_table,GCF_028201015.1,GCF_028395505.1,close_no_recombination,0,0,0.0,1.0000140723176405,full_core,0.0,0.0,0.0,1.5142429693698933e-06,0.0,284246.0,2.0,1320792.0,0.0,1.5142429693698933e-06,0.0,poisson_thinned_full_core_4D,,False
snv_table,GCF_028201015.1,GCF_028395525.1,close_no_recombination,0,0,0.0,1.0000105549437597,full_core,0.0,0.0,0.0,1.5143071741816685e-06,0.0,284227.0,2.0,1320736.0,0.0,1.5143071741816685e-06,0.0,poisson_thinned_full_core_4D,,False
snv_table,GCF_028201015.1,GCF_028395605.1,close_no_recombination,0,0,3.5087719298245615e-06,1.0000175923156764,full_core,7.036926270604999e-06,0.0,3.5184631353024997e-06,3.028745062199066e-06,1.0,284215.0,4.0,1320679.0,3.5184631353024997e-06,3.028745062199066e-06,0.0,poisson_thinned_full_core_4D,,False
snv_table,GCF_028201015.1,GCF_028395635.1,close_no_recombination,0,0,0.0,1.0000211123387546,full_core,0.0,0.0,0.0,3.0290111111700087e-06,0.0,284194.0,4.0,1320563.0,0.0,3.0290111111700087e-06,0.0,poisson_thinned_full_core_4D,,False
snv_table,GCF_028201035.1,GCF_051065055.1,close_no_recombination,0,0,4.912280701754386e-05,1.0000246034451852,full_core,4.9206890370563034e-05,5.623644613778632e-05,5.272166825417468e-05,4.310749041803678e-05,15.0,284513.0,57.0,1322276.0,5.272166825417468e-05,4.310749041803678e-05,5.623644613778632e-05,poisson_thinned_full_core_4D,0.7665400888316811,True
snv_table,GCF_028201045.1,GCF_028201315.1,close_no_recombination,0,0,8.710801393728223e-05,1.0000244317011793,full_core,0.00011866826287114371,6.980486051243748e-05,9.42365616917906e-05,4.88074830131187e-05,27.0,286513.0,65.0,1331763.0,9.42365616917906e-05,4.88074830131187e-05,6.980486051243748e-05,poisson_thinned_full_core_4D,0.6991989190268839,True
snv_table,GCF_028201045.1,GCF_028395215.1,close_no_recombination,0,0,6.968641114982578e-06,1.0,full_core,0.0,1.3963555121133841e-05,6.9817775605669206e-06,7.509993924414915e-06,2.0,286460.0,10.0,1331559.0,6.9817775605669206e-06,7.509993924414915e-06,1.3963555121133841e-05,poisson_thinned_full_core_4D,0.5378282148969742,False
snv_table,GCF_028201045.1,GCF_028395235.1,close_no_recombination,0,0,1.7421602787456446e-05,1.000010476067424,full_core,2.7936179797253175e-05,3.492022474656647e-05,3.1428202271909825e-05,7.512261889469086e-06,9.0,286367.0,10.0,1331157.0,3.1428202271909825e-05,7.512261889469086e-06,3.492022474656647e-05,poisson_thinned_full_core_4D,0.21512639005015938,True
snv_table,GCF_028201045.1,GCF_028395285.1,close_no_recombination,0,0,1.0452961672473868e-05,1.0000279191183143,full_core,6.979779578560909e-06,2.0939338735682726e-05,1.3959559157121819e-05,2.2523723111367046e-06,4.0,286542.0,3.0,1331929.0,1.3959559157121819e-05,2.2523723111367046e-06,2.0939338735682726e-05,poisson_thinned_full_core_4D,0.1075665444629556,True
snv_table,GCF_028201135.1,GCF_028201155.1,close_no_recombination,0,0,1.3937282229965156e-05,1.0000034885870874,full_core,6.97717417468751e-06,2.0931522524062528e-05,1.395434834937502e-05,6.0049285451033935e-06,4.0,286649.0,8.0,1332239.0,1.395434834937502e-05,6.0049285451033935e-06,2.0931522524062528e-05,poisson_thinned_full_core_4D,0.28688446042089044,True
snv_table,GCF_028201135.1,GCF_028201215.1,close_no_recombination,0,0,1.0452961672473868e-05,1.0000104651041104,full_core,1.3953472147125411e-05,6.9767360735627055e-06,1.0465104110344058e-05,6.004590509444471e-06,3.0,286667.0,8.0,1332314.0,1.0465104110344058e-05,6.004590509444471e-06,6.9767360735627055e-06,poisson_thinned_full_core_4D,0.860658973785459,True
snv_table,GCF_028201155.1,GCF_028201215.1,close_no_recombination,0,0,3.484320557491289e-06,1.0000034854256925,full_core,6.970851384933899e-06,0.0,3.4854256924669495e-06,1.4996933127175492e-06,1.0,286909.0,2.0,1333606.0,3.4854256924669495e-06,1.4996933127175492e-06,0.0,poisson_thinned_full_core_4D,,False
snv_table,GCF_028201235.1,GCF_039760255.1,close_no_recombination,0,0,3.508771929824561e-05,1.0000281529550046,full_core,3.519119375567458e-05,4.22294325068095e-05,3.871031313124204e-05,1.136416152564626e-05,11.0,284162.0,15.0,1319939.0,3.871031313124204e-05,1.136416152564626e-05,4.22294325068095e-05,poisson_thinned_full_core_4D,0.2691052389542244,True
snv_table,GCF_028201315.1,GCF_028395215.1,close_no_recombination,0,0,8.362369337979094e-05,1.0000034912665967,full_core,4.1895199159303007e-05,0.000125685597477909,8.379039831860601e-05,4.356329747122569e-05,24.0,286429.0,58.0,1331396.0,8.379039831860601e-05,4.356329747122569e-05,0.000125685597477909,poisson_thinned_full_core_4D,0.3466053258718251,True
snv_table,GCF_028201315.1,GCF_028395235.1,close_no_recombination,0,0,9.40766550522648e-05,1.0000139696021455,full_core,0.00010477201609298168,0.00011175681716584712,0.00010826441662941439,5.108963676770895e-05,31.0,286336.0,68.0,1330994.0,0.00010826441662941439,5.108963676770895e-05,0.00011175681716584712,poisson_thinned_full_core_4D,0.45715006979745965,True
snv_table,GCF_028201315.1,GCF_028395285.1,close_no_recombination,0,0,7.665505226480836e-05,1.0000209421159914,full_core,6.98070533046659e-05,8.376846396559908e-05,7.678775863513249e-05,4.6556053488400035e-05,22.0,286504.0,62.0,1331728.0,7.678775863513249e-05,4.6556053488400035e-05,8.376846396559908e-05,poisson_thinned_full_core_4D,0.5557706478600235,True
snv_table,GCF_028201355.1,GCF_028201375.1,close_no_recombination,0,0,3.5211267605633804e-06,1.0000176301546164,full_core,7.052061846582395e-06,0.0,3.5260309232911975e-06,1.5170110028808039e-06,1.0,283605.0,2.0,1318382.0,3.5260309232911975e-06,1.5170110028808039e-06,0.0,poisson_thinned_full_core_4D,,False
snv_table,GCF_028394625.1,GCF_028394645.1,close_no_recombination,0,0,0.0,1.0000313839265476,full_core,0.0,0.0,0.0,1.5004279970861688e-06,0.0,286771.0,2.0,1332953.0,0.0,1.5004279970861688e-06,0.0,poisson_thinned_full_core_4D,,False
snv_table,GCF_028394625.1,GCF_028394655.1,close_no_recombination,0,0,0.0,1.0000313839265476,full_core,0.0,0.0,0.0,2.2506419956292532e-06,0.0,286771.0,3.0,1332953.0,0.0,2.2506419956292532e-06,0.0,poisson_thinned_full_core_4D,,False
snv_table,GCF_028394625.1,GCF_028394725.1,close_no_recombination,0,0,0.0,1.0,full_core,0.0,0.0,0.0,1.5004336253177167e-06,0.0,286770.0,2.0,1332948.0,0.0,1.5004336253177167e-06,0.0,poisson_thinned_full_core_4D,,False
snv_table,GCF_028394625.1,GCF_039760425.1,close_no_recombination,0,0,0.0,1.0,full_core,0.0,0.0,0.0,7.502168126588584e-07,0.0,286770.0,1.0,1332948.0,0.0,7.502168126588584e-07,0.0,poisson_thinned_full_core_4D,,False
snv_table,GCF_028394645.1,GCF_028394655.1,close_no_recombination,0,0,0.0,1.000031382832196,full_core,0.0,0.0,0.0,2.250528874285457e-06,0.0,286781.0,3.0,1333020.0,0.0,2.250528874285457e-06,0.0,poisson_thinned_full_core_4D,,False
snv_table,GCF_028394645.1,GCF_028394725.1,close_no_recombination,0,0,0.0,1.0,full_core,0.0,0.0,0.0,1.5003582105227624e-06,0.0,286780.0,2.0,1333015.0,0.0,1.5003582105227624e-06,0.0,poisson_thinned_full_core_4D,,False
snv_table,GCF_028394645.1,GCF_039760425.1,close_no_recombination,0,0,0.0,1.0,full_core,0.0,0.0,0.0,7.501791052613812e-07,0.0,286780.0,1.0,1333015.0,0.0,7.501791052613812e-07,0.0,poisson_thinned_full_core_4D,,False
snv_table,GCF_028394655.1,GCF_028394725.1,close_no_recombination,0,0,0.0,1.0,full_core,0.0,0.0,0.0,2.2505373157841435e-06,0.0,286780.0,3.0,1333015.0,0.0,2.2505373157841435e-06,0.0,poisson_thinned_full_core_4D,,False
snv_table,GCF_028394655.1,GCF_039760425.1,close_no_recombination,0,0,0.0,1.0,full_core,0.0,0.0,0.0,1.5003582105227624e-06,0.0,286780.0,2.0,1333015.0,0.0,1.5003582105227624e-06,0.0,poisson_thinned_full_core_4D,,False
snv_table,GCF_028394725.1,GCF_039760425.1,close_no_recombination,0,0,0.0,1.0,full_core,0.0,0.0,0.0,7.501791052613812e-07,0.0,286780.0,1.0,1333015.0,0.0,7.501791052613812e-07,0.0,poisson_thinned_full_core_4D,,False
snv_table,GCF_028394965.1,GCF_028394975.1,close_no_recombination,0,0,6.968641114982578e-06,1.000003494438601,full_core,6.988877201933124e-06,6.988877201933124e-06,6.988877201933124e-06,6.769105801123671e-06,2.0,286169.0,9.0,1329570.0,6.988877201933124e-06,6.769105801123671e-06,6.988877201933124e-06,poisson_thinned_full_core_4D,0.96855411900088,True
snv_table,GCF_028394965.1,GCF_028395025.1,close_no_recombination,0,0,3.484320557491289e-06,1.0,full_core,6.988852779816193e-06,0.0,3.4944263899080967e-06,4.51266253106216e-06,1.0,286170.0,6.0,1329592.0,3.4944263899080967e-06,4.51266253106216e-06,0.0,poisson_thinned_full_core_4D,,False
snv_table,GCF_028394965.1,GCF_028395045.1,close_no_recombination,0,0,0.0,1.000006988657409,full_core,0.0,0.0,0.0,0.0,0.0,286178.0,0.0,1329638.0,0.0,0.0,0.0,poisson_thinned_full_core_4D,,False
snv_table,GCF_028394975.1,GCF_028395025.1,close_no_recombination,0,0,1.0452961672473868e-05,1.0000314497276104,full_core,1.3977656715739889e-05,6.9888283578699445e-06,1.0483242536804918e-05,2.25630411369366e-06,3.0,286171.0,3.0,1329608.0,1.0483242536804918e-05,2.25630411369366e-06,6.9888283578699445e-06,poisson_thinned_full_core_4D,0.32284440225991423,True
snv_table,GCF_028394975.1,GCF_028395045.1,close_no_recombination,0,0,6.968641114982578e-06,1.000003494438601,full_core,0.0,1.3977754403866247e-05,6.988877201933124e-06,6.769105801123671e-06,2.0,286169.0,9.0,1329570.0,6.988877201933124e-06,6.769105801123671e-06,1.3977754403866247e-05,poisson_thinned_full_core_4D,0.48427705950044,False
snv_table,GCF_028395025.1,GCF_028395045.1,close_no_recombination,0,0,3.484320557491289e-06,1.0,full_core,0.0,6.988852779816193e-06,3.4944263899080967e-06,4.51266253106216e-06,1.0,286170.0,6.0,1329592.0,3.4944263899080967e-06,4.51266253106216e-06,6.988852779816193e-06,poisson_thinned_full_core_4D,0.6456943182570292,False
snv_table,GCF_028395165.1,GCF_028395175.1,close_no_recombination,0,0,3.484320557491289e-05,1.000031448628665,full_core,5.590867318235662e-05,1.3977168295589155e-05,3.494292073897289e-05,7.517027947558206e-07,10.0,286181.0,1.0,1330313.0,3.494292073897289e-05,7.517027947558206e-07,1.3977168295589155e-05,poisson_thinned_full_core_4D,0.05378076437650388,True
snv_table,GCF_028395165.1,GCF_028395205.1,close_no_recombination,0,0,3.1358885017421605e-05,1.000027954238911,full_core,3.494279863862856e-05,2.795423891090285e-05,3.144851877476571e-05,7.51696014131885e-07,9.0,286182.0,1.0,1330325.0,3.144851877476571e-05,7.51696014131885e-07,2.795423891090285e-05,poisson_thinned_full_core_4D,0.02689023358953639,True
snv_table,GCF_028395175.1,GCF_028395205.1,close_no_recombination,0,0,2.0905923344947736e-05,1.000031420083019,full_core,1.3964481341707368e-05,2.7928962683414736e-05,2.0946722012561052e-05,0.0,6.0,286441.0,0.0,1331453.0,2.0946722012561052e-05,0.0,2.7928962683414736e-05,poisson_thinned_full_core_4D,0.0,False
snv_table,GCF_028395215.1,GCF_028395235.1,close_no_recombination,0,0,1.7421602787456446e-05,1.0000104764332634,full_core,4.190573305349616e-05,2.095286652674808e-05,3.142929979012212e-05,1.201994409223504e-05,9.0,286357.0,16.0,1331121.0,3.142929979012212e-05,1.201994409223504e-05,2.095286652674808e-05,poisson_thinned_full_core_4D,0.573665855070025,True
snv_table,GCF_028395215.1,GCF_028395285.1,close_no_recombination,0,0,6.968641114982578e-06,1.0,full_core,1.3963555121133841e-05,0.0,6.9817775605669206e-06,6.007995139531932e-06,2.0,286460.0,8.0,1331559.0,6.9817775605669206e-06,6.007995139531932e-06,0.0,poisson_thinned_full_core_4D,,False
snv_table,GCF_028395235.1,GCF_028395285.1,close_no_recombination,0,0,1.7421602787456446e-05,1.000010476067424,full_core,3.492022474656647e-05,2.7936179797253175e-05,3.1428202271909825e-05,7.512261889469086e-06,9.0,286367.0,10.0,1331157.0,3.1428202271909825e-05,7.512261889469086e-06,2.7936179797253175e-05,poisson_thinned_full_core_4D,0.26890798756269924,True
snv_table,GCF_028395295.1,GCF_028395405.1,close_no_recombination,0,0,0.0,1.0000035187850338,full_core,0.0,0.0,0.0,3.029125801866396e-06,0.0,284189.0,4.0,1320513.0,0.0,3.029125801866396e-06,0.0,poisson_thinned_full_core_4D,,False
snv_table,GCF_028395295.1,GCF_028395425.1,close_no_recombination,0,0,0.0,1.000024632015286,full_core,0.0,0.0,0.0,2.271820265696953e-06,0.0,284183.0,3.0,1320527.0,0.0,2.271820265696953e-06,0.0,poisson_thinned_full_core_4D,,False
snv_table,GCF_028395295.1,GCF_028395455.1,close_no_recombination,0,0,0.0,1.0000070373472016,full_core,0.0,0.0,0.0,6.057916712732075e-06,0.0,284198.0,8.0,1320586.0,0.0,6.057916712732075e-06,0.0,poisson_thinned_full_core_4D,,False
snv_table,GCF_028395295.1,GCF_028395505.1,close_no_recombination,0,0,0.0,1.000024630281876,full_core,0.0,0.0,0.0,2.2716860832724395e-06,0.0,284203.0,3.0,1320605.0,0.0,2.2716860832724395e-06,0.0,poisson_thinned_full_core_4D,,False
snv_table,GCF_028395295.1,GCF_028395525.1,close_no_recombination,0,0,0.0,1.0000070366044165,full_core,0.0,0.0,0.0,2.2714521620817405e-06,0.0,284228.0,3.0,1320741.0,0.0,2.2714521620817405e-06,0.0,poisson_thinned_full_core_4D,,False
snv_table,GCF_028395295.1,GCF_028395605.1,close_no_recombination,0,0,3.5087719298245615e-06,1.0000316710712915,full_core,7.038015842573661e-06,0.0,3.5190079212868307e-06,3.786481805576276e-06,1.0,284171.0,5.0,1320487.0,3.5190079212868307e-06,3.786481805576276e-06,0.0,poisson_thinned_full_core_4D,,False
snv_table,GCF_028395295.1,GCF_028395635.1,close_no_recombination,0,0,0.0,1.000017593553722,full_core,0.0,0.0,0.0,3.7862495532225528e-06,0.0,284195.0,5.0,1320568.0,0.0,3.7862495532225528e-06,0.0,poisson_thinned_full_core_4D,,False
snv_table,GCF_028395405.1,GCF_028395425.1,close_no_recombination,0,0,0.0,1.0000035190326884,full_core,0.0,0.0,0.0,5.301283289219083e-06,0.0,284169.0,7.0,1320435.0,0.0,5.301283289219083e-06,0.0,poisson_thinned_full_core_4D,,False
snv_table,GCF_028395405.1,GCF_028395455.1,close_no_recombination,0,0,0.0,1.0000211130816654,full_core,0.0,0.0,0.0,9.087508159825035e-06,0.0,284184.0,12.0,1320494.0,0.0,9.087508159825035e-06,0.0,poisson_thinned_full_core_4D,,False
snv_table,GCF_028395405.1,GCF_028395505.1,close_no_recombination,0,0,0.0,1.0000246276822184,full_core,0.0,0.0,0.0,5.300199514653158e-06,0.0,284233.0,7.0,1320705.0,0.0,5.300199514653158e-06,0.0,poisson_thinned_full_core_4D,,False
snv_table,GCF_028395405.1,GCF_028395525.1,close_no_recombination,0,0,0.0,1.0000035189088567,full_core,0.0,0.0,0.0,5.301114672955303e-06,0.0,284179.0,7.0,1320477.0,0.0,5.301114672955303e-06,0.0,poisson_thinned_full_core_4D,,False
snv_table,GCF_028395405.1,GCF_028395605.1,close_no_recombination,0,0,3.5087719298245615e-06,1.000031667728122,full_core,7.037272915999592e-06,0.0,3.518636457999796e-06,6.815151141121335e-06,1.0,284201.0,9.0,1320587.0,3.518636457999796e-06,6.815151141121335e-06,0.0,poisson_thinned_full_core_4D,,False
snv_table,GCF_028395405.1,GCF_028395635.1,close_no_recombination,0,0,0.0,1.0000316699568232,full_core,0.0,0.0,0.0,6.815724026790339e-06,0.0,284181.0,9.0,1320476.0,0.0,6.815724026790339e-06,0.0,poisson_thinned_full_core_4D,,False
snv_table,GCF_028395425.1,GCF_028395455.1,close_no_recombination,0,0,0.0,1.000007037842479,full_core,0.0,0.0,0.0,5.300990224974025e-06,0.0,284178.0,7.0,1320508.0,0.0,5.300990224974025e-06,0.0,poisson_thinned_full_core_4D,,False
snv_table,GCF_028395425.1,GCF_028395505.1,close_no_recombination,0,0,0.0,1.000024632015286,full_core,0.0,0.0,0.0,0.0,0.0,284183.0,0.0,1320527.0,0.0,0.0,0.0,poisson_thinned_full_core_4D,,False
snv_table,GCF_028395425.1,GCF_028395525.1,close_no_recombination,0,0,0.0,1.000024632015286,full_core,0.0,0.0,0.0,0.0,0.0,284183.0,0.0,1320527.0,0.0,0.0,0.0,poisson_thinned_full_core_4D,,False
snv_table,GCF_028395425.1,GCF_028395605.1,close_no_recombination,0,0,3.5087719298245615e-06,1.0000246346158583,full_core,0.0,7.038461673816571e-06,3.5192308369082855e-06,1.5146718690596464e-06,1.0,284153.0,2.0,1320418.0,3.5192308369082855e-06,1.5146718690596464e-06,7.038461673816571e-06,poisson_thinned_full_core_4D,0.21519927780445283,False
snv_table,GCF_028395425.1,GCF_028395635.1,close_no_recombination,0,0,0.0,1.0000175947919416,full_core,0.0,0.0,0.0,3.029178562503313e-06,0.0,284175.0,4.0,1320490.0,0.0,3.029178562503313e-06,0.0,poisson_thinned_full_core_4D,,False
snv_table,GCF_028395455.1,GCF_028395505.1,close_no_recombination,0,0,0.0,1.0000070373472016,full_core,0.0,0.0,0.0,5.300677123640565e-06,0.0,284198.0,7.0,1320586.0,0.0,5.300677123640565e-06,0.0,poisson_thinned_full_core_4D,,False
snv_table,GCF_028395455.1,GCF_028395525.1,close_no_recombination,0,0,0.0,1.0000070375948316,full_core,0.0,0.0,0.0,5.300821627352239e-06,0.0,284188.0,7.0,1320550.0,0.0,5.300821627352239e-06,0.0,poisson_thinned_full_core_4D,,False
snv_table,GCF_028395455.1,GCF_028395605.1,close_no_recombination,0,0,3.5087719298245615e-06,1.000014076279358,full_core,0.0,7.038139678920068e-06,3.519069839460034e-06,6.815765319568517e-06,1.0,284166.0,9.0,1320468.0,3.519069839460034e-06,6.815765319568517e-06,7.038139678920068e-06,poisson_thinned_full_core_4D,0.9684043839002535,False
snv_table,GCF_028395455.1,GCF_028395635.1,close_no_recombination,0,0,0.0,1.0,full_core,0.0,0.0,0.0,2.271782417767156e-06,0.0,284190.0,3.0,1320549.0,0.0,2.271782417767156e-06,0.0,poisson_thinned_full_core_4D,,False
snv_table,GCF_028395505.1,GCF_028395525.1,close_no_recombination,0,0,0.0,1.0000246311485506,full_core,0.0,0.0,0.0,0.0,0.0,284193.0,0.0,1320569.0,0.0,0.0,0.0,poisson_thinned_full_core_4D,,False
snv_table,GCF_028395505.1,GCF_028395605.1,close_no_recombination,0,0,3.5087719298245615e-06,1.0000175923156764,full_core,7.036926270604999e-06,0.0,3.5184631353024997e-06,1.514372531099533e-06,1.0,284215.0,2.0,1320679.0,3.5184631353024997e-06,1.514372531099533e-06,0.0,poisson_thinned_full_core_4D,,False
snv_table,GCF_028395505.1,GCF_028395635.1,close_no_recombination,0,0,0.0,1.000017593553722,full_core,0.0,0.0,0.0,3.0289996425780423e-06,0.0,284195.0,4.0,1320568.0,0.0,3.0289996425780423e-06,0.0,poisson_thinned_full_core_4D,,False
snv_table,GCF_028395525.1,GCF_028395605.1,close_no_recombination,0,0,3.5087719298245615e-06,1.0000316721858382,full_core,0.0,7.038263519624438e-06,3.519131759812219e-06,1.514634015196323e-06,1.0,284161.0,2.0,1320451.0,3.519131759812219e-06,1.514634015196323e-06,7.038263519624438e-06,poisson_thinned_full_core_4D,0.2151999581961012,False
snv_table,GCF_028395525.1,GCF_028395635.1,close_no_recombination,0,0,0.0,1.00001759417281,full_core,0.0,0.0,0.0,3.0290822183786534e-06,0.0,284185.0,4.0,1320532.0,0.0,3.0290822183786534e-06,0.0,poisson_thinned_full_core_4D,,False
snv_table,GCF_028395605.1,GCF_028395635.1,close_no_recombination,0,0,3.5087719298245615e-06,1.0000246337489398,full_core,7.0382139828197194e-06,0.0,3.5191069914098597e-06,4.543905486765875e-06,1.0,284163.0,6.0,1320450.0,3.5191069914098597e-06,4.543905486765875e-06,0.0,poisson_thinned_full_core_4D,,False
snv_table,GCF_028395655.1,GCF_028395705.1,close_no_recombination,0,0,3.484320557491289e-06,1.0,full_core,0.0,6.981046458864184e-06,3.490523229432092e-06,0.0,1.0,286490.0,0.0,1331719.0,3.490523229432092e-06,0.0,6.981046458864184e-06,poisson_thinned_full_core_4D,0.0,False
snv_table,GCF_028395745.1,GCF_028395835.1,close_no_recombination,0,0,1.3937282229965156e-05,1.0000314409381976,full_core,1.3973750310042585e-05,1.3973750310042585e-05,1.3973750310042585e-05,6.014725551832274e-06,4.0,286251.0,8.0,1330069.0,1.3973750310042585e-05,6.014725551832274e-06,1.3973750310042585e-05,poisson_thinned_full_core_4D,0.43043030098438506,True
snv_table,GCF_028395765.1,GCF_028395835.1,close_no_recombination,0,0,6.968641114982578e-06,1.000024449621555,full_core,1.3971212317020778e-05,0.0,6.985606158510389e-06,4.510233720311386e-06,2.0,286303.0,6.0,1330308.0,6.985606158510389e-06,4.510233720311386e-06,0.0,poisson_thinned_full_core_4D,,False
snv_table,GCF_028395955.1,GCF_028396005.1,close_no_recombination,0,0,0.0,1.000021117540229,full_core,0.0,0.0,0.0,0.0,0.0,284124.0,0.0,1320365.0,0.0,0.0,0.0,poisson_thinned_full_core_4D,,False
snv_table,GCF_028396205.1,GCF_028396285.1,close_no_recombination,0,0,0.0,1.0000174822118495,full_core,0.0,0.0,0.0,1.5044007482889322e-06,0.0,286005.0,2.0,1329433.0,0.0,1.5044007482889322e-06,0.0,poisson_thinned_full_core_4D,,False
snv_table,GCF_030541685.1,GCF_047307925.1,close_no_recombination,0,0,3.508771929824561e-05,1.000003515568696,full_core,2.812454956776083e-05,4.921796174358145e-05,3.867125565567114e-05,2.344974492729066e-05,11.0,284449.0,31.0,1321976.0,3.867125565567114e-05,2.344974492729066e-05,4.921796174358145e-05,poisson_thinned_full_core_4D,0.4764468924873501,True
snv_table,GCF_030546205.1,GCF_047307925.1,close_no_recombination,0,0,3.508771929824561e-05,1.0000035159395118,full_core,2.8127516094213115e-05,4.2191274141319674e-05,3.515939511776639e-05,2.193870024548649e-05,10.0,284419.0,29.0,1321865.0,3.515939511776639e-05,2.193870024548649e-05,4.2191274141319674e-05,poisson_thinned_full_core_4D,0.5199819320934185,True
snv_table,GCF_039734225.1,GCF_039760355.1,close_no_recombination,0,0,3.5087719298245615e-06,1.0000105275347673,full_core,7.018356511455712e-06,0.0,3.509178255727856e-06,0.0,1.0,284967.0,0.0,1324395.0,3.509178255727856e-06,0.0,0.0,poisson_thinned_full_core_4D,,False
snv_table,GCF_039734225.1,GCF_039760375.1,close_no_recombination,0,0,1.048951048951049e-05,1.0000280276913591,full_core,7.006922839765688e-06,1.4013845679531377e-05,1.0510384259648532e-05,2.2617100035433456e-06,3.0,285432.0,3.0,1326430.0,1.0510384259648532e-05,2.2617100035433456e-06,1.4013845679531377e-05,poisson_thinned_full_core_4D,0.16139110243284607,True
snv_table,GCF_039734225.1,GCF_039760395.1,close_no_recombination,0,0,1.048951048951049e-05,1.0000280276913591,full_core,1.4013845679531377e-05,7.006922839765688e-06,1.0510384259648532e-05,3.7695166725722427e-06,3.0,285432.0,5.0,1326430.0,1.0510384259648532e-05,3.7695166725722427e-06,7.006922839765688e-06,poisson_thinned_full_core_4D,0.5379703414428202,True
snv_table,GCF_039734225.1,GCF_039760415.1,close_no_recombination,0,0,3.496503496503497e-06,1.0000280276913591,full_core,0.0,7.006922839765688e-06,3.503461419882844e-06,1.507806669028897e-06,1.0,285432.0,2.0,1326430.0,3.503461419882844e-06,1.507806669028897e-06,7.006922839765688e-06,poisson_thinned_full_core_4D,0.2151881365771281,False
snv_table,GCF_039734225.1,GCF_039760475.1,close_no_recombination,0,0,3.496503496503497e-06,1.0000035046032965,full_core,7.0092065928597214e-06,0.0,3.5046032964298607e-06,3.016523004758565e-06,1.0,285339.0,4.0,1326030.0,3.5046032964298607e-06,3.016523004758565e-06,0.0,poisson_thinned_full_core_4D,,False
snv_table,GCF_039760295.1,GCF_039760335.1,close_no_recombination,0,0,3.846153846153846e-05,1.0000209721280418,full_core,4.194425608366481e-05,5.592567477821975e-05,4.893496543094228e-05,2.1051681879012976e-05,14.0,286094.0,28.0,1330060.0,4.893496543094228e-05,2.1051681879012976e-05,5.592567477821975e-05,poisson_thinned_full_core_4D,0.37642249221839613,True
snv_table,GCF_039760315.1,GCF_039760335.1,close_no_recombination,0,0,4.181184668989547e-05,1.000027960100936,full_core,2.796010093596438e-05,5.592020187192876e-05,4.194015140394657e-05,1.653875443633294e-05,12.0,286122.0,22.0,1330209.0,4.194015140394657e-05,1.653875443633294e-05,5.592020187192876e-05,poisson_thinned_full_core_4D,0.2957563435520283,True
snv_table,GCF_039760355.1,GCF_039760375.1,close_no_recombination,0,0,6.993006993006993e-06,1.0000105238417636,full_core,7.015894509010162e-06,7.015894509010162e-06,7.015894509010162e-06,2.264410709756893e-06,2.0,285067.0,3.0,1324848.0,7.015894509010162e-06,2.264410709756893e-06,7.015894509010162e-06,poisson_thinned_full_core_4D,0.32275438389913413,True
snv_table,GCF_039760355.1,GCF_039760395.1,close_no_recombination,0,0,6.993006993006993e-06,1.0000105238417636,full_core,1.4031789018020324e-05,0.0,7.015894509010162e-06,3.7740178495948213e-06,2.0,285067.0,5.0,1324848.0,7.015894509010162e-06,3.7740178495948213e-06,0.0,poisson_thinned_full_core_4D,,False
snv_table,GCF_039760355.1,GCF_039760415.1,close_no_recombination,0,0,0.0,1.0000105238417636,full_core,0.0,0.0,0.0,1.5096071398379285e-06,0.0,285067.0,2.0,1324848.0,0.0,1.5096071398379285e-06,0.0,poisson_thinned_full_core_4D,,False
snv_table,GCF_039760355.1,GCF_039760475.1,close_no_recombination,0,0,0.0,1.0000140328227725,full_core,0.0,0.0,0.0,3.0194307920042455e-06,0.0,285046.0,4.0,1324753.0,0.0,3.0194307920042455e-06,0.0,poisson_thinned_full_core_4D,,False
snv_table,GCF_039760375.1,GCF_039760395.1,close_no_recombination,0,0,0.0,1.0000280178754044,full_core,0.0,0.0,0.0,1.5072919013959785e-06,0.0,285532.0,2.0,1326883.0,0.0,1.5072919013959785e-06,0.0,poisson_thinned_full_core_4D,,False
snv_table,GCF_039760375.1,GCF_039760415.1,close_no_recombination,0,0,6.993006993006993e-06,1.0000280178754044,full_core,7.004468851127019e-06,7.004468851127019e-06,7.004468851127019e-06,3.768229753489946e-06,2.0,285532.0,5.0,1326883.0,7.004468851127019e-06,3.768229753489946e-06,7.004468851127019e-06,poisson_thinned_full_core_4D,0.5379750889867456,True
snv_table,GCF_039760375.1,GCF_039760475.1,close_no_recombination,0,0,6.993006993006993e-06,1.0000070072665357,full_core,7.007266535397207e-06,7.007266535397207e-06,7.007266535397207e-06,5.277490447742289e-06,2.0,285418.0,7.0,1326388.0,7.007266535397207e-06,5.277490447742289e-06,7.007266535397207e-06,poisson_thinned_full_core_4D,0.7531453843068544,True
snv_table,GCF_039760395.1,GCF_039760415.1,close_no_recombination,0,0,6.993006993006993e-06,1.0000280178754044,full_core,1.4008937702254037e-05,0.0,7.004468851127019e-06,5.275521654885924e-06,2.0,285532.0,7.0,1326883.0,7.004468851127019e-06,5.275521654885924e-06,0.0,poisson_thinned_full_core_4D,,False
snv_table,GCF_039760395.1,GCF_039760475.1,close_no_recombination,0,0,6.993006993006993e-06,1.0000070072665357,full_core,1.4014533070794414e-05,0.0,7.007266535397207e-06,6.785344861382944e-06,2.0,285418.0,9.0,1326388.0,7.007266535397207e-06,6.785344861382944e-06,0.0,poisson_thinned_full_core_4D,,False
snv_table,GCF_039760415.1,GCF_039760475.1,close_no_recombination,0,0,0.0,1.0000070072665357,full_core,0.0,0.0,0.0,4.523563240921962e-06,0.0,285418.0,6.0,1326388.0,0.0,4.523563240921962e-06,0.0,poisson_thinned_full_core_4D,,False
snv_table,GCF_040911865.1,GCF_040911905.1,close_no_recombination,0,0,7.017543859649123e-06,1.0,full_core,7.026666198222253e-06,7.026666198222253e-06,7.026666198222253e-06,3.0239550156451873e-06,2.0,284630.0,4.0,1322771.0,7.026666198222253e-06,3.0239550156451873e-06,7.026666198222253e-06,poisson_thinned_full_core_4D,0.4303541580515448,True
snv_table,GCF_040918105.1,GCF_040918145.1,close_no_recombination,0,0,7.092198581560284e-06,1.0000248930487938,full_core,0.0,2.1336898966227244e-05,1.0668449483113622e-05,7.655004267664879e-07,3.0,281203.0,1.0,1306335.0,1.0668449483113622e-05,7.655004267664879e-07,2.1336898966227244e-05,poisson_thinned_full_core_4D,0.035876836084669454,False
snv_table,GCF_040918305.1,GCF_040918365.1,close_no_recombination,0,0,3.546099290780142e-06,1.0000248656367556,full_core,0.0,7.10446764447823e-06,3.552233822239115e-06,4.5882995303110715e-06,1.0,281513.0,6.0,1307674.0,3.552233822239115e-06,4.5882995303110715e-06,7.10446764447823e-06,poisson_thinned_full_core_4D,0.6458329828382303,False
snv_table,GCF_040918325.1,GCF_040918345.1,close_no_recombination,0,0,0.0,1.0000176127657323,full_core,0.0,0.0,0.0,7.576188040987178e-07,0.0,283885.0,1.0,1319925.0,0.0,7.576188040987178e-07,0.0,poisson_thinned_full_core_4D,,False
snv_table,GCF_040921925.1,GCF_040921935.1,close_no_recombination,0,0,7.067137809187279e-06,1.0000106335090226,full_core,1.4178012030043208e-05,0.0,7.089006015021604e-06,8.392538880343758e-06,2.0,282127.0,11.0,1310688.0,7.089006015021604e-06,8.392538880343758e-06,0.0,poisson_thinned_full_core_4D,,False
snv_table,GCF_040921965.1,GCF_040922005.1,close_no_recombination,0,0,2.112676056338028e-05,1.0000105824958463,full_core,2.116499169274076e-05,2.8219988923654346e-05,2.4692490308197553e-05,5.314165896112612e-06,7.0,283487.0,7.0,1317234.0,2.4692490308197553e-05,5.314165896112612e-06,2.8219988923654346e-05,poisson_thinned_full_core_4D,0.18831211842390952,True
snv_table,GCF_040922045.1,GCF_040922065.1,close_no_recombination,0,0,7.017543859649123e-06,1.0000210715590143,full_core,1.404770600960863e-05,0.0,7.023853004804315e-06,7.554644633293772e-07,2.0,284744.0,1.0,1323689.0,7.023853004804315e-06,7.554644633293772e-07,0.0,poisson_thinned_full_core_4D,,False
snv_table,GCF_047307265.1,GCF_047307325.1,close_no_recombination,0,0,2.105263157894737e-05,1.0000140505679942,full_core,2.1075851991316748e-05,2.1075851991316748e-05,2.1075851991316748e-05,6.80121484810998e-06,6.0,284686.0,9.0,1323293.0,2.1075851991316748e-05,6.80121484810998e-06,2.1075851991316748e-05,poisson_thinned_full_core_4D,0.3227017750415063,True
snv_table,GCF_047309325.1,GCF_964238335.1,close_no_recombination,0,0,4.878048780487805e-05,1.0000313839265476,full_core,8.369047079376924e-05,2.092261769844231e-05,5.230654424610578e-05,3.751176931762341e-05,15.0,286771.0,50.0,1332915.0,5.230654424610578e-05,3.751176931762341e-05,2.092261769844231e-05,poisson_thinned_full_core_4D,1.792881266497364,True
snv_table,GCF_964238155.1,GCF_964241015.1,close_no_recombination,0,0,0.0,1.0000314047337402,full_core,0.0,0.0,0.0,7.50707917566265e-07,0.0,286581.0,1.0,1332076.0,0.0,7.50707917566265e-07,0.0,poisson_thinned_full_core_4D,,False
snv_table,GCF_964238155.1,GCF_964249005.1,close_no_recombination,0,0,0.0,1.0000314047337402,full_core,0.0,0.0,0.0,0.0,0.0,286581.0,0.0,1332076.0,0.0,0.0,0.0,poisson_thinned_full_core_4D,,False
snv_table,GCF_964241015.1,GCF_964249005.1,close_no_recombination,0,0,0.0,1.0000314047337402,full_core,0.0,0.0,0.0,7.50707917566265e-07,0.0,286581.0,1.0,1332076.0,0.0,7.50707917566265e-07,0.0,poisson_thinned_full_core_4D,,False
snv_table,GCF_964242805.1,GCF_964252045.1,close_no_recombination,0,0,3.496503496503497e-06,1.0,full_core,6.997166147710178e-06,0.0,3.498583073855089e-06,1.5052635302493996e-06,1.0,285830.0,2.0,1328671.0,3.498583073855089e-06,1.5052635302493996e-06,0.0,poisson_thinned_full_core_4D,,False
snv_table,GCF_964242985.1,GCF_964245055.1,close_no_recombination,0,0,0.0,1.0,full_core,0.0,0.0,0.0,0.0,0.0,286870.0,0.0,1333591.0,0.0,0.0,0.0,poisson_thinned_full_core_4D,,False
snv_table,GCF_964242985.1,GCF_964245225.1,close_no_recombination,0,0,3.484320557491289e-06,1.000010457443434,full_core,0.0,6.971628955963705e-06,3.4858144779818527e-06,0.0,1.0,286877.0,0.0,1333581.0,3.4858144779818527e-06,0.0,6.971628955963705e-06,poisson_thinned_full_core_4D,0.0,False
snv_table,GCF_964242985.1,GCF_964248235.1,close_no_recombination,0,0,0.0,1.0,full_core,0.0,0.0,0.0,0.0,0.0,286870.0,0.0,1333591.0,0.0,0.0,0.0,poisson_thinned_full_core_4D,,False
snv_table,GCF_964242985.1,GCF_964248265.1,close_no_recombination,0,0,3.484320557491289e-06,1.0000278831139862,full_core,6.970778496542494e-06,0.0,3.485389248271247e-06,0.0,1.0,286912.0,0.0,1333739.0,3.485389248271247e-06,0.0,0.0,poisson_thinned_full_core_4D,,False
snv_table,GCF_964242985.1,GCF_964251225.1,close_no_recombination,0,0,0.0,1.0,full_core,0.0,0.0,0.0,0.0,0.0,286870.0,0.0,1333591.0,0.0,0.0,0.0,poisson_thinned_full_core_4D,,False
snv_table,GCF_964243165.1,GCF_964243285.1,close_no_recombination,0,0,3.484320557491289e-06,1.000031448628665,full_core,6.9885841477945776e-06,0.0,3.4942920738972888e-06,3.0076567421513318e-06,1.0,286181.0,4.0,1329939.0,3.4942920738972888e-06,3.0076567421513318e-06,0.0,poisson_thinned_full_core_4D,,False
snv_table,GCF_964245055.1,GCF_964245225.1,close_no_recombination,0,0,0.0,1.000003485911688,full_core,0.0,0.0,0.0,0.0,0.0,286869.0,0.0,1333559.0,0.0,0.0,0.0,poisson_thinned_full_core_4D,,False
snv_table,GCF_964245055.1,GCF_964248235.1,close_no_recombination,0,0,0.0,1.0,full_core,0.0,0.0,0.0,0.0,0.0,286870.0,0.0,1333591.0,0.0,0.0,0.0,poisson_thinned_full_core_4D,,False
snv_table,GCF_964245055.1,GCF_964248265.1,close_no_recombination,0,0,3.484320557491289e-06,1.0,full_core,0.0,6.9717990727507235e-06,3.4858995363753618e-06,0.0,1.0,286870.0,0.0,1333591.0,3.4858995363753618e-06,0.0,6.9717990727507235e-06,poisson_thinned_full_core_4D,0.0,False
snv_table,GCF_964245055.1,GCF_964251225.1,close_no_recombination,0,0,0.0,1.0,full_core,0.0,0.0,0.0,0.0,0.0,286870.0,0.0,1333591.0,0.0,0.0,0.0,poisson_thinned_full_core_4D,,False
snv_table,GCF_964245225.1,GCF_964248235.1,close_no_recombination,0,0,0.0,1.000003485911688,full_core,0.0,0.0,0.0,0.0,0.0,286869.0,0.0,1333559.0,0.0,0.0,0.0,poisson_thinned_full_core_4D,,False
snv_table,GCF_964245225.1,GCF_964248265.1,close_no_recombination,0,0,6.968641114982578e-06,1.000010457443434,full_core,6.971628955963705e-06,6.971628955963705e-06,6.971628955963705e-06,0.0,2.0,286877.0,0.0,1333581.0,6.971628955963705e-06,0.0,6.971628955963705e-06,poisson_thinned_full_core_4D,0.0,False
snv_table,GCF_964245225.1,GCF_964251225.1,close_no_recombination,0,0,0.0,1.000003485911688,full_core,0.0,0.0,0.0,0.0,0.0,286869.0,0.0,1333559.0,0.0,0.0,0.0,poisson_thinned_full_core_4D,,False
snv_table,GCF_964245285.1,GCF_964250055.1,close_no_recombination,0,0,3.484320557491289e-06,1.0,full_core,0.0,6.988608568034104e-06,3.494304284017052e-06,7.517480020417476e-07,1.0,286180.0,1.0,1330233.0,3.494304284017052e-06,7.517480020417476e-07,6.988608568034104e-06,poisson_thinned_full_core_4D,0.10756762161215366,False
snv_table,GCF_964246425.1,GCF_964251715.1,close_no_recombination,0,0,3.484320557491289e-06,1.00000698816903,full_core,0.0,6.988169029832493e-06,3.4940845149162466e-06,2.2544068016956143e-06,1.0,286198.0,3.0,1330727.0,3.4940845149162466e-06,2.2544068016956143e-06,6.988169029832493e-06,poisson_thinned_full_core_4D,0.32260335891584074,False
snv_table,GCF_964248235.1,GCF_964248265.1,close_no_recombination,0,0,3.484320557491289e-06,1.0,full_core,6.9717990727507235e-06,0.0,3.4858995363753618e-06,0.0,1.0,286870.0,0.0,1333591.0,3.4858995363753618e-06,0.0,0.0,poisson_thinned_full_core_4D,,False
snv_table,GCF_964248235.1,GCF_964251225.1,close_no_recombination,0,0,0.0,1.0,full_core,0.0,0.0,0.0,0.0,0.0,286870.0,0.0,1333591.0,0.0,0.0,0.0,poisson_thinned_full_core_4D,,False
snv_table,GCF_964248265.1,GCF_964251225.1,close_no_recombination,0,0,3.484320557491289e-06,1.0,full_core,6.9717990727507235e-06,0.0,3.4858995363753618e-06,0.0,1.0,286870.0,0.0,1333591.0,3.4858995363753618e-06,0.0,0.0,poisson_thinned_full_core_4D,,False
snv_table,GCF_000012825.1,GCF_048453055.1,close_recombination,4,4,0.0,0.8916807322208495,recombined,0.0074266126085367765,0.007022916702918095,0.007224764655727436,0.0006946840946537022,2076.0,31302.0,927.0,146282.0,0.0663216407897259,0.006337074964794028,0.0663216407897259,naive_region_4D,0.09555063610211112,True
snv_table,GCF_000699845.1,GCF_024047355.1,close_recombination,17,17,0.0002434782608695,0.8168085901875347,recombined,0.0024948722338890305,0.0024739069209992067,0.0024843895774441186,0.0003811167547795574,641.0,52636.0,356.0,243911.0,0.012177977049927806,0.0014595487698381786,0.012177977049927806,naive_region_4D,0.11985149617660276,True
snv_table,GCF_000699845.1,GCF_028199355.1,close_recombination,3,3,0.0002238267148014,0.9675887948337552,recombined,0.0007190854350292347,0.0007051226110480845,0.0007121040230386596,0.00015994040905698234,136.0,9293.0,82.0,41918.0,0.01463467125793608,0.00195620020039124,0.01463467125793608,naive_region_4D,0.13366888575173377,True
snv_table,GCF_000699845.1,GCF_028200155.1,close_recombination,4,4,0.0002101449275362,0.9667250804644246,recombined,0.0008308257290670316,0.0007330815256473808,0.0007819536273572062,0.00017646789373178533,159.0,9549.0,107.0,43065.0,0.01665095821551995,0.002484616277719726,0.01665095821551995,naive_region_4D,0.14921761532041297,True
snv_table,GCF_000699845.1,GCF_028200165.1,close_recombination,3,3,0.0002057761732851,0.9675865487318752,recombined,0.0007749069762571295,0.0006283029537219968,0.0007016049649895632,0.00015542955999918906,136.0,9292.0,81.0,41917.0,0.014636246233318984,0.0019323901996803206,0.014636246233318984,naive_region_4D,0.13202771864286425,True
snv_table,GCF_000699845.1,GCF_964252195.1,close_recombination,16,16,0.0002745901639344,0.8681438684264696,recombined,0.002044497475778287,0.0022189426528924755,0.0021317200643353813,0.00033399331412934324,523.0,37914.0,273.0,173826.0,0.01379437674737564,0.001570536053294674,0.01379437674737564,naive_region_4D,0.1138533535843485,True
snv_table,GCF_002959625.1,GCF_048453055.1,close_recombination,4,4,0.0,0.8916403494416802,recombined,0.007304988492379901,0.007151785683197482,0.007228387087788691,0.0006949910467478837,2076.0,31296.0,927.0,146289.0,0.06633435582822086,0.006336771732666161,0.06633435582822086,naive_region_4D,0.09552774958840085,True
snv_table,GCF_003436175.1,GCF_003460125.1,close_recombination,15,15,8.920187793427231e-05,0.7427031598961265,recombined,0.003040714113457082,0.003040714113457082,0.003040714113457082,0.0004075384078632355,849.0,73841.0,473.0,341478.0,0.011497677442071478,0.0013851551198027399,0.011497677442071478,naive_region_4D,0.1204726021217363,True
snv_table,GCF_003436175.1,GCF_003465015.1,close_recombination,7,7,6.008583690987125e-05,0.8142370938773228,recombined,0.0019288424848522968,0.0019567967237631998,0.0019428196043077483,0.00028114973704230475,537.0,53214.0,315.0,245615.0,0.010091329349419326,0.0012824949616269364,0.010091329349419326,naive_region_4D,0.12708880239853965,True
snv_table,GCF_003436605.1,GCF_003436855.1,close_recombination,2,2,2.4734982332155476e-05,0.9842265795206973,recombined,9.06318082788671e-05,7.66884531590414e-05,8.366013071895425e-05,2.3245403221512947e-05,16.0,4530.0,10.0,20993.0,0.003532008830022075,0.0004763492592769018,0.003532008830022075,naive_region_4D,0.13486638403277282,True
snv_table,GCF_003436605.1,GCF_021412685.1,close_recombination,13,13,1.6129032258064517e-05,0.8625764172319768,recombined,0.0017386993272141358,0.0016199929474444961,0.0016793461373293159,0.00022229915909334987,477.0,39524.0,268.0,183344.0,0.012068616536787775,0.0014617331355266602,0.012068616536787775,naive_region_4D,0.1211185334351273,True
snv_table,GCF_003436855.1,GCF_021412685.1,close_recombination,13,13,2.8455284552845528e-05,0.8563381658023131,recombined,0.0016682138943371466,0.0017938534344964297,0.0017310336644167882,0.00023197327427649112,488.0,41378.0,272.0,192477.0,0.011793706800715356,0.001413155857582984,0.011793706800715356,naive_region_4D,0.11982287515382932,True
snv_table,GCF_003437875.1,GCF_047308005.1,close_recombination,9,9,7.063197026022304e-05,0.9452448958747892,recombined,0.0007959512145299838,0.0006832501576053843,0.000739600686067684,0.00011825707268261621,191.0,15631.0,108.0,72225.0,0.012219307785810249,0.0014953271028037382,0.012219307785810249,naive_region_4D,0.12237412536086509,True
snv_table,GCF_003459365.1,GCF_028394795.1,close_recombination,29,29,0.0001244444444444,0.7872821492269019,recombined,0.002633168087407137,0.002647211650539975,0.002640189868973556,0.0003558148916464333,724.0,60769.0,403.0,280230.0,0.01191396929355428,0.0014381044142311673,0.01191396929355428,naive_region_4D,0.12070741318841685,True
snv_table,GCF_003459365.1,GCF_028396015.1,close_recombination,17,17,3.4883720930232556e-05,0.9005935754189944,recombined,0.001340782122905028,0.0013337988826815643,0.001337290502793296,0.0001975543819139339,374.0,28658.0,207.0,130470.0,0.013050457114941726,0.0015865716256610715,0.013050457114941726,naive_region_4D,0.12157211135881013,True
snv_table,GCF_003459535.1,GCF_019042015.1,close_recombination,16,16,0.0001095890410958,0.7795020102983706,recombined,0.0027438809339070326,0.0027932566833603722,0.0027685688086337024,0.00044552050760496677,751.0,62664.0,482.0,290304.0,0.01198455253415039,0.0016603284832451498,0.01198455253415039,naive_region_4D,0.1385390467031612,True
snv_table,GCF_003459535.1,GCF_021410705.1,close_recombination,21,21,0.000127358490566,0.7466803831695691,recombined,0.0032694130205782775,0.0032271361280708,0.0032482745743245387,0.0004342185430262835,893.0,72038.0,483.0,336595.0,0.012396235320247646,0.0014349589269002808,0.012396235320247646,naive_region_4D,0.11575763849500832,True
snv_table,GCF_003459535.1,GCF_040928465.1,close_recombination,19,19,7.488986784140969e-05,0.8018964942516508,recombined,0.002567430512705944,0.0023191982808144856,0.0024433143967602148,0.00037387769926346094,672.0,56064.0,405.0,258936.0,0.011986301369863013,0.0015640930577439985,0.011986301369863013,naive_region_4D,0.1304900493889279,True
snv_table,GCF_003459535.1,GCF_040928505.1,close_recombination,16,16,0.00012,0.8070087966095658,recombined,0.0026282987285872004,0.002307774493393639,0.00246803661099042,0.00038796689246953193,659.0,54321.0,394.0,250909.0,0.012131588151911784,0.0015702904240182695,0.012131588151911784,naive_region_4D,0.12943815800166375,True
snv_table,GCF_003459535.1,GCF_047307425.1,close_recombination,25,25,9.178743961352657e-05,0.7309492248893327,recombined,0.0034457176410195105,0.0036777761760269467,0.0035617469085232286,0.0004909228441754916,991.0,76875.0,563.0,358245.0,0.012891056910569106,0.0015715501960948512,0.012891056910569106,naive_region_4D,0.121910112335814,True
snv_table,GCF_003459535.1,GCF_047310325.1,close_recombination,23,23,0.0001141552511415,0.7719753372844297,recombined,0.002769985728246121,0.0028684116170670493,0.002819198672656585,0.0004310582783229867,773.0,65102.0,474.0,297905.0,0.011873675155909189,0.0015911112603011028,0.011873675155909189,naive_region_4D,0.13400326684103803,True
snv_table,GCF_003459715.1,GCF_003475695.1,close_recombination,34,34,6.542056074766355e-05,0.7586459183386329,recombined,0.0028561780679292005,0.0029476320454737315,0.002901905056701466,0.00040341441483717345,805.0,68854.0,471.0,317614.0,0.011691405001888052,0.0014829321125643077,0.011691405001888052,naive_region_4D,0.12683951264410293,True
snv_table,GCF_003459715.1,GCF_021891045.1,close_recombination,2,2,4.225352112676056e-05,0.9974319429757844,recombined,0.00012647066056328628,9.133992151792897e-05,0.00010890529104060762,3.250567337392259e-05,19.0,740.0,15.0,3383.0,0.025675675675675677,0.004433934377771209,0.025675675675675677,naive_region_4D,0.172690075765826,True
snv_table,GCF_003459715.1,GCF_021891195.1,close_recombination,34,34,0.0001076233183856,0.815278252025804,recombined,0.0026362070927922867,0.0025187159688795386,0.0025774615308359126,0.0003847992446240701,678.0,50578.0,419.0,234064.0,0.013405037763454466,0.0017901086882220248,0.013405037763454466,naive_region_4D,0.1335399959187221,True
snv_table,GCF_003459715.1,GCF_027671015.1,close_recombination,16,16,1.5444015444015444e-05,0.9093081778690024,recombined,0.0007943090916759219,0.0006888698317189412,0.0007415894616974316,0.00013839584842705176,207.0,25831.0,134.0,119967.0,0.008013627037280787,0.0011169738344711463,0.008013627037280787,naive_region_4D,0.1393843049189574,True
snv_table,GCF_003459715.1,GCF_027686305.1,close_recombination,1,1,2.456140350877193e-05,0.9978536626491634,recombined,4.9179579233571383e-05,9.835915846714277e-05,7.376936885035708e-05,2.948090922147722e-05,13.0,620.0,5.0,2877.0,0.020967741935483872,0.001737921445950643,0.020967741935483872,naive_region_4D,0.08288548434533835,True
snv_table,GCF_003459715.1,GCF_027686505.1,close_recombination,1,1,1.7605633802816902e-05,0.9978348435533873,recombined,7.029728722768588e-05,6.32675585049173e-05,6.678242286630158e-05,2.344543528719524e-05,13.0,620.0,5.0,2860.0,0.020967741935483872,0.0017482517482517483,0.020967741935483872,naive_region_4D,0.08337816030123722,True
snv_table,GCF_003459715.1,GCF_030541685.1,close_recombination,16,16,2.2900763358778624e-05,0.9199142565976736,recombined,0.000681730329971536,0.0007098429208981972,0.0006957866254348667,0.000124767667479799,192.0,22812.0,125.0,105693.0,0.008416622830089426,0.001182670564748848,0.008416622830089426,naive_region_4D,0.1405160464742225,True
snv_table,GCF_003459715.1,GCF_030546205.1,close_recombination,14,14,4.9429657794676805e-05,0.9234202572573276,recombined,0.0006466577634076053,0.0007520910943979756,0.0006993744289027905,0.00012326567837337704,186.0,21802.0,125.0,101237.0,0.008531327401155857,0.0012347264340112805,0.008531327401155857,naive_region_4D,0.14472852534577385,True
snv_table,GCF_003459715.1,GCF_040921925.1,close_recombination,19,19,6.910569105691057e-05,0.8683029075613591,recombined,0.001536631307623674,0.0013879250520471894,0.0014622781798354317,0.00023321393186494932,396.0,37331.0,251.0,172411.0,0.01060780584500817,0.0014558235843420662,0.01060780584500817,naive_region_4D,0.1372407834017012,True
snv_table,GCF_003459715.1,GCF_040921935.1,close_recombination,21,21,4.838709677419355e-05,0.8706835279132448,recombined,0.0014637476161321876,0.0014426358716687427,0.0014531917439004653,0.0002263933793186998,401.0,36898.0,245.0,170311.0,0.01086779771261315,0.0014385447798439326,0.01086779771261315,naive_region_4D,0.13236764410643748,True
snv_table,GCF_003459715.1,GCF_047307925.1,close_recombination,14,14,4.9429657794676805e-05,0.9241396280802896,recombined,0.0006890005976025592,0.0007100924526312089,0.000699546525116884,0.00012783429045161055,186.0,21591.0,122.0,100282.0,0.008614700569681812,0.0012165692746454997,0.008614700569681812,naive_region_4D,0.1412201462842526,True
snv_table,GCF_003459715.1,GCF_047638235.1,close_recombination,24,24,6.122448979591836e-05,0.8639300485460836,recombined,0.0016839642915019693,0.001585322031748716,0.0016346431616253425,0.0002782510066696842,446.0,38818.0,308.0,178725.0,0.011489515173373177,0.0017233179465659533,0.011489515173373177,naive_region_4D,0.14999048441658558,True
snv_table,GCF_003460125.1,GCF_003465015.1,close_recombination,17,17,9.871244635193133e-05,0.8100465038334241,recombined,0.0025765637437680676,0.002604493974052816,0.002590528858910442,0.00031245446501937065,717.0,54757.0,332.0,253608.0,0.013094216264587176,0.0013091069682344405,0.013094216264587176,naive_region_4D,0.09997596967867958,True
snv_table,GCF_003466785.1,GCF_003475695.1,close_recombination,31,31,8.530805687203791e-05,0.7397492542353802,recombined,0.0026734958068328923,0.0031589463612314967,0.0029162210840321945,0.0003988991292342348,811.0,74099.0,475.0,341138.0,0.010944817069056263,0.0013923983842316014,0.010944817069056263,naive_region_4D,0.1272198864034247,True
snv_table,GCF_003466785.1,GCF_021891045.1,close_recombination,2,2,4.225352112676056e-05,0.9973715466409911,recombined,0.00013353105299777215,0.00010541925236666221,0.00011947515268221717,2.9488956385833504e-05,21.0,750.0,15.0,3394.0,0.028,0.00441956393635828,0.028,naive_region_4D,0.15784156915565284,True
snv_table,GCF_003466785.1,GCF_021891195.1,close_recombination,33,33,8.67579908675799e-05,0.8062051944999412,recombined,0.002629568691973205,0.0025487718885885535,0.002589170290280879,0.0003809424452869437,683.0,53068.0,425.0,245384.0,0.012870279641215045,0.0017319792651517621,0.012870279641215045,naive_region_4D,0.13457199947741394,True
snv_table,GCF_003466785.1,GCF_027671015.1,close_recombination,15,15,2.3166023166023165e-05,0.9083272115036504,recombined,0.0007873434539773146,0.0007240747835684233,0.000755709118772869,0.00013537919788959713,209.0,26109.0,138.0,120870.0,0.008004902524033857,0.0011417225117895259,0.008004902524033857,naive_region_4D,0.14262790937948677,True
snv_table,GCF_003466785.1,GCF_027686305.1,close_recombination,1,1,2.8169014084507043e-05,0.9978737985204448,recombined,9.840271310337557e-05,7.028765221669683e-05,8.434518266003619e-05,2.344327219680854e-05,13.0,610.0,5.0,2835.0,0.021311475409836064,0.001763668430335097,0.021311475409836064,naive_region_4D,0.08275674942341608,True
snv_table,GCF_003466785.1,GCF_027686505.1,close_recombination,1,1,1.7605633802816902e-05,0.9978664848316562,recombined,7.732674415743725e-05,5.623763211449982e-05,6.678218813596854e-05,2.0420047949297776e-05,13.0,610.0,5.0,2835.0,0.021311475409836064,0.001763668430335097,0.021311475409836064,naive_region_4D,0.08275674942341608,True
snv_table,GCF_003466785.1,GCF_030541685.1,close_recombination,15,15,1.9157088122605363e-05,0.9146947912969218,recombined,0.0008434577550668967,0.0005482475407934829,0.0006958526479301898,0.00012175238740550956,193.0,24299.0,130.0,112399.0,0.007942713691921479,0.001156593919874732,0.007942713691921479,naive_region_4D,0.14561697232661197,True
snv_table,GCF_003466785.1,GCF_030546205.1,close_recombination,15,15,3.435114503816794e-05,0.9201688499295289,recombined,0.0008154284689979017,0.0006115713517484263,0.0007134999103731639,0.00012025002930621783,194.0,22748.0,126.0,105251.0,0.008528222261297697,0.0011971382694701239,0.008528222261297697,naive_region_4D,0.14037371831910503,True
snv_table,GCF_003466785.1,GCF_040921925.1,close_recombination,20,20,4.098360655737705e-05,0.8657656094529566,recombined,0.0014093035278620724,0.0015296962915487822,0.0014694999097054273,0.00023018327771841116,402.0,38057.0,253.0,175518.0,0.010563102714349529,0.0014414476008158708,0.010563102714349529,naive_region_4D,0.1364606252344517,True
snv_table,GCF_003466785.1,GCF_040921935.1,close_recombination,20,20,4.4715447154471546e-05,0.8649186950386555,recombined,0.0016116715990386274,0.0013231190420055106,0.001467395320522069,0.0002226233818157587,406.0,38540.0,252.0,177792.0,0.010534509600415153,0.0014173866090712744,0.010534509600415153,naive_region_4D,0.13454699486110078,True
snv_table,GCF_003466785.1,GCF_047307925.1,close_recombination,15,15,3.435114503816794e-05,0.9205303368574272,recombined,0.0007594322540722797,0.0006539555521177964,0.000706693903095038,0.0001248265667247173,192.0,22629.0,124.0,104788.0,0.008484687790003977,0.001183341604000458,0.008484687790003977,naive_region_4D,0.1394679018589915,True
snv_table,GCF_003466785.1,GCF_047638235.1,close_recombination,25,25,5.714285714285714e-05,0.8652446781144615,recombined,0.0013742991955063941,0.0019169711855268675,0.0016456351905166308,0.00027452506027038446,450.0,38419.0,305.0,176565.0,0.011712954527707644,0.0017274091694276896,0.011712954527707644,naive_region_4D,0.1474785175116498,True
snv_table,GCF_003466945.1,GCF_019127815.1,close_recombination,27,27,0.0001346153846153,0.7286644482858976,recombined,0.002826156322209872,0.003099655321133408,0.00296290582167164,0.0004375103248665028,817.0,77703.0,516.0,356288.0,0.010514394553620838,0.00144826657086402,0.010514394553620838,naive_region_4D,0.1377413186730073,True
snv_table,GCF_003466945.1,GCF_019127895.1,close_recombination,27,27,0.0001387559808612,0.7299958620592918,recombined,0.0028053835309959814,0.003113975719405539,0.0029596796252007603,0.0004375522422289213,815.0,77359.0,516.0,354593.0,0.010535296474876873,0.0014551894707453333,0.010535296474876873,naive_region_4D,0.13812515615630458,True
snv_table,GCF_003466945.1,GCF_021410225.1,close_recombination,21,21,6.694560669456067e-05,0.8346447309853182,recombined,0.001990754208447387,0.002039822093866865,0.002015288151157126,0.00029405666245688113,559.0,47433.0,320.0,216695.0,0.011785044167562667,0.0014767299660813585,0.011785044167562667,naive_region_4D,0.12530542483208781,True
snv_table,GCF_003466945.1,GCF_024790525.1,close_recombination,28,28,0.0001761658031088,0.6872576216491635,recombined,0.0034322189826478332,0.0037719025108274126,0.003602060746737623,0.0005177607153625696,977.0,88583.0,584.0,406556.0,0.011029204249122291,0.0014364564783203298,0.011029204249122291,naive_region_4D,0.13024117115562925,True
snv_table,GCF_003466945.1,GCF_028199465.1,close_recombination,31,31,0.0001442307692307,0.7506045553199098,recombined,0.0031511228973335834,0.003257340523086401,0.003204231710209992,0.0004625420917113524,863.0,70871.0,505.0,324144.0,0.012177054084181118,0.0015579495532849598,0.012177054084181118,naive_region_4D,0.127941416907136,True
snv_table,GCF_003466945.1,GCF_028199675.1,close_recombination,33,33,0.0001428571428571,0.7529678184102047,recombined,0.0031633140491481343,0.0033119261185712012,0.0032376200838596676,0.00047138344568352884,876.0,70223.0,519.0,321105.0,0.012474545376870826,0.001616293735693932,0.012474545376870826,naive_region_4D,0.12956734589227736,True
snv_table,GCF_003467565.1,GCF_028201295.1,close_recombination,42,42,3.664921465968586e-05,0.6704250087811732,recombined,0.004032314717246224,0.003765367053038286,0.003898840885142255,0.0005062602479919603,1102.0,94331.0,607.0,436880.0,0.011682267759273198,0.001389397546236953,0.011682267759273198,naive_region_4D,0.11893217779861888,True
snv_table,GCF_003469525.1,GCF_047308005.1,close_recombination,10,10,8.178438661710037e-05,0.9456894213938812,recombined,0.0007114153996781021,0.0007888962847915588,0.0007501558422348305,0.00012129252345304652,191.0,15491.0,109.0,71703.0,0.012329739848944548,0.0015201595470203477,0.012329739848944548,naive_region_4D,0.12329210231880737,True
snv_table,GCF_003471775.1,GCF_047948285.1,close_recombination,29,29,6.341463414634146e-05,0.7203600040813598,recombined,0.0025895524226036966,0.002505110495779663,0.00254733145919168,0.00038545596638884556,710.0,79882.0,452.0,371127.0,0.008888109962194236,0.001217911927722855,0.008888109962194236,naive_region_4D,0.1370270994512072,True
snv_table,GCF_003475435.1,GCF_027683305.1,close_recombination,17,17,6.140350877192983e-05,0.8053359159883073,recombined,0.00308221962228671,0.0031458434218293255,0.0031140315220580177,0.00039791531935937915,866.0,55156.0,473.0,255013.0,0.01570092102400464,0.0018548074019755856,0.01570092102400464,naive_region_4D,0.11813366866439423,True
snv_table,GCF_003475695.1,GCF_021891045.1,close_recombination,33,33,0.0001116279069767,0.7580217994576515,recombined,0.002982565357925429,0.0029755310056661707,0.0029790481817958,0.00040564236419873145,820.0,68891.0,473.0,318245.0,0.011902861041355184,0.001486276296563968,0.011902861041355184,naive_region_4D,0.1248671467641321,True
snv_table,GCF_003475695.1,GCF_021891195.1,close_recombination,8,8,3.4883720930232556e-05,0.9470940265080589,recombined,0.0004846348716819033,0.0006168080185042405,0.0005507214450930719,8.137120754872002e-05,141.0,14489.0,82.0,66023.0,0.009731520463800124,0.0012419914272299047,0.009731520463800124,naive_region_4D,0.12762562971017086,True
snv_table,GCF_003475695.1,GCF_027660715.1,close_recombination,33,33,7.87037037037037e-05,0.759982553395053,recombined,0.00286321298927878,0.0029476320454737315,0.002905422517376256,0.00040113012737016815,806.0,68489.0,477.0,316088.0,0.011768313159777482,0.0015090734225911772,0.011768313159777482,naive_region_4D,0.1282319226300833,True
snv_table,GCF_003475695.1,GCF_027671015.1,close_recombination,27,27,8.583690987124464e-05,0.8178594296409397,recombined,0.0025119440476776833,0.0025260165633509473,0.0025189803055143153,0.0003519972627481675,696.0,52038.0,407.0,239638.0,0.013374841462008532,0.001698395079244527,0.013374841462008532,naive_region_4D,0.1269843148473085,True
snv_table,GCF_003475695.1,GCF_027686305.1,close_recombination,32,32,6.666666666666667e-05,0.7446505394310559,recombined,0.002954822868921947,0.0029688934540120513,0.002961858161466999,0.0004041933164288688,822.0,72842.0,488.0,336228.0,0.011284698388292469,0.001451396076471918,0.011284698388292469,naive_region_4D,0.12861629319022805,True
snv_table,GCF_003475695.1,GCF_027686505.1,close_recombination,33,33,6.19047619047619e-05,0.7448990721747422,recombined,0.0029625668072888996,0.0029625668072888996,0.0029625668072888996,0.00040048815645232603,823.0,72756.0,483.0,335749.0,0.011311781846170762,0.001438574649514965,0.011311781846170762,naive_region_4D,0.12717489331726708,True
snv_table,GCF_003475695.1,GCF_030541685.1,close_recombination,25,25,8.974358974358975e-05,0.8214354807506288,recombined,0.0024411262948697654,0.002511475755817021,0.0024763010253433934,0.0003390707946517637,682.0,51053.0,403.0,235163.0,0.013358666483850116,0.0017137049620901247,0.013358666483850116,naive_region_4D,0.12828413406097822,True
snv_table,GCF_003475695.1,GCF_030546205.1,close_recombination,24,24,8.189655172413794e-05,0.8150845162084674,recombined,0.002624311821715653,0.0023217772149226952,0.002473044518319174,0.0003375854465854292,684.0,52821.0,404.0,242910.0,0.01294939512693815,0.0016631674282656128,0.01294939512693815,naive_region_4D,0.12843591626961687,True
snv_table,GCF_003475695.1,GCF_040921925.1,close_recombination,24,24,6.46551724137931e-05,0.8209663931056966,recombined,0.0021757310314524246,0.0021119473855792264,0.0021438392085158255,0.00028907156923912395,590.0,50634.0,329.0,232948.0,0.011652249476636253,0.0014123323660216013,0.011652249476636253,naive_region_4D,0.12120684240870806,True
snv_table,GCF_003475695.1,GCF_040921935.1,close_recombination,25,25,6.41025641025641e-05,0.823900146119043,recombined,0.002168899529954404,0.002091438832456032,0.002130169181205218,0.0002818476477086241,590.0,50114.0,321.0,230324.0,0.011773157201580396,0.001393688890432608,0.011773157201580396,naive_region_4D,0.1183785170426097,True
snv_table,GCF_003475695.1,GCF_047307925.1,close_recombination,26,26,8.898305084745763e-05,0.8270123839009288,recombined,0.0025612158739093723,0.002385308190261751,0.0024732620320855616,0.00034216891183472937,682.0,49440.0,394.0,227823.0,0.013794498381877022,0.0017294127458597245,0.013794498381877022,naive_region_4D,0.12536974509575483,True
snv_table,GCF_003475695.1,GCF_047638235.1,close_recombination,25,25,9.4017094017094e-05,0.8287107728874047,recombined,0.002327443021726328,0.0020735401466289104,0.002200491584177619,0.00032100292545219293,598.0,48725.0,360.0,224736.0,0.012272960492560287,0.0016018795386586928,0.012272960492560287,naive_region_4D,0.13052103766077727,True
snv_table,GCF_003568805.2,GCF_024022975.1,close_recombination,1,1,3.533568904593639e-06,0.9998620001486151,recombined,4.246149273377706e-05,3.5384577278147545e-05,3.89230350059623e-05,8.373252178758277e-06,10.0,43.0,8.0,146.0,0.23255813953488372,0.0547945205479452,0.23255813953488372,naive_region_4D,0.2356164383561644,True
snv_table,GCF_003568805.2,GCF_024759565.1,close_recombination,36,36,0.0001466666666666,0.7963672857127659,recombined,0.002411407375360381,0.0030071668445670638,0.0027092871099637225,0.0004249319879950992,730.0,57890.0,424.0,269004.0,0.012610122646398342,0.0015761847407473495,0.012610122646398342,naive_region_4D,0.12499360909844391,True
snv_table,GCF_003568805.2,GCF_024789245.1,close_recombination,35,35,0.0001318181818181,0.7821798711703741,recombined,0.0028068230671114947,0.002636281918730037,0.0027215524929207657,0.00043575349806854175,733.0,61786.0,430.0,287347.0,0.0118635289547794,0.001496448544790793,0.0118635289547794,naive_region_4D,0.12613856724207906,True
snv_table,GCF_004167625.1,GCF_040922025.1,close_recombination,1,1,6.993006993006993e-06,0.9998635834187396,recombined,2.7982888463704446e-05,2.7982888463704446e-05,2.7982888463704446e-05,2.634032756831364e-05,6.0,40.0,4.0,176.0,0.15,0.022727272727272728,0.15,naive_region_4D,0.15151515151515152,True
snv_table,GCF_007556395.1,GCF_007556405.1,close_recombination,1,1,3.5087719298245615e-06,0.9997788488203516,recombined,2.8082689479171422e-05,2.8082689479171422e-05,2.8082689479171422e-05,1.8879907926465025e-05,7.0,71.0,3.0,320.0,0.09859154929577464,0.009375,0.09859154929577464,naive_region_4D,0.09508928571428572,True
snv_table,GCF_008728395.1,GCF_015561035.1,close_recombination,11,11,5.3435114503816794e-05,0.9272547693810868,recombined,0.0009699836094010528,0.0009912241263952365,0.0009806038678981447,0.00015081497211827245,263.0,20827.0,139.0,95054.0,0.012627838863014357,0.0014623266774675449,0.012627838863014357,naive_region_4D,0.1158018163939793,True
snv_table,GCF_008728395.1,GCF_019129355.1,close_recombination,12,12,5.703422053231939e-05,0.928655608209259,recombined,0.0008635364649506829,0.0008210674584776985,0.0008423019617141906,0.000130220132946379,223.0,20431.0,112.0,91939.0,0.010914786354069795,0.001218199023265426,0.010914786354069795,naive_region_4D,0.11160997418984717,True
snv_table,GCF_008728395.1,GCF_021406445.1,close_recombination,13,13,3.39622641509434e-05,0.9398253566285742,recombined,0.0008370397168252076,0.0009150688429699304,0.000876054279897569,0.00013889217464698874,238.0,17327.0,124.0,77396.0,0.013735788076412535,0.0016021499819112099,0.013735788076412535,naive_region_4D,0.11664055771670392,True
snv_table,GCF_008728395.1,GCF_028199555.1,close_recombination,14,14,4.511278195488722e-05,0.9447046205146176,recombined,0.0009203507244222144,0.001005306175907342,0.0009628284501647782,0.0001370934512743217,257.0,15993.0,124.0,71628.0,0.016069530419558557,0.0017311665829005418,0.016069530419558557,naive_region_4D,0.107729755487659,True
snv_table,GCF_008728395.1,GCF_047307865.1,close_recombination,17,17,5.363984674329502e-05,0.925134617495141,recombined,0.0011753585374574729,0.0010903928600509087,0.0011328756987541908,0.00017672151127361366,303.0,21435.0,148.0,96645.0,0.014135759272218334,0.001531377722592995,0.014135759272218334,naive_region_4D,0.10833360225670247,True
snv_table,GCF_009025375.1,GCF_013368705.1,close_recombination,16,16,0.000125,0.7807849767357375,recombined,0.0027805334711956294,0.0027805334711956294,0.0027805334711956294,0.000396067284842272,766.0,62919.0,416.0,288994.0,0.012174382936791748,0.0014394762521021199,0.012174382936791748,naive_region_4D,0.11823812833683196,True
snv_table,GCF_009025375.1,GCF_015555645.1,close_recombination,25,25,0.0001428571428571,0.6599611664071929,recombined,0.004338167124389945,0.004191229205660609,0.004264698165025277,0.0005720475010180187,1190.0,97497.0,655.0,449251.0,0.012205503759090023,0.001457982286071706,0.012205503759090023,naive_region_4D,0.1194528562564144,True
snv_table,GCF_009025375.1,GCF_024047375.1,close_recombination,30,30,7.065217391304347e-05,0.6418779723038891,recombined,0.004972171204704009,0.005230556506072055,0.0051013638553880315,0.000676056338028169,1448.0,102791.0,822.0,473348.0,0.014086836396182545,0.001736565909225348,0.014086836396182545,naive_region_4D,0.1232757916955682,True
snv_table,GCF_009025375.1,GCF_024461205.1,close_recombination,18,18,0.0001363636363636,0.7690718689713848,recombined,0.0032000896305191917,0.003578218383359534,0.003389154006939363,0.0004564480059775105,936.0,66082.0,499.0,303121.0,0.014164220211252685,0.0016462072901580558,0.014164220211252685,naive_region_4D,0.1162229381925477,True
snv_table,GCF_009025375.1,GCF_024461385.1,close_recombination,19,19,0.000131221719457,0.7715090937735222,recombined,0.003108862709401859,0.003241899627146533,0.003175381168274196,0.0004217756755942518,876.0,65417.0,455.0,299991.0,0.013391014568078634,0.0015167121680317076,0.013391014568078634,naive_region_4D,0.11326342453896143,True
snv_table,GCF_009025375.1,GCF_028396205.1,close_recombination,25,25,0.0001428571428571,0.660095454036502,recombined,0.004317825551450005,0.004198857910648304,0.004258341731049155,0.0005728808302481078,1188.0,97460.0,654.0,449112.0,0.01218961625282167,0.0014562069149788917,0.01218961625282167,naive_region_4D,0.11946290061771278,True
snv_table,GCF_009025375.1,GCF_028396285.1,close_recombination,25,25,0.0001428571428571,0.6599611664071929,recombined,0.004205223293158641,0.004324173036891913,0.004264698165025277,0.0005720475010180187,1190.0,97497.0,655.0,449251.0,0.012205503759090023,0.001457982286071706,0.012205503759090023,naive_region_4D,0.1194528562564144,True
snv_table,GCF_009025375.1,GCF_039760295.1,close_recombination,9,9,4.247104247104247e-05,0.902357561105133,recombined,0.0013136380787344354,0.0011110024176530597,0.0012123202481937477,0.00017811245885376742,336.0,27999.0,190.0,128586.0,0.01200042858673524,0.0014776103152753799,0.01200042858673524,naive_region_4D,0.12312979528986714,True
snv_table,GCF_009025375.1,GCF_039760315.1,close_recombination,10,10,3.875968992248062e-05,0.9009065660535556,recombined,0.0013694562350434068,0.0010760013275341053,0.001222728781288756,0.0001841104422182528,340.0,28395.0,197.0,130404.0,0.011973939073780596,0.0015106898561393822,0.011973939073780596,naive_region_4D,0.12616481901493456,True
snv_table,GCF_009025375.1,GCF_039760335.1,close_recombination,10,10,5.4054054054054054e-05,0.9019669496558712,recombined,0.0011319568179436119,0.0013276036753659644,0.0012297802466547882,0.0001908937661160559,338.0,28102.0,200.0,129044.0,0.01202761369297559,0.001549858962834382,0.01202761369297559,naive_region_4D,0.12885839222950238,True
snv_table,GCF_009025375.1,GCF_040098345.1,close_recombination,21,21,0.0001018518518518,0.7550651014770806,recombined,0.005531612465033558,0.004894426725390451,0.005213019595212004,0.0005453441618798405,1466.0,70108.0,615.0,321289.0,0.020910595081873682,0.0019141645060988706,0.020910595081873682,naive_region_4D,0.09154041281963138,True
snv_table,GCF_012976745.1,GCF_040922025.1,close_recombination,1,1,1.3986013986013986e-05,0.9998810955991384,recombined,2.7977506085107574e-05,4.196625912766136e-05,3.4971882606384464e-05,1.8810952187826604e-05,6.0,40.0,4.0,182.0,0.15,0.02197802197802198,0.15,naive_region_4D,0.14652014652014653,True
snv_table,GCF_013368705.1,GCF_015555645.1,close_recombination,13,13,0.0001728971962616,0.7516608535335336,recombined,0.00263777475362694,0.0027847065038289712,0.0027112406287279557,0.00038541853291037664,733.0,71038.0,399.0,328144.0,0.01031842112672091,0.001215929591886489,0.01031842112672091,naive_region_4D,0.11784066350400056,True
snv_table,GCF_013368705.1,GCF_020560185.1,close_recombination,14,14,0.0001722488038277,0.7305789394664162,recombined,0.003086559847487631,0.003212256854851381,0.003149408351169506,0.00045599943507154006,857.0,77242.0,486.0,356779.0,0.011095000129463245,0.0013621877969275098,0.011095000129463245,naive_region_4D,0.12277492393264261,True
snv_table,GCF_013368705.1,GCF_024047375.1,close_recombination,25,25,8.962264150943396e-05,0.7385964851020145,recombined,0.0038899228649945353,0.00393880878968926,0.003914365827341898,0.0005266669271201161,1102.0,75144.0,606.0,346649.0,0.014665176195038859,0.0017481660123063964,0.014665176195038859,naive_region_4D,0.11920525120576393,True
snv_table,GCF_013368705.1,GCF_024461205.1,close_recombination,11,11,0.0001460674157303,0.9319969763991152,recombined,0.0012038410929757271,0.0013018281586830538,0.0012528346258293905,0.00023114824206867888,319.0,19448.0,184.0,88522.0,0.016402714932126698,0.0020785793362102078,0.016402714932126698,naive_region_4D,0.1267216643592982,True
snv_table,GCF_013368705.1,GCF_024461385.1,close_recombination,8,8,0.0001444444444444,0.9439660149839209,recombined,0.0009378072806038359,0.0008048346064883666,0.0008713209435461012,0.00016939569403674455,210.0,16029.0,105.0,73242.0,0.013101253977166386,0.0014336036700253953,0.013101253977166386,naive_region_4D,0.10942492012779553,True
snv_table,GCF_013368705.1,GCF_028396205.1,close_recombination,13,13,0.0001775700934579,0.7516608535335336,recombined,0.002581800753549976,0.0028406805039059356,0.0027112406287279557,0.0003876689653303504,733.0,71035.0,400.0,328076.0,0.010318856901527416,0.0012192296906814275,0.010318856901527416,naive_region_4D,0.11815549942367694,True
snv_table,GCF_013368705.1,GCF_028396285.1,close_recombination,13,13,0.0001728971962616,0.7516608535335336,recombined,0.002658765003655802,0.0027637162538001097,0.0027112406287279557,0.00038541853291037664,733.0,71038.0,399.0,328144.0,0.01031842112672091,0.001215929591886489,0.01031842112672091,naive_region_4D,0.11784066350400056,True
snv_table,GCF_013368705.1,GCF_039760295.1,close_recombination,9,9,0.0001452991452991,0.8163379454516217,recombined,0.0021534094484335345,0.0022163337504981506,0.0021848715994658425,0.0003301551202621988,590.0,52594.0,330.0,242182.0,0.011218009658896452,0.0013626115896309388,0.011218009658896452,naive_region_4D,0.12146643041533829,True
snv_table,GCF_013368705.1,GCF_039760315.1,close_recombination,9,9,0.0001495726495726,0.8163857409517684,recombined,0.002209187704052741,0.002160250001747775,0.002184718852900258,0.00033162657193627055,589.0,52592.0,331.0,242178.0,0.011199421965317919,0.001366763289811626,0.011199421965317919,naive_region_4D,0.12203873503866391,True
snv_table,GCF_013368705.1,GCF_039760335.1,close_recombination,9,9,0.0001581196581196,0.8163536251327631,recombined,0.0020613226004807424,0.0023198613673207,0.0021905919839007213,0.00034126024250524106,589.0,52636.0,336.0,242360.0,0.011190060034957063,0.0013863673873576498,0.011190060034957063,naive_region_4D,0.12389275687768635,True
snv_table,GCF_013368705.1,GCF_040095755.1,close_recombination,19,19,0.0001639344262295,0.6374483852778526,recombined,0.005589624871729317,0.005365479513464482,0.0054775521925968995,0.0007670826595614819,1528.0,103760.0,918.0,478518.0,0.014726291441788743,0.001918423131418254,0.014726291441788743,naive_region_4D,0.13027197913348038,True
snv_table,GCF_013368705.1,GCF_040098345.1,close_recombination,11,11,0.0001149425287356,0.9165356646441588,recombined,0.0029059691407084262,0.0030810275226788135,0.00299349833169362,0.00030511324598305226,817.0,23853.0,274.0,108560.0,0.034251456839810505,0.0025239498894620484,0.034251456839810505,naive_region_4D,0.07368883318646052,True
snv_table,GCF_015555055.1,GCF_018289355.1,close_recombination,4,4,4.4943820224719104e-05,0.9350993284687896,recombined,0.000637551801083838,0.0006585699923283602,0.0006480608967060991,0.00011985427529245574,173.0,18530.0,124.0,85440.0,0.009336211548839719,0.0014513108614232209,0.009336211548839719,naive_region_4D,0.15544965469463748,True
snv_table,GCF_015555055.1,GCF_028200935.1,close_recombination,1,1,1.444043321299639e-05,0.9661542328153144,recombined,0.0002652927295829319,0.00034906938103017353,0.00030718105530655275,6.157857426075673e-05,84.0,9700.0,71.0,44174.0,0.00865979381443299,0.0016072803006293294,0.00865979381443299,naive_region_4D,0.18560260614410112,True
snv_table,GCF_015555055.1,GCF_028201045.1,close_recombination,1,1,2.5270758122743684e-05,0.9661657021995436,recombined,0.0003629840077622734,0.00027921846750944107,0.00032110123763585724,6.53249767420557e-05,84.0,9700.0,71.0,44167.0,0.00865979381443299,0.0016075350374714153,0.00865979381443299,naive_region_4D,0.18563202218419914,True
snv_table,GCF_015555055.1,GCF_028201315.1,close_recombination,1,1,7.942238267148014e-05,0.9661655316371304,recombined,0.00034906085177829053,0.00039094815399168535,0.00037000450288498794,0.00010062779730257427,84.0,9700.0,72.0,44170.0,0.00865979381443299,0.0016300656554222323,0.00865979381443299,naive_region_4D,0.18823377211423395,True
snv_table,GCF_015555055.1,GCF_028395215.1,close_recombination,1,1,2.1660649819494583e-05,0.9661044759966344,recombined,0.0003630790499897011,0.00026532699806939696,0.00031420302402954906,6.008392221835849e-05,84.0,9710.0,71.0,44214.0,0.008650875386199793,0.0016058262088931108,0.008650875386199793,naive_region_4D,0.1856258629565727,True
snv_table,GCF_015555055.1,GCF_028395235.1,close_recombination,1,1,3.2490974729241876e-05,0.96613886696514,recombined,0.0003282741857752509,0.00034922785720771374,0.00033875102149148235,6.911737858818739e-05,84.0,9700.0,71.0,44177.0,0.00865979381443299,0.001607171152409625,0.00865979381443299,naive_region_4D,0.1855900021234924,True
snv_table,GCF_015555055.1,GCF_028395285.1,close_recombination,1,1,1.444043321299639e-05,0.9661657021995436,recombined,0.0003141207759481212,0.0003001598525726492,0.0003071403142603852,6.307239133715723e-05,84.0,9700.0,71.0,44167.0,0.00865979381443299,0.0016075350374714153,0.00865979381443299,naive_region_4D,0.18563202218419914,True
snv_table,GCF_015555645.1,GCF_019041535.1,close_recombination,19,19,8.994708994708995e-05,0.66598454322342,recombined,0.004873314908968166,0.005196796129476875,0.00503505551922252,0.0006203605353862728,1412.0,95083.0,746.0,440404.0,0.01485018352386862,0.0016938992379724072,0.01485018352386862,naive_region_4D,0.11406587906808102,True
snv_table,GCF_015555645.1,GCF_020560185.1,close_recombination,2,2,5.673758865248227e-05,0.9835331801698786,recombined,0.00042661966856547386,0.00045459472879927544,0.0004406071986823747,0.00010457056105491384,110.0,4734.0,76.0,21969.0,0.02323616392057457,0.0034594200919477445,0.02323616392057457,naive_region_4D,0.14888086104800566,True
snv_table,GCF_015555645.1,GCF_024461205.1,close_recombination,20,20,0.000167487684729,0.7108848546044835,recombined,0.0034148838448647017,0.0034289080084986432,0.0034218959266816727,0.0004812737006553017,942.0,82485.0,532.0,379390.0,0.011420258228768868,0.0014022509818392684,0.011420258228768868,naive_region_4D,0.12278627626009772,True
snv_table,GCF_015555645.1,GCF_024461385.1,close_recombination,17,17,0.0001770334928229,0.7297714205581265,recombined,0.0030570747440751647,0.0030220165474687984,0.0030395456457719813,0.00042014556497509673,830.0,77090.0,445.0,355119.0,0.010766636399014139,0.001253101073161391,0.010766636399014139,naive_region_4D,0.11638742377109836,True
snv_table,GCF_015555645.1,GCF_039760295.1,close_recombination,18,18,0.0001836734693877,0.683512928770979,recombined,0.0038649778393933664,0.003984007954012365,0.0039244928967028655,0.0005264323252041338,1083.0,90518.0,592.0,418362.0,0.011964471154908417,0.0014150424751769998,0.011964471154908417,naive_region_4D,0.11827037374706524,True
snv_table,GCF_015555645.1,GCF_039760315.1,close_recombination,18,18,0.0001692307692307,0.6828875507631984,recombined,0.003745973953227839,0.004103066797367315,0.003924520375297578,0.0005279405573576161,1083.0,90687.0,593.0,418996.0,0.011942174732872407,0.0014152879741095381,0.011942174732872407,naive_region_4D,0.11851174562148817,True
snv_table,GCF_015555645.1,GCF_039760335.1,close_recombination,18,18,0.000188775510204,0.6845383915447609,recombined,0.0039826415622593965,0.0038706516413522783,0.003926646601805838,0.0005360868520934869,1083.0,90261.0,599.0,416988.0,0.011998537574367666,0.001436492177232918,0.011998537574367666,naive_region_4D,0.11972227184600223,True
snv_table,GCF_015555645.1,GCF_040095755.1,close_recombination,10,10,6.694560669456067e-05,0.8373404602321153,recombined,0.003928211927033463,0.0034301707719988635,0.0036791913495161635,0.0005176143561775312,1033.0,46557.0,633.0,214036.0,0.022187855746719075,0.0029574464108841503,0.022187855746719075,naive_region_4D,0.13329122221832854,True
snv_table,GCF_015555645.1,GCF_040097405.1,close_recombination,14,14,8.119658119658119e-05,0.8264997155848882,recombined,0.003738027183725096,0.003921748746630299,0.0038298879651776974,0.000567190823977726,1065.0,49578.0,688.0,227575.0,0.021481302190487717,0.003023179171701637,0.021481302190487717,naive_region_4D,0.14073537744096126,True
snv_table,GCF_015555645.1,GCF_040098345.1,close_recombination,19,19,0.0001379310344827,0.7090479981203337,recombined,0.0054496295023443225,0.004797357245306971,0.005123493373825647,0.0005493236829436505,1433.0,83081.0,617.0,382299.0,0.017248227633273553,0.0016139199945592324,0.017248227633273553,naive_region_4D,0.09357019334820348,True
snv_table,GCF_015557505.1,GCF_047309505.1,close_recombination,33,33,0.0001574074074074,0.7680543213897553,recombined,0.0026834993114239892,0.0027472235694789124,0.002715361440451451,0.0003526998295918966,730.0,65690.0,369.0,302432.0,0.01111280255746689,0.0012201089831763835,0.01111280255746689,naive_region_4D,0.10979309466418717,True
snv_table,GCF_015557505.1,GCF_964240005.1,close_recombination,2,2,8.270676691729324e-05,0.9369804994264536,recombined,0.0007200211770934439,0.0007411982705373688,0.0007306097238154064,9.415623861013242e-05,184.0,17860.0,98.0,82311.0,0.010302351623740201,0.0011906063588098797,0.010302351623740201,naive_region_4D,0.11556646504535029,True
snv_table,GCF_015559725.1,GCF_028200905.1,close_recombination,12,12,0.0001136363636363,0.9247441174105068,recombined,0.0008812082344013903,0.0009371579635697326,0.0009091830989855614,0.0001189131339556454,227.0,21646.0,107.0,98761.0,0.010486925990945209,0.0010834236186348862,0.010486925990945209,naive_region_4D,0.10331183986330726,True
snv_table,GCF_015559725.1,GCF_028201235.1,close_recombination,1,1,0.0,0.9995637987891054,recombined,1.3958438748625966e-05,4.1875316245877895e-05,2.7916877497251932e-05,1.0512081009099707e-05,8.0,167.0,13.0,673.0,0.04790419161676647,0.019316493313521546,0.04790419161676647,naive_region_4D,0.40323179791976227,True
snv_table,GCF_015559725.1,GCF_039760255.1,close_recombination,1,1,3.508771929824561e-05,0.9995706674361808,recombined,6.334414876021424e-05,7.038238751134916e-05,6.68632681357817e-05,2.1213117585826e-05,8.0,130.0,12.0,516.0,0.06153846153846154,0.023255813953488372,0.06153846153846154,naive_region_4D,0.377906976744186,True
snv_table,GCF_015559725.1,GCF_040928345.1,close_recombination,14,14,7.142857142857143e-05,0.9287655687406308,recombined,0.0014010115303248946,0.0013239558961570255,0.00136248371324096,0.00015301768974947312,370.0,20418.0,149.0,92385.0,0.018121265550004897,0.001612815933322509,0.018121265550004897,naive_region_4D,0.08900128574751079,True
snv_table,GCF_015559725.1,GCF_040928365.1,close_recombination,17,17,6.367041198501872e-05,0.9322876201275294,recombined,0.0017288565049100924,0.0014908762572706465,0.0016098663810903695,0.0001830185865542345,442.0,19422.0,198.0,88091.0,0.022757697456492636,0.0022476756989930867,0.022757697456492636,naive_region_4D,0.09876551453810799,True
snv_table,GCF_015561035.1,GCF_019129355.1,close_recombination,3,3,5.5762081784386615e-05,0.9491600932011922,recombined,0.0004596416916228534,0.0005444986193070725,0.0005020701554649629,9.435031816601243e-05,125.0,14380.0,78.0,67302.0,0.008692628650904033,0.0011589551573504503,0.008692628650904033,naive_region_4D,0.1333262013015958,True
snv_table,GCF_015561035.1,GCF_021406445.1,close_recombination,4,4,4.460966542750929e-05,0.9521312404776248,recombined,0.0007015554689437693,0.0006094320235269107,0.00065549374623534,0.0001189478604253606,173.0,13601.0,104.0,63079.0,0.012719652966693626,0.0016487262004787648,0.012719652966693626,naive_region_4D,0.12962037602723514,True
snv_table,GCF_015561035.1,GCF_028199555.1,close_recombination,5,5,5.147058823529412e-05,0.9629029920135194,recombined,0.0006505145782438228,0.0006505145782438228,0.0006505145782438228,0.00012020574963881216,166.0,10519.0,102.0,49401.0,0.015780967772601958,0.0020647355316693993,0.015780967772601958,naive_region_4D,0.1308370666122314,True
snv_table,GCF_015561035.1,GCF_047307865.1,close_recombination,7,7,6.741573033707865e-05,0.94682881991091,recombined,0.000820193735416814,0.0007777699215159443,0.0007989818284663791,0.00016433491150641096,205.0,15079.0,133.0,70109.0,0.013595065985808077,0.001897046028327319,0.013595065985808077,naive_region_4D,0.13953930273730558,True
snv_table,GCF_016766915.1,GCF_048453055.1,close_recombination,4,4,0.0,0.8916807322208495,recombined,0.007043797525622509,0.0074057317858323615,0.007224764655727436,0.0006946840946537022,2076.0,31302.0,927.0,146282.0,0.0663216407897259,0.006337074964794028,0.0663216407897259,naive_region_4D,0.09555063610211112,True
snv_table,GCF_018289355.1,GCF_028200935.1,close_recombination,3,3,4.332129963898917e-05,0.9690358335172476,recombined,0.00038534430513663956,0.0003222879642960986,0.0003538161347163691,6.558301415010067e-05,89.0,8840.0,53.0,41321.0,0.010067873303167421,0.0012826407879770578,0.010067873303167421,naive_region_4D,0.12739937714288976,True
snv_table,GCF_018289355.1,GCF_028201045.1,close_recombination,4,4,4.332129963898917e-05,0.968661667197904,recombined,0.00030122908471892873,0.00044133563575098864,0.0003712823602349587,6.934321423887531e-05,94.0,8950.0,56.0,41895.0,0.010502793296089385,0.0013366750208855473,0.010502793296089385,naive_region_4D,0.12726852592474094,True
snv_table,GCF_018289355.1,GCF_028201315.1,close_recombination,2,2,8e-05,0.9631240849322936,recombined,0.0003572704537334762,0.0004203181808629132,0.00038879431729819475,7.763436775475378e-05,89.0,10530.0,56.0,49356.0,0.00845204178537512,0.0011346138260799091,0.00845204178537512,naive_region_4D,0.13424138863619597,True
snv_table,GCF_018289355.1,GCF_028395165.1,close_recombination,4,4,6.367041198501872e-05,0.9350714025194288,recombined,0.0007084139943326881,0.00063125999494992,0.000669836994641304,0.0001207395903607548,174.0,18520.0,125.0,85376.0,0.00939524838012959,0.0014641116941529234,0.00939524838012959,naive_region_4D,0.15583533664202381,True
snv_table,GCF_018289355.1,GCF_028395175.1,close_recombination,4,4,4.868913857677903e-05,0.9351056114744968,recombined,0.0006306208462231067,0.0006656553376799459,0.0006481380919515263,0.00011986909390273414,172.0,18530.0,124.0,85435.0,0.009282245008094981,0.0014513957979750687,0.009282245008094981,naive_region_4D,0.1563625821888257,True
snv_table,GCF_018289355.1,GCF_028395205.1,close_recombination,4,4,5.99250936329588e-05,0.9350899630336902,recombined,0.0006377126438795354,0.0006867674626394996,0.0006622400532595175,0.00011988482009360063,173.0,18530.0,124.0,85440.0,0.009336211548839719,0.0014513108614232209,0.009336211548839719,naive_region_4D,0.15544965469463748,True
snv_table,GCF_018289355.1,GCF_028395215.1,close_recombination,3,3,5.054151624548737e-05,0.9690518651918448,recombined,0.00035737685389242954,0.000364384243184438,0.00036088054853843375,6.257694891383757e-05,89.0,8840.0,53.0,41321.0,0.010067873303167421,0.0012826407879770578,0.010067873303167421,naive_region_4D,0.12739937714288976,True
snv_table,GCF_018289355.1,GCF_028395235.1,close_recombination,3,3,6.498194945848375e-05,0.9690488958050756,recombined,0.00037852103420358125,0.0003925403317666768,0.00038553068298512904,7.164571720756669e-05,89.0,8840.0,53.0,41319.0,0.010067873303167421,0.0012827028727703962,0.010067873303167421,naive_region_4D,0.12740554376730676,True
snv_table,GCF_018289355.1,GCF_028395285.1,close_recombination,3,3,4.332129963898917e-05,0.9690424816454632,recombined,0.00029423303256178896,0.0004133273552653702,0.0003537801939135796,6.708379217893433e-05,89.0,8840.0,53.0,41321.0,0.010067873303167421,0.0012826407879770578,0.010067873303167421,naive_region_4D,0.12739937714288976,True
snv_table,GCF_019041415.1,GCF_019041655.1,close_recombination,1,1,0.0,0.9995114972608954,recombined,1.395722111727555e-05,1.395722111727555e-05,1.395722111727555e-05,5.2538116403450705e-06,4.0,154.0,1.0,623.0,0.025974025974025976,0.0016051364365971107,0.025974025974025976,naive_region_4D,0.06179775280898876,True
snv_table,GCF_019041435.1,GCF_019041605.1,close_recombination,1,1,0.0,0.9995499094585306,recombined,6.978147929757963e-06,1.3956295859515926e-05,1.0467221894636944e-05,5.253366094324938e-06,3.0,135.0,2.0,555.0,0.022222222222222223,0.0036036036036036037,0.022222222222222223,naive_region_4D,0.16216216216216217,True
snv_table,GCF_019041435.1,GCF_019041655.1,close_recombination,1,1,0.0,0.9995114972608954,recombined,1.395722111727555e-05,6.978610558637775e-06,1.0467915837956664e-05,8.255989720542253e-06,3.0,160.0,3.0,653.0,0.01875,0.004594180704441042,0.01875,naive_region_4D,0.24502297090352224,True
snv_table,GCF_019041535.1,GCF_020560185.1,close_recombination,21,21,9.947643979057593e-05,0.6691449814126395,recombined,0.00454670030428458,0.004912122894428008,0.004729411599356294,0.0005707805707805708,1327.0,94257.0,675.0,437383.0,0.014078529976553466,0.0015432698573104122,0.014078529976553466,naive_region_4D,0.10961867893029956,True
snv_table,GCF_019041535.1,GCF_028396205.1,close_recombination,19,19,8.994708994708995e-05,0.6660197042256493,recombined,0.0052530537330436064,0.004817057305401433,0.00503505551922252,0.0006218632596831372,1412.0,95069.0,748.0,440363.0,0.014852370383616111,0.0016985986561087103,0.014852370383616111,naive_region_4D,0.11436549266118907,True
snv_table,GCF_019041535.1,GCF_028396285.1,close_recombination,19,19,8.994708994708995e-05,0.66598454322342,recombined,0.004971765715209946,0.005098345323235094,0.00503505551922252,0.0006203605353862728,1412.0,95083.0,746.0,440404.0,0.01485018352386862,0.0016938992379724072,0.01485018352386862,naive_region_4D,0.11406587906808102,True
snv_table,GCF_019041535.1,GCF_040095755.1,close_recombination,25,25,7.954545454545455e-05,0.6168453551565903,recombined,0.00665411970366611,0.0069290250727794345,0.006791572388222772,0.0008727756920974748,1913.0,109026.0,1077.0,504275.0,0.017546273365986097,0.0021357394278915275,0.017546273365986097,naive_region_4D,0.12172040087051839,True
snv_table,GCF_019041605.1,GCF_019041655.1,close_recombination,1,1,0.0,0.9999302138944136,recombined,1.395722111727555e-05,0.0,6.978610558637775e-06,6.0043561603943665e-06,2.0,34.0,1.0,125.0,0.058823529411764705,0.008,0.058823529411764705,naive_region_4D,0.136,True
snv_table,GCF_019041655.1,GCF_019041715.1,close_recombination,1,1,0.0,0.9995114972608954,recombined,6.978610558637775e-06,2.0935831675913327e-05,1.395722111727555e-05,6.754900680443662e-06,4.0,160.0,3.0,653.0,0.025,0.004594180704441042,0.025,naive_region_4D,0.18376722817764166,True
snv_table,GCF_019041655.1,GCF_019041765.1,close_recombination,1,1,0.0,0.9995114972608954,recombined,1.395722111727555e-05,1.395722111727555e-05,1.395722111727555e-05,8.255989720542253e-06,4.0,160.0,3.0,653.0,0.025,0.004594180704441042,0.025,naive_region_4D,0.18376722817764166,True
snv_table,GCF_019041655.1,GCF_019041855.1,close_recombination,1,1,0.0,0.9995428866533372,recombined,2.0936489160132736e-05,6.978829720044246e-06,1.3957659440088492e-05,9.757386341460486e-06,4.0,178.0,6.0,736.0,0.02247191011235955,0.008152173913043478,0.02247191011235955,naive_region_4D,0.36277173913043476,True
snv_table,GCF_019042015.1,GCF_021410705.1,close_recombination,6,6,0.0001031390134529,0.7860631071222713,recombined,0.002616792025149493,0.002652154079543405,0.0026344730523464492,0.0003568224994465067,721.0,60537.0,395.0,282035.0,0.011910071526504452,0.0014005353945432304,0.011910071526504452,naive_region_4D,0.11759252590771642,True
snv_table,GCF_019042015.1,GCF_040928465.1,close_recombination,5,5,8.888888888888889e-05,0.799597051212228,recombined,0.0023066326367160387,0.0021998440887199258,0.0022532383627179822,0.0003516476107881503,612.0,56373.0,379.0,261038.0,0.010856260975999149,0.0014518958925520422,0.010856260975999149,naive_region_4D,0.13373811625953638,True
snv_table,GCF_019042015.1,GCF_040928505.1,close_recombination,5,5,0.000125,0.7993077481433276,recombined,0.0023527981492274743,0.0021811654574905156,0.0022669818033589947,0.00035959257468283474,605.0,56270.0,372.0,260481.0,0.010751732717256086,0.0014281271954576342,0.010751732717256086,naive_region_4D,0.13282763188165467,True
snv_table,GCF_019042015.1,GCF_047307425.1,close_recombination,9,9,9.734513274336283e-05,0.7958652135859284,recombined,0.002752759818176685,0.0027033513086196673,0.0027280555633981763,0.00037061198823458826,749.0,57970.0,412.0,272179.0,0.012920476108331896,0.0015137097277894327,0.012920476108331896,naive_region_4D,0.11715587839780162,True
snv_table,GCF_019042015.1,GCF_047310325.1,close_recombination,17,17,0.0001351351351351,0.7848291533174319,recombined,0.002589869165737513,0.0023358220541120347,0.002462845609924774,0.0003811502232993639,664.0,61143.0,392.0,282214.0,0.010859787710776376,0.0013890168453726604,0.010859787710776376,naive_region_4D,0.1279046038804527,True
snv_table,GCF_019127815.1,GCF_021410225.1,close_recombination,26,26,7.488986784140969e-05,0.7927800760286225,recombined,0.0023199910554561718,0.0017889087656529517,0.0020544499105545617,0.0002923864522098478,571.0,59519.0,334.0,271929.0,0.009593575160872999,0.0012282617889228437,0.009593575160872999,naive_region_4D,0.1280296206915915,True
snv_table,GCF_019127895.1,GCF_021410225.1,close_recombination,26,26,7.456140350877193e-05,0.7932886328140013,recombined,0.002103416829431064,0.001998595392748453,0.0020510061110897587,0.0002916433652637719,570.0,59377.0,332.0,271495.0,0.009599676642470991,0.0012228586161807768,0.009599676642470991,naive_region_4D,0.12738539658415085,True
snv_table,GCF_019128075.1,GCF_019128215.1,close_recombination,4,4,7.518796992481203e-06,0.9282953997526224,recombined,0.005527564447488138,0.005772146945164604,0.005649855696326371,0.0004992672651357307,1615.0,20594.0,658.0,94271.0,0.07842089929105565,0.00697987716264811,0.07842089929105565,naive_region_4D,0.08900531906351404,True
snv_table,GCF_019128075.1,GCF_019128325.1,close_recombination,4,4,1.1278195488721805e-05,0.9282628209382172,recombined,0.005707120628411961,0.005609324191694987,0.005658222410053474,0.0005028506142820097,1617.0,20604.0,658.0,94289.0,0.07847990681421084,0.006978544687079087,0.07847990681421084,naive_region_4D,0.08892141912960884,True
snv_table,GCF_019128075.1,GCF_019128615.1,close_recombination,3,3,1.8796992481203007e-05,0.9283530460001048,recombined,0.005583605583605583,0.0057163821869704225,0.005649993885288003,0.0005030449634972828,1612.0,20574.0,657.0,94175.0,0.07835131719646156,0.006976373772232545,0.07835131719646156,naive_region_4D,0.08903964887711686,True
snv_table,GCF_019128075.1,GCF_019128655.1,close_recombination,3,3,7.518796992481203e-06,0.9283165022004564,recombined,0.00572573118426158,0.005550953065083876,0.005638342124672728,0.000497238483400058,1611.0,20574.0,657.0,94175.0,0.07830271216097988,0.006976373772232545,0.07830271216097988,naive_region_4D,0.08909491867778546,True
snv_table,GCF_019128075.1,GCF_019128665.1,close_recombination,4,4,7.518796992481203e-06,0.9282628209382172,recombined,0.005609324191694987,0.005693149708880964,0.0056512369502879755,0.0004990905127704033,1616.0,20630.0,659.0,94415.0,0.07833252544837616,0.006979823121326061,0.07833252544837616,naive_region_4D,0.08910504393128504,True
snv_table,GCF_019128075.1,GCF_019128745.1,close_recombination,3,3,1.1278195488721805e-05,0.9283165022004564,recombined,0.005935464927274824,0.005355201571604848,0.005645333249439836,0.0004979888622007648,1611.0,20574.0,657.0,94180.0,0.07830271216097988,0.0069760033977489914,0.07830271216097988,naive_region_4D,0.08909018864387817,True
snv_table,GCF_019128075.1,GCF_019128755.1,close_recombination,4,4,7.518796992481203e-06,0.9282839012663182,recombined,0.00568165935202527,0.0056327397758085705,0.005657199563916921,0.0004978124826104023,1617.0,20594.0,658.0,94256.0,0.07851801495581237,0.0069809879477168565,0.07851801495581237,naive_region_4D,0.08890937897048914,True
snv_table,GCF_019128075.1,GCF_019128815.1,close_recombination,3,3,7.518796992481203e-06,0.9283165022004564,recombined,0.005655819936590498,0.005627855437522066,0.005641837687056282,0.0004972366131642077,1612.0,20574.0,657.0,94180.0,0.07835131719646156,0.0069760033977489914,0.07835131719646156,naive_region_4D,0.08903492177747378,True
snv_table,GCF_019128075.1,GCF_021410585.1,close_recombination,7,7,1.1363636363636365e-05,0.9199573851232165,recombined,0.005882250205215083,0.005938138568210001,0.005910194386712542,0.0005434888829085902,1689.0,22984.0,683.0,105481.0,0.07348590323703445,0.006475099781003214,0.07348590323703445,naive_region_4D,0.08811349518447477,True
snv_table,GCF_019128075.1,GCF_040911985.1,close_recombination,5,5,1.1278195488721805e-05,0.9281360697413374,recombined,0.005455098593913369,0.0058887089949680215,0.005671903794440695,0.0005207482821703163,1619.0,20624.0,657.0,94385.0,0.07850077579519008,0.00696085183026964,0.07850077579519008,naive_region_4D,0.0886723953968382,True
snv_table,GCF_019128215.1,GCF_019128415.1,close_recombination,4,4,3.7593984962406014e-06,0.928308951949812,recombined,0.005700632937921784,0.005588855821491945,0.005644744379706864,0.0004991205255799269,1615.0,20594.0,658.0,94271.0,0.07842089929105565,0.00697987716264811,0.07842089929105565,naive_region_4D,0.08900531906351404,True
snv_table,GCF_019128215.1,GCF_021410585.1,close_recombination,3,3,1.7605633802816902e-05,0.9916991727109866,recombined,0.000251434398320977,0.0002933401313744731,0.00027238726484772504,5.560782356990204e-05,71.0,2380.0,27.0,11170.0,0.029831932773109245,0.0024171888988361685,0.029831932773109245,naive_region_4D,0.08102689548211381,True
snv_table,GCF_019128325.1,GCF_019128415.1,close_recombination,3,3,7.518796992481203e-06,0.9283788126475808,recombined,0.005672688658814325,0.005602827961045675,0.00563775830993,0.0005021291629551955,1612.0,20574.0,657.0,94175.0,0.07835131719646156,0.006976373772232545,0.07835131719646156,naive_region_4D,0.08903964887711686,True
snv_table,GCF_019128325.1,GCF_019128615.1,close_recombination,1,1,0.0,0.999940637690876,recombined,6.983801073410225e-06,6.983801073410225e-06,6.983801073410225e-06,7.514017399458691e-07,2.0,20.0,1.0,91.0,0.1,0.01098901098901099,0.1,naive_region_4D,0.10989010989010989,True
snv_table,GCF_019128325.1,GCF_021410585.1,close_recombination,3,3,1.0526315789473684e-05,0.9917127457551386,recombined,0.0003071939231456658,0.00020945040214477212,0.0002583221626452189,4.8076381350871195e-05,71.0,2380.0,26.0,11170.0,0.029831932773109245,0.0023276633840644584,0.029831932773109245,naive_region_4D,0.07802589935314663,True
snv_table,GCF_019128325.1,GCF_047307725.1,close_recombination,39,39,0.000130890052356,0.668003885856461,recombined,0.0036901658477946366,0.003746077451549101,0.003718121649671869,0.0005226404850103701,1036.0,95235.0,594.0,438172.0,0.010878353546490261,0.001355632034908666,0.010878353546490261,naive_region_4D,0.12461739077657027,True
snv_table,GCF_019128415.1,GCF_019128615.1,close_recombination,4,4,7.518796992481203e-06,0.9282967196107268,recombined,0.005651868644704255,0.005637896163505975,0.005644882404105115,0.0005028971083040415,1614.0,20594.0,658.0,94266.0,0.07837234145867729,0.006980247385059301,0.07837234145867729,naive_region_4D,0.08906518875335268,True
snv_table,GCF_019128415.1,GCF_019128655.1,close_recombination,3,3,3.7593984962406014e-06,0.928330054270528,recombined,0.0055773189031272825,0.0056891448460471275,0.0056332318745872054,0.0004970922734112788,1611.0,20574.0,657.0,94175.0,0.07830271216097988,0.006976373772232545,0.07830271216097988,naive_region_4D,0.08909491867778546,True
snv_table,GCF_019128415.1,GCF_019128665.1,close_recombination,3,3,3.7593984962406014e-06,0.9283668622520256,recombined,0.005769768091645711,0.005490360435875943,0.005630064263760827,0.0004975528217708671,1611.0,20574.0,657.0,94180.0,0.07830271216097988,0.0069760033977489914,0.07830271216097988,naive_region_4D,0.08909018864387817,True
snv_table,GCF_019128415.1,GCF_019128745.1,close_recombination,3,3,7.518796992481203e-06,0.928330054270528,recombined,0.0056332318745872054,0.005647210117452186,0.005640220996019695,0.0004978424321182067,1611.0,20574.0,657.0,94180.0,0.07830271216097988,0.0069760033977489914,0.07830271216097988,naive_region_4D,0.08909018864387817,True
snv_table,GCF_019128415.1,GCF_019128755.1,close_recombination,3,3,3.7593984962406014e-06,0.9283530460001048,recombined,0.0055067349184996246,0.005765299882946942,0.005636017400723283,0.0004970261145491048,1612.0,20574.0,657.0,94180.0,0.07835131719646156,0.0069760033977489914,0.07835131719646156,naive_region_4D,0.08903492177747378,True
snv_table,GCF_019128415.1,GCF_019128815.1,close_recombination,3,3,3.7593984962406014e-06,0.928330054270528,recombined,0.0055423732959648305,0.005731079574642069,0.00563672643530345,0.0004970904042751279,1612.0,20574.0,657.0,94180.0,0.07835131719646156,0.0069760033977489914,0.07835131719646156,naive_region_4D,0.08903492177747378,True
snv_table,GCF_019128415.1,GCF_021410585.1,close_recombination,6,6,7.575757575757576e-06,0.9200473700206456,recombined,0.00591077248765969,0.005868852115406785,0.005889812301533238,0.0005427775626881773,1684.0,22954.0,682.0,105350.0,0.07336411954343469,0.0064736592311343145,0.07336411954343469,naive_region_4D,0.08824012707331179,True
snv_table,GCF_019128415.1,GCF_040911985.1,close_recombination,4,4,7.518796992481203e-06,0.928211763060354,recombined,0.0054689139100636405,0.005832575704594727,0.005650744807329184,0.0005199621052219696,1614.0,20594.0,656.0,94271.0,0.07837234145867729,0.006958661730542797,0.07837234145867729,naive_region_4D,0.08878976436108944,True
snv_table,GCF_019128615.1,GCF_021410585.1,close_recombination,3,3,1.4084507042253522e-05,0.991688493102846,recombined,0.00028636284267504803,0.00024445608521040686,0.0002654094639427274,4.884643507444572e-05,71.0,2380.0,26.0,11170.0,0.029831932773109245,0.0023276633840644584,0.029831932773109245,naive_region_4D,0.07802589935314663,True
snv_table,GCF_019128655.1,GCF_021410585.1,close_recombination,3,3,1.056338028169014e-05,0.99174795270969,recombined,0.00023058218508063388,0.000286480896615333,0.0002585315408479835,5.337779979716436e-05,71.0,2435.0,35.0,11524.0,0.02915811088295688,0.0030371398819854217,0.02915811088295688,naive_region_4D,0.10416106496668312,True
snv_table,GCF_019128665.1,GCF_021410585.1,close_recombination,3,3,1.0526315789473684e-05,0.9917127457551386,recombined,0.00022341376228775692,0.00029323056300268094,0.0002583221626452189,5.483695770568178e-05,71.0,2380.0,27.0,11170.0,0.029831932773109245,0.0024171888988361685,0.029831932773109245,naive_region_4D,0.08102689548211381,True
snv_table,GCF_019128665.1,GCF_047307725.1,close_recombination,39,39,0.000130890052356,0.667640337943131,recombined,0.003605844822887331,0.0038294631064772432,0.003717653964682287,0.0005285865310437441,1036.0,95329.0,598.0,438615.0,0.010867626850171511,0.001363382465259966,0.010867626850171511,naive_region_4D,0.12545355891000703,True
snv_table,GCF_019128745.1,GCF_021410585.1,close_recombination,3,3,1.7605633802816902e-05,0.99174795270969,recombined,0.0002794935576734956,0.0002515442019061461,0.00026551887978982087,5.412939632190752e-05,71.0,2435.0,35.0,11524.0,0.02915811088295688,0.0030371398819854217,0.02915811088295688,naive_region_4D,0.10416106496668312,True
snv_table,GCF_019128755.1,GCF_021410585.1,close_recombination,3,3,7.042253521126761e-06,0.9917265898113774,recombined,0.0003003432993759146,0.00020954183677389387,0.0002549425680749042,5.335870502180567e-05,71.0,2435.0,35.0,11524.0,0.02915811088295688,0.0030371398819854217,0.02915811088295688,naive_region_4D,0.10416106496668312,True
snv_table,GCF_019128815.1,GCF_021410585.1,close_recombination,3,3,7.042253521126761e-06,0.99174795270969,recombined,0.00020263282931328434,0.0003074429134408452,0.00025503787137706475,5.337759915076991e-05,71.0,2435.0,35.0,11524.0,0.02915811088295688,0.0030371398819854217,0.02915811088295688,naive_region_4D,0.10416106496668312,True
snv_table,GCF_019129355.1,GCF_021406445.1,close_recombination,3,3,5.166051660516605e-05,0.9571784843847418,recombined,0.0004534376239868503,0.0004676075497364394,0.00046052258686164483,9.376972594844647e-05,116.0,12179.0,68.0,55325.0,0.009524591509976189,0.0012291007681879801,0.009524591509976189,naive_region_4D,0.12904498496346042,True
snv_table,GCF_019129355.1,GCF_028199555.1,close_recombination,5,5,5.147058823529412e-05,0.9617988651027948,recombined,0.00047375771182096203,0.0005373968074387031,0.0005055772596298326,9.510549101062898e-05,126.0,10831.0,71.0,49411.0,0.011633274859200442,0.0014369270000607153,0.011633274859200442,naive_region_4D,0.1235187010925207,True
snv_table,GCF_019129355.1,GCF_047307865.1,close_recombination,8,8,7.142857142857143e-05,0.9432801411543398,recombined,0.000664754906987352,0.0007213297926884032,0.0006930423498378776,0.00014153560038869024,174.0,16050.0,102.0,73319.0,0.010841121495327103,0.0013911810035597866,0.010841121495327103,naive_region_4D,0.12832445463870445,True
snv_table,GCF_019129475.1,GCF_019129775.1,close_recombination,1,1,0.0,0.9998091090340916,recombined,1.4140071548762037e-05,0.0,7.070035774381019e-06,3.0418898653355356e-06,2.0,60.0,0.0,205.0,0.03333333333333333,0.0,0.03333333333333333,naive_region_4D,0.0,False
snv_table,GCF_019129485.1,GCF_019129775.1,close_recombination,1,1,0.0,0.9998091090340916,recombined,0.0,1.4140071548762037e-05,7.070035774381019e-06,2.2814087242590555e-06,2.0,60.0,0.0,205.0,0.03333333333333333,0.0,0.03333333333333333,naive_region_4D,0.0,False
snv_table,GCF_019129515.1,GCF_019129775.1,close_recombination,1,1,0.0,0.9998091090340916,recombined,0.0,1.4140071548762037e-05,7.070035774381019e-06,0.0,2.0,60.0,0.0,205.0,0.03333333333333333,0.0,0.03333333333333333,naive_region_4D,0.0,False
snv_table,GCF_019129575.1,GCF_019129775.1,close_recombination,1,1,0.0,0.9998091090340916,recombined,7.070035774381019e-06,7.070035774381019e-06,7.070035774381019e-06,0.0,2.0,60.0,0.0,205.0,0.03333333333333333,0.0,0.03333333333333333,naive_region_4D,0.0,False
snv_table,GCF_019129675.1,GCF_019129775.1,close_recombination,1,1,0.0,0.9998091090340916,recombined,0.0,1.4140071548762037e-05,7.070035774381019e-06,1.5209287399257482e-06,2.0,60.0,0.0,205.0,0.03333333333333333,0.0,0.03333333333333333,naive_region_4D,0.0,False
snv_table,GCF_020091465.1,GCF_040094775.1,close_recombination,30,30,0.0001458333333333,0.6765392844511523,recombined,0.0037678895966327115,0.004090051160657069,0.00392897037864489,0.0005508267676189214,1085.0,92959.0,644.0,428798.0,0.01167181230434923,0.0015018726766449471,0.01167181230434923,naive_region_4D,0.12867519092003468,True
snv_table,GCF_020538405.1,GCF_024758205.1,close_recombination,20,20,7.894736842105263e-05,0.8073902380243553,recombined,0.0021335714994542027,0.002076865280199606,0.002105218389826904,0.0002951296740304189,575.0,54448.0,343.0,247791.0,0.010560534822215691,0.0013842310656964941,0.010560534822215691,naive_region_4D,0.13107584880876993,True
snv_table,GCF_020538405.1,GCF_028199455.1,close_recombination,25,25,5.531914893617021e-05,0.8313722437106529,recombined,0.002116207388324056,0.0020525088381738335,0.0020843581132489446,0.00027340049288244843,575.0,47886.0,318.0,217379.0,0.012007684918347743,0.0014628827991664329,0.012007684918347743,naive_region_4D,0.12182887951458053,True
snv_table,GCF_020538405.1,GCF_028200305.1,close_recombination,25,25,4.2553191489361704e-05,0.8313427395524792,recombined,0.002059601031923816,0.002073756365476557,0.0020666786987001864,0.0002734025750105477,574.0,47886.0,318.0,217425.0,0.011986801988054964,0.0014625733011383235,0.011986801988054964,naive_region_4D,0.12201530504932014,True
snv_table,GCF_020538405.1,GCF_028200405.1,close_recombination,24,24,5.508474576271186e-05,0.8330149160793637,recombined,0.002080326059268065,0.0019388072797260195,0.0020095666694970424,0.0002611813009417756,553.0,47367.0,297.0,214997.0,0.011674794688285093,0.0013814146243901078,0.011674794688285093,naive_region_4D,0.11832453257411617,True
snv_table,GCF_020538405.1,GCF_964084965.1,close_recombination,14,14,7.480314960629921e-05,0.8984883194750835,recombined,0.001442389275411505,0.0012939080264720855,0.0013681486509417953,0.00018791972860434986,365.0,28840.0,208.0,130288.0,0.012656033287101248,0.0015964632199435098,0.012656033287101248,naive_region_4D,0.12614246373471458,True
snv_table,GCF_020558905.1,GCF_020559185.1,close_recombination,1,1,3.5087719298245615e-06,0.9980368098159508,recombined,0.000245398773006135,0.00018930762489044697,0.00021735319894829096,1.659493130452755e-05,61.0,560.0,18.0,2687.0,0.10892857142857143,0.006698920729438035,0.10892857142857143,naive_region_4D,0.06149828866369343,True
snv_table,GCF_020558905.1,GCF_024463175.1,close_recombination,1,1,3.496503496503497e-06,0.9997651323146386,recombined,2.1032927047292537e-05,2.1032927047292537e-05,2.1032927047292537e-05,2.2627796135624974e-06,5.0,108.0,2.0,493.0,0.046296296296296294,0.004056795131845842,0.046296296296296294,naive_region_4D,0.08762677484787018,True
snv_table,GCF_020558905.1,GCF_036419465.1,close_recombination,1,1,0.0,0.9997686288807248,recombined,2.1033738115937966e-05,1.4022492077291976e-05,1.752811509661497e-05,2.2628632461225837e-06,5.0,117.0,2.0,535.0,0.042735042735042736,0.003738317757009346,0.042735042735042736,naive_region_4D,0.0874766355140187,True
snv_table,GCF_020559185.1,GCF_024463175.1,close_recombination,2,2,0.0,0.9977914110429448,recombined,0.00020333041191936897,0.000259421560035057,0.00023137598597721296,1.885787648241767e-05,66.0,671.0,20.0,3198.0,0.09836065573770492,0.006253908692933083,0.09836065573770492,naive_region_4D,0.06358140504481968,True
snv_table,GCF_020559185.1,GCF_029076805.1,close_recombination,1,1,3.5087719298245615e-06,0.9980368098159508,recombined,0.00019631901840490797,0.00023838737949167396,0.00021735319894829096,1.659493130452755e-05,61.0,560.0,18.0,2687.0,0.10892857142857143,0.006698920729438035,0.10892857142857143,naive_region_4D,0.06149828866369343,True
snv_table,GCF_020559185.1,GCF_036419465.1,close_recombination,2,2,3.5087719298245615e-06,0.9977948317025372,recombined,0.00021736158098997684,0.0002524199005044892,0.00023489074074723303,1.8858573522411906e-05,66.0,670.0,20.0,3194.0,0.09850746268656717,0.006261740763932373,0.09850746268656717,naive_region_4D,0.06356615623991954,True
snv_table,GCF_020560185.1,GCF_024461205.1,close_recombination,20,20,0.0001791044776119,0.7028208670712299,recombined,0.003399730679771253,0.003245833406201361,0.0033227820429863066,0.0004627626554299366,914.0,85007.0,498.0,391889.0,0.010752055713058924,0.0012707679980810893,0.010752055713058924,naive_region_4D,0.11818837550643234,True
snv_table,GCF_020560185.1,GCF_024461385.1,close_recombination,18,18,0.0001764705882352,0.7143182080631559,recombined,0.0033173647246552283,0.0035833137954081793,0.003450339260031704,0.00048708509308820983,947.0,81669.0,525.0,376885.0,0.01159558706485937,0.0013929978640699417,0.01159558706485937,naive_region_4D,0.12013172392896312,True
snv_table,GCF_020560185.1,GCF_028396205.1,close_recombination,2,2,5.319148936170213e-05,0.983534316331384,recombined,0.00044766514647044014,0.0004266808427296382,0.00043717299460003915,0.00010533618041980983,110.0,4734.0,76.0,21969.0,0.02323616392057457,0.0034594200919477445,0.02323616392057457,naive_region_4D,0.14888086104800566,True
snv_table,GCF_020560185.1,GCF_028396285.1,close_recombination,2,2,5.673758865248227e-05,0.9835331801698786,recombined,0.00037066954809787076,0.0005105448492668785,0.0004406071986823747,0.00010457056105491384,110.0,4734.0,76.0,21969.0,0.02323616392057457,0.0034594200919477445,0.02323616392057457,naive_region_4D,0.14888086104800566,True
snv_table,GCF_020560185.1,GCF_039760315.1,close_recombination,20,20,0.0001684210526315,0.6642974207368425,recombined,0.004305178444754287,0.0043820566312677564,0.004343617538011021,0.0005953159458984084,1206.0,96185.0,678.0,444780.0,0.012538337578624525,0.001524349116417105,0.012538337578624525,naive_region_4D,0.12157505784625146,True
snv_table,GCF_020560185.1,GCF_040095755.1,close_recombination,11,11,6.751054852320675e-05,0.8285572327308098,recombined,0.003666925590801895,0.0035829501955926915,0.003624937893197293,0.0005020174780357945,1020.0,49214.0,605.0,227267.0,0.02072580972893892,0.002662067084090519,0.02072580972893892,naive_region_4D,0.12844212693767726,True
snv_table,GCF_020560185.1,GCF_040097405.1,close_recombination,15,15,6.896551724137931e-05,0.8144100955268074,recombined,0.003729422961683528,0.0037999224505622336,0.003764672706122881,0.0005483691138491644,1052.0,53125.0,657.0,244487.0,0.019802352941176472,0.0026872594452874796,0.019802352941176472,naive_region_4D,0.1357040475578872,True
snv_table,GCF_020560185.1,GCF_040098345.1,close_recombination,20,20,0.0001356783919597,0.6987798304503356,recombined,0.0056843240064683685,0.005369306050444876,0.005526815028456622,0.000616763774955776,1549.0,86179.0,690.0,397376.0,0.017974216456445306,0.0017363907231438235,0.017974216456445306,naive_region_4D,0.096604529457593,True
snv_table,GCF_020563555.1,GCF_024464715.1,close_recombination,1,1,0.0,0.999784536807118,recombined,7.0643669797358635e-06,7.0643669797358635e-06,7.0643669797358635e-06,0.0,2.0,70.0,0.0,238.0,0.02857142857142857,0.0,0.02857142857142857,naive_region_4D,0.0,False
snv_table,GCF_020885715.1,GCF_020885775.1,close_recombination,1,1,3.861003861003861e-06,0.9170796378614828,recombined,0.0009358317204415424,0.0009712798916703887,0.0009535558060559656,9.764678867938059e-05,268.0,23400.0,117.0,107554.0,0.011452991452991453,0.0010878256503709764,0.011452991452991453,naive_region_4D,0.09498179186074944,True
snv_table,GCF_020885715.1,GCF_020885855.1,close_recombination,1,1,0.0,0.9170796378614828,recombined,0.000978369525916158,0.0009145628177042347,0.0009464661718101964,9.840965421593824e-05,267.0,23400.0,117.0,107554.0,0.011410256410256411,0.0010878256503709764,0.011410256410256411,naive_region_4D,0.09533752890891703,True
snv_table,GCF_021406445.1,GCF_028199555.1,close_recombination,5,5,4.0293040293040296e-05,0.9676024999645696,recombined,0.0006164878615665878,0.0006306599963152449,0.0006235739289409164,0.00010063997877411357,161.0,9255.0,75.0,41560.0,0.017396002160994056,0.0018046198267564965,0.017396002160994056,naive_region_4D,0.10373761799149923,True
snv_table,GCF_021406445.1,GCF_047307865.1,close_recombination,8,8,6.367041198501872e-05,0.9491058172373348,recombined,0.0008716820274048326,0.0007228582666283977,0.0007972701470166151,0.00014640696714154886,204.0,14462.0,105.0,65381.0,0.014105932789379062,0.001605971153699087,0.014105932789379062,naive_region_4D,0.1138507589450794,True
snv_table,GCF_021410115.1,GCF_021411025.1,close_recombination,23,23,5.0228310502283106e-05,0.7690332836282813,recombined,0.004621163098219059,0.004649298033368033,0.004635230565793545,0.0004608375135356831,1306.0,65991.0,546.0,301750.0,0.01979057750299283,0.0018094449047224525,0.01979057750299283,naive_region_4D,0.09142961616197501,True
snv_table,GCF_021410115.1,GCF_028201035.1,close_recombination,7,7,3.4883720930232556e-05,0.905308434598652,recombined,0.0028675245812922134,0.002804270362587238,0.0028358974719397256,0.00027447911350051606,798.0,27019.0,293.0,125720.0,0.029534771827232686,0.002330575882914413,0.029534771827232686,naive_region_4D,0.07890956112840167,True
snv_table,GCF_021410115.1,GCF_028396085.1,close_recombination,7,7,2.7237354085603113e-05,0.9027782670884916,recombined,0.002367480957984259,0.002395665255103119,0.0023815731065436893,0.00023425364438780578,668.0,27652.0,264.0,129057.0,0.02415738463763923,0.002045607754713034,0.02415738463763923,naive_region_4D,0.08467836172653415,True
snv_table,GCF_021410115.1,GCF_028396095.1,close_recombination,6,6,4.633204633204633e-05,0.9113237999252928,recombined,0.002889623432731681,0.002776857640234835,0.002833240536483258,0.00027299261327487246,791.0,25218.0,299.0,116969.0,0.03136648425727655,0.0025562328480195607,0.03136648425727655,naive_region_4D,0.0814956763101862,True
snv_table,GCF_021410115.1,GCF_028396185.1,close_recombination,6,6,5.0193050193050195e-05,0.9113618106740702,recombined,0.0027974688896092,0.002917259748861987,0.0028573643192355935,0.0002805159674237565,797.0,25208.0,308.0,116905.0,0.03161694700095208,0.002634617852102134,0.03161694700095208,naive_region_4D,0.08332929336987528,True
snv_table,GCF_021410115.1,GCF_047308905.1,close_recombination,37,37,0.0001128205128205,0.6893585386576041,recombined,0.008389974511469838,0.00875106202209006,0.00857051826677995,0.000832124897984688,2398.0,87966.0,994.0,403889.0,0.027260532478457587,0.0024610722252896215,0.027260532478457587,naive_region_4D,0.09027968280643321,True
snv_table,GCF_021410115.1,GCF_051065055.1,close_recombination,7,7,5.038759689922481e-05,0.9048559936997244,recombined,0.0027985599369972436,0.002911064859087585,0.0028548123980424145,0.0002730907289101713,798.0,27156.0,295.0,126376.0,0.029385771100309325,0.0023343039817686905,0.029385771100309325,naive_region_4D,0.07943654001116611,True
snv_table,GCF_021410225.1,GCF_024790525.1,close_recombination,35,35,0.0001042654028436,0.7435958045066626,recombined,0.003640892300853422,0.003549164394048976,0.003595028347451199,0.0005154952246465935,996.0,72805.0,578.0,336179.0,0.013680379094842387,0.001719322146832491,0.013680379094842387,naive_region_4D,0.12567796074311197,True
snv_table,GCF_021410225.1,GCF_028199465.1,close_recombination,35,35,0.0001063829787234,0.8330187447740078,recombined,0.002582566266462978,0.0023214871630227317,0.0024520267147428547,0.0003386451006937669,661.0,47565.0,337.0,217891.0,0.013896772837170189,0.0015466448820740646,0.013896772837170189,naive_region_4D,0.11129525539463371,True
snv_table,GCF_021410225.1,GCF_028199675.1,close_recombination,36,36,0.0001025641025641,0.8237575586622711,recombined,0.00251044549829875,0.0024610828059164714,0.0024857641521076105,0.0003475336493006075,679.0,50367.0,367.0,230841.0,0.013481049099608872,0.0015898388934374743,0.013481049099608872,naive_region_4D,0.11793139255635532,True
snv_table,GCF_021410225.1,GCF_964238155.1,close_recombination,36,36,8e-05,0.6972870477394393,recombined,0.0030590116877992225,0.003240596856481368,0.0031498042721402955,0.00045826518829816083,886.0,86947.0,526.0,400210.0,0.010190115817682036,0.0013143099872566903,0.010190115817682036,naive_region_4D,0.12897890571332668,True
snv_table,GCF_021410225.1,GCF_964241015.1,close_recombination,36,36,8e-05,0.6972870477394393,recombined,0.0030310755080019693,0.0032685330362786213,0.0031498042721402955,0.00045901644270520704,886.0,86947.0,526.0,400210.0,0.010190115817682036,0.0013143099872566903,0.010190115817682036,naive_region_4D,0.12897890571332668,True
snv_table,GCF_021410225.1,GCF_964249005.1,close_recombination,36,36,8e-05,0.6972870477394393,recombined,0.0030799638226471624,0.0032196447216334286,0.0031498042721402955,0.00045826518829816083,886.0,86947.0,526.0,400210.0,0.010190115817682036,0.0013143099872566903,0.010190115817682036,naive_region_4D,0.12897890571332668,True
snv_table,GCF_021410585.1,GCF_040911985.1,close_recombination,3,3,7.042253521126761e-06,0.9917031880168032,recombined,0.00022367142667421557,0.00029356874750990794,0.00025862008709206174,5.038802539857304e-05,71.0,2380.0,26.0,11170.0,0.029831932773109245,0.0023276633840644584,0.029831932773109245,naive_region_4D,0.07802589935314663,True
snv_table,GCF_021410705.1,GCF_040928465.1,close_recombination,5,5,7.053941908713692e-05,0.8557728168788961,recombined,0.001569964658035413,0.0014705098833182376,0.0015202372706768252,0.00021015692226333655,410.0,40666.0,216.0,190164.0,0.010082132493975311,0.0011358616772890768,0.010082132493975311,naive_region_4D,0.1126608560210673,True
snv_table,GCF_021410705.1,GCF_040928505.1,close_recombination,5,5,0.0001,0.8549042554330181,recombined,0.0014771101446069423,0.0016198261006076132,0.0015484681226072777,0.0002219708089184645,409.0,40697.0,208.0,190202.0,0.010049880826596556,0.001093574200060988,0.010049880826596556,naive_region_4D,0.1088146435693937,True
snv_table,GCF_021410705.1,GCF_047307425.1,close_recombination,6,6,9.16030534351145e-05,0.9209608924383595,recombined,0.001056390103737508,0.0009859640968216744,0.0010211771002795913,0.00016134469058557517,264.0,22507.0,143.0,103269.0,0.011729684098280535,0.0013847330757536143,0.011729684098280535,naive_region_4D,0.11805373990904014,True
snv_table,GCF_021410705.1,GCF_047310325.1,close_recombination,18,18,0.0001220657276995,0.7504219714081336,recombined,0.0030515844629951335,0.0029458713753625076,0.002998727919178821,0.00041004014755381874,823.0,70942.0,455.0,328984.0,0.011601026190409067,0.0013830459839992218,0.011601026190409067,naive_region_4D,0.1192175555247543,True
snv_table,GCF_021411025.1,GCF_028201035.1,close_recombination,23,23,5.3278688524590167e-05,0.8550350579845702,recombined,0.0021379392797113784,0.0018425660897512536,0.001990252684731316,0.0002595101386752575,553.0,41487.0,287.0,188579.0,0.013329476703545689,0.001521908590033885,0.013329476703545689,naive_region_4D,0.11417616939373561,True
snv_table,GCF_021411025.1,GCF_028396085.1,close_recombination,26,26,5.106382978723405e-05,0.8282686558745558,recombined,0.0027426814823171075,0.00269332731682554,0.002718004399571324,0.0003208668106900988,759.0,49090.0,374.0,224210.0,0.015461397433285801,0.0016680790330493734,0.015461397433285801,naive_region_4D,0.10788669266455038,True
snv_table,GCF_021411025.1,GCF_028396095.1,close_recombination,22,22,6.722689075630252e-05,0.8363099120954292,recombined,0.002108581361974309,0.002059216580924743,0.002083898971449526,0.00026708145225539667,575.0,46736.0,303.0,213365.0,0.012303149606299213,0.0014201017036533639,0.012303149606299213,naive_region_4D,0.11542586647294541,True
snv_table,GCF_021411025.1,GCF_028396185.1,close_recombination,21,21,6.751054852320675e-05,0.8349843826015836,recombined,0.0019883098661063674,0.0021434262386394883,0.002065868052372928,0.00026626431170675426,570.0,47042.0,301.0,214740.0,0.01211683176735683,0.0014016950731116698,0.01211683176735683,naive_region_4D,0.11568164847248977,True
snv_table,GCF_021411025.1,GCF_047308905.1,close_recombination,41,41,0.0001295336787564,0.6821746041298645,recombined,0.006896087850778288,0.007051851642068968,0.006973969746423628,0.0007269341286429572,1945.0,90058.0,876.0,412653.0,0.021597192920118146,0.002122848979651184,0.021597192920118146,naive_region_4D,0.09829281923363822,True
snv_table,GCF_021411025.1,GCF_051065055.1,close_recombination,23,23,6.224066390041494e-05,0.8468541997945485,recombined,0.002005262935704938,0.002012298946005657,0.0020087809408552973,0.0002588710648002719,556.0,43884.0,290.0,200254.0,0.012669765746057788,0.001448160835738612,0.012669765746057788,naive_region_4D,0.11430052179056341,True
snv_table,GCF_021891045.1,GCF_021891195.1,close_recombination,33,33,0.0001136363636363,0.8164628997319823,recombined,0.00268017769945295,0.002672834746851709,0.0026765062231523295,0.0003950464337578239,695.0,50193.0,440.0,232083.0,0.01384655230809077,0.0018958734590642141,0.01384655230809077,naive_region_4D,0.13692025400116561,True
snv_table,GCF_021891045.1,GCF_027660715.1,close_recombination,2,2,3.8732394366197184e-05,0.9973928503664768,recombined,9.838300503861533e-05,0.0001124377200441318,0.00010541036254137357,3.251024450728078e-05,19.0,764.0,15.0,3468.0,0.024869109947643978,0.004325259515570935,0.024869109947643978,naive_region_4D,0.1739209615734839,True
snv_table,GCF_021891045.1,GCF_027671015.1,close_recombination,14,14,5.747126436781609e-05,0.91860260780937,recombined,0.0008434962921308825,0.0006537096264014339,0.0007486029592661583,0.00013612284330370142,195.0,23160.0,137.0,107603.0,0.008419689119170985,0.0012731987026384022,0.008419689119170985,naive_region_4D,0.1512168305287456,True
snv_table,GCF_021891045.1,GCF_027686305.1,close_recombination,1,1,4.210526315789474e-05,0.9995221967706124,recombined,3.513259039615509e-05,0.00010539777118846527,7.026518079231018e-05,2.8727507495611495e-05,8.0,155.0,18.0,645.0,0.05161290322580645,0.027906976744186046,0.05161290322580645,naive_region_4D,0.5406976744186046,True
snv_table,GCF_021891045.1,GCF_030541685.1,close_recombination,14,14,5.747126436781609e-05,0.9182171155501678,recombined,0.00070275303501467,0.0008854688241184841,0.000794110929566577,0.00013458248053657582,208.0,23280.0,138.0,108118.0,0.008934707903780068,0.0012763832109361994,0.008934707903780068,naive_region_4D,0.14285673630093618,True
snv_table,GCF_021891045.1,GCF_030546205.1,close_recombination,14,14,6.153846153846154e-05,0.9159594468750548,recombined,0.0007520250206455467,0.0008293360040763973,0.000790680512360972,0.00013308148670168122,206.0,23922.0,140.0,111133.0,0.008611320123735474,0.0012597518288897087,0.008611320123735474,naive_region_4D,0.14629020995485248,True
snv_table,GCF_021891045.1,GCF_040921925.1,close_recombination,17,17,0.0001056910569105,0.8685662090110248,recombined,0.0014444829954612078,0.001486967789445361,0.0014657253924532845,0.00023243248598355903,388.0,37186.0,252.0,171968.0,0.010434034313989135,0.0014653889095645701,0.010434034313989135,naive_region_4D,0.14044317523471161,True
snv_table,GCF_021891045.1,GCF_040921935.1,close_recombination,18,18,8.502024291497975e-05,0.8678978422176641,recombined,0.0015058386430564302,0.0013791793179395342,0.0014425089804979822,0.00022031084270032956,389.0,37583.0,244.0,173387.0,0.01035042439400793,0.0014072565993990323,0.01035042439400793,naive_region_4D,0.13596124620877592,True
snv_table,GCF_021891045.1,GCF_047307925.1,close_recombination,14,14,6.513409961685824e-05,0.918185493083994,recombined,0.0007944179833734643,0.0007592667451710986,0.0007768423642722815,0.0001300931073343771,201.0,23280.0,125.0,108155.0,0.008634020618556702,0.0011557486940039759,0.008634020618556702,naive_region_4D,0.13385984873837092,True
snv_table,GCF_021891045.1,GCF_047638235.1,close_recombination,22,22,9.504132231404958e-05,0.8591881237648004,recombined,0.0017121055727979538,0.0017543797844719775,0.0017332426786349658,0.0002880926748646723,463.0,40040.0,325.0,184029.0,0.011563436563436563,0.001766026006770672,0.011563436563436563,naive_region_4D,0.1527250136308806,True
snv_table,GCF_021891195.1,GCF_027660715.1,close_recombination,33,33,9.95475113122172e-05,0.8142498310761186,recombined,0.0026219924204588852,0.0025412027380357824,0.002581597579247334,0.0003824835192276994,678.0,50904.0,424.0,235644.0,0.013319189061763319,0.0017993244046103445,0.013319189061763319,naive_region_4D,0.1350926393691519,True
snv_table,GCF_021891195.1,GCF_027671015.1,close_recombination,26,26,9.205020920502092e-05,0.8745716395050301,recombined,0.0020642109168108307,0.002196437950627895,0.002130324433719363,0.0003122045912253912,558.0,34467.0,332.0,158740.0,0.0161893985551397,0.002091470328839612,0.0161893985551397,naive_region_4D,0.12918764843031347,True
snv_table,GCF_021891195.1,GCF_027686305.1,close_recombination,34,34,0.0001136363636363,0.8070248874593349,recombined,0.002746506282449531,0.002540885491250101,0.002643695886849816,0.0003903524471700633,695.0,52865.0,438.0,244751.0,0.013146694410290363,0.0017895738934672382,0.013146694410290363,naive_region_4D,0.13612348759445403,True
snv_table,GCF_021891195.1,GCF_027686505.1,close_recombination,34,34,0.0001090909090909,0.8073190263828787,recombined,0.0026816348421508916,0.002593471504874698,0.002637553173512795,0.00038339496637981873,694.0,52711.0,426.0,244065.0,0.013166132306349719,0.0017454366664618032,0.013166132306349719,naive_region_4D,0.13257019038309525,True
snv_table,GCF_021891195.1,GCF_030541685.1,close_recombination,25,25,9.205020920502092e-05,0.876896637828469,recombined,0.002012308867378564,0.0021518485333646684,0.002082078700371616,0.0002987032485953835,544.0,33846.0,328.0,155854.0,0.016072800330910596,0.002104533730286037,0.016072800330910596,naive_region_4D,0.1309375894030537,True
snv_table,GCF_021891195.1,GCF_030546205.1,close_recombination,25,25,9.205020920502092e-05,0.8743123241790124,recombined,0.002019875575664539,0.0021520856133443998,0.0020859805945044694,0.0002971488723753496,546.0,34536.0,329.0,158876.0,0.01580958999305073,0.00207079735139354,0.01580958999305073,naive_region_4D,0.130983621479354,True
snv_table,GCF_021891195.1,GCF_040921925.1,close_recombination,21,21,7.024793388429752e-05,0.8916700269687362,recombined,0.0016499391446212353,0.0017313262773155564,0.001690632710968396,0.0002349255445295397,440.0,29411.0,240.0,135284.0,0.014960388970113222,0.0017740457112444931,0.014960388970113222,naive_region_4D,0.11858286003048134,True
snv_table,GCF_021891195.1,GCF_040921935.1,close_recombination,20,20,8.19672131147541e-05,0.8946251898040743,recombined,0.0016912324304848322,0.0016691728770437256,0.001680202653764279,0.00022945216318004874,437.0,28792.0,235.0,132462.0,0.01517782717421506,0.0017740937023448234,0.01517782717421506,naive_region_4D,0.11688719880529097,True
snv_table,GCF_021891195.1,GCF_047307925.1,close_recombination,25,25,9.205020920502092e-05,0.8767050819063854,recombined,0.0020058706617536305,0.0021601684049654484,0.0020830195333595394,0.0003011983901301794,545.0,33889.0,330.0,156199.0,0.016081914485526278,0.0021126895818795255,0.016081914485526278,naive_region_4D,0.13137052704644997,True
snv_table,GCF_021891195.1,GCF_047308905.1,close_recombination,42,42,0.0001311475409836,0.6758676304127487,recombined,0.007294679914476167,0.007006147950313316,0.007150413932394742,0.0008098371725614107,1909.0,87935.0,927.0,404727.0,0.02170921703531017,0.002290432810264697,0.02170921703531017,naive_region_4D,0.10550508599823266,True
snv_table,GCF_021891195.1,GCF_047638235.1,close_recombination,22,22,0.0001142857142857,0.900804723794939,recombined,0.0016639302621794542,0.0017301929717352732,0.0016970616169573636,0.0002677959521611846,432.0,27131.0,271.0,125354.0,0.015922745199218605,0.0021618775627423137,0.015922745199218605,naive_region_4D,0.13577291702491137,True
snv_table,GCF_021891215.1,GCF_047308005.1,close_recombination,9,9,7.434944237918216e-05,0.9452431505522868,recombined,0.0007042228724546745,0.0007746451597001419,0.0007394340160774081,0.000119749949977869,190.0,15594.0,104.0,72047.0,0.012184173400025651,0.0014435021583133233,0.012184173400025651,naive_region_4D,0.11847354029862087,True
snv_table,GCF_021891245.1,GCF_028199635.1,close_recombination,31,31,0.0001139896373056,0.670769832648114,recombined,0.0038144074220264564,0.003926184928899026,0.0038702961754627416,0.0004931059132870244,1085.0,94533.0,573.0,436836.0,0.011477473474871209,0.00131170507925171,0.011477473474871209,naive_region_4D,0.11428517627364232,True
snv_table,GCF_021891245.1,GCF_028200395.1,close_recombination,32,32,0.000109375,0.669195756438874,recombined,0.0039543226825119035,0.003926376939172596,0.003940349810842249,0.0005089154163033347,1107.0,94971.0,596.0,438711.0,0.01165618978424993,0.0013585253162104439,0.01165618978424993,naive_region_4D,0.11654969088150141,True
snv_table,GCF_021891245.1,GCF_047309325.1,close_recombination,15,15,0.0001287128712871,0.7034118900787897,recombined,0.003389179084921647,0.0034031550811481283,0.0033961670830348874,0.0004669636384964523,945.0,84969.0,523.0,395147.0,0.011121703209405783,0.0013235580682632033,0.011121703209405783,naive_region_4D,0.11900677830926575,True
snv_table,GCF_021891245.1,GCF_964238335.1,close_recombination,15,15,0.000105,0.6970927978371506,recombined,0.0033881846665432484,0.003374212771011111,0.00338119871877718,0.0004554832745188676,947.0,86787.0,523.0,403135.0,0.010911772500489705,0.0012973321592022523,0.010911772500489705,naive_region_4D,0.11889288922986892,True
snv_table,GCF_021891245.1,GCF_964238845.1,close_recombination,16,16,0.0001139896373056,0.6736781071206522,recombined,0.0035837286146408937,0.003646601046476699,0.0036151648305587964,0.0004802814043157681,1012.0,93497.0,558.0,434660.0,0.010823876701926265,0.0012837620208898909,0.010823876701926265,naive_region_4D,0.11860464196357917,True
snv_table,GCF_021891295.1,GCF_028201295.1,close_recombination,39,39,8.290155440414508e-05,0.672397278949613,recombined,0.0037543783602385465,0.004041025497612439,0.003897701928925493,0.0005060534672181872,1098.0,94193.0,605.0,435796.0,0.011656917180682217,0.001388264233724036,0.011656917180682217,naive_region_4D,0.11909360015224783,True
snv_table,GCF_022135985.1,GCF_028199515.1,close_recombination,23,23,8.097165991902834e-05,0.8593101524081889,recombined,0.0020367593206152127,0.0018135528197258746,0.0019251560701705438,0.00025660456636079204,532.0,40585.0,272.0,186633.0,0.013108291240606135,0.0014574057106728178,0.013108291240606135,naive_region_4D,0.11118197512717352,True
snv_table,GCF_022135985.1,GCF_028201265.1,close_recombination,16,16,6.94980694980695e-05,0.9017208706607432,recombined,0.0012493849047780247,0.0013122031402137914,0.0012807940224959082,0.00015990654851099227,349.0,28272.0,160.0,130812.0,0.012344368986983588,0.0012231293765098002,0.012344368986983588,naive_region_4D,0.09908399350339561,True
snv_table,GCF_023668565.1,GCF_023668715.1,close_recombination,1,1,0.0,0.9997902977771564,recombined,6.990074094785405e-06,6.990074094785405e-06,6.990074094785405e-06,7.521975451280917e-07,2.0,60.0,0.0,205.0,0.03333333333333333,0.0,0.03333333333333333,naive_region_4D,0.0,False
snv_table,GCF_023668565.1,GCF_023669385.1,close_recombination,1,1,0.0,0.9998042546646811,recombined,1.3981809665625023e-05,0.0,6.990904832812511e-06,2.2567776675300094e-06,2.0,60.0,0.0,205.0,0.03333333333333333,0.0,0.03333333333333333,naive_region_4D,0.0,False
snv_table,GCF_023668565.1,GCF_023669405.1,close_recombination,1,1,0.0,0.9998113365755492,recombined,0.0,1.3975068477835541e-05,6.987534238917771e-06,5.2630114801317555e-06,2.0,60.0,0.0,205.0,0.03333333333333333,0.0,0.03333333333333333,naive_region_4D,0.0,False
snv_table,GCF_023668565.1,GCF_023669435.1,close_recombination,1,1,0.0,0.9999475936763036,recombined,3.493754913092847e-05,1.3975019652371386e-05,2.4456284391649926e-05,6.015507979571335e-06,7.0,20.0,5.0,98.0,0.35,0.05102040816326531,0.35,naive_region_4D,0.1457725947521866,True
snv_table,GCF_023668585.1,GCF_023668715.1,close_recombination,1,1,0.0,0.9998182593439162,recombined,6.990025233991095e-06,6.990025233991095e-06,6.990025233991095e-06,7.521896239954507e-07,2.0,60.0,0.0,205.0,0.03333333333333333,0.0,0.03333333333333333,naive_region_4D,0.0,False
snv_table,GCF_023668585.1,GCF_023669385.1,close_recombination,1,1,0.0,0.9997972651771484,recombined,0.0,1.3981711920807584e-05,6.990855960403792e-06,2.256753900234928e-06,2.0,60.0,0.0,205.0,0.03333333333333333,0.0,0.03333333333333333,naive_region_4D,0.0,False
snv_table,GCF_023668585.1,GCF_023669405.1,close_recombination,1,1,0.0,0.9997938497339264,recombined,6.988144612664615e-06,6.988144612664615e-06,6.988144612664615e-06,5.263494283469245e-06,2.0,60.0,0.0,205.0,0.03333333333333333,0.0,0.03333333333333333,naive_region_4D,0.0,False
snv_table,GCF_023668585.1,GCF_023669435.1,close_recombination,1,1,0.0,0.9999510770047944,recombined,2.0966997945234203e-05,2.795599726031227e-05,2.4461497602773234e-05,6.01677024285941e-06,7.0,20.0,5.0,100.0,0.35,0.05,0.35,naive_region_4D,0.14285714285714288,True
snv_table,GCF_023668665.1,GCF_023669435.1,close_recombination,2,2,3.484320557491289e-06,0.9996995066318188,recombined,2.7952871458720598e-05,4.19293071880809e-05,3.4941089323400743e-05,9.023981230119041e-06,9.0,90.0,5.0,326.0,0.1,0.015337423312883436,0.1,naive_region_4D,0.15337423312883436,True
snv_table,GCF_023668715.1,GCF_023669435.1,close_recombination,2,2,0.0,0.9997098642654147,recombined,2.796489008050393e-05,3.4956112600629906e-05,3.146050134056692e-05,5.266737692386404e-06,9.0,90.0,5.0,347.0,0.1,0.01440922190201729,0.1,naive_region_4D,0.14409221902017288,True
snv_table,GCF_023669385.1,GCF_023669435.1,close_recombination,2,2,0.0,0.9997517751572382,recombined,2.7968996367526598e-05,3.4961245459408244e-05,3.146512091346742e-05,3.762365956306892e-06,9.0,80.0,5.0,307.0,0.1125,0.016286644951140065,0.1125,naive_region_4D,0.14477017734346725,True
snv_table,GCF_023669405.1,GCF_023669435.1,close_recombination,2,2,0.0,0.999730916944195,recombined,4.8924191964550925e-05,1.3978340561300264e-05,3.1451266262925595e-05,6.7690548895139816e-06,9.0,80.0,5.0,320.0,0.1125,0.015625,0.1125,naive_region_4D,0.1388888888888889,True
snv_table,GCF_024022975.1,GCF_024759565.1,close_recombination,36,36,0.0001284403669724,0.774559015370654,recombined,0.0026870285292949917,0.0028004650898984743,0.002743746809596733,0.00042936751800407404,741.0,64047.0,442.0,297677.0,0.011569628554030634,0.0014848308737322668,0.011569628554030634,naive_region_4D,0.12833868147089134,True
snv_table,GCF_024022975.1,GCF_024789245.1,close_recombination,36,36,0.0001402714932126,0.7857581774331616,recombined,0.0027491945996440965,0.002756298461658681,0.0027527465306513886,0.00044022830729158706,739.0,60748.0,436.0,282385.0,0.012165009547639428,0.001543991359314411,0.012165009547639428,naive_region_4D,0.1269206861916534,True
snv_table,GCF_024047355.1,GCF_028199355.1,close_recombination,17,17,0.0001166666666666,0.8414642246608098,recombined,0.0017968949375806243,0.002006649210449958,0.001901772074015291,0.0002639673312225974,513.0,45613.0,273.0,211700.0,0.011246793677241138,0.0012895606991025035,0.011246793677241138,naive_region_4D,0.11466029662409842,True
snv_table,GCF_024047355.1,GCF_028200155.1,close_recombination,18,18,0.0001083333333333,0.84087317680292,recombined,0.001929827014781356,0.002013732537163154,0.001971779775972255,0.0002805247391984814,535.0,45784.0,300.0,212409.0,0.011685304910012231,0.0014123695323644478,0.011685304910012231,naive_region_4D,0.12086715265378295,True
snv_table,GCF_024047355.1,GCF_028200165.1,close_recombination,17,17,0.0001083333333333,0.8414318674403971,recombined,0.0018387750821505977,0.0019436481856953086,0.0018912116339229533,0.00025944589876195426,512.0,45624.0,273.0,211763.0,0.01122216377345257,0.0012891770517040276,0.01122216377345257,naive_region_4D,0.11487776134168858,True
snv_table,GCF_024047355.1,GCF_964252195.1,close_recombination,21,21,0.000112970711297,0.8338946846717927,recombined,0.0018638027859314303,0.0016753283469046563,0.0017695655664180432,0.000247790720462783,480.0,47838.0,248.0,220929.0,0.010033864291985451,0.0011225325783396475,0.010033864291985451,naive_region_4D,0.11187440308877511,True
snv_table,GCF_024047375.1,GCF_024461205.1,close_recombination,26,26,0.0001182266009852,0.710275990956624,recombined,0.00433270104362799,0.004647679310127602,0.004490190176877795,0.0006106270183255869,1259.0,83015.0,723.0,383256.0,0.015165933867373367,0.0018864675308410044,0.015165933867373367,naive_region_4D,0.12438848456931371,True
snv_table,GCF_024047375.1,GCF_024461385.1,close_recombination,24,24,0.0001116504854368,0.7194274815838743,recombined,0.004332382635474445,0.004052422529789505,0.004192402582631975,0.0005533630166791895,1175.0,80395.0,651.0,371035.0,0.014615336774675042,0.0017545514574096783,0.014615336774675042,naive_region_4D,0.12004865056889454,True
snv_table,GCF_024047375.1,GCF_028396205.1,close_recombination,25,25,0.0001153846153846,0.6393286646751412,recombined,0.004792254038435976,0.004855217960108857,0.0048237359992724166,0.0006442130328209983,1354.0,103504.0,777.0,477604.0,0.013081620034008347,0.0016268707967269957,0.013081620034008347,naive_region_4D,0.12436309818643351,True
snv_table,GCF_024047375.1,GCF_039760295.1,close_recombination,30,30,8.290155440414508e-05,0.6735687929781405,recombined,0.0047590428803041315,0.004647229831721362,0.004703136356012746,0.0006231049416957174,1330.0,93805.0,745.0,432867.0,0.014178348702094772,0.0017210829192338525,0.014178348702094772,naive_region_4D,0.12138810769829439,True
snv_table,GCF_024047375.1,GCF_039760315.1,close_recombination,30,30,9.32642487046632e-05,0.6739064350779358,recombined,0.004612207675132863,0.004807877091653651,0.0047100423833932575,0.0006238373513218963,1330.0,93721.0,746.0,432372.0,0.014191056433456748,0.0017253661199152582,0.014191056433456748,naive_region_4D,0.12158123167261498,True
snv_table,GCF_024047375.1,GCF_039760335.1,close_recombination,30,30,0.0001088082901554,0.6736419213973799,recombined,0.004618340611353712,0.004813973799126637,0.004716157205240175,0.0006335335389499125,1329.0,93754.0,750.0,432467.0,0.014175395183138853,0.0017342363694802148,0.014175395183138853,naive_region_4D,0.122341306684912,True
snv_table,GCF_024047375.1,GCF_040098345.1,close_recombination,29,29,8.737864077669902e-05,0.7184078000160984,recombined,0.006082388719933647,0.006236373244488929,0.006159380982211288,0.0006678769269228192,1742.0,80621.0,782.0,371375.0,0.02160727353915233,0.0021056883204308313,0.02160727353915233,naive_region_4D,0.09745275435215502,True
snv_table,GCF_024461205.1,GCF_024461385.1,close_recombination,2,2,7.067137809187279e-06,0.9874418441949138,recombined,0.00033581697974603843,0.00042676741176059046,0.0003812921957533144,6.471717465886148e-05,107.0,3590.0,80.0,16175.0,0.0298050139275766,0.004945904173106646,0.0298050139275766,naive_region_4D,0.16594201851825105,True
snv_table,GCF_024461205.1,GCF_028396205.1,close_recombination,20,20,0.000167487684729,0.7108798698566741,recombined,0.0034358959975317647,0.0034078478669396684,0.0034218719322357165,0.00048277729709586824,942.0,82485.0,532.0,379390.0,0.011420258228768868,0.0014022509818392684,0.011420258228768868,naive_region_4D,0.12278627626009772,True
snv_table,GCF_024461205.1,GCF_028396285.1,close_recombination,20,20,0.000167487684729,0.7108848546044835,recombined,0.0032816542903422595,0.0035621375630210854,0.0034218959266816727,0.0004812737006553017,942.0,82485.0,532.0,379390.0,0.011420258228768868,0.0014022509818392684,0.011420258228768868,naive_region_4D,0.12278627626009772,True
snv_table,GCF_024461205.1,GCF_039760295.1,close_recombination,15,15,0.0001396396396396,0.777313353350688,recombined,0.002900998181620705,0.003013114053374162,0.0029570561174974337,0.00043034156760394707,813.0,63637.0,468.0,291677.0,0.012775586529848988,0.0016045145829119197,0.012775586529848988,naive_region_4D,0.1255922441731437,True
snv_table,GCF_024461205.1,GCF_039760315.1,close_recombination,15,15,0.0001434977578475,0.7845713464860187,recombined,0.002964084129536783,0.0029570768384504075,0.002960580483993595,0.00043185052093382213,808.0,61566.0,465.0,282636.0,0.013124126953188448,0.0016452256612745722,0.013124126953188448,naive_region_4D,0.1253588651757801,True
snv_table,GCF_024461205.1,GCF_039760335.1,close_recombination,15,15,0.0001651785714285,0.782458585299751,recombined,0.0029343072338726905,0.002997335312881889,0.0029658212733772896,0.00043992102513651485,809.0,62202.0,472.0,285500.0,0.013006012668402945,0.0016532399299474605,0.013006012668402945,naive_region_4D,0.12711351065833368,True
snv_table,GCF_024461205.1,GCF_040095755.1,close_recombination,19,19,0.0001612903225806,0.6536060053318367,recombined,0.00524063420794163,0.005359898975726112,0.0053002665918338715,0.0007357457745554209,1478.0,98977.0,875.0,457286.0,0.014932762156864727,0.0019134633467895366,0.014932762156864727,naive_region_4D,0.12813860735804328,True
snv_table,GCF_024461205.1,GCF_040098345.1,close_recombination,5,5,6.934306569343065e-05,0.9613886608139118,recombined,0.002386015144178474,0.0027930412570089194,0.002589528200593697,0.00025970594341581264,719.0,11020.0,248.0,50098.0,0.06524500907441017,0.0049502974170625574,0.06524500907441017,naive_region_4D,0.0758724305090812,True
snv_table,GCF_024461385.1,GCF_028396205.1,close_recombination,17,17,0.0001770334928229,0.7298013616508088,recombined,0.0030570533091199754,0.003021995358327315,0.003039524333723645,0.00042164971393442933,830.0,77090.0,445.0,355119.0,0.010766636399014139,0.001253101073161391,0.010766636399014139,naive_region_4D,0.11638742377109836,True
snv_table,GCF_024461385.1,GCF_028396285.1,close_recombination,17,17,0.0001770334928229,0.7297714205581265,recombined,0.003176272612536811,0.002902818679007152,0.0030395456457719813,0.00042014556497509673,830.0,77090.0,445.0,355119.0,0.010766636399014139,0.001253101073161391,0.010766636399014139,naive_region_4D,0.11638742377109836,True
snv_table,GCF_024461385.1,GCF_039760295.1,close_recombination,13,13,0.0001283185840707,0.789809274233103,recombined,0.0026555865412912177,0.002494429574405471,0.0025750080578483443,0.00036851981641834914,705.0,60071.0,388.0,275574.0,0.011736112267150538,0.0014079702729575358,0.011736112267150538,naive_region_4D,0.11996905286075481,True
snv_table,GCF_024461385.1,GCF_039760315.1,close_recombination,13,13,0.0001453744493392,0.7971636473197238,recombined,0.0025154412357192655,0.0026415636375102035,0.0025785024366147347,0.0003700237086474013,699.0,57976.0,385.0,266438.0,0.01205671312267145,0.0014449890781345004,0.01205671312267145,naive_region_4D,0.11984933733036596,True
snv_table,GCF_024461385.1,GCF_039760335.1,close_recombination,13,13,0.0001578947368421,0.7950757681857651,recombined,0.0025419456037646003,0.0026259768633931824,0.0025839612335788915,0.00037812309337832646,701.0,58604.0,390.0,269272.0,0.011961640843628421,0.0014483496241718412,0.011961640843628421,naive_region_4D,0.121082855028483,True
snv_table,GCF_024461385.1,GCF_040095755.1,close_recombination,21,21,0.0001505376344086,0.6495502735558043,recombined,0.0055097192148825585,0.005551831718435801,0.00553077546665918,0.0007685669698907472,1548.0,100078.0,925.0,462075.0,0.01546793501069166,0.0020018395282151167,0.01546793501069166,naive_region_4D,0.12941866686350934,True
snv_table,GCF_024461385.1,GCF_040098345.1,close_recombination,3,3,6.474820143884892e-05,0.9739692430765344,recombined,0.0021894045451196277,0.002224491156419622,0.002206947850769625,0.0001977874977163848,611.0,7425.0,169.0,33891.0,0.08228956228956229,0.004986574606827772,0.08228956228956229,naive_region_4D,0.06059789927282522,True
snv_table,GCF_024463175.1,GCF_029076805.1,close_recombination,1,1,3.496503496503497e-06,0.9997791666520612,recombined,2.1031747422734617e-05,2.1031747422734617e-05,2.1031747422734617e-05,2.2626311383297256e-06,5.0,114.0,2.0,523.0,0.043859649122807015,0.0038240917782026767,0.043859649122807015,naive_region_4D,0.08718929254302103,True
snv_table,GCF_024758205.1,GCF_028199455.1,close_recombination,29,29,4.090909090909091e-05,0.7794831087186865,recombined,0.0019703246428786586,0.0021333371133326483,0.0020518308781056534,0.00030577541901145324,570.0,62598.0,355.0,286063.0,0.009105722227547205,0.001240985377346948,0.009105722227547205,naive_region_4D,0.13628632044063904,True
snv_table,GCF_024758205.1,GCF_028200305.1,close_recombination,33,33,3.125e-05,0.7938054822191116,recombined,0.0020341265481864735,0.002090826939773553,0.002062476743980013,0.0003073028267284831,575.0,58670.0,358.0,268234.0,0.009800579512527698,0.0013346555619347287,0.009800579512527698,naive_region_4D,0.13618129011949656,True
snv_table,GCF_024758205.1,GCF_028200405.1,close_recombination,27,27,3.703703703703704e-05,0.7627172688429571,recombined,0.002097401631154917,0.0018423122435820218,0.0019698569373684696,0.0002942988368334055,547.0,67377.0,342.0,308774.0,0.008118497410095434,0.0011076062103674532,0.008118497410095434,naive_region_4D,0.1364299518024276,True
snv_table,GCF_024758205.1,GCF_964084965.1,close_recombination,14,14,9.67741935483871e-05,0.8751584149302974,recombined,0.0010619995327202055,0.0012814794361490482,0.001171739484434627,0.00020338657694297024,306.0,35315.0,226.0,161684.0,0.008664873283307376,0.001397788278370154,0.008664873283307376,naive_region_4D,0.16131664395634637,True
snv_table,GCF_024790525.1,GCF_028199465.1,close_recombination,8,8,6.910569105691057e-05,0.8653835976502549,recombined,0.0019757616384709015,0.0019193113059431616,0.0019475364722070317,0.0002779077042697557,534.0,38233.0,329.0,175452.0,0.013966991865665785,0.001875156738025215,0.013966991865665785,naive_region_4D,0.13425630630134466,True
snv_table,GCF_024790525.1,GCF_028199675.1,close_recombination,8,8,6.477732793522267e-05,0.8684537158493068,recombined,0.002045162837275561,0.001911169410005783,0.001978166123640672,0.00028684518858932876,543.0,37383.0,337.0,171792.0,0.014525318995265227,0.0019616745832169136,0.014525318995265227,naive_region_4D,0.13505208277053019,True
snv_table,GCF_027660715.1,GCF_027671015.1,close_recombination,15,15,2.6923076923076923e-05,0.9109441946946824,recombined,0.0007240595134741851,0.0007732674415743726,0.0007486634775242788,0.0001368888122513218,206.0,25359.0,133.0,117663.0,0.008123348712488663,0.0011303468380034504,0.008123348712488663,naive_region_4D,0.13914789060645388,True
snv_table,GCF_027660715.1,GCF_027686305.1,close_recombination,1,1,2.464788732394366e-05,0.997859921495314,recombined,8.433806915018854e-05,5.622537943345902e-05,7.028172429182377e-05,2.6465588685431526e-05,13.0,610.0,5.0,2835.0,0.021311475409836064,0.001763668430335097,0.021311475409836064,naive_region_4D,0.08275674942341608,True
snv_table,GCF_027660715.1,GCF_027686505.1,close_recombination,1,1,2.8169014084507043e-05,0.9978699921970012,recombined,9.138647339599165e-05,5.6237829782148704e-05,7.381215158907017e-05,2.268894216588642e-05,13.0,610.0,5.0,2835.0,0.021311475409836064,0.001763668430335097,0.021311475409836064,naive_region_4D,0.08275674942341608,True
snv_table,GCF_027660715.1,GCF_030541685.1,close_recombination,15,15,2.6717557251908397e-05,0.9183426047292904,recombined,0.0006536246297005626,0.0007520197352468838,0.0007028221824737233,0.00012476493152673712,193.0,23259.0,127.0,107772.0,0.008297863192742594,0.0011784136881564785,0.008297863192742594,naive_region_4D,0.14201411384886806,True
snv_table,GCF_027660715.1,GCF_030546205.1,close_recombination,14,14,4.9429657794676805e-05,0.9234299932873404,recombined,0.0007591279868698974,0.0006536935442490783,0.0007064107655594879,0.00012326297512961517,188.0,21847.0,124.0,101443.0,0.008605300498924337,0.0012223613260648838,0.008605300498924337,naive_region_4D,0.14204748877946552,True
snv_table,GCF_027660715.1,GCF_040921925.1,close_recombination,19,19,6.910569105691057e-05,0.8683336520008781,recombined,0.0015225227139144413,0.001416300198990178,0.0014694114564523097,0.00023245409793710325,398.0,37337.0,250.0,172508.0,0.01065966735409915,0.0014492081526653836,0.01065966735409915,naive_region_4D,0.13595247436197846,True
snv_table,GCF_027660715.1,GCF_040921935.1,close_recombination,20,20,4.858299595141701e-05,0.8668972481518882,recombined,0.0014144520405757735,0.001505934013349331,0.0014601930269625522,0.00022638103790027423,403.0,37972.0,249.0,175314.0,0.010613083324554936,0.0014203087032410417,0.010613083324554936,naive_region_4D,0.1338262086339177,True
snv_table,GCF_027660715.1,GCF_047307925.1,close_recombination,14,14,4.9429657794676805e-05,0.9244317882191636,recombined,0.0006328112640404999,0.0007664047531157165,0.0006996080085781083,0.00012784096281643476,186.0,21516.0,121.0,99944.0,0.00864472950362521,0.0012106779796686145,0.00864472950362521,naive_region_4D,0.14004810435779522,True
snv_table,GCF_027660715.1,GCF_047638235.1,close_recombination,24,24,6.122448979591836e-05,0.8639382674723842,recombined,0.001627878296717817,0.0016490195732985677,0.0016384489350081922,0.00027753091512406995,447.0,38793.0,306.0,178608.0,0.011522697393859718,0.0017132491265788767,0.011522697393859718,naive_region_4D,0.1486847278912178,True
snv_table,GCF_027671015.1,GCF_027686305.1,close_recombination,14,14,4.580152671755725e-05,0.9212561337401404,recombined,0.0007100375405986811,0.000717067615258074,0.0007135525779283776,0.0001323627738396701,188.0,22420.0,134.0,104158.0,0.008385370205173952,0.0012865070373855104,0.008385370205173952,naive_region_4D,0.15342280733076138,True
snv_table,GCF_027671015.1,GCF_027686505.1,close_recombination,16,16,3.816793893129771e-05,0.9207043347734536,recombined,0.0007030692488056611,0.0007171306337817743,0.0007100999412937177,0.0001270762404494263,192.0,22588.0,125.0,104711.0,0.008500088542588985,0.0011937618779306854,0.008500088542588985,naive_region_4D,0.14044111093072043,True
snv_table,GCF_027671015.1,GCF_028201035.1,close_recombination,41,41,0.0001212121212121,0.6975534308211474,recombined,0.0046822272215973,0.004358830146231721,0.00452052868391451,0.0005657875528251179,1257.0,86372.0,634.0,399606.0,0.014553327467234752,0.001586562764322858,0.014553327467234752,naive_region_4D,0.10901718303905639,True
snv_table,GCF_027671015.1,GCF_028396085.1,close_recombination,44,44,0.0001269841269841,0.664780215520583,recombined,0.005462016082994453,0.004989815982916223,0.005225916032955339,0.0006354685480984475,1457.0,95646.0,738.0,443453.0,0.015233255964703176,0.001664212441904779,0.015233255964703176,naive_region_4D,0.10924863638876081,True
snv_table,GCF_027671015.1,GCF_028396095.1,close_recombination,41,41,0.0001546391752577,0.688307202075461,recombined,0.004624668659410073,0.004617618859624387,0.00462114375951723,0.0005818200575448104,1272.0,88717.0,659.0,411461.0,0.014337725576834203,0.0016016098731106959,0.014337725576834203,naive_region_4D,0.11170599301317737,True
snv_table,GCF_027671015.1,GCF_028396185.1,close_recombination,42,42,0.0001391752577319,0.687896697433295,recombined,0.0047647745014079345,0.0045110291137589915,0.004637901807583463,0.0005870071206845686,1281.0,88895.0,668.0,412244.0,0.01441025929467349,0.0016203995691871805,0.01441025929467349,naive_region_4D,0.112447634428489,True
snv_table,GCF_027671015.1,GCF_030541685.1,close_recombination,1,1,3.5211267605633805e-05,0.9978770816198852,recombined,0.00011247249695972782,6.32657795398469e-05,8.786913824978736e-05,3.478868520701915e-05,13.0,610.0,5.0,2835.0,0.021311475409836064,0.001763668430335097,0.021311475409836064,naive_region_4D,0.08275674942341608,True
snv_table,GCF_027671015.1,GCF_030546205.1,close_recombination,1,1,4.577464788732394e-05,0.9978768577494692,recombined,7.73329958802604e-05,0.00010545408529126419,9.13935405857623e-05,3.3278927329411464e-05,13.0,610.0,5.0,2835.0,0.021311475409836064,0.001763668430335097,0.021311475409836064,naive_region_4D,0.08275674942341608,True
snv_table,GCF_027671015.1,GCF_040921925.1,close_recombination,6,6,7.835820895522388e-05,0.9521145115481864,recombined,0.0008711603430813579,0.000849912529835471,0.0008605364364584145,0.0001433007654395141,219.0,13647.0,132.0,62744.0,0.016047482963288635,0.0021037868162692847,0.016047482963288635,naive_region_4D,0.1310976195508079,True
snv_table,GCF_027671015.1,GCF_040921935.1,close_recombination,7,7,5.5762081784386615e-05,0.9489454402122844,recombined,0.0009009421179882244,0.0008024015738332624,0.0008516718459107434,0.00013782386715596663,224.0,14634.0,135.0,66890.0,0.015306819734864016,0.0020182388996860517,0.015306819734864016,naive_region_4D,0.13185226811609677,True
snv_table,GCF_027671015.1,GCF_047307925.1,close_recombination,1,1,3.8732394366197184e-05,0.9978761858548352,recombined,0.00011955245188013812,4.9227480185939224e-05,8.438996603303867e-05,3.7828722138200425e-05,13.0,610.0,5.0,2835.0,0.021311475409836064,0.001763668430335097,0.021311475409836064,naive_region_4D,0.08275674942341608,True
snv_table,GCF_027671015.1,GCF_047308905.1,close_recombination,39,39,0.0001576354679802,0.7209902595678237,recombined,0.007201759013706003,0.006918503988584823,0.007060131501145412,0.0007179221412675669,1959.0,79283.0,846.0,364689.0,0.024708954000227035,0.0023197848029416846,0.024708954000227035,naive_region_4D,0.09388437903605185,True
snv_table,GCF_027671015.1,GCF_047638235.1,close_recombination,13,13,7.547169811320755e-05,0.937050663960078,recombined,0.0011629873974456568,0.00106430967887451,0.0011136485381600834,0.0001979441115039657,292.0,18050.0,200.0,82160.0,0.016177285318559557,0.0024342745861733205,0.016177285318559557,naive_region_4D,0.15047485027543986,True
snv_table,GCF_027671015.1,GCF_051065055.1,close_recombination,41,41,0.0001313131313131,0.6966872977915318,recombined,0.004578703052468702,0.004501336334224223,0.004540019693346462,0.0005645053276136181,1259.0,86602.0,634.0,400624.0,0.014537770490288909,0.001582531251248053,0.014537770490288909,naive_region_4D,0.10885653011960594,True
snv_table,GCF_027686305.1,GCF_027686505.1,close_recombination,1,1,3.5087719298245615e-06,0.9994938737636812,recombined,3.5147655299914945e-05,0.0,1.7573827649957473e-05,7.562757653699815e-06,4.0,171.0,9.0,719.0,0.023391812865497075,0.012517385257301807,0.023391812865497075,naive_region_4D,0.5351182197496522,True
snv_table,GCF_027686305.1,GCF_030541685.1,close_recombination,14,14,4.597701149425287e-05,0.9203141747641054,recombined,0.0007239373759027253,0.0007942225580292035,0.0007590799669659644,0.00012931171382637142,201.0,22694.0,134.0,105318.0,0.008856966599101084,0.0012723371123644581,0.008856966599101084,naive_region_4D,0.1436538230248707,True
snv_table,GCF_027686305.1,GCF_030546205.1,close_recombination,15,15,6.083650190114068e-05,0.92220367278798,recombined,0.000780247781390036,0.0007451014849310254,0.0007626746331605307,0.00012781002438978277,201.0,22156.0,132.0,102818.0,0.009072034663296624,0.0012838218988892995,0.009072034663296624,naive_region_4D,0.14151421886463342,True
snv_table,GCF_027686305.1,GCF_040921925.1,close_recombination,19,19,6.910569105691057e-05,0.8723717662722102,recombined,0.0014730147938841558,0.0013951149730537437,0.0014340648834689498,0.00022637436679964572,385.0,36191.0,251.0,167149.0,0.010638003923627421,0.001501654212708422,0.010638003923627421,naive_region_4D,0.14115939639514416,True
snv_table,GCF_027686305.1,GCF_040921935.1,close_recombination,19,19,6.0483870967741935e-05,0.8735735725168814,recombined,0.0014567770040360465,0.0013793637332901697,0.001418070368663108,0.00021353186243701946,385.0,36070.0,241.0,166566.0,0.01067369004713058,0.001446873911842753,0.01067369004713058,naive_region_4D,0.13555517402641065,True
snv_table,GCF_027686305.1,GCF_047307925.1,close_recombination,14,14,4.980842911877394e-05,0.9190177362934838,recombined,0.0007382798080472499,0.0007664047531157165,0.0007523422805814832,0.00012784560487235486,198.0,23053.0,127.0,107027.0,0.008588903830304083,0.0011866164612667832,0.008588903830304083,naive_region_4D,0.13815691556355125,True
snv_table,GCF_027686305.1,GCF_047308905.1,close_recombination,45,45,0.0001534391534391,0.6730769230769231,recombined,0.007420414636909482,0.007300045315509233,0.0073602299762093575,0.0007613273158753892,2044.0,92731.0,903.0,428727.0,0.0220422512428422,0.002106235436536537,0.0220422512428422,naive_region_4D,0.09555446099093426,True
snv_table,GCF_027686305.1,GCF_047638235.1,close_recombination,24,24,8.979591836734694e-05,0.8650678729843326,recombined,0.0016629145395805369,0.0017333770200712376,0.001698145779825887,0.00028281529355924187,457.0,38469.0,315.0,177223.0,0.011879695339104214,0.0017774216664879841,0.011879695339104214,naive_region_4D,0.1496184553350684,True
snv_table,GCF_027686505.1,GCF_030541685.1,close_recombination,16,16,3.4482758620689657e-05,0.9171567472941572,recombined,0.0007381967610738303,0.0007452272064173906,0.0007417119837456104,0.0001240462995249178,202.0,23597.0,130.0,109309.0,0.008560410221638344,0.0011892890795817362,0.008560410221638344,naive_region_4D,0.13892898223212985,True
snv_table,GCF_027686505.1,GCF_030546205.1,close_recombination,14,14,4.597701149425287e-05,0.9179565964837034,recombined,0.0006749939356013599,0.0008437424195016998,0.0007593681775515299,0.0001225438283297125,201.0,23356.0,131.0,108417.0,0.008605925672204145,0.0012082975917060979,0.008605925672204145,naive_region_4D,0.14040297787008765,True
snv_table,GCF_027686505.1,GCF_040921925.1,close_recombination,19,19,6.504065040650406e-05,0.8733703332471497,recombined,0.0013671314677537606,0.0014804687915053675,0.001423800129629564,0.00022108225098324425,383.0,35893.0,243.0,165754.0,0.010670604296102304,0.0014660279691591153,0.010670604296102304,naive_region_4D,0.13738940443088282,True
snv_table,GCF_027686505.1,GCF_040921935.1,close_recombination,20,20,6.024096385542168e-05,0.8786675677197725,recombined,0.001295263839612547,0.0015486850256236978,0.0014219744326181224,0.00021282203533603162,386.0,34610.0,235.0,159783.0,0.011152845998266396,0.001470744697495979,0.011152845998266396,naive_region_4D,0.1318716942495747,True
snv_table,GCF_027686505.1,GCF_047307925.1,close_recombination,14,14,4.980842911877394e-05,0.9206736602228888,recombined,0.0007596085202755691,0.0007455416958260215,0.0007525751080507953,0.000126365332011668,198.0,22575.0,125.0,104836.0,0.00877076411960133,0.00119233850967225,0.00877076411960133,naive_region_4D,0.13594465583763152,True
snv_table,GCF_027686505.1,GCF_047638235.1,close_recombination,23,23,8.606557377049181e-05,0.8610753749361155,recombined,0.0017411839345822392,0.0016354440195266377,0.0016883139770544385,0.0002760978873202045,455.0,39604.0,312.0,182575.0,0.011488738511261488,0.0017088867588662194,0.011488738511261488,naive_region_4D,0.1487445081277753,True
snv_table,GCF_028199355.1,GCF_028200155.1,close_recombination,1,1,2.0905923344947736e-05,0.9994136084719614,recombined,8.377021829122717e-05,0.00011169362438830289,9.773192133976502e-05,2.853159160480442e-05,22.0,173.0,27.0,729.0,0.12716763005780346,0.037037037037037035,0.12716763005780346,naive_region_4D,0.29124579124579125,True
snv_table,GCF_028199355.1,GCF_964252195.1,close_recombination,16,16,0.0001284046692607,0.8959678827020422,recombined,0.0014662244719846397,0.0014871705358701344,0.001476697503927387,0.00020651568242544032,390.0,30023.0,192.0,138537.0,0.012990040968590747,0.0013859113449836507,0.012990040968590747,naive_region_4D,0.10669029823190807,True
snv_table,GCF_028199395.1,GCF_046861415.1,close_recombination,37,37,7.547169811320755e-05,0.7419099407172789,recombined,0.0032934845066079914,0.0030201953666979665,0.003156839936652979,0.0004584036394836324,885.0,73925.0,561.0,338950.0,0.011971592830571524,0.0016551113733589025,0.011971592830571524,naive_region_4D,0.13825322968989479,True
snv_table,GCF_028199435.1,GCF_046861415.1,close_recombination,38,38,0.0001513761467889,0.7666110745168389,recombined,0.003111291746667975,0.0032794696789202977,0.003195380712794136,0.0004908236337234288,876.0,66986.0,550.0,307011.0,0.013077359448242917,0.0017914667552628408,0.013077359448242917,naive_region_4D,0.13698994528314687,True
snv_table,GCF_028199455.1,GCF_028200305.1,close_recombination,1,1,1.4134275618374558e-05,0.9991624465043628,recombined,3.533980994250213e-05,2.8271847954001704e-05,3.180582894825192e-05,1.5211265463202048e-06,4.0,240.0,0.0,1134.0,0.016666666666666666,0.0,0.016666666666666666,naive_region_4D,0.0,False
snv_table,GCF_028199455.1,GCF_028200405.1,close_recombination,1,1,1.76678445229682e-05,0.9995757468622946,recombined,7.777974191267457e-05,9.899239879794945e-05,8.838607035531201e-05,1.2935330954246973e-05,20.0,120.0,16.0,545.0,0.16666666666666666,0.029357798165137616,0.16666666666666666,naive_region_4D,0.1761467889908257,True
snv_table,GCF_028199455.1,GCF_964084965.1,close_recombination,17,17,8.267716535433071e-05,0.900113106178425,recombined,0.001293651915735897,0.0011239926480984023,0.0012088222819171498,0.00016886700886323597,315.0,28490.0,178.0,130087.0,0.011056511056511056,0.0013683150506968414,0.011056511056511056,naive_region_4D,0.12375649458524766,True
snv_table,GCF_028199465.1,GCF_028199675.1,close_recombination,1,1,3.5211267605633804e-06,0.9995204614853,recombined,4.9364258866173496e-05,2.820814792352771e-05,3.87862033948506e-05,1.062421029865414e-05,10.0,154.0,12.0,648.0,0.06493506493506493,0.018518518518518517,0.06493506493506493,naive_region_4D,0.2851851851851852,True
snv_table,GCF_028199485.1,GCF_028199595.1,close_recombination,1,1,0.0,0.9999301968448974,recombined,1.3960631020522127e-05,0.0,6.980315510261064e-06,2.2535482116592574e-06,2.0,20.0,1.0,106.0,0.1,0.009433962264150943,0.1,naive_region_4D,0.09433962264150943,True
snv_table,GCF_028199485.1,GCF_028395805.1,close_recombination,1,1,1.3986013986013986e-05,0.9993112297520776,recombined,6.293332214518717e-05,4.195554809679145e-05,5.244443512098931e-05,6.775032049665502e-06,11.0,200.0,4.0,833.0,0.055,0.004801920768307323,0.055,naive_region_4D,0.0873076503328604,True
snv_table,GCF_028199515.1,GCF_028201265.1,close_recombination,15,15,5.904059040590406e-05,0.9423046054422244,recombined,0.0009142490246847237,0.0009072700244962907,0.0009107595245905071,0.0001418715484491338,245.0,16713.0,136.0,76137.0,0.014659247292526776,0.001786253726834522,0.014659247292526776,naive_region_4D,0.1218516674962668,True
snv_table,GCF_028199515.1,GCF_964252195.1,close_recombination,39,39,0.00018,0.6939816815602738,recombined,0.003652535166106704,0.003959236592268336,0.00380588587918752,0.0005391195330729963,1054.0,88406.0,615.0,410237.0,0.011922267719385562,0.0014991334277503004,0.011922267719385562,naive_region_4D,0.1257423053260845,True
snv_table,GCF_028199555.1,GCF_047307865.1,close_recombination,3,3,5.755395683453237e-05,0.9814950997723126,recombined,0.0002616283180834665,0.00019091796184469179,0.00022627313996407915,8.521192662644461e-05,47.0,5246.0,33.0,24085.0,0.008959207014868471,0.0013701473946439694,0.008959207014868471,naive_region_4D,0.15293177090004814,True
snv_table,GCF_028199595.1,GCF_028395805.1,close_recombination,1,1,2.097902097902098e-05,0.999307735876763,recombined,7.691823591522212e-05,4.195540140830297e-05,5.9436818661762544e-05,6.0222280437093315e-06,11.0,200.0,4.0,831.0,0.055,0.0048134777376654635,0.055,naive_region_4D,0.08751777704846297,True
snv_table,GCF_028199635.1,GCF_028200395.1,close_recombination,1,1,3.484320557491289e-06,0.9989263354574228,recombined,1.3943695358143816e-05,0.00012549325822329435,6.971847679071907e-05,1.72489693740799e-05,19.0,331.0,23.0,1419.0,0.05740181268882175,0.01620859760394644,0.05740181268882175,naive_region_4D,0.28237083194243534,True
snv_table,GCF_028199635.1,GCF_047309325.1,close_recombination,29,29,9.900990099009902e-05,0.7028050813759619,recombined,0.0033345657739610873,0.003069474771010206,0.0032020202724856468,0.00042479863343930784,897.0,85473.0,474.0,396072.0,0.010494542136113158,0.0011967521056777555,0.010494542136113158,naive_region_4D,0.11403566636409677,True
snv_table,GCF_028199635.1,GCF_964238335.1,close_recombination,29,29,8.45771144278607e-05,0.6990836947880783,recombined,0.0033332868439770714,0.0030473773029664857,0.0031903320734717787,0.0004155727252269147,898.0,86556.0,478.0,400982.0,0.010374786265539074,0.0011920734596565432,0.010374786265539074,naive_region_4D,0.11490101377954537,True
snv_table,GCF_028199635.1,GCF_964238845.1,close_recombination,27,27,8.247422680412371e-05,0.6755484581804996,recombined,0.003319340037098506,0.0034518347024448752,0.003385587369771691,0.0004395782449275971,955.0,93235.0,513.0,432510.0,0.010242934520298171,0.001186099743358535,0.010242934520298171,naive_region_4D,0.11579686866181467,True
snv_table,GCF_028199655.1,GCF_028199715.1,close_recombination,1,1,0.0,0.9999301919720768,recombined,6.980802792321117e-06,6.980802792321117e-06,6.980802792321117e-06,1.5024805954631096e-06,2.0,20.0,1.0,104.0,0.1,0.009615384615384616,0.1,naive_region_4D,0.09615384615384616,True
snv_table,GCF_028199655.1,GCF_028395745.1,close_recombination,2,2,0.0,0.9997519659319968,recombined,6.9868751550212925e-06,2.096062546506388e-05,1.3973750310042585e-05,2.255523777731665e-06,4.0,80.0,1.0,307.0,0.05,0.003257328990228013,0.05,naive_region_4D,0.06514657980456026,True
snv_table,GCF_028199655.1,GCF_028395805.1,close_recombination,1,1,1.7482517482517483e-05,0.9996888101007346,recombined,6.993031444165888e-05,3.496515722082944e-05,5.2447735831244163e-05,6.775353372319218e-06,10.0,116.0,4.0,519.0,0.08620689655172414,0.007707129094412331,0.08620689655172414,naive_region_4D,0.08940269749518304,True
snv_table,GCF_028199715.1,GCF_028395745.1,close_recombination,1,1,0.0,0.9998218346835468,recombined,1.3973750310042585e-05,0.0,6.9868751550212925e-06,2.255523777731665e-06,2.0,60.0,0.0,203.0,0.03333333333333333,0.0,0.03333333333333333,naive_region_4D,0.0,False
snv_table,GCF_028199715.1,GCF_028395805.1,close_recombination,1,1,1.048951048951049e-05,0.999307735876763,recombined,4.8947968309686805e-05,4.8947968309686805e-05,4.8947968309686805e-05,6.7750065491729975e-06,11.0,200.0,4.0,831.0,0.055,0.0048134777376654635,0.055,naive_region_4D,0.08751777704846297,True
snv_table,GCF_028199775.1,GCF_028395805.1,close_recombination,1,1,1.7482517482517483e-05,0.9993112297520776,recombined,6.293332214518717e-05,4.894813944625669e-05,5.5940730795721934e-05,1.2044501421627559e-05,11.0,200.0,4.0,833.0,0.055,0.004801920768307323,0.055,naive_region_4D,0.0873076503328604,True
snv_table,GCF_028199785.1,GCF_028200035.1,close_recombination,1,1,0.0,0.9999019360623126,recombined,7.00456697766944e-06,7.00456697766944e-06,7.00456697766944e-06,3.014626970058725e-06,2.0,30.0,0.0,127.0,0.06666666666666667,0.0,0.06666666666666667,naive_region_4D,0.0,False
snv_table,GCF_028199815.1,GCF_028395745.1,close_recombination,2,2,3.484320557491289e-06,0.9997205240174672,recombined,2.096069868995633e-05,1.3973799126637555e-05,1.7467248908296942e-05,6.0147300739511065e-06,4.0,80.0,1.0,311.0,0.05,0.003215434083601286,0.05,naive_region_4D,0.06430868167202572,True
snv_table,GCF_028199815.1,GCF_028395805.1,close_recombination,1,1,1.7482517482517483e-05,0.9993112297520776,recombined,7.691850484411765e-05,4.195554809679145e-05,5.943702647045455e-05,9.78615740507239e-06,11.0,200.0,3.0,833.0,0.055,0.003601440576230492,0.055,naive_region_4D,0.06548073774964532,True
snv_table,GCF_028199835.1,GCF_028200035.1,close_recombination,1,1,0.0,0.9999579731868932,recombined,1.4008937702254037e-05,0.0,7.004468851127019e-06,0.0,2.0,20.0,0.0,86.0,0.1,0.0,0.1,naive_region_4D,0.0,False
snv_table,GCF_028199875.1,GCF_028200035.1,close_recombination,1,1,0.0,0.9999579731868932,recombined,0.0,1.4008937702254037e-05,7.004468851127019e-06,2.2609378520939676e-06,2.0,20.0,0.0,86.0,0.1,0.0,0.1,naive_region_4D,0.0,False
snv_table,GCF_028199885.1,GCF_028395805.1,close_recombination,1,1,1.7482517482517483e-05,0.9993112297520776,recombined,2.7970365397860967e-05,8.39110961935829e-05,5.5940730795721934e-05,1.2044501421627559e-05,11.0,200.0,4.0,833.0,0.055,0.004801920768307323,0.055,naive_region_4D,0.0873076503328604,True
snv_table,GCF_028199985.1,GCF_028200455.1,close_recombination,1,1,3.5211267605633804e-06,0.9986103048533784,recombined,1.4072862244269706e-05,1.4072862244269706e-05,1.4072862244269706e-05,5.297620308957216e-06,3.0,400.0,4.0,1696.0,0.0075,0.0023584905660377358,0.0075,naive_region_4D,0.31446540880503143,True
snv_table,GCF_028199985.1,GCF_028200475.1,close_recombination,1,1,3.5087719298245615e-06,0.999876806110417,recombined,3.5198254166593334e-05,3.5198254166593334e-05,3.5198254166593334e-05,1.589967155821324e-05,9.0,56.0,17.0,212.0,0.16071428571428573,0.08018867924528301,0.16071428571428573,naive_region_4D,0.4989517819706498,True
snv_table,GCF_028199985.1,GCF_028200575.1,close_recombination,1,1,7.042253521126761e-06,0.9994685924033349,recombined,5.630808971286393e-05,2.1115533642323974e-05,3.8711811677593955e-05,2.043927793330134e-05,9.0,173.0,17.0,720.0,0.05202312138728324,0.02361111111111111,0.05202312138728324,naive_region_4D,0.453858024691358,True
snv_table,GCF_028200035.1,GCF_028200115.1,close_recombination,1,1,0.0,0.9999473656508238,recombined,1.4035826447005983e-05,0.0,7.0179132235029914e-06,2.2653340461584466e-06,2.0,20.0,0.0,87.0,0.1,0.0,0.1,naive_region_4D,0.0,False
snv_table,GCF_028200035.1,GCF_039760355.1,close_recombination,1,1,0.0,0.9999052854241284,recombined,7.015894509010162e-06,7.015894509010162e-06,7.015894509010162e-06,7.548035699189642e-07,2.0,30.0,0.0,133.0,0.06666666666666667,0.0,0.06666666666666667,naive_region_4D,0.0,False
snv_table,GCF_028200035.1,GCF_039760415.1,close_recombination,1,1,0.0,0.9999579731868932,recombined,7.004468851127019e-06,7.004468851127019e-06,7.004468851127019e-06,2.2609378520939676e-06,2.0,20.0,0.0,86.0,0.1,0.0,0.1,naive_region_4D,0.0,False
snv_table,GCF_028200035.1,GCF_039760475.1,close_recombination,1,1,0.0,0.9999369346011814,recombined,7.007266535397207e-06,7.007266535397207e-06,7.007266535397207e-06,3.7696360341016354e-06,2.0,20.0,0.0,86.0,0.1,0.0,0.1,naive_region_4D,0.0,False
snv_table,GCF_028200095.1,GCF_028395805.1,close_recombination,1,1,1.3986013986013986e-05,0.9993146517661704,recombined,6.29401439231291e-05,4.895344527354486e-05,5.594679459833698e-05,1.1292918737662487e-05,12.0,200.0,3.0,838.0,0.06,0.003579952267303103,0.06,naive_region_4D,0.05966587112171838,True
snv_table,GCF_028200155.1,GCF_028200165.1,close_recombination,1,1,6.968641114982578e-06,0.9994170968631434,recombined,9.075138657647375e-05,7.678963479547779e-05,8.377051068597577e-05,2.327585947988215e-05,22.0,174.0,27.0,734.0,0.12643678160919541,0.03678474114441417,0.12643678160919541,naive_region_4D,0.2909338617785484,True
snv_table,GCF_028200155.1,GCF_964252195.1,close_recombination,17,17,0.0001284046692607,0.8954499593278801,recombined,0.0015989554422089324,0.0015081850459263294,0.001553570244067631,0.00022454881834000595,412.0,30185.0,219.0,139214.0,0.013649163491800563,0.0015731176462137429,0.013649163491800563,naive_region_4D,0.11525377706544133,True
snv_table,GCF_028200165.1,GCF_964252195.1,close_recombination,16,16,0.0001206225680933,0.89597101054638,recombined,0.0015290680016337987,0.0014103732252512663,0.0014697206134425325,0.00020125967529605073,390.0,30035.0,192.0,138600.0,0.012984851007158316,0.0013852813852813853,0.012984851007158316,naive_region_4D,0.10668442668442668,True
snv_table,GCF_028200195.1,GCF_046861415.1,close_recombination,38,38,0.0001152073732718,0.760993727881145,recombined,0.003097515680297137,0.0032306668068257474,0.0031640912435614422,0.00045921125753758707,875.0,68489.0,546.0,313214.0,0.012775774211917243,0.0017432170975754597,0.012775774211917243,naive_region_4D,0.1364470809095379,True
snv_table,GCF_028200215.1,GCF_046861415.1,close_recombination,37,37,0.000125,0.7584384822119984,recombined,0.0031535903626278517,0.0031956382341295567,0.003174614298378704,0.00047050981699128574,876.0,69241.0,547.0,317192.0,0.012651463728137953,0.0017245075537844585,0.012651463728137953,naive_region_4D,0.1363089355383444,True
snv_table,GCF_028200225.1,GCF_046861415.1,close_recombination,37,37,7.547169811320755e-05,0.7419216942192197,recombined,0.003223613670925107,0.0030904644106042873,0.003157039040764697,0.00045843854925311465,885.0,73913.0,561.0,338894.0,0.011973536455021444,0.0016553848696052452,0.011973536455021444,naive_region_4D,0.1382536292283983,True
snv_table,GCF_028200255.1,GCF_046861415.1,close_recombination,37,37,7.547169811320755e-05,0.7419216942192197,recombined,0.0031815665360869533,0.003132511545442441,0.003157039040764697,0.00045843854925311465,885.0,73913.0,561.0,338894.0,0.011973536455021444,0.0016553848696052452,0.011973536455021444,naive_region_4D,0.1382536292283983,True
snv_table,GCF_028200295.1,GCF_028200325.1,close_recombination,1,1,0.0,0.9992402819398134,recombined,1.4068852966417647e-05,7.034426483208824e-06,1.0551639724813236e-05,0.0,3.0,220.0,0.0,910.0,0.013636363636363636,0.0,0.013636363636363636,naive_region_4D,0.0,False
snv_table,GCF_028200305.1,GCF_028200405.1,close_recombination,1,1,1.4134275618374558e-05,0.999582814798054,recombined,0.00011313497001923294,6.363842063581854e-05,8.838669532752574e-05,1.4457244601360502e-05,20.0,120.0,16.0,542.0,0.16666666666666666,0.02952029520295203,0.16666666666666666,naive_region_4D,0.1771217712177122,True
snv_table,GCF_028200305.1,GCF_964084965.1,close_recombination,18,18,5.1792828685258965e-05,0.8890145624204722,recombined,0.0012088222819171498,0.001215891418068712,0.0012123568499929308,0.00016886700886323597,325.0,31630.0,183.0,144436.0,0.010275055327220993,0.0012669971475255477,0.010275055327220993,naive_region_4D,0.12330806084994791,True
snv_table,GCF_028200395.1,GCF_047309325.1,close_recombination,28,28,9.045226130653268e-05,0.6915724850006977,recombined,0.0032091530626482487,0.0033347286172736154,0.003271940839960932,0.0004420816717742486,919.0,88645.0,503.0,411764.0,0.010367194991257262,0.0012215735226974674,0.010367194991257262,naive_region_4D,0.11783066911808161,True
snv_table,GCF_028200395.1,GCF_964238335.1,close_recombination,29,29,8.955223880597016e-05,0.6975763006767948,recombined,0.0031660465910953194,0.0033543357055437198,0.00326019114831952,0.00043284068012248566,917.0,86986.0,502.0,402916.0,0.01054192628698871,0.0012459172631516247,0.01054192628698871,naive_region_4D,0.11818686919575488,True
snv_table,GCF_028200395.1,GCF_964238845.1,close_recombination,27,27,8.762886597938145e-05,0.6740401613707447,recombined,0.003431046085504179,0.003479861781842653,0.003455453933673416,0.00045684708000450093,974.0,93665.0,537.0,434444.0,0.010398761543799711,0.0012360626455883842,0.010398761543799711,naive_region_4D,0.1188663323398727,True
snv_table,GCF_028200405.1,GCF_964084965.1,close_recombination,17,17,6.349206349206349e-05,0.8933714524000523,recombined,0.0010813752548829746,0.001201528060981083,0.0011414516579320289,0.00015896437372600323,301.0,30445.0,168.0,139130.0,0.009886680899983577,0.001207503773449292,0.009886680899983577,naive_region_4D,0.12213439329788603,True
snv_table,GCF_028200455.1,GCF_028200475.1,close_recombination,2,2,0.0,0.9984691453608066,recombined,4.926888493955764e-05,3.5192060671112595e-05,4.223047280533512e-05,1.8168549634963556e-05,12.0,456.0,21.0,1909.0,0.02631578947368421,0.011000523834468309,0.02631578947368421,naive_region_4D,0.41801990570979575,True
snv_table,GCF_028200455.1,GCF_028200495.1,close_recombination,1,1,0.0,0.998575373304958,recombined,2.110558066728811e-05,0.0,1.0552790333644055e-05,1.0593781450288681e-05,3.0,410.0,4.0,1741.0,0.007317073170731708,0.0022975301550832855,0.007317073170731708,naive_region_4D,0.3139957878613823,True
snv_table,GCF_028200455.1,GCF_028200515.1,close_recombination,1,1,0.0,0.998568247457496,recombined,7.0356390295039525e-06,1.4071278059007905e-05,1.0553458544255928e-05,6.0539604630977055e-06,3.0,410.0,4.0,1741.0,0.007317073170731708,0.0022975301550832855,0.007317073170731708,naive_region_4D,0.3139957878613823,True
snv_table,GCF_028200455.1,GCF_028200525.1,close_recombination,1,1,0.0,0.998575373304958,recombined,7.035193555762703e-06,1.4070387111525406e-05,1.0552790333644055e-05,6.8102880751855806e-06,3.0,410.0,4.0,1741.0,0.007317073170731708,0.0022975301550832855,0.007317073170731708,naive_region_4D,0.3139957878613823,True
snv_table,GCF_028200455.1,GCF_028200555.1,close_recombination,1,1,0.0,0.998575373304958,recombined,1.4070387111525406e-05,7.035193555762703e-06,1.0552790333644055e-05,8.32368542522682e-06,3.0,410.0,4.0,1741.0,0.007317073170731708,0.0022975301550832855,0.007317073170731708,naive_region_4D,0.3139957878613823,True
snv_table,GCF_028200455.1,GCF_028200575.1,close_recombination,2,2,0.0,0.9935221902808224,recombined,4.222363749599755e-05,4.9260910411997146e-05,4.574227395399735e-05,2.2707180313177432e-05,13.0,1863.0,21.0,8246.0,0.006977992485238862,0.0025466893039049238,0.006977992485238862,naive_region_4D,0.36496016716729796,True
snv_table,GCF_028200455.1,GCF_028200745.1,close_recombination,1,1,0.0,0.9985999127583828,recombined,7.035614279482742e-06,1.4071228558965483e-05,1.0553421419224113e-05,6.053818445984805e-06,3.0,400.0,4.0,1710.0,0.0075,0.0023391812865497076,0.0075,naive_region_4D,0.3118908382066277,True
snv_table,GCF_028200455.1,GCF_028200835.1,close_recombination,1,1,7.042253521126761e-06,0.998575373304958,recombined,2.110558066728811e-05,1.4070387111525406e-05,1.7587983889406758e-05,8.32368542522682e-06,3.0,410.0,4.0,1741.0,0.007317073170731708,0.0022975301550832855,0.007317073170731708,naive_region_4D,0.3139957878613823,True
snv_table,GCF_028200455.1,GCF_028200845.1,close_recombination,1,1,3.5211267605633804e-06,0.9985752229512234,recombined,0.0,2.8143744173365466e-05,1.4071872086682733e-05,9.081215581246986e-06,3.0,410.0,4.0,1741.0,0.007317073170731708,0.0022975301550832855,0.007317073170731708,naive_region_4D,0.3139957878613823,False
snv_table,GCF_028200455.1,GCF_028200895.1,close_recombination,1,1,3.5211267605633804e-06,0.9978731945041092,recombined,1.4084804608548068e-05,2.11272069128221e-05,1.7606005760685085e-05,6.816725517730303e-06,4.0,610.0,4.0,2701.0,0.006557377049180328,0.001480932987782303,0.006557377049180328,naive_region_4D,0.2258422806368012,True
snv_table,GCF_028200475.1,GCF_028200495.1,close_recombination,1,1,0.0,0.9998838694692834,recombined,0.0,6.334392584537748e-05,3.167196292268874e-05,1.816821954476498e-05,9.0,56.0,17.0,212.0,0.16071428571428573,0.08018867924528301,0.16071428571428573,naive_region_4D,0.4989517819706498,False
snv_table,GCF_028200475.1,GCF_028200515.1,close_recombination,1,1,0.0,0.99986978112671,recombined,2.8155432062702148e-05,3.519429007837768e-05,3.167486107053992e-05,1.5141329166439546e-05,9.0,56.0,17.0,212.0,0.16071428571428573,0.08018867924528301,0.16071428571428573,naive_region_4D,0.4989517819706498,True
snv_table,GCF_028200475.1,GCF_028200525.1,close_recombination,1,1,0.0,0.9998838694692834,recombined,3.51910699140986e-05,2.8152855931278878e-05,3.167196292268874e-05,1.4383173806272274e-05,9.0,56.0,17.0,212.0,0.16071428571428573,0.08018867924528301,0.16071428571428573,naive_region_4D,0.4989517819706498,True
snv_table,GCF_028200475.1,GCF_028200555.1,close_recombination,1,1,0.0,0.9998838694692834,recombined,2.1114641948459157e-05,4.2229283896918315e-05,3.167196292268874e-05,1.5897192101669357e-05,9.0,56.0,17.0,212.0,0.16071428571428573,0.08018867924528301,0.16071428571428573,naive_region_4D,0.4989517819706498,True
snv_table,GCF_028200475.1,GCF_028200745.1,close_recombination,1,1,0.0,0.999873304568778,recombined,2.1115905203662905e-05,4.223181040732581e-05,3.167385780549436e-05,1.3626680434660825e-05,9.0,56.0,17.0,212.0,0.16071428571428573,0.08018867924528301,0.16071428571428573,naive_region_4D,0.4989517819706498,True
snv_table,GCF_028200475.1,GCF_028200835.1,close_recombination,1,1,3.5087719298245615e-06,0.9997079141197128,recombined,4.9267497879738035e-05,2.8152855931278878e-05,3.871017690550846e-05,1.5897192101669357e-05,10.0,99.0,17.0,391.0,0.10101010101010101,0.043478260869565216,0.10101010101010101,naive_region_4D,0.43043478260869567,True
snv_table,GCF_028200475.1,GCF_028200845.1,close_recombination,1,1,0.0,0.9997078935606368,recombined,4.92709656757337e-05,2.1116128146743013e-05,3.5193546911238357e-05,1.665527294585598e-05,10.0,99.0,17.0,391.0,0.10101010101010101,0.043478260869565216,0.10101010101010101,naive_region_4D,0.43043478260869567,True
snv_table,GCF_028200495.1,GCF_028200575.1,close_recombination,1,1,3.5087719298245615e-06,0.9994405525511156,recombined,3.518537414367596e-05,3.518537414367596e-05,3.518537414367596e-05,2.119298330598429e-05,9.0,171.0,17.0,708.0,0.05263157894736842,0.02401129943502825,0.05263157894736842,naive_region_4D,0.45621468926553677,True
snv_table,GCF_028200515.1,GCF_028200575.1,close_recombination,1,1,3.5087719298245615e-06,0.9994160604482968,recombined,4.221249771348971e-05,2.814166514232647e-05,3.517708142790809e-05,1.9674239987892777e-05,9.0,178.0,17.0,736.0,0.05056179775280899,0.02309782608695652,0.05056179775280899,naive_region_4D,0.4568236714975845,True
snv_table,GCF_028200525.1,GCF_028200575.1,close_recombination,1,1,3.5087719298245615e-06,0.9994405525511156,recombined,2.8148299314940765e-05,4.2222448972411146e-05,3.518537414367596e-05,1.892230652320026e-05,9.0,171.0,17.0,708.0,0.05263157894736842,0.02401129943502825,0.05263157894736842,naive_region_4D,0.45621468926553677,True
snv_table,GCF_028200555.1,GCF_028200575.1,close_recombination,1,1,3.5087719298245615e-06,0.9994405525511156,recombined,4.2222448972411146e-05,2.8148299314940765e-05,3.518537414367596e-05,1.892230652320026e-05,9.0,171.0,17.0,708.0,0.05263157894736842,0.02401129943502825,0.05263157894736842,naive_region_4D,0.45621468926553677,True
snv_table,GCF_028200575.1,GCF_028200745.1,close_recombination,1,1,3.5087719298245615e-06,0.9994299628420223,recombined,3.518747888751267e-05,3.518747888751267e-05,3.518747888751267e-05,1.8166101751363593e-05,9.0,174.0,17.0,724.0,0.05172413793103448,0.023480662983425413,0.05172413793103448,naive_region_4D,0.4539594843462247,True
snv_table,GCF_028200575.1,GCF_028200835.1,close_recombination,1,1,7.017543859649123e-06,0.9994405525511156,recombined,3.518537414367596e-05,4.2222448972411146e-05,3.870391155804355e-05,1.892230652320026e-05,9.0,171.0,17.0,708.0,0.05263157894736842,0.02401129943502825,0.05263157894736842,naive_region_4D,0.45621468926553677,True
snv_table,GCF_028200575.1,GCF_028200845.1,close_recombination,1,1,3.5087719298245615e-06,0.999440493491778,recombined,4.2226906280900415e-05,2.8151270853933613e-05,3.5189088567417016e-05,1.9681001248229656e-05,9.0,171.0,17.0,708.0,0.05263157894736842,0.02401129943502825,0.05263157894736842,naive_region_4D,0.45621468926553677,True
snv_table,GCF_028200905.1,GCF_028201235.1,close_recombination,12,12,0.0001098484848484,0.9252891856629673,recombined,0.0008884567087226161,0.0009094438750703944,0.0008989502918965053,0.00011744025415275514,225.0,21469.0,106.0,97871.0,0.010480227304485537,0.0010830583114507873,0.010480227304485537,naive_region_4D,0.10334301728238646,True
snv_table,GCF_028200905.1,GCF_039760255.1,close_recombination,12,12,0.0001379310344827,0.9232825787155096,recombined,0.0009240938061025462,0.0009593645620606586,0.0009417291840816024,0.00012911497004532694,227.0,21874.0,109.0,99727.0,0.01037761726250343,0.001092983845899305,0.01037761726250343,naive_region_4D,0.10532127156476387,True
snv_table,GCF_028200905.1,GCF_040928345.1,close_recombination,18,18,0.0001422764227642,0.866984040050836,recombined,0.0017272976218060793,0.0017764483671420246,0.001751872994474052,0.00021614464460076725,461.0,38047.0,216.0,172915.0,0.012116592635424606,0.001249168666685944,0.012116592635424606,naive_region_4D,0.10309570555618246,True
snv_table,GCF_028200905.1,GCF_040928365.1,close_recombination,23,23,0.000132,0.8745891374429529,recombined,0.0018662017532474367,0.0020836914312574763,0.0019749465922524563,0.00024012540889279532,529.0,35925.0,258.0,163418.0,0.014725121781489214,0.0015787734521288965,0.014725121781489214,naive_region_4D,0.10721632564788394,True
snv_table,GCF_028200935.1,GCF_028395165.1,close_recombination,1,1,3.610108303249098e-05,0.9661199359856876,recombined,0.00034243464040868525,0.0003144807922120579,0.0003284577163103716,6.239011259536103e-05,84.0,9700.0,71.0,44177.0,0.00865979381443299,0.001607171152409625,0.00865979381443299,naive_region_4D,0.1855900021234924,True
snv_table,GCF_028200935.1,GCF_028395175.1,close_recombination,1,1,7.220216606498195e-06,0.9661576053756872,recombined,0.0002722750676324287,0.0003281263635570294,0.000300200715594729,6.157912918099758e-05,84.0,9700.0,71.0,44168.0,0.00865979381443299,0.0016074986415504438,0.00865979381443299,naive_region_4D,0.18562781932189648,True
snv_table,GCF_028200935.1,GCF_028395205.1,close_recombination,1,1,2.1660649819494583e-05,0.9661461333556768,recombined,0.00029325820337456406,0.00033515223242807317,0.0003142052179013186,6.158717664854602e-05,84.0,9700.0,71.0,44183.0,0.00865979381443299,0.0016069529004368195,0.00865979381443299,naive_region_4D,0.18556479921710892,True
snv_table,GCF_028201035.1,GCF_028396085.1,close_recombination,6,6,3.636363636363637e-05,0.966328388912568,recombined,0.0009017608995064972,0.0008594908573421302,0.0008806258784243138,0.0001243076857774574,240.0,9612.0,112.0,45628.0,0.024968789013732832,0.0024546331200140264,0.024968789013732832,naive_region_4D,0.09830805645656177,True
snv_table,GCF_028201035.1,GCF_028396095.1,close_recombination,3,3,5.3763440860215054e-05,0.9827915465762788,recombined,0.0001973123242687112,0.00027482788023141917,0.0002360701022500652,7.051164920681976e-05,51.0,4895.0,40.0,23491.0,0.010418794688457609,0.0017027797880039164,0.010418794688457609,naive_region_4D,0.16343347180939552,True
snv_table,GCF_028201035.1,GCF_028396185.1,close_recombination,4,4,5.017921146953405e-05,0.9822170868149984,recombined,0.00024659348711372894,0.0002747755999267265,0.0002606845435202277,7.807691258114692e-05,60.0,5111.0,50.0,24375.0,0.011739385638818236,0.0020512820512820513,0.011739385638818236,naive_region_4D,0.17473504273504273,True
snv_table,GCF_028201035.1,GCF_030541685.1,close_recombination,39,39,0.0001414141414141,0.7003289381202733,recombined,0.004758356996260789,0.004371784419016559,0.004565070707638674,0.0005626389582104451,1261.0,85584.0,629.0,396624.0,0.014734062441577865,0.0015858848682883536,0.014734062441577865,naive_region_4D,0.10763391797588458,True
snv_table,GCF_028201035.1,GCF_030546205.1,close_recombination,39,39,0.0001464646464646,0.7002541202273375,recombined,0.004505976921806187,0.004632509815086235,0.004569243368446212,0.0005611897222110875,1262.0,85602.0,629.0,396649.0,0.014742646199855143,0.0015857849131095754,0.014742646199855143,naive_region_4D,0.1075644692012725,True
snv_table,GCF_028201035.1,GCF_040921925.1,close_recombination,38,38,0.0001650485436893,0.7329145924357549,recombined,0.004078829036164201,0.004163804641084289,0.004121316838624245,0.0004915892508865755,1124.0,75736.0,518.0,350870.0,0.014841026724411113,0.001476330264770428,0.014841026724411113,naive_region_4D,0.09947628908599032,True
snv_table,GCF_028201035.1,GCF_040921935.1,close_recombination,39,39,0.000135265700483,0.729302646347857,recombined,0.004025291780874938,0.004215296812489664,0.004120294296682301,0.00048762204748257544,1139.0,77321.0,533.0,358833.0,0.014730797584097463,0.0014853706320210238,0.014730797584097463,naive_region_4D,0.10083436579323757,True
snv_table,GCF_028201035.1,GCF_047307925.1,close_recombination,39,39,0.0001557788944723,0.6981347678568289,recombined,0.00452859378021553,0.004598913559411423,0.004563753669813477,0.0005666695416256228,1265.0,86206.0,633.0,399777.0,0.014674152611187156,0.0015833827358752504,0.014674152611187156,naive_region_4D,0.10790283962755877,True
snv_table,GCF_028201035.1,GCF_047308905.1,close_recombination,32,32,0.0001244239631336,0.766785828053658,recombined,0.005854245566842459,0.0060736912894205925,0.005963968428131526,0.000625494738911182,1657.0,66032.0,722.0,302482.0,0.025093893869638964,0.0023869188910414503,0.025093893869638964,naive_region_4D,0.09511951008645084,True
snv_table,GCF_028201035.1,GCF_047638235.1,close_recombination,42,42,0.0001560975609756,0.7206702532827401,recombined,0.004220791803631009,0.004516740477675253,0.00436876614065313,0.0005497230154240905,1205.0,79597.0,600.0,368996.0,0.015138761511112228,0.0016260338865461956,0.015138761511112228,naive_region_4D,0.10740864669495231,True
snv_table,GCF_028201045.1,GCF_028395165.1,close_recombination,1,1,4.6931407942238266e-05,0.9661379987490872,recombined,0.00035640533769405746,0.00032146363792013026,0.00033893448780709386,6.539593102007129e-05,84.0,9700.0,71.0,44170.0,0.00865979381443299,0.001607425854652479,0.00865979381443299,naive_region_4D,0.1856194141682029,True
snv_table,GCF_028201045.1,GCF_028395175.1,close_recombination,1,1,7.220216606498195e-06,0.9661407428092712,recombined,0.0002722703155543144,0.000328120636693661,0.00030019547612398774,6.45820676624821e-05,84.0,9700.0,71.0,44175.0,0.00865979381443299,0.0016072439162422186,0.00865979381443299,naive_region_4D,0.18559840461368474,True
snv_table,GCF_028201045.1,GCF_028395205.1,close_recombination,1,1,2.888086642599278e-05,0.9661641798339629,recombined,0.00037703967993520506,0.0002653242192136628,0.0003211819495744339,6.45905074485623e-05,84.0,9700.0,71.0,44167.0,0.00865979381443299,0.0016075350374714153,0.00865979381443299,naive_region_4D,0.18563202218419914,True
snv_table,GCF_028201095.1,GCF_028201115.1,close_recombination,1,1,0.0,0.9999546742999794,recombined,6.973184618549368e-06,6.973184618549368e-06,6.973184618549368e-06,2.250432645676131e-06,2.0,20.0,0.0,76.0,0.1,0.0,0.1,naive_region_4D,0.0,False
snv_table,GCF_028201145.1,GCF_047309505.1,close_recombination,33,33,0.0001574074074074,0.7680543213897553,recombined,0.002690579784541203,0.002740143096361699,0.002715361440451451,0.0003526998295918966,730.0,65690.0,369.0,302432.0,0.01111280255746689,0.0012201089831763835,0.01111280255746689,naive_region_4D,0.10979309466418717,True
snv_table,GCF_028201145.1,GCF_964240005.1,close_recombination,2,2,8.270676691729324e-05,0.9369804994264536,recombined,0.0006564898967616695,0.0008047295508691432,0.0007306097238154064,9.415623861013242e-05,184.0,17860.0,98.0,82311.0,0.010302351623740201,0.0011906063588098797,0.010302351623740201,naive_region_4D,0.11556646504535029,True
snv_table,GCF_028201165.1,GCF_028395955.1,close_recombination,2,2,5.319148936170213e-05,0.9933407521240704,recombined,0.00014131029975447335,0.000148375814742197,0.0001448430572483352,3.497218570838823e-05,26.0,1890.0,9.0,8092.0,0.013756613756613757,0.0011122095897182402,0.013756613756613757,naive_region_4D,0.08084908171413362,True
snv_table,GCF_028201165.1,GCF_028396005.1,close_recombination,2,2,5.319148936170213e-05,0.9933412226009856,recombined,0.0001413003161594574,0.0001483653319674303,0.00014483282406344385,3.496942076195327e-05,26.0,1890.0,9.0,8112.0,0.013756613756613757,0.0011094674556213018,0.013756613756613757,naive_region_4D,0.0806497496586254,True
snv_table,GCF_028201165.1,GCF_047310225.1,close_recombination,4,4,5.555555555555556e-05,0.9500847218299916,recombined,0.0006142332674385767,0.0005648121999435188,0.0005895227336910477,8.96284672164892e-05,152.0,14140.0,69.0,65352.0,0.01074964639321075,0.0010558207858979067,0.01074964639321075,naive_region_4D,0.09821911784602895,True
snv_table,GCF_028201235.1,GCF_040928345.1,close_recombination,15,15,6.79245283018868e-05,0.9282630937197796,recombined,0.0013664840016257656,0.0014155372734789983,0.0013910106375523818,0.0001606124083265092,379.0,20558.0,163.0,92939.0,0.0184356454908065,0.001753838539256932,0.0184356454908065,naive_region_4D,0.09513301501330872,True
snv_table,GCF_028201235.1,GCF_040928365.1,close_recombination,16,16,6.367041198501872e-05,0.9327320977194592,recombined,0.0015894466345042957,0.001575442699398531,0.0015824446669514133,0.0001747955381932018,434.0,19292.0,187.0,87593.0,0.022496371552975326,0.0021348737912846917,0.022496371552975326,naive_region_4D,0.09489858336742919,True
snv_table,GCF_028201265.1,GCF_964252195.1,close_recombination,39,39,0.000170616113744,0.7392786963062242,recombined,0.0035600975885574275,0.0032808742482784135,0.0034204859184179207,0.0004677584534388881,938.0,75152.0,529.0,347632.0,0.012481371087928465,0.0015217241220601095,0.012481371087928465,naive_region_4D,0.12191962816744281,True
snv_table,GCF_028201315.1,GCF_028395165.1,close_recombination,1,1,0.0001010830324909,0.9660679340229242,recombined,0.00034246575342465754,0.0004403131115459883,0.0003913894324853229,0.00010148887945000546,84.0,9710.0,72.0,44214.0,0.008650875386199793,0.001628443479440901,0.008650875386199793,naive_region_4D,0.18824031173060893,True
snv_table,GCF_028201315.1,GCF_028395175.1,close_recombination,1,1,7.942238267148014e-05,0.9661405695254652,recombined,0.00038401251182583983,0.00035608432914759693,0.0003700484204867184,0.00010064019178715952,84.0,9700.0,72.0,44173.0,0.00865979381443299,0.0016299549498562471,0.00865979381443299,naive_region_4D,0.18822098825720948,True
snv_table,GCF_028201315.1,GCF_028395205.1,close_recombination,1,1,9.386281588447652e-05,0.9661640090638977,recombined,0.0003351826570906844,0.0004329442654088006,0.00038406346124974253,0.00010065334537167375,84.0,9700.0,72.0,44170.0,0.00865979381443299,0.0016300656554222323,0.00865979381443299,naive_region_4D,0.18823377211423395,True
snv_table,GCF_028394795.1,GCF_028396015.1,close_recombination,16,16,0.0001327800829875,0.8473334875277725,recombined,0.0017942625650945842,0.001703147669210875,0.0017487051171527295,0.00024583957987071555,464.0,43590.0,251.0,201249.0,0.010644643266804314,0.0012472111662666647,0.010644643266804314,naive_region_4D,0.11716796279647396,True
snv_table,GCF_028395165.1,GCF_028395215.1,close_recombination,1,1,4.332129963898917e-05,0.9661322561256868,recombined,0.00034944019680471886,0.00032148498106034134,0.0003354625889325301,6.0889024866025355e-05,84.0,9700.0,71.0,44167.0,0.00865979381443299,0.0016075350374714153,0.00865979381443299,naive_region_4D,0.18563202218419914,True
snv_table,GCF_028395165.1,GCF_028395235.1,close_recombination,1,1,5.776173285198556e-05,0.9661249785899798,recombined,0.00028663210768978015,0.0004334436750430822,0.0003600378913664312,6.993006993006993e-05,84.0,9700.0,71.0,44170.0,0.00865979381443299,0.001607425854652479,0.00865979381443299,naive_region_4D,0.1856194141682029,True
snv_table,GCF_028395165.1,GCF_028395285.1,close_recombination,1,1,3.610108303249098e-05,0.9661334395594412,recombined,0.0003634051058417371,0.0002935195085644799,0.0003284623072031085,6.389416120121023e-05,84.0,9700.0,71.0,44167.0,0.00865979381443299,0.0016075350374714153,0.00865979381443299,naive_region_4D,0.18563202218419914,True
snv_table,GCF_028395175.1,GCF_028395215.1,close_recombination,1,1,7.220216606498195e-06,0.9661427603879372,recombined,0.00030722180716245747,0.000293257179564164,0.00030023949336331076,6.008446373489533e-05,84.0,9700.0,71.0,44175.0,0.00865979381443299,0.0016072439162422186,0.00865979381443299,naive_region_4D,0.18559840461368474,True
snv_table,GCF_028395175.1,GCF_028395235.1,close_recombination,2,2,1.0830324909747291e-05,0.9645008643419652,recombined,0.0003212907506679006,0.0003282753322041593,0.00032478304143602994,6.911800170841669e-05,90.0,10235.0,73.0,46236.0,0.008793356130923302,0.0015788563024483086,0.008793356130923302,naive_region_4D,0.17955104728398266,True
snv_table,GCF_028395175.1,GCF_028395285.1,close_recombination,1,1,7.220216606498195e-06,0.9661407428092712,recombined,0.0002932141859815694,0.00030717676626640605,0.00030019547612398774,6.308015911219182e-05,84.0,9700.0,71.0,44175.0,0.00865979381443299,0.0016072439162422186,0.00865979381443299,naive_region_4D,0.18559840461368474,True
snv_table,GCF_028395205.1,GCF_028395215.1,close_recombination,1,1,2.888086642599278e-05,0.9661629985476484,recombined,0.00032119316277510893,0.00032119316277510893,0.00032119316277510893,6.008581756894284e-05,84.0,9700.0,71.0,44167.0,0.00865979381443299,0.0016075350374714153,0.00865979381443299,naive_region_4D,0.18563202218419914,True
snv_table,GCF_028395205.1,GCF_028395235.1,close_recombination,1,1,4.332129963898917e-05,0.9660926384460378,recombined,0.0003073280272683777,0.0003841600340854721,0.0003457440306769249,6.911955955814571e-05,84.0,9710.0,71.0,44214.0,0.008650875386199793,0.0016058262088931108,0.008650875386199793,naive_region_4D,0.1856258629565727,True
snv_table,GCF_028395205.1,GCF_028395285.1,close_recombination,1,1,2.1660649819494583e-05,0.9661641798339629,recombined,0.00030023530068914474,0.0003281641658695303,0.0003141997332793375,6.308840262417712e-05,84.0,9700.0,71.0,44167.0,0.00865979381443299,0.0016075350374714153,0.00865979381443299,naive_region_4D,0.18563202218419914,True
snv_table,GCF_028395745.1,GCF_028395765.1,close_recombination,1,1,0.0,0.999804329899789,recombined,6.9882178646801495e-06,6.9882178646801495e-06,6.9882178646801495e-06,1.5039595495039565e-06,2.0,60.0,0.0,203.0,0.03333333333333333,0.0,0.03333333333333333,naive_region_4D,0.0,False
snv_table,GCF_028395745.1,GCF_028395805.1,close_recombination,1,1,1.3986013986013986e-05,0.999741126589098,recombined,5.597262938423111e-05,3.4982893365144446e-05,4.5477761374687776e-05,5.27207682169083e-06,9.0,80.0,3.0,365.0,0.1125,0.00821917808219178,0.1125,naive_region_4D,0.0730593607305936,True
snv_table,GCF_028395765.1,GCF_028395805.1,close_recombination,1,1,6.993006993006993e-06,0.999727108610773,recombined,2.7988860433547447e-05,4.8980505758708034e-05,3.8484683096127744e-05,5.272541432760409e-06,9.0,80.0,3.0,363.0,0.1125,0.008264462809917356,0.1125,naive_region_4D,0.07346189164370982,True
snv_table,GCF_028395805.1,GCF_028395835.1,close_recombination,1,1,1.3986013986013986e-05,0.9997306345480432,recombined,6.296854721066827e-05,2.7986020982519232e-05,4.547728409659375e-05,9.790889201025784e-06,9.0,80.0,3.0,359.0,0.1125,0.008356545961002786,0.1125,naive_region_4D,0.07428040854224699,True
snv_table,GCF_028395955.1,GCF_047310225.1,close_recombination,6,6,4.104477611940299e-05,0.9435783274274564,recombined,0.0006199409647126785,0.0007185679363715137,0.0006692544505420961,9.550331002345137e-05,179.0,16020.0,76.0,73443.0,0.011173533083645442,0.001034816115899405,0.011173533083645442,naive_region_4D,0.09261315182518697,True
snv_table,GCF_028396005.1,GCF_047310225.1,close_recombination,6,6,4.104477611940299e-05,0.9436627159537184,recombined,0.000655125653804836,0.0006833031012803128,0.0006692143775425744,9.549701268670234e-05,179.0,16000.0,76.0,73295.0,0.0111875,0.0010369056552288697,0.0111875,naive_region_4D,0.09268430437799953,True
snv_table,GCF_028396085.1,GCF_028396095.1,close_recombination,3,3,1.0714285714285714e-05,0.9844366065671388,recombined,0.0007610805935019221,0.0006060456577885676,0.0006835631256452448,5.8383312987633356e-05,191.0,4420.0,74.0,20443.0,0.04321266968325792,0.003619820965611701,0.04321266968325792,naive_region_4D,0.08376758464923413,True
snv_table,GCF_028396085.1,GCF_028396185.1,close_recombination,3,3,1.4285714285714284e-05,0.9843619543505756,recombined,0.0007398039167333078,0.0006623006492660088,0.0007010522829996583,6.443596921931654e-05,195.0,4492.0,81.0,20743.0,0.043410507569011575,0.0039049317842163624,0.043410507569011575,naive_region_4D,0.0899536080753841,True
snv_table,GCF_028396085.1,GCF_030541685.1,close_recombination,43,43,0.0001283422459893,0.658509000327669,recombined,0.005341357113412232,0.005207470853313509,0.005274413983362871,0.0006323580814832058,1470.0,97338.0,742.0,451534.0,0.015102015656783579,0.0016432871057329016,0.015102015656783579,naive_region_4D,0.10881243557675455,True
snv_table,GCF_028396085.1,GCF_030546205.1,close_recombination,43,43,0.0001329787234042,0.6599528529597277,recombined,0.005088215706518484,0.005468774775981085,0.005278495241249784,0.0006308947330905804,1471.0,96944.0,744.0,450062.0,0.015173708532761182,0.0016531055721211744,0.015173708532761182,naive_region_4D,0.10894538856812722,True
snv_table,GCF_028396085.1,GCF_040921925.1,close_recombination,41,41,0.0001909547738693,0.7047447988953531,recombined,0.004799108331351453,0.004855902512787565,0.004827505422069509,0.0005616432075558204,1319.0,83670.0,623.0,388172.0,0.015764312178797656,0.0016049586265882135,0.015764312178797656,naive_region_4D,0.1018096196259559,True
snv_table,GCF_028396085.1,GCF_040921935.1,close_recombination,41,41,0.0001658291457286,0.7009139748912648,recombined,0.0049102780727158565,0.00474095813917393,0.004825618105944894,0.0005556930448790457,1333.0,85272.0,631.0,396277.0,0.01563232948681865,0.0015923205232703387,0.01563232948681865,naive_region_4D,0.1018607319282133,True
snv_table,GCF_028396085.1,GCF_047307925.1,close_recombination,43,43,0.0001223404255319,0.6615721370588256,recombined,0.005054581728074783,0.0054846089043824,0.005269595316228591,0.0006356430386467933,1471.0,96424.0,742.0,447485.0,0.015255538040321912,0.0016581561393119323,0.015255538040321912,naive_region_4D,0.10869207857036965,True
snv_table,GCF_028396085.1,GCF_047308905.1,close_recombination,37,37,0.0001291866028708,0.7399495392171127,recombined,0.006557772628396433,0.006905533298084123,0.006731652963240278,0.0006897821342607835,1869.0,73525.0,813.0,337290.0,0.02541992519551173,0.002410388686293694,0.02541992519551173,naive_region_4D,0.0948228080041433,True
snv_table,GCF_028396085.1,GCF_047638235.1,close_recombination,42,42,0.0001581632653061,0.6937616082158855,recombined,0.005117306858671403,0.004729632096650843,0.004923469477661123,0.0005794951262487779,1359.0,87310.0,648.0,405463.0,0.015565227350818922,0.0015981729528958253,0.015565227350818922,naive_region_4D,0.10267585027029764,True
snv_table,GCF_028396085.1,GCF_051065055.1,close_recombination,6,6,4.744525547445256e-05,0.9652875669579928,recombined,0.0008739780095855653,0.0009233154778686214,0.0008986467437270933,0.00012360320792031157,241.0,9907.0,111.0,46974.0,0.024326233975976583,0.0023630093243070635,0.024326233975976583,naive_region_4D,0.09713831276311236,True
snv_table,GCF_028396095.1,GCF_028396185.1,close_recombination,1,1,1.7605633802816902e-05,0.99985906063916,recombined,3.523484020999965e-05,4.228180825199958e-05,3.875832423099961e-05,7.582242690907602e-06,6.0,157.0,9.0,648.0,0.03821656050955414,0.013888888888888888,0.03821656050955414,naive_region_4D,0.36342592592592593,True
snv_table,GCF_028396095.1,GCF_030541685.1,close_recombination,40,40,0.0001641025641025,0.6873632163410878,recombined,0.004680159717498793,0.004609675384403932,0.004644917550951362,0.0005771648992729694,1280.0,89068.0,659.0,412973.0,0.014371042349665424,0.0015957459688647926,0.014371042349665424,naive_region_4D,0.11103898590222605,True
snv_table,GCF_028396095.1,GCF_030546205.1,close_recombination,41,41,0.0001502590673575,0.684968684024094,recombined,0.004335244835595532,0.005004916802069639,0.004670080818832585,0.0005772134923843469,1288.0,89694.0,663.0,416060.0,0.014359934889736215,0.0015935201653607652,0.014359934889736215,naive_region_4D,0.11096987399989788,True
snv_table,GCF_028396095.1,GCF_040921925.1,close_recombination,39,39,0.0001881188118811,0.7199946030585036,recombined,0.004061908599955262,0.004353059391210797,0.00420748399558303,0.0005067776736535231,1141.0,79268.0,550.0,367489.0,0.014394206993995054,0.001496643436946412,0.014394206993995054,naive_region_4D,0.10397540049068202,True
snv_table,GCF_028396095.1,GCF_040921935.1,close_recombination,39,39,0.0001773399014778,0.7182803893963933,recombined,0.004100023640411696,0.004339956177027871,0.004219989908719784,0.0005034524078010064,1153.0,80195.0,558.0,372224.0,0.01437745495355072,0.0014990973177441541,0.01437745495355072,naive_region_4D,0.10426722410797262,True
snv_table,GCF_028396095.1,GCF_047307925.1,close_recombination,40,40,0.0001897435897435,0.686688620769898,recombined,0.004647030202170495,0.004682288397938101,0.004664659300054297,0.0005827218421294234,1282.0,89209.0,658.0,413549.0,0.014370747346119785,0.0015911052861934136,0.014370747346119785,naive_region_4D,0.11071833968488942,True
snv_table,GCF_028396095.1,GCF_047308905.1,close_recombination,34,34,0.0001408450704225,0.7547076049338894,recombined,0.006169136569349543,0.005984559410772917,0.00607684799006123,0.0006357381095196433,1681.0,69255.0,741.0,317453.0,0.024272615695617644,0.0023342038033976682,0.024272615695617644,naive_region_4D,0.09616614182290632,True
snv_table,GCF_028396095.1,GCF_047638235.1,close_recombination,39,39,0.000195,0.7043018144258666,recombined,0.00447701738986361,0.004173849283148436,0.004325433336506023,0.0005273021099671479,1185.0,84099.0,592.0,390319.0,0.014090536153818714,0.0015167081284795257,0.014090536153818714,naive_region_4D,0.10764019991307985,True
snv_table,GCF_028396095.1,GCF_051065055.1,close_recombination,3,3,5.39568345323741e-05,0.981803568784766,recombined,0.00023970502182020712,0.0002679056126225844,0.0002538053172213958,6.978457047976134e-05,52.0,5180.0,39.0,24794.0,0.010038610038610039,0.0015729612002903929,0.010038610038610039,naive_region_4D,0.1566911349520045,True
snv_table,GCF_028396185.1,GCF_030541685.1,close_recombination,42,42,0.0001589743589743,0.6854706576698789,recombined,0.004503091911699935,0.004820211060411198,0.004661651486055567,0.0005846246004875663,1290.0,89744.0,674.0,416195.0,0.014374220003565698,0.0016194331983805667,0.014374220003565698,naive_region_4D,0.11266233562439192,True
snv_table,GCF_028396185.1,GCF_030546205.1,close_recombination,41,41,0.0001701030927835,0.6868822130208793,recombined,0.004750242269403577,0.004595189851114439,0.004672716060259008,0.0005846738111632507,1288.0,89222.0,668.0,413516.0,0.014435901459281343,0.0016154151229940317,0.014435901459281343,naive_region_4D,0.11190261498740178,True
snv_table,GCF_028396185.1,GCF_040921925.1,close_recombination,40,40,0.0001831683168316,0.7182640118988879,recombined,0.00440883613115755,0.004053857376636008,0.00423134675389678,0.0005142916530388294,1150.0,79869.0,559.0,369918.0,0.014398577670936158,0.0015111457133743153,0.014398577670936158,naive_region_4D,0.10495104085347234,True
snv_table,GCF_028396185.1,GCF_040921935.1,close_recombination,39,39,0.0001584158415841,0.7167299307152836,recombined,0.004035728900616648,0.004409668816233225,0.004222698858424937,0.0005063798547365496,1156.0,80700.0,559.0,374317.0,0.01432465923172243,0.0014933866214999587,0.01432465923172243,naive_region_4D,0.10425285497841406,True
snv_table,GCF_028396185.1,GCF_047307925.1,close_recombination,41,41,0.0001701030927835,0.6831385101312766,recombined,0.004575642634554915,0.00474484975817482,0.004660246196364867,0.0005848733988047646,1288.0,90205.0,667.0,418564.0,0.014278587661437836,0.0015935436396823425,0.014278587661437836,naive_region_4D,0.11160372982728704,True
snv_table,GCF_028396185.1,GCF_047308905.1,close_recombination,34,34,0.0001408450704225,0.7553437268213742,recombined,0.005834359551279549,0.006324105061058489,0.006079232306169019,0.0006356016366742144,1682.0,69131.0,742.0,316852.0,0.024330618680476198,0.0023417873328872786,0.024330618680476198,naive_region_4D,0.09624857319252703,True
snv_table,GCF_028396185.1,GCF_047638235.1,close_recombination,41,41,0.0001691542288557,0.7089661395093101,recombined,0.004335214275895856,0.004363410791511439,0.004349312533703647,0.000534780046104867,1193.0,82937.0,585.0,384202.0,0.014384412264731061,0.001522636529742167,0.014384412264731061,naive_region_4D,0.10585323207646781,True
snv_table,GCF_028396185.1,GCF_051065055.1,close_recombination,4,4,5.7347670250896056e-05,0.9811302135098366,recombined,0.00024670994664016297,0.0003101496472047763,0.00027842979692246965,7.659569304693117e-05,63.0,5365.0,49.0,25551.0,0.01174277726001864,0.001917733161128723,0.01174277726001864,naive_region_4D,0.1633117207850095,True
snv_table,GCF_028396205.1,GCF_039760295.1,close_recombination,18,18,0.0001785714285714,0.683579319642138,recombined,0.004012815799149115,0.003816727068998722,0.003914771434073918,0.0005272930657195479,1081.0,90480.0,591.0,418166.0,0.011947391688770998,0.0014133143297159502,0.011947391688770998,naive_region_4D,0.11829480162136835,True
snv_table,GCF_028396205.1,GCF_039760315.1,close_recombination,18,18,0.0001692307692307,0.6829553531724774,recombined,0.003970629943591844,0.003865586823391002,0.0039181083834914235,0.0005287661595683702,1081.0,90663.0,592.0,418920.0,0.011923276308968377,0.0014131576434641459,0.011923276308968377,naive_region_4D,0.1185209171409712,True
snv_table,GCF_028396205.1,GCF_039760335.1,close_recombination,18,18,0.000188775510204,0.6844809003233437,recombined,0.004031298554051595,0.003821335087694741,0.003926316820873168,0.000538298630011165,1083.0,90283.0,600.0,417090.0,0.01199561379218679,0.001438538444939941,0.01199561379218679,naive_region_4D,0.11992203732641984,True
snv_table,GCF_028396205.1,GCF_040095755.1,close_recombination,10,10,6.694560669456067e-05,0.837314699836536,recombined,0.003683202491949572,0.003676186868155382,0.003679694680052477,0.0005191923841721787,1033.0,46559.0,633.0,214040.0,0.022186902639661506,0.0029573911418426463,0.022186902639661506,naive_region_4D,0.13329445708911108,True
snv_table,GCF_028396205.1,GCF_040097405.1,close_recombination,14,14,7.692307692307693e-05,0.8251859442079041,recombined,0.0038513859689415756,0.003801918626221225,0.0038266522975814003,0.0005687481989006736,1065.0,49825.0,685.0,228450.0,0.021374811841445056,0.0029984679360910483,0.021374811841445056,naive_region_4D,0.14028043654059763,True
snv_table,GCF_028396205.1,GCF_040098345.1,close_recombination,18,18,0.0001519607843137,0.7153304128538509,recombined,0.004959437135451558,0.005282116213571461,0.00512077667451151,0.0005509093022167685,1429.0,81259.0,610.0,374101.0,0.01758574434831834,0.001630575700145148,0.01758574434831834,naive_region_4D,0.09272144913792484,True
snv_table,GCF_028396285.1,GCF_039760295.1,close_recombination,18,18,0.0001836734693877,0.683512928770979,recombined,0.003752949496222544,0.004096036297183188,0.0039244928967028655,0.0005264323252041338,1083.0,90518.0,592.0,418362.0,0.011964471154908417,0.0014150424751769998,0.011964471154908417,naive_region_4D,0.11827037374706524,True
snv_table,GCF_028396285.1,GCF_039760315.1,close_recombination,18,18,0.0001692307692307,0.6828875507631984,recombined,0.0037739812351211314,0.0040750595154740235,0.003924520375297578,0.0005279405573576161,1083.0,90687.0,593.0,418996.0,0.011942174732872407,0.0014152879741095381,0.011942174732872407,naive_region_4D,0.11851174562148817,True
snv_table,GCF_028396285.1,GCF_039760335.1,close_recombination,18,18,0.000188775510204,0.6845383915447609,recombined,0.003926646601805838,0.003926646601805838,0.003926646601805838,0.0005360868520934869,1083.0,90261.0,599.0,416988.0,0.011998537574367666,0.001436492177232918,0.011998537574367666,naive_region_4D,0.11972227184600223,True
snv_table,GCF_028396285.1,GCF_040095755.1,close_recombination,10,10,6.694560669456067e-05,0.8373404602321153,recombined,0.0035564347267963677,0.0038019479722359592,0.0036791913495161635,0.0005176143561775312,1033.0,46557.0,633.0,214036.0,0.022187855746719075,0.0029574464108841503,0.022187855746719075,naive_region_4D,0.13329122221832854,True
snv_table,GCF_028396285.1,GCF_040097405.1,close_recombination,14,14,8.119658119658119e-05,0.8264997155848882,recombined,0.0040065433141250086,0.0036532326162303868,0.0038298879651776974,0.000567190823977726,1065.0,49578.0,688.0,227575.0,0.021481302190487717,0.003023179171701637,0.021481302190487717,naive_region_4D,0.14073537744096126,True
snv_table,GCF_028396285.1,GCF_040098345.1,close_recombination,19,19,0.0001379310344827,0.7090479981203337,recombined,0.005014781330986089,0.005232205416665205,0.005123493373825647,0.0005493236829436505,1433.0,83081.0,617.0,382299.0,0.017248227633273553,0.0016139199945592324,0.017248227633273553,naive_region_4D,0.09357019334820348,True
snv_table,GCF_029076805.1,GCF_036419465.1,close_recombination,1,1,0.0,0.9997826635631958,recombined,7.010852800134609e-06,2.8043411200538435e-05,1.752713200033652e-05,2.2627147599146506e-06,5.0,113.0,2.0,519.0,0.04424778761061947,0.0038535645472061657,0.04424778761061947,naive_region_4D,0.08709055876685934,True
snv_table,GCF_030541685.1,GCF_030546205.1,close_recombination,1,1,7.017543859649123e-06,0.9995080296587834,recombined,2.811259092666128e-05,2.1084443194995958e-05,2.459851706082862e-05,1.5122233009415103e-06,5.0,140.0,1.0,573.0,0.03571428571428571,0.0017452006980802793,0.03571428571428571,naive_region_4D,0.048865619546247824,True
snv_table,GCF_030541685.1,GCF_040921925.1,close_recombination,7,7,7.089552238805971e-05,0.9499075903384104,recombined,0.0008993124154681735,0.0008922312153463769,0.0008957718154072752,0.00013946650631829,231.0,14258.0,138.0,65588.0,0.016201430775704868,0.0021040434225773007,0.016201430775704868,naive_region_4D,0.12986775376236864,True
snv_table,GCF_030541685.1,GCF_040921935.1,close_recombination,9,9,5.204460966542751e-05,0.943418798005707,recombined,0.0008866651888913518,0.0009077762648173365,0.0008972207268543441,0.00013476731816822445,240.0,16224.0,143.0,74090.0,0.014792899408284023,0.0019300850317181806,0.014792899408284023,naive_region_4D,0.13047374814414903,True
snv_table,GCF_030541685.1,GCF_047308905.1,close_recombination,39,39,0.0001527093596059,0.7200758943426148,recombined,0.007143413404696671,0.007051377354883928,0.007097395379790299,0.0007162586913039337,1971.0,79410.0,848.0,365439.0,0.02482055156781262,0.002320496717646447,0.02482055156781262,naive_region_4D,0.09349094081598394,True
snv_table,GCF_030541685.1,GCF_047638235.1,close_recombination,12,12,7.518796992481203e-05,0.939062417419798,recombined,0.00102179236474464,0.0011274950231664994,0.0010746436939555696,0.00018425618130201636,280.0,17463.0,196.0,79370.0,0.016033900246234897,0.0024694468942925538,0.016033900246234897,naive_region_4D,0.15401411112511024,True
snv_table,GCF_030541685.1,GCF_051065055.1,close_recombination,38,38,0.0001624365482233,0.6896539600165953,recombined,0.004612928858229789,0.004556673628251376,0.0045848012432405825,0.0005621377880672447,1266.0,88562.0,637.0,409724.0,0.014295070120367652,0.0015547051185676212,0.014295070120367652,naive_region_4D,0.10875813168292707,True
snv_table,GCF_030546205.1,GCF_040921925.1,close_recombination,7,7,8.582089552238806e-05,0.9499309514535604,recombined,0.0009135653836620516,0.000906483481463121,0.0009100244325625863,0.0001387145430003651,231.0,14253.0,138.0,65561.0,0.016207114291728057,0.002104909931209103,0.016207114291728057,naive_region_4D,0.12987567640486297,True
snv_table,GCF_030546205.1,GCF_040921935.1,close_recombination,8,8,5.5762081784386615e-05,0.9468546675909536,recombined,0.0008656393943339327,0.0009219411435589039,0.0008937902689464183,0.00013326276464205696,236.0,15244.0,141.0,69692.0,0.015481500918394122,0.0020231877403432243,0.015481500918394122,naive_region_4D,0.13068421149911913,True
snv_table,GCF_030546205.1,GCF_047308905.1,close_recombination,40,40,0.0001243781094527,0.7131705002885395,recombined,0.006698364706840333,0.007512647942872721,0.007105506324856527,0.0007155779568458482,1979.0,81409.0,851.0,374267.0,0.024309351545897875,0.002273777811027956,0.024309351545897875,naive_region_4D,0.09353510753813787,True
snv_table,GCF_030546205.1,GCF_047638235.1,close_recombination,12,12,8.646616541353383e-05,0.938985499585954,recombined,0.0011276142149866976,0.0010289479711753616,0.0010782810930810296,0.00018275505135720272,280.0,17476.0,196.0,79429.0,0.01602197299153124,0.0024676125848241827,0.01602197299153124,naive_region_4D,0.15401427690138364,True
snv_table,GCF_030546205.1,GCF_051065055.1,close_recombination,41,41,0.0001616161616161,0.6952742310383752,recombined,0.004472935574958594,0.004705021854791351,0.004588978714874972,0.0005606878376139062,1271.0,87002.0,634.0,402331.0,0.014608859566446749,0.0015758169268587307,0.014608859566446749,naive_region_4D,0.10786721028368472,True
snv_table,GCF_039760255.1,GCF_040928345.1,close_recombination,12,12,9.195402298850576e-05,0.9289860756318256,recombined,0.0014344819788784896,0.0014274155651894328,0.001430948772033961,0.00017345182831920614,374.0,20169.0,162.0,91148.0,0.01854330903862363,0.001777329178917804,0.01854330903862363,naive_region_4D,0.09584746580105132,True
snv_table,GCF_039760255.1,GCF_040928365.1,close_recombination,14,14,0.0001022727272727,0.9340665158418952,recombined,0.0016588371904239212,0.0015882483738101374,0.0016235427821170293,0.0001877115079313812,428.0,18755.0,186.0,85076.0,0.02282058117835244,0.002186280502139264,0.02282058117835244,naive_region_4D,0.09580301592902311,True
snv_table,GCF_039760295.1,GCF_039760315.1,close_recombination,1,1,2.0905923344947736e-05,0.9996996430641996,recombined,1.397009003723029e-05,4.889531513030602e-05,3.1432702583768155e-05,1.3522172983149118e-05,3.0,90.0,7.0,352.0,0.03333333333333333,0.019886363636363636,0.03333333333333333,naive_region_4D,0.5965909090909091,True
snv_table,GCF_039760295.1,GCF_040098345.1,close_recombination,15,15,0.0001255605381165,0.7808947233812962,recombined,0.0046666596596701805,0.0046666596596701805,0.0046666596596701805,0.0005012127086439219,1303.0,62635.0,557.0,287437.0,0.02080306537878183,0.0019378159387970233,0.02080306537878183,naive_region_4D,0.0931504998668853,True
snv_table,GCF_039760315.1,GCF_040098345.1,close_recombination,15,15,0.000134529147982,0.7809160786731784,recombined,0.004715626029134581,0.0046315435442168765,0.004673584786675729,0.0005027023075317166,1303.0,62627.0,558.0,287362.0,0.02080572277132866,0.0019418016299997912,0.02080572277132866,naive_region_4D,0.093330169364541,True
snv_table,GCF_039760335.1,GCF_040098345.1,close_recombination,15,15,0.0001300448430493,0.7789819537073362,recombined,0.004798800650114891,0.004511573165947431,0.004655186908031161,0.0005079221537707944,1299.0,63196.0,563.0,289883.0,0.020555098423950882,0.0019421628726072242,0.020555098423950882,naive_region_4D,0.09448570045980458,True
snv_table,GCF_040095755.1,GCF_040097405.1,close_recombination,11,11,7.434944237918216e-05,0.9470884727576708,recombined,0.0012274656009819726,0.0012133568009706855,0.001220411200976329,0.00020489688374606142,326.0,15268.0,212.0,69267.0,0.021351847000261985,0.0030606204974951996,0.021351847000261985,naive_region_4D,0.14334218943483654,True
snv_table,GCF_040095755.1,GCF_040098345.1,close_recombination,20,20,0.0001111111111111,0.630496526107731,recombined,0.0073866289377508,0.007695575395223266,0.007541102166487033,0.0008897684185083917,2128.0,105498.0,1076.0,487003.0,0.020170998502341275,0.0022094319747516956,0.020170998502341275,naive_region_4D,0.10953508198888834,True
snv_table,GCF_040097525.1,GCF_964246425.1,close_recombination,14,14,0.0001428571428571,0.68245733549931,recombined,0.003975615294590298,0.004164264877989135,0.004069940086289717,0.0005981607308983082,1136.0,91089.0,702.0,424286.0,0.01247131925918607,0.0016545443403741815,0.01247131925918607,naive_region_4D,0.13266794843340127,True
snv_table,GCF_040097525.1,GCF_964251715.1,close_recombination,14,14,0.0001428571428571,0.6829045016841134,recombined,0.004039077021984319,0.004067029112101857,0.004053053067043088,0.0005929517649896929,1131.0,90949.0,694.0,423718.0,0.012435540797589859,0.001637881798743504,0.012435540797589859,naive_region_4D,0.1317097362634155,True
snv_table,GCF_040911805.1,GCF_040911865.1,close_recombination,1,1,4.609929078014184e-05,0.9982784637946058,recombined,0.00011335217813294794,7.084511133309246e-05,9.20986447330202e-05,3.1249261640921594e-05,9.0,490.0,5.0,2261.0,0.018367346938775512,0.0022114108801415304,0.018367346938775512,naive_region_4D,0.12039903680770553,True
snv_table,GCF_040911805.1,GCF_040911905.1,close_recombination,1,1,4.946996466431095e-05,0.9982735319714992,recombined,8.490826369676429e-05,0.00011321101826235239,9.905964097955833e-05,3.121055860810044e-05,9.0,490.0,5.0,2261.0,0.018367346938775512,0.0022114108801415304,0.018367346938775512,naive_region_4D,0.12039903680770553,True
snv_table,GCF_040911985.1,GCF_047307725.1,close_recombination,39,39,0.000130890052356,0.6697100080456151,recombined,0.0038409067058453143,0.0035750515968797007,0.0037079791513625073,0.000524684248482029,1032.0,94629.0,592.0,435262.0,0.010905747709475954,0.0013601003533503958,0.010905747709475954,naive_region_4D,0.12471408559805677,True
snv_table,GCF_040918225.1,GCF_047948285.1,close_recombination,34,34,7.174887892376682e-05,0.7829197800648526,recombined,0.002749189341604399,0.0027209925278443535,0.002735090934724376,0.0004005237151001992,760.0,61915.0,462.0,284099.0,0.012274892998465639,0.0016261936860038227,0.012274892998465639,naive_region_4D,0.13248129219595614,True
snv_table,GCF_040921925.1,GCF_047307925.1,close_recombination,7,7,7.835820895522388e-05,0.9499672351805608,recombined,0.0008713670899527124,0.000935125657510228,0.0009032463737314702,0.00014409683307182428,231.0,14248.0,137.0,65529.0,0.016212801796743403,0.002090677410001679,0.016212801796743403,naive_region_4D,0.12895225860477888,True
snv_table,GCF_040921925.1,GCF_047308905.1,close_recombination,38,38,0.0001449275362318,0.740019821322895,recombined,0.006951722957797694,0.006887553207418023,0.006919638082607859,0.0006916361916868553,1908.0,73186.0,804.0,335775.0,0.026070559943158527,0.002394460576278758,0.026070559943158527,naive_region_4D,0.0918453835091914,True
snv_table,GCF_040921925.1,GCF_047638235.1,close_recombination,7,7,8e-05,0.9771500175714484,recombined,0.0006247626079579137,0.0005466672819631745,0.0005857149449605441,0.00010927951177276587,139.0,6481.0,81.0,28805.0,0.021447307514272488,0.002812011803506336,0.021447307514272488,naive_region_4D,0.131112579126076,True
snv_table,GCF_040921925.1,GCF_051065055.1,close_recombination,37,37,0.0001773399014778,0.7183416400109103,recombined,0.0041019755369230936,0.004179905987538213,0.004140940762230653,0.0004910452859652547,1132.0,79831.0,531.0,369173.0,0.014179955155265498,0.0014383500418502979,0.014179955155265498,naive_region_4D,0.10143544363158227,True
snv_table,GCF_040921935.1,GCF_047307925.1,close_recombination,8,8,5.5762081784386615e-05,0.9468294742768668,recombined,0.0009008374973608277,0.0008867619114645648,0.0008937997044126962,0.0001385725362863166,236.0,15244.0,140.0,69722.0,0.015481500918394122,0.0020079745274088523,0.015481500918394122,naive_region_4D,0.12970154108398538,True
snv_table,GCF_040921935.1,GCF_047308905.1,close_recombination,38,38,0.0001298076923076,0.7382645450905779,recombined,0.007015231555787035,0.006809734873849838,0.006912483214818437,0.000686460108277641,1921.0,74187.0,808.0,340348.0,0.025894024559558953,0.002374040687766639,0.025894024559558953,naive_region_4D,0.09168295497310965,True
snv_table,GCF_040921935.1,GCF_047638235.1,close_recombination,8,8,7.581227436823104e-05,0.9769295893890222,recombined,0.0005432482009312827,0.0006137999153379428,0.0005785240581346126,0.00010400668679487072,143.0,6586.0,81.0,29179.0,0.02171272395991497,0.002775969018814901,0.02171272395991497,naive_region_4D,0.127849873831573,True
snv_table,GCF_040921935.1,GCF_051065055.1,close_recombination,37,37,0.0001699029126213,0.7220980374900995,recombined,0.004167913403150577,0.004111590249053947,0.004139751826102262,0.00048707582551019867,1137.0,79227.0,529.0,366446.0,0.01435116816236889,0.001443596055080421,0.01435116816236889,naive_region_4D,0.10059083962696264,True
snv_table,GCF_040922025.1,GCF_040922045.1,close_recombination,1,1,1.048951048951049e-05,0.9998912704174864,recombined,4.910368242544132e-05,1.4029623550126091e-05,3.1566652987783707e-05,3.7732374830392975e-06,6.0,40.0,4.0,178.0,0.15,0.02247191011235955,0.15,naive_region_4D,0.149812734082397,True
snv_table,GCF_040922025.1,GCF_040922065.1,close_recombination,1,1,3.496503496503497e-06,0.9998912742309406,recombined,1.4029131491542187e-05,3.507282872885547e-05,2.455098011019883e-05,4.527140205532166e-06,6.0,40.0,4.0,178.0,0.15,0.02247191011235955,0.15,naive_region_4D,0.149812734082397,True
snv_table,GCF_040928345.1,GCF_040928365.1,close_recombination,1,1,2.7972027972027973e-05,0.9995441795231416,recombined,4.2075736325385694e-05,8.415147265077139e-05,6.311360448807855e-05,2.9430941427898722e-05,9.0,130.0,13.0,512.0,0.06923076923076923,0.025390625,0.06923076923076923,naive_region_4D,0.3667534722222222,True
snv_table,GCF_040928465.1,GCF_040928505.1,close_recombination,1,1,3.202846975088968e-05,0.99953329461935,recombined,4.9876910909149205e-05,6.412745688319183e-05,5.700218389617052e-05,2.6844711016685906e-05,7.0,155.0,11.0,652.0,0.04516129032258064,0.01687116564417178,0.04516129032258064,naive_region_4D,0.3735758106923751,True
snv_table,GCF_040928465.1,GCF_047307425.1,close_recombination,7,7,9.777777777777778e-05,0.7943328795098706,recombined,0.002425119128658952,0.0021769344225096438,0.0023010267755842976,0.00029983108752473797,626.0,58088.0,320.0,270601.0,0.010776752513427903,0.001182552910004028,0.010776752513427903,naive_region_4D,0.10973184255002232,True
snv_table,GCF_040928465.1,GCF_047310325.1,close_recombination,14,14,9.170305676855896e-05,0.8108692416198247,recombined,0.0021619399335114867,0.0022186465547183454,0.002190293244114916,0.0003446845373906465,596.0,53485.0,355.0,245062.0,0.011143311208750117,0.0014486130040561164,0.011143311208750117,naive_region_4D,0.1299984337616466,True
snv_table,GCF_040928505.1,GCF_047307425.1,close_recombination,8,8,0.0001255605381165,0.791793242709042,recombined,0.0022863817830216567,0.00233624057579783,0.002311311179409743,0.00031898097845881577,620.0,58543.0,326.0,272560.0,0.010590506123703944,0.0011960669210449076,0.010590506123703944,naive_region_4D,0.11293765444956778,True
snv_table,GCF_040928505.1,GCF_047310325.1,close_recombination,15,15,0.0001385281385281,0.8190103239587042,recombined,0.0023282306870772516,0.0020647917408330367,0.0021965112139551443,0.00035868583030021544,584.0,50946.0,349.0,233385.0,0.011463117811015585,0.0014953831651562867,0.011463117811015585,naive_region_4D,0.13045169645899346,True
snv_table,GCF_047307265.1,GCF_047310325.1,close_recombination,35,35,8.743169398907104e-05,0.6427843564426017,recombined,0.00294458694964686,0.002972697564917952,0.0029586422572824064,0.0004429852975749957,825.0,102022.0,491.0,469748.0,0.00808649114896787,0.001045241278302409,0.00808649114896787,naive_region_4D,0.12925770387268892,True
snv_table,GCF_047307325.1,GCF_047310325.1,close_recombination,36,36,0.0001021505376344,0.6527017861974692,recombined,0.0031626553654448275,0.0027269117373168736,0.0029447835513808506,0.00044075843715979195,819.0,99206.0,488.0,456458.0,0.008255549059532689,0.0010691016479062697,0.008255549059532689,naive_region_4D,0.1295009744593277,True
snv_table,GCF_047307425.1,GCF_047310325.1,close_recombination,20,20,0.0001395348837209,0.7554808324745259,recombined,0.0032007428537260516,0.0029897048633704877,0.0030952238585482696,0.00042448322383280355,849.0,69702.0,472.0,324652.0,0.012180425238874065,0.0014538644456217734,0.012180425238874065,naive_region_4D,0.11936072978648864,True
snv_table,GCF_047307925.1,GCF_047308905.1,close_recombination,39,39,0.0001485148514851,0.7186273156260731,recombined,0.007207513372486132,0.006988031138156986,0.0070977722553215595,0.000718591712648662,1972.0,79856.0,849.0,367455.0,0.02469445001001803,0.0023104869984079683,0.02469445001001803,naive_region_4D,0.09356300697001356,True
snv_table,GCF_047307925.1,GCF_047638235.1,close_recombination,12,12,7.894736842105263e-05,0.9390884416087985,recombined,0.0011420917198350312,0.0010081426909654904,0.0010751172054002608,0.00018888420260523657,281.0,17461.0,196.0,79390.0,0.016093007273352042,0.0024688247890162487,0.016093007273352042,naive_region_4D,0.15340978519933351,True
snv_table,GCF_047307925.1,GCF_051065055.1,close_recombination,40,40,0.0001421319796954,0.6937087140957727,recombined,0.004692259530492652,0.004474178502838571,0.004583219016665611,0.0005661369854719259,1270.0,87411.0,636.0,404569.0,0.014529063847799477,0.0015720433350058952,0.014529063847799477,naive_region_4D,0.10819990547732307,True
snv_table,GCF_047308905.1,GCF_047638235.1,close_recombination,40,40,0.0001225490196078,0.7272430425662558,recombined,0.007212093033160721,0.007070122697862282,0.007141107865511502,0.0007411731625018338,1984.0,77089.0,872.0,353826.0,0.02573648639883771,0.0024644881947623975,0.02573648639883771,naive_region_4D,0.0957585334909468,True
snv_table,GCF_047308905.1,GCF_051065055.1,close_recombination,32,32,0.000125,0.7646846361949547,recombined,0.005708134445687738,0.006253452500672795,0.0059807934731802665,0.0006234732337148106,1661.0,66606.0,725.0,305000.0,0.024937693300903823,0.002377049180327869,0.024937693300903823,naive_region_4D,0.09531952902162434,True
snv_table,GCF_047309325.1,GCF_047311065.1,close_recombination,8,8,3.108808290155441e-05,0.6728227121757686,recombined,0.004030300596163182,0.0039883910579015195,0.004009345827032351,0.0005042462645571989,1142.0,93761.0,623.0,436582.0,0.012179904224570983,0.0014269942416315835,0.012179904224570983,naive_region_4D,0.11715972599791498,True
snv_table,GCF_047309325.1,GCF_964238845.1,close_recombination,1,1,5.755395683453237e-05,0.968795760407224,recombined,0.0003347046928387142,0.0002928666062338749,0.00031378564953629456,6.450925707839075e-05,72.0,8950.0,40.0,42210.0,0.008044692737430168,0.0009476427386875149,0.008044692737430168,naive_region_4D,0.11779725710073968,True
snv_table,GCF_047309505.1,GCF_964240005.1,close_recombination,29,29,9.45273631840796e-05,0.7079408944785968,recombined,0.003017314308273645,0.003094862105916192,0.0030560882070949187,0.0004087929156718614,848.0,83119.0,459.0,383359.0,0.010202240161695882,0.0011973111365586825,0.010202240161695882,naive_region_4D,0.11735767023540228,True
snv_table,GCF_047311065.1,GCF_964238335.1,close_recombination,10,10,2.0618556701030927e-05,0.6755666961084482,recombined,0.004126504236474527,0.0038960902943363557,0.004011297265405441,0.0004934644131040714,1145.0,93075.0,618.0,433675.0,0.012301907064195542,0.001425030264599066,0.012301907064195542,naive_region_4D,0.11583815884502888,True
snv_table,GCF_047311065.1,GCF_964238845.1,close_recombination,10,10,2.0618556701030927e-05,0.6755666961084482,recombined,0.004259166809220747,0.003819285646956965,0.004039226228088856,0.0004994731121981849,1153.0,93075.0,625.0,433675.0,0.012387859253290357,0.0014411713841009973,0.012387859253290357,naive_region_4D,0.11633740379462301,True
snv_table,GCF_047638235.1,GCF_051065055.1,close_recombination,42,42,0.0001576354679802,0.7160179630164896,recombined,0.00417351089554238,0.004610601563656616,0.004392056229599498,0.0005499915794392665,1208.0,80871.0,607.0,373985.0,0.014937369390758121,0.0016230597483856304,0.014937369390758121,naive_region_4D,0.10865766962888602,True
snv_table,GCF_047777885.1,GCF_048453055.1,close_recombination,4,4,0.0,0.8916869386064737,recombined,0.007190013329017933,0.007259616555823528,0.00722481494242073,0.0006946892949727103,2076.0,31300.0,927.0,146278.0,0.0663258785942492,0.006337248253325859,0.0663258785942492,naive_region_4D,0.0955471437038051,True
snv_table,GCF_964238335.1,GCF_964238845.1,close_recombination,2,2,0.0,0.9668885713289882,recombined,0.00029974556481126484,0.0002300372939249242,0.00026489142936809453,2.9990942735293942e-05,76.0,9500.0,35.0,44701.0,0.008,0.0007829802465269233,0.008,naive_region_4D,0.09787253081586542,True
snv_table,GCF_964242805.1,GCF_964245285.1,close_recombination,1,1,3.5087719298245615e-06,0.9951023263949624,recombined,0.00013993353157250307,0.00011894350183662761,0.00012943851670456534,1.580431548123012e-05,36.0,1406.0,19.0,6799.0,0.025604551920341393,0.00279452860714811,0.025604551920341393,naive_region_4D,0.1091418672680623,True
snv_table,GCF_964242805.1,GCF_964249125.1,close_recombination,1,1,0.0,0.999597810691241,recombined,0.0,2.7978386696277127e-05,1.3989193348138563e-05,3.7618903950662057e-06,4.0,120.0,2.0,546.0,0.03333333333333333,0.003663003663003663,0.03333333333333333,naive_region_4D,0.10989010989010989,False
snv_table,GCF_964242805.1,GCF_964250055.1,close_recombination,1,1,7.017543859649123e-06,0.9951298360518084,recombined,0.00014694460188508933,0.00011895515390697706,0.0001329498778960332,1.5052975182912465e-05,36.0,1406.0,19.0,6799.0,0.025604551920341393,0.00279452860714811,0.025604551920341393,naive_region_4D,0.1091418672680623,True
snv_table,GCF_964242805.1,GCF_964252495.1,close_recombination,2,2,3.5087719298245615e-06,0.9946821537277404,recombined,9.09631599202323e-05,0.00019592065213588496,0.00014344190602805863,1.7310530597868094e-05,40.0,1526.0,21.0,7345.0,0.02621231979030144,0.0028590878148400272,0.02621231979030144,naive_region_4D,0.10907420013614705,True
snv_table,GCF_964245285.1,GCF_964249125.1,close_recombination,2,2,3.5087719298245615e-06,0.9946825258002449,recombined,0.0001469302081511282,0.00013993353157250307,0.00014343186986181565,1.8062074835691562e-05,40.0,1526.0,21.0,7345.0,0.02621231979030144,0.0028590878148400272,0.02621231979030144,naive_region_4D,0.10907420013614705,True
snv_table,GCF_964245285.1,GCF_964252045.1,close_recombination,1,1,7.017543859649123e-06,0.9951298360518084,recombined,0.00013994723989056127,0.00012595251590150514,0.0001329498778960332,1.580574290378593e-05,36.0,1406.0,19.0,6799.0,0.025604551920341393,0.00279452860714811,0.025604551920341393,naive_region_4D,0.1091418672680623,True
snv_table,GCF_964245285.1,GCF_964252495.1,close_recombination,1,1,0.0,0.999615626528758,recombined,6.988608568034104e-06,2.0965825704102314e-05,1.3977217136068208e-05,3.0069920081669904e-06,4.0,110.0,2.0,498.0,0.03636363636363636,0.004016064257028112,0.03636363636363636,naive_region_4D,0.11044176706827309,True
snv_table,GCF_964249125.1,GCF_964250055.1,close_recombination,2,2,7.017543859649123e-06,0.9947099943321368,recombined,0.0001539419638796174,0.00013994723989056127,0.00014694460188508933,1.7310921460349333e-05,40.0,1526.0,21.0,7345.0,0.02621231979030144,0.0028590878148400272,0.02621231979030144,naive_region_4D,0.10907420013614705,True
snv_table,GCF_964249125.1,GCF_964252045.1,close_recombination,1,1,3.496503496503497e-06,0.9995801700311374,recombined,2.0991498443130533e-05,1.3994332295420355e-05,1.7492915369275442e-05,3.763158825623499e-06,4.0,120.0,2.0,546.0,0.03333333333333333,0.003663003663003663,0.03333333333333333,naive_region_4D,0.10989010989010989,True
snv_table,GCF_964249125.1,GCF_964252495.1,close_recombination,1,1,3.5087719298245615e-06,0.9951019836966029,recombined,0.00013294615680649338,0.0001259489906587832,0.00012944757373263828,1.6557898832743397e-05,36.0,1406.0,19.0,6799.0,0.025604551920341393,0.00279452860714811,0.025604551920341393,naive_region_4D,0.1091418672680623,True
snv_table,GCF_964250055.1,GCF_964252045.1,close_recombination,1,1,3.5087719298245615e-06,0.9951298360518084,recombined,0.00013994723989056127,0.00011895515390697706,0.00012945119689876917,1.5052975182912465e-05,36.0,1406.0,19.0,6799.0,0.025604551920341393,0.00279452860714811,0.025604551920341393,naive_region_4D,0.1091418672680623,True
snv_table,GCF_964250055.1,GCF_964252495.1,close_recombination,1,1,3.484320557491289e-06,0.999615626528758,recombined,2.0965825704102314e-05,1.3977217136068208e-05,1.747152142008526e-05,2.255227052500934e-06,4.0,110.0,2.0,498.0,0.03636363636363636,0.004016064257028112,0.03636363636363636,naive_region_4D,0.11044176706827309,True
snv_table,GCF_964252045.1,GCF_964252495.1,close_recombination,2,2,7.017543859649123e-06,0.9946821537277404,recombined,0.0001259489906587832,0.00016793198754504426,0.00014694048910191373,1.7310530597868094e-05,40.0,1526.0,21.0,7345.0,0.02621231979030144,0.0028590878148400272,0.02621231979030144,naive_region_4D,0.10907420013614705,True
snv_table,GCF_000012825.1,GCF_048453055.1,close_recombination,4,4,0.0,0.8916807322208495,clonal,0.0074266126085367765,0.007022916702918095,0.007224764655727436,0.0006946840946537022,0.0,256043.0,1.0,1189577.0,0.0,8.406349483892173e-07,0.0,naive_region_4D,,False
snv_table,GCF_000699845.1,GCF_024047355.1,close_recombination,17,17,0.0002434782608695,0.8168085901875347,clonal,0.0024948722338890305,0.0024739069209992067,0.0024843895774441186,0.0003811167547795574,70.0,233551.0,151.0,1086390.0,0.0002997204036805666,0.00013899244286121927,0.0002997204036805666,naive_region_4D,0.4637403431811517,True
snv_table,GCF_000699845.1,GCF_028199355.1,close_recombination,3,3,0.0002238267148014,0.9675887948337552,clonal,0.0007190854350292347,0.0007051226110480845,0.0007121040230386596,0.00015994040905698234,68.0,277182.0,131.0,1289828.0,0.00024532617558138697,0.00010156392945415979,0.00024532617558138697,naive_region_4D,0.41399548667592523,True
snv_table,GCF_000699845.1,GCF_028200155.1,close_recombination,4,4,0.0002101449275362,0.9667250804644246,clonal,0.0008308257290670316,0.0007330815256473808,0.0007819536273572062,0.00017646789373178533,65.0,276913.0,128.0,1288622.0,0.00023473076381390546,9.933091317702166e-05,0.00023473076381390546,naive_region_4D,0.42316955631674763,True
snv_table,GCF_000699845.1,GCF_028200165.1,close_recombination,3,3,0.0002057761732851,0.9675865487318752,clonal,0.0007749069762571295,0.0006283029537219968,0.0007016049649895632,0.00015542955999918906,65.0,277194.0,126.0,1289876.0,0.00023449281008968448,9.76838083660755e-05,0.00023449281008968448,naive_region_4D,0.4165748550188605,True
snv_table,GCF_000699845.1,GCF_964252195.1,close_recombination,16,16,0.0002745901639344,0.8681438684264696,clonal,0.002044497475778287,0.0022189426528924755,0.0021317200643353813,0.00033399331412934324,88.0,248709.0,172.0,1158536.0,0.0003538271634721703,0.00014846323290773874,0.0003538271634721703,naive_region_4D,0.41959252492330446,True
snv_table,GCF_002959625.1,GCF_048453055.1,close_recombination,4,4,0.0,0.8916403494416802,clonal,0.007304988492379901,0.007151785683197482,0.007228387087788691,0.0006949910467478837,0.0,255905.0,1.0,1188980.0,0.0,8.410570404884859e-07,0.0,naive_region_4D,,False
snv_table,GCF_003436175.1,GCF_003460125.1,close_recombination,15,15,8.920187793427231e-05,0.7427031598961265,clonal,0.003040714113457082,0.003040714113457082,0.003040714113457082,0.0004075384078632355,21.0,212276.0,69.0,988458.0,9.89278109630858e-05,6.980569735891661e-05,9.89278109630858e-05,naive_region_4D,0.705622581550542,True
snv_table,GCF_003436175.1,GCF_003465015.1,close_recombination,7,7,6.008583690987125e-05,0.8142370938773228,clonal,0.0019288424848522968,0.0019567967237631998,0.0019428196043077483,0.00028114973704230475,19.0,232968.0,59.0,1084637.0,8.155626523814429e-05,5.439607905686418e-05,8.155626523814429e-05,naive_region_4D,0.6669760918799755,True
snv_table,GCF_003436605.1,GCF_003436855.1,close_recombination,2,2,2.4734982332155476e-05,0.9842265795206973,clonal,9.06318082788671e-05,7.66884531590414e-05,8.366013071895425e-05,2.3245403221512947e-05,8.0,282345.0,21.0,1312604.0,2.8334130230746072e-05,1.5998732290927043e-05,2.8334130230746072e-05,naive_region_4D,0.5646452585852245,True
snv_table,GCF_003436605.1,GCF_021412685.1,close_recombination,13,13,1.6129032258064517e-05,0.8625764172319768,clonal,0.0017386993272141358,0.0016199929474444961,0.0016793461373293159,0.00022229915909334987,4.0,246897.0,28.0,1148195.0,1.620108790305269e-05,2.4386101663915974e-05,1.620108790305269e-05,naive_region_4D,1.5052138356289657,True
snv_table,GCF_003436855.1,GCF_021412685.1,close_recombination,13,13,2.8455284552845528e-05,0.8563381658023131,clonal,0.0016682138943371466,0.0017938534344964297,0.0017310336644167882,0.00023197327427649112,8.0,245156.0,37.0,1139573.0,3.2632283117688326e-05,3.2468301723540305e-05,3.2632283117688326e-05,naive_region_4D,0.994974872167031,True
snv_table,GCF_003437875.1,GCF_047308005.1,close_recombination,9,9,7.063197026022304e-05,0.9452448958747892,clonal,0.0007959512145299838,0.0006832501576053843,0.000739600686067684,0.00011825707268261621,19.0,268306.0,48.0,1246935.0,7.081466683562798e-05,3.8494388239964396e-05,7.081466683562798e-05,naive_region_4D,0.543593438479573,True
snv_table,GCF_003459365.1,GCF_028394795.1,close_recombination,29,29,0.0001244444444444,0.7872821492269019,clonal,0.002633168087407137,0.002647211650539975,0.002640189868973556,0.0003558148916464333,28.0,224059.0,68.0,1043492.0,0.00012496708456254826,6.516580865018611e-05,0.00012496708456254826,naive_region_4D,0.5214637828697161,True
snv_table,GCF_003459365.1,GCF_028396015.1,close_recombination,17,17,3.4883720930232556e-05,0.9005935754189944,clonal,0.001340782122905028,0.0013337988826815643,0.001337290502793296,0.0001975543819139339,9.0,257742.0,56.0,1200809.0,3.491863956980236e-05,4.66352267512985e-05,3.491863956980236e-05,naive_region_4D,1.3355396237036865,True
snv_table,GCF_003459535.1,GCF_019042015.1,close_recombination,16,16,0.0001095890410958,0.7795020102983706,clonal,0.0027438809339070326,0.0027932566833603722,0.0027685688086337024,0.00044552050760496677,34.0,220876.0,105.0,1027256.0,0.0001539325232257013,0.00010221405375096373,0.0001539325232257013,naive_region_4D,0.664018568714643,True
snv_table,GCF_003459535.1,GCF_021410705.1,close_recombination,21,21,0.000127358490566,0.7466803831695691,clonal,0.0032694130205782775,0.0032271361280708,0.0032482745743245387,0.0004342185430262835,29.0,211805.0,90.0,983017.0,0.00013691839191709357,9.155487646703973e-05,0.00013691839191709357,naive_region_4D,0.6686820900034948,True
snv_table,GCF_003459535.1,GCF_040928465.1,close_recombination,19,19,7.488986784140969e-05,0.8018964942516508,clonal,0.002567430512705944,0.0023191982808144856,0.0024433143967602148,0.00037387769926346094,17.0,225930.0,85.0,1051653.0,7.524454477050414e-05,8.082513909055553e-05,7.524454477050414e-05,naive_region_4D,1.074166098513483,True
snv_table,GCF_003459535.1,GCF_040928505.1,close_recombination,16,16,0.00012,0.8070087966095658,clonal,0.0026282987285872004,0.002307774493393639,0.00246803661099042,0.00038796689246953193,34.0,226469.0,112.0,1053326.0,0.00015013092299608335,0.00010632985419518743,0.00015013092299608335,naive_region_4D,0.7082475220508795,True
snv_table,GCF_003459535.1,GCF_047307425.1,close_recombination,25,25,9.178743961352657e-05,0.7309492248893327,clonal,0.0034457176410195105,0.0036777761760269467,0.0035617469085232286,0.0004909228441754916,22.0,207536.0,86.0,963755.0,0.0001060057050343073,8.923429709832894e-05,0.0001060057050343073,naive_region_4D,0.8417876855726725,True
snv_table,GCF_003459535.1,GCF_047310325.1,close_recombination,23,23,0.0001141552511415,0.7719753372844297,clonal,0.002769985728246121,0.0028684116170670493,0.002819198672656585,0.0004310582783229867,29.0,219376.0,96.0,1024422.0,0.00013219312960396763,9.371138066148521e-05,0.00013219312960396763,naive_region_4D,0.7088975118618613,True
snv_table,GCF_003459715.1,GCF_003475695.1,close_recombination,34,34,6.542056074766355e-05,0.7586459183386329,clonal,0.0028561780679292005,0.0029476320454737315,0.002901905056701466,0.00040341441483717345,20.0,215442.0,62.0,1003608.0,9.283240965085731e-05,6.177710819363736e-05,9.283240965085731e-05,naive_region_4D,0.665469187172681,True
snv_table,GCF_003459715.1,GCF_021891045.1,close_recombination,2,2,4.225352112676056e-05,0.9974319429757844,clonal,0.00012647066056328628,9.133992151792897e-05,0.00010890529104060762,3.250567337392259e-05,12.0,283911.0,28.0,1319463.0,4.2266766698014516e-05,2.1220754200761976e-05,4.2266766698014516e-05,naive_region_4D,0.5020671288243779,True
snv_table,GCF_003459715.1,GCF_021891195.1,close_recombination,34,34,0.0001076233183856,0.815278252025804,clonal,0.0026362070927922867,0.0025187159688795386,0.0025774615308359126,0.0003847992446240701,24.0,221783.0,68.0,1031531.0,0.00010821388474319493,6.592143134816114e-05,0.00010821388474319493,naive_region_4D,0.6091772003620509,True
snv_table,GCF_003459715.1,GCF_027671015.1,close_recombination,16,16,1.5444015444015444e-05,0.9093081778690024,clonal,0.0007943090916759219,0.0006888698317189412,0.0007415894616974316,0.00013839584842705176,4.0,258693.0,49.0,1202327.0,1.5462343395453297e-05,4.075430394559883e-05,1.5462343395453297e-05,naive_region_4D,2.6357132876496996,True
snv_table,GCF_003459715.1,GCF_027686305.1,close_recombination,1,1,2.456140350877193e-05,0.9978536626491634,clonal,4.9179579233571383e-05,9.835915846714277e-05,7.376936885035708e-05,2.948090922147722e-05,8.0,284051.0,34.0,1320013.0,2.816395647260527e-05,2.5757322086979447e-05,2.816395647260527e-05,naive_region_4D,0.9145491370160749,True
snv_table,GCF_003459715.1,GCF_027686505.1,close_recombination,1,1,1.7605633802816902e-05,0.9978348435533873,clonal,7.029728722768588e-05,6.32675585049173e-05,6.678242286630158e-05,2.344543528719524e-05,6.0,283886.0,26.0,1319359.0,2.1135244429101823e-05,1.9706539311893125e-05,2.1135244429101823e-05,naive_region_4D,0.9324017698493486,True
snv_table,GCF_003459715.1,GCF_030541685.1,close_recombination,16,16,2.2900763358778624e-05,0.9199142565976736,clonal,0.000681730329971536,0.0007098429208981972,0.0006957866254348667,0.000124767667479799,6.0,261758.0,40.0,1216765.0,2.2921935528236005e-05,3.287405538456481e-05,2.2921935528236005e-05,naive_region_4D,1.434174498225486,True
snv_table,GCF_003459715.1,GCF_030546205.1,close_recombination,14,14,4.9429657794676805e-05,0.9234202572573276,clonal,0.0006466577634076053,0.0007520910943979756,0.0006993744289027905,0.00012326567837337704,13.0,262738.0,38.0,1221110.0,4.9478948610402756e-05,3.111922758801418e-05,4.9478948610402756e-05,naive_region_4D,0.6289387398476669,True
snv_table,GCF_003459715.1,GCF_040921925.1,close_recombination,19,19,6.910569105691057e-05,0.8683029075613591,clonal,0.001536631307623674,0.0013879250520471894,0.0014622781798354317,0.00023321393186494932,17.0,245105.0,55.0,1139689.0,6.935803023194142e-05,4.825877936875762e-05,6.935803023194142e-05,naive_region_4D,0.6957922421870197,True
snv_table,GCF_003459715.1,GCF_040921935.1,close_recombination,21,21,4.838709677419355e-05,0.8706835279132448,clonal,0.0014637476161321876,0.0014426358716687427,0.0014531917439004653,0.0002263933793186998,12.0,247304.0,54.0,1150399.0,4.8523274997573835e-05,4.69402355182854e-05,4.8523274997573835e-05,naive_region_4D,0.9673756670511711,True
snv_table,GCF_003459715.1,GCF_047307925.1,close_recombination,14,14,4.9429657794676805e-05,0.9241396280802896,clonal,0.0006890005976025592,0.0007100924526312089,0.000699546525116884,0.00012783429045161055,13.0,262879.0,47.0,1221742.0,4.9452409663761654e-05,3.846966053389341e-05,4.9452409663761654e-05,naive_region_4D,0.7779127608837973,True
snv_table,GCF_003459715.1,GCF_047638235.1,close_recombination,24,24,6.122448979591836e-05,0.8639300485460836,clonal,0.0016839642915019693,0.001585322031748716,0.0016346431616253425,0.0002782510066696842,18.0,245036.0,59.0,1140228.0,7.34585938392726e-05,5.1744037157480785e-05,7.34585938392726e-05,naive_region_4D,0.7043973271622479,True
snv_table,GCF_003460125.1,GCF_003465015.1,close_recombination,17,17,9.871244635193133e-05,0.8100465038334241,clonal,0.0025765637437680676,0.002604493974052816,0.002590528858910442,0.00031245446501937065,25.0,231671.0,84.0,1077786.0,0.00010791165057344251,7.793754975477507e-05,0.00010791165057344251,naive_region_4D,0.7222348035695398,True
snv_table,GCF_003466785.1,GCF_003475695.1,close_recombination,31,31,8.530805687203791e-05,0.7397492542353802,clonal,0.0026734958068328923,0.0031589463612314967,0.0029162210840321945,0.0003988991292342348,18.0,210173.0,52.0,979998.0,8.564373159254519e-05,5.306133277823016e-05,8.564373159254519e-05,naive_region_4D,0.6195588607777204,True
snv_table,GCF_003466785.1,GCF_021891045.1,close_recombination,2,2,4.225352112676056e-05,0.9973715466409911,clonal,0.00013353105299777215,0.00010541925236666221,0.00011947515268221717,2.9488956385833504e-05,13.0,283828.0,24.0,1319135.0,4.5802387361359697e-05,1.8193740595162738e-05,4.5802387361359697e-05,naive_region_4D,0.3972225388956807,True
snv_table,GCF_003466785.1,GCF_021891195.1,close_recombination,33,33,8.67579908675799e-05,0.8062051944999412,clonal,0.002629568691973205,0.0025487718885885535,0.002589170290280879,0.0003809424452869437,22.0,219220.0,57.0,1019899.0,0.00010035580695192044,5.588788693782423e-05,0.00010035580695192044,naive_region_4D,0.5568973897504468,True
snv_table,GCF_003466785.1,GCF_027671015.1,close_recombination,15,15,2.3166023166023165e-05,0.9083272115036504,clonal,0.0007873434539773146,0.0007240747835684233,0.000755709118772869,0.00013537919788959713,6.0,258392.0,41.0,1201342.0,2.3220533143440973e-05,3.4128499627916116e-05,2.3220533143440973e-05,naive_region_4D,1.4697552126427502,True
snv_table,GCF_003466785.1,GCF_027686305.1,close_recombination,1,1,2.8169014084507043e-05,0.9978737985204448,clonal,9.840271310337557e-05,7.028765221669683e-05,8.434518266003619e-05,2.344327219680854e-05,11.0,283935.0,26.0,1319506.0,3.874126120414884e-05,1.970434389839834e-05,3.874126120414884e-05,naive_region_4D,0.5086138986174302,True
snv_table,GCF_003466785.1,GCF_027686505.1,close_recombination,1,1,1.7605633802816902e-05,0.9978664848316562,clonal,7.732674415743725e-05,5.623763211449982e-05,6.678218813596854e-05,2.0420047949297776e-05,6.0,283897.0,22.0,1319395.0,2.113442551347848e-05,1.6674309058318397e-05,2.113442551347848e-05,naive_region_4D,0.7889643864549029,True
snv_table,GCF_003466785.1,GCF_030541685.1,close_recombination,15,15,1.9157088122605363e-05,0.9146947912969218,clonal,0.0008434577550668967,0.0005482475407934829,0.0006958526479301898,0.00012175238740550956,5.0,260244.0,31.0,1209957.0,1.9212738814343463e-05,2.5620745200036036e-05,1.9212738814343463e-05,naive_region_4D,1.3335290427676356,True
snv_table,GCF_003466785.1,GCF_030546205.1,close_recombination,15,15,3.435114503816794e-05,0.9201688499295289,clonal,0.0008154284689979017,0.0006115713517484263,0.0007134999103731639,0.00012025002930621783,9.0,261765.0,33.0,1216994.0,3.438198384046759e-05,2.7115992354933548e-05,3.438198384046759e-05,naive_region_4D,0.7886686376432424,True
snv_table,GCF_003466785.1,GCF_040921925.1,close_recombination,20,20,4.098360655737705e-05,0.8657656094529566,clonal,0.0014093035278620724,0.0015296962915487822,0.0014694999097054273,0.00023018327771841116,13.0,244352.0,49.0,1136480.0,5.320193818753274e-05,4.311558496409968e-05,5.320193818753274e-05,naive_region_4D,0.8104138013190526,True
snv_table,GCF_003466785.1,GCF_040921935.1,close_recombination,20,20,4.4715447154471546e-05,0.8649186950386555,clonal,0.0016116715990386274,0.0013231190420055106,0.001467395320522069,0.0002226233818157587,11.0,245637.0,42.0,1142824.0,4.478152721291988e-05,3.6751065780907645e-05,4.478152721291988e-05,naive_region_4D,0.8206746859295283,True
snv_table,GCF_003466785.1,GCF_047307925.1,close_recombination,15,15,3.435114503816794e-05,0.9205303368574272,clonal,0.0007594322540722797,0.0006539555521177964,0.000706693903095038,0.0001248265667247173,9.0,261794.0,41.0,1217046.0,3.437817520646004e-05,3.368812682511589e-05,3.437817520646004e-05,naive_region_4D,0.9799277193393767,True
snv_table,GCF_003466785.1,GCF_047638235.1,close_recombination,25,25,5.714285714285714e-05,0.8652446781144615,clonal,0.0013742991955063941,0.0019169711855268675,0.0016456351905166308,0.00027452506027038446,17.0,245362.0,57.0,1142076.0,6.928538241455483e-05,4.990911287865256e-05,6.928538241455483e-05,naive_region_4D,0.7203411620077617,True
snv_table,GCF_003466945.1,GCF_019127815.1,close_recombination,27,27,0.0001346153846153,0.7286644482858976,clonal,0.002826156322209872,0.003099655321133408,0.00296290582167164,0.0004375103248665028,28.0,207490.0,64.0,969395.0,0.0001349462624704805,6.602055921476798e-05,0.0001349462624704805,naive_region_4D,0.48923592255257886,True
snv_table,GCF_003466945.1,GCF_019127895.1,close_recombination,27,27,0.0001387559808612,0.7299958620592918,clonal,0.0028053835309959814,0.003113975719405539,0.0029596796252007603,0.0004375522422289213,29.0,207807.0,64.0,970963.0,0.00013955256560173622,6.591394316776232e-05,0.00013955256560173622,naive_region_4D,0.4723234064780409,True
snv_table,GCF_003466945.1,GCF_021410225.1,close_recombination,21,21,6.694560669456067e-05,0.8346447309853182,clonal,0.001990754208447387,0.002039822093866865,0.002015288151157126,0.00029405666245688113,16.0,237886.0,70.0,1109580.0,6.725910730349831e-05,6.30869337947692e-05,6.725910730349831e-05,naive_region_4D,0.9379686457939042,True
snv_table,GCF_003466945.1,GCF_024790525.1,close_recombination,28,28,0.0001761658031088,0.6872576216491635,clonal,0.0034322189826478332,0.0037719025108274126,0.003602060746737623,0.0005177607153625696,41.0,194033.0,96.0,906792.0,0.00021130426267696733,0.00010586771828600164,0.00021130426267696733,naive_region_4D,0.5010202678582379,True
snv_table,GCF_003466945.1,GCF_028199465.1,close_recombination,31,31,0.0001442307692307,0.7506045553199098,clonal,0.0031511228973335834,0.003257340523086401,0.003204231710209992,0.0004625420917113524,42.0,211568.0,102.0,988169.0,0.00019851773425092641,0.00010322121013713242,0.00019851773425092641,naive_region_4D,0.5199596425307818,True
snv_table,GCF_003466945.1,GCF_028199675.1,close_recombination,33,33,0.0001428571428571,0.7529678184102047,clonal,0.0031633140491481343,0.0033119261185712012,0.0032376200838596676,0.00047138344568352884,39.0,212392.0,100.0,992051.0,0.00018362273531959773,0.0001008012692895829,0.00018362273531959773,naive_region_4D,0.5489585432552074,True
snv_table,GCF_003467565.1,GCF_028201295.1,close_recombination,42,42,3.664921465968586e-05,0.6704250087811732,clonal,0.004032314717246224,0.003765367053038286,0.003898840885142255,0.0005062602479919603,8.0,190369.0,63.0,886550.0,4.202364880836691e-05,7.106198183971575e-05,4.202364880836691e-05,naive_region_4D,1.690999802605606,True
snv_table,GCF_003469525.1,GCF_047308005.1,close_recombination,10,10,8.178438661710037e-05,0.9456894213938812,clonal,0.0007114153996781021,0.0007888962847915588,0.0007501558422348305,0.00012129252345304652,22.0,268450.0,51.0,1247422.0,8.195194635872602e-05,4.088431982119924e-05,8.195194635872602e-05,naive_region_4D,0.49888162072731523,True
snv_table,GCF_003471775.1,GCF_047948285.1,close_recombination,29,29,6.341463414634146e-05,0.7203600040813598,clonal,0.0025895524226036966,0.002505110495779663,0.00254733145919168,0.00038545596638884556,14.0,204337.0,57.0,949387.0,6.851426809633107e-05,6.003874078747655e-05,6.851426809633107e-05,naive_region_4D,0.8762954411636139,True
snv_table,GCF_003475435.1,GCF_027683305.1,close_recombination,17,17,6.140350877192983e-05,0.8053359159883073,clonal,0.00308221962228671,0.0031458434218293255,0.0031140315220580177,0.00039791531935937915,15.0,227757.0,50.0,1059337.0,6.585966622321158e-05,4.7199333167821e-05,6.585966622321158e-05,naive_region_4D,0.7166652349535606,True
snv_table,GCF_003475695.1,GCF_021891045.1,close_recombination,33,33,0.0001116279069767,0.7580217994576515,clonal,0.002982565357925429,0.0029755310056661707,0.0029790481817958,0.00040564236419873145,27.0,215428.0,63.0,1003116.0,0.00012533189743208867,6.28043017956049e-05,0.00012533189743208867,naive_region_4D,0.501103893600873,True
snv_table,GCF_003475695.1,GCF_021891195.1,close_recombination,8,8,3.4883720930232556e-05,0.9470940265080589,clonal,0.0004846348716819033,0.0006168080185042405,0.0005507214450930719,8.137120754872002e-05,9.0,257881.0,21.0,1199781.0,3.489981813316995e-05,1.7503194332965767e-05,3.489981813316995e-05,naive_region_4D,0.5015268064199495,True
snv_table,GCF_003475695.1,GCF_027660715.1,close_recombination,33,33,7.87037037037037e-05,0.759982553395053,clonal,0.00286321298927878,0.0029476320454737315,0.002905422517376256,0.00040113012737016815,20.0,215807.0,53.0,1005179.0,9.26753997785058e-05,5.272692724380434e-05,9.26753997785058e-05,naive_region_4D,0.5689419993851842,True
snv_table,GCF_003475695.1,GCF_027671015.1,close_recombination,27,27,8.583690987124464e-05,0.8178594296409397,clonal,0.0025119440476776833,0.0025260165633509473,0.0025189803055143153,0.0003519972627481675,20.0,232204.0,58.0,1081395.0,8.6131160531257e-05,5.363442590357825e-05,8.6131160531257e-05,naive_region_4D,0.6227064116257243,True
snv_table,GCF_003475695.1,GCF_027686305.1,close_recombination,32,32,6.666666666666667e-05,0.7446505394310559,clonal,0.002954822868921947,0.0029688934540120513,0.002961858161466999,0.0004041933164288688,20.0,211439.0,46.0,984922.0,9.458992901025827e-05,4.67042060183446e-05,9.458992901025827e-05,naive_region_4D,0.49375453081563825,True
snv_table,GCF_003475695.1,GCF_027686505.1,close_recombination,33,33,6.19047619047619e-05,0.7448990721747422,clonal,0.0029625668072888996,0.0029625668072888996,0.0029625668072888996,0.00040048815645232603,19.0,211457.0,46.0,985139.0,8.985278330819032e-05,4.6693918320155834e-05,8.985278330819032e-05,naive_region_4D,0.5196713624329049,True
snv_table,GCF_003475695.1,GCF_030541685.1,close_recombination,25,25,8.974358974358975e-05,0.8214354807506288,clonal,0.0024411262948697654,0.002511475755817021,0.0024763010253433934,0.0003390707946517637,22.0,233242.0,45.0,1086095.0,9.432263485993088e-05,4.143283966872143e-05,9.432263485993088e-05,naive_region_4D,0.4392671995459965,True
snv_table,GCF_003475695.1,GCF_030546205.1,close_recombination,24,24,8.189655172413794e-05,0.8150845162084674,clonal,0.002624311821715653,0.0023217772149226952,0.002473044518319174,0.0003375854465854292,19.0,231444.0,42.0,1078237.0,8.209329254592904e-05,3.8952475197938855e-05,8.209329254592904e-05,naive_region_4D,0.47449035103746107,True
snv_table,GCF_003475695.1,GCF_040921925.1,close_recombination,24,24,6.46551724137931e-05,0.8209663931056966,clonal,0.0021757310314524246,0.0021119473855792264,0.0021438392085158255,0.00028907156923912395,15.0,231570.0,50.0,1078146.0,6.477522995206633e-05,4.637590827216351e-05,6.477522995206633e-05,naive_region_4D,0.7159512719056603,True
snv_table,GCF_003475695.1,GCF_040921935.1,close_recombination,25,25,6.41025641025641e-05,0.823900146119043,clonal,0.002168899529954404,0.002091438832456032,0.002130169181205218,0.0002818476477086241,15.0,233901.0,51.0,1089538.0,6.412969589698206e-05,4.680883089896819e-05,6.412969589698206e-05,naive_region_4D,0.7299088237399706,True
snv_table,GCF_003475695.1,GCF_047307925.1,close_recombination,26,26,8.898305084745763e-05,0.8270123839009288,clonal,0.0025612158739093723,0.002385308190261751,0.0024732620320855616,0.00034216891183472937,21.0,234800.0,58.0,1093162.0,8.943781942078365e-05,5.305709492280193e-05,8.943781942078365e-05,naive_region_4D,0.5932288518035187,True
snv_table,GCF_003475695.1,GCF_047638235.1,close_recombination,25,25,9.4017094017094e-05,0.8287107728874047,clonal,0.002327443021726328,0.0020735401466289104,0.002200491584177619,0.00032100292545219293,26.0,234848.0,63.0,1093009.0,0.00011070990598174138,5.7639049632711164e-05,0.00011070990598174138,naive_region_4D,0.5206313664670366,True
snv_table,GCF_003568805.2,GCF_024022975.1,close_recombination,1,1,3.533568904593639e-06,0.9998620001486151,clonal,4.246149273377706e-05,3.5384577278147545e-05,3.89230350059623e-05,8.373252178758277e-06,1.0,282566.0,3.0,1313561.0,3.538996199118082e-06,2.283868050284684e-06,3.538996199118082e-06,naive_region_4D,0.6453434594967421,True
snv_table,GCF_003568805.2,GCF_024759565.1,close_recombination,36,36,0.0001466666666666,0.7963672857127659,clonal,0.002411407375360381,0.0030071668445670638,0.0027092871099637225,0.0004249319879950992,34.0,224103.0,133.0,1041794.0,0.00015171595203991022,0.00012766439430444022,0.00015171595203991022,naive_region_4D,0.8414698163767048,True
snv_table,GCF_003568805.2,GCF_024789245.1,close_recombination,35,35,0.0001318181818181,0.7821798711703741,clonal,0.0028068230671114947,0.002636281918730037,0.0027215524929207657,0.00043575349806854175,33.0,219671.0,140.0,1020732.0,0.0001502246541418758,0.0001371564720220391,0.0001502246541418758,naive_region_4D,0.9130090716834348,True
snv_table,GCF_004167625.1,GCF_040922025.1,close_recombination,1,1,6.993006993006993e-06,0.9998635834187396,clonal,2.7982888463704446e-05,2.7982888463704446e-05,2.7982888463704446e-05,2.634032756831364e-05,2.0,285849.0,31.0,1328585.0,6.996701055452354e-06,2.33330949845136e-05,6.996701055452354e-06,naive_region_4D,3.334870934114114,True
snv_table,GCF_007556395.1,GCF_007556405.1,close_recombination,1,1,3.5087719298245615e-06,0.9997788488203516,clonal,2.8082689479171422e-05,2.8082689479171422e-05,2.8082689479171422e-05,1.8879907926465025e-05,1.0,284802.0,22.0,1323839.0,3.5112112976734714e-06,1.6618335009015448e-05,3.5112112976734714e-06,naive_region_4D,4.732935047237618,True
snv_table,GCF_008728395.1,GCF_015561035.1,close_recombination,11,11,5.3435114503816794e-05,0.9272547693810868,clonal,0.0009699836094010528,0.0009912241263952365,0.0009806038678981447,0.00015081497211827245,14.0,261652.0,59.0,1217813.0,5.3506183786097566e-05,4.84475038450074e-05,5.3506183786097566e-05,naive_region_4D,0.9054561625752768,True
snv_table,GCF_008728395.1,GCF_019129355.1,close_recombination,12,12,5.703422053231939e-05,0.928655608209259,clonal,0.0008635364649506829,0.0008210674584776985,0.0008423019617141906,0.000130220132946379,15.0,262128.0,59.0,1221222.0,5.722395165720564e-05,4.831226427299869e-05,5.722395165720564e-05,naive_region_4D,0.8442664806235067,True
snv_table,GCF_008728395.1,GCF_021406445.1,close_recombination,13,13,3.39622641509434e-05,0.9398253566285742,clonal,0.0008370397168252076,0.0009150688429699304,0.000876054279897569,0.00013889217464698874,9.0,264619.0,58.0,1232973.0,3.401116321957229e-05,4.7040770560263685e-05,3.401116321957229e-05,naive_region_4D,1.3830979627651574,True
snv_table,GCF_008728395.1,GCF_028199555.1,close_recombination,14,14,4.511278195488722e-05,0.9447046205146176,clonal,0.0009203507244222144,0.001005306175907342,0.0009628284501647782,0.0001370934512743217,15.0,266508.0,56.0,1241345.0,5.628348867576208e-05,4.5112357966560464e-05,5.628348867576208e-05,naive_region_4D,0.8015202864634731,True
snv_table,GCF_008728395.1,GCF_047307865.1,close_recombination,17,17,5.363984674329502e-05,0.925134617495141,clonal,0.0011753585374574729,0.0010903928600509087,0.0011328756987541908,0.00017672151127361366,17.0,261032.0,84.0,1216155.0,6.512611480584755e-05,6.907014319720759e-05,6.512611480584755e-05,naive_region_4D,1.0605598599443231,True
snv_table,GCF_009025375.1,GCF_013368705.1,close_recombination,16,16,0.000125,0.7807849767357375,clonal,0.0027805334711956294,0.0027805334711956294,0.0027805334711956294,0.000396067284842272,30.0,223357.0,111.0,1041588.0,0.00013431412492109044,0.0001065680480189864,0.00013431412492109044,naive_region_4D,0.7934239833792249,True
snv_table,GCF_009025375.1,GCF_015555645.1,close_recombination,25,25,0.0001428571428571,0.6599611664071929,clonal,0.004338167124389945,0.004191229205660609,0.004264698165025277,0.0005720475010180187,29.0,188338.0,105.0,879310.0,0.00015397848548885515,0.00011941181153404374,0.00015397848548885515,naive_region_4D,0.775509715886163,True
snv_table,GCF_009025375.1,GCF_024047375.1,close_recombination,30,30,7.065217391304347e-05,0.6418779723038891,clonal,0.004972171204704009,0.005230556506072055,0.0051013638553880315,0.000676056338028169,13.0,183603.0,78.0,857902.0,7.080494327434737e-05,9.091947565106505e-05,7.080494327434737e-05,naive_region_4D,1.284083729843269,True
snv_table,GCF_009025375.1,GCF_024461205.1,close_recombination,18,18,0.0001363636363636,0.7690718689713848,clonal,0.0032000896305191917,0.003578218383359534,0.003389154006939363,0.0004564480059775105,32.0,219535.0,107.0,1024522.0,0.00014576263465962148,0.00010443894811434015,0.00014576263465962148,naive_region_4D,0.716500139821302,True
snv_table,GCF_009025375.1,GCF_024461385.1,close_recombination,19,19,0.000131221719457,0.7715090937735222,clonal,0.003108862709401859,0.003241899627146533,0.003175381168274196,0.0004217756755942518,31.0,220218.0,105.0,1027729.0,0.00014076960103170494,0.00010216701095327659,0.00014076960103170494,naive_region_4D,0.7257746715518925,True
snv_table,GCF_009025375.1,GCF_028396205.1,close_recombination,25,25,0.0001428571428571,0.660095454036502,clonal,0.004317825551450005,0.004198857910648304,0.004258341731049155,0.0005728808302481078,29.0,188332.0,107.0,879262.0,0.00015398339103285687,0.00012169296523675536,0.00015398339103285687,naive_region_4D,0.7902992941023659,True
snv_table,GCF_009025375.1,GCF_028396285.1,close_recombination,25,25,0.0001428571428571,0.6599611664071929,clonal,0.004205223293158641,0.004324173036891913,0.004264698165025277,0.0005720475010180187,29.0,188338.0,105.0,879310.0,0.00015397848548885515,0.00011941181153404374,0.00015397848548885515,naive_region_4D,0.775509715886163,True
snv_table,GCF_009025375.1,GCF_039760295.1,close_recombination,9,9,4.247104247104247e-05,0.902357561105133,clonal,0.0013136380787344354,0.0011110024176530597,0.0012123202481937477,0.00017811245885376742,11.0,258229.0,47.0,1202034.0,4.259784919586878e-05,3.9100391503068966e-05,4.259784919586878e-05,naive_region_4D,0.917895908858727,True
snv_table,GCF_009025375.1,GCF_039760315.1,close_recombination,10,10,3.875968992248062e-05,0.9009065660535556,clonal,0.0013694562350434068,0.0010760013275341053,0.001222728781288756,0.0001841104422182528,10.0,257850.0,48.0,1200319.0,3.8782237735117314e-05,3.998936949260988e-05,3.8782237735117314e-05,naive_region_4D,1.031125892366946,True
snv_table,GCF_009025375.1,GCF_039760335.1,close_recombination,10,10,5.4054054054054054e-05,0.9019669496558712,clonal,0.0011319568179436119,0.0013276036753659644,0.0012297802466547882,0.0001908937661160559,14.0,258128.0,54.0,1201539.0,5.423665778218558e-05,4.494236142147696e-05,5.423665778218558e-05,naive_region_4D,0.8286344192145003,True
snv_table,GCF_009025375.1,GCF_040098345.1,close_recombination,21,21,0.0001018518518518,0.7550651014770806,clonal,0.005531612465033558,0.004894426725390451,0.005213019595212004,0.0005453441618798405,23.0,215523.0,109.0,1006313.0,0.0001067171485177916,0.00010831619983047024,0.0001067171485177916,naive_region_4D,1.0149840146114104,True
snv_table,GCF_012976745.1,GCF_040922025.1,close_recombination,1,1,1.3986013986013986e-05,0.9998810955991384,clonal,2.7977506085107574e-05,4.196625912766136e-05,3.4971882606384464e-05,1.8810952187826604e-05,4.0,285904.0,21.0,1328831.0,1.399071016844815e-05,1.5803364009418807e-05,1.399071016844815e-05,naive_region_4D,1.1295612459372186,True
snv_table,GCF_013368705.1,GCF_015555645.1,close_recombination,13,13,0.0001728971962616,0.7516608535335336,clonal,0.00263777475362694,0.0027847065038289712,0.0027112406287279557,0.00038541853291037664,42.0,214809.0,113.0,1000282.0,0.00019552253397204028,0.0001129681429836786,0.00019552253397204028,naive_region_4D,0.5777755672900242,True
snv_table,GCF_013368705.1,GCF_020560185.1,close_recombination,14,14,0.0001722488038277,0.7305789394664162,clonal,0.003086559847487631,0.003212256854851381,0.003149408351169506,0.00045599943507154006,45.0,209161.0,121.0,974363.0,0.000215145270867896,0.00012418369745156578,0.000215145270867896,naive_region_4D,0.5772085853925989,True
snv_table,GCF_013368705.1,GCF_024047375.1,close_recombination,25,25,8.962264150943396e-05,0.7385964851020145,clonal,0.0038899228649945353,0.00393880878968926,0.003914365827341898,0.0005266669271201161,19.0,211237.0,95.0,984363.0,8.994636356320153e-05,9.65091129999807e-05,8.994636356320153e-05,naive_region_4D,1.0729629211987854,True
snv_table,GCF_013368705.1,GCF_024461205.1,close_recombination,11,11,0.0001460674157303,0.9319969763991152,clonal,0.0012038410929757271,0.0013018281586830538,0.0012528346258293905,0.00023114824206867888,39.0,266304.0,123.0,1239630.0,0.00014644917087238644,9.922315529633842e-05,0.00014644917087238644,naive_region_4D,0.6775262345650284,True
snv_table,GCF_013368705.1,GCF_024461385.1,close_recombination,8,8,0.0001444444444444,0.9439660149839209,clonal,0.0009378072806038359,0.0008048346064883666,0.0008713209435461012,0.00016939569403674455,39.0,269744.0,120.0,1255009.0,0.00014458152915356782,9.561684418199391e-05,0.00014458152915356782,naive_region_4D,0.6613351286417376,True
snv_table,GCF_013368705.1,GCF_028396205.1,close_recombination,13,13,0.0001775700934579,0.7516608535335336,clonal,0.002581800753549976,0.0028406805039059356,0.0027112406287279557,0.0003876689653303504,42.0,214812.0,115.0,1000377.0,0.0001955198033629406,0.00011495666133867533,0.0001955198033629406,naive_region_4D,0.5879540556067506,True
snv_table,GCF_013368705.1,GCF_028396285.1,close_recombination,13,13,0.0001728971962616,0.7516608535335336,clonal,0.002658765003655802,0.0027637162538001097,0.0027112406287279557,0.00038541853291037664,42.0,214809.0,113.0,1000282.0,0.00019552253397204028,0.0001129681429836786,0.00019552253397204028,naive_region_4D,0.5777755672900242,True
snv_table,GCF_013368705.1,GCF_039760295.1,close_recombination,9,9,0.0001452991452991,0.8163379454516217,clonal,0.0021534094484335345,0.0022163337504981506,0.0021848715994658425,0.0003301551202621988,35.0,233464.0,109.0,1087496.0,0.00014991604701367235,0.00010023025372047346,0.00014991604701367235,naive_region_4D,0.6685758844170461,True
snv_table,GCF_013368705.1,GCF_039760315.1,close_recombination,9,9,0.0001495726495726,0.8163857409517684,clonal,0.002209187704052741,0.002160250001747775,0.002184718852900258,0.00033162657193627055,36.0,233486.0,110.0,1087631.0,0.00015418483335189262,0.0001011372423183966,0.00015418483335189262,naive_region_4D,0.6559480599986985,True
snv_table,GCF_013368705.1,GCF_039760335.1,close_recombination,9,9,0.0001581196581196,0.8163536251327631,clonal,0.0020613226004807424,0.0023198613673207,0.0021905919839007213,0.00034126024250524106,38.0,233588.0,118.0,1088003.0,0.0001626795897049506,0.00010845558330261958,0.0001626795897049506,naive_region_4D,0.6666821787497974,True
snv_table,GCF_013368705.1,GCF_040095755.1,close_recombination,19,19,0.0001639344262295,0.6374483852778526,clonal,0.005589624871729317,0.005365479513464482,0.0054775521925968995,0.0007670826595614819,36.0,181769.0,100.0,848588.0,0.0001980535734916295,0.0001178428165375895,0.0001980535734916295,naive_region_4D,0.5950047477561418,True
snv_table,GCF_013368705.1,GCF_040098345.1,close_recombination,11,11,0.0001149425287356,0.9165356646441588,clonal,0.0029059691407084262,0.0030810275226788135,0.00299349833169362,0.00030511324598305226,38.0,261766.0,131.0,1218816.0,0.00014516782164223008,0.00010748135895820205,0.00014516782164223008,naive_region_4D,0.7403938265540189,True
snv_table,GCF_015555055.1,GCF_018289355.1,close_recombination,4,4,4.4943820224719104e-05,0.9350993284687896,clonal,0.000637551801083838,0.0006585699923283602,0.0006480608967060991,0.00011985427529245574,12.0,266937.0,35.0,1241171.0,4.49544274491734e-05,2.81991764229103e-05,4.49544274491734e-05,naive_region_4D,0.6272836297335339,True
snv_table,GCF_015555055.1,GCF_028200935.1,close_recombination,1,1,1.444043321299639e-05,0.9661542328153144,clonal,0.0002652927295829319,0.00034906938103017353,0.00030718105530655275,6.157857426075673e-05,4.0,276776.0,11.0,1287458.0,1.4452120126022488e-05,8.543968036238852e-06,1.4452120126022488e-05,naive_region_4D,0.591191324299511,True
snv_table,GCF_015555055.1,GCF_028201045.1,close_recombination,1,1,2.5270758122743684e-05,0.9661657021995436,clonal,0.0003629840077622734,0.00027921846750944107,0.00032110123763585724,6.53249767420557e-05,8.0,276814.0,16.0,1287636.0,2.890027238506723e-05,1.2425871907899437e-05,2.890027238506723e-05,naive_region_4D,0.4299569132891593,True
snv_table,GCF_015555055.1,GCF_028201315.1,close_recombination,1,1,7.942238267148014e-05,0.9661655316371304,clonal,0.00034906085177829053,0.00039094815399168535,0.00037000450288498794,0.00010062779730257427,22.0,276783.0,62.0,1287470.0,7.948465043012034e-05,4.8156461898141315e-05,7.948465043012034e-05,naive_region_4D,0.6058586360706022,True
snv_table,GCF_015555055.1,GCF_028395215.1,close_recombination,1,1,2.1660649819494583e-05,0.9661044759966344,clonal,0.0003630790499897011,0.00026532699806939696,0.00031420302402954906,6.008392221835849e-05,6.0,276729.0,9.0,1287257.0,2.1681862038311852e-05,6.99161084383305e-06,2.1681862038311852e-05,naive_region_4D,0.32246357953384597,True
snv_table,GCF_015555055.1,GCF_028395235.1,close_recombination,1,1,3.2490974729241876e-05,0.96613886696514,clonal,0.0003282741857752509,0.00034922785720771374,0.00033875102149148235,6.911737858818739e-05,13.0,276646.0,21.0,1286892.0,4.6991462012825056e-05,1.6318385692039425e-05,4.6991462012825056e-05,naive_region_4D,0.34726277908922604,True
snv_table,GCF_015555055.1,GCF_028395285.1,close_recombination,1,1,1.444043321299639e-05,0.9661657021995436,clonal,0.0003141207759481212,0.0003001598525726492,0.0003071403142603852,6.307239133715723e-05,4.0,276814.0,13.0,1287636.0,1.4450136192533615e-05,1.0096020925168294e-05,1.4450136192533615e-05,naive_region_4D,0.698679984094884,True
snv_table,GCF_015555645.1,GCF_019041535.1,close_recombination,19,19,8.994708994708995e-05,0.66598454322342,clonal,0.004873314908968166,0.005196796129476875,0.00503505551922252,0.0006203605353862728,20.0,189323.0,74.0,881408.0,0.0001056395683567237,8.395657856520476e-05,0.0001056395683567237,naive_region_4D,0.794745566185013,True
snv_table,GCF_015555645.1,GCF_020560185.1,close_recombination,2,2,5.673758865248227e-05,0.9835331801698786,clonal,0.00042661966856547386,0.00045459472879927544,0.0004406071986823747,0.00010457056105491384,16.0,281235.0,63.0,1307277.0,5.689192312478888e-05,4.819177572924484e-05,5.689192312478888e-05,naive_region_4D,0.8470758779508857,True
snv_table,GCF_015555645.1,GCF_024461205.1,close_recombination,20,20,0.000167487684729,0.7108848546044835,clonal,0.0034148838448647017,0.0034289080084986432,0.0034218959266816727,0.0004812737006553017,34.0,202737.0,106.0,946259.0,0.0001677049576544982,0.0001120200706149162,0.0001677049576544982,naive_region_4D,0.667959207536949,True
snv_table,GCF_015555645.1,GCF_024461385.1,close_recombination,17,17,0.0001770334928229,0.7297714205581265,clonal,0.0030570747440751647,0.0030220165474687984,0.0030395456457719813,0.00042014556497509673,37.0,208150.0,112.0,970612.0,0.00017775642565457604,0.00011539111405999514,0.00017775642565457604,naive_region_4D,0.649152983556432,True
snv_table,GCF_015555645.1,GCF_039760295.1,close_recombination,18,18,0.0001836734693877,0.683512928770979,clonal,0.0038649778393933664,0.003984007954012365,0.0039244928967028655,0.0005264323252041338,38.0,195124.0,107.0,909444.0,0.00019474795514647097,0.00011765430306868812,0.00019474795514647097,naive_region_4D,0.6041362692624921,True
snv_table,GCF_015555645.1,GCF_039760315.1,close_recombination,18,18,0.0001692307692307,0.6828875507631984,clonal,0.003745973953227839,0.004103066797367315,0.003924520375297578,0.0005279405573576161,38.0,194953.0,108.0,908805.0,0.0001949187752945582,0.00011883737435423441,0.0001949187752945582,naive_region_4D,0.6096763853284489,True
snv_table,GCF_015555645.1,GCF_039760335.1,close_recombination,18,18,0.000188775510204,0.6845383915447609,clonal,0.0039826415622593965,0.0038706516413522783,0.003926646601805838,0.0005360868520934869,39.0,195479.0,113.0,911155.0,0.00019950992178187937,0.00012401841618604956,0.00019950992178187937,naive_region_4D,0.6216152814777637,True
snv_table,GCF_015555645.1,GCF_040095755.1,close_recombination,10,10,6.694560669456067e-05,0.8373404602321153,clonal,0.003928211927033463,0.0034301707719988635,0.0036791913495161635,0.0005176143561775312,16.0,238560.0,53.0,1111275.0,6.70690811535882e-05,4.7692965287620076e-05,6.70690811535882e-05,naive_region_4D,0.7111021124384154,True
snv_table,GCF_015555645.1,GCF_040097405.1,close_recombination,14,14,8.119658119658119e-05,0.8264997155848882,clonal,0.003738027183725096,0.003921748746630299,0.0038298879651776974,0.000567190823977726,19.0,233459.0,58.0,1087679.0,8.138473993292184e-05,5.3324556233962407e-05,8.138473993292184e-05,naive_region_4D,0.6552156617802437,True
snv_table,GCF_015555645.1,GCF_040098345.1,close_recombination,19,19,0.0001379310344827,0.7090479981203337,clonal,0.0054496295023443225,0.004797357245306971,0.005123493373825647,0.0005493236829436505,28.0,202076.0,111.0,942967.0,0.00013856172925038105,0.00011771355731430686,0.00013856172925038105,naive_region_4D,0.8495387431373526,True
snv_table,GCF_015557505.1,GCF_047309505.1,close_recombination,33,33,0.0001574074074074,0.7680543213897553,clonal,0.0026834993114239892,0.0027472235694789124,0.002715361440451451,0.0003526998295918966,37.0,216777.0,94.0,1010299.0,0.00017068231408313612,9.304176288405709e-05,0.00017068231408313612,naive_region_4D,0.5451166008842498,True
snv_table,GCF_015557505.1,GCF_964240005.1,close_recombination,2,2,8.270676691729324e-05,0.9369804994264536,clonal,0.0007200211770934439,0.0007411982705373688,0.0007306097238154064,9.415623861013242e-05,23.0,265465.0,26.0,1234649.0,8.664042340798222e-05,2.105861665947164e-05,8.664042340798222e-05,naive_region_4D,0.243057637891593,True
snv_table,GCF_015559725.1,GCF_028200905.1,close_recombination,12,12,0.0001136363636363,0.9247441174105068,clonal,0.0008812082344013903,0.0009371579635697326,0.0009091830989855614,0.0001189131339556454,33.0,264325.0,51.0,1229940.0,0.00012484630663009552,4.146543733840675e-05,0.00012484630663009552,naive_region_4D,0.33213187043861714,True
snv_table,GCF_015559725.1,GCF_028201235.1,close_recombination,1,1,0.0,0.9995637987891054,clonal,1.3958438748625966e-05,4.1875316245877895e-05,2.7916877497251932e-05,1.0512081009099707e-05,0.0,286398.0,1.0,1331128.0,0.0,7.512425551862781e-07,0.0,naive_region_4D,,False
snv_table,GCF_015559725.1,GCF_039760255.1,close_recombination,1,1,3.508771929824561e-05,0.9995706674361808,clonal,6.334414876021424e-05,7.038238751134916e-05,6.68632681357817e-05,2.1213117585826e-05,11.0,284032.0,16.0,1319422.0,3.872803064443443e-05,1.212652206799644e-05,3.872803064443443e-05,naive_region_4D,0.31312002872883316,True
snv_table,GCF_015559725.1,GCF_040928345.1,close_recombination,14,14,7.142857142857143e-05,0.9287655687406308,clonal,0.0014010115303248946,0.0013239558961570255,0.00136248371324096,0.00015301768974947312,19.0,265090.0,54.0,1234259.0,7.167377117205478e-05,4.375094692442996e-05,7.167377117205478e-05,naive_region_4D,0.6104178168524809,True
snv_table,GCF_015559725.1,GCF_040928365.1,close_recombination,17,17,6.367041198501872e-05,0.9322876201275294,clonal,0.0017288565049100924,0.0014908762572706465,0.0016098663810903695,0.0001830185865542345,18.0,266316.0,45.0,1239643.0,6.758887937637995e-05,3.6300773690489925e-05,6.758887937637995e-05,naive_region_4D,0.5370820470086952,True
snv_table,GCF_015561035.1,GCF_019129355.1,close_recombination,3,3,5.5762081784386615e-05,0.9491600932011922,clonal,0.0004596416916228534,0.0005444986193070725,0.0005020701554649629,9.435031816601243e-05,17.0,268449.0,46.0,1246949.0,6.332673990217882e-05,3.6890041212591697e-05,6.332673990217882e-05,naive_region_4D,0.582534980792884,True
snv_table,GCF_015561035.1,GCF_021406445.1,close_recombination,4,4,4.460966542750929e-05,0.9521312404776248,clonal,0.0007015554689437693,0.0006094320235269107,0.00065549374623534,0.0001189478604253606,12.0,268629.0,52.0,1248420.0,4.467127525323029e-05,4.1652648948270616e-05,4.467127525323029e-05,naive_region_4D,0.9324257861937489,True
snv_table,GCF_015561035.1,GCF_028199555.1,close_recombination,5,5,5.147058823529412e-05,0.9629029920135194,clonal,0.0006505145782438228,0.0006505145782438228,0.0006505145782438228,0.00012020574963881216,18.0,272334.0,56.0,1265012.0,6.609530943620701e-05,4.42683547665951e-05,6.609530943620701e-05,naive_region_4D,0.6697654515003283,True
snv_table,GCF_015561035.1,GCF_047307865.1,close_recombination,7,7,6.741573033707865e-05,0.94682881991091,clonal,0.000820193735416814,0.0007777699215159443,0.0007989818284663791,0.00016433491150641096,21.0,267781.0,83.0,1244280.0,7.842229284377905e-05,6.670524319285048e-05,7.842229284377905e-05,naive_region_4D,0.850590320353557,True
snv_table,GCF_016766915.1,GCF_048453055.1,close_recombination,4,4,0.0,0.8916807322208495,clonal,0.007043797525622509,0.0074057317858323615,0.007224764655727436,0.0006946840946537022,0.0,256043.0,1.0,1189577.0,0.0,8.406349483892173e-07,0.0,naive_region_4D,,False
snv_table,GCF_018289355.1,GCF_028200935.1,close_recombination,3,3,4.332129963898917e-05,0.9690358335172476,clonal,0.00038534430513663956,0.0003222879642960986,0.0003538161347163691,6.558301415010067e-05,12.0,276619.0,34.0,1285242.0,4.3380968046301954e-05,2.645416193993038e-05,4.3380968046301954e-05,naive_region_4D,0.6098103184718001,True
snv_table,GCF_018289355.1,GCF_028201045.1,close_recombination,4,4,4.332129963898917e-05,0.968661667197904,clonal,0.00030122908471892873,0.00044133563575098864,0.0003712823602349587,6.934321423887531e-05,12.0,276547.0,36.0,1284839.0,4.3392262436403217e-05,2.8019074763452852e-05,4.3392262436403217e-05,naive_region_4D,0.6457159223840496,True
snv_table,GCF_018289355.1,GCF_028201315.1,close_recombination,2,2,8e-05,0.9631240849322936,clonal,0.0003572704537334762,0.0004203181808629132,0.00038879431729819475,7.763436775475378e-05,22.0,274968.0,47.0,1277376.0,8.000931017427483e-05,3.679417806503332e-05,8.000931017427483e-05,naive_region_4D,0.45987370700845825,True
snv_table,GCF_018289355.1,GCF_028395165.1,close_recombination,4,4,6.367041198501872e-05,0.9350714025194288,clonal,0.0007084139943326881,0.00063125999494992,0.000669836994641304,0.0001207395903607548,17.0,266624.0,35.0,1239790.0,6.376020163226117e-05,2.8230587438195177e-05,6.376020163226117e-05,naive_region_4D,0.4427618908894912,True
snv_table,GCF_018289355.1,GCF_028395175.1,close_recombination,4,4,4.868913857677903e-05,0.9351056114744968,clonal,0.0006306208462231067,0.0006656553376799459,0.0006481380919515263,0.00011986909390273414,13.0,266903.0,35.0,1241012.0,4.8706833568749694e-05,2.8202789336444773e-05,4.8706833568749694e-05,naive_region_4D,0.5790314678665477,True
snv_table,GCF_018289355.1,GCF_028395205.1,close_recombination,4,4,5.99250936329588e-05,0.9350899630336902,clonal,0.0006377126438795354,0.0006867674626394996,0.0006622400532595175,0.00011988482009360063,16.0,266865.0,35.0,1240833.0,5.995540816517715e-05,2.8206857812453408e-05,5.995540816517715e-05,naive_region_4D,0.47046394438252365,True
snv_table,GCF_018289355.1,GCF_028395215.1,close_recombination,3,3,5.054151624548737e-05,0.9690518651918448,clonal,0.00035737685389242954,0.000364384243184438,0.00036088054853843375,6.257694891383757e-05,14.0,276573.0,30.0,1285046.0,5.0619547099680735e-05,2.3345467788701727e-05,5.0619547099680735e-05,naive_region_4D,0.46119471876604307,True
snv_table,GCF_018289355.1,GCF_028395235.1,close_recombination,3,3,6.498194945848375e-05,0.9690488958050756,clonal,0.00037852103420358125,0.0003925403317666768,0.00038553068298512904,7.164571720756669e-05,21.0,276481.0,42.0,1284650.0,7.595458639110825e-05,3.269372980967579e-05,7.595458639110825e-05,naive_region_4D,0.43043786245280813,True
snv_table,GCF_018289355.1,GCF_028395285.1,close_recombination,3,3,4.332129963898917e-05,0.9690424816454632,clonal,0.00029423303256178896,0.0004133273552653702,0.0003537801939135796,6.708379217893433e-05,12.0,276648.0,36.0,1285378.0,4.337642057777392e-05,2.8007325471573342e-05,4.337642057777392e-05,naive_region_4D,0.6456808814216518,True
snv_table,GCF_019041415.1,GCF_019041655.1,close_recombination,1,1,0.0,0.9995114972608954,clonal,1.395722111727555e-05,1.395722111727555e-05,1.395722111727555e-05,5.2538116403450705e-06,0.0,286436.0,6.0,1331743.0,0.0,4.50537378458156e-06,0.0,naive_region_4D,,False
snv_table,GCF_019041435.1,GCF_019041605.1,close_recombination,1,1,0.0,0.9995499094585306,clonal,6.978147929757963e-06,1.3956295859515926e-05,1.0467221894636944e-05,5.253366094324938e-06,0.0,286474.0,5.0,1331924.0,0.0,3.7539679441169318e-06,0.0,naive_region_4D,,False
snv_table,GCF_019041435.1,GCF_019041655.1,close_recombination,1,1,0.0,0.9995114972608954,clonal,1.395722111727555e-05,6.978610558637775e-06,1.0467915837956664e-05,8.255989720542253e-06,0.0,286430.0,8.0,1331713.0,0.0,6.007300371776802e-06,0.0,naive_region_4D,,False
snv_table,GCF_019041535.1,GCF_020560185.1,close_recombination,21,21,9.947643979057593e-05,0.6691449814126395,clonal,0.00454670030428458,0.004912122894428008,0.004729411599356294,0.0005707805707805708,19.0,190345.0,80.0,885367.0,9.981875016417558e-05,9.03580097292987e-05,9.981875016417558e-05,naive_region_4D,0.905220808522282,True
snv_table,GCF_019041535.1,GCF_028396205.1,close_recombination,19,19,8.994708994708995e-05,0.6660197042256493,clonal,0.0052530537330436064,0.004817057305401433,0.00503505551922252,0.0006218632596831372,20.0,189337.0,74.0,881471.0,0.000105631757131464,8.395057806779804e-05,0.000105631757131464,naive_region_4D,0.7947475299811338,True
snv_table,GCF_019041535.1,GCF_028396285.1,close_recombination,19,19,8.994708994708995e-05,0.66598454322342,clonal,0.004971765715209946,0.005098345323235094,0.00503505551922252,0.0006203605353862728,20.0,189323.0,74.0,881408.0,0.0001056395683567237,8.395657856520476e-05,0.0001056395683567237,naive_region_4D,0.794745566185013,True
snv_table,GCF_019041535.1,GCF_040095755.1,close_recombination,25,25,7.954545454545455e-05,0.6168453551565903,clonal,0.00665411970366611,0.0069290250727794345,0.006791572388222772,0.0008727756920974748,14.0,174708.0,74.0,814506.0,8.01337088169975e-05,9.085261495925137e-05,8.01337088169975e-05,naive_region_4D,1.133762761021492,True
snv_table,GCF_019041605.1,GCF_019041655.1,close_recombination,1,1,0.0,0.9999302138944136,clonal,1.395722111727555e-05,0.0,6.978610558637775e-06,6.0043561603943665e-06,0.0,286556.0,7.0,1332241.0,0.0,5.254304589034567e-06,0.0,naive_region_4D,,False
snv_table,GCF_019041655.1,GCF_019041715.1,close_recombination,1,1,0.0,0.9995114972608954,clonal,6.978610558637775e-06,2.0935831675913327e-05,1.395722111727555e-05,6.754900680443662e-06,0.0,286430.0,6.0,1331713.0,0.0,4.505475278832601e-06,0.0,naive_region_4D,,False
snv_table,GCF_019041655.1,GCF_019041765.1,close_recombination,1,1,0.0,0.9995114972608954,clonal,1.395722111727555e-05,1.395722111727555e-05,1.395722111727555e-05,8.255989720542253e-06,0.0,286430.0,8.0,1331713.0,0.0,6.007300371776802e-06,0.0,naive_region_4D,,False
snv_table,GCF_019041655.1,GCF_019041855.1,close_recombination,1,1,0.0,0.9995428866533372,clonal,2.0936489160132736e-05,6.978829720044246e-06,1.3957659440088492e-05,9.757386341460486e-06,0.0,286403.0,7.0,1331588.0,0.0,5.256881257566154e-06,0.0,naive_region_4D,,False
snv_table,GCF_019042015.1,GCF_021410705.1,close_recombination,6,6,0.0001031390134529,0.7860631071222713,clonal,0.002616792025149493,0.002652154079543405,0.0026344730523464492,0.0003568224994465067,24.0,222252.0,74.0,1032344.0,0.00010798552993898818,7.168153251241834e-05,0.00010798552993898818,naive_region_4D,0.66380683183125,True
snv_table,GCF_019042015.1,GCF_040928465.1,close_recombination,5,5,8.888888888888889e-05,0.799597051212228,clonal,0.0023066326367160387,0.0021998440887199258,0.0022532383627179822,0.0003516476107881503,21.0,224556.0,80.0,1044246.0,9.351787527387377e-05,7.661030063797228e-05,9.351787527387377e-05,naive_region_4D,0.8192048890505003,True
snv_table,GCF_019042015.1,GCF_040928505.1,close_recombination,5,5,0.000125,0.7993077481433276,clonal,0.0023527981492274743,0.0021811654574905156,0.0022669818033589947,0.00035959257468283474,29.0,223397.0,95.0,1038211.0,0.0001298137396652596,9.150355756199848e-05,0.0001298137396652596,naive_region_4D,0.7048834568509578,True
snv_table,GCF_019042015.1,GCF_047307425.1,close_recombination,9,9,9.734513274336283e-05,0.7958652135859284,clonal,0.002752759818176685,0.0027033513086196673,0.0027280555633981763,0.00037061198823458826,24.0,225382.0,76.0,1044562.0,0.0001064858773105217,7.275776832777758e-05,0.0001064858773105217,naive_region_4D,0.6832621392187985,True
snv_table,GCF_019042015.1,GCF_047310325.1,close_recombination,17,17,0.0001351351351351,0.7848291533174319,clonal,0.002589869165737513,0.0023358220541120347,0.002462845609924774,0.0003811502232993639,34.0,222269.0,110.0,1034852.0,0.00015296780027804148,0.00010629539296440457,0.00015296780027804148,naive_region_4D,0.6948873734942718,True
snv_table,GCF_019127815.1,GCF_021410225.1,close_recombination,26,26,7.488986784140969e-05,0.7927800760286225,clonal,0.0023199910554561718,0.0017889087656529517,0.0020544499105545617,0.0002923864522098478,17.0,226689.0,55.0,1058502.0,7.499261102214929e-05,5.1960223032171884e-05,7.499261102214929e-05,naive_region_4D,0.6928712352317654,True
snv_table,GCF_019127895.1,GCF_021410225.1,close_recombination,26,26,7.456140350877193e-05,0.7932886328140013,clonal,0.002103416829431064,0.001998595392748453,0.0020510061110897587,0.0002916433652637719,17.0,226824.0,56.0,1058897.0,7.494797728635418e-05,5.2885219242287024e-05,7.494797728635418e-05,naive_region_4D,0.7056257040830889,True
snv_table,GCF_019128075.1,GCF_019128215.1,close_recombination,4,4,7.518796992481203e-06,0.9282953997526224,clonal,0.005527564447488138,0.005772146945164604,0.005649855696326371,0.0004992672651357307,2.0,265608.0,6.0,1235678.0,7.529893677901268e-06,4.855633911099817e-06,7.529893677901268e-06,naive_region_4D,0.6448476059297001,True
snv_table,GCF_019128075.1,GCF_019128325.1,close_recombination,4,4,1.1278195488721805e-05,0.9282628209382172,clonal,0.005707120628411961,0.005609324191694987,0.005658222410053474,0.0005028506142820097,3.0,265705.0,11.0,1236126.0,1.1290717148717562e-05,8.898769219319067e-06,1.1290717148717562e-05,naive_region_4D,0.7881491584730576,True
snv_table,GCF_019128075.1,GCF_019128615.1,close_recombination,3,3,1.8796992481203007e-05,0.9283530460001048,clonal,0.005583605583605583,0.0057163821869704225,0.005649993885288003,0.0005030449634972828,5.0,265621.0,12.0,1235726.0,1.882381287624096e-05,9.710890601961924e-06,1.882381287624096e-05,naive_region_4D,0.5158832945167456,True
snv_table,GCF_019128075.1,GCF_019128655.1,close_recombination,3,3,7.518796992481203e-06,0.9283165022004564,clonal,0.00572573118426158,0.005550953065083876,0.005638342124672728,0.000497238483400058,2.0,265503.0,4.0,1235167.0,7.532871568306196e-06,3.2384284878077216e-06,7.532871568306196e-06,naive_region_4D,0.42990623939920675,True
snv_table,GCF_019128075.1,GCF_019128665.1,close_recombination,4,4,7.518796992481203e-06,0.9282628209382172,clonal,0.005609324191694987,0.005693149708880964,0.0056512369502879755,0.0004990905127704033,2.0,265679.0,5.0,1236005.0,7.527881390700808e-06,4.045291078919584e-06,7.527881390700808e-06,naive_region_4D,0.5373744442781381,True
snv_table,GCF_019128075.1,GCF_019128745.1,close_recombination,3,3,1.1278195488721805e-05,0.9283165022004564,clonal,0.005935464927274824,0.005355201571604848,0.005645333249439836,0.0004979888622007648,4.0,265503.0,5.0,1235167.0,1.5065743136612392e-05,4.048035609759652e-06,1.5065743136612392e-05,naive_region_4D,0.2686913996245042,True
snv_table,GCF_019128075.1,GCF_019128755.1,close_recombination,4,4,7.518796992481203e-06,0.9282839012663182,clonal,0.00568165935202527,0.0056327397758085705,0.005657199563916921,0.0004978124826104023,2.0,265590.0,4.0,1235562.0,7.530404006174931e-06,3.237393186258561e-06,7.530404006174931e-06,naive_region_4D,0.4299096281692056,True
snv_table,GCF_019128075.1,GCF_019128815.1,close_recombination,3,3,7.518796992481203e-06,0.9283165022004564,clonal,0.005655819936590498,0.005627855437522066,0.005641837687056282,0.0004972366131642077,2.0,265503.0,4.0,1235167.0,7.532871568306196e-06,3.2384284878077216e-06,7.532871568306196e-06,naive_region_4D,0.42990623939920675,True
snv_table,GCF_019128075.1,GCF_021410585.1,close_recombination,7,7,1.1363636363636365e-05,0.9199573851232165,clonal,0.005882250205215083,0.005938138568210001,0.005910194386712542,0.0005434888829085902,3.0,263301.0,40.0,1224813.0,1.1393804049357959e-05,3.265804657527312e-05,1.1393804049357959e-05,naive_region_4D,2.8662987737719963,True
snv_table,GCF_019128075.1,GCF_040911985.1,close_recombination,5,5,1.1278195488721805e-05,0.9281360697413374,clonal,0.005455098593913369,0.0058887089949680215,0.005671903794440695,0.0005207482821703163,3.0,265347.0,35.0,1234472.0,1.1305950321654287e-05,2.835220239908236e-05,1.1305950321654287e-05,naive_region_4D,2.5077239499964357,True
snv_table,GCF_019128215.1,GCF_019128415.1,close_recombination,4,4,3.7593984962406014e-06,0.928308951949812,clonal,0.005700632937921784,0.005588855821491945,0.005644744379706864,0.0004991205255799269,1.0,265690.0,6.0,1236069.0,3.7637848620572846e-06,4.85409795084255e-06,3.7637848620572846e-06,naive_region_4D,1.2896852845593572,True
snv_table,GCF_019128215.1,GCF_021410585.1,close_recombination,3,3,1.7605633802816902e-05,0.9916991727109866,clonal,0.000251434398320977,0.0002933401313744731,0.00027238726484772504,5.560782356990204e-05,7.0,283977.0,47.0,1319578.0,2.4649883617335206e-05,3.561744739606147e-05,2.4649883617335206e-05,naive_region_4D,1.4449336941701927,True
snv_table,GCF_019128325.1,GCF_019128415.1,close_recombination,3,3,7.518796992481203e-06,0.9283788126475808,clonal,0.005672688658814325,0.005602827961045675,0.00563775830993,0.0005021291629551955,2.0,265710.0,11.0,1236160.0,7.527003123706296e-06,8.898524462852706e-06,7.527003123706296e-06,naive_region_4D,1.1822134675122962,True
snv_table,GCF_019128325.1,GCF_019128615.1,close_recombination,1,1,0.0,0.999940637690876,clonal,6.983801073410225e-06,6.983801073410225e-06,6.983801073410225e-06,7.514017399458691e-07,0.0,286357.0,0.0,1330755.0,0.0,0.0,0.0,naive_region_4D,,False
snv_table,GCF_019128325.1,GCF_021410585.1,close_recombination,3,3,1.0526315789473684e-05,0.9917127457551386,clonal,0.0003071939231456658,0.00020945040214477212,0.0002583221626452189,4.8076381350871195e-05,3.0,284084.0,38.0,1320045.0,1.0560256825445995e-05,2.8786897416375958e-05,1.0560256825445995e-05,naive_region_4D,2.7259656552112492,True
snv_table,GCF_019128325.1,GCF_047307725.1,close_recombination,39,39,0.000130890052356,0.668003885856461,clonal,0.0036901658477946366,0.003746077451549101,0.003718121649671869,0.0005226404850103701,28.0,190931.0,101.0,891614.0,0.0001466498368520565,0.00011327771883348624,0.0001466498368520565,naive_region_4D,0.7724367190927272,True
snv_table,GCF_019128415.1,GCF_019128615.1,close_recombination,4,4,7.518796992481203e-06,0.9282967196107268,clonal,0.005651868644704255,0.005637896163505975,0.005644882404105115,0.0005028971083040415,2.0,265683.0,11.0,1236026.0,7.527768054410707e-06,8.899489169321681e-06,7.527768054410707e-06,naive_region_4D,1.182221490486446,True
snv_table,GCF_019128415.1,GCF_019128655.1,close_recombination,3,3,3.7593984962406014e-06,0.928330054270528,clonal,0.0055773189031272825,0.0056891448460471275,0.0056332318745872054,0.0004970922734112788,1.0,265585.0,4.0,1235558.0,3.765272888152569e-06,3.2374036670071337e-06,3.765272888152569e-06,naive_region_4D,0.8598058529020896,True
snv_table,GCF_019128415.1,GCF_019128665.1,close_recombination,3,3,3.7593984962406014e-06,0.9283668622520256,clonal,0.005769768091645711,0.005490360435875943,0.005630064263760827,0.0004975528217708671,1.0,265746.0,5.0,1236332.0,3.76299172894418e-06,4.044221131540719e-06,3.76299172894418e-06,naive_region_4D,1.0747355888224197,True
snv_table,GCF_019128415.1,GCF_019128745.1,close_recombination,3,3,7.518796992481203e-06,0.928330054270528,clonal,0.0056332318745872054,0.005647210117452186,0.005640220996019695,0.0004978424321182067,3.0,265585.0,5.0,1235558.0,1.1295818664457706e-05,4.046754583758917e-06,1.1295818664457706e-05,naive_region_4D,0.358252438709204,True
snv_table,GCF_019128415.1,GCF_019128755.1,close_recombination,3,3,3.7593984962406014e-06,0.9283530460001048,clonal,0.0055067349184996246,0.005765299882946942,0.005636017400723283,0.0004970261145491048,1.0,265621.0,4.0,1235730.0,3.764762575248192e-06,3.236953056088304e-06,3.764762575248192e-06,naive_region_4D,0.8598027077112315,True
snv_table,GCF_019128415.1,GCF_019128815.1,close_recombination,3,3,3.7593984962406014e-06,0.928330054270528,clonal,0.0055423732959648305,0.005731079574642069,0.00563672643530345,0.0004970904042751279,1.0,265585.0,4.0,1235558.0,3.765272888152569e-06,3.2374036670071337e-06,3.765272888152569e-06,naive_region_4D,0.8598058529020896,True
snv_table,GCF_019128415.1,GCF_021410585.1,close_recombination,6,6,7.575757575757576e-06,0.9200473700206456,clonal,0.00591077248765969,0.005868852115406785,0.005889812301533238,0.0005427775626881773,2.0,263303.0,40.0,1224845.0,7.595811669445467e-06,3.265719335915973e-05,7.595811669445467e-06,naive_region_4D,4.299368491523417,True
snv_table,GCF_019128415.1,GCF_040911985.1,close_recombination,4,4,7.518796992481203e-06,0.928211763060354,clonal,0.0054689139100636405,0.005832575704594727,0.005650744807329184,0.0005199621052219696,2.0,265386.0,35.0,1234672.0,7.536192564792416e-06,2.8347609729547605e-05,7.536192564792416e-06,naive_region_4D,3.76152937784286,True
snv_table,GCF_019128615.1,GCF_021410585.1,close_recombination,3,3,1.4084507042253522e-05,0.991688493102846,clonal,0.00028636284267504803,0.00024445608521040686,0.0002654094639427274,4.884643507444572e-05,5.0,283970.0,39.0,1319531.0,1.760749374933972e-05,2.9555955866137287e-05,1.760749374933972e-05,naive_region_4D,1.6786009574614011,True
snv_table,GCF_019128655.1,GCF_021410585.1,close_recombination,3,3,1.056338028169014e-05,0.99174795270969,clonal,0.00023058218508063388,0.000286480896615333,0.0002585315408479835,5.337779979716436e-05,3.0,283797.0,36.0,1318617.0,1.057093626782524e-05,2.7301331622449883e-05,1.057093626782524e-05,naive_region_4D,2.5826786701521365,True
snv_table,GCF_019128665.1,GCF_021410585.1,close_recombination,3,3,1.0526315789473684e-05,0.9917127457551386,clonal,0.00022341376228775692,0.00029323056300268094,0.0002583221626452189,5.483695770568178e-05,3.0,284084.0,46.0,1320049.0,1.0560256825445995e-05,3.484719127850557e-05,1.0560256825445995e-05,naive_region_4D,3.2998431623876585,True
snv_table,GCF_019128665.1,GCF_047307725.1,close_recombination,39,39,0.000130890052356,0.667640337943131,clonal,0.003605844822887331,0.0038294631064772432,0.003717653964682287,0.0005285865310437441,28.0,190873.0,105.0,891347.0,0.00014669439889350512,0.00011779924092412943,0.00014669439889350512,naive_region_4D,0.8030248040325484,True
snv_table,GCF_019128745.1,GCF_021410585.1,close_recombination,3,3,1.7605633802816902e-05,0.99174795270969,clonal,0.0002794935576734956,0.0002515442019061461,0.00026551887978982087,5.412939632190752e-05,5.0,283797.0,37.0,1318622.0,1.761822711304207e-05,2.8059595547473045e-05,1.761822711304207e-05,naive_region_4D,1.5926458075172414,True
snv_table,GCF_019128755.1,GCF_021410585.1,close_recombination,3,3,7.042253521126761e-06,0.9917265898113774,clonal,0.0003003432993759146,0.00020954183677389387,0.0002549425680749042,5.335870502180567e-05,2.0,283904.0,36.0,1319093.0,7.04463480613165e-06,2.7291479827426876e-05,7.04463480613165e-06,naive_region_4D,3.8740801444629,True
snv_table,GCF_019128815.1,GCF_021410585.1,close_recombination,3,3,7.042253521126761e-06,0.99174795270969,clonal,0.00020263282931328434,0.0003074429134408452,0.00025503787137706475,5.337759915076991e-05,2.0,283797.0,36.0,1318622.0,7.047290845216828e-06,2.7301228100244044e-05,7.047290845216828e-06,naive_region_4D,3.8740033155824793,True
snv_table,GCF_019129355.1,GCF_021406445.1,close_recombination,3,3,5.166051660516605e-05,0.9571784843847418,clonal,0.0004534376239868503,0.0004676075497364394,0.00046052258686164483,9.376972594844647e-05,14.0,270109.0,55.0,1256399.0,5.183092751444787e-05,4.377590240043171e-05,5.183092751444787e-05,naive_region_4D,0.8445903729627292,True
snv_table,GCF_019129355.1,GCF_028199555.1,close_recombination,5,5,5.147058823529412e-05,0.9617988651027948,clonal,0.00047375771182096203,0.0005373968074387031,0.0005055772596298326,9.510549101062898e-05,17.0,272014.0,54.0,1264919.0,6.249678325380312e-05,4.269048057622662e-05,6.249678325380312e-05,naive_region_4D,0.6830828460859828,True
snv_table,GCF_019129355.1,GCF_047307865.1,close_recombination,8,8,7.142857142857143e-05,0.9432801411543398,clonal,0.000664754906987352,0.0007213297926884032,0.0006930423498378776,0.00014153560038869024,22.0,266761.0,84.0,1240838.0,8.247082594532185e-05,6.769618596464647e-05,8.247082594532185e-05,naive_region_4D,0.8208501029143207,True
snv_table,GCF_019129475.1,GCF_019129775.1,close_recombination,1,1,0.0,0.9998091090340916,clonal,1.4140071548762037e-05,0.0,7.070035774381019e-06,3.0418898653355356e-06,0.0,282824.0,4.0,1314767.0,0.0,3.0423641603417184e-06,0.0,naive_region_4D,,False
snv_table,GCF_019129485.1,GCF_019129775.1,close_recombination,1,1,0.0,0.9998091090340916,clonal,0.0,1.4140071548762037e-05,7.070035774381019e-06,2.2814087242590555e-06,0.0,282824.0,3.0,1314772.0,0.0,2.281764442808335e-06,0.0,naive_region_4D,,False
snv_table,GCF_019129515.1,GCF_019129775.1,close_recombination,1,1,0.0,0.9998091090340916,clonal,0.0,1.4140071548762037e-05,7.070035774381019e-06,0.0,0.0,282824.0,0.0,1314781.0,0.0,0.0,0.0,naive_region_4D,,False
snv_table,GCF_019129575.1,GCF_019129775.1,close_recombination,1,1,0.0,0.9998091090340916,clonal,7.070035774381019e-06,7.070035774381019e-06,7.070035774381019e-06,0.0,0.0,282824.0,0.0,1314776.0,0.0,0.0,0.0,naive_region_4D,,False
snv_table,GCF_019129675.1,GCF_019129775.1,close_recombination,1,1,0.0,0.9998091090340916,clonal,0.0,1.4140071548762037e-05,7.070035774381019e-06,1.5209287399257482e-06,0.0,282824.0,2.0,1314781.0,0.0,1.5211658823788904e-06,0.0,naive_region_4D,,False
snv_table,GCF_020091465.1,GCF_040094775.1,close_recombination,30,30,0.0001458333333333,0.6765392844511523,clonal,0.0037678895966327115,0.004090051160657069,0.00392897037864489,0.0005508267676189214,37.0,192612.0,87.0,898298.0,0.00019209602724648515,9.684982043820647e-05,0.00019209602724648515,naive_region_4D,0.5041739895741575,True
snv_table,GCF_020538405.1,GCF_024758205.1,close_recombination,20,20,7.894736842105263e-05,0.8073902380243553,clonal,0.0021335714994542027,0.002076865280199606,0.002105218389826904,0.0002951296740304189,19.0,227708.0,44.0,1063497.0,8.344019533788888e-05,4.137294228380522e-05,8.344019533788888e-05,naive_region_4D,0.4958394706084589,True
snv_table,GCF_020538405.1,GCF_028199455.1,close_recombination,25,25,5.531914893617021e-05,0.8313722437106529,clonal,0.002116207388324056,0.0020525088381738335,0.0020843581132489446,0.00027340049288244843,14.0,234695.0,41.0,1095713.0,5.9651888621402246e-05,3.741855759674294e-05,5.9651888621402246e-05,naive_region_4D,0.6272820267976846,True
snv_table,GCF_020538405.1,GCF_028200305.1,close_recombination,25,25,4.2553191489361704e-05,0.8313427395524792,clonal,0.002059601031923816,0.002073756365476557,0.0020666786987001864,0.0002734025750105477,10.0,234693.0,41.0,1095657.0,4.260885497224033e-05,3.74204700923738e-05,4.260885497224033e-05,naive_region_4D,0.8782322387389483,True
snv_table,GCF_020538405.1,GCF_028200405.1,close_recombination,24,24,5.508474576271186e-05,0.8330149160793637,clonal,0.002080326059268065,0.0019388072797260195,0.0020095666694970424,0.0002611813009417756,15.0,235281.0,46.0,1098267.0,6.375355426065003e-05,4.188416842170438e-05,6.375355426065003e-05,naive_region_4D,0.6569699353618019,True
snv_table,GCF_020538405.1,GCF_964084965.1,close_recombination,14,14,7.480314960629921e-05,0.8984883194750835,clonal,0.001442389275411505,0.0012939080264720855,0.0013681486509417953,0.00018791972860434986,22.0,254024.0,39.0,1184103.0,8.660598998519824e-05,3.2936323951548134e-05,8.660598998519824e-05,naive_region_4D,0.38030076161218473,True
snv_table,GCF_020558905.1,GCF_020559185.1,close_recombination,1,1,3.5087719298245615e-06,0.9980368098159508,clonal,0.000245398773006135,0.00018930762489044697,0.00021735319894829096,1.659493130452755e-05,1.0,284690.0,4.0,1323019.0,3.5125926446310023e-06,3.023388175075339e-06,3.5125926446310023e-06,naive_region_4D,0.8607283795621983,True
snv_table,GCF_020558905.1,GCF_024463175.1,close_recombination,1,1,3.496503496503497e-06,0.9997651323146386,clonal,2.1032927047292537e-05,2.1032927047292537e-05,2.1032927047292537e-05,2.2627796135624974e-06,1.0,285159.0,1.0,1325310.0,3.5068154959163135e-06,7.54540447140669e-07,3.5068154959163135e-06,naive_region_4D,0.21516399936618602,True
snv_table,GCF_020558905.1,GCF_036419465.1,close_recombination,1,1,0.0,0.9997686288807248,clonal,2.1033738115937966e-05,1.4022492077291976e-05,1.752811509661497e-05,2.2628632461225837e-06,0.0,285139.0,1.0,1325219.0,0.0,7.545922598453538e-07,0.0,naive_region_4D,,False
snv_table,GCF_020559185.1,GCF_024463175.1,close_recombination,2,2,0.0,0.9977914110429448,clonal,0.00020333041191936897,0.000259421560035057,0.00023137598597721296,1.885787648241767e-05,0.0,284579.0,5.0,1322508.0,0.0,3.780695466492452e-06,0.0,naive_region_4D,,False
snv_table,GCF_020559185.1,GCF_029076805.1,close_recombination,1,1,3.5087719298245615e-06,0.9980368098159508,clonal,0.00019631901840490797,0.00023838737949167396,0.00021735319894829096,1.659493130452755e-05,1.0,284690.0,4.0,1323019.0,3.5125926446310023e-06,3.023388175075339e-06,3.5125926446310023e-06,naive_region_4D,0.8607283795621983,True
snv_table,GCF_020559185.1,GCF_036419465.1,close_recombination,2,2,3.5087719298245615e-06,0.9977948317025372,clonal,0.00021736158098997684,0.0002524199005044892,0.00023489074074723303,1.8858573522411906e-05,1.0,284569.0,5.0,1322463.0,3.514086214591189e-06,3.7808241137937317e-06,3.514086214591189e-06,naive_region_4D,1.0759053372381684,True
snv_table,GCF_020560185.1,GCF_024461205.1,close_recombination,20,20,0.0001791044776119,0.7028208670712299,clonal,0.003399730679771253,0.003245833406201361,0.0033227820429863066,0.0004627626554299366,36.0,200898.0,117.0,937086.0,0.0001791954125974375,0.00012485513602807,0.0001791954125974375,naive_region_4D,0.6967540866046447,True
snv_table,GCF_020560185.1,GCF_024461385.1,close_recombination,18,18,0.0001764705882352,0.7143182080631559,clonal,0.0033173647246552283,0.0035833137954081793,0.003450339260031704,0.00048708509308820983,39.0,204100.0,122.0,951425.0,0.0001910828025477707,0.00012822870956722811,0.0001910828025477707,naive_region_4D,0.6710635800684938,True
snv_table,GCF_020560185.1,GCF_028396205.1,close_recombination,2,2,5.319148936170213e-05,0.983534316331384,clonal,0.00044766514647044014,0.0004266808427296382,0.00043717299460003915,0.00010533618041980983,15.0,281194.0,64.0,1307109.0,5.334395470742619e-05,4.89630168562836e-05,5.334395470742619e-05,naive_region_4D,0.9178737707923874,True
snv_table,GCF_020560185.1,GCF_028396285.1,close_recombination,2,2,5.673758865248227e-05,0.9835331801698786,clonal,0.00037066954809787076,0.0005105448492668785,0.0004406071986823747,0.00010457056105491384,16.0,281235.0,63.0,1307277.0,5.689192312478888e-05,4.819177572924484e-05,5.689192312478888e-05,naive_region_4D,0.8470758779508857,True
snv_table,GCF_020560185.1,GCF_039760315.1,close_recombination,20,20,0.0001684210526315,0.6642974207368425,clonal,0.004305178444754287,0.0043820566312677564,0.004343617538011021,0.0005953159458984084,37.0,189982.0,114.0,885606.0,0.000194755292606668,0.00012872541513946382,0.000194755292606668,naive_region_4D,0.6609597788925842,True
snv_table,GCF_020560185.1,GCF_040095755.1,close_recombination,11,11,6.751054852320675e-05,0.8285572327308098,clonal,0.003666925590801895,0.0035829501955926915,0.003624937893197293,0.0005020174780357945,16.0,236584.0,62.0,1101372.0,6.76292564163257e-05,5.6293423112263614e-05,6.76292564163257e-05,naive_region_4D,0.832382700849486,True
snv_table,GCF_020560185.1,GCF_040097405.1,close_recombination,15,15,6.896551724137931e-05,0.8144100955268074,clonal,0.003729422961683528,0.0037999224505622336,0.003764672706122881,0.0005483691138491644,16.0,230565.0,66.0,1073968.0,6.939474768503459e-05,6.145434500841738e-05,6.939474768503459e-05,naive_region_4D,0.8855763160541096,True
snv_table,GCF_020560185.1,GCF_040098345.1,close_recombination,20,20,0.0001356783919597,0.6987798304503356,clonal,0.0056843240064683685,0.005369306050444876,0.005526815028456622,0.000616763774955776,30.0,199519.0,129.0,930523.0,0.00015036161969536735,0.00013863171571256165,0.00015036161969536735,naive_region_4D,0.921988709575153,True
snv_table,GCF_020563555.1,GCF_024464715.1,close_recombination,1,1,0.0,0.999784536807118,clonal,7.0643669797358635e-06,7.0643669797358635e-06,7.0643669797358635e-06,0.0,0.0,283041.0,0.0,1316129.0,0.0,0.0,0.0,naive_region_4D,,False
snv_table,GCF_020885715.1,GCF_020885775.1,close_recombination,1,1,3.861003861003861e-06,0.9170796378614828,clonal,0.0009358317204415424,0.0009712798916703887,0.0009535558060559656,9.764678867938059e-05,1.0,258702.0,11.0,1203293.0,3.8654513687563296e-06,9.141580645777878e-06,3.8654513687563296e-06,naive_region_4D,2.3649451962240287,True
snv_table,GCF_020885715.1,GCF_020885855.1,close_recombination,1,1,0.0,0.9170796378614828,clonal,0.000978369525916158,0.0009145628177042347,0.0009464661718101964,9.840965421593824e-05,0.0,258702.0,12.0,1203293.0,0.0,9.972633431757684e-06,0.0,naive_region_4D,,False
snv_table,GCF_021406445.1,GCF_028199555.1,close_recombination,5,5,4.0293040293040296e-05,0.9676024999645696,clonal,0.0006164878615665878,0.0006306599963152449,0.0006235739289409164,0.00010063997877411357,15.0,272989.0,57.0,1270046.0,5.494726893757624e-05,4.4880264179407676e-05,5.494726893757624e-05,naive_region_4D,0.8167878958714881,True
snv_table,GCF_021406445.1,GCF_047307865.1,close_recombination,8,8,6.367041198501872e-05,0.9491058172373348,clonal,0.0008716820274048326,0.0007228582666283977,0.0007972701470166151,0.00014640696714154886,21.0,267751.0,87.0,1246032.0,7.843107962248507e-05,6.982164181979276e-05,7.843107962248507e-05,naive_region_4D,0.8902292580424442,True
snv_table,GCF_021410115.1,GCF_021411025.1,close_recombination,23,23,5.0228310502283106e-05,0.7690332836282813,clonal,0.004621163098219059,0.004649298033368033,0.004635230565793545,0.0004608375135356831,12.0,218353.0,63.0,1019757.0,5.49568817465297e-05,6.177942392158132e-05,5.49568817465297e-05,naive_region_4D,1.1241435459624205,True
snv_table,GCF_021410115.1,GCF_028201035.1,close_recombination,7,7,3.4883720930232556e-05,0.905308434598652,clonal,0.0028675245812922134,0.002804270362587238,0.0028358974719397256,0.00027447911350051606,9.0,257547.0,70.0,1196785.0,3.4945077985765705e-05,5.8490037893188835e-05,3.4945077985765705e-05,naive_region_4D,1.6737704210307895,True
snv_table,GCF_021410115.1,GCF_028396085.1,close_recombination,7,7,2.7237354085603113e-05,0.9027782670884916,clonal,0.002367480957984259,0.002395665255103119,0.0023815731065436893,0.00023425364438780578,8.0,256194.0,45.0,1190026.0,3.12263362920287e-05,3.781429985563341e-05,3.12263362920287e-05,naive_region_4D,1.210974592151768,True
snv_table,GCF_021410115.1,GCF_028396095.1,close_recombination,6,6,4.633204633204633e-05,0.9113237999252928,clonal,0.002889623432731681,0.002776857640234835,0.002833240536483258,0.00027299261327487246,13.0,258556.0,61.0,1201748.0,5.02792431813611e-05,5.0759393816340866e-05,5.02792431813611e-05,naive_region_4D,1.0095496790444483,True
snv_table,GCF_021410115.1,GCF_028396185.1,close_recombination,6,6,5.0193050193050195e-05,0.9113618106740702,clonal,0.0027974688896092,0.002917259748861987,0.0028573643192355935,0.0002805159674237565,14.0,258620.0,62.0,1202093.0,5.4133477689273836e-05,5.157670829128861e-05,5.4133477689273836e-05,naive_region_4D,0.9527691641637901,True
snv_table,GCF_021410115.1,GCF_047308905.1,close_recombination,37,37,0.0001128205128205,0.6893585386576041,clonal,0.008389974511469838,0.00875106202209006,0.00857051826677995,0.000832124897984688,23.0,194514.0,98.0,908414.0,0.00011824341692628808,0.00010788032769199946,0.00011824341692628808,naive_region_4D,0.9123580026383298,True
snv_table,GCF_021410115.1,GCF_051065055.1,close_recombination,7,7,5.038759689922481e-05,0.9048559936997244,clonal,0.0027985599369972436,0.002911064859087585,0.0028548123980424145,0.0002730907289101713,14.0,257276.0,66.0,1195529.0,5.4416268909653444e-05,5.5205687189520285e-05,5.4416268909653444e-05,naive_region_4D,1.0145070269550729,True
snv_table,GCF_021410225.1,GCF_024790525.1,close_recombination,35,35,0.0001042654028436,0.7435958045066626,clonal,0.003640892300853422,0.003549164394048976,0.003595028347451199,0.0005154952246465935,23.0,210642.0,101.0,981001.0,0.00010919000009494783,0.00010295606222623626,0.00010919000009494783,naive_region_4D,0.9429074286721242,True
snv_table,GCF_021410225.1,GCF_028199465.1,close_recombination,35,35,0.0001063829787234,0.8330187447740078,clonal,0.002582566266462978,0.0023214871630227317,0.0024520267147428547,0.0003386451006937669,34.0,235874.0,109.0,1099122.0,0.00014414475525068469,9.917006483356716e-05,0.00014414475525068469,naive_region_4D,0.6879894080162594,True
snv_table,GCF_021410225.1,GCF_028199675.1,close_recombination,36,36,0.0001025641025641,0.8237575586622711,clonal,0.00251044549829875,0.0024610828059164714,0.0024857641521076105,0.0003475336493006075,26.0,233248.0,91.0,1087017.0,0.00011146933735766223,8.371534207836677e-05,0.00011146933735766223,naive_region_4D,0.7510167734267266,True
snv_table,GCF_021410225.1,GCF_964238155.1,close_recombination,36,36,8e-05,0.6972870477394393,clonal,0.0030590116877992225,0.003240596856481368,0.0031498042721402955,0.00045826518829816083,16.0,199420.0,84.0,930897.0,8.023267475679471e-05,9.023554700466325e-05,8.023267475679471e-05,naive_region_4D,1.1246732989793715,True
snv_table,GCF_021410225.1,GCF_964241015.1,close_recombination,36,36,8e-05,0.6972870477394393,clonal,0.0030310755080019693,0.0032685330362786213,0.0031498042721402955,0.00045901644270520704,16.0,199420.0,85.0,930897.0,8.023267475679471e-05,9.130977970709971e-05,8.023267475679471e-05,naive_region_4D,1.1380622668243638,True
snv_table,GCF_021410225.1,GCF_964249005.1,close_recombination,36,36,8e-05,0.6972870477394393,clonal,0.0030799638226471624,0.0032196447216334286,0.0031498042721402955,0.00045826518829816083,16.0,199420.0,84.0,930897.0,8.023267475679471e-05,9.023554700466325e-05,8.023267475679471e-05,naive_region_4D,1.1246732989793715,True
snv_table,GCF_021410585.1,GCF_040911985.1,close_recombination,3,3,7.042253521126761e-06,0.9917031880168032,clonal,0.00022367142667421557,0.00029356874750990794,0.00025862008709206174,5.038802539857304e-05,3.0,283754.0,41.0,1318511.0,1.0572538184483743e-05,3.109568293324819e-05,1.0572538184483743e-05,naive_region_4D,2.941174805013635,True
snv_table,GCF_021410705.1,GCF_040928465.1,close_recombination,5,5,7.053941908713692e-05,0.8557728168788961,clonal,0.001569964658035413,0.0014705098833182376,0.0015202372706768252,0.00021015692226333655,18.0,240869.0,59.0,1118382.0,7.47294172350946e-05,5.275478324937275e-05,7.47294172350946e-05,naive_region_4D,0.7059439936940647,True
snv_table,GCF_021410705.1,GCF_040928505.1,close_recombination,5,5,0.0001,0.8549042554330181,clonal,0.0014771101446069423,0.0016198261006076132,0.0015484681226072777,0.0002219708089184645,25.0,239580.0,81.0,1111771.0,0.0001043492779029969,7.285673038782267e-05,0.0001043492779029969,naive_region_4D,0.6982006186525823,True
snv_table,GCF_021410705.1,GCF_047307425.1,close_recombination,6,6,9.16030534351145e-05,0.9209608924383595,clonal,0.001056390103737508,0.0009859640968216744,0.0010211771002795913,0.00016134469058557517,26.0,261479.0,70.0,1216886.0,9.943437140267478e-05,5.7523876517603126e-05,9.943437140267478e-05,naive_region_4D,0.5785109887671672,True
snv_table,GCF_021410705.1,GCF_047310325.1,close_recombination,18,18,0.0001220657276995,0.7504219714081336,clonal,0.0030515844629951335,0.0029458713753625076,0.002998727919178821,0.00041004014755381874,28.0,212845.0,86.0,990399.0,0.00013155112875566728,8.683369026018806e-05,0.00013155112875566728,naive_region_4D,0.6600756001224902,True
snv_table,GCF_021411025.1,GCF_028201035.1,close_recombination,23,23,5.3278688524590167e-05,0.8550350579845702,clonal,0.0021379392797113784,0.0018425660897512536,0.001990252684731316,0.0002595101386752575,13.0,242899.0,56.0,1133142.0,5.352018740299466e-05,4.9420107982935945e-05,5.352018740299466e-05,naive_region_4D,0.9233919083805506,True
snv_table,GCF_021411025.1,GCF_028396085.1,close_recombination,26,26,5.106382978723405e-05,0.8282686558745558,clonal,0.0027426814823171075,0.00269332731682554,0.002718004399571324,0.0003208668106900988,12.0,234574.0,49.0,1094094.0,5.115656466616078e-05,4.478591419018841e-05,5.115656466616078e-05,naive_region_4D,0.8754675862707715,True
snv_table,GCF_021411025.1,GCF_028396095.1,close_recombination,22,22,6.722689075630252e-05,0.8363099120954292,clonal,0.002108581361974309,0.002059216580924743,0.002083898971449526,0.00026708145225539667,16.0,236867.0,49.0,1104585.0,6.754845546234806e-05,4.4360551700412374e-05,6.754845546234806e-05,naive_region_4D,0.6567219249763486,True
snv_table,GCF_021411025.1,GCF_028396185.1,close_recombination,21,21,6.751054852320675e-05,0.8349843826015836,clonal,0.0019883098661063674,0.0021434262386394883,0.002065868052372928,0.00026626431170675426,16.0,236616.0,50.0,1103499.0,6.762011022077965e-05,4.5310417136762243e-05,6.762011022077965e-05,naive_region_4D,0.6700731038270085,True
snv_table,GCF_021411025.1,GCF_047308905.1,close_recombination,41,41,0.0001295336787564,0.6821746041298645,clonal,0.006896087850778288,0.007051851642068968,0.006973969746423628,0.0007269341286429572,25.0,192421.0,78.0,899708.0,0.00012992344910378804,8.669479431104313e-05,0.00012992344910378804,naive_region_4D,0.6672759606450093,True
snv_table,GCF_021411025.1,GCF_051065055.1,close_recombination,23,23,6.224066390041494e-05,0.8468541997945485,clonal,0.002005262935704938,0.002012298946005657,0.0020087809408552973,0.0002588710648002719,15.0,240368.0,52.0,1120867.0,6.240431338614125e-05,4.639265854021931e-05,6.240431338614125e-05,naive_region_4D,0.7434207031996957,True
snv_table,GCF_021891045.1,GCF_021891195.1,close_recombination,33,33,0.0001136363636363,0.8164628997319823,clonal,0.00268017769945295,0.002672834746851709,0.0026765062231523295,0.0003950464337578239,34.0,222177.0,60.0,1033591.0,0.0001530311418373639,5.805004107040406e-05,0.0001530311418373639,naive_region_4D,0.3793348227911518,True
snv_table,GCF_021891045.1,GCF_027660715.1,close_recombination,2,2,3.8732394366197184e-05,0.9973928503664768,clonal,9.838300503861533e-05,0.0001124377200441318,0.00010541036254137357,3.251024450728078e-05,11.0,283838.0,28.0,1319192.0,3.875450080679824e-05,2.1225113554357517e-05,3.875450080679824e-05,naive_region_4D,0.5476812528219754,True
snv_table,GCF_021891045.1,GCF_027671015.1,close_recombination,14,14,5.747126436781609e-05,0.91860260780937,clonal,0.0008434962921308825,0.0006537096264014339,0.0007486029592661583,0.00013612284330370142,18.0,261370.0,43.0,1214732.0,6.886788843402073e-05,3.5398754622418775e-05,6.886788843402073e-05,naive_region_4D,0.5140095830923109,True
snv_table,GCF_021891045.1,GCF_027686305.1,close_recombination,1,1,4.210526315789474e-05,0.9995221967706124,clonal,3.513259039615509e-05,0.00010539777118846527,7.026518079231018e-05,2.8727507495611495e-05,12.0,284481.0,20.0,1322129.0,4.2182078943760746e-05,1.5127116945472038e-05,4.2182078943760746e-05,naive_region_4D,0.3586147796470692,True
snv_table,GCF_021891045.1,GCF_030541685.1,close_recombination,14,14,5.747126436781609e-05,0.9182171155501678,clonal,0.00070275303501467,0.0008854688241184841,0.000794110929566577,0.00013458248053657582,18.0,261315.0,40.0,1214491.0,6.888238333046323e-05,3.2935608415377306e-05,6.888238333046323e-05,naive_region_4D,0.47814269517024005,True
snv_table,GCF_021891045.1,GCF_030546205.1,close_recombination,14,14,6.153846153846154e-05,0.9159594468750548,clonal,0.0007520250206455467,0.0008293360040763973,0.000790680512360972,0.00013308148670168122,19.0,260643.0,36.0,1211365.0,7.2896644068707e-05,2.971854065455086e-05,7.2896644068707e-05,naive_region_4D,0.40768050483284735,True
snv_table,GCF_021891045.1,GCF_040921925.1,close_recombination,17,17,0.0001056910569105,0.8685662090110248,clonal,0.0014444829954612078,0.001486967789445361,0.0014657253924532845,0.00023243248598355903,26.0,245268.0,53.0,1140241.0,0.00010600649085897875,4.648140173875523e-05,0.00010600649085897875,naive_region_4D,0.43847694006388527,True
snv_table,GCF_021891045.1,GCF_040921935.1,close_recombination,18,18,8.502024291497975e-05,0.8678978422176641,clonal,0.0015058386430564302,0.0013791793179395342,0.0014425089804979822,0.00022031084270032956,21.0,246644.0,47.0,1147474.0,8.514295908272652e-05,4.095953372363993e-05,8.514295908272652e-05,naive_region_4D,0.48106777313016413,True
snv_table,GCF_021891045.1,GCF_047307925.1,close_recombination,14,14,6.513409961685824e-05,0.918185493083994,clonal,0.0007944179833734643,0.0007592667451710986,0.0007768423642722815,0.0001300931073343771,20.0,261205.0,47.0,1213975.0,7.65682127064949e-05,3.871578904013674e-05,7.65682127064949e-05,naive_region_4D,0.5056378838114458,True
snv_table,GCF_021891045.1,GCF_047638235.1,close_recombination,22,22,9.504132231404958e-05,0.8591881237648004,clonal,0.0017121055727979538,0.0017543797844719775,0.0017332426786349658,0.0002880926748646723,29.0,243821.0,55.0,1134991.0,0.00011893971397049475,4.845853403242845e-05,0.00011893971397049475,naive_region_4D,0.4074209733214047,True
snv_table,GCF_021891195.1,GCF_027660715.1,close_recombination,33,33,9.95475113122172e-05,0.8142498310761186,clonal,0.0026219924204588852,0.0025412027380357824,0.002581597579247334,0.0003824835192276994,25.0,221408.0,60.0,1029770.0,0.00011291371585489233,5.826543791332045e-05,0.00011291371585489233,naive_region_4D,0.5160173631004982,True
snv_table,GCF_021891195.1,GCF_027671015.1,close_recombination,26,26,9.205020920502092e-05,0.8745716395050301,clonal,0.0020642109168108307,0.002196437950627895,0.002130324433719363,0.0003122045912253912,22.0,237792.0,63.0,1106456.0,9.251783070919122e-05,5.693854974802432e-05,9.251783070919122e-05,naive_region_4D,0.615433255531009,True
snv_table,GCF_021891195.1,GCF_027686305.1,close_recombination,34,34,0.0001136363636363,0.8070248874593349,clonal,0.002746506282449531,0.002540885491250101,0.002643695886849816,0.0003903524471700633,25.0,219481.0,56.0,1020772.0,0.0001139050760658098,5.486043896188375e-05,0.0001139050760658098,naive_region_4D,0.4816329601517283,True
snv_table,GCF_021891195.1,GCF_027686505.1,close_recombination,34,34,0.0001090909090909,0.8073190263828787,clonal,0.0026816348421508916,0.002593471504874698,0.002637553173512795,0.00038339496637981873,24.0,219511.0,59.0,1020949.0,0.00010933392859583347,5.7789370477859326e-05,0.00010933392859583347,naive_region_4D,0.5285584376235575,True
snv_table,GCF_021891195.1,GCF_030541685.1,close_recombination,25,25,9.205020920502092e-05,0.876896637828469,clonal,0.002012308867378564,0.0021518485333646684,0.002082078700371616,0.0002987032485953835,23.0,238478.0,50.0,1109616.0,9.6444955090197e-05,4.506063358855676e-05,9.6444955090197e-05,naive_region_4D,0.4672160772579061,True
snv_table,GCF_021891195.1,GCF_030546205.1,close_recombination,25,25,9.205020920502092e-05,0.8743123241790124,clonal,0.002019875575664539,0.0021520856133443998,0.0020859805945044694,0.0002971488723753496,22.0,237758.0,47.0,1106483.0,9.253106099479302e-05,4.2476929153001e-05,9.253106099479302e-05,naive_region_4D,0.4590558964345096,True
snv_table,GCF_021891195.1,GCF_040921925.1,close_recombination,21,21,7.024793388429752e-05,0.8916700269687362,clonal,0.0016499391446212353,0.0017313262773155564,0.001690632710968396,0.0002349255445295397,17.0,240902.0,55.0,1120433.0,7.056811483507817e-05,4.9088165021915635e-05,7.056811483507817e-05,naive_region_4D,0.6956139488299717,True
snv_table,GCF_021891195.1,GCF_040921935.1,close_recombination,20,20,8.19672131147541e-05,0.8946251898040743,clonal,0.0016912324304848322,0.0016691728770437256,0.001680202653764279,0.00022945216318004874,20.0,243199.0,55.0,1131418.0,8.223718025156353e-05,4.8611565310079915e-05,8.223718025156353e-05,naive_region_4D,0.5911142035923063,True
snv_table,GCF_021891195.1,GCF_047307925.1,close_recombination,25,25,9.205020920502092e-05,0.8767050819063854,clonal,0.0020058706617536305,0.0021601684049654484,0.0020830195333595394,0.0003011983901301794,22.0,238312.0,51.0,1108748.0,9.231595555406358e-05,4.5997828180975296e-05,9.231595555406358e-05,naive_region_4D,0.4982652013392993,True
snv_table,GCF_021891195.1,GCF_047308905.1,close_recombination,42,42,0.0001311475409836,0.6758676304127487,clonal,0.007294679914476167,0.007006147950313316,0.007150413932394742,0.0008098371725614107,24.0,182399.0,90.0,851081.0,0.0001315796687481839,0.00010574786653679261,0.0001315796687481839,naive_region_4D,0.8036793795185182,True
snv_table,GCF_021891195.1,GCF_047638235.1,close_recombination,22,22,0.0001142857142857,0.900804723794939,clonal,0.0016639302621794542,0.0017301929717352732,0.0016970616169573636,0.0002677959521611846,29.0,244515.0,67.0,1136801.0,0.00011860213074862483,5.893731620573873e-05,0.00011860213074862483,naive_region_4D,0.49693303007055883,True
snv_table,GCF_021891215.1,GCF_047308005.1,close_recombination,9,9,7.434944237918216e-05,0.9452431505522868,clonal,0.0007042228724546745,0.0007746451597001419,0.0007394340160774081,0.000119749949977869,20.0,268407.0,54.0,1247369.0,7.451370493317983e-05,4.329111914758183e-05,7.451370493317983e-05,naive_region_4D,0.5809819708522499,True
snv_table,GCF_021891245.1,GCF_028199635.1,close_recombination,31,31,0.0001139896373056,0.670769832648114,clonal,0.0038144074220264564,0.003926184928899026,0.0038702961754627416,0.0004931059132870244,23.0,191750.0,83.0,893507.0,0.00011994784876140809,9.289238920344217e-05,0.00011994784876140809,naive_region_4D,0.7744398099895667,True
snv_table,GCF_021891245.1,GCF_028200395.1,close_recombination,32,32,0.000109375,0.669195756438874,clonal,0.0039543226825119035,0.003926376939172596,0.003940349810842249,0.0005089154163033347,21.0,191298.0,81.0,891569.0,0.00010977636985227237,9.085107265954738e-05,0.00010977636985227237,naive_region_4D,0.8276013570298141,True
snv_table,GCF_021891245.1,GCF_047309325.1,close_recombination,15,15,0.0001287128712871,0.7034118900787897,clonal,0.003389179084921647,0.0034031550811481283,0.0033961670830348874,0.0004669636384964523,27.0,201236.0,98.0,934721.0,0.0001341708243057902,0.0001048441192612555,0.0001341708243057902,naive_region_4D,0.7814226364317782,True
snv_table,GCF_021891245.1,GCF_964238335.1,close_recombination,15,15,0.000105,0.6970927978371506,clonal,0.0033881846665432484,0.003374212771011111,0.00338119871877718,0.0004554832745188676,21.0,199502.0,83.0,927320.0,0.00010526210263556255,8.950524090928698e-05,0.00010526210263556255,naive_region_4D,0.8503083129468844,True
snv_table,GCF_021891245.1,GCF_964238845.1,close_recombination,16,16,0.0001139896373056,0.6736781071206522,clonal,0.0035837286146408937,0.003646601046476699,0.0036151648305587964,0.0004802814043157681,23.0,192797.0,81.0,895810.0,0.00011929646208187887,9.042095980174368e-05,0.00011929646208187887,naive_region_4D,0.7579517298650772,True
snv_table,GCF_021891295.1,GCF_028201295.1,close_recombination,39,39,8.290155440414508e-05,0.672397278949613,clonal,0.0037543783602385465,0.004041025497612439,0.003897701928925493,0.0005060534672181872,17.0,191873.0,68.0,894103.0,8.860027205495301e-05,7.605387746154526e-05,8.860027205495301e-05,naive_region_4D,0.858393272363475,True
snv_table,GCF_022135985.1,GCF_028199515.1,close_recombination,23,23,8.097165991902834e-05,0.8593101524081889,clonal,0.0020367593206152127,0.0018135528197258746,0.0019251560701705438,0.00025660456636079204,20.0,246145.0,70.0,1146157.0,8.125292002681347e-05,6.107365744832514e-05,8.125292002681347e-05,naive_region_4D,0.7516487706308995,True
snv_table,GCF_022135985.1,GCF_028201265.1,close_recombination,16,16,6.94980694980695e-05,0.9017208706607432,clonal,0.0012493849047780247,0.0013122031402137914,0.0012807940224959082,0.00015990654851099227,18.0,258269.0,53.0,1201216.0,6.969477560218222e-05,4.412195641749694e-05,6.969477560218222e-05,naive_region_4D,0.6330740867772509,True
snv_table,GCF_023668565.1,GCF_023668715.1,close_recombination,1,1,0.0,0.9997902977771564,clonal,6.990074094785405e-06,6.990074094785405e-06,6.990074094785405e-06,7.521975451280917e-07,0.0,286060.0,1.0,1329233.0,0.0,7.523135522515616e-07,0.0,naive_region_4D,,False
snv_table,GCF_023668565.1,GCF_023669385.1,close_recombination,1,1,0.0,0.9998042546646811,clonal,1.3981809665625023e-05,0.0,6.990904832812511e-06,2.2567776675300094e-06,0.0,286026.0,3.0,1329124.0,0.0,2.257125745980059e-06,0.0,naive_region_4D,,False
snv_table,GCF_023668565.1,GCF_023669405.1,close_recombination,1,1,0.0,0.9998113365755492,clonal,0.0,1.3975068477835541e-05,6.987534238917771e-06,5.2630114801317555e-06,0.0,286164.0,7.0,1329832.0,0.0,5.263822798669305e-06,0.0,naive_region_4D,,False
snv_table,GCF_023668565.1,GCF_023669435.1,close_recombination,1,1,0.0,0.9999475936763036,clonal,3.493754913092847e-05,1.3975019652371386e-05,2.4456284391649926e-05,6.015507979571335e-06,0.0,286205.0,3.0,1329798.0,0.0,2.255981735571869e-06,0.0,naive_region_4D,,False
snv_table,GCF_023668585.1,GCF_023668715.1,close_recombination,1,1,0.0,0.9998182593439162,clonal,6.990025233991095e-06,6.990025233991095e-06,6.990025233991095e-06,7.521896239954507e-07,0.0,286062.0,1.0,1329247.0,0.0,7.523056286754832e-07,0.0,naive_region_4D,,False
snv_table,GCF_023668585.1,GCF_023669385.1,close_recombination,1,1,0.0,0.9997972651771484,clonal,0.0,1.3981711920807584e-05,6.990855960403792e-06,2.256753900234928e-06,0.0,286028.0,3.0,1329138.0,0.0,2.2571019713528617e-06,0.0,naive_region_4D,,False
snv_table,GCF_023668585.1,GCF_023669405.1,close_recombination,1,1,0.0,0.9997938497339264,clonal,6.988144612664615e-06,6.988144612664615e-06,6.988144612664615e-06,5.263494283469245e-06,0.0,286139.0,7.0,1329710.0,0.0,5.264305750878011e-06,0.0,naive_region_4D,,False
snv_table,GCF_023668585.1,GCF_023669435.1,close_recombination,1,1,0.0,0.9999510770047944,clonal,2.0966997945234203e-05,2.795599726031227e-05,2.4461497602773234e-05,6.01677024285941e-06,0.0,286144.0,3.0,1329517.0,0.0,2.256458548480388e-06,0.0,naive_region_4D,,False
snv_table,GCF_023668665.1,GCF_023669435.1,close_recombination,2,2,3.484320557491289e-06,0.9996995066318188,clonal,2.7952871458720598e-05,4.19293071880809e-05,3.4941089323400743e-05,9.023981230119041e-06,1.0,286106.0,7.0,1329464.0,3.4952080697363913e-06,5.265279842101779e-06,3.4952080697363913e-06,naive_region_4D,1.5064281545043716,True
snv_table,GCF_023668715.1,GCF_023669435.1,close_recombination,2,2,0.0,0.9997098642654147,clonal,2.796489008050393e-05,3.4956112600629906e-05,3.146050134056692e-05,5.266737692386404e-06,0.0,285983.0,2.0,1328749.0,0.0,1.505175168523175e-06,0.0,naive_region_4D,,False
snv_table,GCF_023669385.1,GCF_023669435.1,close_recombination,2,2,0.0,0.9997517751572382,clonal,2.7968996367526598e-05,3.4961245459408244e-05,3.146512091346742e-05,3.762365956306892e-06,0.0,285951.0,0.0,1328644.0,0.0,0.0,0.0,naive_region_4D,,False
snv_table,GCF_023669405.1,GCF_023669435.1,close_recombination,2,2,0.0,0.999730916944195,clonal,4.8924191964550925e-05,1.3978340561300264e-05,3.1451266262925595e-05,6.7690548895139816e-06,0.0,286077.0,4.0,1329260.0,0.0,3.009193084874291e-06,0.0,naive_region_4D,,False
snv_table,GCF_024022975.1,GCF_024759565.1,close_recombination,36,36,0.0001284403669724,0.774559015370654,clonal,0.0026870285292949917,0.0028004650898984743,0.002743746809596733,0.00042936751800407404,33.0,218049.0,121.0,1013554.0,0.00015134212952134612,0.0001193818977577909,0.00015134212952134612,naive_region_4D,0.7888213158845014,True
snv_table,GCF_024022975.1,GCF_024789245.1,close_recombination,36,36,0.0001402714932126,0.7857581774331616,clonal,0.0027491945996440965,0.002756298461658681,0.0027527465306513886,0.00044022830729158706,36.0,220789.0,140.0,1026027.0,0.00016305160130260113,0.00013644865096142694,0.00016305160130260113,naive_region_4D,0.8368433665867359,True
snv_table,GCF_024047355.1,GCF_028199355.1,close_recombination,17,17,0.0001166666666666,0.8414642246608098,clonal,0.0017968949375806243,0.002006649210449958,0.001901772074015291,0.0002639673312225974,31.0,240436.0,78.0,1118010.0,0.00012893243940175349,6.97668178281053e-05,0.00012893243940175349,naive_region_4D,0.5411114390747847,True
snv_table,GCF_024047355.1,GCF_028200155.1,close_recombination,18,18,0.0001083333333333,0.84087317680292,clonal,0.001929827014781356,0.002013732537163154,0.001971779775972255,0.0002805247391984814,29.0,240252.0,73.0,1117242.0,0.00012070659141235036,6.533946987313402e-05,0.00012070659141235036,naive_region_4D,0.5413082177917309,True
snv_table,GCF_024047355.1,GCF_028200165.1,close_recombination,17,17,0.0001083333333333,0.8414318674403971,clonal,0.0018387750821505977,0.0019436481856953086,0.0018912116339229533,0.00025944589876195426,29.0,240436.0,72.0,1117994.0,0.00012061421750486616,6.440106118637488e-05,0.00012061421750486616,naive_region_4D,0.5339425361174907,True
snv_table,GCF_024047355.1,GCF_964252195.1,close_recombination,21,21,0.000112970711297,0.8338946846717927,clonal,0.0018638027859314303,0.0016753283469046563,0.0017695655664180432,0.000247790720462783,27.0,238673.0,82.0,1110840.0,0.00011312548968672618,7.381801159482913e-05,0.00011312548968672618,naive_region_4D,0.6525320844952834,True
snv_table,GCF_024047375.1,GCF_024461205.1,close_recombination,26,26,0.0001182266009852,0.710275990956624,clonal,0.00433270104362799,0.004647679310127602,0.004490190176877795,0.0006106270183255869,24.0,202719.0,88.0,944887.0,0.00011839048140529502,9.313282963994636e-05,0.00011839048140529502,naive_region_4D,0.7866580871575118,True
snv_table,GCF_024047375.1,GCF_024461385.1,close_recombination,24,24,0.0001116504854368,0.7194274815838743,clonal,0.004332382635474445,0.004052422529789505,0.004192402582631975,0.0005533630166791895,23.0,205360.0,84.0,957207.0,0.00011199844176081029,8.775531311409131e-05,0.00011199844176081029,naive_region_4D,0.7835404826569474,True
snv_table,GCF_024047375.1,GCF_028396205.1,close_recombination,25,25,0.0001153846153846,0.6393286646751412,clonal,0.004792254038435976,0.004855217960108857,0.0048237359992724166,0.0006442130328209983,25.0,182374.0,79.0,851149.0,0.00013708094355555068,9.281571146767487e-05,0.00013708094355555068,naive_region_4D,0.6770869025282295,True
snv_table,GCF_024047375.1,GCF_039760295.1,close_recombination,30,30,8.290155440414508e-05,0.6735687929781405,clonal,0.0047590428803041315,0.004647229831721362,0.004703136356012746,0.0006231049416957174,16.0,192387.0,84.0,897567.0,8.316570246430372e-05,9.358632837437205e-05,8.316570246430372e-05,naive_region_4D,1.1252995598100197,True
snv_table,GCF_024047375.1,GCF_039760315.1,close_recombination,30,30,9.32642487046632e-05,0.6739064350779358,clonal,0.004612207675132863,0.004807877091653651,0.0047100423833932575,0.0006238373513218963,18.0,192476.0,84.0,898103.0,9.351815291257092e-05,9.353047478963994e-05,9.351815291257092e-05,naive_region_4D,1.0001317592005965,True
snv_table,GCF_024047375.1,GCF_039760335.1,close_recombination,30,30,0.0001088082901554,0.6736419213973799,clonal,0.004618340611353712,0.004813973799126637,0.004716157205240175,0.0006335335389499125,21.0,192496.0,93.0,898165.0,0.00010909317596209791,0.00010354444895982365,0.00010909317596209791,naive_region_4D,0.9491377260462006,True
snv_table,GCF_024047375.1,GCF_040098345.1,close_recombination,29,29,8.737864077669902e-05,0.7184078000160984,clonal,0.006082388719933647,0.006236373244488929,0.006159380982211288,0.0006678769269228192,18.0,205122.0,105.0,956714.0,8.775265451779917e-05,0.00010975066738858217,8.775265451779917e-05,naive_region_4D,1.250682022004486,True
snv_table,GCF_024461205.1,GCF_024461385.1,close_recombination,2,2,7.067137809187279e-06,0.9874418441949138,clonal,0.00033581697974603843,0.00042676741176059046,0.0003812921957533144,6.471717465886148e-05,2.0,282280.0,6.0,1312684.0,7.085163667280714e-06,4.570787790511654e-06,7.085163667280714e-06,naive_region_4D,0.6451209887528149,True
snv_table,GCF_024461205.1,GCF_028396205.1,close_recombination,20,20,0.000167487684729,0.7108798698566741,clonal,0.0034358959975317647,0.0034078478669396684,0.0034218719322357165,0.00048277729709586824,34.0,202739.0,108.0,946273.0,0.00016770330326182925,0.0001141319682586315,0.00016770330326182925,naive_region_4D,0.680558856258432,True
snv_table,GCF_024461205.1,GCF_028396285.1,close_recombination,20,20,0.000167487684729,0.7108848546044835,clonal,0.0032816542903422595,0.0035621375630210854,0.0034218959266816727,0.0004812737006553017,34.0,202737.0,106.0,946259.0,0.0001677049576544982,0.0001120200706149162,0.0001677049576544982,naive_region_4D,0.667959207536949,True
snv_table,GCF_024461205.1,GCF_039760295.1,close_recombination,15,15,0.0001396396396396,0.777313353350688,clonal,0.002900998181620705,0.003013114053374162,0.0029570561174974337,0.00043034156760394707,31.0,221782.0,103.0,1035176.0,0.00013977689803500734,9.949998840776834e-05,0.00013977689803500734,naive_region_4D,0.711848594485538,True
snv_table,GCF_024461205.1,GCF_039760315.1,close_recombination,15,15,0.0001434977578475,0.7845713464860187,clonal,0.002964084129536783,0.0029570768384504075,0.002960580483993595,0.00043185052093382213,37.0,223851.0,108.0,1044212.0,0.00016528851780872098,0.00010342727338892868,0.00016528851780872098,naive_region_4D,0.6257377993347317,True
snv_table,GCF_024461205.1,GCF_039760335.1,close_recombination,15,15,0.0001651785714285,0.782458585299751,clonal,0.0029343072338726905,0.002997335312881889,0.0029658212733772896,0.00043992102513651485,38.0,223385.0,112.0,1042011.0,0.00017010989994851937,0.00010748446993361874,0.00017010989994851937,naive_region_4D,0.6318531135821427,True
snv_table,GCF_024461205.1,GCF_040095755.1,close_recombination,19,19,0.0001612903225806,0.6536060053318367,clonal,0.00524063420794163,0.005359898975726112,0.0053002665918338715,0.0007357457745554209,33.0,186103.0,100.0,867900.0,0.00017732116086253312,0.00011522064754003918,0.00017732116086253312,naive_region_4D,0.649785096034664,True
snv_table,GCF_024461205.1,GCF_040098345.1,close_recombination,5,5,6.934306569343065e-05,0.9613886608139118,clonal,0.002386015144178474,0.0027930412570089194,0.002589528200593697,0.00025970594341581264,19.0,273974.0,96.0,1274477.0,6.934964631680379e-05,7.53250156730957e-05,6.934964631680379e-05,naive_region_4D,1.0861629391589853,True
snv_table,GCF_024461385.1,GCF_028396205.1,close_recombination,17,17,0.0001770334928229,0.7298013616508088,clonal,0.0030570533091199754,0.003021995358327315,0.003039524333723645,0.00042164971393442933,37.0,208152.0,114.0,970626.0,0.00017775471770629155,0.00011744997558276824,0.00017775471770629155,naive_region_4D,0.6607418193920102,True
snv_table,GCF_024461385.1,GCF_028396285.1,close_recombination,17,17,0.0001770334928229,0.7297714205581265,clonal,0.003176272612536811,0.002902818679007152,0.0030395456457719813,0.00042014556497509673,37.0,208150.0,112.0,970612.0,0.00017775642565457604,0.00011539111405999514,0.00017775642565457604,naive_region_4D,0.649152983556432,True
snv_table,GCF_024461385.1,GCF_039760295.1,close_recombination,13,13,0.0001283185840707,0.789809274233103,clonal,0.0026555865412912177,0.002494429574405471,0.0025750080578483443,0.00036851981641834914,30.0,225365.0,101.0,1051356.0,0.00013311738734941096,9.606641327961223e-05,0.00013311738734941096,naive_region_4D,0.721666907625327,True
snv_table,GCF_024461385.1,GCF_039760315.1,close_recombination,13,13,0.0001453744493392,0.7971636473197238,clonal,0.0025154412357192655,0.0026415636375102035,0.0025785024366147347,0.0003700237086474013,37.0,227461.0,106.0,1060504.0,0.00016266524810846695,9.995247542677821e-05,0.00016266524810846695,naive_region_4D,0.6144672976500107,True
snv_table,GCF_024461385.1,GCF_039760335.1,close_recombination,13,13,0.0001578947368421,0.7950757681857651,clonal,0.0025419456037646003,0.0026259768633931824,0.0025839612335788915,0.00037812309337832646,37.0,227004.0,112.0,1058338.0,0.00016299272259519656,0.00010582630501786764,0.00016299272259519656,naive_region_4D,0.649270122818271,True
snv_table,GCF_024461385.1,GCF_040095755.1,close_recombination,21,21,0.0001505376344086,0.6495502735558043,clonal,0.0055097192148825585,0.005551831718435801,0.00553077546665918,0.0007685669698907472,28.0,184873.0,93.0,862468.0,0.00015145532338416102,0.00010783008760904753,0.00015145532338416102,naive_region_4D,0.7119597066624087,True
snv_table,GCF_024461385.1,GCF_040098345.1,close_recombination,3,3,6.474820143884892e-05,0.9739692430765344,clonal,0.0021894045451196277,0.002224491156419622,0.002206947850769625,0.0001977874977163848,18.0,277584.0,93.0,1290763.0,6.484523603665918e-05,7.205040739469601e-05,6.484523603665918e-05,naive_region_4D,1.111113349236072,True
snv_table,GCF_024463175.1,GCF_029076805.1,close_recombination,1,1,3.496503496503497e-06,0.9997791666520612,clonal,2.1031747422734617e-05,2.1031747422734617e-05,2.1031747422734617e-05,2.2626311383297256e-06,1.0,285169.0,1.0,1325367.0,3.506692522679534e-06,7.545079966530025e-07,3.506692522679534e-06,naive_region_4D,0.21516229089754008,True
snv_table,GCF_024758205.1,GCF_028199455.1,close_recombination,29,29,4.090909090909091e-05,0.7794831087186865,clonal,0.0019703246428786586,0.0021333371133326483,0.0020518308781056534,0.00030577541901145324,9.0,219589.0,46.0,1025357.0,4.098565957311158e-05,4.4862423526635114e-05,4.098565957311158e-05,naive_region_4D,1.0945883021989198,True
snv_table,GCF_024758205.1,GCF_028200305.1,close_recombination,33,33,3.125e-05,0.7938054822191116,clonal,0.0020341265481864735,0.002090826939773553,0.002062476743980013,0.0003073028267284831,7.0,223515.0,45.0,1043176.0,3.131780864818916e-05,4.313749549452825e-05,3.131780864818916e-05,naive_region_4D,1.3774110436370688,True
snv_table,GCF_024758205.1,GCF_028200405.1,close_recombination,27,27,3.703703703703704e-05,0.7627172688429571,clonal,0.002097401631154917,0.0018423122435820218,0.0019698569373684696,0.0002942988368334055,9.0,214877.0,44.0,1002818.0,4.1884426904694315e-05,4.387635642758706e-05,4.1884426904694315e-05,naive_region_4D,1.0475577600100694,True
snv_table,GCF_024758205.1,GCF_964084965.1,close_recombination,14,14,9.67741935483871e-05,0.8751584149302974,clonal,0.0010619995327202055,0.0012814794361490482,0.001171739484434627,0.00020338657694297024,25.0,247171.0,41.0,1151087.0,0.00010114455174757557,3.5618506681076236e-05,0.00010114455174757557,naive_region_4D,0.35215447659473176,True
snv_table,GCF_024790525.1,GCF_028199465.1,close_recombination,8,8,6.910569105691057e-05,0.8653835976502549,clonal,0.0019757616384709015,0.0019193113059431616,0.0019475364722070317,0.0002779077042697557,18.0,245202.0,37.0,1141532.0,7.340886289671373e-05,3.241258238928037e-05,7.340886289671373e-05,naive_region_4D,0.44153500150090697,True
snv_table,GCF_024790525.1,GCF_028199675.1,close_recombination,8,8,6.477732793522267e-05,0.8684537158493068,clonal,0.002045162837275561,0.001911169410005783,0.001978166123640672,0.00028684518858932876,18.0,246213.0,41.0,1145992.0,7.31074313703988e-05,3.5776864061878265e-05,7.31074313703988e-05,naive_region_4D,0.4893738350704019,True
snv_table,GCF_027660715.1,GCF_027671015.1,close_recombination,15,15,2.6923076923076923e-05,0.9109441946946824,clonal,0.0007240595134741851,0.0007732674415743726,0.0007486634775242788,0.0001368888122513218,7.0,259148.0,48.0,1204578.0,2.701159183169463e-05,3.9847979956466085e-05,2.701159183169463e-05,naive_region_4D,1.4752177585368962,True
snv_table,GCF_027660715.1,GCF_027686305.1,close_recombination,1,1,2.464788732394366e-05,0.997859921495314,clonal,8.433806915018854e-05,5.622537943345902e-05,7.028172429182377e-05,2.6465588685431526e-05,7.0,283959.0,30.0,1319637.0,2.465144615948077e-05,2.2733524446495513e-05,2.465144615948077e-05,naive_region_4D,0.9221984097574885,True
snv_table,GCF_027660715.1,GCF_027686505.1,close_recombination,1,1,2.8169014084507043e-05,0.9978699921970012,clonal,9.138647339599165e-05,5.6237829782148704e-05,7.381215158907017e-05,2.268894216588642e-05,8.0,283896.0,25.0,1319395.0,2.8179333276974668e-05,1.8948078475361814e-05,2.8179333276974668e-05,naive_region_4D,0.6724104608551646,True
snv_table,GCF_027660715.1,GCF_030541685.1,close_recombination,15,15,2.6717557251908397e-05,0.9183426047292904,clonal,0.0006536246297005626,0.0007520197352468838,0.0007028221824737233,0.00012476493152673712,7.0,261308.0,38.0,1214715.0,2.6788311111791448e-05,3.128305816590723e-05,2.6788311111791448e-05,naive_region_4D,1.1677876233166982,True
snv_table,GCF_027660715.1,GCF_030546205.1,close_recombination,14,14,4.9429657794676805e-05,0.9234299932873404,clonal,0.0007591279868698974,0.0006536935442490783,0.0007064107655594879,0.00012326297512961517,13.0,262690.0,39.0,1220933.0,4.948798964558986e-05,3.1942784739211736e-05,4.948798964558986e-05,naive_region_4D,0.6454653940879639,True
snv_table,GCF_027660715.1,GCF_040921925.1,close_recombination,19,19,6.910569105691057e-05,0.8683336520008781,clonal,0.0015225227139144413,0.001416300198990178,0.0014694114564523097,0.00023245409793710325,17.0,245089.0,55.0,1139579.0,6.93625580911424e-05,4.826343763793471e-05,6.93625580911424e-05,naive_region_4D,0.6958139804261048,True
snv_table,GCF_027660715.1,GCF_040921935.1,close_recombination,20,20,4.858299595141701e-05,0.8668972481518882,clonal,0.0014144520405757735,0.001505934013349331,0.0014601930269625522,0.00022638103790027423,12.0,246237.0,50.0,1145468.0,4.873353720196396e-05,4.3650280933208083e-05,4.873353720196396e-05,naive_region_4D,0.8956928521791966,True
snv_table,GCF_027660715.1,GCF_047307925.1,close_recombination,14,14,4.9429657794676805e-05,0.9244317882191636,clonal,0.0006328112640404999,0.0007664047531157165,0.0006996080085781083,0.00012784096281643476,13.0,262929.0,48.0,1222011.0,4.94430055262067e-05,3.9279515487176465e-05,4.94430055262067e-05,naive_region_4D,0.7944402867329092,True
snv_table,GCF_027660715.1,GCF_047638235.1,close_recombination,24,24,6.122448979591836e-05,0.8639382674723842,clonal,0.001627878296717817,0.0016490195732985677,0.0016384489350081922,0.00027753091512406995,18.0,245012.0,60.0,1140164.0,7.346578943072176e-05,5.262400847597363e-05,7.346578943072176e-05,naive_region_4D,0.7163063091508473,True
snv_table,GCF_027671015.1,GCF_027686305.1,close_recombination,14,14,4.580152671755725e-05,0.9212561337401404,clonal,0.0007100375405986811,0.000717067615258074,0.0007135525779283776,0.0001323627738396701,15.0,262072.0,41.0,1217966.0,5.7236179370554656e-05,3.366268023902145e-05,5.7236179370554656e-05,naive_region_4D,0.588136395706722,True
snv_table,GCF_027671015.1,GCF_027686505.1,close_recombination,16,16,3.816793893129771e-05,0.9207043347734536,clonal,0.0007030692488056611,0.0007171306337817743,0.0007100999412937177,0.0001270762404494263,10.0,261879.0,43.0,1217330.0,3.818557425375842e-05,3.532320734722713e-05,3.818557425375842e-05,naive_region_4D,0.9250406216884492,True
snv_table,GCF_027671015.1,GCF_028201035.1,close_recombination,41,41,0.0001212121212121,0.6975534308211474,clonal,0.0046822272215973,0.004358830146231721,0.00452052868391451,0.0005657875528251179,29.0,198108.0,114.0,922445.0,0.00014638480020998646,0.0001235846039601277,0.00014638480020998646,naive_region_4D,0.8442447834942406,True
snv_table,GCF_027671015.1,GCF_028396085.1,close_recombination,44,44,0.0001269841269841,0.664780215520583,clonal,0.005462016082994453,0.004989815982916223,0.005225916032955339,0.0006354685480984475,26.0,188132.0,100.0,875259.0,0.0001382008377096932,0.00011425189572457981,0.0001382008377096932,naive_region_4D,0.8267091402483326,True
snv_table,GCF_027671015.1,GCF_028396095.1,close_recombination,41,41,0.0001546391752577,0.688307202075461,clonal,0.004624668659410073,0.004617618859624387,0.00462114375951723,0.0005818200575448104,39.0,194979.0,108.0,906816.0,0.0002000215407813149,0.00011909803091255557,0.0002000215407813149,naive_region_4D,0.595426024853825,True
snv_table,GCF_027671015.1,GCF_028396185.1,close_recombination,42,42,0.0001391752577319,0.687896697433295,clonal,0.0047647745014079345,0.0045110291137589915,0.004637901807583463,0.0005870071206845686,35.0,194854.0,106.0,906309.0,0.00017962166545208206,0.0001169579028785988,0.00017962166545208206,naive_region_4D,0.6511347202144712,True
snv_table,GCF_027671015.1,GCF_030541685.1,close_recombination,1,1,3.5211267605633805e-05,0.9978770816198852,clonal,0.00011247249695972782,6.32657795398469e-05,8.786913824978736e-05,3.478868520701915e-05,12.0,283904.0,41.0,1319434.0,4.2267808836789904e-05,3.1073930185215785e-05,4.2267808836789904e-05,naive_region_4D,0.7351677562752917,True
snv_table,GCF_027671015.1,GCF_030546205.1,close_recombination,1,1,4.577464788732394e-05,0.9978768577494692,clonal,7.73329958802604e-05,0.00010545408529126419,9.13935405857623e-05,3.3278927329411464e-05,13.0,283874.0,39.0,1319323.0,4.57949653719608e-05,2.956061555813095e-05,4.57949653719608e-05,naive_region_4D,0.6454992446883743,True
snv_table,GCF_027671015.1,GCF_040921925.1,close_recombination,6,6,7.835820895522388e-05,0.9521145115481864,clonal,0.0008711603430813579,0.000849912529835471,0.0008605364364584145,0.0001433007654395141,24.0,268735.0,56.0,1249182.0,8.930731017545165e-05,4.482933631768629e-05,8.930731017545165e-05,naive_region_4D,0.5019671539722261,True
snv_table,GCF_027671015.1,GCF_040921935.1,close_recombination,7,7,5.5762081784386615e-05,0.9489454402122844,clonal,0.0009009421179882244,0.0008024015738332624,0.0008516718459107434,0.00013782386715596663,18.0,269513.0,47.0,1253636.0,6.678713086196213e-05,3.749094633529988e-05,6.678713086196213e-05,naive_region_4D,0.5613498566480931,True
snv_table,GCF_027671015.1,GCF_047307925.1,close_recombination,1,1,3.8732394366197184e-05,0.9978761858548352,clonal,0.00011955245188013812,4.9227480185939224e-05,8.438996603303867e-05,3.7828722138200425e-05,11.0,283784.0,45.0,1318912.0,3.8761875229047444e-05,3.4119031444099376e-05,3.8761875229047444e-05,naive_region_4D,0.8802213835756634,True
snv_table,GCF_027671015.1,GCF_047308905.1,close_recombination,39,39,0.0001576354679802,0.7209902595678237,clonal,0.007201759013706003,0.006918503988584823,0.007060131501145412,0.0007179221412675669,35.0,203148.0,96.0,947431.0,0.00017228818398409043,0.00010132664014582593,0.00017228818398409043,naive_region_4D,0.5881229797812642,True
snv_table,GCF_027671015.1,GCF_047638235.1,close_recombination,13,13,7.547169811320755e-05,0.937050663960078,clonal,0.0011629873974456568,0.00106430967887451,0.0011136485381600834,0.0001979441115039657,24.0,265702.0,61.0,1236394.0,9.032675704360524e-05,4.933702363486073e-05,9.032675704360524e-05,naive_region_4D,0.5462060772429069,True
snv_table,GCF_027671015.1,GCF_051065055.1,close_recombination,41,41,0.0001313131313131,0.6966872977915318,clonal,0.004578703052468702,0.004501336334224223,0.004540019693346462,0.0005645053276136181,32.0,197758.0,112.0,920887.0,0.000161813934202409,0.0001216218710873321,0.000161813934202409,naive_region_4D,0.7516155619527695,True
snv_table,GCF_027686305.1,GCF_027686505.1,close_recombination,1,1,3.5087719298245615e-06,0.9994938737636812,clonal,3.5147655299914945e-05,0.0,1.7573827649957473e-05,7.562757653699815e-06,1.0,284343.0,1.0,1321550.0,3.5168792620180555e-06,7.56687223336234e-07,3.5168792620180555e-06,naive_region_4D,0.2151587151450948,True
snv_table,GCF_027686305.1,GCF_030541685.1,close_recombination,14,14,4.597701149425287e-05,0.9203141747641054,clonal,0.0007239373759027253,0.0007942225580292035,0.0007590799669659644,0.00012931171382637142,15.0,261861.0,37.0,1217068.0,5.7282298624079185e-05,3.0400930761469366e-05,5.7282298624079185e-05,naive_region_4D,0.5307212086752754,True
snv_table,GCF_027686305.1,GCF_030546205.1,close_recombination,15,15,6.083650190114068e-05,0.92220367278798,clonal,0.000780247781390036,0.0007451014849310254,0.0007626746331605307,0.00012781002438978277,16.0,262369.0,37.0,1219457.0,6.098281428065054e-05,3.034137325055332e-05,6.098281428065054e-05,naive_region_4D,0.49753973489840153,True
snv_table,GCF_027686305.1,GCF_040921925.1,close_recombination,19,19,6.910569105691057e-05,0.8723717662722102,clonal,0.0014730147938841558,0.0013951149730537437,0.0014340648834689498,0.00022637436679964572,20.0,246223.0,46.0,1144837.0,8.122718023905159e-05,4.018039249255571e-05,8.122718023905159e-05,naive_region_4D,0.4946668390347272,True
snv_table,GCF_027686305.1,GCF_040921935.1,close_recombination,19,19,6.0483870967741935e-05,0.8735735725168814,clonal,0.0014567770040360465,0.0013793637332901697,0.001418070368663108,0.00021353186243701946,18.0,248119.0,41.0,1154080.0,7.25458348614979e-05,3.5526133370303616e-05,7.25458348614979e-05,naive_region_4D,0.489706038094798,True
snv_table,GCF_027686305.1,GCF_047307925.1,close_recombination,14,14,4.980842911877394e-05,0.9190177362934838,clonal,0.0007382798080472499,0.0007664047531157165,0.0007523422805814832,0.00012784560487235486,16.0,261392.0,42.0,1214880.0,6.121074860745546e-05,3.45713156854998e-05,6.121074860745546e-05,naive_region_4D,0.5647915843540103,True
snv_table,GCF_027686305.1,GCF_047308905.1,close_recombination,45,45,0.0001534391534391,0.6730769230769231,clonal,0.007420414636909482,0.007300045315509233,0.0073602299762093575,0.0007613273158753892,35.0,189733.0,96.0,883455.0,0.00018446975486604861,0.00010866427831638284,0.00018446975486604861,naive_region_4D,0.589062843365779,True
snv_table,GCF_027686305.1,GCF_047638235.1,close_recombination,24,24,8.979591836734694e-05,0.8650678729843326,clonal,0.0016629145395805369,0.0017333770200712376,0.001698145779825887,0.00028281529355924187,25.0,245370.0,58.0,1141659.0,0.00010188694624444716,5.080326086861313e-05,0.00010188694624444716,naive_region_4D,0.49862384477326416,True
snv_table,GCF_027686505.1,GCF_030541685.1,close_recombination,16,16,3.4482758620689657e-05,0.9171567472941572,clonal,0.0007381967610738303,0.0007452272064173906,0.0007417119837456104,0.0001240462995249178,9.0,260880.0,34.0,1212778.0,3.449862005519779e-05,2.8034809338559902e-05,3.449862005519779e-05,naive_region_4D,0.8126356733603897,True
snv_table,GCF_027686505.1,GCF_030546205.1,close_recombination,14,14,4.597701149425287e-05,0.9179565964837034,clonal,0.0006749939356013599,0.0008437424195016998,0.0007593681775515299,0.0001225438283297125,15.0,261091.0,31.0,1213559.0,5.745123347798277e-05,2.5544699516051547e-05,5.745123347798277e-05,naive_region_4D,0.44463274275636094,True
snv_table,GCF_027686505.1,GCF_040921925.1,close_recombination,19,19,6.504065040650406e-05,0.8733703332471497,clonal,0.0013671314677537606,0.0014804687915053675,0.001423800129629564,0.00022108225098324425,19.0,246450.0,47.0,1145975.0,7.709474538445932e-05,4.101311110626322e-05,7.709474538445932e-05,naive_region_4D,0.5319832227441353,True
snv_table,GCF_027686505.1,GCF_040921935.1,close_recombination,20,20,6.024096385542168e-05,0.8786675677197725,clonal,0.001295263839612547,0.0015486850256236978,0.0014219744326181224,0.00021282203533603162,18.0,249502.0,46.0,1160569.0,7.214371027085955e-05,3.963573040465496e-05,7.214371027085955e-05,naive_region_4D,0.5493996670790123,True
snv_table,GCF_027686505.1,GCF_047307925.1,close_recombination,14,14,4.980842911877394e-05,0.9206736602228888,clonal,0.0007596085202755691,0.0007455416958260215,0.0007525751080507953,0.000126365332011668,16.0,261782.0,42.0,1216729.0,6.111955749440375e-05,3.4518779448833714e-05,6.111955749440375e-05,naive_region_4D,0.5647746951046617,True
snv_table,GCF_027686505.1,GCF_047638235.1,close_recombination,23,23,8.606557377049181e-05,0.8610753749361155,clonal,0.0017411839345822392,0.0016354440195266377,0.0016883139770544385,0.0002760978873202045,24.0,244111.0,52.0,1135798.0,9.831593004821577e-05,4.578278884097348e-05,9.831593004821577e-05,naive_region_4D,0.4656700986149533,True
snv_table,GCF_028199355.1,GCF_028200155.1,close_recombination,1,1,2.0905923344947736e-05,0.9994136084719614,clonal,8.377021829122717e-05,0.00011169362438830289,9.773192133976502e-05,2.853159160480442e-05,6.0,286325.0,11.0,1331128.0,2.0955208242381907e-05,8.26366810704906e-06,2.0955208242381907e-05,naive_region_4D,0.39434912845847037,True
snv_table,GCF_028199355.1,GCF_964252195.1,close_recombination,16,16,0.0001284046692607,0.8959678827020422,clonal,0.0014662244719846397,0.0014871705358701344,0.001476697503927387,0.00020651568242544032,33.0,256427.0,83.0,1193081.0,0.00012869159643875256,6.956778290828535e-05,0.00012869159643875256,naive_region_4D,0.540577511146148,True
snv_table,GCF_028199395.1,GCF_046861415.1,close_recombination,37,37,7.547169811320755e-05,0.7419099407172789,clonal,0.0032934845066079914,0.0030201953666979665,0.003156839936652979,0.0004584036394836324,16.0,211487.0,47.0,987392.0,7.565476837819819e-05,4.7600142597874e-05,7.565476837819819e-05,naive_region_4D,0.6291757098497861,True
snv_table,GCF_028199435.1,GCF_046861415.1,close_recombination,38,38,0.0001513761467889,0.7666110745168389,clonal,0.003111291746667975,0.0032794696789202977,0.003195380712794136,0.0004908236337234288,36.0,218426.0,101.0,1019331.0,0.0001648155439370771,9.908459568089266e-05,0.0001648155439370771,naive_region_4D,0.6011847748942961,True
snv_table,GCF_028199455.1,GCF_028200305.1,close_recombination,1,1,1.4134275618374558e-05,0.9991624465043628,clonal,3.533980994250213e-05,2.8271847954001704e-05,3.180582894825192e-05,1.5211265463202048e-06,5.0,282727.0,2.0,1313681.0,1.7684904519200502e-05,1.522439618141695e-06,1.7684904519200502e-05,naive_region_4D,0.08608695718366939,True
snv_table,GCF_028199455.1,GCF_028200405.1,close_recombination,1,1,1.76678445229682e-05,0.9995757468622946,clonal,7.777974191267457e-05,9.899239879794945e-05,8.838607035531201e-05,1.2935330954246973e-05,5.0,282730.0,1.0,1313685.0,1.7684716867682947e-05,7.612174912555141e-07,1.7684716867682947e-05,naive_region_4D,0.0430438042605343,True
snv_table,GCF_028199455.1,GCF_964084965.1,close_recombination,17,17,8.267716535433071e-05,0.900113106178425,clonal,0.001293651915735897,0.0011239926480984023,0.0012088222819171498,0.00016886700886323597,27.0,254430.0,44.0,1184557.0,0.00010611956137247966,3.714468784532952e-05,0.00010611956137247966,naive_region_4D,0.35002677512915514,True
snv_table,GCF_028199465.1,GCF_028199675.1,close_recombination,1,1,3.5211267605633804e-06,0.9995204614853,clonal,4.9364258866173496e-05,2.820814792352771e-05,3.87862033948506e-05,1.062421029865414e-05,1.0,283452.0,2.0,1317097.0,3.5279341828598844e-06,1.5184910450786845e-06,3.5279341828598844e-06,naive_region_4D,0.4304193237096433,True
snv_table,GCF_028199485.1,GCF_028199595.1,close_recombination,1,1,0.0,0.9999301968448974,clonal,1.3960631020522127e-05,0.0,6.980315510261064e-06,2.2535482116592574e-06,0.0,286500.0,2.0,1331128.0,0.0,1.5024851103725562e-06,0.0,naive_region_4D,,False
snv_table,GCF_028199485.1,GCF_028395805.1,close_recombination,1,1,1.3986013986013986e-05,0.9993112297520776,clonal,6.293332214518717e-05,4.195554809679145e-05,5.244443512098931e-05,6.775032049665502e-06,4.0,285817.0,5.0,1327574.0,1.3994968808713268e-05,3.7662683963379818e-06,1.3994968808713268e-05,naive_region_4D,0.2691158835590332,True
snv_table,GCF_028199515.1,GCF_028201265.1,close_recombination,15,15,5.904059040590406e-05,0.9423046054422244,clonal,0.0009142490246847237,0.0009072700244962907,0.0009107595245905071,0.0001418715484491338,16.0,269861.0,53.0,1256054.0,5.92897825176665e-05,4.2195638085623705e-05,5.92897825176665e-05,naive_region_4D,0.7116848180890312,True
snv_table,GCF_028199515.1,GCF_964252195.1,close_recombination,39,39,0.00018,0.6939816815602738,clonal,0.003652535166106704,0.003959236592268336,0.00380588587918752,0.0005391195330729963,38.0,198518.0,104.0,923419.0,0.00019141841042122126,0.00011262492974478542,0.00019141841042122126,naive_region_4D,0.5883704158704028,True
snv_table,GCF_028199555.1,GCF_047307865.1,close_recombination,3,3,5.755395683453237e-05,0.9814950997723126,clonal,0.0002616283180834665,0.00019091796184469179,0.00022627313996407915,8.521192662644461e-05,17.0,277598.0,79.0,1290285.0,6.123963429131334e-05,6.122678323006158e-05,6.123963429131334e-05,naive_region_4D,0.9997901512410962,True
snv_table,GCF_028199595.1,GCF_028395805.1,close_recombination,1,1,2.097902097902098e-05,0.999307735876763,clonal,7.691823591522212e-05,4.195540140830297e-05,5.9436818661762544e-05,6.0222280437093315e-06,6.0,285818.0,4.0,1327581.0,2.099237976614489e-05,3.012998830203204e-06,2.099237976614489e-05,naive_region_4D,0.14352821660850323,True
snv_table,GCF_028199635.1,GCF_028200395.1,close_recombination,1,1,3.484320557491289e-06,0.9989263354574228,clonal,1.3943695358143816e-05,0.00012549325822329435,6.971847679071907e-05,1.72489693740799e-05,1.0,286537.0,0.0,1331994.0,3.4899506869967927e-06,0.0,3.4899506869967927e-06,naive_region_4D,0.0,False
snv_table,GCF_028199635.1,GCF_047309325.1,close_recombination,29,29,9.900990099009902e-05,0.7028050813759619,clonal,0.0033345657739610873,0.003069474771010206,0.0032020202724856468,0.00042479863343930784,21.0,201221.0,92.0,936324.0,0.00010436286471093971,9.825658639530761e-05,0.00010436286471093971,naive_region_4D,0.9414899319547712,True
snv_table,GCF_028199635.1,GCF_964238335.1,close_recombination,29,29,8.45771144278607e-05,0.6990836947880783,clonal,0.0033332868439770714,0.0030473773029664857,0.0031903320734717787,0.0004155727252269147,17.0,200248.0,76.0,932118.0,8.489473053413766e-05,8.153474130957668e-05,8.489473053413766e-05,naive_region_4D,0.9604216986917713,True
snv_table,GCF_028199635.1,GCF_964238845.1,close_recombination,27,27,8.247422680412371e-05,0.6755484581804996,clonal,0.003319340037098506,0.0034518347024448752,0.003385587369771691,0.0004395782449275971,16.0,193569.0,73.0,900586.0,8.265786360419282e-05,8.105833312976217e-05,8.265786360419282e-05,naive_region_4D,0.9806487803496835,True
snv_table,GCF_028199655.1,GCF_028199715.1,close_recombination,1,1,0.0,0.9999301919720768,clonal,6.980802792321117e-06,6.980802792321117e-06,6.980802792321117e-06,1.5024805954631096e-06,0.0,286480.0,1.0,1331028.0,0.0,7.512989959640218e-07,0.0,naive_region_4D,,False
snv_table,GCF_028199655.1,GCF_028395745.1,close_recombination,2,2,0.0,0.9997519659319968,clonal,6.9868751550212925e-06,2.096062546506388e-05,1.3973750310042585e-05,2.255523777731665e-06,0.0,286171.0,2.0,1329761.0,0.0,1.5040296714973594e-06,0.0,naive_region_4D,,False
snv_table,GCF_028199655.1,GCF_028395805.1,close_recombination,1,1,1.7482517482517483e-05,0.9996888101007346,clonal,6.993031444165888e-05,3.496515722082944e-05,5.2447735831244163e-05,6.775353372319218e-06,5.0,285883.0,5.0,1327825.0,1.7489672348478224e-05,3.7655564551051533e-06,1.7489672348478224e-05,naive_region_4D,0.2153017152109653,True
snv_table,GCF_028199715.1,GCF_028395745.1,close_recombination,1,1,0.0,0.9998218346835468,clonal,1.3973750310042585e-05,0.0,6.9868751550212925e-06,2.255523777731665e-06,0.0,286191.0,3.0,1329865.0,0.0,2.2558680768348667e-06,0.0,naive_region_4D,,False
snv_table,GCF_028199715.1,GCF_028395805.1,close_recombination,1,1,1.048951048951049e-05,0.999307735876763,clonal,4.8947968309686805e-05,4.8947968309686805e-05,4.8947968309686805e-05,6.7750065491729975e-06,3.0,285818.0,5.0,1327581.0,1.0496189883072445e-05,3.7662485377540053e-06,1.0496189883072445e-05,naive_region_4D,0.3588205415212581,True
snv_table,GCF_028199775.1,GCF_028395805.1,close_recombination,1,1,1.7482517482517483e-05,0.9993112297520776,clonal,6.293332214518717e-05,4.894813944625669e-05,5.5940730795721934e-05,1.2044501421627559e-05,5.0,285817.0,12.0,1327574.0,1.7493711010891585e-05,9.039044151211156e-06,1.7493711010891585e-05,naive_region_4D,0.5167024964333438,True
snv_table,GCF_028199785.1,GCF_028200035.1,close_recombination,1,1,0.0,0.9999019360623126,clonal,7.00456697766944e-06,7.00456697766944e-06,7.00456697766944e-06,3.014626970058725e-06,0.0,285498.0,4.0,1326737.0,0.0,3.0149155409097657e-06,0.0,naive_region_4D,,False
snv_table,GCF_028199815.1,GCF_028395745.1,close_recombination,2,2,3.484320557491289e-06,0.9997205240174672,clonal,2.096069868995633e-05,1.3973799126637555e-05,1.7467248908296942e-05,6.0147300739511065e-06,1.0,286170.0,7.0,1329757.0,3.4944263899080967e-06,5.264119685025159e-06,3.4944263899080967e-06,naive_region_4D,1.5064331302636498,True
snv_table,GCF_028199815.1,GCF_028395805.1,close_recombination,1,1,1.7482517482517483e-05,0.9993112297520776,clonal,7.691850484411765e-05,4.195554809679145e-05,5.943702647045455e-05,9.78615740507239e-06,6.0,285817.0,10.0,1327574.0,2.0992453213069902e-05,7.5325367926759636e-06,2.0992453213069902e-05,naive_region_4D,0.35882117807871095,True
snv_table,GCF_028199835.1,GCF_028200035.1,close_recombination,1,1,0.0,0.9999579731868932,clonal,1.4008937702254037e-05,0.0,7.004468851127019e-06,0.0,0.0,285512.0,0.0,1326797.0,0.0,0.0,0.0,naive_region_4D,,False
snv_table,GCF_028199875.1,GCF_028200035.1,close_recombination,1,1,0.0,0.9999579731868932,clonal,0.0,1.4008937702254037e-05,7.004468851127019e-06,2.2609378520939676e-06,0.0,285512.0,3.0,1326797.0,0.0,2.261084401004826e-06,0.0,naive_region_4D,,False
snv_table,GCF_028199885.1,GCF_028395805.1,close_recombination,1,1,1.7482517482517483e-05,0.9993112297520776,clonal,2.7970365397860967e-05,8.39110961935829e-05,5.5940730795721934e-05,1.2044501421627559e-05,5.0,285817.0,12.0,1327574.0,1.7493711010891585e-05,9.039044151211156e-06,1.7493711010891585e-05,naive_region_4D,0.5167024964333438,True
snv_table,GCF_028199985.1,GCF_028200455.1,close_recombination,1,1,3.5211267605633804e-06,0.9986103048533784,clonal,1.4072862244269706e-05,1.4072862244269706e-05,1.4072862244269706e-05,5.297620308957216e-06,1.0,283835.0,3.0,1319652.0,3.5231736748463015e-06,2.2733266042865845e-06,3.5231736748463015e-06,naive_region_4D,0.6452496567276828,True
snv_table,GCF_028199985.1,GCF_028200475.1,close_recombination,1,1,3.5087719298245615e-06,0.999876806110417,clonal,3.5198254166593334e-05,3.5198254166593334e-05,3.5198254166593334e-05,1.589967155821324e-05,1.0,284049.0,4.0,1320570.0,3.5205193470140713e-06,3.0289950551655726e-06,3.5205193470140713e-06,naive_region_4D,0.8603830164247258,True
snv_table,GCF_028199985.1,GCF_028200575.1,close_recombination,1,1,7.042253521126761e-06,0.9994685924033349,clonal,5.630808971286393e-05,2.1115533642323974e-05,3.8711811677593955e-05,2.043927793330134e-05,2.0,283978.0,10.0,1320266.0,7.0427990900703575e-06,7.5742312533989364e-06,7.0427990900703575e-06,naive_region_4D,1.0754575214388615,True
snv_table,GCF_028200035.1,GCF_028200115.1,close_recombination,1,1,0.0,0.9999473656508238,clonal,1.4035826447005983e-05,0.0,7.0179132235029914e-06,2.2653340461584466e-06,0.0,284965.0,3.0,1324221.0,0.0,2.265482876347679e-06,0.0,naive_region_4D,,False
snv_table,GCF_028200035.1,GCF_039760355.1,close_recombination,1,1,0.0,0.9999052854241284,clonal,7.015894509010162e-06,7.015894509010162e-06,7.015894509010162e-06,7.548035699189642e-07,0.0,285037.0,1.0,1324715.0,0.0,7.548793514076613e-07,0.0,naive_region_4D,,False
snv_table,GCF_028200035.1,GCF_039760415.1,close_recombination,1,1,0.0,0.9999579731868932,clonal,7.004468851127019e-06,7.004468851127019e-06,7.004468851127019e-06,2.2609378520939676e-06,0.0,285512.0,3.0,1326797.0,0.0,2.261084401004826e-06,0.0,naive_region_4D,,False
snv_table,GCF_028200035.1,GCF_039760475.1,close_recombination,1,1,0.0,0.9999369346011814,clonal,7.007266535397207e-06,7.007266535397207e-06,7.007266535397207e-06,3.7696360341016354e-06,0.0,285398.0,5.0,1326302.0,0.0,3.7698804646302276e-06,0.0,naive_region_4D,,False
snv_table,GCF_028200095.1,GCF_028395805.1,close_recombination,1,1,1.3986013986013986e-05,0.9993146517661704,clonal,6.29401439231291e-05,4.895344527354486e-05,5.594679459833698e-05,1.1292918737662487e-05,4.0,285786.0,12.0,1327428.0,1.399648688179267e-05,9.040038329762519e-06,1.399648688179267e-05,naive_region_4D,0.6458790985273778,True
snv_table,GCF_028200155.1,GCF_028200165.1,close_recombination,1,1,6.968641114982578e-06,0.9994170968631434,clonal,9.075138657647375e-05,7.678963479547779e-05,8.377051068597577e-05,2.327585947988215e-05,2.0,286323.0,4.0,1331118.0,6.985118205662836e-06,3.0049927955297728e-06,6.985118205662836e-06,naive_region_4D,0.4301992760972356,True
snv_table,GCF_028200155.1,GCF_964252195.1,close_recombination,17,17,0.0001284046692607,0.8954499593278801,clonal,0.0015989554422089324,0.0015081850459263294,0.001553570244067631,0.00022454881834000595,33.0,256252.0,80.0,1192345.0,0.0001287794826967204,6.70946747795311e-05,0.0001287794826967204,naive_region_4D,0.5210043818668001,True
snv_table,GCF_028200165.1,GCF_964252195.1,close_recombination,16,16,0.0001206225680933,0.89597101054638,clonal,0.0015290680016337987,0.0014103732252512663,0.0014697206134425325,0.00020125967529605073,31.0,256414.0,76.0,1193013.0,0.00012089823488577067,6.370425133674151e-05,0.00012089823488577067,naive_region_4D,0.5269245774922334,True
snv_table,GCF_028200195.1,GCF_046861415.1,close_recombination,38,38,0.0001152073732718,0.760993727881145,clonal,0.003097515680297137,0.0032306668068257474,0.0031640912435614422,0.00045921125753758707,28.0,216901.0,63.0,1012973.0,0.00012909115218463722,6.219316803113212e-05,0.00012909115218463722,naive_region_4D,0.48177715496859247,True
snv_table,GCF_028200215.1,GCF_046861415.1,close_recombination,37,37,0.000125,0.7584384822119984,clonal,0.0031535903626278517,0.0031956382341295567,0.003174614298378704,0.00047050981699128574,30.0,216148.0,77.0,1009029.0,0.0001387937894405685,7.63109880885485e-05,0.0001387937894405685,naive_region_4D,0.549815581778786,True
snv_table,GCF_028200225.1,GCF_046861415.1,close_recombination,37,37,7.547169811320755e-05,0.7419216942192197,clonal,0.003223613670925107,0.0030904644106042873,0.003157039040764697,0.00045843854925311465,16.0,211481.0,47.0,987347.0,7.565691480558538e-05,4.7602312054424634e-05,7.565691480558538e-05,naive_region_4D,0.629186534723861,True
snv_table,GCF_028200255.1,GCF_046861415.1,close_recombination,37,37,7.547169811320755e-05,0.7419216942192197,clonal,0.0031815665360869533,0.003132511545442441,0.003157039040764697,0.00045843854925311465,16.0,211481.0,47.0,987347.0,7.565691480558538e-05,4.7602312054424634e-05,7.565691480558538e-05,naive_region_4D,0.629186534723861,True
snv_table,GCF_028200295.1,GCF_028200325.1,close_recombination,1,1,0.0,0.9992402819398134,clonal,1.4068852966417647e-05,7.034426483208824e-06,1.0551639724813236e-05,0.0,0.0,284096.0,0.0,1320249.0,0.0,0.0,0.0,naive_region_4D,,False
snv_table,GCF_028200305.1,GCF_028200405.1,close_recombination,1,1,1.4134275618374558e-05,0.999582814798054,clonal,0.00011313497001923294,6.363842063581854e-05,8.838669532752574e-05,1.4457244601360502e-05,5.0,282728.0,3.0,1313678.0,1.768484196825217e-05,2.2836646423248313e-06,1.768484196825217e-05,naive_region_4D,0.129131187399043,True
snv_table,GCF_028200305.1,GCF_964084965.1,close_recombination,18,18,5.1792828685258965e-05,0.8890145624204722,clonal,0.0012088222819171498,0.001215891418068712,0.0012123568499929308,0.00016886700886323597,18.0,251290.0,39.0,1170208.0,7.163038720203749e-05,3.33274084607181e-05,7.163038720203749e-05,naive_region_4D,0.46526913733854725,True
snv_table,GCF_028200395.1,GCF_047309325.1,close_recombination,28,28,9.045226130653268e-05,0.6915724850006977,clonal,0.0032091530626482487,0.0033347286172736154,0.003271940839960932,0.0004420816717742486,19.0,198035.0,86.0,920569.0,9.59426364026561e-05,9.342048233212285e-05,9.59426364026561e-05,naive_region_4D,0.973711853612734,True
snv_table,GCF_028200395.1,GCF_964238335.1,close_recombination,29,29,8.955223880597016e-05,0.6975763006767948,clonal,0.0031660465910953194,0.0033543357055437198,0.00326019114831952,0.00043284068012248566,18.0,199807.0,75.0,930138.0,9.008693389120501e-05,8.063319636441045e-05,9.008693389120501e-05,naive_region_4D,0.8950598369990976,True
snv_table,GCF_028200395.1,GCF_964238845.1,close_recombination,27,27,8.762886597938145e-05,0.6740401613707447,clonal,0.003431046085504179,0.003479861781842653,0.003455453933673416,0.00045684708000450093,17.0,193128.0,72.0,898606.0,8.802452259641274e-05,8.012410333338527e-05,8.802452259641274e-05,naive_region_4D,0.9102475193276489,True
snv_table,GCF_028200405.1,GCF_964084965.1,close_recombination,17,17,6.349206349206349e-05,0.8933714524000523,clonal,0.0010813752548829746,0.001201528060981083,0.0011414516579320289,0.00015896437372600323,22.0,252528.0,41.0,1175630.0,8.711905214471266e-05,3.4874918129003175e-05,8.711905214471266e-05,naive_region_4D,0.40031333296731425,True
snv_table,GCF_028200455.1,GCF_028200475.1,close_recombination,2,2,0.0,0.9984691453608066,clonal,4.926888493955764e-05,3.5192060671112595e-05,4.223047280533512e-05,1.8168549634963556e-05,0.0,283699.0,3.0,1319055.0,0.0,2.27435550450891e-06,0.0,naive_region_4D,,False
snv_table,GCF_028200455.1,GCF_028200495.1,close_recombination,1,1,0.0,0.998575373304958,clonal,2.110558066728811e-05,0.0,1.0552790333644055e-05,1.0593781450288681e-05,0.0,283875.0,10.0,1319789.0,0.0,7.576968742730845e-06,0.0,naive_region_4D,,False
snv_table,GCF_028200455.1,GCF_028200515.1,close_recombination,1,1,0.0,0.998568247457496,clonal,7.0356390295039525e-06,1.4071278059007905e-05,1.0553458544255928e-05,6.0539604630977055e-06,0.0,283857.0,4.0,1319708.0,0.0,3.0309735183843697e-06,0.0,naive_region_4D,,False
snv_table,GCF_028200455.1,GCF_028200525.1,close_recombination,1,1,0.0,0.998575373304958,clonal,7.035193555762703e-06,1.4070387111525406e-05,1.0552790333644055e-05,6.8102880751855806e-06,0.0,283875.0,5.0,1319789.0,0.0,3.7884843713654227e-06,0.0,naive_region_4D,,False
snv_table,GCF_028200455.1,GCF_028200555.1,close_recombination,1,1,0.0,0.998575373304958,clonal,1.4070387111525406e-05,7.035193555762703e-06,1.0552790333644055e-05,8.32368542522682e-06,0.0,283875.0,7.0,1319789.0,0.0,5.303878119911592e-06,0.0,naive_region_4D,,False
snv_table,GCF_028200455.1,GCF_028200575.1,close_recombination,2,2,0.0,0.9935221902808224,clonal,4.222363749599755e-05,4.9260910411997146e-05,4.574227395399735e-05,2.2707180313177432e-05,0.0,282338.0,9.0,1312922.0,0.0,6.854938831095831e-06,0.0,naive_region_4D,,False
snv_table,GCF_028200455.1,GCF_028200745.1,close_recombination,1,1,0.0,0.9985999127583828,clonal,7.035614279482742e-06,1.4071228558965483e-05,1.0553421419224113e-05,6.053818445984805e-06,0.0,283868.0,4.0,1319770.0,0.0,3.0308311296665328e-06,0.0,naive_region_4D,,False
snv_table,GCF_028200455.1,GCF_028200835.1,close_recombination,1,1,7.042253521126761e-06,0.998575373304958,clonal,2.110558066728811e-05,1.4070387111525406e-05,1.7587983889406758e-05,8.32368542522682e-06,2.0,283875.0,7.0,1319789.0,7.045354469396741e-06,5.303878119911592e-06,7.045354469396741e-06,naive_region_4D,0.7528192006449517,True
snv_table,GCF_028200455.1,GCF_028200845.1,close_recombination,1,1,3.5211267605633804e-06,0.9985752229512234,clonal,0.0,2.8143744173365466e-05,1.4071872086682733e-05,9.081215581246986e-06,1.0,283845.0,8.0,1319668.0,3.5230495516919444e-06,6.062130778347281e-06,3.5230495516919444e-06,naive_region_4D,1.7207055107799842,False
snv_table,GCF_028200455.1,GCF_028200895.1,close_recombination,1,1,3.5211267605633804e-06,0.9978731945041092,clonal,1.4084804608548068e-05,2.11272069128221e-05,1.7606005760685085e-05,6.816725517730303e-06,1.0,283384.0,5.0,1317581.0,3.5287807356802078e-06,3.7948331070347855e-06,3.5287807356802078e-06,naive_region_4D,1.0753949852039457,True
snv_table,GCF_028200475.1,GCF_028200495.1,close_recombination,1,1,0.0,0.9998838694692834,clonal,0.0,6.334392584537748e-05,3.167196292268874e-05,1.816821954476498e-05,0.0,284107.0,7.0,1320776.0,0.0,5.299914595661944e-06,0.0,naive_region_4D,,False
snv_table,GCF_028200475.1,GCF_028200515.1,close_recombination,1,1,0.0,0.99986978112671,clonal,2.8155432062702148e-05,3.519429007837768e-05,3.167486107053992e-05,1.5141329166439546e-05,0.0,284081.0,3.0,1320676.0,0.0,2.271563956640387e-06,0.0,naive_region_4D,,False
snv_table,GCF_028200475.1,GCF_028200525.1,close_recombination,1,1,0.0,0.9998838694692834,clonal,3.51910699140986e-05,2.8152855931278878e-05,3.167196292268874e-05,1.4383173806272274e-05,0.0,284107.0,2.0,1320776.0,0.0,1.5142613130462698e-06,0.0,naive_region_4D,,False
snv_table,GCF_028200475.1,GCF_028200555.1,close_recombination,1,1,0.0,0.9998838694692834,clonal,2.1114641948459157e-05,4.2229283896918315e-05,3.167196292268874e-05,1.5897192101669357e-05,0.0,284107.0,4.0,1320776.0,0.0,3.0285226260925396e-06,0.0,naive_region_4D,,False
snv_table,GCF_028200475.1,GCF_028200745.1,close_recombination,1,1,0.0,0.999873304568778,clonal,2.1115905203662905e-05,4.223181040732581e-05,3.167385780549436e-05,1.3626680434660825e-05,0.0,284090.0,1.0,1320726.0,0.0,7.571593199497852e-07,0.0,naive_region_4D,,False
snv_table,GCF_028200475.1,GCF_028200835.1,close_recombination,1,1,3.5087719298245615e-06,0.9997079141197128,clonal,4.9267497879738035e-05,2.8152855931278878e-05,3.871017690550846e-05,1.5897192101669357e-05,1.0,284064.0,4.0,1320597.0,3.5203334459840038e-06,3.028933126457201e-06,3.5203334459840038e-06,naive_region_4D,0.8604108596339383,True
snv_table,GCF_028200475.1,GCF_028200845.1,close_recombination,1,1,0.0,0.9997078935606368,clonal,4.92709656757337e-05,2.1116128146743013e-05,3.5193546911238357e-05,1.665527294585598e-05,0.0,284044.0,5.0,1320512.0,0.0,3.7864101197111424e-06,0.0,naive_region_4D,,False
snv_table,GCF_028200495.1,GCF_028200575.1,close_recombination,1,1,3.5087719298245615e-06,0.9994405525511156,clonal,3.518537414367596e-05,3.518537414367596e-05,3.518537414367596e-05,2.119298330598429e-05,1.0,284038.0,11.0,1320484.0,3.520655686915131e-06,8.330278897737497e-06,3.520655686915131e-06,naive_region_4D,2.3661157575555634,True
snv_table,GCF_028200515.1,GCF_028200575.1,close_recombination,1,1,3.5087719298245615e-06,0.9994160604482968,clonal,4.221249771348971e-05,2.814166514232647e-05,3.517708142790809e-05,1.9674239987892777e-05,1.0,284098.0,9.0,1320789.0,3.519912142992911e-06,6.8141088394891235e-06,3.519912142992911e-06,naive_region_4D,1.935874693081181,True
snv_table,GCF_028200525.1,GCF_028200575.1,close_recombination,1,1,3.5087719298245615e-06,0.9994405525511156,clonal,2.8148299314940765e-05,4.2222448972411146e-05,3.518537414367596e-05,1.892230652320026e-05,1.0,284038.0,8.0,1320484.0,3.520655686915131e-06,6.058384652899997e-06,3.520655686915131e-06,naive_region_4D,1.7208114600404094,True
snv_table,GCF_028200555.1,GCF_028200575.1,close_recombination,1,1,3.5087719298245615e-06,0.9994405525511156,clonal,4.2222448972411146e-05,2.8148299314940765e-05,3.518537414367596e-05,1.892230652320026e-05,1.0,284038.0,8.0,1320484.0,3.520655686915131e-06,6.058384652899997e-06,3.520655686915131e-06,naive_region_4D,1.7208114600404094,True
snv_table,GCF_028200575.1,GCF_028200745.1,close_recombination,1,1,3.5087719298245615e-06,0.9994299628420223,clonal,3.518747888751267e-05,3.518747888751267e-05,3.518747888751267e-05,1.8166101751363593e-05,1.0,284018.0,7.0,1320418.0,3.5209036047011103e-06,5.301351541708762e-06,3.5209036047011103e-06,naive_region_4D,1.505679262173039,True
snv_table,GCF_028200575.1,GCF_028200835.1,close_recombination,1,1,7.017543859649123e-06,0.9994405525511156,clonal,3.518537414367596e-05,4.2222448972411146e-05,3.870391155804355e-05,1.892230652320026e-05,2.0,284038.0,8.0,1320484.0,7.041311373830262e-06,6.058384652899997e-06,7.041311373830262e-06,naive_region_4D,0.8604057300202047,True
snv_table,GCF_028200575.1,GCF_028200845.1,close_recombination,1,1,3.5087719298245615e-06,0.999440493491778,clonal,4.2226906280900415e-05,2.8151270853933613e-05,3.5189088567417016e-05,1.9681001248229656e-05,1.0,284008.0,9.0,1320363.0,3.521027576687981e-06,6.81630733366506e-06,3.521027576687981e-06,naive_region_4D,1.9358858132195462,True
snv_table,GCF_028200905.1,GCF_028201235.1,close_recombination,12,12,0.0001098484848484,0.9252891856629673,clonal,0.0008884567087226161,0.0009094438750703944,0.0008989502918965053,0.00011744025415275514,32.0,264420.0,50.0,1230464.0,0.00012101959004613871,4.063507749921981e-05,0.00012101959004613871,naive_region_4D,0.3357727247607407,True
snv_table,GCF_028200905.1,GCF_039760255.1,close_recombination,12,12,0.0001379310344827,0.9232825787155096,clonal,0.0009240938061025462,0.0009593645620606586,0.0009417291840816024,0.00012911497004532694,40.0,261647.0,61.0,1216929.0,0.00015287773221172037,5.012617827334216e-05,0.00015287773221172037,naive_region_4D,0.32788410416712893,True
snv_table,GCF_028200905.1,GCF_040928345.1,close_recombination,18,18,0.0001422764227642,0.866984040050836,clonal,0.0017272976218060793,0.0017764483671420246,0.001751872994474052,0.00021614464460076725,38.0,246791.0,70.0,1150273.0,0.00015397644160443453,6.085511874137705e-05,0.00015397644160443453,naive_region_4D,0.3952235686658732,True
snv_table,GCF_028200905.1,GCF_040928365.1,close_recombination,23,23,0.000132,0.8745891374429529,clonal,0.0018662017532474367,0.0020836914312574763,0.0019749465922524563,0.00024012540889279532,34.0,249146.0,60.0,1160890.0,0.00013646616843136154,5.1684483456658254e-05,0.00013646616843136154,naive_region_4D,0.3787347739791934,True
snv_table,GCF_028200935.1,GCF_028395165.1,close_recombination,1,1,3.610108303249098e-05,0.9661199359856876,clonal,0.00034243464040868525,0.0003144807922120579,0.0003284577163103716,6.239011259536103e-05,10.0,276486.0,12.0,1286162.0,3.616819658138206e-05,9.330084390613313e-06,3.616819658138206e-05,naive_region_4D,0.25796377128231124,True
snv_table,GCF_028200935.1,GCF_028395175.1,close_recombination,1,1,7.220216606498195e-06,0.9661576053756872,clonal,0.0002722750676324287,0.0003281263635570294,0.000300200715594729,6.157912918099758e-05,2.0,276775.0,11.0,1287452.0,7.22608617107759e-06,8.544007854273403e-06,7.22608617107759e-06,naive_region_4D,1.1823838869332606,True
snv_table,GCF_028200935.1,GCF_028395205.1,close_recombination,1,1,2.1660649819494583e-05,0.9661461333556768,clonal,0.00029325820337456406,0.00033515223242807317,0.0003142052179013186,6.158717664854602e-05,6.0,276737.0,11.0,1287263.0,2.1681235252243106e-05,8.545262312363518e-06,2.1681235252243106e-05,naive_region_4D,0.39413170942275716,True
snv_table,GCF_028201035.1,GCF_028396085.1,close_recombination,6,6,3.636363636363637e-05,0.966328388912568,clonal,0.0009017608995064972,0.0008594908573421302,0.0008806258784243138,0.0001243076857774574,10.0,274277.0,52.0,1273679.0,3.6459491681766974e-05,4.082661329895523e-05,3.6459491681766974e-05,naive_region_4D,1.1197801015797544,True
snv_table,GCF_028201035.1,GCF_028396095.1,close_recombination,3,3,5.3763440860215054e-05,0.9827915465762788,clonal,0.0001973123242687112,0.00027482788023141917,0.0002360701022500652,7.051164920681976e-05,16.0,278919.0,53.0,1295440.0,5.736432440959562e-05,4.091274007287099e-05,5.736432440959562e-05,naive_region_4D,0.713208784274069,True
snv_table,GCF_028201035.1,GCF_028396185.1,close_recombination,4,4,5.017921146953405e-05,0.9822170868149984,clonal,0.00024659348711372894,0.0002747755999267265,0.0002606845435202277,7.807691258114692e-05,14.0,278757.0,53.0,1294837.0,5.02229540424097e-05,4.093179295926823e-05,5.02229540424097e-05,naive_region_4D,0.8150017007104811,True
snv_table,GCF_028201035.1,GCF_030541685.1,close_recombination,39,39,0.0001414141414141,0.7003289381202733,clonal,0.004758356996260789,0.004371784419016559,0.004565070707638674,0.0005626389582104451,38.0,198968.0,115.0,925716.0,0.00019098548510313216,0.00012422816500957097,0.00019098548510313216,naive_region_4D,0.6504586719901135,True
snv_table,GCF_028201035.1,GCF_030546205.1,close_recombination,39,39,0.0001464646464646,0.7002541202273375,clonal,0.004505976921806187,0.004632509815086235,0.004569243368446212,0.0005611897222110875,38.0,198909.0,113.0,925542.0,0.00019104213484558266,0.00012209062365619282,0.00019104213484558266,naive_region_4D,0.6390769437060436,True
snv_table,GCF_028201035.1,GCF_040921925.1,close_recombination,38,38,0.0001650485436893,0.7329145924357549,clonal,0.004078829036164201,0.004163804641084289,0.004121316838624245,0.0004915892508865755,40.0,206698.0,127.0,961201.0,0.00019351904711221201,0.00013212637107119115,0.00019351904711221201,naive_region_4D,0.6827564161918267,True
snv_table,GCF_028201035.1,GCF_040921935.1,close_recombination,39,39,0.000135265700483,0.729302646347857,clonal,0.004025291780874938,0.004215296812489664,0.004120294296682301,0.00048762204748257544,32.0,206882.0,111.0,961862.0,0.00015467754565404434,0.00011540116981438086,0.00015467754565404434,naive_region_4D,0.7460757754230857,True
snv_table,GCF_028201035.1,GCF_047307925.1,close_recombination,39,39,0.0001557788944723,0.6981347678568289,clonal,0.00452859378021553,0.004598913559411423,0.004563753669813477,0.0005666695416256228,33.0,198209.0,116.0,921981.0,0.00016649092624451968,0.0001258160417622489,0.00016649092624451968,naive_region_4D,0.7556930855046543,True
snv_table,GCF_028201035.1,GCF_047308905.1,close_recombination,32,32,0.0001244239631336,0.766785828053658,clonal,0.005854245566842459,0.0060736912894205925,0.005963968428131526,0.000625494738911182,28.0,216498.0,99.0,1010079.0,0.00012933144878936526,9.801213568443657e-05,0.00012933144878936526,naive_region_4D,0.7578368339788981,True
snv_table,GCF_028201035.1,GCF_047638235.1,close_recombination,42,42,0.0001560975609756,0.7206702532827401,clonal,0.004220791803631009,0.004516740477675253,0.00436876614065313,0.0005497230154240905,35.0,204236.0,125.0,949850.0,0.00017137037544801112,0.00013159972627256936,0.00017137037544801112,naive_region_4D,0.7679257627144136,True
snv_table,GCF_028201045.1,GCF_028395165.1,close_recombination,1,1,4.6931407942238266e-05,0.9661379987490872,clonal,0.00035640533769405746,0.00032146363792013026,0.00033893448780709386,6.539593102007129e-05,13.0,276491.0,16.0,1286188.0,4.7017805281184556e-05,1.2439861046752108e-05,4.7017805281184556e-05,naive_region_4D,0.26457766312904135,True
snv_table,GCF_028201045.1,GCF_028395175.1,close_recombination,1,1,7.220216606498195e-06,0.9661407428092712,clonal,0.0002722703155543144,0.000328120636693661,0.00030019547612398774,6.45820676624821e-05,2.0,276780.0,15.0,1287464.0,7.225955632632416e-06,1.1650811207148316e-05,7.225955632632416e-06,naive_region_4D,1.6123557629572554,True
snv_table,GCF_028201045.1,GCF_028395205.1,close_recombination,1,1,2.888086642599278e-05,0.9661641798339629,clonal,0.00037703967993520506,0.0002653242192136628,0.0003211819495744339,6.45905074485623e-05,8.0,276742.0,15.0,1287298.0,2.8907791372469664e-05,1.165231360570746e-05,2.8907791372469664e-05,naive_region_4D,0.4030855714838367,True
snv_table,GCF_028201095.1,GCF_028201115.1,close_recombination,1,1,0.0,0.9999546742999794,clonal,6.973184618549368e-06,6.973184618549368e-06,6.973184618549368e-06,2.250432645676131e-06,0.0,286793.0,3.0,1333001.0,0.0,2.250560952317365e-06,0.0,naive_region_4D,,False
snv_table,GCF_028201145.1,GCF_047309505.1,close_recombination,33,33,0.0001574074074074,0.7680543213897553,clonal,0.002690579784541203,0.002740143096361699,0.002715361440451451,0.0003526998295918966,37.0,216777.0,94.0,1010299.0,0.00017068231408313612,9.304176288405709e-05,0.00017068231408313612,naive_region_4D,0.5451166008842498,True
snv_table,GCF_028201145.1,GCF_964240005.1,close_recombination,2,2,8.270676691729324e-05,0.9369804994264536,clonal,0.0006564898967616695,0.0008047295508691432,0.0007306097238154064,9.415623861013242e-05,23.0,265465.0,26.0,1234649.0,8.664042340798222e-05,2.105861665947164e-05,8.664042340798222e-05,naive_region_4D,0.243057637891593,True
snv_table,GCF_028201165.1,GCF_028395955.1,close_recombination,2,2,5.319148936170213e-05,0.9933407521240704,clonal,0.00014131029975447335,0.000148375814742197,0.0001448430572483352,3.497218570838823e-05,15.0,281175.0,37.0,1307239.0,5.334755934915977e-05,2.8303929120841713e-05,5.334755934915977e-05,naive_region_4D,0.5305571513701779,True
snv_table,GCF_028201165.1,GCF_028396005.1,close_recombination,2,2,5.319148936170213e-05,0.9933412226009856,clonal,0.0001413003161594574,0.0001483653319674303,0.00014483282406344385,3.496942076195327e-05,15.0,281195.0,37.0,1307323.0,5.3343765002933905e-05,2.8302110496028906e-05,5.3343765002933905e-05,naive_region_4D,0.5305607973953899,True
snv_table,GCF_028201165.1,GCF_047310225.1,close_recombination,4,4,5.555555555555556e-05,0.9500847218299916,clonal,0.0006142332674385767,0.0005648121999435188,0.0005895227336910477,8.96284672164892e-05,15.0,269140.0,49.0,1251194.0,5.5733075722672215e-05,3.9162591892224546e-05,5.5733075722672215e-05,naive_region_4D,0.7026813321248876,True
snv_table,GCF_028201235.1,GCF_040928345.1,close_recombination,15,15,6.79245283018868e-05,0.9282630937197796,clonal,0.0013664840016257656,0.0014155372734789983,0.0013910106375523818,0.0001606124083265092,18.0,264846.0,50.0,1233235.0,6.796402437643008e-05,4.05437730846108e-05,6.796402437643008e-05,naive_region_4D,0.5965475625759351,True
snv_table,GCF_028201235.1,GCF_040928365.1,close_recombination,16,16,6.367041198501872e-05,0.9327320977194592,clonal,0.0015894466345042957,0.001575442699398531,0.0015824446669514133,0.0001747955381932018,18.0,266342.0,45.0,1239672.0,6.758228142763816e-05,3.629992449615705e-05,6.758228142763816e-05,naive_region_4D,0.5371219161197478,True
snv_table,GCF_028201265.1,GCF_964252195.1,close_recombination,39,39,0.000170616113744,0.7392786963062242,clonal,0.0035600975885574275,0.0032808742482784135,0.0034204859184179207,0.0004677584534388881,42.0,211357.0,94.0,984252.0,0.00019871591667179226,9.55039969438721e-05,0.00019871591667179226,naive_region_4D,0.48060567338252325,True
snv_table,GCF_028201315.1,GCF_028395165.1,close_recombination,1,1,0.0001010830324909,0.9660679340229242,clonal,0.00034246575342465754,0.0004403131115459883,0.0003913894324853229,0.00010148887945000546,28.0,276450.0,63.0,1285981.0,0.00010128413818050281,4.898983733041157e-05,0.00010128413818050281,naive_region_4D,0.4836871617854385,True
snv_table,GCF_028201315.1,GCF_028395175.1,close_recombination,1,1,7.942238267148014e-05,0.9661405695254652,clonal,0.00038401251182583983,0.00035608432914759693,0.0003700484204867184,0.00010064019178715952,22.0,276749.0,62.0,1287303.0,7.949441551730991e-05,4.816270916792706e-05,7.949441551730991e-05,naive_region_4D,0.6058627999779383,True
snv_table,GCF_028201315.1,GCF_028395205.1,close_recombination,1,1,9.386281588447652e-05,0.9661640090638977,clonal,0.0003351826570906844,0.0004329442654088006,0.00038406346124974253,0.00010065334537167375,26.0,276711.0,62.0,1287132.0,9.396084723773178e-05,4.81691077527402e-05,9.396084723773178e-05,naive_region_4D,0.5126508452064805,True
snv_table,GCF_028394795.1,GCF_028396015.1,close_recombination,16,16,0.0001327800829875,0.8473334875277725,clonal,0.0017942625650945842,0.001703147669210875,0.0017487051171527295,0.00024583957987071555,35.0,241764.0,75.0,1124819.0,0.00014476927913171521,6.667739431855258e-05,0.00014476927913171521,naive_region_4D,0.46057695885801564,True
snv_table,GCF_028395165.1,GCF_028395215.1,close_recombination,1,1,4.332129963898917e-05,0.9661322561256868,clonal,0.00034944019680471886,0.00032148498106034134,0.0003354625889325301,6.0889024866025355e-05,12.0,276472.0,10.0,1286122.0,4.340403368153014e-05,7.775312139905856e-06,4.340403368153014e-05,naive_region_4D,0.17913800816200431,True
snv_table,GCF_028395165.1,GCF_028395235.1,close_recombination,1,1,5.776173285198556e-05,0.9661249785899798,clonal,0.00028663210768978015,0.0004334436750430822,0.0003600378913664312,6.993006993006993e-05,19.0,276381.0,22.0,1285730.0,6.874568078124039e-05,1.7110901977864716e-05,6.874568078124039e-05,naive_region_4D,0.24890148418653832,True
snv_table,GCF_028395165.1,GCF_028395285.1,close_recombination,1,1,3.610108303249098e-05,0.9661334395594412,clonal,0.0003634051058417371,0.0002935195085644799,0.0003284623072031085,6.389416120121023e-05,10.0,276482.0,14.0,1286158.0,3.616871984432983e-05,1.0885132308783212e-05,3.616871984432983e-05,naive_region_4D,0.3009543150997,True
snv_table,GCF_028395175.1,GCF_028395215.1,close_recombination,1,1,7.220216606498195e-06,0.9661427603879372,clonal,0.00030722180716245747,0.000293257179564164,0.00030023949336331076,6.008446373489533e-05,2.0,276738.0,9.0,1287284.0,7.227052302177511e-06,6.991464199042325e-06,7.227052302177511e-06,naive_region_4D,0.9674019097572875,True
snv_table,GCF_028395175.1,GCF_028395235.1,close_recombination,2,2,1.0830324909747291e-05,0.9645008643419652,clonal,0.0003212907506679006,0.0003282753322041593,0.00032478304143602994,6.911800170841669e-05,3.0,276110.0,19.0,1284821.0,1.0865234870160444e-05,1.478805218781449e-05,1.0865234870160444e-05,naive_region_4D,1.361043029859153,True
snv_table,GCF_028395175.1,GCF_028395285.1,close_recombination,1,1,7.220216606498195e-06,0.9661407428092712,clonal,0.0002932141859815694,0.00030717676626640605,0.00030019547612398774,6.308015911219182e-05,2.0,276780.0,13.0,1287464.0,7.225955632632416e-06,1.0097369712861874e-05,7.225955632632416e-06,naive_region_4D,1.3973749945629548,True
snv_table,GCF_028395205.1,GCF_028395215.1,close_recombination,1,1,2.888086642599278e-05,0.9661629985476484,clonal,0.00032119316277510893,0.00032119316277510893,0.00032119316277510893,6.008581756894284e-05,8.0,276732.0,9.0,1287262.0,2.8908835985719037e-05,6.991583686926205e-06,2.8908835985719037e-05,naive_region_4D,0.2418493671063078,True
snv_table,GCF_028395205.1,GCF_028395235.1,close_recombination,1,1,4.332129963898917e-05,0.9660926384460378,clonal,0.0003073280272683777,0.0003841600340854721,0.0003457440306769249,6.911955955814571e-05,15.0,276629.0,21.0,1286813.0,5.4224249807503914e-05,1.6319387510073337e-05,5.4224249807503914e-05,naive_region_4D,0.30096105650160515,True
snv_table,GCF_028395205.1,GCF_028395285.1,close_recombination,1,1,2.1660649819494583e-05,0.9661641798339629,clonal,0.00030023530068914474,0.0003281641658695303,0.0003141997332793375,6.308840262417712e-05,6.0,276742.0,13.0,1287298.0,2.168084352935225e-05,1.0098671791613131e-05,2.168084352935225e-05,naive_region_4D,0.4657877714924335,True
snv_table,GCF_028395745.1,GCF_028395765.1,close_recombination,1,1,0.0,0.999804329899789,clonal,6.9882178646801495e-06,6.9882178646801495e-06,6.9882178646801495e-06,1.5039595495039565e-06,0.0,286136.0,2.0,1329620.0,0.0,1.5041891668296205e-06,0.0,naive_region_4D,,False
snv_table,GCF_028395745.1,GCF_028395805.1,close_recombination,1,1,1.3986013986013986e-05,0.999741126589098,clonal,5.597262938423111e-05,3.4982893365144446e-05,4.5477761374687776e-05,5.27207682169083e-06,4.0,285774.0,4.0,1327385.0,1.3997074611406216e-05,3.0134437258218226e-06,1.3997074611406216e-05,naive_region_4D,0.21529096682575138,True
snv_table,GCF_028395765.1,GCF_028395805.1,close_recombination,1,1,6.993006993006993e-06,0.999727108610773,clonal,2.7988860433547447e-05,4.8980505758708034e-05,3.8484683096127744e-05,5.272541432760409e-06,2.0,285748.0,4.0,1327270.0,6.9991740974565e-06,3.0137048226811424e-06,6.9991740974565e-06,naive_region_4D,0.4305800628357455,True
snv_table,GCF_028395805.1,GCF_028395835.1,close_recombination,1,1,1.3986013986013986e-05,0.9997306345480432,clonal,6.296854721066827e-05,2.7986020982519232e-05,4.547728409659375e-05,9.790889201025784e-06,4.0,285777.0,10.0,1327406.0,1.3996927674375474e-05,7.53349013037458e-06,1.3996927674375474e-05,naive_region_4D,0.5382245522470142,True
snv_table,GCF_028395955.1,GCF_047310225.1,close_recombination,6,6,4.104477611940299e-05,0.9435783274274564,clonal,0.0006199409647126785,0.0007185679363715137,0.0006692544505420961,9.550331002345137e-05,11.0,267878.0,50.0,1245883.0,4.106346919119898e-05,4.013217934589363e-05,4.106346919119898e-05,naive_region_4D,0.9773207217108449,True
snv_table,GCF_028396005.1,GCF_047310225.1,close_recombination,6,6,4.104477611940299e-05,0.9436627159537184,clonal,0.000655125653804836,0.0006833031012803128,0.0006692143775425744,9.549701268670234e-05,11.0,267915.0,50.0,1246118.0,4.10577981822593e-05,4.012461099189643e-05,4.10577981822593e-05,naive_region_4D,0.9772713776267211,True
snv_table,GCF_028396085.1,GCF_028396095.1,close_recombination,3,3,1.0714285714285714e-05,0.9844366065671388,clonal,0.0007610805935019221,0.0006060456577885676,0.0006835631256452448,5.8383312987633356e-05,3.0,279387.0,3.0,1298427.0,1.0737793812883205e-05,2.3104879981700936e-06,1.0737793812883205e-05,naive_region_4D,0.21517343678158266,True
snv_table,GCF_028396085.1,GCF_028396185.1,close_recombination,3,3,1.4285714285714284e-05,0.9843619543505756,clonal,0.0007398039167333078,0.0006623006492660088,0.0007010522829996583,6.443596921931654e-05,4.0,279367.0,4.0,1298396.0,1.4318083381358571e-05,3.08072421664885e-06,1.4318083381358571e-05,naive_region_4D,0.2151631705581348,True
snv_table,GCF_028396085.1,GCF_030541685.1,close_recombination,43,43,0.0001283422459893,0.658509000327669,clonal,0.005341357113412232,0.005207470853313509,0.005274413983362871,0.0006323580814832058,27.0,186485.0,92.0,867339.0,0.00014478376276912352,0.00010607155910203508,0.00014478376276912352,naive_region_4D,0.7326205444127041,True
snv_table,GCF_028396085.1,GCF_030546205.1,close_recombination,43,43,0.0001329787234042,0.6599528529597277,clonal,0.005088215706518484,0.005468774775981085,0.005278495241249784,0.0006308947330905804,27.0,186849.0,88.0,868700.0,0.0001445017099369009,0.00010130079429031887,0.0001445017099369009,naive_region_4D,0.7010352634204368,True
snv_table,GCF_028396085.1,GCF_040921925.1,close_recombination,41,41,0.0001909547738693,0.7047447988953531,clonal,0.004799108331351453,0.004855902512787565,0.004827505422069509,0.0005616432075558204,41.0,198049.0,112.0,920488.0,0.00020701947497841442,0.00012167459000008691,0.00020701947497841442,naive_region_4D,0.5877446554860296,True
snv_table,GCF_028396085.1,GCF_040921935.1,close_recombination,41,41,0.0001658291457286,0.7009139748912648,clonal,0.0049102780727158565,0.00474095813917393,0.004825618105944894,0.0005556930448790457,35.0,198215.0,101.0,920997.0,0.00017657594026688193,0.00010966376654864239,0.00017657594026688193,naive_region_4D,0.62105724246969,True
snv_table,GCF_028396085.1,GCF_047307925.1,close_recombination,43,43,0.0001223404255319,0.6615721370588256,clonal,0.005054581728074783,0.0054846089043824,0.005269595316228591,0.0006356430386467933,24.0,187279.0,96.0,870865.0,0.0001281510473678309,0.00011023522589609182,0.0001281510473678309,naive_region_4D,0.8601976196080908,True
snv_table,GCF_028396085.1,GCF_047308905.1,close_recombination,37,37,0.0001291866028708,0.7399495392171127,clonal,0.006557772628396433,0.006905533298084123,0.006731652963240278,0.0006897821342607835,28.0,208278.0,90.0,971819.0,0.0001344357061235464,9.260983784017394e-05,0.0001344357061235464,naive_region_4D,0.6888782787741339,True
snv_table,GCF_028396085.1,GCF_047638235.1,close_recombination,42,42,0.0001581632653061,0.6937616082158855,clonal,0.005117306858671403,0.004729632096650843,0.004923469477661123,0.0005794951262487779,38.0,196433.0,116.0,912926.0,0.00019345018403221456,0.00012706396794482795,0.00019345018403221456,naive_region_4D,0.6568304319817471,True
snv_table,GCF_028396085.1,GCF_051065055.1,close_recombination,6,6,4.744525547445256e-05,0.9652875669579928,clonal,0.0008739780095855653,0.0009233154778686214,0.0008986467437270933,0.00012360320792031157,14.0,273853.0,52.0,1271762.0,5.1122317447681785e-05,4.088815360106687e-05,5.1122317447681785e-05,naive_region_4D,0.799810252008069,True
snv_table,GCF_028396095.1,GCF_028396185.1,close_recombination,1,1,1.7605633802816902e-05,0.99985906063916,clonal,3.523484020999965e-05,4.228180825199958e-05,3.875832423099961e-05,7.582242690907602e-06,5.0,283653.0,1.0,1318223.0,1.7627171226815864e-05,7.585969900388629e-07,1.7627171226815864e-05,naive_region_4D,0.043035662403098716,True
snv_table,GCF_028396095.1,GCF_030541685.1,close_recombination,40,40,0.0001641025641025,0.6873632163410878,clonal,0.004680159717498793,0.004609675384403932,0.004644917550951362,0.0005771648992729694,38.0,194683.0,102.0,905541.0,0.00019518910228422616,0.00011263984733987749,0.00019518910228422616,naive_region_4D,0.5770806157807729,True
snv_table,GCF_028396095.1,GCF_030546205.1,close_recombination,41,41,0.0001502590673575,0.684968684024094,clonal,0.004335244835595532,0.005004916802069639,0.004670080818832585,0.0005772134923843469,37.0,194027.0,98.0,902343.0,0.00019069510944353106,0.00010860615087610809,0.00019069510944353106,naive_region_4D,0.5695277198929357,True
snv_table,GCF_028396095.1,GCF_040921925.1,close_recombination,39,39,0.0001881188118811,0.7199946030585036,clonal,0.004061908599955262,0.004353059391210797,0.00420748399558303,0.0005067776736535231,44.0,202373.0,113.0,940777.0,0.00021742030804504554,0.00012011348066544994,0.00021742030804504554,naive_region_4D,0.5524483050615705,True
snv_table,GCF_028396095.1,GCF_040921935.1,close_recombination,39,39,0.0001773399014778,0.7182803893963933,clonal,0.004100023640411696,0.004339956177027871,0.004219989908719784,0.0005034524078010064,43.0,203218.0,105.0,944683.0,0.00021159542953872197,0.0001111483958110816,0.00021159542953872197,naive_region_4D,0.5252873186031716,True
snv_table,GCF_028396095.1,GCF_047307925.1,close_recombination,40,40,0.0001897435897435,0.686688620769898,clonal,0.004647030202170495,0.004682288397938101,0.004664659300054297,0.0005827218421294234,41.0,194413.0,110.0,904404.0,0.00021089124698451235,0.00012162706047297447,0.00021089124698451235,naive_region_4D,0.5767288221398142,True
snv_table,GCF_028396095.1,GCF_047308905.1,close_recombination,34,34,0.0001408450704225,0.7547076049338894,clonal,0.006169136569349543,0.005984559410772917,0.00607684799006123,0.0006357381095196433,31.0,212470.0,91.0,991262.0,0.00014590295100484773,9.18021673382012e-05,0.00014590295100484773,naive_region_4D,0.6292002094950842,True
snv_table,GCF_028396095.1,GCF_047638235.1,close_recombination,39,39,0.000195,0.7043018144258666,clonal,0.00447701738986361,0.004173849283148436,0.004325433336506023,0.0005273021099671479,42.0,199572.0,103.0,927711.0,0.00021045036377848595,0.00011102595528133223,0.00021045036377848595,naive_region_4D,0.5275636177953819,True
snv_table,GCF_028396095.1,GCF_051065055.1,close_recombination,3,3,5.39568345323741e-05,0.981803568784766,clonal,0.00023970502182020712,0.0002679056126225844,0.0002538053172213958,6.978457047976134e-05,20.0,278502.0,53.0,1293549.0,7.181276974671636e-05,4.097254916512633e-05,7.181276974671636e-05,naive_region_4D,0.5705468443793007,True
snv_table,GCF_028396185.1,GCF_030541685.1,close_recombination,42,42,0.0001589743589743,0.6854706576698789,clonal,0.004503091911699935,0.004820211060411198,0.004661651486055567,0.0005846246004875663,33.0,194061.0,97.0,902600.0,0.00017004962357196964,0.00010746731664081542,0.00017004962357196964,naive_region_4D,0.6319762101404025,True
snv_table,GCF_028396185.1,GCF_030546205.1,close_recombination,41,41,0.0001701030927835,0.6868822130208793,clonal,0.004750242269403577,0.004595189851114439,0.004672716060259008,0.0005846738111632507,38.0,194553.0,103.0,905168.0,0.00019531952732674388,0.00011379103105721811,0.00019531952732674388,naive_region_4D,0.5825891175072356,True
snv_table,GCF_028396185.1,GCF_040921925.1,close_recombination,40,40,0.0001831683168316,0.7182640118988879,clonal,0.00440883613115755,0.004053857376636008,0.00423134675389678,0.0005142916530388294,42.0,201838.0,114.0,938678.0,0.00020808767427342721,0.00012144739729704967,0.00020808767427342721,naive_region_4D,0.583635708943855,True
snv_table,GCF_028396185.1,GCF_040921935.1,close_recombination,39,39,0.0001584158415841,0.7167299307152836,clonal,0.004035728900616648,0.004409668816233225,0.004222698858424937,0.0005063798547365496,41.0,202768.0,108.0,942876.0,0.0002022015308135406,0.0001145431636821809,0.0002022015308135406,naive_region_4D,0.5664802003294745,True
snv_table,GCF_028396185.1,GCF_047307925.1,close_recombination,41,41,0.0001701030927835,0.6831385101312766,clonal,0.004575642634554915,0.00474484975817482,0.004660246196364867,0.0005848733988047646,34.0,193471.0,104.0,899670.0,0.000175736932150038,0.00011559794146742695,0.000175736932150038,naive_region_4D,0.6577896862836635,True
snv_table,GCF_028396185.1,GCF_047308905.1,close_recombination,34,34,0.0001408450704225,0.7553437268213742,clonal,0.005834359551279549,0.006324105061058489,0.006079232306169019,0.0006356016366742144,31.0,212648.0,90.0,992144.0,0.0001457808208870998,9.071263848796143e-05,0.0001457808208870998,naive_region_4D,0.6222535854576782,True
snv_table,GCF_028396185.1,GCF_047638235.1,close_recombination,41,41,0.0001691542288557,0.7089661395093101,clonal,0.004335214275895856,0.004363410791511439,0.004349312533703647,0.000534780046104867,41.0,200786.0,120.0,934097.0,0.00020419750381002659,0.0001284663155967742,0.00020419750381002659,naive_region_4D,0.6291277474003392,True
snv_table,GCF_028396185.1,GCF_051065055.1,close_recombination,4,4,5.7347670250896056e-05,0.9811302135098366,clonal,0.00024670994664016297,0.0003101496472047763,0.00027842979692246965,7.659569304693117e-05,16.0,278369.0,52.0,1293061.0,5.747766453879563e-05,4.0214653446357135e-05,5.747766453879563e-05,naive_region_4D,0.6996570540755619,True
snv_table,GCF_028396205.1,GCF_039760295.1,close_recombination,18,18,0.0001785714285714,0.683579319642138,clonal,0.004012815799149115,0.003816727068998722,0.003914771434073918,0.0005272930657195479,37.0,195105.0,109.0,909369.0,0.00018964147510314958,0.00011986333380618869,0.00018964147510314958,naive_region_4D,0.6320523173582823,True
snv_table,GCF_028396205.1,GCF_039760315.1,close_recombination,18,18,0.0001692307692307,0.6829553531724774,clonal,0.003970629943591844,0.003865586823391002,0.0039181083834914235,0.0005287661595683702,38.0,194934.0,110.0,908699.0,0.0001949377738106231,0.00012105218559721096,0.0001949377738106231,naive_region_4D,0.6209785986107031,True
snv_table,GCF_028396205.1,GCF_039760335.1,close_recombination,18,18,0.000188775510204,0.6844809003233437,clonal,0.004031298554051595,0.003821335087694741,0.003926316820873168,0.000538298630011165,39.0,195481.0,115.0,911169.0,0.00019950788056128217,0.00012621149314781343,0.00019950788056128217,naive_region_4D,0.6326140741545568,True
snv_table,GCF_028396205.1,GCF_040095755.1,close_recombination,10,10,6.694560669456067e-05,0.837314699836536,clonal,0.003683202491949572,0.003676186868155382,0.003679694680052477,0.0005191923841721787,16.0,238519.0,55.0,1111095.0,6.708060993044579e-05,4.950071776040752e-05,6.708060993044579e-05,naive_region_4D,0.7379288562184151,True
snv_table,GCF_028396205.1,GCF_040097405.1,close_recombination,14,14,7.692307692307693e-05,0.8251859442079041,clonal,0.0038513859689415756,0.003801918626221225,0.0038266522975814003,0.0005687481989006736,18.0,233190.0,63.0,1086719.0,7.719027402547279e-05,5.797266818745232e-05,7.719027402547279e-05,naive_region_4D,0.7510359163684448,True
snv_table,GCF_028396205.1,GCF_040098345.1,close_recombination,18,18,0.0001519607843137,0.7153304128538509,clonal,0.004959437135451558,0.005282116213571461,0.00512077667451151,0.0005509093022167685,31.0,203854.0,120.0,950981.0,0.00015206961845242183,0.0001261854863556685,0.00015206961845242183,naive_region_4D,0.8297876172757565,True
snv_table,GCF_028396285.1,GCF_039760295.1,close_recombination,18,18,0.0001836734693877,0.683512928770979,clonal,0.003752949496222544,0.004096036297183188,0.0039244928967028655,0.0005264323252041338,38.0,195124.0,107.0,909444.0,0.00019474795514647097,0.00011765430306868812,0.00019474795514647097,naive_region_4D,0.6041362692624921,True
snv_table,GCF_028396285.1,GCF_039760315.1,close_recombination,18,18,0.0001692307692307,0.6828875507631984,clonal,0.0037739812351211314,0.0040750595154740235,0.003924520375297578,0.0005279405573576161,38.0,194953.0,108.0,908805.0,0.0001949187752945582,0.00011883737435423441,0.0001949187752945582,naive_region_4D,0.6096763853284489,True
snv_table,GCF_028396285.1,GCF_039760335.1,close_recombination,18,18,0.000188775510204,0.6845383915447609,clonal,0.003926646601805838,0.003926646601805838,0.003926646601805838,0.0005360868520934869,39.0,195479.0,113.0,911155.0,0.00019950992178187937,0.00012401841618604956,0.00019950992178187937,naive_region_4D,0.6216152814777637,True
snv_table,GCF_028396285.1,GCF_040095755.1,close_recombination,10,10,6.694560669456067e-05,0.8373404602321153,clonal,0.0035564347267963677,0.0038019479722359592,0.0036791913495161635,0.0005176143561775312,16.0,238560.0,53.0,1111275.0,6.70690811535882e-05,4.7692965287620076e-05,6.70690811535882e-05,naive_region_4D,0.7111021124384154,True
snv_table,GCF_028396285.1,GCF_040097405.1,close_recombination,14,14,8.119658119658119e-05,0.8264997155848882,clonal,0.0040065433141250086,0.0036532326162303868,0.0038298879651776974,0.000567190823977726,19.0,233459.0,58.0,1087679.0,8.138473993292184e-05,5.3324556233962407e-05,8.138473993292184e-05,naive_region_4D,0.6552156617802437,True
snv_table,GCF_028396285.1,GCF_040098345.1,close_recombination,19,19,0.0001379310344827,0.7090479981203337,clonal,0.005014781330986089,0.005232205416665205,0.005123493373825647,0.0005493236829436505,28.0,202076.0,111.0,942967.0,0.00013856172925038105,0.00011771355731430686,0.00013856172925038105,naive_region_4D,0.8495387431373526,True
snv_table,GCF_029076805.1,GCF_036419465.1,close_recombination,1,1,0.0,0.9997826635631958,clonal,7.010852800134609e-06,2.8043411200538435e-05,1.752713200033652e-05,2.2627147599146506e-06,0.0,285159.0,1.0,1325322.0,0.0,7.54533615227092e-07,0.0,naive_region_4D,,False
snv_table,GCF_030541685.1,GCF_030546205.1,close_recombination,1,1,7.017543859649123e-06,0.9995080296587834,clonal,2.811259092666128e-05,2.1084443194995958e-05,2.459851706082862e-05,1.5122233009415103e-06,2.0,284430.0,1.0,1321983.0,7.031607073796716e-06,7.564393793263605e-07,7.031607073796716e-06,naive_region_4D,0.10757702633089836,True
snv_table,GCF_030541685.1,GCF_040921925.1,close_recombination,7,7,7.089552238805971e-05,0.9499075903384104,clonal,0.0008993124154681735,0.0008922312153463769,0.0008957718154072752,0.00013946650631829,22.0,268180.0,45.0,1246555.0,8.203445447087777e-05,3.609949019497736e-05,8.203445447087777e-05,naive_region_4D,0.440052785476774,True
snv_table,GCF_030541685.1,GCF_040921935.1,close_recombination,9,9,5.204460966542751e-05,0.943418798005707,clonal,0.0008866651888913518,0.0009077762648173365,0.0008972207268543441,0.00013476731816822445,15.0,267987.0,35.0,1246705.0,5.597286435536052e-05,2.807400307209805e-05,5.597286435536052e-05,naive_region_4D,0.5015645240854893,True
snv_table,GCF_030541685.1,GCF_047308905.1,close_recombination,39,39,0.0001527093596059,0.7200758943426148,clonal,0.007143413404696671,0.007051377354883928,0.007097395379790299,0.0007162586913039337,34.0,203088.0,92.0,946936.0,0.000167415110690932,9.715545717978829e-05,0.000167415110690932,naive_region_4D,0.5803266908155543,True
snv_table,GCF_030541685.1,GCF_047638235.1,close_recombination,12,12,7.518796992481203e-05,0.939062417419798,clonal,0.00102179236474464,0.0011274950231664994,0.0010746436939555696,0.00018425618130201636,25.0,266352.0,47.0,1239446.0,9.386075569171622e-05,3.792016755873189e-05,9.386075569171622e-05,naive_region_4D,0.40400449878413425,True
snv_table,GCF_030541685.1,GCF_051065055.1,close_recombination,38,38,0.0001624365482233,0.6896539600165953,clonal,0.004612928858229789,0.004556673628251376,0.0045848012432405825,0.0005621377880672447,38.0,195856.0,106.0,912016.0,0.00019402009639735317,0.00011622603112226101,0.00019402009639735317,naive_region_4D,0.5990411987231987,True
snv_table,GCF_030546205.1,GCF_040921925.1,close_recombination,7,7,8.582089552238806e-05,0.9499309514535604,clonal,0.0009135653836620516,0.000906483481463121,0.0009100244325625863,0.0001387145430003651,26.0,268157.0,44.0,1246486.0,9.695812527735617e-05,3.5299233204384164e-05,9.695812527735617e-05,naive_region_4D,0.3640667876303094,True
snv_table,GCF_030546205.1,GCF_040921935.1,close_recombination,8,8,5.5762081784386615e-05,0.9468546675909536,clonal,0.0008656393943339327,0.0009219411435589039,0.0008937902689464183,0.00013326276464205696,18.0,268939.0,35.0,1251007.0,6.692967550262327e-05,2.7977461357130694e-05,6.692967550262327e-05,naive_region_4D,0.4180128044402984,True
snv_table,GCF_030546205.1,GCF_047308905.1,close_recombination,40,40,0.0001243781094527,0.7131705002885395,clonal,0.006698364706840333,0.007512647942872721,0.007105506324856527,0.0007155779568458482,28.0,201048.0,88.0,937959.0,0.0001392702240261032,9.382073203626172e-05,0.0001392702240261032,naive_region_4D,0.6736596619437981,True
snv_table,GCF_030546205.1,GCF_047638235.1,close_recombination,12,12,8.646616541353383e-05,0.938985499585954,clonal,0.0011276142149866976,0.0010289479711753616,0.0010782810930810296,0.00018275505135720272,26.0,266309.0,45.0,1239276.0,9.763094750834557e-05,3.6311523825201163e-05,9.763094750834557e-05,naive_region_4D,0.3719263691679037,True
snv_table,GCF_030546205.1,GCF_051065055.1,close_recombination,41,41,0.0001616161616161,0.6952742310383752,clonal,0.004472935574958594,0.004705021854791351,0.004588978714874972,0.0005606878376139062,34.0,197375.0,107.0,919260.0,0.00017226092463584546,0.00011639797228205295,0.00017226092463584546,naive_region_4D,0.6757073464461825,True
snv_table,GCF_039760255.1,GCF_040928345.1,close_recombination,12,12,9.195402298850576e-05,0.9289860756318256,clonal,0.0014344819788784896,0.0014274155651894328,0.001430948772033961,0.00017345182831920614,31.0,262860.0,66.0,1223338.0,0.00011793350072281823,5.3950747871806486e-05,0.00011793350072281823,naive_region_4D,0.45746753501880816,True
snv_table,GCF_039760255.1,GCF_040928365.1,close_recombination,14,14,0.0001022727272727,0.9340665158418952,clonal,0.0016588371904239212,0.0015882483738101374,0.0016235427821170293,0.0001877115079313812,32.0,264576.0,61.0,1230773.0,0.00012094823415578132,4.956234821530859e-05,0.00012094823415578132,naive_region_4D,0.40978149504417144,True
snv_table,GCF_039760295.1,GCF_039760315.1,close_recombination,1,1,2.0905923344947736e-05,0.9996996430641996,clonal,1.397009003723029e-05,4.889531513030602e-05,3.1432702583768155e-05,1.3522172983149118e-05,6.0,286236.0,11.0,1330795.0,2.096172389217289e-05,8.265735894709554e-06,2.096172389217289e-05,naive_region_4D,0.394325196593014,True
snv_table,GCF_039760295.1,GCF_040098345.1,close_recombination,15,15,0.0001255605381165,0.7808947233812962,clonal,0.0046666596596701805,0.0046666596596701805,0.0046666596596701805,0.0005012127086439219,29.0,222794.0,108.0,1039345.0,0.00013016508523568858,0.0001039115981700013,0.00013016508523568858,naive_region_4D,0.7983062276788713,True
snv_table,GCF_039760315.1,GCF_040098345.1,close_recombination,15,15,0.000134529147982,0.7809160786731784,clonal,0.004715626029134581,0.0046315435442168765,0.004673584786675729,0.0005027023075317166,31.0,222807.0,109.0,1039467.0,0.00013913386922313932,0.00010486143379251097,0.00013913386922313932,naive_region_4D,0.7536729509357416,True
snv_table,GCF_039760335.1,GCF_040098345.1,close_recombination,15,15,0.0001300448430493,0.7789819537073362,clonal,0.004798800650114891,0.004511573165947431,0.004655186908031161,0.0005079221537707944,30.0,222292.0,111.0,1037092.0,0.00013495762330628183,0.00010703004169350453,0.00013495762330628183,naive_region_4D,0.793064067604417,True
snv_table,GCF_040095755.1,GCF_040097405.1,close_recombination,11,11,7.434944237918216e-05,0.9470884727576708,clonal,0.0012274656009819726,0.0012133568009706855,0.001220411200976329,0.00020489688374606142,20.0,268243.0,58.0,1248469.0,7.455926156507346e-05,4.645690041162416e-05,7.455926156507346e-05,naive_region_4D,0.6230869168557649,True
snv_table,GCF_040095755.1,GCF_040098345.1,close_recombination,20,20,0.0001111111111111,0.630496526107731,clonal,0.0073866289377508,0.007695575395223266,0.007541102166487033,0.0008897684185083917,20.0,179341.0,102.0,836937.0,0.0001115193960109512,0.00012187297251764469,0.0001115193960109512,naive_region_4D,1.0928410382143459,True
snv_table,GCF_040097525.1,GCF_964246425.1,close_recombination,14,14,0.0001428571428571,0.68245733549931,clonal,0.003975615294590298,0.004164264877989135,0.004069940086289717,0.0005981607308983082,29.0,195156.0,94.0,906460.0,0.00014859906946237882,0.00010370010811287868,0.00014859906946237882,naive_region_4D,0.6978516654785155,True
snv_table,GCF_040097525.1,GCF_964251715.1,close_recombination,14,14,0.0001428571428571,0.6829045016841134,clonal,0.004039077021984319,0.004067029112101857,0.004053053067043088,0.0005929517649896929,29.0,195255.0,95.0,906913.0,0.00014852372538475328,0.00010475095185535988,0.00014852372538475328,naive_region_4D,0.7052809346385618,True
snv_table,GCF_040911805.1,GCF_040911865.1,close_recombination,1,1,4.609929078014184e-05,0.9982784637946058,clonal,0.00011335217813294794,7.084511133309246e-05,9.20986447330202e-05,3.1249261640921594e-05,17.0,281816.0,36.0,1309770.0,6.032304766230448e-05,2.748574177145606e-05,6.032304766230448e-05,naive_region_4D,0.45564245900380357,True
snv_table,GCF_040911805.1,GCF_040911905.1,close_recombination,1,1,4.946996466431095e-05,0.9982735319714992,clonal,8.490826369676429e-05,0.00011321101826235239,9.905964097955833e-05,3.121055860810044e-05,19.0,282168.0,36.0,1311397.0,6.733577159706274e-05,2.745164126500213e-05,6.733577159706274e-05,naive_region_4D,0.40768287960332217,True
snv_table,GCF_040911985.1,GCF_047307725.1,close_recombination,39,39,0.000130890052356,0.6697100080456151,clonal,0.0038409067058453143,0.0035750515968797007,0.0037079791513625073,0.000524684248482029,28.0,191241.0,105.0,893156.0,0.0001464121187402283,0.00011756065009919879,0.0001464121187402283,naive_region_4D,0.8029434387721741,True
snv_table,GCF_040918225.1,GCF_047948285.1,close_recombination,34,34,7.174887892376682e-05,0.7829197800648526,clonal,0.002749189341604399,0.0027209925278443535,0.002735090934724376,0.0004005237151001992,16.0,221805.0,66.0,1034175.0,7.213543427785668e-05,6.381898614837915e-05,7.213543427785668e-05,naive_region_4D,0.8847106389150773,True
snv_table,GCF_040921925.1,GCF_047307925.1,close_recombination,7,7,7.835820895522388e-05,0.9499672351805608,clonal,0.0008713670899527124,0.000935125657510228,0.0009032463737314702,0.00014409683307182428,24.0,268067.0,52.0,1246089.0,8.952985634188468e-05,4.1730566596767966e-05,8.952985634188468e-05,naive_region_4D,0.4661078248289916,True
snv_table,GCF_040921925.1,GCF_047308905.1,close_recombination,38,38,0.0001449275362318,0.740019821322895,clonal,0.006951722957797694,0.006887553207418023,0.006919638082607859,0.0006916361916868553,33.0,207320.0,97.0,966933.0,0.00015917422342272814,0.00010031718847117639,0.00015917422342272814,naive_region_4D,0.6302351367831603,True
snv_table,GCF_040921925.1,GCF_047638235.1,close_recombination,7,7,8e-05,0.9771500175714484,clonal,0.0006247626079579137,0.0005466672819631745,0.0005857149449605441,0.00010927951177276587,26.0,275226.0,62.0,1279766.0,9.446781917406059e-05,4.844635659956586e-05,9.446781917406059e-05,naive_region_4D,0.5128344977489274,True
snv_table,GCF_040921925.1,GCF_051065055.1,close_recombination,37,37,0.0001773399014778,0.7183416400109103,clonal,0.0041019755369230936,0.004179905987538213,0.004140940762230653,0.0004910452859652547,37.0,202472.0,113.0,942315.0,0.00018274131731795015,0.00011991743737497545,0.00018274131731795015,naive_region_4D,0.6562141454104332,True
snv_table,GCF_040921935.1,GCF_047307925.1,close_recombination,8,8,5.5762081784386615e-05,0.9468294742768668,clonal,0.0009008374973608277,0.0008867619114645648,0.0008937997044126962,0.0001385725362863166,18.0,268936.0,43.0,1250886.0,6.693042210786209e-05,3.4375634550230796e-05,6.693042210786209e-05,naive_region_4D,0.5136025363000484,True
snv_table,GCF_040921935.1,GCF_047308905.1,close_recombination,38,38,0.0001298076923076,0.7382645450905779,clonal,0.007015231555787035,0.006809734873849838,0.006912483214818437,0.000686460108277641,30.0,208056.0,92.0,970726.0,0.00014419194832160573,9.477442656321145e-05,0.00014419194832160573,naive_region_4D,0.657279603101184,True
snv_table,GCF_040921935.1,GCF_047638235.1,close_recombination,8,8,7.581227436823104e-05,0.9769295893890222,clonal,0.0005432482009312827,0.0006137999153379428,0.0005785240581346126,0.00010400668679487072,21.0,276894.0,56.0,1288044.0,7.584129666948362e-05,4.3476775638099316e-05,7.584129666948362e-05,naive_region_4D,0.5732599196921844,True
snv_table,GCF_040921935.1,GCF_051065055.1,close_recombination,37,37,0.0001699029126213,0.7220980374900995,clonal,0.004167913403150577,0.004111590249053947,0.004139751826102262,0.00048707582551019867,39.0,204848.0,114.0,953677.0,0.00019038506600015621,0.00011953732762769784,0.00019038506600015621,naive_region_4D,0.6278713458943243,True
snv_table,GCF_040922025.1,GCF_040922045.1,close_recombination,1,1,1.048951048951049e-05,0.9998912704174864,clonal,4.910368242544132e-05,1.4029623550126091e-05,3.1566652987783707e-05,3.7732374830392975e-06,3.0,285071.0,1.0,1324944.0,1.0523694097259981e-05,7.547488799526621e-07,1.0523694097259981e-05,naive_region_4D,0.07171900598566178,True
snv_table,GCF_040922025.1,GCF_040922065.1,close_recombination,1,1,3.496503496503497e-06,0.9998912742309406,clonal,1.4029131491542187e-05,3.507282872885547e-05,2.455098011019883e-05,4.527140205532166e-06,1.0,285081.0,2.0,1325162.0,3.5077749832503746e-06,1.509249435163399e-06,3.5077749832503746e-06,naive_region_4D,0.43025833822581694,True
snv_table,GCF_040928345.1,GCF_040928365.1,close_recombination,1,1,2.7972027972027973e-05,0.9995441795231416,clonal,4.2075736325385694e-05,8.415147265077139e-05,6.311360448807855e-05,2.9430941427898722e-05,9.0,285070.0,26.0,1324624.0,3.157119304030589e-05,1.962821147737018e-05,3.157119304030589e-05,naive_region_4D,0.6217126939837686,True
snv_table,GCF_040928465.1,GCF_040928505.1,close_recombination,1,1,3.202846975088968e-05,0.99953329461935,clonal,4.9876910909149205e-05,6.412745688319183e-05,5.700218389617052e-05,2.6844711016685906e-05,9.0,280536.0,24.0,1303143.0,3.208144409273676e-05,1.8417011793793928e-05,3.208144409273676e-05,naive_region_4D,0.5740705356204193,True
snv_table,GCF_040928465.1,GCF_047307425.1,close_recombination,7,7,9.777777777777778e-05,0.7943328795098706,clonal,0.002425119128658952,0.0021769344225096438,0.0023010267755842976,0.00029983108752473797,23.0,223960.0,73.0,1040137.0,0.00010269691016252902,7.018306242350768e-05,0.00010269691016252902,naive_region_4D,0.6833999417551643,True
snv_table,GCF_040928465.1,GCF_047310325.1,close_recombination,14,14,9.170305676855896e-05,0.8108692416198247,clonal,0.0021619399335114867,0.0022186465547183454,0.002190293244114916,0.0003446845373906465,22.0,228669.0,97.0,1066282.0,9.620893081265934e-05,9.097030616666135e-05,9.620893081265934e-05,naive_region_4D,0.9455494973101948,True
snv_table,GCF_040928505.1,GCF_047307425.1,close_recombination,8,8,0.0001255605381165,0.791793242709042,clonal,0.0022863817830216567,0.00233624057579783,0.002311311179409743,0.00031898097845881577,29.0,222250.0,90.0,1031593.0,0.00013048368953880765,8.72437094862024e-05,0.00013048368953880765,naive_region_4D,0.6686177390796029,True
snv_table,GCF_040928505.1,GCF_047310325.1,close_recombination,15,15,0.0001385281385281,0.8190103239587042,clonal,0.0023282306870772516,0.0020647917408330367,0.0021965112139551443,0.00035868583030021544,33.0,229954.0,119.0,1071378.0,0.00014350696226201763,0.00011107190926078378,0.00014350696226201763,naive_region_4D,0.7739827218834627,True
snv_table,GCF_047307265.1,GCF_047310325.1,close_recombination,35,35,8.743169398907104e-05,0.6427843564426017,clonal,0.00294458694964686,0.002972697564917952,0.0029586422572824064,0.0004429852975749957,17.0,182568.0,95.0,853095.0,9.311598965864774e-05,0.00011135922728418289,9.311598965864774e-05,naive_region_4D,1.1959194945187472,True
snv_table,GCF_047307325.1,GCF_047310325.1,close_recombination,36,36,0.0001021505376344,0.6527017861974692,clonal,0.0031626553654448275,0.0027269117373168736,0.0029447835513808506,0.00044075843715979195,19.0,185365.0,95.0,866262.0,0.00010250047204164756,0.00010966659047724592,0.00010250047204164756,naive_region_4D,1.0699130286218257,True
snv_table,GCF_047307425.1,GCF_047310325.1,close_recombination,20,20,0.0001395348837209,0.7554808324745259,clonal,0.0032007428537260516,0.0029897048633704877,0.0030952238585482696,0.00042448322383280355,31.0,214607.0,89.0,996955.0,0.00014445008783497276,8.927183273066488e-05,0.00014445008783497276,naive_region_4D,0.6180116195751548,True
snv_table,GCF_047307925.1,GCF_047308905.1,close_recombination,39,39,0.0001485148514851,0.7186273156260731,clonal,0.007207513372486132,0.006988031138156986,0.0070977722553215595,0.000718591712648662,33.0,202627.0,94.0,944834.0,0.00016286082308872955,9.948837573584354e-05,0.00016286082308872955,naive_region_4D,0.6108797306129323,True
snv_table,GCF_047307925.1,GCF_047638235.1,close_recombination,12,12,7.894736842105263e-05,0.9390884416087985,clonal,0.0011420917198350312,0.0010081426909654904,0.0010751172054002608,0.00018888420260523657,24.0,266229.0,53.0,1238878.0,9.014795533168814e-05,4.278064506755306e-05,9.014795533168814e-05,naive_region_4D,0.4745603481537326,True
snv_table,GCF_047307925.1,GCF_051065055.1,close_recombination,40,40,0.0001421319796954,0.6937087140957727,clonal,0.004692259530492652,0.004474178502838571,0.004583219016665611,0.0005661369854719259,33.0,196887.0,112.0,916666.0,0.00016760883146170138,0.00012218190704138695,0.00016760883146170138,naive_region_4D,0.7289705797471986,True
snv_table,GCF_047308905.1,GCF_047638235.1,close_recombination,40,40,0.0001225490196078,0.7272430425662558,clonal,0.007212093033160721,0.007070122697862282,0.007141107865511502,0.0007411731625018338,28.0,204660.0,98.0,954910.0,0.00013681227401544024,0.00010262747274612268,0.00013681227401544024,naive_region_4D,0.750133520436481,True
snv_table,GCF_047308905.1,GCF_051065055.1,close_recombination,32,32,0.000125,0.7646846361949547,clonal,0.005708134445687738,0.006253452500672795,0.0059807934731802665,0.0006234732337148106,28.0,215798.0,93.0,1007005.0,0.0001297509708152995,9.23530667672951e-05,0.0001297509708152995,naive_region_4D,0.7117716822231696,True
snv_table,GCF_047309325.1,GCF_047311065.1,close_recombination,8,8,3.108808290155441e-05,0.6728227121757686,clonal,0.004030300596163182,0.0039883910579015195,0.004009345827032351,0.0005042462645571989,6.0,192570.0,48.0,894117.0,3.1157501168406295e-05,5.368424937675942e-05,3.1157501168406295e-05,naive_region_4D,1.7229959837470934,True
snv_table,GCF_047309325.1,GCF_964238845.1,close_recombination,1,1,5.755395683453237e-05,0.968795760407224,clonal,0.0003347046928387142,0.0002928666062338749,0.00031378564953629456,6.450925707839075e-05,18.0,277870.0,46.0,1290932.0,6.477849354014467e-05,3.563317045359477e-05,6.477849354014467e-05,naive_region_4D,0.5500771707744655,True
snv_table,GCF_047309505.1,GCF_964240005.1,close_recombination,29,29,9.45273631840796e-05,0.7079408944785968,clonal,0.003017314308273645,0.003094862105916192,0.0030560882070949187,0.0004087929156718614,19.0,200577.0,80.0,935157.0,9.47267134317494e-05,8.554713272744576e-05,9.47267134317494e-05,naive_region_4D,0.9030940653196257,True
snv_table,GCF_047311065.1,GCF_964238335.1,close_recombination,10,10,2.0618556701030927e-05,0.6755666961084482,clonal,0.004126504236474527,0.0038960902943363557,0.004011297265405441,0.0004934644131040714,4.0,193366.0,39.0,897728.0,2.068615992470238e-05,4.344300278035218e-05,2.068615992470238e-05,naive_region_4D,2.1000999189063947,True
snv_table,GCF_047311065.1,GCF_964238845.1,close_recombination,10,10,2.0618556701030927e-05,0.6755666961084482,clonal,0.004259166809220747,0.003819285646956965,0.004039226228088856,0.0004994731121981849,4.0,193366.0,40.0,897728.0,2.068615992470238e-05,4.4556925928566335e-05,2.068615992470238e-05,naive_region_4D,2.1539486347757895,True
snv_table,GCF_047638235.1,GCF_051065055.1,close_recombination,42,42,0.0001576354679802,0.7160179630164896,clonal,0.00417351089554238,0.004610601563656616,0.004392056229599498,0.0005499915794392665,38.0,202823.0,118.0,944217.0,0.000187355477435991,0.0001249712724935052,0.000187355477435991,naive_region_4D,0.6670275894986896,True
snv_table,GCF_047777885.1,GCF_048453055.1,close_recombination,4,4,0.0,0.8916869386064737,clonal,0.007190013329017933,0.007259616555823528,0.00722481494242073,0.0006946892949727103,0.0,256043.0,1.0,1189571.0,0.0,8.406391884133019e-07,0.0,naive_region_4D,,False
snv_table,GCF_964238335.1,GCF_964238845.1,close_recombination,2,2,0.0,0.9668885713289882,clonal,0.00029974556481126484,0.0002300372939249242,0.00026489142936809453,2.9990942735293942e-05,0.0,277410.0,5.0,1289035.0,0.0,3.878870628027944e-06,0.0,naive_region_4D,,False
snv_table,GCF_964242805.1,GCF_964245285.1,close_recombination,1,1,3.5087719298245615e-06,0.9951023263949624,clonal,0.00013993353157250307,0.00011894350183662761,0.00012943851670456534,1.580431548123012e-05,1.0,284444.0,2.0,1321952.0,3.5156304931726455e-06,1.5129142359177943e-06,3.5156304931726455e-06,naive_region_4D,0.4303393769214011,True
snv_table,GCF_964242805.1,GCF_964249125.1,close_recombination,1,1,0.0,0.999597810691241,clonal,0.0,2.7978386696277127e-05,1.3989193348138563e-05,3.7618903950662057e-06,0.0,285815.0,3.0,1328573.0,0.0,2.2580618453031938e-06,0.0,naive_region_4D,,False
snv_table,GCF_964242805.1,GCF_964250055.1,close_recombination,1,1,7.017543859649123e-06,0.9951298360518084,clonal,0.00014694460188508933,0.00011895515390697706,0.0001329498778960332,1.5052975182912465e-05,2.0,284416.0,1.0,1321842.0,7.031953195319532e-06,7.565200682078493e-07,7.031953195319532e-06,naive_region_4D,0.10758320585970184,True
snv_table,GCF_964242805.1,GCF_964252495.1,close_recombination,2,2,3.5087719298245615e-06,0.9946821537277404,clonal,9.09631599202323e-05,0.00019592065213588496,0.00014344190602805863,1.7310530597868094e-05,1.0,284304.0,2.0,1321326.0,3.517361697338061e-06,1.5136310040065813e-06,3.517361697338061e-06,naive_region_4D,0.43033134896308706,True
snv_table,GCF_964245285.1,GCF_964249125.1,close_recombination,2,2,3.5087719298245615e-06,0.9946825258002449,clonal,0.0001469302081511282,0.00013993353157250307,0.00014343186986181565,1.8062074835691562e-05,1.0,284324.0,3.0,1321406.0,3.5171142780771233e-06,2.2703090496032257e-06,3.5171142780771233e-06,naive_region_4D,0.6455033502193875,True
snv_table,GCF_964245285.1,GCF_964252045.1,close_recombination,1,1,7.017543859649123e-06,0.9951298360518084,clonal,0.00013994723989056127,0.00012595251590150514,0.0001329498778960332,1.580574290378593e-05,2.0,284416.0,2.0,1321832.0,7.031953195319532e-06,1.513051582954566e-06,7.031953195319532e-06,naive_region_4D,0.21516803950880292,True
snv_table,GCF_964245285.1,GCF_964252495.1,close_recombination,1,1,0.0,0.999615626528758,clonal,6.988608568034104e-06,2.0965825704102314e-05,1.3977217136068208e-05,3.0069920081669904e-06,0.0,286070.0,2.0,1329735.0,0.0,1.5040590794406403e-06,0.0,naive_region_4D,,False
snv_table,GCF_964249125.1,GCF_964250055.1,close_recombination,2,2,7.017543859649123e-06,0.9947099943321368,clonal,0.0001539419638796174,0.00013994723989056127,0.00014694460188508933,1.7310921460349333e-05,2.0,284296.0,2.0,1321296.0,7.034921349579312e-06,1.5136653709691092e-06,7.034921349579312e-06,naive_region_4D,0.21516450515251692,True
snv_table,GCF_964249125.1,GCF_964252045.1,close_recombination,1,1,3.496503496503497e-06,0.9995801700311374,clonal,2.0991498443130533e-05,1.3994332295420355e-05,1.7492915369275442e-05,3.763158825623499e-06,1.0,285710.0,3.0,1328125.0,3.5000525007875118e-06,2.2588235294117647e-06,3.5000525007875118e-06,naive_region_4D,0.6453684705882353,True
snv_table,GCF_964249125.1,GCF_964252495.1,close_recombination,1,1,3.5087719298245615e-06,0.9951019836966029,clonal,0.00013294615680649338,0.0001259489906587832,0.00012944757373263828,1.6557898832743397e-05,1.0,284424.0,3.0,1321872.0,3.515877703709954e-06,2.269508696757326e-06,3.515877703709954e-06,naive_region_4D,0.6455027415665058,True
snv_table,GCF_964250055.1,GCF_964252045.1,close_recombination,1,1,3.5087719298245615e-06,0.9951298360518084,clonal,0.00013994723989056127,0.00011895515390697706,0.00012945119689876917,1.5052975182912465e-05,1.0,284416.0,1.0,1321842.0,3.515976597659766e-06,7.565200682078493e-07,3.515976597659766e-06,naive_region_4D,0.21516641171940368,True
snv_table,GCF_964250055.1,GCF_964252495.1,close_recombination,1,1,3.484320557491289e-06,0.999615626528758,clonal,2.0965825704102314e-05,1.3977217136068208e-05,1.747152142008526e-05,2.255227052500934e-06,1.0,286070.0,1.0,1329745.0,3.4956479183416647e-06,7.520238842785647e-07,3.4956479183416647e-06,naive_region_4D,0.215131472575569,True
snv_table,GCF_964252045.1,GCF_964252495.1,close_recombination,2,2,7.017543859649123e-06,0.9946821537277404,clonal,0.0001259489906587832,0.00016793198754504426,0.00014694048910191373,1.7310530597868094e-05,2.0,284304.0,2.0,1321326.0,7.034723394676122e-06,1.5136310040065813e-06,7.034723394676122e-06,naive_region_4D,0.21516567448154353,True
snv_table,GCF_000012825.1,GCF_002959625.1,close_no_recombination,0,0,0.0,1.0000104432461787,clonal,0.0,0.0,0.0,0.0,0.0,287267.0,0.0,1335685.0,0.0,0.0,0.0,naive_region_4D,,False
snv_table,GCF_000012825.1,GCF_016766915.1,close_no_recombination,0,0,0.0,1.000017396447645,clonal,0.0,0.0,0.0,0.0,0.0,287415.0,0.0,1336299.0,0.0,0.0,0.0,naive_region_4D,,False
snv_table,GCF_000012825.1,GCF_047777885.1,close_no_recombination,0,0,0.0,1.0000243551961812,clonal,0.0,0.0,0.0,0.0,0.0,287413.0,0.0,1336289.0,0.0,0.0,0.0,naive_region_4D,,False
snv_table,GCF_002959625.1,GCF_016766915.1,close_no_recombination,0,0,0.0,1.0000104432461787,clonal,0.0,0.0,0.0,0.0,0.0,287267.0,0.0,1335685.0,0.0,0.0,0.0,naive_region_4D,,False
snv_table,GCF_002959625.1,GCF_047777885.1,close_no_recombination,0,0,0.0,1.000017405531478,clonal,0.0,0.0,0.0,0.0,0.0,287265.0,0.0,1335675.0,0.0,0.0,0.0,naive_region_4D,,False
snv_table,GCF_003437875.1,GCF_003469525.1,close_no_recombination,0,0,3.8732394366197184e-05,1.0000070432951351,clonal,5.63463610815684e-05,2.1129885405588152e-05,3.8738123243578274e-05,1.8190927426537077e-05,11.0,283958.0,24.0,1319339.0,3.8738123243578274e-05,1.8190927426537077e-05,3.8738123243578274e-05,naive_region_4D,0.4695872154713287,True
snv_table,GCF_003437875.1,GCF_021891215.1,close_no_recombination,0,0,2.8070175438596492e-05,1.0000105627480045,clonal,2.1125496009041713e-05,3.520916001506952e-05,2.8167328012055617e-05,1.818709519504523e-05,8.0,284017.0,24.0,1319617.0,2.8167328012055617e-05,1.818709519504523e-05,2.8167328012055617e-05,naive_region_4D,0.6456805270013951,True
snv_table,GCF_003438765.1,GCF_003438835.1,close_no_recombination,0,0,3.496503496503497e-06,1.0000280119891314,clonal,7.002997282837054e-06,0.0,3.501498641418527e-06,1.5067752147531374e-06,1.0,285592.0,2.0,1327338.0,3.501498641418527e-06,1.5067752147531374e-06,3.501498641418527e-06,naive_region_4D,0.43032294713177804,True
snv_table,GCF_003459715.1,GCF_003466785.1,close_no_recombination,0,0,1.4035087719298246e-05,1.0000281123933483,clonal,7.028098337151933e-06,3.5140491685759665e-05,2.10842950114558e-05,1.965991373834772e-05,6.0,284572.0,26.0,1322488.0,2.10842950114558e-05,1.965991373834772e-05,2.10842950114558e-05,naive_region_4D,0.9324434953915146,True
snv_table,GCF_003459715.1,GCF_027660715.1,close_no_recombination,0,0,1.4035087719298246e-05,1.000003513962731,clonal,2.8111701847290208e-05,0.0,1.4055850923645104e-05,2.4196213141417036e-05,4.0,284579.0,32.0,1322521.0,1.4055850923645104e-05,2.4196213141417036e-05,1.4055850923645104e-05,naive_region_4D,1.7214335348928296,True
snv_table,GCF_003466785.1,GCF_027660715.1,close_no_recombination,0,0,2.105263157894737e-05,1.0000281123933483,clonal,3.5140491685759665e-05,2.10842950114558e-05,2.8112393348607732e-05,2.1172038693413e-05,8.0,284572.0,28.0,1322499.0,2.8112393348607732e-05,2.1172038693413e-05,2.8112393348607732e-05,naive_region_4D,0.7531211743827405,True
snv_table,GCF_003467565.1,GCF_021891295.1,close_no_recombination,0,0,3.508771929824561e-05,1.000024565454654,clonal,3.509350664846483e-05,4.21122079781578e-05,3.860285731331132e-05,2.0384450740974784e-05,11.0,284953.0,27.0,1324539.0,3.860285731331132e-05,2.0384450740974784e-05,3.860285731331132e-05,naive_region_4D,0.5280554901811807,True
snv_table,GCF_003469525.1,GCF_021891215.1,close_no_recombination,0,0,3.859649122807018e-05,1.0000246458913538,clonal,4.225009946377582e-05,3.5208416219813185e-05,3.87292578417945e-05,2.1976406433176188e-05,11.0,284023.0,29.0,1319597.0,3.87292578417945e-05,2.1976406433176188e-05,3.87292578417945e-05,naive_region_4D,0.56743680767,True
snv_table,GCF_004167625.1,GCF_012976745.1,close_no_recombination,0,0,6.968641114982578e-06,1.000024443645176,clonal,0.0,1.3967797243455215e-05,6.983898621727607e-06,1.72790071332249e-05,2.0,286373.0,23.0,1331095.0,6.983898621727607e-06,1.72790071332249e-05,6.983898621727607e-06,naive_region_4D,2.474120554881507,False
snv_table,GCF_004167625.1,GCF_040922045.1,close_no_recombination,0,0,1.048951048951049e-05,1.000021013995321,clonal,7.004665106961236e-06,1.4009330213922472e-05,1.0506997660441855e-05,2.2604812866056688e-05,3.0,285524.0,30.0,1327151.0,1.0506997660441855e-05,2.2604812866056688e-05,1.0506997660441855e-05,naive_region_4D,2.151405529589323,True
snv_table,GCF_004167625.1,GCF_040922065.1,close_no_recombination,0,0,3.496503496503497e-06,1.00001050725526,clonal,7.0048368398379084e-06,0.0,3.5024184199189542e-06,2.3355526105827657e-05,1.0,285517.0,31.0,1327309.0,3.5024184199189542e-06,2.3355526105827657e-05,3.5024184199189542e-06,naive_region_4D,6.668399747157595,True
snv_table,GCF_012976745.1,GCF_040922045.1,close_no_recombination,0,0,1.7482517482517483e-05,1.0000280149319587,clonal,7.003732989683501e-06,2.8014931958734004e-05,1.7509332474208752e-05,1.5821080157879313e-05,5.0,285562.0,21.0,1327343.0,1.7509332474208752e-05,1.5821080157879313e-05,1.7509332474208752e-05,naive_region_4D,0.9035798584088666,True
snv_table,GCF_012976745.1,GCF_040922065.1,close_no_recombination,0,0,1.048951048951049e-05,1.0000280139509476,clonal,7.003487736892973e-06,1.4006975473785946e-05,1.0505231605339459e-05,1.6571743219332294e-05,3.0,285572.0,22.0,1327561.0,1.0505231605339459e-05,1.6571743219332294e-05,1.0505231605339459e-05,naive_region_4D,1.577475284877054,True
snv_table,GCF_015553265.1,GCF_028201255.1,close_no_recombination,0,0,3.546099290780142e-06,1.0000319612487616,clonal,7.102499724778136e-06,0.0,3.551249862389068e-06,2.293781405690413e-06,1.0,281591.0,3.0,1307884.0,3.551249862389068e-06,2.293781405690413e-06,3.551249862389068e-06,naive_region_4D,0.6459081998097691,True
snv_table,GCF_015555055.1,GCF_028395165.1,close_no_recombination,0,0,2.0905923344947736e-05,1.000027954238911,clonal,2.795423891090285e-05,1.3977119455451426e-05,2.096567918317714e-05,7.51696014131885e-07,6.0,286182.0,1.0,1330325.0,2.096567918317714e-05,7.51696014131885e-07,2.096567918317714e-05,naive_region_4D,0.035853644786048515,True
snv_table,GCF_015555055.1,GCF_028395175.1,close_no_recombination,0,0,1.3937282229965156e-05,1.0,clonal,2.0943870427254958e-05,6.981290142418319e-06,1.3962580284836637e-05,0.0,4.0,286480.0,0.0,1331639.0,1.3962580284836637e-05,0.0,1.3962580284836637e-05,naive_region_4D,0.0,False
snv_table,GCF_015555055.1,GCF_028395205.1,close_no_recombination,0,0,1.3937282229965156e-05,1.0000279288651803,clonal,2.0946648885289168e-05,6.982216295096389e-06,1.3964432590192778e-05,0.0,4.0,286442.0,0.0,1331465.0,1.3964432590192778e-05,0.0,1.3964432590192778e-05,naive_region_4D,0.0,False
snv_table,GCF_015555645.1,GCF_028396205.1,close_no_recombination,0,0,0.0,1.0000174822118495,clonal,0.0,0.0,0.0,1.5044007482889322e-06,0.0,286005.0,2.0,1329433.0,0.0,1.5044007482889322e-06,0.0,naive_region_4D,,False
snv_table,GCF_015555645.1,GCF_028396285.1,close_no_recombination,0,0,0.0,1.0,clonal,0.0,0.0,0.0,0.0,0.0,286070.0,0.0,1329727.0,0.0,0.0,0.0,naive_region_4D,,False
snv_table,GCF_015557505.1,GCF_028201145.1,close_no_recombination,0,0,0.0,1.0000105869773122,clonal,0.0,0.0,0.0,0.0,0.0,283367.0,0.0,1317201.0,0.0,0.0,0.0,naive_region_4D,,False
snv_table,GCF_015667615.1,GCF_028200875.1,close_no_recombination,0,0,7.017543859649123e-06,1.0000105542010995,clonal,1.4072268132997007e-05,0.0,7.0361340664985034e-06,3.7855930926554194e-06,2.0,284247.0,5.0,1320797.0,7.0361340664985034e-06,3.7855930926554194e-06,7.0361340664985034e-06,naive_region_4D,0.5380217399040125,True
snv_table,GCF_015667615.1,GCF_028200955.1,close_no_recombination,0,0,3.5087719298245615e-06,1.0000281450313466,clonal,0.0,7.036257836632166e-06,3.518128918316083e-06,0.0,1.0,284242.0,0.0,1320778.0,3.518128918316083e-06,0.0,3.518128918316083e-06,naive_region_4D,0.0,False
snv_table,GCF_015667615.1,GCF_028201015.1,close_no_recombination,0,0,3.5087719298245615e-06,1.0000140723176405,clonal,7.036158820176889e-06,0.0,3.5180794100884445e-06,3.785607423424733e-06,1.0,284246.0,5.0,1320792.0,3.5180794100884445e-06,3.785607423424733e-06,3.5180794100884445e-06,naive_region_4D,1.0760437676787866,True
snv_table,GCF_015667615.1,GCF_028395295.1,close_no_recombination,0,0,3.5087719298245615e-06,1.000024630281876,clonal,7.0372233931380035e-06,0.0,3.5186116965690017e-06,4.543372166544879e-06,1.0,284203.0,6.0,1320605.0,3.5186116965690017e-06,4.543372166544879e-06,3.5186116965690017e-06,naive_region_4D,1.2912399998485542,True
snv_table,GCF_015667615.1,GCF_028395405.1,close_no_recombination,0,0,3.5087719298245615e-06,1.0000246276822184,clonal,0.0,7.036480633846176e-06,3.518240316923088e-06,7.571713592361655e-06,1.0,284233.0,10.0,1320705.0,3.518240316923088e-06,7.571713592361655e-06,3.518240316923088e-06,naive_region_4D,2.1521308694977304,False
snv_table,GCF_015667615.1,GCF_028395425.1,close_no_recombination,0,0,3.5087719298245615e-06,1.000024632015286,clonal,0.0,7.037718653121405e-06,3.5188593265607023e-06,3.7863671094949212e-06,1.0,284183.0,5.0,1320527.0,3.5188593265607023e-06,3.7863671094949212e-06,3.5188593265607023e-06,naive_region_4D,1.0760211642775952,False
snv_table,GCF_015667615.1,GCF_028395455.1,close_no_recombination,0,0,3.5087719298245615e-06,1.0000070373472016,clonal,0.0,7.037347201598885e-06,3.5186736007994426e-06,1.5144791781830188e-06,1.0,284198.0,2.0,1320586.0,3.5186736007994426e-06,1.5144791781830188e-06,3.5186736007994426e-06,naive_region_4D,0.43041195348125755,False
snv_table,GCF_015667615.1,GCF_028395505.1,close_no_recombination,0,0,3.5087719298245615e-06,1.0000105542010995,clonal,0.0,7.0361340664985034e-06,3.5180670332492517e-06,3.7855930926554194e-06,1.0,284247.0,5.0,1320797.0,3.5180670332492517e-06,3.7855930926554194e-06,3.5180670332492517e-06,naive_region_4D,1.076043479808025,False
snv_table,GCF_015667615.1,GCF_028395525.1,close_no_recombination,0,0,3.5087719298245615e-06,1.0000246311485506,clonal,0.0,7.037471014416259e-06,3.5187355072081296e-06,3.786246686087588e-06,1.0,284193.0,5.0,1320569.0,3.5187355072081296e-06,3.786246686087588e-06,3.5187355072081296e-06,naive_region_4D,1.07602480445929,False
snv_table,GCF_015667615.1,GCF_028395605.1,close_no_recombination,0,0,7.017543859649123e-06,1.0000175923156764,clonal,7.036926270604999e-06,7.036926270604999e-06,7.036926270604999e-06,5.3003038588483654e-06,2.0,284215.0,7.0,1320679.0,7.036926270604999e-06,5.3003038588483654e-06,7.036926270604999e-06,naive_region_4D,0.7532129306212941,True
snv_table,GCF_015667615.1,GCF_028395635.1,close_no_recombination,0,0,3.5087719298245615e-06,1.000017593553722,clonal,0.0,7.037421488766516e-06,3.518710744383258e-06,7.572499106445106e-07,1.0,284195.0,1.0,1320568.0,3.518710744383258e-06,7.572499106445106e-07,3.518710744383258e-06,naive_region_4D,0.21520663835561668,False
snv_table,GCF_015667825.1,GCF_028199695.1,close_no_recombination,0,0,3.846153846153846e-05,1.0,clonal,4.911763673999228e-05,2.8067220994281303e-05,3.859242886713679e-05,6.79522733433047e-06,11.0,285030.0,9.0,1324459.0,3.859242886713679e-05,6.79522733433047e-06,3.859242886713679e-05,naive_region_4D,0.17607669519129218,True
snv_table,GCF_015668525.1,GCF_028396215.1,close_no_recombination,0,0,0.0,1.000003517918518,clonal,0.0,0.0,0.0,0.0,0.0,284259.0,0.0,1321589.0,0.0,0.0,0.0,naive_region_4D,,False
snv_table,GCF_016766915.1,GCF_047777885.1,close_no_recombination,0,0,0.0,1.0000243551961812,clonal,0.0,0.0,0.0,0.0,0.0,287413.0,0.0,1336289.0,0.0,0.0,0.0,naive_region_4D,,False
snv_table,GCF_019041415.1,GCF_019041435.1,close_no_recombination,0,0,3.484320557491289e-06,1.0000034890739649,clonal,0.0,6.978147929757963e-06,3.4890739648789815e-06,3.0019234824713936e-06,1.0,286609.0,4.0,1332479.0,3.4890739648789815e-06,3.0019234824713936e-06,3.4890739648789815e-06,naive_region_4D,0.8603782873876437,False
snv_table,GCF_019041415.1,GCF_019041515.1,close_no_recombination,0,0,0.0,1.0000314145994116,clonal,0.0,0.0,0.0,3.0030796581894734e-06,0.0,286491.0,4.0,1331966.0,0.0,3.0030796581894734e-06,0.0,naive_region_4D,,False
snv_table,GCF_019041415.1,GCF_019041605.1,close_no_recombination,0,0,3.484320557491289e-06,1.0000034890739649,clonal,6.978147929757963e-06,6.978147929757963e-06,6.978147929757963e-06,2.251442611853545e-06,2.0,286609.0,3.0,1332479.0,6.978147929757963e-06,2.251442611853545e-06,6.978147929757963e-06,naive_region_4D,0.32264185777036636,True
snv_table,GCF_019041415.1,GCF_019041715.1,close_no_recombination,0,0,0.0,1.0000034890739649,clonal,0.0,0.0,0.0,3.0019234824713936e-06,0.0,286609.0,4.0,1332479.0,0.0,3.0019234824713936e-06,0.0,naive_region_4D,,False
snv_table,GCF_019041415.1,GCF_019041755.1,close_no_recombination,0,0,1.0452961672473868e-05,1.0000314145994116,clonal,1.3962044182888816e-05,1.3962044182888816e-05,1.3962044182888816e-05,6.756959668458512e-06,4.0,286491.0,9.0,1331960.0,1.3962044182888816e-05,6.756959668458512e-06,1.3962044182888816e-05,naive_region_4D,0.4839520330940869,True
snv_table,GCF_019041415.1,GCF_019041765.1,close_no_recombination,0,0,0.0,1.0000034890739649,clonal,0.0,0.0,0.0,3.0019234824713936e-06,0.0,286609.0,4.0,1332479.0,0.0,3.0019234824713936e-06,0.0,naive_region_4D,,False
snv_table,GCF_019041415.1,GCF_019041815.1,close_no_recombination,0,0,6.968641114982578e-06,1.0000314145994116,clonal,6.981022091444408e-06,1.3962044182888816e-05,1.0471533137166613e-05,3.0030796581894734e-06,3.0,286491.0,4.0,1331966.0,1.0471533137166613e-05,3.0030796581894734e-06,1.0471533137166613e-05,naive_region_4D,0.28678509811812014,True
snv_table,GCF_019041415.1,GCF_019041855.1,close_no_recombination,0,0,0.0,1.0,clonal,0.0,0.0,0.0,4.5030271600083155e-06,0.0,286600.0,6.0,1332437.0,0.0,4.5030271600083155e-06,0.0,naive_region_4D,,False
snv_table,GCF_019041435.1,GCF_019041515.1,close_no_recombination,0,0,0.0,1.0000314145994116,clonal,0.0,0.0,0.0,3.0030796581894734e-06,0.0,286491.0,4.0,1331966.0,0.0,3.0030796581894734e-06,0.0,naive_region_4D,,False
snv_table,GCF_019041435.1,GCF_019041715.1,close_no_recombination,0,0,3.484320557491289e-06,1.0000034890739649,clonal,0.0,6.978147929757963e-06,3.4890739648789815e-06,3.0019234824713936e-06,1.0,286609.0,4.0,1332479.0,3.4890739648789815e-06,3.0019234824713936e-06,3.4890739648789815e-06,naive_region_4D,0.8603782873876437,False
snv_table,GCF_019041435.1,GCF_019041755.1,close_no_recombination,0,0,1.0452961672473868e-05,1.0000314145994116,clonal,1.3962044182888816e-05,1.3962044182888816e-05,1.3962044182888816e-05,9.760052854440073e-06,4.0,286491.0,13.0,1331960.0,1.3962044182888816e-05,9.760052854440073e-06,1.3962044182888816e-05,naive_region_4D,0.6990418255803478,True
snv_table,GCF_019041435.1,GCF_019041765.1,close_no_recombination,0,0,3.484320557491289e-06,1.0000034890739649,clonal,0.0,6.978147929757963e-06,3.4890739648789815e-06,3.0019234824713936e-06,1.0,286609.0,4.0,1332479.0,3.4890739648789815e-06,3.0019234824713936e-06,3.4890739648789815e-06,naive_region_4D,0.8603782873876437,False
snv_table,GCF_019041435.1,GCF_019041815.1,close_no_recombination,0,0,6.968641114982578e-06,1.0000314145994116,clonal,0.0,2.0943066274333226e-05,1.0471533137166613e-05,4.50461948728421e-06,3.0,286491.0,6.0,1331966.0,1.0471533137166613e-05,4.50461948728421e-06,1.0471533137166613e-05,naive_region_4D,0.4301776471771802,False
snv_table,GCF_019041435.1,GCF_019041855.1,close_no_recombination,0,0,3.484320557491289e-06,1.0,clonal,0.0,6.978367062107467e-06,3.4891835310537333e-06,4.5030271600083155e-06,1.0,286600.0,6.0,1332437.0,3.4891835310537333e-06,4.5030271600083155e-06,3.4891835310537333e-06,naive_region_4D,1.2905675840583832,False
snv_table,GCF_019041515.1,GCF_019041605.1,close_no_recombination,0,0,3.484320557491289e-06,1.0000314145994116,clonal,0.0,1.3962044182888816e-05,6.981022091444408e-06,2.252309743642105e-06,2.0,286491.0,3.0,1331966.0,6.981022091444408e-06,2.252309743642105e-06,6.981022091444408e-06,naive_region_4D,0.3226332353828852,False
snv_table,GCF_019041515.1,GCF_019041655.1,close_no_recombination,0,0,3.484320557491289e-06,1.000027925940406,clonal,0.0,1.3962970203021586e-05,6.981485101510793e-06,6.006668904150833e-06,2.0,286472.0,8.0,1331853.0,6.981485101510793e-06,6.006668904150833e-06,6.981485101510793e-06,naive_region_4D,0.8603712271549487,False
snv_table,GCF_019041515.1,GCF_019041715.1,close_no_recombination,0,0,0.0,1.0000314145994116,clonal,0.0,0.0,0.0,0.0,0.0,286491.0,0.0,1331966.0,0.0,0.0,0.0,naive_region_4D,,False
snv_table,GCF_019041515.1,GCF_019041755.1,close_no_recombination,0,0,1.0452961672473868e-05,1.0000314145994116,clonal,6.981022091444408e-06,2.0943066274333226e-05,1.3962044182888816e-05,8.258506261449293e-06,4.0,286491.0,11.0,1331960.0,1.3962044182888816e-05,8.258506261449293e-06,1.3962044182888816e-05,naive_region_4D,0.5914969293372174,True
snv_table,GCF_019041515.1,GCF_019041765.1,close_no_recombination,0,0,0.0,1.0000314145994116,clonal,0.0,0.0,0.0,3.0030796581894734e-06,0.0,286491.0,4.0,1331966.0,0.0,3.0030796581894734e-06,0.0,naive_region_4D,,False
snv_table,GCF_019041515.1,GCF_019041815.1,close_no_recombination,0,0,6.968641114982578e-06,1.0000314145994116,clonal,0.0,2.0943066274333226e-05,1.0471533137166613e-05,4.50461948728421e-06,3.0,286491.0,6.0,1331966.0,1.0471533137166613e-05,4.50461948728421e-06,1.0471533137166613e-05,naive_region_4D,0.4301776471771802,False
snv_table,GCF_019041515.1,GCF_019041855.1,close_no_recombination,0,0,0.0,1.0000279249656174,clonal,0.0,0.0,0.0,2.252380766470159e-06,0.0,286482.0,3.0,1331924.0,0.0,2.252380766470159e-06,0.0,naive_region_4D,,False
snv_table,GCF_019041605.1,GCF_019041715.1,close_no_recombination,0,0,3.484320557491289e-06,1.0000034890739649,clonal,6.978147929757963e-06,6.978147929757963e-06,6.978147929757963e-06,2.251442611853545e-06,2.0,286609.0,3.0,1332479.0,6.978147929757963e-06,2.251442611853545e-06,6.978147929757963e-06,naive_region_4D,0.32264185777036636,True
snv_table,GCF_019041605.1,GCF_019041755.1,close_no_recombination,0,0,6.968641114982578e-06,1.0000314145994116,clonal,0.0,1.3962044182888816e-05,6.981022091444408e-06,7.507732964953902e-06,2.0,286491.0,10.0,1331960.0,6.981022091444408e-06,7.507732964953902e-06,6.981022091444408e-06,naive_region_4D,1.0754489624313042,False
snv_table,GCF_019041605.1,GCF_019041765.1,close_no_recombination,0,0,3.484320557491289e-06,1.0000034890739649,clonal,0.0,1.3956295859515926e-05,6.978147929757963e-06,3.752404353089242e-06,2.0,286609.0,5.0,1332479.0,6.978147929757963e-06,3.752404353089242e-06,6.978147929757963e-06,naive_region_4D,0.5377364296172773,False
snv_table,GCF_019041605.1,GCF_019041815.1,close_no_recombination,0,0,3.484320557491289e-06,1.0000314145994116,clonal,0.0,6.981022091444408e-06,3.490511045722204e-06,5.2553894018315785e-06,1.0,286491.0,7.0,1331966.0,3.490511045722204e-06,5.2553894018315785e-06,3.490511045722204e-06,naive_region_4D,1.505621765120131,False
snv_table,GCF_019041605.1,GCF_019041855.1,close_no_recombination,0,0,3.484320557491289e-06,1.0,clonal,1.3956734124214933e-05,0.0,6.978367062107467e-06,6.754540740012474e-06,2.0,286600.0,9.0,1332437.0,6.978367062107467e-06,6.754540740012474e-06,6.978367062107467e-06,naive_region_4D,0.9679256880437875,True
snv_table,GCF_019041655.1,GCF_019041755.1,close_no_recombination,0,0,6.968641114982578e-06,1.0000279249656174,clonal,0.0,1.3962482808693042e-05,6.981241404346521e-06,8.25896510662324e-06,2.0,286482.0,11.0,1331886.0,6.981241404346521e-06,8.25896510662324e-06,6.981241404346521e-06,naive_region_4D,1.1830224208378195,False
snv_table,GCF_019041655.1,GCF_019041815.1,close_no_recombination,0,0,3.484320557491289e-06,1.000027925940406,clonal,0.0,6.981485101510793e-06,3.4907425507553966e-06,7.508336130188542e-06,1.0,286472.0,10.0,1331853.0,3.4907425507553966e-06,7.508336130188542e-06,3.4907425507553966e-06,naive_region_4D,2.150928067887372,False
snv_table,GCF_019041715.1,GCF_019041755.1,close_no_recombination,0,0,1.0452961672473868e-05,1.0000314145994116,clonal,1.3962044182888816e-05,1.3962044182888816e-05,1.3962044182888816e-05,8.258506261449293e-06,4.0,286491.0,11.0,1331960.0,1.3962044182888816e-05,8.258506261449293e-06,1.3962044182888816e-05,naive_region_4D,0.5914969293372174,True
snv_table,GCF_019041715.1,GCF_019041765.1,close_no_recombination,0,0,0.0,1.0000034890739649,clonal,0.0,0.0,0.0,3.0019234824713936e-06,0.0,286609.0,4.0,1332479.0,0.0,3.0019234824713936e-06,0.0,naive_region_4D,,False
snv_table,GCF_019041715.1,GCF_019041815.1,close_no_recombination,0,0,6.968641114982578e-06,1.0000314145994116,clonal,1.3962044182888816e-05,6.981022091444408e-06,1.0471533137166613e-05,4.50461948728421e-06,3.0,286491.0,6.0,1331966.0,1.0471533137166613e-05,4.50461948728421e-06,1.0471533137166613e-05,naive_region_4D,0.4301776471771802,True
snv_table,GCF_019041715.1,GCF_019041855.1,close_no_recombination,0,0,0.0,1.0,clonal,0.0,0.0,0.0,4.5030271600083155e-06,0.0,286600.0,6.0,1332437.0,0.0,4.5030271600083155e-06,0.0,naive_region_4D,,False
snv_table,GCF_019041755.1,GCF_019041765.1,close_no_recombination,0,0,1.0452961672473868e-05,1.0000314145994116,clonal,1.3962044182888816e-05,1.3962044182888816e-05,1.3962044182888816e-05,8.258506261449293e-06,4.0,286491.0,11.0,1331960.0,1.3962044182888816e-05,8.258506261449293e-06,1.3962044182888816e-05,naive_region_4D,0.5914969293372174,True
snv_table,GCF_019041755.1,GCF_019041815.1,close_no_recombination,0,0,1.0452961672473868e-05,1.0000314145994116,clonal,1.3962044182888816e-05,6.981022091444408e-06,1.0471533137166613e-05,8.258506261449293e-06,3.0,286491.0,11.0,1331960.0,1.0471533137166613e-05,8.258506261449293e-06,1.0471533137166613e-05,naive_region_4D,0.7886625724496231,True
snv_table,GCF_019041755.1,GCF_019041855.1,close_no_recombination,0,0,1.0452961672473868e-05,1.0000279249656174,clonal,2.0943724213039564e-05,6.981241404346521e-06,1.3962482808693042e-05,7.5079697098470025e-06,4.0,286482.0,10.0,1331918.0,1.3962482808693042e-05,7.5079697098470025e-06,1.3962482808693042e-05,naive_region_4D,0.5377245446040972,True
snv_table,GCF_019041765.1,GCF_019041815.1,close_no_recombination,0,0,6.968641114982578e-06,1.0000314124065044,clonal,6.980534778769402e-06,1.3961069557538803e-05,1.0470802168154102e-05,3.0028564672144376e-06,3.0,286511.0,4.0,1332065.0,1.0470802168154102e-05,3.0028564672144376e-06,1.0470802168154102e-05,naive_region_4D,0.2867838030926919,True
snv_table,GCF_019041765.1,GCF_019041855.1,close_no_recombination,0,0,0.0,1.0,clonal,0.0,0.0,0.0,3.0020181066722105e-06,0.0,286600.0,4.0,1332437.0,0.0,3.0020181066722105e-06,0.0,naive_region_4D,,False
snv_table,GCF_019041815.1,GCF_019041855.1,close_no_recombination,0,0,6.968641114982578e-06,1.0000279249656174,clonal,6.981241404346521e-06,1.3962482808693042e-05,1.0471862106519782e-05,2.252380766470159e-06,3.0,286482.0,3.0,1331924.0,1.0471862106519782e-05,2.252380766470159e-06,1.0471862106519782e-05,naive_region_4D,0.21508884891330135,True
snv_table,GCF_019127815.1,GCF_019127895.1,close_no_recombination,0,0,3.484320557491289e-06,1.0000034919980865,clonal,6.983996172770097e-06,0.0,3.4919980863850487e-06,7.5118330149568105e-06,1.0,286369.0,10.0,1331233.0,3.4919980863850487e-06,7.5118330149568105e-06,3.4919980863850487e-06,naive_region_4D,2.151156108660167,True
snv_table,GCF_019128075.1,GCF_019128415.1,close_no_recombination,0,0,3.484320557491289e-06,1.0,clonal,0.0,6.9878760350791375e-06,3.4939380175395687e-06,1.503746961491296e-06,1.0,286210.0,2.0,1330011.0,3.4939380175395687e-06,1.503746961491296e-06,3.4939380175395687e-06,naive_region_4D,0.4303874178484238,False
snv_table,GCF_019128215.1,GCF_019128325.1,close_no_recombination,0,0,1.7421602787456446e-05,1.000020950891111,clonal,1.396726074082351e-05,2.793452148164702e-05,2.0950891111235265e-05,1.2022048436833152e-05,6.0,286384.0,16.0,1330888.0,2.0950891111235265e-05,1.2022048436833152e-05,2.0950891111235265e-05,naive_region_4D,0.5738203865890042,True
snv_table,GCF_019128215.1,GCF_019128615.1,close_no_recombination,0,0,1.0452961672473868e-05,1.0000104757016102,clonal,1.396760214682045e-05,1.396760214682045e-05,1.396760214682045e-05,1.1271034568263021e-05,4.0,286377.0,15.0,1330845.0,1.396760214682045e-05,1.1271034568263021e-05,1.396760214682045e-05,naive_region_4D,0.8069412666388648,True
snv_table,GCF_019128215.1,GCF_019128655.1,close_no_recombination,0,0,6.968641114982578e-06,1.000003493339947,clonal,1.3973359789561201e-05,1.3973359789561201e-05,1.3973359789561201e-05,2.255154154820843e-06,4.0,286259.0,3.0,1330286.0,1.3973359789561201e-05,2.255154154820843e-06,1.3973359789561201e-05,naive_region_4D,0.16138954330121494,True
snv_table,GCF_019128215.1,GCF_019128665.1,close_no_recombination,0,0,1.0452961672473868e-05,1.000020950891111,clonal,0.0,2.793452148164702e-05,1.396726074082351e-05,3.00550081787191e-06,4.0,286384.0,4.0,1330893.0,1.396726074082351e-05,3.00550081787191e-06,1.396726074082351e-05,naive_region_4D,0.21518183655635728,False
snv_table,GCF_019128215.1,GCF_019128745.1,close_no_recombination,0,0,3.484320557491289e-06,1.000003493339947,clonal,0.0,1.3973359789561201e-05,6.986679894780601e-06,1.5034304524348432e-06,2.0,286259.0,2.0,1330291.0,6.986679894780601e-06,1.5034304524348432e-06,6.986679894780601e-06,naive_region_4D,0.2151852489417729,False
snv_table,GCF_019128215.1,GCF_019128755.1,close_no_recombination,0,0,1.0452961672473868e-05,1.000003493339947,clonal,2.0960039684341804e-05,1.3973359789561201e-05,1.7466699736951502e-05,2.2551456786522646e-06,5.0,286259.0,3.0,1330291.0,1.7466699736951502e-05,2.2551456786522646e-06,1.7466699736951502e-05,naive_region_4D,0.1291111493650637,True
snv_table,GCF_019128215.1,GCF_019128815.1,close_no_recombination,0,0,1.0452961672473868e-05,1.000003493339947,clonal,1.3973359789561201e-05,2.0960039684341804e-05,1.7466699736951502e-05,2.2551456786522646e-06,5.0,286259.0,3.0,1330291.0,1.7466699736951502e-05,2.2551456786522646e-06,1.7466699736951502e-05,naive_region_4D,0.1291111493650637,True
snv_table,GCF_019128215.1,GCF_040911985.1,close_no_recombination,0,0,1.0452961672473868e-05,1.0000209757939338,clonal,1.3983862622533596e-05,1.3983862622533596e-05,1.3983862622533596e-05,3.0842744131603735e-05,4.0,286044.0,41.0,1329324.0,1.3983862622533596e-05,3.0842744131603735e-05,1.3983862622533596e-05,naive_region_4D,2.2055954755951146,True
snv_table,GCF_019128325.1,GCF_019128655.1,close_no_recombination,0,0,6.968641114982578e-06,1.000003493339947,clonal,0.0,1.3973359789561201e-05,6.986679894780601e-06,9.772334670890319e-06,2.0,286259.0,13.0,1330286.0,6.986679894780601e-06,9.772334670890319e-06,6.986679894780601e-06,naive_region_4D,1.398709375277196,False
snv_table,GCF_019128325.1,GCF_019128665.1,close_no_recombination,0,0,6.968641114982578e-06,1.0000314145994116,clonal,6.981022091444408e-06,6.981022091444408e-06,6.981022091444408e-06,1.1266683141061127e-05,2.0,286491.0,15.0,1331359.0,6.981022091444408e-06,1.1266683141061127e-05,6.981022091444408e-06,naive_region_4D,1.6139016598828717,True
snv_table,GCF_019128325.1,GCF_019128745.1,close_no_recombination,0,0,1.0452961672473868e-05,1.000003493339947,clonal,0.0,2.7946719579122403e-05,1.3973359789561201e-05,1.0524052722497268e-05,4.0,286259.0,14.0,1330286.0,1.3973359789561201e-05,1.0524052722497268e-05,1.3973359789561201e-05,naive_region_4D,0.7531512020723363,False
snv_table,GCF_019128325.1,GCF_019128755.1,close_no_recombination,0,0,1.0452961672473868e-05,1.0000139681386755,clonal,6.984069337840386e-06,1.3968138675680772e-05,1.0476104006760579e-05,9.768875910478021e-06,3.0,286366.0,13.0,1330757.0,1.0476104006760579e-05,9.768875910478021e-06,1.0476104006760579e-05,naive_region_4D,0.9324913063266497,True
snv_table,GCF_019128325.1,GCF_019128815.1,close_no_recombination,0,0,1.0452961672473868e-05,1.000003493339947,clonal,6.986679894780601e-06,1.3973359789561201e-05,1.0480019842170902e-05,9.772334670890319e-06,3.0,286259.0,13.0,1330286.0,1.0480019842170902e-05,9.772334670890319e-06,1.0480019842170902e-05,naive_region_4D,0.9324729168514639,True
snv_table,GCF_019128325.1,GCF_040911985.1,close_no_recombination,0,0,1.3937282229965156e-05,1.0000314519257316,clonal,1.3978633658453054e-05,1.3978633658453054e-05,1.3978633658453054e-05,2.481592972128703e-05,4.0,286151.0,33.0,1329791.0,1.3978633658453054e-05,2.481592972128703e-05,1.3978633658453054e-05,naive_region_4D,1.7752757764190013,True
snv_table,GCF_019128615.1,GCF_019128655.1,close_no_recombination,0,0,1.0452961672473868e-05,1.0000279474029876,clonal,6.986850746894345e-06,2.0960552240683036e-05,1.397370149378869e-05,1.0524392911671026e-05,4.0,286252.0,14.0,1330243.0,1.397370149378869e-05,1.0524392911671026e-05,1.397370149378869e-05,naive_region_4D,0.7531571299379136,True
snv_table,GCF_019128615.1,GCF_019128665.1,close_no_recombination,0,0,1.3937282229965156e-05,1.0000104757016102,clonal,1.396760214682045e-05,1.396760214682045e-05,1.396760214682045e-05,1.1271034568263021e-05,4.0,286377.0,15.0,1330845.0,1.396760214682045e-05,1.1271034568263021e-05,1.396760214682045e-05,naive_region_4D,0.8069412666388648,True
snv_table,GCF_019128615.1,GCF_019128745.1,close_no_recombination,0,0,6.968641114982578e-06,1.0000279474029876,clonal,1.397370149378869e-05,0.0,6.986850746894345e-06,9.772650560837381e-06,2.0,286252.0,13.0,1330243.0,6.986850746894345e-06,9.772650560837381e-06,6.986850746894345e-06,naive_region_4D,1.398720384170411,True
snv_table,GCF_019128615.1,GCF_019128755.1,close_no_recombination,0,0,1.3937282229965156e-05,1.0000279474029876,clonal,2.0960552240683036e-05,1.397370149378869e-05,1.746712686723586e-05,1.0524392911671026e-05,5.0,286252.0,14.0,1330243.0,1.746712686723586e-05,1.0524392911671026e-05,1.746712686723586e-05,naive_region_4D,0.602525703950331,True
snv_table,GCF_019128615.1,GCF_019128815.1,close_no_recombination,0,0,1.3937282229965156e-05,1.0000279474029876,clonal,1.397370149378869e-05,2.0960552240683036e-05,1.746712686723586e-05,1.0524392911671026e-05,5.0,286252.0,14.0,1330243.0,1.746712686723586e-05,1.0524392911671026e-05,1.746712686723586e-05,naive_region_4D,0.602525703950331,True
snv_table,GCF_019128615.1,GCF_040911985.1,close_no_recombination,0,0,6.968641114982578e-06,1.0000104881536305,clonal,6.992102420316253e-06,6.992102420316253e-06,6.992102420316253e-06,2.4073236804669005e-05,2.0,286037.0,32.0,1329277.0,6.992102420316253e-06,2.4073236804669005e-05,6.992102420316253e-06,naive_region_4D,3.442918217948554,True
snv_table,GCF_019128655.1,GCF_019128665.1,close_no_recombination,0,0,0.0,1.000003493339947,clonal,0.0,0.0,0.0,7.517180516069477e-07,0.0,286259.0,1.0,1330286.0,0.0,7.517180516069477e-07,0.0,naive_region_4D,,False
snv_table,GCF_019128655.1,GCF_019128745.1,close_no_recombination,0,0,3.484320557491289e-06,1.000003493339947,clonal,1.3973359789561201e-05,0.0,6.986679894780601e-06,7.517180516069477e-07,2.0,286259.0,1.0,1330286.0,6.986679894780601e-06,7.517180516069477e-07,6.986679894780601e-06,naive_region_4D,0.10759302886747663,True
snv_table,GCF_019128655.1,GCF_019128755.1,close_no_recombination,0,0,3.484320557491289e-06,1.000003493339947,clonal,0.0,6.986679894780601e-06,3.4933399473903003e-06,0.0,1.0,286259.0,0.0,1330286.0,3.4933399473903003e-06,0.0,3.4933399473903003e-06,naive_region_4D,0.0,False
snv_table,GCF_019128655.1,GCF_019128815.1,close_no_recombination,0,0,3.484320557491289e-06,1.000003493339947,clonal,0.0,6.986679894780601e-06,3.4933399473903003e-06,0.0,1.0,286259.0,0.0,1330286.0,3.4933399473903003e-06,0.0,3.4933399473903003e-06,naive_region_4D,0.0,False
snv_table,GCF_019128655.1,GCF_040911985.1,close_no_recombination,0,0,1.048951048951049e-05,1.0000034974940455,clonal,2.79799523641311e-05,0.0,1.398997618206555e-05,3.010422836465553e-05,4.0,285919.0,40.0,1328717.0,1.398997618206555e-05,3.010422836465553e-05,1.398997618206555e-05,naive_region_4D,2.151842717448486,True
snv_table,GCF_019128665.1,GCF_019128745.1,close_no_recombination,0,0,3.484320557491289e-06,1.000003493339947,clonal,1.3973359789561201e-05,0.0,6.986679894780601e-06,1.5034304524348432e-06,2.0,286259.0,2.0,1330291.0,6.986679894780601e-06,1.5034304524348432e-06,6.986679894780601e-06,naive_region_4D,0.2151852489417729,True
snv_table,GCF_019128665.1,GCF_019128755.1,close_no_recombination,0,0,3.484320557491289e-06,1.0000279327658326,clonal,6.983191458160208e-06,0.0,3.491595729080104e-06,1.5027041160568443e-06,1.0,286402.0,2.0,1330934.0,3.491595729080104e-06,1.5027041160568443e-06,3.491595729080104e-06,naive_region_4D,0.4303774642469123,True
snv_table,GCF_019128665.1,GCF_019128815.1,close_no_recombination,0,0,3.484320557491289e-06,1.000003493339947,clonal,0.0,6.986679894780601e-06,3.4933399473903003e-06,7.517152262174216e-07,1.0,286259.0,1.0,1330291.0,3.4933399473903003e-06,7.517152262174216e-07,3.4933399473903003e-06,naive_region_4D,0.2151852489417729,False
snv_table,GCF_019128665.1,GCF_040911985.1,close_no_recombination,0,0,1.3937282229965156e-05,1.0000104826564449,clonal,0.0,2.7953750519765047e-05,1.3976875259882524e-05,3.1579730925654546e-05,4.0,286187.0,42.0,1329967.0,1.3976875259882524e-05,3.1579730925654546e-05,1.3976875259882524e-05,naive_region_4D,2.2594271136050743,False
snv_table,GCF_019128745.1,GCF_019128755.1,close_no_recombination,0,0,6.968641114982578e-06,1.000003493339947,clonal,1.3973359789561201e-05,6.986679894780601e-06,1.0480019842170902e-05,7.517152262174216e-07,3.0,286259.0,1.0,1330291.0,1.0480019842170902e-05,7.517152262174216e-07,1.0480019842170902e-05,naive_region_4D,0.07172841631392429,True
snv_table,GCF_019128745.1,GCF_019128815.1,close_no_recombination,0,0,6.968641114982578e-06,1.000003493339947,clonal,1.3973359789561201e-05,6.986679894780601e-06,1.0480019842170902e-05,7.517152262174216e-07,3.0,286259.0,1.0,1330291.0,1.0480019842170902e-05,7.517152262174216e-07,1.0480019842170902e-05,naive_region_4D,0.07172841631392429,True
snv_table,GCF_019128745.1,GCF_040911985.1,close_no_recombination,0,0,6.993006993006993e-06,1.0000034974940455,clonal,1.398997618206555e-05,0.0,6.994988091032775e-06,2.9351512204960856e-05,2.0,285919.0,39.0,1328722.0,6.994988091032775e-06,2.9351512204960856e-05,6.994988091032775e-06,naive_region_4D,4.196077509065101,True
snv_table,GCF_019128755.1,GCF_019128815.1,close_no_recombination,0,0,0.0,1.000003493339947,clonal,0.0,0.0,0.0,0.0,0.0,286259.0,0.0,1330291.0,0.0,0.0,0.0,naive_region_4D,,False
snv_table,GCF_019128755.1,GCF_040911985.1,close_no_recombination,0,0,1.3937282229965156e-05,1.00002796596542,clonal,6.9914913550209395e-06,2.7965965420083758e-05,1.7478728387552348e-05,3.0089554035197256e-05,5.0,286062.0,40.0,1329365.0,1.7478728387552348e-05,3.0089554035197256e-05,1.7478728387552348e-05,naive_region_4D,1.7214956012833196,True
snv_table,GCF_019128815.1,GCF_040911985.1,close_no_recombination,0,0,1.3986013986013986e-05,1.0000034974940455,clonal,2.79799523641311e-05,6.994988091032775e-06,1.7487470227581937e-05,3.0104115082011136e-05,5.0,285919.0,40.0,1328722.0,1.7487470227581937e-05,3.0104115082011136e-05,1.7487470227581937e-05,naive_region_4D,1.7214676960267086,True
snv_table,GCF_019129475.1,GCF_019129485.1,close_no_recombination,0,0,0.0,1.0000212101073231,clonal,0.0,0.0,0.0,7.604724663338839e-07,0.0,282884.0,1.0,1314972.0,0.0,7.604724663338839e-07,0.0,naive_region_4D,,False
snv_table,GCF_019129475.1,GCF_019129515.1,close_no_recombination,0,0,0.0,1.0000212101073231,clonal,0.0,0.0,0.0,3.0418898653355356e-06,0.0,282884.0,4.0,1314972.0,0.0,3.0418898653355356e-06,0.0,naive_region_4D,,False
snv_table,GCF_019129475.1,GCF_019129535.1,close_no_recombination,0,0,3.533568904593639e-06,1.0000212101073231,clonal,0.0,7.070035774381019e-06,3.5350178871905094e-06,3.8023623316694195e-06,1.0,282884.0,5.0,1314972.0,3.5350178871905094e-06,3.8023623316694195e-06,3.5350178871905094e-06,naive_region_4D,1.075627465831972,False
snv_table,GCF_019129475.1,GCF_019129555.1,close_no_recombination,0,0,7.067137809187279e-06,1.0000035358303367,clonal,7.071660673434246e-06,7.071660673434246e-06,7.071660673434246e-06,6.085052297221337e-06,2.0,282819.0,8.0,1314697.0,7.071660673434246e-06,6.085052297221337e-06,7.071660673434246e-06,naive_region_4D,0.8604842028239206,True
snv_table,GCF_019129475.1,GCF_019129575.1,close_no_recombination,0,0,0.0,1.0000212101073231,clonal,0.0,0.0,0.0,3.0418898653355356e-06,0.0,282884.0,4.0,1314972.0,0.0,3.0418898653355356e-06,0.0,naive_region_4D,,False
snv_table,GCF_019129475.1,GCF_019129595.1,close_no_recombination,0,0,3.533568904593639e-06,1.0000070716856777,clonal,7.071685677714997e-06,0.0,3.5358428388574983e-06,3.8031721498267274e-06,1.0,282818.0,5.0,1314692.0,3.5358428388574983e-06,3.8031721498267274e-06,3.5358428388574983e-06,naive_region_4D,1.0756055410696954,True
snv_table,GCF_019129475.1,GCF_019129605.1,close_no_recombination,0,0,3.533568904593639e-06,1.0000035358303367,clonal,0.0,7.071660673434246e-06,3.535830336717123e-06,6.085052297221337e-06,1.0,282819.0,8.0,1314697.0,3.535830336717123e-06,6.085052297221337e-06,3.535830336717123e-06,naive_region_4D,1.7209684056478411,False
snv_table,GCF_019129475.1,GCF_019129635.1,close_no_recombination,0,0,3.533568904593639e-06,1.0000070701857338,clonal,7.070185733779227e-06,0.0,3.5350928668896133e-06,5.323367988458939e-06,1.0,282878.0,7.0,1314957.0,3.5350928668896133e-06,5.323367988458939e-06,3.5350928668896133e-06,naive_region_4D,1.5058636898392876,True
snv_table,GCF_019129475.1,GCF_019129675.1,close_no_recombination,0,0,0.0,1.0000212101073231,clonal,0.0,0.0,0.0,3.0418898653355356e-06,0.0,282884.0,4.0,1314972.0,0.0,3.0418898653355356e-06,0.0,naive_region_4D,,False
snv_table,GCF_019129485.1,GCF_019129515.1,close_no_recombination,0,0,0.0,1.0000212101073231,clonal,0.0,0.0,0.0,2.2814087242590555e-06,0.0,282884.0,3.0,1314977.0,0.0,2.2814087242590555e-06,0.0,naive_region_4D,,False
snv_table,GCF_019129485.1,GCF_019129535.1,close_no_recombination,0,0,3.533568904593639e-06,1.0000212101073231,clonal,0.0,7.070035774381019e-06,3.5350178871905094e-06,3.041878299012074e-06,1.0,282884.0,4.0,1314977.0,3.5350178871905094e-06,3.041878299012074e-06,3.5350178871905094e-06,naive_region_4D,0.8604987007377315,False
snv_table,GCF_019129485.1,GCF_019129555.1,close_no_recombination,0,0,7.067137809187279e-06,1.0000035358303367,clonal,0.0,1.4143321346868492e-05,7.071660673434246e-06,5.3244005105339464e-06,2.0,282819.0,7.0,1314702.0,7.071660673434246e-06,5.3244005105339464e-06,7.071660673434246e-06,naive_region_4D,0.7529208139943501,False
snv_table,GCF_019129485.1,GCF_019129575.1,close_no_recombination,0,0,0.0,1.0000212101073231,clonal,0.0,0.0,0.0,2.2814173990016517e-06,0.0,282884.0,3.0,1314972.0,0.0,2.2814173990016517e-06,0.0,naive_region_4D,,False
snv_table,GCF_019129485.1,GCF_019129595.1,close_no_recombination,0,0,3.533568904593639e-06,1.0000070716856777,clonal,0.0,7.071685677714997e-06,3.5358428388574983e-06,3.0425261486106685e-06,1.0,282818.0,4.0,1314697.0,3.5358428388574983e-06,3.0425261486106685e-06,3.5358428388574983e-06,naive_region_4D,0.8604811602977721,False
snv_table,GCF_019129485.1,GCF_019129605.1,close_no_recombination,0,0,3.533568904593639e-06,1.0000035358303367,clonal,7.071660673434246e-06,0.0,3.535830336717123e-06,5.3244005105339464e-06,1.0,282819.0,7.0,1314702.0,3.535830336717123e-06,5.3244005105339464e-06,3.535830336717123e-06,naive_region_4D,1.5058416279887001,True
snv_table,GCF_019129485.1,GCF_019129635.1,close_no_recombination,0,0,3.533568904593639e-06,1.0000070701857338,clonal,7.070185733779227e-06,0.0,3.5350928668896133e-06,4.562886847250519e-06,1.0,282878.0,6.0,1314957.0,3.5350928668896133e-06,4.562886847250519e-06,3.5350928668896133e-06,naive_region_4D,1.290740305576532,True
snv_table,GCF_019129485.1,GCF_019129675.1,close_no_recombination,0,0,0.0,1.0000212101073231,clonal,0.0,0.0,0.0,2.2814087242590555e-06,0.0,282884.0,3.0,1314977.0,0.0,2.2814087242590555e-06,0.0,naive_region_4D,,False
snv_table,GCF_019129515.1,GCF_019129535.1,close_no_recombination,0,0,3.533568904593639e-06,1.0000212101073231,clonal,7.070035774381019e-06,0.0,3.5350178871905094e-06,7.604643699628741e-07,1.0,282884.0,1.0,1314986.0,3.5350178871905094e-06,7.604643699628741e-07,3.5350178871905094e-06,naive_region_4D,0.21512320283257766,True
snv_table,GCF_019129515.1,GCF_019129555.1,close_no_recombination,0,0,7.067137809187279e-06,1.0000035358303367,clonal,1.4143321346868492e-05,0.0,7.071660673434246e-06,3.0424937495769033e-06,2.0,282819.0,4.0,1314711.0,7.071660673434246e-06,3.0424937495769033e-06,7.071660673434246e-06,naive_region_4D,0.4302375198807951,True
snv_table,GCF_019129515.1,GCF_019129575.1,close_no_recombination,0,0,0.0,1.0000212101073231,clonal,0.0,0.0,0.0,0.0,0.0,282884.0,0.0,1314981.0,0.0,0.0,0.0,naive_region_4D,,False
snv_table,GCF_019129515.1,GCF_019129595.1,close_no_recombination,0,0,3.533568904593639e-06,1.0000070716856777,clonal,0.0,7.071685677714997e-06,3.5358428388574983e-06,7.606263301452948e-07,1.0,282818.0,1.0,1314706.0,3.5358428388574983e-06,7.606263301452948e-07,3.5358428388574983e-06,naive_region_4D,0.215118817439032,False
snv_table,GCF_019129515.1,GCF_019129605.1,close_no_recombination,0,0,3.533568904593639e-06,1.0000035358303367,clonal,0.0,7.071660673434246e-06,3.535830336717123e-06,3.0424937495769033e-06,1.0,282819.0,4.0,1314711.0,3.535830336717123e-06,3.0424937495769033e-06,3.535830336717123e-06,naive_region_4D,0.8604750397615902,False
snv_table,GCF_019129515.1,GCF_019129635.1,close_no_recombination,0,0,3.533568904593639e-06,1.0000070701857338,clonal,7.070185733779227e-06,0.0,3.5350928668896133e-06,2.2814278087798467e-06,1.0,282878.0,3.0,1314966.0,3.5350928668896133e-06,2.2814278087798467e-06,3.5350928668896133e-06,naive_region_4D,0.6453657356920255,True
snv_table,GCF_019129515.1,GCF_019129675.1,close_no_recombination,0,0,0.0,1.0000212101073231,clonal,0.0,0.0,0.0,1.5209287399257482e-06,0.0,282884.0,2.0,1314986.0,0.0,1.5209287399257482e-06,0.0,naive_region_4D,,False
snv_table,GCF_019129535.1,GCF_019129555.1,close_no_recombination,0,0,1.060070671378092e-05,1.0000035358303367,clonal,1.4143321346868492e-05,7.071660673434246e-06,1.060749101015137e-05,2.2818703121826775e-06,3.0,282819.0,3.0,1314711.0,1.060749101015137e-05,2.2818703121826775e-06,1.060749101015137e-05,naive_region_4D,0.21511875994039753,True
snv_table,GCF_019129535.1,GCF_019129575.1,close_no_recombination,0,0,3.533568904593639e-06,1.0000212101073231,clonal,7.070035774381019e-06,0.0,3.5350178871905094e-06,7.604672615041587e-07,1.0,282884.0,1.0,1314981.0,3.5350178871905094e-06,7.604672615041587e-07,3.5350178871905094e-06,naive_region_4D,0.21512402080334242,True
snv_table,GCF_019129535.1,GCF_019129595.1,close_no_recombination,0,0,7.067137809187279e-06,1.0000070716856777,clonal,7.071685677714997e-06,7.071685677714997e-06,7.071685677714997e-06,1.5212526602905896e-06,2.0,282818.0,2.0,1314706.0,7.071685677714997e-06,1.5212526602905896e-06,7.071685677714997e-06,naive_region_4D,0.215118817439032,True
snv_table,GCF_019129535.1,GCF_019129605.1,close_no_recombination,0,0,0.0,1.0000035358303367,clonal,0.0,0.0,0.0,2.2818703121826775e-06,0.0,282819.0,3.0,1314711.0,0.0,2.2818703121826775e-06,0.0,naive_region_4D,,False
snv_table,GCF_019129535.1,GCF_019129635.1,close_no_recombination,0,0,0.0,1.0000070701857338,clonal,0.0,0.0,0.0,3.0419037450397957e-06,0.0,282878.0,4.0,1314966.0,0.0,3.0419037450397957e-06,0.0,naive_region_4D,,False
snv_table,GCF_019129535.1,GCF_019129675.1,close_no_recombination,0,0,3.533568904593639e-06,1.0000212101073231,clonal,7.070035774381019e-06,0.0,3.5350178871905094e-06,2.2813931098886224e-06,1.0,282884.0,3.0,1314986.0,3.5350178871905094e-06,2.2813931098886224e-06,3.5350178871905094e-06,naive_region_4D,0.6453696084977331,True
snv_table,GCF_019129535.1,GCF_019129775.1,close_no_recombination,0,0,1.060070671378092e-05,1.0000212101073231,clonal,7.070035774381019e-06,1.4140071548762037e-05,1.0605053661571527e-05,7.604643699628741e-07,3.0,282884.0,1.0,1314986.0,1.0605053661571527e-05,7.604643699628741e-07,1.0605053661571527e-05,naive_region_4D,0.0717077342775259,True
snv_table,GCF_019129555.1,GCF_019129575.1,close_no_recombination,0,0,7.067137809187279e-06,1.0000035358303367,clonal,1.4143321346868492e-05,0.0,7.071660673434246e-06,3.0425053205811793e-06,2.0,282819.0,4.0,1314706.0,7.071660673434246e-06,3.0425053205811793e-06,7.071660673434246e-06,naive_region_4D,0.4302391561307243,True
snv_table,GCF_019129555.1,GCF_019129595.1,close_no_recombination,0,0,3.533568904593639e-06,1.0000070716856777,clonal,7.071685677714997e-06,0.0,3.5358428388574983e-06,3.803131650726474e-06,1.0,282818.0,5.0,1314706.0,3.5358428388574983e-06,3.803131650726474e-06,3.5358428388574983e-06,naive_region_4D,1.07559408719516,True
snv_table,GCF_019129555.1,GCF_019129605.1,close_no_recombination,0,0,1.060070671378092e-05,1.0000035358303367,clonal,0.0,2.121498202030274e-05,1.060749101015137e-05,1.5212468747884517e-06,3.0,282819.0,2.0,1314711.0,1.060749101015137e-05,1.5212468747884517e-06,1.060749101015137e-05,naive_region_4D,0.1434125066269317,False
snv_table,GCF_019129555.1,GCF_019129635.1,close_no_recombination,0,0,7.067137809187279e-06,1.0000247513374565,clonal,7.071810701771135e-06,7.071810701771135e-06,7.071810701771135e-06,7.606350085305216e-07,2.0,282813.0,1.0,1314691.0,7.071810701771135e-06,7.606350085305216e-07,7.071810701771135e-06,naive_region_4D,0.10755873433377121,True
snv_table,GCF_019129555.1,GCF_019129675.1,close_no_recombination,0,0,7.067137809187279e-06,1.0000035358303367,clonal,1.4143321346868492e-05,0.0,7.071660673434246e-06,4.563740624365355e-06,2.0,282819.0,6.0,1314711.0,7.071660673434246e-06,4.563740624365355e-06,7.071660673434246e-06,naive_region_4D,0.6453562798211926,True
snv_table,GCF_019129555.1,GCF_019129775.1,close_no_recombination,0,0,7.067137809187279e-06,1.0000035358303367,clonal,1.4143321346868492e-05,0.0,7.071660673434246e-06,3.0424937495769033e-06,2.0,282819.0,4.0,1314711.0,7.071660673434246e-06,3.0424937495769033e-06,7.071660673434246e-06,naive_region_4D,0.4302375198807951,True
snv_table,GCF_019129575.1,GCF_019129595.1,close_no_recombination,0,0,3.533568904593639e-06,1.0000070716856777,clonal,7.071685677714997e-06,0.0,3.5358428388574983e-06,7.60629222918367e-07,1.0,282818.0,1.0,1314701.0,3.5358428388574983e-06,7.60629222918367e-07,3.5358428388574983e-06,naive_region_4D,0.21511963556732672,True
snv_table,GCF_019129575.1,GCF_019129605.1,close_no_recombination,0,0,3.533568904593639e-06,1.0000035358303367,clonal,0.0,7.071660673434246e-06,3.535830336717123e-06,3.0425053205811793e-06,1.0,282819.0,4.0,1314706.0,3.535830336717123e-06,3.0425053205811793e-06,3.535830336717123e-06,naive_region_4D,0.8604783122614486,False
snv_table,GCF_019129575.1,GCF_019129635.1,close_no_recombination,0,0,3.533568904593639e-06,1.0000070701857338,clonal,0.0,7.070185733779227e-06,3.5350928668896133e-06,2.2814278087798467e-06,1.0,282878.0,3.0,1314966.0,3.5350928668896133e-06,2.2814278087798467e-06,3.5350928668896133e-06,naive_region_4D,0.6453657356920255,False
snv_table,GCF_019129575.1,GCF_019129675.1,close_no_recombination,0,0,0.0,1.0000212101073231,clonal,0.0,0.0,0.0,1.5209345230083173e-06,0.0,282884.0,2.0,1314981.0,0.0,1.5209345230083173e-06,0.0,naive_region_4D,,False
snv_table,GCF_019129595.1,GCF_019129605.1,close_no_recombination,0,0,7.067137809187279e-06,1.0000070716856777,clonal,7.071685677714997e-06,7.071685677714997e-06,7.071685677714997e-06,3.803131650726474e-06,2.0,282818.0,5.0,1314706.0,7.071685677714997e-06,3.803131650726474e-06,7.071685677714997e-06,naive_region_4D,0.53779704359758,True
snv_table,GCF_019129595.1,GCF_019129635.1,close_no_recombination,0,0,3.533568904593639e-06,1.0000282873428286,clonal,7.0718357071128526e-06,0.0,3.5359178535564263e-06,2.281913704108814e-06,1.0,282812.0,3.0,1314686.0,3.5359178535564263e-06,2.281913704108814e-06,3.5359178535564263e-06,naive_region_4D,0.6453525784864219,True
snv_table,GCF_019129595.1,GCF_019129675.1,close_no_recombination,0,0,3.533568904593639e-06,1.0000070716856777,clonal,0.0,7.071685677714997e-06,3.5358428388574983e-06,2.2818789904358844e-06,1.0,282818.0,3.0,1314706.0,3.5358428388574983e-06,2.2818789904358844e-06,3.5358428388574983e-06,naive_region_4D,0.6453564523170959,False
snv_table,GCF_019129595.1,GCF_019129775.1,close_no_recombination,0,0,3.533568904593639e-06,1.0000070716856777,clonal,7.071685677714997e-06,0.0,3.5358428388574983e-06,7.606263301452948e-07,1.0,282818.0,1.0,1314706.0,3.5358428388574983e-06,7.606263301452948e-07,3.5358428388574983e-06,naive_region_4D,0.215118817439032,True
snv_table,GCF_019129605.1,GCF_019129635.1,close_no_recombination,0,0,0.0,1.0000247513374565,clonal,0.0,0.0,0.0,2.281905025591565e-06,0.0,282813.0,3.0,1314691.0,0.0,2.281905025591565e-06,0.0,naive_region_4D,,False
snv_table,GCF_019129605.1,GCF_019129675.1,close_no_recombination,0,0,3.533568904593639e-06,1.0000035358303367,clonal,7.071660673434246e-06,0.0,3.535830336717123e-06,4.563740624365355e-06,1.0,282819.0,6.0,1314711.0,3.535830336717123e-06,4.563740624365355e-06,3.535830336717123e-06,naive_region_4D,1.2907125596423852,True
snv_table,GCF_019129605.1,GCF_019129775.1,close_no_recombination,0,0,1.060070671378092e-05,1.0000035358303367,clonal,7.071660673434246e-06,1.4143321346868492e-05,1.060749101015137e-05,3.0424937495769033e-06,3.0,282819.0,4.0,1314711.0,1.060749101015137e-05,3.0424937495769033e-06,1.060749101015137e-05,naive_region_4D,0.2868250132538634,True
snv_table,GCF_019129635.1,GCF_019129675.1,close_no_recombination,0,0,3.533568904593639e-06,1.0000070701857338,clonal,7.070185733779227e-06,0.0,3.5350928668896133e-06,3.8023796812997447e-06,1.0,282878.0,5.0,1314966.0,3.5350928668896133e-06,3.8023796812997447e-06,3.5350928668896133e-06,naive_region_4D,1.0756095594867092,True
snv_table,GCF_019129635.1,GCF_019129775.1,close_no_recombination,0,0,7.067137809187279e-06,1.0000070701857338,clonal,7.070185733779227e-06,7.070185733779227e-06,7.070185733779227e-06,2.2814278087798467e-06,2.0,282878.0,3.0,1314966.0,7.070185733779227e-06,2.2814278087798467e-06,7.070185733779227e-06,naive_region_4D,0.32268286784601274,True
snv_table,GCF_020558905.1,GCF_029076805.1,close_no_recombination,0,0,0.0,1.0000105164635236,clonal,0.0,0.0,0.0,0.0,0.0,285267.0,0.0,1325803.0,0.0,0.0,0.0,naive_region_4D,,False
snv_table,GCF_020560775.1,GCF_020560835.1,close_no_recombination,0,0,1.4084507042253522e-05,1.0,clonal,2.819085206850377e-05,0.0,1.4095426034251885e-05,3.791434694053969e-06,4.0,283780.0,5.0,1318762.0,1.4095426034251885e-05,3.791434694053969e-06,1.4095426034251885e-05,naive_region_4D,0.2689833343696588,True
snv_table,GCF_020885775.1,GCF_020885855.1,close_no_recombination,0,0,7.067137809187279e-06,1.0000177238971304,clonal,1.4179117704400843e-05,0.0,7.089558852200422e-06,2.288554709044597e-06,2.0,282105.0,3.0,1310871.0,7.089558852200422e-06,2.288554709044597e-06,7.089558852200422e-06,naive_region_4D,0.32280636309751304,True
snv_table,GCF_021891045.1,GCF_027686505.1,close_no_recombination,0,0,4.577464788732394e-05,1.0000281183218986,clonal,9.841412664492183e-05,4.9207063322460914e-05,7.381059498369137e-05,2.2688427389469546e-05,21.0,284512.0,30.0,1322260.0,7.381059498369137e-05,2.2688427389469546e-05,7.381059498369137e-05,naive_region_4D,0.30738713587775046,True
snv_table,GCF_022135705.1,GCF_022135865.1,close_no_recombination,0,0,1.0452961672473868e-05,1.0000069793898618,clonal,1.3958779723476573e-05,3.4896949308691436e-05,2.4427864516084004e-05,3.0030007484979364e-06,7.0,286558.0,4.0,1332001.0,2.4427864516084004e-05,3.0030007484979364e-06,2.4427864516084004e-05,naive_region_4D,0.1229334126411531,True
snv_table,GCF_023668145.1,GCF_023668185.1,close_no_recombination,0,0,0.0,1.000028154936616,clonal,0.0,0.0,0.0,0.0,0.0,284142.0,0.0,1320803.0,0.0,0.0,0.0,naive_region_4D,,False
snv_table,GCF_023668145.1,GCF_023668875.1,close_no_recombination,0,0,3.5087719298245615e-06,1.000028154936616,clonal,7.038734154049735e-06,0.0,3.5193670770248676e-06,0.0,1.0,284142.0,0.0,1320803.0,3.5193670770248676e-06,0.0,3.5193670770248676e-06,naive_region_4D,0.0,False
snv_table,GCF_023668145.1,GCF_023669045.1,close_no_recombination,0,0,1.056338028169014e-05,1.000024664127436,clonal,1.4093787106298865e-05,7.046893553149433e-06,1.057034032972415e-05,6.065072159196014e-06,3.0,283813.0,8.0,1319028.0,1.057034032972415e-05,6.065072159196014e-06,1.057034032972415e-05,naive_region_4D,0.5737821082392994,True
snv_table,GCF_023668145.1,GCF_023669145.1,close_no_recombination,0,0,0.0,1.000028154936616,clonal,0.0,0.0,0.0,0.0,0.0,284142.0,0.0,1320803.0,0.0,0.0,0.0,naive_region_4D,,False
snv_table,GCF_023668145.1,GCF_023669285.1,close_no_recombination,0,0,3.5087719298245615e-06,1.000028154936616,clonal,7.038734154049735e-06,0.0,3.5193670770248676e-06,7.571151791750927e-07,1.0,284142.0,1.0,1320803.0,3.5193670770248676e-06,7.571151791750927e-07,3.5193670770248676e-06,naive_region_4D,0.2151282212411692,True
snv_table,GCF_023668185.1,GCF_023668875.1,close_no_recombination,0,0,3.5087719298245615e-06,1.000028154936616,clonal,7.038734154049735e-06,0.0,3.5193670770248676e-06,0.0,1.0,284142.0,0.0,1320803.0,3.5193670770248676e-06,0.0,3.5193670770248676e-06,naive_region_4D,0.0,False
snv_table,GCF_023668185.1,GCF_023669045.1,close_no_recombination,0,0,1.056338028169014e-05,1.000024664127436,clonal,7.046893553149433e-06,1.4093787106298865e-05,1.057034032972415e-05,6.065072159196014e-06,3.0,283813.0,8.0,1319028.0,1.057034032972415e-05,6.065072159196014e-06,1.057034032972415e-05,naive_region_4D,0.5737821082392994,True
snv_table,GCF_023668185.1,GCF_023669145.1,close_no_recombination,0,0,0.0,1.000028154936616,clonal,0.0,0.0,0.0,0.0,0.0,284142.0,0.0,1320803.0,0.0,0.0,0.0,naive_region_4D,,False
snv_table,GCF_023668185.1,GCF_023669285.1,close_no_recombination,0,0,3.5087719298245615e-06,1.000028154936616,clonal,7.038734154049735e-06,0.0,3.5193670770248676e-06,7.571151791750927e-07,1.0,284142.0,1.0,1320803.0,3.5193670770248676e-06,7.571151791750927e-07,3.5193670770248676e-06,naive_region_4D,0.2151282212411692,True
snv_table,GCF_023668565.1,GCF_023668585.1,close_no_recombination,0,0,0.0,1.0,clonal,0.0,0.0,0.0,0.0,0.0,286240.0,0.0,1330136.0,0.0,0.0,0.0,naive_region_4D,,False
snv_table,GCF_023668565.1,GCF_023668665.1,close_no_recombination,0,0,1.0452961672473868e-05,1.0000104789948547,clonal,6.985996569875684e-06,1.3971993139751368e-05,1.0478994854813527e-05,7.516598528701004e-06,3.0,286287.0,10.0,1330389.0,1.0478994854813527e-05,7.516598528701004e-06,1.0478994854813527e-05,naive_region_4D,0.7173014809954081,True
snv_table,GCF_023668585.1,GCF_023668665.1,close_no_recombination,0,0,1.0452961672473868e-05,1.000020964067588,clonal,2.0964067588153903e-05,0.0,1.0482033794076951e-05,7.518813952211922e-06,3.0,286204.0,10.0,1329997.0,1.0482033794076951e-05,7.518813952211922e-06,1.0482033794076951e-05,naive_region_4D,0.717304876126287,True
snv_table,GCF_023668665.1,GCF_023668715.1,close_no_recombination,0,0,3.484320557491289e-06,1.0000209721280418,clonal,6.9907093472774685e-06,0.0,3.4953546736387342e-06,5.265759100548166e-06,1.0,286094.0,7.0,1329343.0,3.4953546736387342e-06,5.265759100548166e-06,3.4953546736387342e-06,naive_region_4D,1.506502084112227,True
snv_table,GCF_023668665.1,GCF_023669385.1,close_no_recombination,0,0,3.484320557491289e-06,1.000010487053732,clonal,0.0,6.991369154778426e-06,3.495684577389213e-06,5.266111668650236e-06,1.0,286067.0,7.0,1329254.0,3.495684577389213e-06,5.266111668650236e-06,3.495684577389213e-06,naive_region_4D,1.506460766715767,False
snv_table,GCF_023668665.1,GCF_023669405.1,close_no_recombination,0,0,3.484320557491289e-06,1.000024457309766,clonal,6.987802790229654e-06,0.0,3.493901395114827e-06,8.270682910287902e-06,1.0,286213.0,11.0,1329999.0,3.493901395114827e-06,8.270682910287902e-06,3.493901395114827e-06,naive_region_4D,2.3671769678022314,True
snv_table,GCF_023668715.1,GCF_023669385.1,close_no_recombination,0,0,0.0,1.000010489987307,clonal,0.0,0.0,0.0,1.5051479823867584e-06,0.0,285987.0,2.0,1328773.0,0.0,1.5051479823867584e-06,0.0,naive_region_4D,,False
snv_table,GCF_023668715.1,GCF_023669405.1,close_no_recombination,0,0,0.0,1.0000069908559603,clonal,0.0,0.0,0.0,4.513725109627098e-06,0.0,286088.0,6.0,1329279.0,0.0,4.513725109627098e-06,0.0,naive_region_4D,,False
snv_table,GCF_023668875.1,GCF_023669045.1,close_no_recombination,0,0,1.4084507042253522e-05,1.000024664127436,clonal,2.11406806594483e-05,7.046893553149433e-06,1.4093787106298865e-05,6.065072159196014e-06,4.0,283813.0,8.0,1319028.0,1.4093787106298865e-05,6.065072159196014e-06,1.4093787106298865e-05,naive_region_4D,0.43033658117947454,True
snv_table,GCF_023668875.1,GCF_023669145.1,close_no_recombination,0,0,3.5087719298245615e-06,1.000028154936616,clonal,0.0,7.038734154049735e-06,3.5193670770248676e-06,0.0,1.0,284142.0,0.0,1320803.0,3.5193670770248676e-06,0.0,3.5193670770248676e-06,naive_region_4D,0.0,False
snv_table,GCF_023668875.1,GCF_023669285.1,close_no_recombination,0,0,0.0,1.000028154936616,clonal,0.0,0.0,0.0,7.571151791750927e-07,0.0,284142.0,1.0,1320803.0,0.0,7.571151791750927e-07,0.0,naive_region_4D,,False
snv_table,GCF_023669045.1,GCF_023669145.1,close_no_recombination,0,0,1.056338028169014e-05,1.000024664127436,clonal,2.11406806594483e-05,0.0,1.057034032972415e-05,6.065072159196014e-06,3.0,283813.0,8.0,1319028.0,1.057034032972415e-05,6.065072159196014e-06,1.057034032972415e-05,naive_region_4D,0.5737821082392994,True
snv_table,GCF_023669045.1,GCF_023669285.1,close_no_recombination,0,0,1.4084507042253522e-05,1.000024664127436,clonal,1.4093787106298865e-05,1.4093787106298865e-05,1.4093787106298865e-05,6.8232061790955155e-06,4.0,283813.0,9.0,1319028.0,1.4093787106298865e-05,6.8232061790955155e-06,1.4093787106298865e-05,naive_region_4D,0.4841286538269089,True
snv_table,GCF_023669145.1,GCF_023669285.1,close_no_recombination,0,0,3.5087719298245615e-06,1.000028154936616,clonal,0.0,7.038734154049735e-06,3.5193670770248676e-06,7.571151791750927e-07,1.0,284142.0,1.0,1320803.0,3.5193670770248676e-06,7.571151791750927e-07,3.5193670770248676e-06,naive_region_4D,0.2151282212411692,False
snv_table,GCF_023669385.1,GCF_023669405.1,close_no_recombination,0,0,0.0,1.000020974327423,clonal,0.0,0.0,0.0,3.0093266556374846e-06,0.0,286064.0,4.0,1329201.0,0.0,3.0093266556374846e-06,0.0,naive_region_4D,,False
snv_table,GCF_024463175.1,GCF_036419465.1,close_no_recombination,0,0,3.496503496503497e-06,1.0000280434112006,clonal,0.0,7.010852800134609e-06,3.5054264000673044e-06,1.5084765066097669e-06,1.0,285272.0,2.0,1325841.0,3.5054264000673044e-06,1.5084765066097669e-06,3.5054264000673044e-06,naive_region_4D,0.4303261099935814,False
snv_table,GCF_024759565.1,GCF_024789245.1,close_no_recombination,0,0,1.056338028169014e-05,1.0000035266029292,clonal,1.4106411716785571e-05,7.053205858392786e-06,1.057980878758918e-05,1.062112328999915e-05,3.0,283559.0,14.0,1318128.0,1.057980878758918e-05,1.062112328999915e-05,1.057980878758918e-05,naive_region_4D,1.0039050329962895,True
snv_table,GCF_028199355.1,GCF_028200165.1,close_no_recombination,0,0,1.3937282229965156e-05,1.0,clonal,6.980559142787337e-06,2.094167742836201e-05,1.3961118285574675e-05,5.255606418146558e-06,4.0,286510.0,7.0,1331911.0,1.3961118285574675e-05,5.255606418146558e-06,1.3961118285574675e-05,naive_region_4D,0.37644594871579257,True
snv_table,GCF_028199365.1,GCF_028200295.1,close_no_recombination,0,0,1.0526315789473684e-05,1.000031662157741,clonal,0.0,2.110810516057991e-05,1.0554052580289954e-05,5.299601621375262e-06,3.0,284251.0,7.0,1320854.0,1.0554052580289954e-05,5.299601621375262e-06,1.0554052580289954e-05,naive_region_4D,0.5021390201591799,False
snv_table,GCF_028199365.1,GCF_028200325.1,close_no_recombination,0,0,1.7543859649122806e-05,1.0000316632716604,clonal,2.110884777354428e-05,2.110884777354428e-05,2.110884777354428e-05,5.299746066452759e-06,6.0,284241.0,7.0,1320818.0,2.110884777354428e-05,5.299746066452759e-06,2.110884777354428e-05,naive_region_4D,0.2510675202790998,True
snv_table,GCF_028199365.1,GCF_028395935.1,close_no_recombination,0,0,1.056338028169014e-05,1.0000035225035138,clonal,2.113502108218353e-05,0.0,1.0567510541091764e-05,5.305795748086881e-06,3.0,283889.0,7.0,1319312.0,1.0567510541091764e-05,5.305795748086881e-06,1.0567510541091764e-05,naive_region_4D,0.5020856830428789,True
snv_table,GCF_028199395.1,GCF_028199435.1,close_no_recombination,0,0,3.832752613240418e-05,1.0000174535299764,clonal,2.094423597172528e-05,5.585129592460075e-05,3.8397765948163014e-05,3.379748546708125e-05,11.0,286475.0,45.0,1331460.0,3.8397765948163014e-05,3.379748546708125e-05,3.8397765948163014e-05,naive_region_4D,0.8801940590165547,True
snv_table,GCF_028199395.1,GCF_028200195.1,close_no_recombination,0,0,1.0452961672473868e-05,1.0000244368186055,clonal,1.3963896345997424e-05,6.981948172998712e-06,1.0472922259498067e-05,7.51142675795554e-07,3.0,286453.0,1.0,1331305.0,1.0472922259498067e-05,7.51142675795554e-07,1.0472922259498067e-05,naive_region_4D,0.07172235763655462,True
snv_table,GCF_028199395.1,GCF_028200215.1,close_no_recombination,0,0,1.7421602787456446e-05,1.0000279278901876,clonal,1.396394509376789e-05,2.0945917640651837e-05,1.7454931367209863e-05,1.4271346366327434e-05,5.0,286452.0,19.0,1331339.0,1.7454931367209863e-05,1.4271346366327434e-05,1.7454931367209863e-05,naive_region_4D,0.8176111418654453,True
snv_table,GCF_028199395.1,GCF_028200225.1,close_no_recombination,0,0,0.0,1.0000104727760188,clonal,0.0,0.0,0.0,0.0,0.0,286457.0,0.0,1331359.0,0.0,0.0,0.0,naive_region_4D,,False
snv_table,GCF_028199395.1,GCF_028200255.1,close_no_recombination,0,0,0.0,1.0000104727760188,clonal,0.0,0.0,0.0,0.0,0.0,286457.0,0.0,1331359.0,0.0,0.0,0.0,naive_region_4D,,False
snv_table,GCF_028199435.1,GCF_028200195.1,close_no_recombination,0,0,4.878048780487805e-05,1.0000244368186055,clonal,6.283753355698841e-05,3.490974086499356e-05,4.887363721099098e-05,3.455256308659548e-05,14.0,286453.0,46.0,1331305.0,4.887363721099098e-05,3.455256308659548e-05,4.887363721099098e-05,naive_region_4D,0.7069775252746097,True
snv_table,GCF_028199435.1,GCF_028200215.1,close_no_recombination,0,0,5.5749128919860624e-05,1.0000279278901876,clonal,2.792789018753578e-05,8.378367056260735e-05,5.585578037507156e-05,4.5067409577876105e-05,16.0,286452.0,60.0,1331339.0,5.585578037507156e-05,4.5067409577876105e-05,5.585578037507156e-05,naive_region_4D,0.8068531005251104,True
snv_table,GCF_028199435.1,GCF_028200225.1,close_no_recombination,0,0,3.832752613240418e-05,1.0000104727760188,clonal,2.79274027166381e-05,4.887295475411667e-05,3.840017873537739e-05,3.380004942318338e-05,11.0,286457.0,45.0,1331359.0,3.840017873537739e-05,3.380004942318338e-05,3.840017873537739e-05,naive_region_4D,0.8802055234197129,True
snv_table,GCF_028199435.1,GCF_028200255.1,close_no_recombination,0,0,3.832752613240418e-05,1.0000104727760188,clonal,6.283665611243572e-05,1.396370135831905e-05,3.840017873537739e-05,3.380004942318338e-05,11.0,286457.0,45.0,1331359.0,3.840017873537739e-05,3.380004942318338e-05,3.840017873537739e-05,naive_region_4D,0.8802055234197129,True
snv_table,GCF_028199485.1,GCF_028199655.1,close_no_recombination,0,0,1.0452961672473868e-05,1.000003490413579,clonal,1.3961654316419953e-05,6.980827158209977e-06,1.0471240737314964e-05,3.0049724782083154e-06,3.0,286499.0,4.0,1331127.0,1.0471240737314964e-05,3.0049724782083154e-06,1.0471240737314964e-05,naive_region_4D,0.2869738700114014,True
snv_table,GCF_028199485.1,GCF_028199715.1,close_no_recombination,0,0,3.484320557491289e-06,1.0000069803642353,clonal,0.0,6.980364235405803e-06,3.4901821177029017e-06,3.004818978436668e-06,1.0,286518.0,4.0,1331195.0,3.4901821177029017e-06,3.004818978436668e-06,3.4901821177029017e-06,naive_region_4D,0.8609347240637173,False
snv_table,GCF_028199485.1,GCF_028199775.1,close_no_recombination,0,0,1.0452961672473868e-05,1.0000069803642353,clonal,0.0,2.094109270621741e-05,1.0470546353108705e-05,8.263252190700836e-06,3.0,286518.0,11.0,1331195.0,1.0470546353108705e-05,8.263252190700836e-06,1.0470546353108705e-05,naive_region_4D,0.7891901637250741,False
snv_table,GCF_028199485.1,GCF_028199815.1,close_no_recombination,0,0,1.3937282229965156e-05,1.0000069803642353,clonal,1.3960728470811607e-05,1.3960728470811607e-05,1.3960728470811607e-05,7.51204744609167e-06,4.0,286518.0,10.0,1331195.0,1.3960728470811607e-05,7.51204744609167e-06,1.3960728470811607e-05,naive_region_4D,0.5380842025398233,True
snv_table,GCF_028199485.1,GCF_028199885.1,close_no_recombination,0,0,1.0452961672473868e-05,1.0000069803642353,clonal,6.980364235405803e-06,1.3960728470811607e-05,1.0470546353108705e-05,8.263252190700836e-06,3.0,286518.0,11.0,1331195.0,1.0470546353108705e-05,8.263252190700836e-06,1.0470546353108705e-05,naive_region_4D,0.7891901637250741,True
snv_table,GCF_028199485.1,GCF_028200095.1,close_no_recombination,0,0,1.3937282229965156e-05,1.0000139622878603,clonal,1.3962287860488819e-05,1.3962287860488819e-05,1.3962287860488819e-05,9.015445712366713e-06,4.0,286486.0,12.0,1331049.0,1.3962287860488819e-05,9.015445712366713e-06,1.3962287860488819e-05,naive_region_4D,0.6456997450882725,True
snv_table,GCF_028199485.1,GCF_028395745.1,close_no_recombination,0,0,3.484320557491289e-06,1.0000279474029876,clonal,6.986850746894345e-06,0.0,3.4934253734471723e-06,7.518192145443938e-07,1.0,286252.0,1.0,1330107.0,3.4934253734471723e-06,7.518192145443938e-07,3.4934253734471723e-06,naive_region_4D,0.2152097538017618,True
snv_table,GCF_028199485.1,GCF_028395765.1,close_no_recombination,0,0,3.484320557491289e-06,1.0000279425222318,clonal,0.0,6.985630557942313e-06,3.4928152789711563e-06,2.2551185553409853e-06,1.0,286302.0,3.0,1330307.0,3.4928152789711563e-06,2.2551185553409853e-06,3.4928152789711563e-06,naive_region_4D,0.6456449526312348,False
snv_table,GCF_028199485.1,GCF_028395835.1,close_no_recombination,0,0,1.0452961672473868e-05,1.0000104764332634,clonal,6.98428884224936e-06,1.396857768449872e-05,1.047643326337404e-05,6.764104849637707e-06,3.0,286357.0,9.0,1330553.0,1.047643326337404e-05,6.764104849637707e-06,1.047643326337404e-05,naive_region_4D,0.645649590809235,True
snv_table,GCF_028199575.1,GCF_028199605.1,close_no_recombination,0,0,1.7421602787456446e-05,1.0000314420366054,clonal,6.987119245670606e-06,2.7948476982682424e-05,1.7467798114176514e-05,4.511671694674122e-06,5.0,286241.0,6.0,1329884.0,1.7467798114176514e-05,4.511671694674122e-06,1.7467798114176514e-05,naive_region_4D,0.25828508351104307,True
snv_table,GCF_028199575.1,GCF_028199755.1,close_no_recombination,0,0,1.0452961672473868e-05,1.0000104811915018,clonal,2.096238300369986e-05,0.0,1.048119150184993e-05,3.7598536364176416e-06,3.0,286227.0,5.0,1329839.0,1.048119150184993e-05,3.7598536364176416e-06,1.048119150184993e-05,naive_region_4D,0.3587238755969708,True
snv_table,GCF_028199575.1,GCF_028200275.1,close_no_recombination,0,0,3.484320557491289e-06,1.00002795130882,clonal,0.0,6.987827205008875e-06,3.4939136025044375e-06,0.0,1.0,286212.0,0.0,1329756.0,3.4939136025044375e-06,0.0,3.4939136025044375e-06,naive_region_4D,0.0,False
snv_table,GCF_028199575.1,GCF_028200355.1,close_no_recombination,0,0,3.484320557491289e-06,1.0000244556008566,clonal,6.987314530469932e-06,0.0,3.493657265234966e-06,0.0,1.0,286233.0,0.0,1329854.0,3.493657265234966e-06,0.0,3.493657265234966e-06,naive_region_4D,0.0,False
snv_table,GCF_028199575.1,GCF_028200765.1,close_no_recombination,0,0,1.7421602787456446e-05,1.000003493584033,clonal,1.3974336131694144e-05,2.0961504197541216e-05,1.746792016461768e-05,7.5195037127549584e-06,5.0,286239.0,10.0,1329875.0,1.746792016461768e-05,7.5195037127549584e-06,1.746792016461768e-05,naive_region_4D,0.43047504464705333,True
snv_table,GCF_028199575.1,GCF_028200975.1,close_no_recombination,0,0,1.0452961672473868e-05,1.0000139754590938,clonal,6.987729546915616e-06,1.3975459093831232e-05,1.0481594320373424e-05,6.016055347709199e-06,3.0,286216.0,8.0,1329775.0,1.0481594320373424e-05,6.016055347709199e-06,1.0481594320373424e-05,naive_region_4D,0.5739637657999788,True
snv_table,GCF_028199575.1,GCF_028394965.1,close_no_recombination,0,0,1.0452961672473868e-05,1.000006988657409,clonal,6.988657409025152e-06,1.3977314818050305e-05,1.0482986113537729e-05,7.520849675512941e-07,3.0,286178.0,1.0,1329637.0,1.0482986113537729e-05,7.520849675512941e-07,1.0482986113537729e-05,naive_region_4D,0.0717433906146314,True
snv_table,GCF_028199575.1,GCF_028394975.1,close_no_recombination,0,0,1.0452961672473868e-05,1.000006988657409,clonal,0.0,2.0965972227075458e-05,1.0482986113537729e-05,7.5210476518537125e-06,3.0,286178.0,10.0,1329602.0,1.0482986113537729e-05,7.5210476518537125e-06,1.0482986113537729e-05,naive_region_4D,0.7174527916373972,False
snv_table,GCF_028199575.1,GCF_028395025.1,close_no_recombination,0,0,1.3937282229965156e-05,1.0000314431350903,clonal,2.096209006012626e-05,6.987363353375421e-06,1.3974726706750842e-05,5.263763425416608e-06,4.0,286231.0,7.0,1329847.0,1.3974726706750842e-05,5.263763425416608e-06,1.3974726706750842e-05,naive_region_4D,0.3766630672551053,True
snv_table,GCF_028199575.1,GCF_028395045.1,close_no_recombination,0,0,1.0452961672473868e-05,1.000006988657409,clonal,2.0965972227075458e-05,0.0,1.0482986113537729e-05,7.520849675512941e-07,3.0,286178.0,1.0,1329637.0,1.0482986113537729e-05,7.520849675512941e-07,1.0482986113537729e-05,naive_region_4D,0.0717433906146314,True
snv_table,GCF_028199595.1,GCF_028199655.1,close_no_recombination,0,0,3.484320557491289e-06,1.0,clonal,0.0,6.980802792321117e-06,3.4904013961605585e-06,7.512402977315548e-07,1.0,286500.0,1.0,1331132.0,3.4904013961605585e-06,7.512402977315548e-07,3.4904013961605585e-06,naive_region_4D,0.21523034530009044,False
snv_table,GCF_028199595.1,GCF_028199715.1,close_no_recombination,0,0,1.0452961672473868e-05,1.0000034901699364,clonal,6.980339872748404e-06,1.3960679745496808e-05,1.0470509809122606e-05,2.2536057692307694e-06,3.0,286519.0,3.0,1331200.0,1.0470509809122606e-05,2.2536057692307694e-06,1.0470509809122606e-05,naive_region_4D,0.21523362379807695,True
snv_table,GCF_028199595.1,GCF_028199775.1,close_no_recombination,0,0,1.7421602787456446e-05,1.0000069803642353,clonal,2.094109270621741e-05,1.3960728470811607e-05,1.7450910588514507e-05,7.51204744609167e-06,5.0,286518.0,10.0,1331195.0,1.7450910588514507e-05,7.51204744609167e-06,1.7450910588514507e-05,naive_region_4D,0.43046736203185865,True
snv_table,GCF_028199595.1,GCF_028199815.1,close_no_recombination,0,0,6.968641114982578e-06,1.0000069803642353,clonal,6.980364235405803e-06,6.980364235405803e-06,6.980364235405803e-06,5.2584332122641685e-06,2.0,286518.0,7.0,1331195.0,6.980364235405803e-06,5.2584332122641685e-06,6.980364235405803e-06,naive_region_4D,0.7533178835557526,True
snv_table,GCF_028199595.1,GCF_028199885.1,close_no_recombination,0,0,1.7421602787456446e-05,1.0000069803642353,clonal,2.7921456941623214e-05,6.980364235405803e-06,1.7450910588514507e-05,7.51204744609167e-06,5.0,286518.0,10.0,1331195.0,1.7450910588514507e-05,7.51204744609167e-06,1.7450910588514507e-05,naive_region_4D,0.43046736203185865,True
snv_table,GCF_028199595.1,GCF_028200095.1,close_no_recombination,0,0,2.0905923344947736e-05,1.0000104716793432,clonal,2.0943358686432545e-05,2.0943358686432545e-05,2.0943358686432545e-05,8.264127526005707e-06,6.0,286487.0,11.0,1331054.0,2.0943358686432545e-05,8.264127526005707e-06,2.0943358686432545e-05,naive_region_4D,0.3945941837571328,True
snv_table,GCF_028199595.1,GCF_028395745.1,close_no_recombination,0,0,1.0452961672473868e-05,1.0000244538921863,clonal,6.9868263389379325e-06,1.3973652677875865e-05,1.0480239508406898e-05,1.5036384290887875e-06,3.0,286253.0,2.0,1330107.0,1.0480239508406898e-05,1.5036384290887875e-06,1.0480239508406898e-05,naive_region_4D,0.14347367041398423,True
snv_table,GCF_028199595.1,GCF_028395765.1,close_no_recombination,0,0,6.968641114982578e-06,1.000024449621555,clonal,6.985606158510389e-06,1.3971212317020778e-05,1.0478409237765585e-05,1.5034123702273234e-06,3.0,286303.0,2.0,1330307.0,1.0478409237765585e-05,1.5034123702273234e-06,1.0478409237765585e-05,naive_region_4D,0.1434771572777311,True
snv_table,GCF_028199595.1,GCF_028395835.1,close_no_recombination,0,0,1.7421602787456446e-05,1.000006984264452,clonal,2.095279335656765e-05,1.3968528904378435e-05,1.7460661130473046e-05,6.012537644122407e-06,5.0,286358.0,8.0,1330553.0,1.7460661130473046e-05,6.012537644122407e-06,1.7460661130473046e-05,naive_region_4D,0.3443476509391208,True
snv_table,GCF_028199605.1,GCF_028199755.1,close_no_recombination,0,0,6.968641114982578e-06,1.0000279503322596,clonal,0.0,1.3975166129787369e-05,6.987583064893684e-06,4.51182436370117e-06,2.0,286222.0,6.0,1329839.0,6.987583064893684e-06,4.51182436370117e-06,6.987583064893684e-06,naive_region_4D,0.6456916965136381,False
snv_table,GCF_028199605.1,GCF_028200275.1,close_no_recombination,0,0,1.0452961672473868e-05,1.00002795130882,clonal,6.987827205008875e-06,1.397565441001775e-05,1.0481740807513312e-05,4.512105980345266e-06,3.0,286212.0,6.0,1329756.0,1.0481740807513312e-05,4.512105980345266e-06,1.0481740807513312e-05,naive_region_4D,0.4304729589488598,True
snv_table,GCF_028199605.1,GCF_028200355.1,close_no_recombination,0,0,1.0452961672473868e-05,1.0000244556008566,clonal,1.3974629060939864e-05,6.987314530469932e-06,1.0480971795704898e-05,4.511773472877474e-06,3.0,286233.0,6.0,1329854.0,1.0480971795704898e-05,4.511773472877474e-06,1.0480971795704898e-05,naive_region_4D,0.43047281882071264,True
snv_table,GCF_028199605.1,GCF_028200765.1,close_no_recombination,0,0,6.968641114982578e-06,1.0000209618703575,clonal,1.3974580238546084e-05,0.0,6.987290119273042e-06,6.767573696997679e-06,2.0,286234.0,9.0,1329871.0,6.987290119273042e-06,6.767573696997679e-06,6.987290119273042e-06,naive_region_4D,0.9685548447932169,True
snv_table,GCF_028199605.1,GCF_028200975.1,close_no_recombination,0,0,3.484320557491289e-06,1.000006987680719,clonal,6.987680718892592e-06,0.0,3.493840359446296e-06,6.015883436242539e-06,1.0,286218.0,8.0,1329813.0,3.493840359446296e-06,6.015883436242539e-06,3.493840359446296e-06,naive_region_4D,1.7218541253544672,True
snv_table,GCF_028199605.1,GCF_028394965.1,close_no_recombination,0,0,6.968641114982578e-06,1.0000314497276104,clonal,0.0,1.3977656715739889e-05,6.9888283578699445e-06,3.760543624186312e-06,2.0,286171.0,5.0,1329595.0,6.9888283578699445e-06,3.760543624186312e-06,6.9888283578699445e-06,naive_region_4D,0.5380792647385106,False
snv_table,GCF_028199605.1,GCF_028394975.1,close_no_recombination,0,0,1.3937282229965156e-05,1.0000244607283006,clonal,2.0966338543468462e-05,6.9887795144894875e-06,1.3977559028978975e-05,7.521070278384895e-06,4.0,286173.0,10.0,1329598.0,1.3977559028978975e-05,7.521070278384895e-06,1.3977559028978975e-05,naive_region_4D,0.5380818111940601,True
snv_table,GCF_028199605.1,GCF_028395025.1,close_no_recombination,0,0,3.484320557491289e-06,1.0000139749708272,clonal,6.987485413624199e-06,0.0,3.4937427068120994e-06,5.26377925815303e-06,1.0,286226.0,7.0,1329843.0,3.4937427068120994e-06,5.26377925815303e-06,3.4937427068120994e-06,naive_region_4D,1.5066304819441092,True
snv_table,GCF_028199605.1,GCF_028395045.1,close_no_recombination,0,0,6.968641114982578e-06,1.0000314497276104,clonal,6.9888283578699445e-06,6.9888283578699445e-06,6.9888283578699445e-06,3.760543624186312e-06,2.0,286171.0,5.0,1329595.0,6.9888283578699445e-06,3.760543624186312e-06,6.9888283578699445e-06,naive_region_4D,0.5380792647385106,True
snv_table,GCF_028199655.1,GCF_028199775.1,close_no_recombination,0,0,1.3937282229965156e-05,1.000003490413579,clonal,1.3961654316419953e-05,1.3961654316419953e-05,1.3961654316419953e-05,6.761188075968709e-06,4.0,286499.0,9.0,1331127.0,1.3961654316419953e-05,6.761188075968709e-06,1.3961654316419953e-05,naive_region_4D,0.4842684056442398,True
snv_table,GCF_028199655.1,GCF_028199815.1,close_no_recombination,0,0,3.484320557491289e-06,1.000003490413579,clonal,0.0,6.980827158209977e-06,3.4904135791049883e-06,4.507458717312473e-06,1.0,286499.0,6.0,1331127.0,3.4904135791049883e-06,4.507458717312473e-06,3.4904135791049883e-06,naive_region_4D,1.291382415051306,False
snv_table,GCF_028199655.1,GCF_028199885.1,close_no_recombination,0,0,1.3937282229965156e-05,1.000003490413579,clonal,0.0,2.7923308632839907e-05,1.3961654316419953e-05,6.761188075968709e-06,4.0,286499.0,9.0,1331127.0,1.3961654316419953e-05,6.761188075968709e-06,1.3961654316419953e-05,naive_region_4D,0.4842684056442398,False
snv_table,GCF_028199655.1,GCF_028200095.1,close_no_recombination,0,0,1.7421602787456446e-05,1.0000069815825852,clonal,1.39631651702808e-05,2.09447477554212e-05,1.7453956462851e-05,7.513227036197225e-06,5.0,286468.0,10.0,1330986.0,1.7453956462851e-05,7.513227036197225e-06,1.7453956462851e-05,naive_region_4D,0.43045982452106935,True
snv_table,GCF_028199655.1,GCF_028395765.1,close_no_recombination,0,0,3.484320557491289e-06,1.000024449621555,clonal,1.3971212317020778e-05,0.0,6.985606158510389e-06,7.517061851136617e-07,2.0,286303.0,1.0,1330307.0,6.985606158510389e-06,7.517061851136617e-07,6.985606158510389e-06,naive_region_4D,0.10760786795829834,True
snv_table,GCF_028199655.1,GCF_028395835.1,close_no_recombination,0,0,1.3937282229965156e-05,1.000006984264452,clonal,1.3968528904378435e-05,1.3968528904378435e-05,1.3968528904378435e-05,5.260970438607106e-06,4.0,286358.0,7.0,1330553.0,1.3968528904378435e-05,5.260970438607106e-06,1.3968528904378435e-05,naive_region_4D,0.3766302432146634,True
snv_table,GCF_028199715.1,GCF_028199775.1,close_no_recombination,0,0,6.968641114982578e-06,1.0000069803642353,clonal,0.0,1.3960728470811607e-05,6.980364235405803e-06,6.7608427014825025e-06,2.0,286518.0,9.0,1331195.0,6.980364235405803e-06,6.7608427014825025e-06,6.980364235405803e-06,naive_region_4D,0.9685515645716818,False
snv_table,GCF_028199715.1,GCF_028199815.1,close_no_recombination,0,0,1.0452961672473868e-05,1.0000069803642353,clonal,1.3960728470811607e-05,6.980364235405803e-06,1.0470546353108705e-05,6.009637956873336e-06,3.0,286518.0,8.0,1331195.0,1.0470546353108705e-05,6.009637956873336e-06,1.0470546353108705e-05,naive_region_4D,0.5739564827091449,True
snv_table,GCF_028199715.1,GCF_028199885.1,close_no_recombination,0,0,6.968641114982578e-06,1.0000069803642353,clonal,6.980364235405803e-06,6.980364235405803e-06,6.980364235405803e-06,6.7608427014825025e-06,2.0,286518.0,9.0,1331195.0,6.980364235405803e-06,6.7608427014825025e-06,6.980364235405803e-06,naive_region_4D,0.9685515645716818,True
snv_table,GCF_028199715.1,GCF_028200095.1,close_no_recombination,0,0,1.0452961672473868e-05,1.0000104716793432,clonal,1.3962239124288361e-05,6.981119562144181e-06,1.0471679343216272e-05,7.512843205459733e-06,3.0,286487.0,10.0,1331054.0,1.0471679343216272e-05,7.512843205459733e-06,1.0471679343216272e-05,naive_region_4D,0.7174439704675142,True
snv_table,GCF_028199715.1,GCF_028395765.1,close_no_recombination,0,0,0.0,1.000024449621555,clonal,0.0,0.0,0.0,7.517061851136617e-07,0.0,286303.0,1.0,1330307.0,0.0,7.517061851136617e-07,0.0,naive_region_4D,,False
snv_table,GCF_028199715.1,GCF_028395835.1,close_no_recombination,0,0,6.968641114982578e-06,1.000006984264452,clonal,6.984264452189217e-06,6.984264452189217e-06,6.984264452189217e-06,5.260970438607106e-06,2.0,286358.0,7.0,1330553.0,6.984264452189217e-06,5.260970438607106e-06,6.984264452189217e-06,naive_region_4D,0.7532604864293267,True
snv_table,GCF_028199725.1,GCF_028199785.1,close_no_recombination,0,0,3.496503496503497e-06,1.0000070070210352,clonal,0.0,7.007021035077147e-06,3.5035105175385735e-06,7.539141337036559e-07,1.0,285428.0,1.0,1326411.0,3.5035105175385735e-06,7.539141337036559e-07,3.5035105175385735e-06,naive_region_4D,0.2151882033547671,False
snv_table,GCF_028199725.1,GCF_028199835.1,close_no_recombination,0,0,3.496503496503497e-06,1.0000070070210352,clonal,7.007021035077147e-06,0.0,3.5035105175385735e-06,3.7695706685182798e-06,1.0,285428.0,5.0,1326411.0,3.5035105175385735e-06,3.7695706685182798e-06,3.5035105175385735e-06,naive_region_4D,1.0759410167738357,True
snv_table,GCF_028199725.1,GCF_028199855.1,close_no_recombination,0,0,3.496503496503497e-06,1.0000105113049085,clonal,0.0,7.007536605619344e-06,3.503768302809672e-06,4.52376446567933e-06,1.0,285407.0,6.0,1326329.0,3.503768302809672e-06,4.52376446567933e-06,3.503768302809672e-06,naive_region_4D,1.2911140448561405,False
snv_table,GCF_028199725.1,GCF_028199875.1,close_no_recombination,0,0,3.496503496503497e-06,1.0000070070210352,clonal,7.007021035077147e-06,0.0,3.5035105175385735e-06,1.5078282674073118e-06,1.0,285428.0,2.0,1326411.0,3.5035105175385735e-06,1.5078282674073118e-06,3.5035105175385735e-06,naive_region_4D,0.4303764067095342,True
snv_table,GCF_028199725.1,GCF_028199915.1,close_no_recombination,0,0,6.993006993006993e-06,1.0000070070210352,clonal,7.007021035077147e-06,7.007021035077147e-06,7.007021035077147e-06,3.7695706685182798e-06,2.0,285428.0,5.0,1326411.0,7.007021035077147e-06,3.7695706685182798e-06,7.007021035077147e-06,naive_region_4D,0.5379705083869178,True
snv_table,GCF_028199725.1,GCF_028199925.1,close_no_recombination,0,0,6.993006993006993e-06,1.0000070070210352,clonal,1.4014042070154294e-05,0.0,7.007021035077147e-06,3.7695706685182798e-06,2.0,285428.0,5.0,1326411.0,7.007021035077147e-06,3.7695706685182798e-06,7.007021035077147e-06,naive_region_4D,0.5379705083869178,True
snv_table,GCF_028199725.1,GCF_028199955.1,close_no_recombination,0,0,6.993006993006993e-06,1.0000280345666206,clonal,1.4017283310321627e-05,0.0,7.0086416551608136e-06,1.5081523173514432e-06,2.0,285362.0,2.0,1326126.0,7.0086416551608136e-06,1.5081523173514432e-06,7.0086416551608136e-06,naive_region_4D,0.21518468079202127,True
snv_table,GCF_028199725.1,GCF_028199975.1,close_no_recombination,0,0,6.993006993006993e-06,1.0,clonal,7.007217433956976e-06,7.007217433956976e-06,7.007217433956976e-06,3.7697156126541813e-06,2.0,285420.0,5.0,1326360.0,7.007217433956976e-06,3.7697156126541813e-06,7.007217433956976e-06,naive_region_4D,0.5379761150818783,True
snv_table,GCF_028199725.1,GCF_028199995.1,close_no_recombination,0,0,6.993006993006993e-06,1.0000070070210352,clonal,0.0,1.4014042070154294e-05,7.007021035077147e-06,3.7695706685182798e-06,2.0,285428.0,5.0,1326411.0,7.007021035077147e-06,3.7695706685182798e-06,7.007021035077147e-06,naive_region_4D,0.5379705083869178,False
snv_table,GCF_028199725.1,GCF_028200035.1,close_no_recombination,0,0,6.993006993006993e-06,1.0000070070210352,clonal,7.007021035077147e-06,7.007021035077147e-06,7.007021035077147e-06,3.7695706685182798e-06,2.0,285428.0,5.0,1326411.0,7.007021035077147e-06,3.7695706685182798e-06,7.007021035077147e-06,naive_region_4D,0.5379705083869178,True
snv_table,GCF_028199725.1,GCF_028200075.1,close_no_recombination,0,0,6.993006993006993e-06,1.0000070070210352,clonal,0.0,1.4014042070154294e-05,7.007021035077147e-06,1.5078282674073118e-06,2.0,285428.0,2.0,1326411.0,7.007021035077147e-06,1.5078282674073118e-06,7.007021035077147e-06,naive_region_4D,0.2151882033547671,False
snv_table,GCF_028199725.1,GCF_028200115.1,close_no_recombination,0,0,3.5087719298245615e-06,1.000031592138472,clonal,0.0,7.020475215967369e-06,3.5102376079836844e-06,1.5107611516834412e-06,1.0,284881.0,2.0,1323836.0,3.5102376079836844e-06,1.5107611516834412e-06,3.5102376079836844e-06,naive_region_4D,0.43038714765273045,False
snv_table,GCF_028199725.1,GCF_039734225.1,close_no_recombination,0,0,6.993006993006993e-06,1.0000070070210352,clonal,0.0,1.4014042070154294e-05,7.007021035077147e-06,3.0156565348146236e-06,2.0,285428.0,4.0,1326411.0,7.007021035077147e-06,3.0156565348146236e-06,7.007021035077147e-06,naive_region_4D,0.4303764067095342,False
snv_table,GCF_028199725.1,GCF_039760355.1,close_no_recombination,0,0,0.0,1.0000245645925965,clonal,0.0,0.0,0.0,2.26521773272847e-06,0.0,284963.0,3.0,1324376.0,0.0,2.26521773272847e-06,0.0,naive_region_4D,,False
snv_table,GCF_028199725.1,GCF_039760375.1,close_no_recombination,0,0,1.048951048951049e-05,1.0000070070210352,clonal,1.4014042070154294e-05,7.007021035077147e-06,1.0510531552615721e-05,5.2773989359255916e-06,3.0,285428.0,7.0,1326411.0,1.0510531552615721e-05,5.2773989359255916e-06,1.0510531552615721e-05,naive_region_4D,0.5021058078277899,True
snv_table,GCF_028199725.1,GCF_039760395.1,close_no_recombination,0,0,1.048951048951049e-05,1.0000070070210352,clonal,1.4014042070154294e-05,7.007021035077147e-06,1.0510531552615721e-05,6.785227203332904e-06,3.0,285428.0,9.0,1326411.0,1.0510531552615721e-05,6.785227203332904e-06,1.0510531552615721e-05,naive_region_4D,0.6455646100643013,True
snv_table,GCF_028199725.1,GCF_039760415.1,close_no_recombination,0,0,3.496503496503497e-06,1.0000070070210352,clonal,0.0,7.007021035077147e-06,3.5035105175385735e-06,3.0156565348146236e-06,1.0,285428.0,4.0,1326411.0,3.5035105175385735e-06,3.0156565348146236e-06,3.5035105175385735e-06,naive_region_4D,0.8607528134190684,False
snv_table,GCF_028199725.1,GCF_039760475.1,close_no_recombination,0,0,0.0,1.0000175232621304,clonal,0.0,0.0,0.0,5.2789908982655495e-06,0.0,285335.0,7.0,1326011.0,0.0,5.2789908982655495e-06,0.0,naive_region_4D,,False
snv_table,GCF_028199755.1,GCF_028200275.1,close_no_recombination,0,0,1.3937282229965156e-05,1.0000314475297964,clonal,1.3976679909570881e-05,1.3976679909570881e-05,1.3976679909570881e-05,3.0082674710773882e-06,4.0,286191.0,4.0,1329669.0,1.3976679909570881e-05,3.0082674710773882e-06,1.3976679909570881e-05,naive_region_4D,0.21523476895377722,True
snv_table,GCF_028199755.1,GCF_028200355.1,close_no_recombination,0,0,1.3937282229965156e-05,1.00002795130882,clonal,1.397565441001775e-05,1.397565441001775e-05,1.397565441001775e-05,3.7600572130305537e-06,4.0,286212.0,5.0,1329767.0,1.397565441001775e-05,3.7600572130305537e-06,1.397565441001775e-05,naive_region_4D,0.2690433737639752,True
snv_table,GCF_028199755.1,GCF_028200765.1,close_no_recombination,0,0,1.3937282229965156e-05,1.0000314442336515,clonal,2.096282243441257e-05,6.9876074781375235e-06,1.3975214956275047e-05,7.519746855241865e-06,4.0,286221.0,10.0,1329832.0,1.3975214956275047e-05,7.519746855241865e-06,1.3975214956275047e-05,naive_region_4D,0.5380773661635454,True
snv_table,GCF_028199755.1,GCF_028200975.1,close_no_recombination,0,0,6.968641114982578e-06,1.0000104822901708,clonal,6.988193447171005e-06,6.988193447171005e-06,6.988193447171005e-06,6.016272513079752e-06,2.0,286197.0,8.0,1329727.0,6.988193447171005e-06,6.016272513079752e-06,6.988193447171005e-06,naive_region_4D,0.8609195722129429,True
snv_table,GCF_028199755.1,GCF_028394965.1,close_no_recombination,0,0,6.968641114982578e-06,1.000010483755421,clonal,6.989170280650132e-06,6.989170280650132e-06,6.989170280650132e-06,3.0085367229513744e-06,2.0,286157.0,4.0,1329550.0,6.989170280650132e-06,3.0085367229513744e-06,6.989170280650132e-06,naive_region_4D,0.43045692151479825,True
snv_table,GCF_028199755.1,GCF_028394975.1,close_no_recombination,0,0,6.968641114982578e-06,1.0000034945607164,clonal,1.3978242864980658e-05,0.0,6.989121432490329e-06,7.521319179213481e-06,2.0,286159.0,10.0,1329554.0,6.989121432490329e-06,7.521319179213481e-06,6.989121432490329e-06,naive_region_4D,1.076146587502275,True
snv_table,GCF_028199755.1,GCF_028395025.1,close_no_recombination,0,0,1.0452961672473868e-05,1.00002795130882,clonal,1.397565441001775e-05,6.987827205008875e-06,1.0481740807513312e-05,5.2639534245401e-06,3.0,286212.0,7.0,1329799.0,1.0481740807513312e-05,5.2639534245401e-06,1.0481740807513312e-05,naive_region_4D,0.5022022125148237,True
snv_table,GCF_028199755.1,GCF_028395045.1,close_no_recombination,0,0,6.968641114982578e-06,1.000010483755421,clonal,6.989170280650132e-06,6.989170280650132e-06,6.989170280650132e-06,3.0085367229513744e-06,2.0,286157.0,4.0,1329550.0,6.989170280650132e-06,3.0085367229513744e-06,6.989170280650132e-06,naive_region_4D,0.43045692151479825,True
snv_table,GCF_028199775.1,GCF_028199815.1,close_no_recombination,0,0,1.0452961672473868e-05,1.0000069803642353,clonal,1.3960728470811607e-05,6.980364235405803e-06,1.0470546353108705e-05,3.756023723045835e-06,3.0,286518.0,5.0,1331195.0,1.0470546353108705e-05,3.756023723045835e-06,1.0470546353108705e-05,naive_region_4D,0.3587228016932155,True
snv_table,GCF_028199775.1,GCF_028199885.1,close_no_recombination,0,0,0.0,1.0000069803642353,clonal,0.0,0.0,0.0,0.0,0.0,286518.0,0.0,1331195.0,0.0,0.0,0.0,naive_region_4D,,False
snv_table,GCF_028199775.1,GCF_028200095.1,close_no_recombination,0,0,3.484320557491289e-06,1.0000139622878603,clonal,6.9811439302444095e-06,0.0,3.4905719651222048e-06,7.51287142697226e-07,1.0,286486.0,1.0,1331049.0,3.4905719651222048e-06,7.51287142697226e-07,3.4905719651222048e-06,naive_region_4D,0.2152332483627575,True
snv_table,GCF_028199775.1,GCF_028395745.1,close_no_recombination,0,0,1.3937282229965156e-05,1.0,clonal,1.3973799126637555e-05,1.3973799126637555e-05,1.3973799126637555e-05,7.518412592438883e-06,4.0,286250.0,10.0,1330068.0,1.3973799126637555e-05,7.518412592438883e-06,1.3973799126637555e-05,naive_region_4D,0.5380364011464075,True
snv_table,GCF_028199775.1,GCF_028395765.1,close_no_recombination,0,0,6.968641114982578e-06,1.0000279425222318,clonal,1.3971261115884625e-05,0.0,6.985630557942313e-06,6.0136494809092935e-06,2.0,286302.0,8.0,1330307.0,6.985630557942313e-06,6.0136494809092935e-06,6.985630557942313e-06,naive_region_4D,0.8608599368416463,True
snv_table,GCF_028199775.1,GCF_028395835.1,close_no_recombination,0,0,6.968641114982578e-06,1.0000104764332634,clonal,6.98428884224936e-06,6.98428884224936e-06,6.98428884224936e-06,3.0062688220612033e-06,2.0,286357.0,4.0,1330553.0,6.98428884224936e-06,3.0062688220612033e-06,6.98428884224936e-06,naive_region_4D,0.43043306053949,True
snv_table,GCF_028199785.1,GCF_028199835.1,close_no_recombination,0,0,0.0,1.0000070045669778,clonal,0.0,0.0,0.0,3.014626970058725e-06,0.0,285528.0,4.0,1326864.0,0.0,3.014626970058725e-06,0.0,naive_region_4D,,False
snv_table,GCF_028199785.1,GCF_028199855.1,close_no_recombination,0,0,0.0,1.0000105113049085,clonal,0.0,0.0,0.0,3.7698037213994414e-06,0.0,285407.0,5.0,1326329.0,0.0,3.7698037213994414e-06,0.0,naive_region_4D,,False
snv_table,GCF_028199785.1,GCF_028199875.1,close_no_recombination,0,0,0.0,1.0000070045669778,clonal,0.0,0.0,0.0,7.536567425146812e-07,0.0,285528.0,1.0,1326864.0,0.0,7.536567425146812e-07,0.0,naive_region_4D,,False
snv_table,GCF_028199785.1,GCF_028199915.1,close_no_recombination,0,0,3.496503496503497e-06,1.0000070045669778,clonal,0.0,7.00456697766944e-06,3.50228348883472e-06,3.014626970058725e-06,1.0,285528.0,4.0,1326864.0,3.50228348883472e-06,3.014626970058725e-06,3.50228348883472e-06,naive_region_4D,0.8607604095069276,False
snv_table,GCF_028199785.1,GCF_028199925.1,close_no_recombination,0,0,3.496503496503497e-06,1.0000070045669778,clonal,0.0,7.00456697766944e-06,3.50228348883472e-06,3.014626970058725e-06,1.0,285528.0,4.0,1326864.0,3.50228348883472e-06,3.014626970058725e-06,3.50228348883472e-06,naive_region_4D,0.8607604095069276,False
snv_table,GCF_028199785.1,GCF_028199955.1,close_no_recombination,0,0,3.496503496503497e-06,1.0000280247458506,clonal,0.0,7.006186462646517e-06,3.5030932313232583e-06,7.538186568609935e-07,1.0,285462.0,1.0,1326579.0,3.5030932313232583e-06,7.538186568609935e-07,3.5030932313232583e-06,naive_region_4D,0.21518658142485295,False
snv_table,GCF_028199785.1,GCF_028199975.1,close_no_recombination,0,0,3.496503496503497e-06,1.0,clonal,7.004763239002522e-06,0.0,3.502381619501261e-06,3.0147428462036474e-06,1.0,285520.0,4.0,1326813.0,3.502381619501261e-06,3.0147428462036474e-06,3.502381619501261e-06,naive_region_4D,0.8607693774480654,True
snv_table,GCF_028199785.1,GCF_028199995.1,close_no_recombination,0,0,3.496503496503497e-06,1.000021019884811,clonal,7.006628270343745e-06,0.0,3.5033141351718724e-06,3.0154951216827667e-06,1.0,285444.0,4.0,1326482.0,3.5033141351718724e-06,3.0154951216827667e-06,3.5033141351718724e-06,naive_region_4D,0.8607549895136157,True
snv_table,GCF_028199785.1,GCF_028200075.1,close_no_recombination,0,0,3.496503496503497e-06,1.0000070045669778,clonal,0.0,7.00456697766944e-06,3.50228348883472e-06,7.536567425146812e-07,1.0,285528.0,1.0,1326864.0,3.50228348883472e-06,7.536567425146812e-07,3.50228348883472e-06,naive_region_4D,0.2151901023767319,False
snv_table,GCF_028199785.1,GCF_028200115.1,close_no_recombination,0,0,0.0,1.000031581052772,clonal,0.0,0.0,0.0,7.551221825447467e-07,0.0,284981.0,1.0,1324289.0,0.0,7.551221825447467e-07,0.0,naive_region_4D,,False
snv_table,GCF_028199785.1,GCF_039734225.1,close_no_recombination,0,0,3.496503496503497e-06,1.0000070070210352,clonal,0.0,7.007021035077147e-06,3.5035105175385735e-06,2.261742401110968e-06,1.0,285428.0,3.0,1326411.0,3.5035105175385735e-06,2.261742401110968e-06,3.5035105175385735e-06,naive_region_4D,0.6455646100643013,False
snv_table,GCF_028199785.1,GCF_039760355.1,close_no_recombination,0,0,0.0,1.0000245559753458,clonal,0.0,0.0,0.0,2.2644431847430874e-06,0.0,285063.0,3.0,1324829.0,0.0,2.2644431847430874e-06,0.0,naive_region_4D,,False
snv_table,GCF_028199785.1,GCF_039760375.1,close_no_recombination,0,0,6.993006993006993e-06,1.0000070045669778,clonal,7.00456697766944e-06,7.00456697766944e-06,7.00456697766944e-06,4.521940455088088e-06,2.0,285528.0,6.0,1326864.0,7.00456697766944e-06,4.521940455088088e-06,7.00456697766944e-06,naive_region_4D,0.6455703071301958,True
snv_table,GCF_028199785.1,GCF_039760395.1,close_no_recombination,0,0,6.993006993006993e-06,1.0000070045669778,clonal,0.0,1.400913395533888e-05,7.00456697766944e-06,6.02925394011745e-06,2.0,285528.0,8.0,1326864.0,7.00456697766944e-06,6.02925394011745e-06,7.00456697766944e-06,naive_region_4D,0.8607604095069276,False
snv_table,GCF_028199785.1,GCF_039760415.1,close_no_recombination,0,0,0.0,1.0000070045669778,clonal,0.0,0.0,0.0,2.260970227544044e-06,0.0,285528.0,3.0,1326864.0,0.0,2.260970227544044e-06,0.0,naive_region_4D,,False
snv_table,GCF_028199785.1,GCF_039760475.1,close_no_recombination,0,0,0.0,1.000021022094221,clonal,0.0,0.0,0.0,5.277566046854231e-06,0.0,285414.0,7.0,1326369.0,0.0,5.277566046854231e-06,0.0,naive_region_4D,,False
snv_table,GCF_028199815.1,GCF_028199885.1,close_no_recombination,0,0,1.0452961672473868e-05,1.0000069803642353,clonal,1.3960728470811607e-05,6.980364235405803e-06,1.0470546353108705e-05,3.756023723045835e-06,3.0,286518.0,5.0,1331195.0,1.0470546353108705e-05,3.756023723045835e-06,1.0470546353108705e-05,naive_region_4D,0.3587228016932155,True
snv_table,GCF_028199815.1,GCF_028200095.1,close_no_recombination,0,0,1.3937282229965156e-05,1.0000139622878603,clonal,6.9811439302444095e-06,2.094343179073323e-05,1.3962287860488819e-05,3.005148570788904e-06,4.0,286486.0,4.0,1331049.0,1.3962287860488819e-05,3.005148570788904e-06,1.3962287860488819e-05,naive_region_4D,0.2152332483627575,True
snv_table,GCF_028199815.1,GCF_028395765.1,close_no_recombination,0,0,6.968641114982578e-06,1.0000279425222318,clonal,6.985630557942313e-06,1.3971261115884625e-05,1.047844583691347e-05,4.5102371106819705e-06,3.0,286302.0,6.0,1330307.0,1.047844583691347e-05,4.5102371106819705e-06,1.047844583691347e-05,naive_region_4D,0.43042996842082315,True
snv_table,GCF_028199815.1,GCF_028395835.1,close_no_recombination,0,0,1.0452961672473868e-05,1.0000104764332634,clonal,6.98428884224936e-06,1.396857768449872e-05,1.047643326337404e-05,1.5031344110306017e-06,3.0,286357.0,2.0,1330553.0,1.047643326337404e-05,1.5031344110306017e-06,1.047643326337404e-05,naive_region_4D,0.14347768684649667,True
snv_table,GCF_028199835.1,GCF_028199855.1,close_no_recombination,0,0,0.0,1.0000315334727814,clonal,0.0,0.0,0.0,7.539499437553342e-07,0.0,285411.0,1.0,1326348.0,0.0,7.539499437553342e-07,0.0,naive_region_4D,,False
snv_table,GCF_028199835.1,GCF_028199875.1,close_no_recombination,0,0,0.0,1.0000280178754044,clonal,0.0,0.0,0.0,2.2609378520939676e-06,0.0,285532.0,3.0,1326883.0,0.0,2.2609378520939676e-06,0.0,naive_region_4D,,False
snv_table,GCF_028199835.1,GCF_028199915.1,close_no_recombination,0,0,3.496503496503497e-06,1.0000280178754044,clonal,0.0,7.004468851127019e-06,3.5022344255635094e-06,0.0,1.0,285532.0,0.0,1326883.0,3.5022344255635094e-06,0.0,3.5022344255635094e-06,naive_region_4D,0.0,False
snv_table,GCF_028199835.1,GCF_028199925.1,close_no_recombination,0,0,3.496503496503497e-06,1.0000280178754044,clonal,7.004468851127019e-06,0.0,3.5022344255635094e-06,0.0,1.0,285532.0,0.0,1326883.0,3.5022344255635094e-06,0.0,3.5022344255635094e-06,naive_region_4D,0.0,False
snv_table,GCF_028199835.1,GCF_028199955.1,close_no_recombination,0,0,3.496503496503497e-06,1.0000140121765817,clonal,0.0,7.0060882907246395e-06,3.5030441453623197e-06,2.2614235812205356e-06,1.0,285466.0,3.0,1326598.0,3.5030441453623197e-06,2.2614235812205356e-06,3.5030441453623197e-06,naive_region_4D,0.6455595440367015,False
snv_table,GCF_028199835.1,GCF_028199975.1,close_no_recombination,0,0,3.496503496503497e-06,1.000021013995321,clonal,7.004665106961236e-06,0.0,3.502332553480618e-06,0.0,1.0,285524.0,0.0,1326832.0,3.502332553480618e-06,0.0,3.502332553480618e-06,naive_region_4D,0.0,False
snv_table,GCF_028199835.1,GCF_028199995.1,close_no_recombination,0,0,3.496503496503497e-06,1.000007006530086,clonal,0.0,7.00653008604019e-06,3.503265043020095e-06,0.0,1.0,285448.0,0.0,1326501.0,3.503265043020095e-06,0.0,3.503265043020095e-06,naive_region_4D,0.0,False
snv_table,GCF_028199835.1,GCF_028200075.1,close_no_recombination,0,0,3.496503496503497e-06,1.0000280178754044,clonal,7.004468851127019e-06,0.0,3.5022344255635094e-06,2.2609378520939676e-06,1.0,285532.0,3.0,1326883.0,3.5022344255635094e-06,2.2609378520939676e-06,3.5022344255635094e-06,naive_region_4D,0.6455701067840948,True
snv_table,GCF_028199835.1,GCF_028200115.1,close_no_recombination,0,0,0.0,1.0000175447830588,clonal,0.0,0.0,0.0,2.2653340461584466e-06,0.0,284985.0,3.0,1324308.0,0.0,2.2653340461584466e-06,0.0,naive_region_4D,,False
snv_table,GCF_028199835.1,GCF_039734225.1,close_no_recombination,0,0,3.496503496503497e-06,1.0000280276913591,clonal,0.0,7.006922839765688e-06,3.503461419882844e-06,7.539033345144485e-07,1.0,285432.0,1.0,1326430.0,3.503461419882844e-06,7.539033345144485e-07,3.503461419882844e-06,naive_region_4D,0.2151881365771281,False
snv_table,GCF_028199835.1,GCF_039760355.1,close_no_recombination,0,0,0.0,1.0000105238417636,clonal,0.0,0.0,0.0,7.548035699189642e-07,0.0,285067.0,1.0,1324848.0,0.0,7.548035699189642e-07,0.0,naive_region_4D,,False
snv_table,GCF_028199835.1,GCF_039760375.1,close_no_recombination,0,0,6.993006993006993e-06,1.0000280178754044,clonal,7.004468851127019e-06,7.004468851127019e-06,7.004468851127019e-06,3.014583802791957e-06,2.0,285532.0,4.0,1326883.0,7.004468851127019e-06,3.014583802791957e-06,7.004468851127019e-06,naive_region_4D,0.43038007118939653,True
snv_table,GCF_028199835.1,GCF_039760395.1,close_no_recombination,0,0,6.993006993006993e-06,1.0000280178754044,clonal,1.4008937702254037e-05,0.0,7.004468851127019e-06,4.521875704187935e-06,2.0,285532.0,6.0,1326883.0,7.004468851127019e-06,4.521875704187935e-06,7.004468851127019e-06,naive_region_4D,0.6455701067840948,True
snv_table,GCF_028199835.1,GCF_039760415.1,close_no_recombination,0,0,0.0,1.0000280178754044,clonal,0.0,0.0,0.0,2.2609378520939676e-06,0.0,285532.0,3.0,1326883.0,0.0,2.2609378520939676e-06,0.0,naive_region_4D,,False
snv_table,GCF_028199835.1,GCF_039760475.1,close_no_recombination,0,0,0.0,1.0000070072665357,clonal,0.0,0.0,0.0,3.7696360341016354e-06,0.0,285418.0,5.0,1326388.0,0.0,3.7696360341016354e-06,0.0,naive_region_4D,,False
snv_table,GCF_028199855.1,GCF_028199875.1,close_no_recombination,0,0,0.0,1.0000315334727814,clonal,0.0,0.0,0.0,3.015799775021337e-06,0.0,285411.0,4.0,1326348.0,0.0,3.015799775021337e-06,0.0,naive_region_4D,,False
snv_table,GCF_028199855.1,GCF_028199915.1,close_no_recombination,0,0,3.496503496503497e-06,1.0000315334727814,clonal,0.0,7.007438395857202e-06,3.503719197928601e-06,7.539499437553342e-07,1.0,285411.0,1.0,1326348.0,3.503719197928601e-06,7.539499437553342e-07,3.503719197928601e-06,naive_region_4D,0.2151856073971537,False
snv_table,GCF_028199855.1,GCF_028199925.1,close_no_recombination,0,0,3.496503496503497e-06,1.0000315334727814,clonal,7.007438395857202e-06,0.0,3.503719197928601e-06,7.539499437553342e-07,1.0,285411.0,1.0,1326348.0,3.503719197928601e-06,7.539499437553342e-07,3.503719197928601e-06,naive_region_4D,0.2151856073971537,True
snv_table,GCF_028199855.1,GCF_028199955.1,close_no_recombination,0,0,3.496503496503497e-06,1.0000175226480226,clonal,0.0,7.0090592090276684e-06,3.5045296045138342e-06,3.0164479364856725e-06,1.0,285345.0,4.0,1326063.0,3.5045296045138342e-06,3.0164479364856725e-06,3.5045296045138342e-06,naive_region_4D,0.8607283364365041,False
snv_table,GCF_028199855.1,GCF_028199975.1,close_no_recombination,0,0,3.496503496503497e-06,1.0000245267218637,clonal,7.0076348181343576e-06,0.0,3.5038174090671788e-06,7.539789353365045e-07,1.0,285403.0,1.0,1326297.0,3.5038174090671788e-06,7.539789353365045e-07,3.5038174090671788e-06,naive_region_4D,0.2151878500818444,True
snv_table,GCF_028199855.1,GCF_028199995.1,close_no_recombination,0,0,3.496503496503497e-06,1.0000315334727814,clonal,7.007438395857202e-06,0.0,3.503719197928601e-06,7.539499437553342e-07,1.0,285411.0,1.0,1326348.0,3.503719197928601e-06,7.539499437553342e-07,3.503719197928601e-06,naive_region_4D,0.2151856073971537,True
snv_table,GCF_028199855.1,GCF_028200035.1,close_no_recombination,0,0,3.496503496503497e-06,1.0000315334727814,clonal,0.0,7.007438395857202e-06,3.503719197928601e-06,7.539499437553342e-07,1.0,285411.0,1.0,1326348.0,3.503719197928601e-06,7.539499437553342e-07,3.503719197928601e-06,naive_region_4D,0.2151856073971537,False
snv_table,GCF_028199855.1,GCF_028200075.1,close_no_recombination,0,0,3.496503496503497e-06,1.0000315334727814,clonal,0.0,7.007438395857202e-06,3.503719197928601e-06,3.015799775021337e-06,1.0,285411.0,4.0,1326348.0,3.503719197928601e-06,3.015799775021337e-06,3.503719197928601e-06,naive_region_4D,0.8607424295886148,False
snv_table,GCF_028199855.1,GCF_028200115.1,close_no_recombination,0,0,0.0,1.0000210626825432,clonal,0.0,0.0,0.0,3.0216661013633e-06,0.0,284864.0,4.0,1323773.0,0.0,3.0216661013633e-06,0.0,naive_region_4D,,False
snv_table,GCF_028199855.1,GCF_039734225.1,close_no_recombination,0,0,3.496503496503497e-06,1.0000315334727814,clonal,7.007438395857202e-06,0.0,3.503719197928601e-06,1.5078998875106684e-06,1.0,285411.0,2.0,1326348.0,3.503719197928601e-06,1.5078998875106684e-06,3.503719197928601e-06,naive_region_4D,0.4303712147943074,True
snv_table,GCF_028199855.1,GCF_039760355.1,close_no_recombination,0,0,0.0,1.000014037747503,clonal,0.0,0.0,0.0,1.5102169955290027e-06,0.0,284946.0,2.0,1324313.0,0.0,1.5102169955290027e-06,0.0,naive_region_4D,,False
snv_table,GCF_028199855.1,GCF_039760375.1,close_no_recombination,0,0,6.993006993006993e-06,1.0000315334727814,clonal,7.007438395857202e-06,7.007438395857202e-06,7.007438395857202e-06,3.769749718776671e-06,2.0,285411.0,5.0,1326348.0,7.007438395857202e-06,3.769749718776671e-06,7.007438395857202e-06,naive_region_4D,0.5379640184928842,True
snv_table,GCF_028199855.1,GCF_039760395.1,close_no_recombination,0,0,6.993006993006993e-06,1.0000315334727814,clonal,7.007438395857202e-06,7.007438395857202e-06,7.007438395857202e-06,5.27764960628734e-06,2.0,285411.0,7.0,1326348.0,7.007438395857202e-06,5.27764960628734e-06,7.007438395857202e-06,naive_region_4D,0.753149625890038,True
snv_table,GCF_028199855.1,GCF_039760415.1,close_no_recombination,0,0,0.0,1.0000315334727814,clonal,0.0,0.0,0.0,3.015799775021337e-06,0.0,285411.0,4.0,1326348.0,0.0,3.015799775021337e-06,0.0,naive_region_4D,,False
snv_table,GCF_028199855.1,GCF_039760475.1,close_no_recombination,0,0,0.0,1.0000070097224851,clonal,0.0,0.0,0.0,4.525064331331244e-06,0.0,285318.0,6.0,1325948.0,0.0,4.525064331331244e-06,0.0,naive_region_4D,,False
snv_table,GCF_028199875.1,GCF_028199915.1,close_no_recombination,0,0,3.496503496503497e-06,1.0000280178754044,clonal,0.0,7.004468851127019e-06,3.5022344255635094e-06,2.2609378520939676e-06,1.0,285532.0,3.0,1326883.0,3.5022344255635094e-06,2.2609378520939676e-06,3.5022344255635094e-06,naive_region_4D,0.6455701067840948,False
snv_table,GCF_028199875.1,GCF_028199925.1,close_no_recombination,0,0,3.496503496503497e-06,1.0000280178754044,clonal,7.004468851127019e-06,0.0,3.5022344255635094e-06,2.2609378520939676e-06,1.0,285532.0,3.0,1326883.0,3.5022344255635094e-06,2.2609378520939676e-06,3.5022344255635094e-06,naive_region_4D,0.6455701067840948,True
snv_table,GCF_028199875.1,GCF_028199955.1,close_no_recombination,0,0,3.496503496503497e-06,1.0000140121765817,clonal,0.0,7.0060882907246395e-06,3.5030441453623197e-06,0.0,1.0,285466.0,0.0,1326598.0,3.5030441453623197e-06,0.0,3.5030441453623197e-06,naive_region_4D,0.0,False
snv_table,GCF_028199875.1,GCF_028199975.1,close_no_recombination,0,0,3.496503496503497e-06,1.000021013995321,clonal,7.004665106961236e-06,0.0,3.502332553480618e-06,2.2610247567137363e-06,1.0,285524.0,3.0,1326832.0,3.502332553480618e-06,2.2610247567137363e-06,3.502332553480618e-06,naive_region_4D,0.6455768326359328,True
snv_table,GCF_028199875.1,GCF_028199995.1,close_no_recombination,0,0,3.496503496503497e-06,1.000007006530086,clonal,0.0,7.00653008604019e-06,3.503265043020095e-06,2.2615889471624972e-06,1.0,285448.0,3.0,1326501.0,3.503265043020095e-06,2.2615889471624972e-06,3.503265043020095e-06,naive_region_4D,0.6455660417896405,False
snv_table,GCF_028199875.1,GCF_028200075.1,close_no_recombination,0,0,3.496503496503497e-06,1.0000280178754044,clonal,0.0,7.004468851127019e-06,3.5022344255635094e-06,0.0,1.0,285532.0,0.0,1326883.0,3.5022344255635094e-06,0.0,3.5022344255635094e-06,naive_region_4D,0.0,False
snv_table,GCF_028199875.1,GCF_028200115.1,close_no_recombination,0,0,0.0,1.0000175447830588,clonal,0.0,0.0,0.0,0.0,0.0,284985.0,0.0,1324308.0,0.0,0.0,0.0,naive_region_4D,,False
snv_table,GCF_028199875.1,GCF_039734225.1,close_no_recombination,0,0,3.496503496503497e-06,1.0000280276913591,clonal,7.006922839765688e-06,0.0,3.503461419882844e-06,1.507806669028897e-06,1.0,285432.0,2.0,1326430.0,3.503461419882844e-06,1.507806669028897e-06,3.503461419882844e-06,naive_region_4D,0.4303762731542562,True
snv_table,GCF_028199875.1,GCF_039760355.1,close_no_recombination,0,0,0.0,1.0000105238417636,clonal,0.0,0.0,0.0,1.5096071398379285e-06,0.0,285067.0,2.0,1324848.0,0.0,1.5096071398379285e-06,0.0,naive_region_4D,,False
snv_table,GCF_028199875.1,GCF_039760375.1,close_no_recombination,0,0,6.993006993006993e-06,1.0000280178754044,clonal,1.4008937702254037e-05,0.0,7.004468851127019e-06,3.768229753489946e-06,2.0,285532.0,5.0,1326883.0,7.004468851127019e-06,3.768229753489946e-06,7.004468851127019e-06,naive_region_4D,0.5379750889867456,True
snv_table,GCF_028199875.1,GCF_039760395.1,close_no_recombination,0,0,6.993006993006993e-06,1.0000280178754044,clonal,7.004468851127019e-06,7.004468851127019e-06,7.004468851127019e-06,5.275521654885924e-06,2.0,285532.0,7.0,1326883.0,7.004468851127019e-06,5.275521654885924e-06,7.004468851127019e-06,naive_region_4D,0.7531651245814439,True
snv_table,GCF_028199875.1,GCF_039760415.1,close_no_recombination,0,0,0.0,1.0000280178754044,clonal,0.0,0.0,0.0,1.5072919013959785e-06,0.0,285532.0,2.0,1326883.0,0.0,1.5072919013959785e-06,0.0,naive_region_4D,,False
snv_table,GCF_028199875.1,GCF_039760475.1,close_no_recombination,0,0,0.0,1.0000070072665357,clonal,0.0,0.0,0.0,4.523563240921962e-06,0.0,285418.0,6.0,1326388.0,0.0,4.523563240921962e-06,0.0,naive_region_4D,,False
snv_table,GCF_028199885.1,GCF_028200095.1,close_no_recombination,0,0,3.484320557491289e-06,1.0000139622878603,clonal,0.0,6.9811439302444095e-06,3.4905719651222048e-06,7.51287142697226e-07,1.0,286486.0,1.0,1331049.0,3.4905719651222048e-06,7.51287142697226e-07,3.4905719651222048e-06,naive_region_4D,0.2152332483627575,False
snv_table,GCF_028199885.1,GCF_028395745.1,close_no_recombination,0,0,1.3937282229965156e-05,1.0,clonal,6.986899563318778e-06,2.096069868995633e-05,1.3973799126637555e-05,7.518412592438883e-06,4.0,286250.0,10.0,1330068.0,1.3973799126637555e-05,7.518412592438883e-06,1.3973799126637555e-05,naive_region_4D,0.5380364011464075,True
snv_table,GCF_028199885.1,GCF_028395765.1,close_no_recombination,0,0,6.968641114982578e-06,1.0000279425222318,clonal,0.0,1.3971261115884625e-05,6.985630557942313e-06,6.0136494809092935e-06,2.0,286302.0,8.0,1330307.0,6.985630557942313e-06,6.0136494809092935e-06,6.985630557942313e-06,naive_region_4D,0.8608599368416463,False
snv_table,GCF_028199885.1,GCF_028395835.1,close_no_recombination,0,0,6.968641114982578e-06,1.0000104764332634,clonal,1.396857768449872e-05,0.0,6.98428884224936e-06,3.0062688220612033e-06,2.0,286357.0,4.0,1330553.0,6.98428884224936e-06,3.0062688220612033e-06,6.98428884224936e-06,naive_region_4D,0.43043306053949,True
snv_table,GCF_028199915.1,GCF_028199925.1,close_no_recombination,0,0,0.0,1.0000280178754044,clonal,0.0,0.0,0.0,0.0,0.0,285532.0,0.0,1326883.0,0.0,0.0,0.0,naive_region_4D,,False
snv_table,GCF_028199915.1,GCF_028199955.1,close_no_recombination,0,0,6.993006993006993e-06,1.0000140121765817,clonal,7.0060882907246395e-06,7.0060882907246395e-06,7.0060882907246395e-06,2.2614235812205356e-06,2.0,285466.0,3.0,1326598.0,7.0060882907246395e-06,2.2614235812205356e-06,7.0060882907246395e-06,naive_region_4D,0.32277977201835073,True
snv_table,GCF_028199915.1,GCF_028199975.1,close_no_recombination,0,0,0.0,1.000021013995321,clonal,0.0,0.0,0.0,0.0,0.0,285524.0,0.0,1326832.0,0.0,0.0,0.0,naive_region_4D,,False
snv_table,GCF_028199915.1,GCF_028199995.1,close_no_recombination,0,0,0.0,1.000007006530086,clonal,0.0,0.0,0.0,0.0,0.0,285448.0,0.0,1326501.0,0.0,0.0,0.0,naive_region_4D,,False
snv_table,GCF_028199915.1,GCF_028200035.1,close_no_recombination,0,0,3.496503496503497e-06,1.0000280178754044,clonal,7.004468851127019e-06,0.0,3.5022344255635094e-06,0.0,1.0,285532.0,0.0,1326883.0,3.5022344255635094e-06,0.0,3.5022344255635094e-06,naive_region_4D,0.0,False
snv_table,GCF_028199915.1,GCF_028200075.1,close_no_recombination,0,0,6.993006993006993e-06,1.0000280178754044,clonal,1.4008937702254037e-05,0.0,7.004468851127019e-06,2.2609378520939676e-06,2.0,285532.0,3.0,1326883.0,7.004468851127019e-06,2.2609378520939676e-06,7.004468851127019e-06,naive_region_4D,0.3227850533920474,True
snv_table,GCF_028199915.1,GCF_028200115.1,close_no_recombination,0,0,3.5087719298245615e-06,1.0000175447830588,clonal,0.0,7.0179132235029914e-06,3.5089566117514957e-06,2.2653340461584466e-06,1.0,284985.0,3.0,1324308.0,3.5089566117514957e-06,2.2653340461584466e-06,3.5089566117514957e-06,naive_region_4D,0.6455862231444649,False
snv_table,GCF_028199915.1,GCF_039734225.1,close_no_recombination,0,0,6.993006993006993e-06,1.0000280276913591,clonal,1.4013845679531377e-05,0.0,7.006922839765688e-06,7.539033345144485e-07,2.0,285432.0,1.0,1326430.0,7.006922839765688e-06,7.539033345144485e-07,7.006922839765688e-06,naive_region_4D,0.10759406828856405,True
snv_table,GCF_028199915.1,GCF_039760355.1,close_no_recombination,0,0,3.496503496503497e-06,1.0000105238417636,clonal,7.015894509010162e-06,0.0,3.507947254505081e-06,7.548035699189642e-07,1.0,285067.0,1.0,1324848.0,3.507947254505081e-06,7.548035699189642e-07,3.507947254505081e-06,naive_region_4D,0.2151695892660894,True
snv_table,GCF_028199915.1,GCF_039760375.1,close_no_recombination,0,0,1.048951048951049e-05,1.0000280178754044,clonal,1.4008937702254037e-05,7.004468851127019e-06,1.050670327669053e-05,3.014583802791957e-06,3.0,285532.0,4.0,1326883.0,1.050670327669053e-05,3.014583802791957e-06,1.050670327669053e-05,naive_region_4D,0.28692004745959765,True
snv_table,GCF_028199915.1,GCF_039760395.1,close_no_recombination,0,0,1.048951048951049e-05,1.0000280178754044,clonal,7.004468851127019e-06,1.4008937702254037e-05,1.050670327669053e-05,4.521875704187935e-06,3.0,285532.0,6.0,1326883.0,1.050670327669053e-05,4.521875704187935e-06,1.050670327669053e-05,naive_region_4D,0.4303800711893965,True
snv_table,GCF_028199915.1,GCF_039760415.1,close_no_recombination,0,0,3.496503496503497e-06,1.0000280178754044,clonal,0.0,7.004468851127019e-06,3.5022344255635094e-06,2.2609378520939676e-06,1.0,285532.0,3.0,1326883.0,3.5022344255635094e-06,2.2609378520939676e-06,3.5022344255635094e-06,naive_region_4D,0.6455701067840948,False
snv_table,GCF_028199915.1,GCF_039760475.1,close_no_recombination,0,0,3.496503496503497e-06,1.0000070072665357,clonal,0.0,7.007266535397207e-06,3.5036332676986034e-06,3.7696360341016354e-06,1.0,285418.0,5.0,1326388.0,3.5036332676986034e-06,3.7696360341016354e-06,3.5036332676986034e-06,naive_region_4D,1.0759219775812205,False
snv_table,GCF_028199925.1,GCF_028199955.1,close_no_recombination,0,0,6.993006993006993e-06,1.0000140121765817,clonal,7.0060882907246395e-06,7.0060882907246395e-06,7.0060882907246395e-06,2.2614235812205356e-06,2.0,285466.0,3.0,1326598.0,7.0060882907246395e-06,2.2614235812205356e-06,7.0060882907246395e-06,naive_region_4D,0.32277977201835073,True
snv_table,GCF_028199925.1,GCF_028199975.1,close_no_recombination,0,0,0.0,1.000021013995321,clonal,0.0,0.0,0.0,0.0,0.0,285524.0,0.0,1326832.0,0.0,0.0,0.0,naive_region_4D,,False
snv_table,GCF_028199925.1,GCF_028199995.1,close_no_recombination,0,0,0.0,1.000007006530086,clonal,0.0,0.0,0.0,0.0,0.0,285448.0,0.0,1326501.0,0.0,0.0,0.0,naive_region_4D,,False
snv_table,GCF_028199925.1,GCF_028200035.1,close_no_recombination,0,0,3.496503496503497e-06,1.0000280178754044,clonal,0.0,7.004468851127019e-06,3.5022344255635094e-06,0.0,1.0,285532.0,0.0,1326883.0,3.5022344255635094e-06,0.0,3.5022344255635094e-06,naive_region_4D,0.0,False
snv_table,GCF_028199925.1,GCF_028200075.1,close_no_recombination,0,0,6.993006993006993e-06,1.0000280178754044,clonal,7.004468851127019e-06,7.004468851127019e-06,7.004468851127019e-06,2.2609378520939676e-06,2.0,285532.0,3.0,1326883.0,7.004468851127019e-06,2.2609378520939676e-06,7.004468851127019e-06,naive_region_4D,0.3227850533920474,True
snv_table,GCF_028199925.1,GCF_028200115.1,close_no_recombination,0,0,3.5087719298245615e-06,1.0000175447830588,clonal,0.0,7.0179132235029914e-06,3.5089566117514957e-06,2.2653340461584466e-06,1.0,284985.0,3.0,1324308.0,3.5089566117514957e-06,2.2653340461584466e-06,3.5089566117514957e-06,naive_region_4D,0.6455862231444649,False
snv_table,GCF_028199925.1,GCF_039734225.1,close_no_recombination,0,0,6.993006993006993e-06,1.0000280276913591,clonal,0.0,1.4013845679531377e-05,7.006922839765688e-06,7.539033345144485e-07,2.0,285432.0,1.0,1326430.0,7.006922839765688e-06,7.539033345144485e-07,7.006922839765688e-06,naive_region_4D,0.10759406828856405,False
snv_table,GCF_028199925.1,GCF_039760355.1,close_no_recombination,0,0,3.496503496503497e-06,1.0000105238417636,clonal,7.015894509010162e-06,0.0,3.507947254505081e-06,7.548035699189642e-07,1.0,285067.0,1.0,1324848.0,3.507947254505081e-06,7.548035699189642e-07,3.507947254505081e-06,naive_region_4D,0.2151695892660894,True
snv_table,GCF_028199925.1,GCF_039760375.1,close_no_recombination,0,0,1.048951048951049e-05,1.0000280178754044,clonal,1.4008937702254037e-05,7.004468851127019e-06,1.050670327669053e-05,3.014583802791957e-06,3.0,285532.0,4.0,1326883.0,1.050670327669053e-05,3.014583802791957e-06,1.050670327669053e-05,naive_region_4D,0.28692004745959765,True
snv_table,GCF_028199925.1,GCF_039760395.1,close_no_recombination,0,0,1.048951048951049e-05,1.0000280178754044,clonal,7.004468851127019e-06,1.4008937702254037e-05,1.050670327669053e-05,4.521875704187935e-06,3.0,285532.0,6.0,1326883.0,1.050670327669053e-05,4.521875704187935e-06,1.050670327669053e-05,naive_region_4D,0.4303800711893965,True
snv_table,GCF_028199925.1,GCF_039760415.1,close_no_recombination,0,0,3.496503496503497e-06,1.0000280178754044,clonal,7.004468851127019e-06,0.0,3.5022344255635094e-06,2.2609378520939676e-06,1.0,285532.0,3.0,1326883.0,3.5022344255635094e-06,2.2609378520939676e-06,3.5022344255635094e-06,naive_region_4D,0.6455701067840948,True
snv_table,GCF_028199925.1,GCF_039760475.1,close_no_recombination,0,0,3.496503496503497e-06,1.0000070072665357,clonal,0.0,7.007266535397207e-06,3.5036332676986034e-06,3.7696360341016354e-06,1.0,285418.0,5.0,1326388.0,3.5036332676986034e-06,3.7696360341016354e-06,3.5036332676986034e-06,naive_region_4D,1.0759219775812205,False
snv_table,GCF_028199955.1,GCF_028199975.1,close_no_recombination,0,0,6.993006993006993e-06,1.0000070062846371,clonal,1.4012569274639351e-05,0.0,7.0062846373196755e-06,2.261510523185383e-06,2.0,285458.0,3.0,1326547.0,7.0062846373196755e-06,2.261510523185383e-06,7.0062846373196755e-06,naive_region_4D,0.32278313546372656,True
snv_table,GCF_028199955.1,GCF_028199995.1,close_no_recombination,0,0,6.993006993006993e-06,1.000028032601916,clonal,0.0,1.401630095801417e-05,7.008150479007085e-06,2.262074956115746e-06,2.0,285382.0,3.0,1326216.0,7.008150479007085e-06,2.262074956115746e-06,7.008150479007085e-06,naive_region_4D,0.3227777375631119,False
snv_table,GCF_028199955.1,GCF_028200035.1,close_no_recombination,0,0,1.048951048951049e-05,1.0000140121765817,clonal,7.0060882907246395e-06,1.4012176581449279e-05,1.050913243608696e-05,2.2614235812205356e-06,3.0,285466.0,3.0,1326598.0,1.050913243608696e-05,2.2614235812205356e-06,1.050913243608696e-05,naive_region_4D,0.2151865146789005,True
snv_table,GCF_028199955.1,GCF_028200075.1,close_no_recombination,0,0,0.0,1.0000140121765817,clonal,0.0,0.0,0.0,0.0,0.0,285466.0,0.0,1326598.0,0.0,0.0,0.0,naive_region_4D,,False
snv_table,GCF_028199955.1,GCF_028200115.1,close_no_recombination,0,0,3.5087719298245615e-06,1.0000035097694433,clonal,0.0,7.0195388864905465e-06,3.5097694432452733e-06,0.0,1.0,284919.0,0.0,1324023.0,3.5097694432452733e-06,0.0,3.5097694432452733e-06,naive_region_4D,0.0,False
snv_table,GCF_028199955.1,GCF_039734225.1,close_no_recombination,0,0,6.993006993006993e-06,1.0000140170868288,clonal,1.4017086828844361e-05,0.0,7.008543414422181e-06,1.5081307096886087e-06,2.0,285366.0,2.0,1326145.0,7.008543414422181e-06,1.5081307096886087e-06,7.008543414422181e-06,naive_region_4D,0.21518461405049974,True
snv_table,GCF_028199955.1,GCF_039760355.1,close_no_recombination,0,0,3.496503496503497e-06,1.0000105238417636,clonal,7.015894509010162e-06,0.0,3.507947254505081e-06,1.5096071398379285e-06,1.0,285067.0,2.0,1324848.0,3.507947254505081e-06,1.5096071398379285e-06,3.507947254505081e-06,naive_region_4D,0.4303391785321788,True
snv_table,GCF_028199955.1,GCF_039760375.1,close_no_recombination,0,0,1.048951048951049e-05,1.0000140121765817,clonal,7.0060882907246395e-06,1.4012176581449279e-05,1.050913243608696e-05,3.769039302034226e-06,3.0,285466.0,5.0,1326598.0,1.050913243608696e-05,3.769039302034226e-06,1.050913243608696e-05,naive_region_4D,0.3586441911315008,True
snv_table,GCF_028199955.1,GCF_039760395.1,close_no_recombination,0,0,1.048951048951049e-05,1.0000140121765817,clonal,2.101826487217392e-05,0.0,1.050913243608696e-05,5.276655022847916e-06,3.0,285466.0,7.0,1326598.0,1.050913243608696e-05,5.276655022847916e-06,1.050913243608696e-05,naive_region_4D,0.502101867584101,True
snv_table,GCF_028199955.1,GCF_039760415.1,close_no_recombination,0,0,3.496503496503497e-06,1.0000140121765817,clonal,7.0060882907246395e-06,0.0,3.5030441453623197e-06,1.5076157208136904e-06,1.0,285466.0,2.0,1326598.0,3.5030441453623197e-06,1.5076157208136904e-06,3.5030441453623197e-06,naive_region_4D,0.430373029357801,True
snv_table,GCF_028199955.1,GCF_039760475.1,close_no_recombination,0,0,3.496503496503497e-06,1.0000070072665357,clonal,0.0,7.007266535397207e-06,3.5036332676986034e-06,4.523563240921962e-06,1.0,285418.0,6.0,1326388.0,3.5036332676986034e-06,4.523563240921962e-06,3.5036332676986034e-06,naive_region_4D,1.2911063730974646,False
snv_table,GCF_028199975.1,GCF_028199995.1,close_no_recombination,0,0,0.0,1.0,clonal,0.0,0.0,0.0,0.0,0.0,285440.0,0.0,1326450.0,0.0,0.0,0.0,naive_region_4D,,False
snv_table,GCF_028199975.1,GCF_028200035.1,close_no_recombination,0,0,3.496503496503497e-06,1.000021013995321,clonal,7.004665106961236e-06,0.0,3.502332553480618e-06,0.0,1.0,285524.0,0.0,1326832.0,3.502332553480618e-06,0.0,3.502332553480618e-06,naive_region_4D,0.0,False
snv_table,GCF_028199975.1,GCF_028200075.1,close_no_recombination,0,0,6.993006993006993e-06,1.000021013995321,clonal,1.4009330213922472e-05,0.0,7.004665106961236e-06,2.2610247567137363e-06,2.0,285524.0,3.0,1326832.0,7.004665106961236e-06,2.2610247567137363e-06,7.004665106961236e-06,naive_region_4D,0.3227884163179664,True
snv_table,GCF_028199975.1,GCF_028200115.1,close_no_recombination,0,0,3.5087719298245615e-06,1.00001052716535,clonal,7.018110233457437e-06,0.0,3.5090551167287183e-06,2.265421289070022e-06,1.0,284977.0,3.0,1324257.0,3.5090551167287183e-06,2.265421289070022e-06,3.5090551167287183e-06,naive_region_4D,0.6455929626953077,True
snv_table,GCF_028199975.1,GCF_039734225.1,close_no_recombination,0,0,6.993006993006993e-06,1.0000210213576994,clonal,0.0,1.4014238466281742e-05,7.007119233140871e-06,7.539323225111375e-07,2.0,285424.0,1.0,1326379.0,7.007119233140871e-06,7.539323225111375e-07,7.007119233140871e-06,naive_region_4D,0.10759518961020946,False
snv_table,GCF_028199975.1,GCF_039760355.1,close_no_recombination,0,0,3.496503496503497e-06,1.0000035080457028,clonal,7.016091405638833e-06,0.0,3.5080457028194164e-06,7.548326271874106e-07,1.0,285059.0,1.0,1324797.0,3.5080457028194164e-06,7.548326271874106e-07,3.5080457028194164e-06,naive_region_4D,0.2151718338734161,True
snv_table,GCF_028199975.1,GCF_039760375.1,close_no_recombination,0,0,1.048951048951049e-05,1.000021013995321,clonal,2.101399532088371e-05,0.0,1.0506997660441855e-05,3.014699675618315e-06,3.0,285524.0,4.0,1326832.0,1.0506997660441855e-05,3.014699675618315e-06,1.0506997660441855e-05,naive_region_4D,0.28692303672708125,True
snv_table,GCF_028199975.1,GCF_039760395.1,close_no_recombination,0,0,1.048951048951049e-05,1.000021013995321,clonal,1.4009330213922472e-05,7.004665106961236e-06,1.0506997660441855e-05,4.5220495134274725e-06,3.0,285524.0,6.0,1326832.0,1.0506997660441855e-05,4.5220495134274725e-06,1.0506997660441855e-05,naive_region_4D,0.4303845550906219,True
snv_table,GCF_028199975.1,GCF_039760415.1,close_no_recombination,0,0,3.496503496503497e-06,1.000021013995321,clonal,0.0,7.004665106961236e-06,3.502332553480618e-06,2.2610247567137363e-06,1.0,285524.0,3.0,1326832.0,3.502332553480618e-06,2.2610247567137363e-06,3.502332553480618e-06,naive_region_4D,0.6455768326359328,False
snv_table,GCF_028199975.1,GCF_039760475.1,close_no_recombination,0,0,3.496503496503497e-06,1.0,clonal,7.007462948039662e-06,0.0,3.503731474019831e-06,3.7697809832644344e-06,1.0,285410.0,5.0,1326337.0,3.503731474019831e-06,3.7697809832644344e-06,3.503731474019831e-06,naive_region_4D,1.075933190433502,True
snv_table,GCF_028199985.1,GCF_028200495.1,close_no_recombination,0,0,3.5087719298245615e-06,1.0000175910778053,clonal,0.0,7.036431122134853e-06,3.5182155610674264e-06,8.324831914075625e-06,1.0,284235.0,11.0,1321348.0,3.5182155610674264e-06,8.324831914075625e-06,3.5182155610674264e-06,naive_region_4D,2.3662085990972854,False
snv_table,GCF_028199985.1,GCF_028200515.1,close_no_recombination,0,0,3.5087719298245615e-06,1.0000281470118428,clonal,7.036752960713808e-06,0.0,3.518376480356904e-06,3.7842035235475847e-06,1.0,284222.0,5.0,1321282.0,3.518376480356904e-06,3.7842035235475847e-06,3.518376480356904e-06,naive_region_4D,1.0755538938697415,True
snv_table,GCF_028199985.1,GCF_028200525.1,close_no_recombination,0,0,3.5087719298245615e-06,1.0000175910778053,clonal,0.0,7.036431122134853e-06,3.5182155610674264e-06,4.5408174076776144e-06,1.0,284235.0,6.0,1321348.0,3.5182155610674264e-06,4.5408174076776144e-06,3.5182155610674264e-06,naive_region_4D,1.2906592358712468,False
snv_table,GCF_028199985.1,GCF_028200555.1,close_no_recombination,0,0,3.5087719298245615e-06,1.0000175910778053,clonal,7.036431122134853e-06,0.0,3.5182155610674264e-06,6.054423210236819e-06,1.0,284235.0,8.0,1321348.0,3.5182155610674264e-06,6.054423210236819e-06,3.5182155610674264e-06,naive_region_4D,1.7208789811616623,True
snv_table,GCF_028199985.1,GCF_028200745.1,close_no_recombination,0,0,3.5087719298245615e-06,1.0000175910778053,clonal,7.036431122134853e-06,0.0,3.5182155610674264e-06,3.784014506398012e-06,1.0,284235.0,5.0,1321348.0,3.5182155610674264e-06,3.784014506398012e-06,3.5182155610674264e-06,naive_region_4D,1.075549363226039,True
snv_table,GCF_028199985.1,GCF_028200835.1,close_no_recombination,0,0,1.0526315789473684e-05,1.0000175910778053,clonal,1.4072862244269706e-05,7.036431122134853e-06,1.055464668320228e-05,6.054423210236819e-06,3.0,284235.0,8.0,1321348.0,1.055464668320228e-05,6.054423210236819e-06,1.055464668320228e-05,naive_region_4D,0.5736263270538874,True
snv_table,GCF_028199985.1,GCF_028200845.1,close_no_recombination,0,0,7.017543859649123e-06,1.0000175929346775,clonal,1.4074347741946835e-05,0.0,7.0371738709734175e-06,6.811849894075734e-06,2.0,284205.0,9.0,1321227.0,7.0371738709734175e-06,6.811849894075734e-06,7.0371738709734175e-06,naive_region_4D,0.9679808995728969,True
snv_table,GCF_028199985.1,GCF_028200895.1,close_no_recombination,0,0,1.056338028169014e-05,1.000028171791585,clonal,7.042947896271463e-06,1.4085895792542926e-05,1.0564421844407195e-05,4.54470742309787e-06,3.0,283972.0,6.0,1320217.0,1.0564421844407195e-05,4.54470742309787e-06,1.0564421844407195e-05,naive_region_4D,0.4301898854506494,True
snv_table,GCF_028199995.1,GCF_028200035.1,close_no_recombination,0,0,3.496503496503497e-06,1.000007006530086,clonal,7.00653008604019e-06,0.0,3.503265043020095e-06,0.0,1.0,285448.0,0.0,1326501.0,3.503265043020095e-06,0.0,3.503265043020095e-06,naive_region_4D,0.0,False
snv_table,GCF_028199995.1,GCF_028200075.1,close_no_recombination,0,0,6.993006993006993e-06,1.000007006530086,clonal,7.00653008604019e-06,7.00653008604019e-06,7.00653008604019e-06,2.2615889471624972e-06,2.0,285448.0,3.0,1326501.0,7.00653008604019e-06,2.2615889471624972e-06,7.00653008604019e-06,naive_region_4D,0.32278302089482025,True
snv_table,GCF_028199995.1,GCF_028200115.1,close_no_recombination,0,0,3.5087719298245615e-06,1.0000315899207093,clonal,0.0,7.019982379844227e-06,3.5099911899221135e-06,2.2659876760483594e-06,1.0,284901.0,3.0,1323926.0,3.5099911899221135e-06,2.2659876760483594e-06,3.5099911899221135e-06,naive_region_4D,0.6455821548938536,False
snv_table,GCF_028199995.1,GCF_039734225.1,close_no_recombination,0,0,6.993006993006993e-06,1.0000280276913591,clonal,0.0,1.4013845679531377e-05,7.006922839765688e-06,7.539033345144485e-07,2.0,285432.0,1.0,1326430.0,7.006922839765688e-06,7.539033345144485e-07,7.006922839765688e-06,naive_region_4D,0.10759406828856405,False
snv_table,GCF_028199995.1,GCF_039760355.1,close_no_recombination,0,0,3.5087719298245615e-06,1.0000245628686624,clonal,0.0,7.017962474954646e-06,3.508981237477323e-06,7.550212689491463e-07,1.0,284983.0,1.0,1324466.0,3.508981237477323e-06,7.550212689491463e-07,3.508981237477323e-06,naive_region_4D,0.21516822628893456,False
snv_table,GCF_028199995.1,GCF_039760375.1,close_no_recombination,0,0,1.048951048951049e-05,1.000007006530086,clonal,1.401306017208038e-05,7.00653008604019e-06,1.0509795129060284e-05,3.0154519295499965e-06,3.0,285448.0,4.0,1326501.0,1.0509795129060284e-05,3.0154519295499965e-06,1.0509795129060284e-05,naive_region_4D,0.2869182407953958,True
snv_table,GCF_028199995.1,GCF_039760395.1,close_no_recombination,0,0,1.048951048951049e-05,1.000007006530086,clonal,7.00653008604019e-06,1.401306017208038e-05,1.0509795129060284e-05,4.5231778943249945e-06,3.0,285448.0,6.0,1326501.0,1.0509795129060284e-05,4.5231778943249945e-06,1.0509795129060284e-05,naive_region_4D,0.43037736119309367,True
snv_table,GCF_028199995.1,GCF_039760415.1,close_no_recombination,0,0,3.496503496503497e-06,1.000007006530086,clonal,0.0,7.00653008604019e-06,3.503265043020095e-06,2.2615889471624972e-06,1.0,285448.0,3.0,1326501.0,3.503265043020095e-06,2.2615889471624972e-06,3.503265043020095e-06,naive_region_4D,0.6455660417896405,False
snv_table,GCF_028199995.1,GCF_039760475.1,close_no_recombination,0,0,3.496503496503497e-06,1.0000175220339578,clonal,0.0,7.008813583080724e-06,3.504406791540362e-06,3.7704518735752404e-06,1.0,285355.0,5.0,1326101.0,3.504406791540362e-06,3.7704518735752404e-06,3.504406791540362e-06,naive_region_4D,1.0759172943840627,False
snv_table,GCF_028200035.1,GCF_028200075.1,close_no_recombination,0,0,1.048951048951049e-05,1.0000280178754044,clonal,1.4008937702254037e-05,7.004468851127019e-06,1.050670327669053e-05,2.2609378520939676e-06,3.0,285532.0,3.0,1326883.0,1.050670327669053e-05,2.2609378520939676e-06,1.050670327669053e-05,naive_region_4D,0.21519003559469824,True
snv_table,GCF_028200035.1,GCF_039734225.1,close_no_recombination,0,0,6.993006993006993e-06,1.0000280276913591,clonal,0.0,1.4013845679531377e-05,7.006922839765688e-06,7.539033345144485e-07,2.0,285432.0,1.0,1326430.0,7.006922839765688e-06,7.539033345144485e-07,7.006922839765688e-06,naive_region_4D,0.10759406828856405,False
snv_table,GCF_028200035.1,GCF_039760375.1,close_no_recombination,0,0,1.3986013986013986e-05,1.0000280178754044,clonal,1.4008937702254037e-05,1.4008937702254037e-05,1.4008937702254037e-05,3.014583802791957e-06,4.0,285532.0,4.0,1326883.0,1.4008937702254037e-05,3.014583802791957e-06,1.4008937702254037e-05,naive_region_4D,0.21519003559469826,True
snv_table,GCF_028200035.1,GCF_039760395.1,close_no_recombination,0,0,1.3986013986013986e-05,1.0000280178754044,clonal,7.004468851127019e-06,2.101340655338106e-05,1.4008937702254037e-05,4.521875704187935e-06,4.0,285532.0,6.0,1326883.0,1.4008937702254037e-05,4.521875704187935e-06,1.4008937702254037e-05,naive_region_4D,0.3227850533920474,True
snv_table,GCF_028200075.1,GCF_028200115.1,close_no_recombination,0,0,3.5087719298245615e-06,1.0000175447830588,clonal,0.0,7.0179132235029914e-06,3.5089566117514957e-06,0.0,1.0,284985.0,0.0,1324308.0,3.5089566117514957e-06,0.0,3.5089566117514957e-06,naive_region_4D,0.0,False
snv_table,GCF_028200075.1,GCF_039734225.1,close_no_recombination,0,0,6.993006993006993e-06,1.0000280276913591,clonal,0.0,1.4013845679531377e-05,7.006922839765688e-06,1.507806669028897e-06,2.0,285432.0,2.0,1326430.0,7.006922839765688e-06,1.507806669028897e-06,7.006922839765688e-06,naive_region_4D,0.2151881365771281,False
snv_table,GCF_028200075.1,GCF_039760355.1,close_no_recombination,0,0,3.496503496503497e-06,1.0000105238417636,clonal,0.0,7.015894509010162e-06,3.507947254505081e-06,1.5096071398379285e-06,1.0,285067.0,2.0,1324848.0,3.507947254505081e-06,1.5096071398379285e-06,3.507947254505081e-06,naive_region_4D,0.4303391785321788,False
snv_table,GCF_028200075.1,GCF_039760375.1,close_no_recombination,0,0,1.048951048951049e-05,1.0000280178754044,clonal,1.4008937702254037e-05,7.004468851127019e-06,1.050670327669053e-05,3.768229753489946e-06,3.0,285532.0,5.0,1326883.0,1.050670327669053e-05,3.768229753489946e-06,1.050670327669053e-05,naive_region_4D,0.35865005932449706,True
snv_table,GCF_028200075.1,GCF_039760395.1,close_no_recombination,0,0,1.048951048951049e-05,1.0000280178754044,clonal,1.4008937702254037e-05,7.004468851127019e-06,1.050670327669053e-05,5.275521654885924e-06,3.0,285532.0,7.0,1326883.0,1.050670327669053e-05,5.275521654885924e-06,1.050670327669053e-05,naive_region_4D,0.5021100830542958,True
snv_table,GCF_028200075.1,GCF_039760415.1,close_no_recombination,0,0,3.496503496503497e-06,1.0000280178754044,clonal,0.0,7.004468851127019e-06,3.5022344255635094e-06,1.5072919013959785e-06,1.0,285532.0,2.0,1326883.0,3.5022344255635094e-06,1.5072919013959785e-06,3.5022344255635094e-06,naive_region_4D,0.43038007118939653,False
snv_table,GCF_028200075.1,GCF_039760475.1,close_no_recombination,0,0,3.496503496503497e-06,1.0000070072665357,clonal,7.007266535397207e-06,0.0,3.5036332676986034e-06,4.523563240921962e-06,1.0,285418.0,6.0,1326388.0,3.5036332676986034e-06,4.523563240921962e-06,3.5036332676986034e-06,naive_region_4D,1.2911063730974646,True
snv_table,GCF_028200095.1,GCF_028395745.1,close_no_recombination,0,0,1.3937282229965156e-05,1.0000314409381976,clonal,2.096062546506388e-05,6.9868751550212925e-06,1.3973750310042585e-05,7.518412592438883e-06,4.0,286251.0,10.0,1330068.0,1.3973750310042585e-05,7.518412592438883e-06,1.3973750310042585e-05,naive_region_4D,0.5380382807495557,True
snv_table,GCF_028200095.1,GCF_028395765.1,close_no_recombination,0,0,6.968641114982578e-06,1.000024449621555,clonal,0.0,1.3971212317020778e-05,6.985606158510389e-06,6.0136494809092935e-06,2.0,286303.0,8.0,1330307.0,6.985606158510389e-06,6.0136494809092935e-06,6.985606158510389e-06,naive_region_4D,0.8608629436663867,False
snv_table,GCF_028200095.1,GCF_028395835.1,close_no_recombination,0,0,6.968641114982578e-06,1.000006984264452,clonal,0.0,1.3968528904378435e-05,6.984264452189217e-06,3.0062688220612033e-06,2.0,286358.0,4.0,1330553.0,6.984264452189217e-06,3.0062688220612033e-06,6.984264452189217e-06,naive_region_4D,0.43043456367390104,False
snv_table,GCF_028200115.1,GCF_039734225.1,close_no_recombination,0,0,3.5087719298245615e-06,1.000017550941608,clonal,0.0,7.020376643206908e-06,3.510188321603454e-06,1.5107394692016876e-06,1.0,284885.0,2.0,1323855.0,3.510188321603454e-06,1.5107394692016876e-06,3.510188321603454e-06,naive_region_4D,0.4303870136835228,False
snv_table,GCF_028200115.1,GCF_039760355.1,close_no_recombination,0,0,0.0,1.0,clonal,0.0,0.0,0.0,1.5125469551295383e-06,0.0,284520.0,2.0,1322273.0,0.0,1.5125469551295383e-06,0.0,naive_region_4D,,False
snv_table,GCF_028200115.1,GCF_039760375.1,close_no_recombination,0,0,7.017543859649123e-06,1.0000175447830588,clonal,7.0179132235029914e-06,7.0179132235029914e-06,7.0179132235029914e-06,3.775556743597411e-06,2.0,284985.0,5.0,1324308.0,7.0179132235029914e-06,3.775556743597411e-06,7.0179132235029914e-06,naive_region_4D,0.537988519287054,True
snv_table,GCF_028200115.1,GCF_039760395.1,close_no_recombination,0,0,7.017543859649123e-06,1.0000175447830588,clonal,0.0,1.4035826447005983e-05,7.0179132235029914e-06,5.2857794410363755e-06,2.0,284985.0,7.0,1324308.0,7.0179132235029914e-06,5.2857794410363755e-06,7.0179132235029914e-06,naive_region_4D,0.7531839270018758,False
snv_table,GCF_028200115.1,GCF_039760415.1,close_no_recombination,0,0,0.0,1.0000175447830588,clonal,0.0,0.0,0.0,1.5102226974389643e-06,0.0,284985.0,2.0,1324308.0,0.0,1.5102226974389643e-06,0.0,naive_region_4D,,False
snv_table,GCF_028200115.1,GCF_039760475.1,close_no_recombination,0,0,0.0,1.00003159324747,clonal,0.0,0.0,0.0,4.532362199192786e-06,0.0,284871.0,6.0,1323813.0,0.0,4.532362199192786e-06,0.0,naive_region_4D,,False
snv_table,GCF_028200195.1,GCF_028200215.1,close_no_recombination,0,0,2.7874564459930312e-05,1.0000174553579222,clonal,2.094642950653703e-05,3.4910715844228386e-05,2.792857267538271e-05,1.5023293616752775e-05,8.0,286445.0,20.0,1331266.0,2.792857267538271e-05,1.5023293616752775e-05,2.792857267538271e-05,naive_region_4D,0.5379184175063436,True
snv_table,GCF_028200195.1,GCF_028200225.1,close_no_recombination,0,0,1.0452961672473868e-05,1.0000244368186055,clonal,1.3963896345997424e-05,6.981948172998712e-06,1.0472922259498067e-05,7.51142675795554e-07,3.0,286453.0,1.0,1331305.0,1.0472922259498067e-05,7.51142675795554e-07,1.0472922259498067e-05,naive_region_4D,0.07172235763655462,True
snv_table,GCF_028200195.1,GCF_028200255.1,close_no_recombination,0,0,1.0452961672473868e-05,1.0000244368186055,clonal,0.0,2.0945844518996134e-05,1.0472922259498067e-05,7.51142675795554e-07,3.0,286453.0,1.0,1331305.0,1.0472922259498067e-05,7.51142675795554e-07,1.0472922259498067e-05,naive_region_4D,0.07172235763655462,False
snv_table,GCF_028200215.1,GCF_028200225.1,close_no_recombination,0,0,1.7421602787456446e-05,1.0000034910228348,clonal,1.3964091339121449e-05,2.0946137008682173e-05,1.745511417390181e-05,1.4271550040561247e-05,5.0,286449.0,19.0,1331320.0,1.745511417390181e-05,1.4271550040561247e-05,1.745511417390181e-05,naive_region_4D,0.8176142475137458,True
snv_table,GCF_028200215.1,GCF_028200255.1,close_no_recombination,0,0,1.7421602787456446e-05,1.0000034910228348,clonal,2.7928182678242898e-05,6.9820456695607246e-06,1.745511417390181e-05,1.4271550040561247e-05,5.0,286449.0,19.0,1331320.0,1.745511417390181e-05,1.4271550040561247e-05,1.745511417390181e-05,naive_region_4D,0.8176142475137458,True
snv_table,GCF_028200225.1,GCF_028200255.1,close_no_recombination,0,0,0.0,1.0000104727760188,clonal,0.0,0.0,0.0,0.0,0.0,286457.0,0.0,1331359.0,0.0,0.0,0.0,naive_region_4D,,False
snv_table,GCF_028200275.1,GCF_028200355.1,close_no_recombination,0,0,0.0,1.00002795130882,clonal,0.0,0.0,0.0,0.0,0.0,286212.0,0.0,1329756.0,0.0,0.0,0.0,naive_region_4D,,False
snv_table,GCF_028200275.1,GCF_028200765.1,close_no_recombination,0,0,6.968641114982578e-06,1.0000244581643098,clonal,0.0,1.3976093891398762e-05,6.988046945699381e-06,6.016372052447723e-06,2.0,286203.0,8.0,1329705.0,6.988046945699381e-06,6.016372052447723e-06,6.988046945699381e-06,naive_region_4D,0.8609518652633479,False
snv_table,GCF_028200275.1,GCF_028200975.1,close_no_recombination,0,0,6.968641114982578e-06,1.000020964067588,clonal,0.0,1.397604505876927e-05,6.988022529384635e-06,6.016349429574869e-06,2.0,286204.0,8.0,1329710.0,6.988022529384635e-06,6.016349429574869e-06,6.988022529384635e-06,naive_region_4D,0.860951636071023,False
snv_table,GCF_028200275.1,GCF_028394965.1,close_no_recombination,0,0,6.968641114982578e-06,1.0000314519257316,clonal,1.3978633658453054e-05,0.0,6.989316829226527e-06,7.521624670928921e-07,2.0,286151.0,1.0,1329500.0,6.989316829226527e-06,7.521624670928921e-07,6.989316829226527e-06,naive_region_4D,0.10761602106054909,True
snv_table,GCF_028200275.1,GCF_028394975.1,close_no_recombination,0,0,1.3937282229965156e-05,1.0000279581466545,clonal,2.0968609990843708e-05,6.989536663614569e-06,1.3979073327229139e-05,6.769808459552651e-06,4.0,286142.0,9.0,1329432.0,1.3979073327229139e-05,6.769808459552651e-06,1.3979073327229139e-05,naive_region_4D,0.48428163305832866,True
snv_table,GCF_028200275.1,GCF_028395025.1,close_no_recombination,0,0,6.968641114982578e-06,1.000020964067588,clonal,6.988022529384635e-06,6.988022529384635e-06,6.988022529384635e-06,5.264305750878011e-06,2.0,286204.0,7.0,1329710.0,6.988022529384635e-06,5.264305750878011e-06,6.988022529384635e-06,naive_region_4D,0.7533326815621452,True
snv_table,GCF_028200275.1,GCF_028395045.1,close_no_recombination,0,0,6.968641114982578e-06,1.0000314519257316,clonal,1.3978633658453054e-05,0.0,6.989316829226527e-06,7.521624670928921e-07,2.0,286151.0,1.0,1329500.0,6.989316829226527e-06,7.521624670928921e-07,6.989316829226527e-06,naive_region_4D,0.10761602106054909,True
snv_table,GCF_028200295.1,GCF_028395935.1,close_no_recombination,0,0,0.0,1.000021129438943,clonal,0.0,0.0,0.0,0.0,0.0,283964.0,0.0,1319653.0,0.0,0.0,0.0,naive_region_4D,,False
snv_table,GCF_028200325.1,GCF_028395935.1,close_no_recombination,0,0,0.0,1.0000140861934177,clonal,0.0,0.0,0.0,0.0,0.0,283966.0,0.0,1319668.0,0.0,0.0,0.0,naive_region_4D,,False
snv_table,GCF_028200355.1,GCF_028200765.1,close_no_recombination,0,0,1.0452961672473868e-05,1.0000209626027168,clonal,6.987534238917771e-06,1.3975068477835541e-05,1.0481301358376657e-05,6.767919759543331e-06,3.0,286224.0,9.0,1329803.0,1.0481301358376657e-05,6.767919759543331e-06,1.0481301358376657e-05,naive_region_4D,0.6457136884185101,True
snv_table,GCF_028200355.1,GCF_028200975.1,close_no_recombination,0,0,6.968641114982578e-06,1.0000139754590938,clonal,6.987729546915616e-06,6.987729546915616e-06,6.987729546915616e-06,6.016055347709199e-06,2.0,286216.0,8.0,1329775.0,6.987729546915616e-06,6.016055347709199e-06,6.987729546915616e-06,naive_region_4D,0.8609456486999681,True
snv_table,GCF_028200355.1,GCF_028394965.1,close_no_recombination,0,0,6.968641114982578e-06,1.0000244615830838,clonal,0.0,1.3978047476438255e-05,6.989023738219127e-06,7.521256952461895e-07,2.0,286163.0,1.0,1329565.0,6.989023738219127e-06,7.521256952461895e-07,6.989023738219127e-06,naive_region_4D,0.10761527266436766,False
snv_table,GCF_028200355.1,GCF_028394975.1,close_no_recombination,0,0,1.3937282229965156e-05,1.0000244615830838,clonal,1.3978047476438255e-05,1.3978047476438255e-05,1.3978047476438255e-05,7.521454950245575e-06,4.0,286163.0,10.0,1329530.0,1.3978047476438255e-05,7.521454950245575e-06,1.3978047476438255e-05,naive_region_4D,0.5380905282317812,True
snv_table,GCF_028200355.1,GCF_028395025.1,close_no_recombination,0,0,6.968641114982578e-06,1.0000139754590938,clonal,0.0,1.3975459093831232e-05,6.987729546915616e-06,5.264048429245549e-06,2.0,286216.0,7.0,1329775.0,6.987729546915616e-06,5.264048429245549e-06,6.987729546915616e-06,naive_region_4D,0.7533274426124721,False
snv_table,GCF_028200355.1,GCF_028395045.1,close_no_recombination,0,0,6.968641114982578e-06,1.0000244615830838,clonal,6.989023738219127e-06,6.989023738219127e-06,6.989023738219127e-06,7.521256952461895e-07,2.0,286163.0,1.0,1329565.0,6.989023738219127e-06,7.521256952461895e-07,6.989023738219127e-06,naive_region_4D,0.10761527266436766,True
snv_table,GCF_028200475.1,GCF_028200575.1,close_no_recombination,0,0,1.0526315789473684e-05,1.0,clonal,7.04002252807209e-06,2.816009011228836e-05,1.7600056320180223e-05,6.814707349964753e-06,5.0,284090.0,9.0,1320673.0,1.7600056320180223e-05,6.814707349964753e-06,1.7600056320180223e-05,naive_region_4D,0.38719804221029736,True
snv_table,GCF_028200475.1,GCF_028200895.1,close_no_recombination,0,0,7.042253521126761e-06,1.0000070425510936,clonal,1.408510218741637e-05,0.0,7.042551093708185e-06,1.5148703460342588e-06,2.0,283988.0,2.0,1320245.0,7.042551093708185e-06,1.5148703460342588e-06,7.042551093708185e-06,naive_region_4D,0.21510249991478853,True
snv_table,GCF_028200495.1,GCF_028200515.1,close_no_recombination,0,0,0.0,1.0000105534585442,clonal,0.0,0.0,0.0,7.567450578872132e-06,0.0,284267.0,10.0,1321449.0,0.0,7.567450578872132e-06,0.0,naive_region_4D,,False
snv_table,GCF_028200495.1,GCF_028200525.1,close_no_recombination,0,0,0.0,1.0000246224845497,clonal,0.0,0.0,0.0,6.8101643973685525e-06,0.0,284293.0,9.0,1321554.0,0.0,6.8101643973685525e-06,0.0,naive_region_4D,,False
snv_table,GCF_028200495.1,GCF_028200555.1,close_no_recombination,0,0,0.0,1.0000246224845497,clonal,0.0,0.0,0.0,6.8101643973685525e-06,0.0,284293.0,9.0,1321554.0,0.0,6.8101643973685525e-06,0.0,naive_region_4D,,False
snv_table,GCF_028200495.1,GCF_028200745.1,close_no_recombination,0,0,0.0,1.000014070832571,clonal,0.0,0.0,0.0,6.05370850182822e-06,0.0,284276.0,8.0,1321504.0,0.0,6.05370850182822e-06,0.0,naive_region_4D,,False
snv_table,GCF_028200495.1,GCF_028200835.1,close_no_recombination,0,0,7.017543859649123e-06,1.0000246224845497,clonal,1.406999117108054e-05,0.0,7.03499558554027e-06,6.8101643973685525e-06,2.0,284293.0,9.0,1321554.0,7.03499558554027e-06,6.8101643973685525e-06,7.03499558554027e-06,naive_region_4D,0.9680410335105489,True
snv_table,GCF_028200495.1,GCF_028200845.1,close_no_recombination,0,0,3.5087719298245615e-06,1.0000246250831095,clonal,7.035738031330141e-06,0.0,3.5178690156650705e-06,7.567542206074768e-06,1.0,284263.0,10.0,1321433.0,3.5178690156650705e-06,7.567542206074768e-06,3.5178690156650705e-06,naive_region_4D,2.1511722501254322,True
snv_table,GCF_028200495.1,GCF_028200895.1,close_no_recombination,0,0,7.017543859649123e-06,1.0000281688157129,clonal,1.4084407856282702e-05,0.0,7.042203928141351e-06,5.301801249104374e-06,2.0,284002.0,7.0,1320306.0,7.042203928141351e-06,5.301801249104374e-06,7.042203928141351e-06,naive_region_4D,0.7528610791740703,True
snv_table,GCF_028200515.1,GCF_028200525.1,close_no_recombination,0,0,0.0,1.0000105534585442,clonal,0.0,0.0,0.0,3.783725289436066e-06,0.0,284267.0,5.0,1321449.0,0.0,3.783725289436066e-06,0.0,naive_region_4D,,False
snv_table,GCF_028200515.1,GCF_028200555.1,close_no_recombination,0,0,0.0,1.0000105534585442,clonal,0.0,0.0,0.0,5.2972154052104925e-06,0.0,284267.0,7.0,1321449.0,0.0,5.2972154052104925e-06,0.0,naive_region_4D,,False
snv_table,GCF_028200515.1,GCF_028200745.1,close_no_recombination,0,0,0.0,1.0,clonal,0.0,0.0,0.0,3.0270947684991437e-06,0.0,284250.0,4.0,1321399.0,0.0,3.0270947684991437e-06,0.0,naive_region_4D,,False
snv_table,GCF_028200515.1,GCF_028200835.1,close_no_recombination,0,0,7.017543859649123e-06,1.0000105534585442,clonal,7.0356390295039525e-06,7.0356390295039525e-06,7.0356390295039525e-06,5.2972154052104925e-06,2.0,284267.0,7.0,1321449.0,7.0356390295039525e-06,5.2972154052104925e-06,7.0356390295039525e-06,naive_region_4D,0.7529117657964856,True
snv_table,GCF_028200515.1,GCF_028200845.1,close_no_recombination,0,0,3.5087719298245615e-06,1.0000105545724167,clonal,0.0,7.036381611120298e-06,3.518190805560149e-06,6.0545148517249314e-06,1.0,284237.0,8.0,1321328.0,3.518190805560149e-06,6.0545148517249314e-06,3.518190805560149e-06,naive_region_4D,1.7209171379097392,False
snv_table,GCF_028200515.1,GCF_028200895.1,close_no_recombination,0,0,7.042253521126761e-06,1.000014085697383,clonal,1.4085697382877427e-05,0.0,7.042848691438713e-06,3.78730208506129e-06,2.0,283976.0,5.0,1320201.0,7.042848691438713e-06,3.78730208506129e-06,7.042848691438713e-06,naive_region_4D,0.5377514484536824,True
snv_table,GCF_028200525.1,GCF_028200555.1,close_no_recombination,0,0,0.0,1.0000246224845497,clonal,0.0,0.0,0.0,4.540109598245702e-06,0.0,284293.0,6.0,1321554.0,0.0,4.540109598245702e-06,0.0,naive_region_4D,,False
snv_table,GCF_028200525.1,GCF_028200745.1,close_no_recombination,0,0,0.0,1.000014070832571,clonal,0.0,0.0,0.0,2.2701406881855827e-06,0.0,284276.0,3.0,1321504.0,0.0,2.2701406881855827e-06,0.0,naive_region_4D,,False
snv_table,GCF_028200525.1,GCF_028200835.1,close_no_recombination,0,0,7.017543859649123e-06,1.0000246224845497,clonal,7.03499558554027e-06,7.03499558554027e-06,7.03499558554027e-06,4.540109598245702e-06,2.0,284293.0,6.0,1321554.0,7.03499558554027e-06,4.540109598245702e-06,7.03499558554027e-06,naive_region_4D,0.6453606890070327,True
snv_table,GCF_028200525.1,GCF_028200845.1,close_no_recombination,0,0,3.5087719298245615e-06,1.0000246250831095,clonal,0.0,7.035738031330141e-06,3.5178690156650705e-06,5.297279544252338e-06,1.0,284263.0,7.0,1321433.0,3.5178690156650705e-06,5.297279544252338e-06,3.5178690156650705e-06,naive_region_4D,1.5058205750878024,False
snv_table,GCF_028200525.1,GCF_028200895.1,close_no_recombination,0,0,7.017543859649123e-06,1.0000281688157129,clonal,1.4084407856282702e-05,0.0,7.042203928141351e-06,3.029600713773928e-06,2.0,284002.0,4.0,1320306.0,7.042203928141351e-06,3.029600713773928e-06,7.042203928141351e-06,naive_region_4D,0.4302063309566116,True
snv_table,GCF_028200555.1,GCF_028200745.1,close_no_recombination,0,0,0.0,1.000014070832571,clonal,0.0,0.0,0.0,3.7835678136426376e-06,0.0,284276.0,5.0,1321504.0,0.0,3.7835678136426376e-06,0.0,naive_region_4D,,False
snv_table,GCF_028200555.1,GCF_028200835.1,close_no_recombination,0,0,7.017543859649123e-06,1.0000246224845497,clonal,7.03499558554027e-06,7.03499558554027e-06,7.03499558554027e-06,4.540109598245702e-06,2.0,284293.0,6.0,1321554.0,7.03499558554027e-06,4.540109598245702e-06,7.03499558554027e-06,naive_region_4D,0.6453606890070327,True
snv_table,GCF_028200555.1,GCF_028200845.1,close_no_recombination,0,0,3.5087719298245615e-06,1.0000246250831095,clonal,7.035738031330141e-06,0.0,3.5178690156650705e-06,5.297279544252338e-06,1.0,284263.0,7.0,1321433.0,3.5178690156650705e-06,5.297279544252338e-06,3.5178690156650705e-06,naive_region_4D,1.5058205750878024,True
snv_table,GCF_028200555.1,GCF_028200895.1,close_no_recombination,0,0,7.017543859649123e-06,1.0000281688157129,clonal,1.4084407856282702e-05,0.0,7.042203928141351e-06,3.029600713773928e-06,2.0,284002.0,4.0,1320306.0,7.042203928141351e-06,3.029600713773928e-06,7.042203928141351e-06,naive_region_4D,0.4302063309566116,True
snv_table,GCF_028200575.1,GCF_028200895.1,close_no_recombination,0,0,1.056338028169014e-05,1.000010563491868,clonal,1.4084655823829125e-05,7.042327911914562e-06,1.0563491867871843e-05,4.54447335234438e-06,3.0,283997.0,6.0,1320285.0,1.0563491867871843e-05,4.54447335234438e-06,1.0563491867871843e-05,naive_region_4D,0.43020559954858234,True
snv_table,GCF_028200745.1,GCF_028200835.1,close_no_recombination,0,0,7.017543859649123e-06,1.000014070832571,clonal,1.4070832571163236e-05,0.0,7.035416285581618e-06,3.7835678136426376e-06,2.0,284276.0,5.0,1321504.0,7.035416285581618e-06,3.7835678136426376e-06,7.035416285581618e-06,naive_region_4D,0.5377887618955373,True
snv_table,GCF_028200745.1,GCF_028200845.1,close_no_recombination,0,0,3.5087719298245615e-06,1.0000140723176405,clonal,0.0,7.036158820176889e-06,3.5180794100884445e-06,4.540697133230865e-06,1.0,284246.0,6.0,1321383.0,3.5180794100884445e-06,4.540697133230865e-06,3.5180794100884445e-06,naive_region_4D,1.2906749973323404,False
snv_table,GCF_028200745.1,GCF_028200895.1,close_no_recombination,0,0,7.042253521126761e-06,1.000017606563727,clonal,7.042625490782964e-06,7.042625490782964e-06,7.042625490782964e-06,2.2722865868437635e-06,2.0,283985.0,3.0,1320256.0,7.042625490782964e-06,2.2722865868437635e-06,7.042625490782964e-06,naive_region_4D,0.32264765318241306,True
snv_table,GCF_028200765.1,GCF_028200975.1,close_no_recombination,0,0,0.0,1.0000104815576991,clonal,0.0,0.0,0.0,7.519882569513795e-07,0.0,286217.0,1.0,1329808.0,0.0,7.519882569513795e-07,0.0,naive_region_4D,,False
snv_table,GCF_028200765.1,GCF_028394965.1,close_no_recombination,0,0,3.484320557491289e-06,1.000003494438601,clonal,6.988877201933124e-06,0.0,3.494438600966562e-06,6.769024342915765e-06,1.0,286169.0,9.0,1329586.0,3.494438600966562e-06,6.769024342915765e-06,3.494438600966562e-06,naive_region_4D,1.9370849271878614,True
snv_table,GCF_028200765.1,GCF_028394975.1,close_no_recombination,0,0,1.3937282229965156e-05,1.0000034943164942,clonal,1.397726597688859e-05,1.397726597688859e-05,1.397726597688859e-05,3.00834439526637e-06,4.0,286179.0,4.0,1329635.0,1.397726597688859e-05,3.00834439526637e-06,1.397726597688859e-05,naive_region_4D,0.21523124767323365,True
snv_table,GCF_028200765.1,GCF_028395025.1,close_no_recombination,0,0,0.0,1.000027949355767,clonal,0.0,0.0,0.0,2.2558426324179626e-06,0.0,286232.0,3.0,1329880.0,0.0,2.2558426324179626e-06,0.0,naive_region_4D,,False
snv_table,GCF_028200765.1,GCF_028395045.1,close_no_recombination,0,0,3.484320557491289e-06,1.000003494438601,clonal,0.0,6.988877201933124e-06,3.494438600966562e-06,6.769024342915765e-06,1.0,286169.0,9.0,1329586.0,3.494438600966562e-06,6.769024342915765e-06,3.494438600966562e-06,naive_region_4D,1.9370849271878614,False
snv_table,GCF_028200835.1,GCF_028200845.1,close_no_recombination,0,0,3.5087719298245615e-06,1.0000246250831095,clonal,0.0,7.035738031330141e-06,3.5178690156650705e-06,5.297279544252338e-06,1.0,284263.0,7.0,1321433.0,3.5178690156650705e-06,5.297279544252338e-06,3.5178690156650705e-06,naive_region_4D,1.5058205750878024,False
snv_table,GCF_028200835.1,GCF_028200895.1,close_no_recombination,0,0,1.0526315789473684e-05,1.0000281688157129,clonal,0.0,2.1126611784424055e-05,1.0563305892212028e-05,3.029600713773928e-06,3.0,284002.0,4.0,1320306.0,1.0563305892212028e-05,3.029600713773928e-06,1.0563305892212028e-05,naive_region_4D,0.286804220637741,False
snv_table,GCF_028200845.1,GCF_028200895.1,close_no_recombination,0,0,7.042253521126761e-06,1.000028171791585,clonal,7.042947896271463e-06,7.042947896271463e-06,7.042947896271463e-06,3.787347985320239e-06,2.0,283972.0,5.0,1320185.0,7.042947896271463e-06,3.787347985320239e-06,7.042947896271463e-06,naive_region_4D,0.5377503910436795,True
snv_table,GCF_028200875.1,GCF_028200955.1,close_no_recombination,0,0,3.5087719298245615e-06,1.0000070348718595,clonal,0.0,7.034871859809074e-06,3.517435929904537e-06,3.784959781017367e-06,1.0,284298.0,5.0,1321018.0,3.517435929904537e-06,3.784959781017367e-06,3.517435929904537e-06,naive_region_4D,1.0760564958236754,False
snv_table,GCF_028200875.1,GCF_028201015.1,close_no_recombination,0,0,3.5087719298245615e-06,1.000010550860423,clonal,0.0,7.033906948444979e-06,3.5169534742224897e-06,1.5137707727194286e-06,1.0,284337.0,2.0,1321204.0,3.5169534742224897e-06,1.5137707727194286e-06,3.5169534742224897e-06,naive_region_4D,0.43042104020272415,False
snv_table,GCF_028200875.1,GCF_028395295.1,close_no_recombination,0,0,3.5087719298245615e-06,1.0000070363568558,clonal,7.036356855874302e-06,0.0,3.518178427937151e-06,2.2713902498302135e-06,1.0,284238.0,3.0,1320777.0,3.518178427937151e-06,2.2713902498302135e-06,3.518178427937151e-06,naive_region_4D,0.6456154218312402,True
snv_table,GCF_028200875.1,GCF_028395405.1,close_no_recombination,0,0,3.5087719298245615e-06,1.0000246276822184,clonal,0.0,7.036480633846176e-06,3.518240316923088e-06,5.300199514653158e-06,1.0,284233.0,7.0,1320705.0,3.518240316923088e-06,5.300199514653158e-06,3.518240316923088e-06,naive_region_4D,1.5064916086484113,False
snv_table,GCF_028200875.1,GCF_028395425.1,close_no_recombination,0,0,3.5087719298245615e-06,1.000024632015286,clonal,7.037718653121405e-06,0.0,3.5188593265607023e-06,0.0,1.0,284183.0,0.0,1320527.0,3.5188593265607023e-06,0.0,3.5188593265607023e-06,naive_region_4D,0.0,False
snv_table,GCF_028200875.1,GCF_028395455.1,close_no_recombination,0,0,3.5087719298245615e-06,1.0000070373472016,clonal,0.0,7.037347201598885e-06,3.5186736007994426e-06,5.300677123640565e-06,1.0,284198.0,7.0,1320586.0,3.5186736007994426e-06,5.300677123640565e-06,3.5186736007994426e-06,naive_region_4D,1.5064418371844013,False
snv_table,GCF_028200875.1,GCF_028395505.1,close_no_recombination,0,0,3.5087719298245615e-06,1.0000105542010995,clonal,0.0,7.0361340664985034e-06,3.5180670332492517e-06,0.0,1.0,284247.0,0.0,1320797.0,3.5180670332492517e-06,0.0,3.5180670332492517e-06,naive_region_4D,0.0,False
snv_table,GCF_028200875.1,GCF_028395525.1,close_no_recombination,0,0,3.5087719298245615e-06,1.0000070366044165,clonal,7.0366044161729315e-06,0.0,3.5183022080864658e-06,0.0,1.0,284228.0,0.0,1320741.0,3.5183022080864658e-06,0.0,3.5183022080864658e-06,naive_region_4D,0.0,False
snv_table,GCF_028200875.1,GCF_028395605.1,close_no_recombination,0,0,7.017543859649123e-06,1.0000175923156764,clonal,7.036926270604999e-06,7.036926270604999e-06,7.036926270604999e-06,1.514372531099533e-06,2.0,284215.0,2.0,1320679.0,7.036926270604999e-06,1.514372531099533e-06,7.036926270604999e-06,naive_region_4D,0.2152036944632269,True
snv_table,GCF_028200875.1,GCF_028395635.1,close_no_recombination,0,0,3.5087719298245615e-06,1.000017593553722,clonal,0.0,7.037421488766516e-06,3.518710744383258e-06,3.0289996425780423e-06,1.0,284195.0,4.0,1320568.0,3.518710744383258e-06,3.0289996425780423e-06,3.518710744383258e-06,naive_region_4D,0.8608265534224667,False
snv_table,GCF_028200935.1,GCF_028201045.1,close_no_recombination,0,0,6.968641114982578e-06,1.000013961313201,clonal,1.3961313201119698e-05,0.0,6.980656600559849e-06,2.252666594080743e-06,2.0,286506.0,3.0,1331755.0,6.980656600559849e-06,2.252666594080743e-06,6.980656600559849e-06,naive_region_4D,0.3227012476018487,True
snv_table,GCF_028200935.1,GCF_028201315.1,close_no_recombination,0,0,7.665505226480836e-05,1.0000174535299764,clonal,6.283270791517584e-05,9.075835587747622e-05,7.679553189632603e-05,4.656080841579102e-05,22.0,286475.0,62.0,1331592.0,7.679553189632603e-05,4.656080841579102e-05,7.679553189632603e-05,naive_region_4D,0.6062957995869879,True
snv_table,GCF_028200935.1,GCF_028395215.1,close_no_recombination,0,0,6.968641114982578e-06,1.0000174547485643,clonal,0.0,1.3963798851477544e-05,6.981899425738772e-06,4.50606065157637e-06,2.0,286455.0,6.0,1331540.0,6.981899425738772e-06,4.50606065157637e-06,6.981899425738772e-06,naive_region_4D,0.6453918019736545,False
snv_table,GCF_028200935.1,GCF_028395235.1,close_no_recombination,0,0,2.0905923344947736e-05,1.0000279366675746,clonal,4.190500136191254e-05,2.095250068095627e-05,3.1428751021434405e-05,9.014842938898897e-06,9.0,286362.0,12.0,1331138.0,3.1428751021434405e-05,9.014842938898897e-06,3.1428751021434405e-05,naive_region_4D,0.28683427262988515,True
snv_table,GCF_028200935.1,GCF_028395285.1,close_no_recombination,0,0,0.0,1.0000104713138358,clonal,0.0,0.0,0.0,1.5018171988105609e-06,0.0,286497.0,2.0,1331720.0,0.0,1.5018171988105609e-06,0.0,naive_region_4D,,False
snv_table,GCF_028200955.1,GCF_028201015.1,close_no_recombination,0,0,0.0,1.000010552344907,clonal,0.0,0.0,0.0,3.784974106992134e-06,0.0,284297.0,5.0,1321013.0,0.0,3.784974106992134e-06,0.0,naive_region_4D,,False
snv_table,GCF_028200955.1,GCF_028395295.1,close_no_recombination,0,0,0.0,1.0000070373472016,clonal,0.0,0.0,0.0,4.5434375345490565e-06,0.0,284198.0,6.0,1320586.0,0.0,4.5434375345490565e-06,0.0,naive_region_4D,,False
snv_table,GCF_028200955.1,GCF_028395405.1,close_no_recombination,0,0,0.0,1.0000070366044165,clonal,0.0,0.0,0.0,7.57182252253753e-06,0.0,284228.0,10.0,1320686.0,0.0,7.57182252253753e-06,0.0,naive_region_4D,,False
snv_table,GCF_028200955.1,GCF_028395425.1,close_no_recombination,0,0,0.0,1.000007037842479,clonal,0.0,0.0,0.0,3.7864215892671607e-06,0.0,284178.0,5.0,1320508.0,0.0,3.7864215892671607e-06,0.0,naive_region_4D,,False
snv_table,GCF_028200955.1,GCF_028395455.1,close_no_recombination,0,0,0.0,1.0000070373472016,clonal,0.0,0.0,0.0,1.5144791781830188e-06,0.0,284198.0,2.0,1320586.0,0.0,1.5144791781830188e-06,0.0,naive_region_4D,,False
snv_table,GCF_028200955.1,GCF_028395505.1,close_no_recombination,0,0,0.0,1.0000281450313466,clonal,0.0,0.0,0.0,3.7856475501560444e-06,0.0,284242.0,5.0,1320778.0,0.0,3.7856475501560444e-06,0.0,naive_region_4D,,False
snv_table,GCF_028200955.1,GCF_028395525.1,close_no_recombination,0,0,0.0,1.0000070375948316,clonal,0.0,0.0,0.0,3.7863011623944567e-06,0.0,284188.0,5.0,1320550.0,0.0,3.7863011623944567e-06,0.0,naive_region_4D,,False
snv_table,GCF_028200955.1,GCF_028395605.1,close_no_recombination,0,0,3.5087719298245615e-06,1.0,clonal,0.0,7.037050068611238e-06,3.518525034305619e-06,5.300380112973816e-06,1.0,284210.0,7.0,1320660.0,3.518525034305619e-06,5.300380112973816e-06,3.518525034305619e-06,naive_region_4D,1.5064210319082882,False
snv_table,GCF_028200955.1,GCF_028395635.1,close_no_recombination,0,0,0.0,1.0,clonal,0.0,0.0,0.0,7.572608059223853e-07,0.0,284190.0,1.0,1320549.0,0.0,7.572608059223853e-07,0.0,naive_region_4D,,False
snv_table,GCF_028200975.1,GCF_028394965.1,close_no_recombination,0,0,0.0,1.0000174730478235,clonal,0.0,0.0,0.0,5.265062026191427e-06,0.0,286155.0,7.0,1329519.0,0.0,5.265062026191427e-06,0.0,naive_region_4D,,False
snv_table,GCF_028200975.1,GCF_028394975.1,close_no_recombination,0,0,6.968641114982578e-06,1.00001397838941,clonal,6.989194704986091e-06,6.989194704986091e-06,6.989194704986091e-06,3.008570665683867e-06,2.0,286156.0,4.0,1329535.0,6.989194704986091e-06,3.008570665683867e-06,6.989194704986091e-06,naive_region_4D,0.43046027370471635,True
snv_table,GCF_028200975.1,GCF_028395025.1,close_no_recombination,0,0,0.0,1.000006987680719,clonal,0.0,0.0,0.0,7.519854295303174e-07,0.0,286218.0,1.0,1329813.0,0.0,7.519854295303174e-07,0.0,naive_region_4D,,False
snv_table,GCF_028200975.1,GCF_028395045.1,close_no_recombination,0,0,0.0,1.0000174730478235,clonal,0.0,0.0,0.0,5.265062026191427e-06,0.0,286155.0,7.0,1329519.0,0.0,5.265062026191427e-06,0.0,naive_region_4D,,False
snv_table,GCF_028201015.1,GCF_028395295.1,close_no_recombination,0,0,0.0,1.0000105545724167,clonal,0.0,0.0,0.0,2.2713988485522105e-06,0.0,284237.0,3.0,1320772.0,0.0,2.2713988485522105e-06,0.0,naive_region_4D,,False
snv_table,GCF_028201015.1,GCF_028395405.1,close_no_recombination,0,0,0.0,1.00002814602156,clonal,0.0,0.0,0.0,5.300219580525479e-06,0.0,284232.0,7.0,1320700.0,0.0,5.300219580525479e-06,0.0,naive_region_4D,,False
snv_table,GCF_028201015.1,GCF_028395425.1,close_no_recombination,0,0,0.0,1.0000281509736717,clonal,0.0,0.0,0.0,1.5145525784500373e-06,0.0,284182.0,2.0,1320522.0,0.0,1.5145525784500373e-06,0.0,naive_region_4D,,False
snv_table,GCF_028201015.1,GCF_028395455.1,close_no_recombination,0,0,0.0,1.0000105560579458,clonal,0.0,0.0,0.0,5.300697193129388e-06,0.0,284197.0,7.0,1320581.0,0.0,5.300697193129388e-06,0.0,naive_region_4D,,False
snv_table,GCF_028201015.1,GCF_028395505.1,close_no_recombination,0,0,0.0,1.0000140723176405,clonal,0.0,0.0,0.0,1.5142429693698933e-06,0.0,284246.0,2.0,1320792.0,0.0,1.5142429693698933e-06,0.0,naive_region_4D,,False
snv_table,GCF_028201015.1,GCF_028395525.1,close_no_recombination,0,0,0.0,1.0000105549437597,clonal,0.0,0.0,0.0,1.5143071741816685e-06,0.0,284227.0,2.0,1320736.0,0.0,1.5143071741816685e-06,0.0,naive_region_4D,,False
snv_table,GCF_028201015.1,GCF_028395605.1,close_no_recombination,0,0,3.5087719298245615e-06,1.0000175923156764,clonal,7.036926270604999e-06,0.0,3.5184631353024997e-06,3.028745062199066e-06,1.0,284215.0,4.0,1320679.0,3.5184631353024997e-06,3.028745062199066e-06,3.5184631353024997e-06,naive_region_4D,0.8608147778529076,True
snv_table,GCF_028201015.1,GCF_028395635.1,close_no_recombination,0,0,0.0,1.0000211123387546,clonal,0.0,0.0,0.0,3.0290111111700087e-06,0.0,284194.0,4.0,1320563.0,0.0,3.0290111111700087e-06,0.0,naive_region_4D,,False
snv_table,GCF_028201035.1,GCF_051065055.1,close_no_recombination,0,0,4.912280701754386e-05,1.0000246034451852,clonal,4.9206890370563034e-05,5.623644613778632e-05,5.272166825417468e-05,4.310749041803678e-05,15.0,284513.0,57.0,1322276.0,5.272166825417468e-05,4.310749041803678e-05,5.272166825417468e-05,naive_region_4D,0.8176427614204599,True
snv_table,GCF_028201045.1,GCF_028201315.1,close_no_recombination,0,0,8.710801393728223e-05,1.0000244317011793,clonal,0.00011866826287114371,6.980486051243748e-05,9.42365616917906e-05,4.88074830131187e-05,27.0,286513.0,65.0,1331763.0,9.42365616917906e-05,4.88074830131187e-05,9.42365616917906e-05,naive_region_4D,0.5179251252050993,True
snv_table,GCF_028201045.1,GCF_028395215.1,close_no_recombination,0,0,6.968641114982578e-06,1.0,clonal,0.0,1.3963555121133841e-05,6.9817775605669206e-06,7.509993924414915e-06,2.0,286460.0,10.0,1331559.0,6.9817775605669206e-06,7.509993924414915e-06,6.9817775605669206e-06,naive_region_4D,1.0756564297939484,False
snv_table,GCF_028201045.1,GCF_028395235.1,close_no_recombination,0,0,1.7421602787456446e-05,1.000010476067424,clonal,2.7936179797253175e-05,3.492022474656647e-05,3.1428202271909825e-05,7.512261889469086e-06,9.0,286367.0,10.0,1331157.0,3.1428202271909825e-05,7.512261889469086e-06,3.1428202271909825e-05,naive_region_4D,0.23902932227795484,True
snv_table,GCF_028201045.1,GCF_028395285.1,close_no_recombination,0,0,1.0452961672473868e-05,1.0000279191183143,clonal,6.979779578560909e-06,2.0939338735682726e-05,1.3959559157121819e-05,2.2523723111367046e-06,4.0,286542.0,3.0,1331929.0,1.3959559157121819e-05,2.2523723111367046e-06,1.3959559157121819e-05,naive_region_4D,0.1613498166944334,True
snv_table,GCF_028201135.1,GCF_028201155.1,close_no_recombination,0,0,1.3937282229965156e-05,1.0000034885870874,clonal,6.97717417468751e-06,2.0931522524062528e-05,1.395434834937502e-05,6.0049285451033935e-06,4.0,286649.0,8.0,1332239.0,1.395434834937502e-05,6.0049285451033935e-06,1.395434834937502e-05,naive_region_4D,0.43032669063133566,True
snv_table,GCF_028201135.1,GCF_028201215.1,close_no_recombination,0,0,1.0452961672473868e-05,1.0000104651041104,clonal,1.3953472147125411e-05,6.9767360735627055e-06,1.0465104110344058e-05,6.004590509444471e-06,3.0,286667.0,8.0,1332314.0,1.0465104110344058e-05,6.004590509444471e-06,1.0465104110344058e-05,naive_region_4D,0.573772649190306,True
snv_table,GCF_028201155.1,GCF_028201215.1,close_no_recombination,0,0,3.484320557491289e-06,1.0000034854256925,clonal,6.970851384933899e-06,0.0,3.4854256924669495e-06,1.4996933127175492e-06,1.0,286909.0,2.0,1333606.0,3.4854256924669495e-06,1.4996933127175492e-06,3.4854256924669495e-06,naive_region_4D,0.43027550865847936,True
snv_table,GCF_028201235.1,GCF_039760255.1,close_no_recombination,0,0,3.508771929824561e-05,1.0000281529550046,clonal,3.519119375567458e-05,4.22294325068095e-05,3.871031313124204e-05,1.136416152564626e-05,11.0,284162.0,15.0,1319939.0,3.871031313124204e-05,1.136416152564626e-05,3.871031313124204e-05,naive_region_4D,0.2935693515864266,True
snv_table,GCF_028201315.1,GCF_028395215.1,close_no_recombination,0,0,8.362369337979094e-05,1.0000034912665967,clonal,4.1895199159303007e-05,0.000125685597477909,8.379039831860601e-05,4.356329747122569e-05,24.0,286429.0,58.0,1331396.0,8.379039831860601e-05,4.356329747122569e-05,8.379039831860601e-05,naive_region_4D,0.5199079888077376,True
snv_table,GCF_028201315.1,GCF_028395235.1,close_no_recombination,0,0,9.40766550522648e-05,1.0000139696021455,clonal,0.00010477201609298168,0.00011175681716584712,0.00010826441662941439,5.108963676770895e-05,31.0,286336.0,68.0,1330994.0,0.00010826441662941439,5.108963676770895e-05,0.00010826441662941439,naive_region_4D,0.471896846242539,True
snv_table,GCF_028201315.1,GCF_028395285.1,close_no_recombination,0,0,7.665505226480836e-05,1.0000209421159914,clonal,6.98070533046659e-05,8.376846396559908e-05,7.678775863513249e-05,4.6556053488400035e-05,22.0,286504.0,62.0,1331728.0,7.678775863513249e-05,4.6556053488400035e-05,7.678775863513249e-05,naive_region_4D,0.6062952522109347,True
snv_table,GCF_028201355.1,GCF_028201375.1,close_no_recombination,0,0,3.5211267605633804e-06,1.0000176301546164,clonal,7.052061846582395e-06,0.0,3.5260309232911975e-06,1.5170110028808039e-06,1.0,283605.0,2.0,1318382.0,3.5260309232911975e-06,1.5170110028808039e-06,3.5260309232911975e-06,naive_region_4D,0.43023190547201035,True
snv_table,GCF_028394625.1,GCF_028394645.1,close_no_recombination,0,0,0.0,1.0000313839265476,clonal,0.0,0.0,0.0,1.5004279970861688e-06,0.0,286771.0,2.0,1332953.0,0.0,1.5004279970861688e-06,0.0,naive_region_4D,,False
snv_table,GCF_028394625.1,GCF_028394655.1,close_no_recombination,0,0,0.0,1.0000313839265476,clonal,0.0,0.0,0.0,2.2506419956292532e-06,0.0,286771.0,3.0,1332953.0,0.0,2.2506419956292532e-06,0.0,naive_region_4D,,False
snv_table,GCF_028394625.1,GCF_028394725.1,close_no_recombination,0,0,0.0,1.0,clonal,0.0,0.0,0.0,1.5004336253177167e-06,0.0,286770.0,2.0,1332948.0,0.0,1.5004336253177167e-06,0.0,naive_region_4D,,False
snv_table,GCF_028394625.1,GCF_039760425.1,close_no_recombination,0,0,0.0,1.0,clonal,0.0,0.0,0.0,7.502168126588584e-07,0.0,286770.0,1.0,1332948.0,0.0,7.502168126588584e-07,0.0,naive_region_4D,,False
snv_table,GCF_028394645.1,GCF_028394655.1,close_no_recombination,0,0,0.0,1.000031382832196,clonal,0.0,0.0,0.0,2.250528874285457e-06,0.0,286781.0,3.0,1333020.0,0.0,2.250528874285457e-06,0.0,naive_region_4D,,False
snv_table,GCF_028394645.1,GCF_028394725.1,close_no_recombination,0,0,0.0,1.0,clonal,0.0,0.0,0.0,1.5003582105227624e-06,0.0,286780.0,2.0,1333015.0,0.0,1.5003582105227624e-06,0.0,naive_region_4D,,False
snv_table,GCF_028394645.1,GCF_039760425.1,close_no_recombination,0,0,0.0,1.0,clonal,0.0,0.0,0.0,7.501791052613812e-07,0.0,286780.0,1.0,1333015.0,0.0,7.501791052613812e-07,0.0,naive_region_4D,,False
snv_table,GCF_028394655.1,GCF_028394725.1,close_no_recombination,0,0,0.0,1.0,clonal,0.0,0.0,0.0,2.2505373157841435e-06,0.0,286780.0,3.0,1333015.0,0.0,2.2505373157841435e-06,0.0,naive_region_4D,,False
snv_table,GCF_028394655.1,GCF_039760425.1,close_no_recombination,0,0,0.0,1.0,clonal,0.0,0.0,0.0,1.5003582105227624e-06,0.0,286780.0,2.0,1333015.0,0.0,1.5003582105227624e-06,0.0,naive_region_4D,,False
snv_table,GCF_028394725.1,GCF_039760425.1,close_no_recombination,0,0,0.0,1.0,clonal,0.0,0.0,0.0,7.501791052613812e-07,0.0,286780.0,1.0,1333015.0,0.0,7.501791052613812e-07,0.0,naive_region_4D,,False
snv_table,GCF_028394965.1,GCF_028394975.1,close_no_recombination,0,0,6.968641114982578e-06,1.000003494438601,clonal,6.988877201933124e-06,6.988877201933124e-06,6.988877201933124e-06,6.769105801123671e-06,2.0,286169.0,9.0,1329570.0,6.988877201933124e-06,6.769105801123671e-06,6.988877201933124e-06,naive_region_4D,0.96855411900088,True
snv_table,GCF_028394965.1,GCF_028395025.1,close_no_recombination,0,0,3.484320557491289e-06,1.0,clonal,6.988852779816193e-06,0.0,3.4944263899080967e-06,4.51266253106216e-06,1.0,286170.0,6.0,1329592.0,3.4944263899080967e-06,4.51266253106216e-06,3.4944263899080967e-06,naive_region_4D,1.2913886365140583,True
snv_table,GCF_028394965.1,GCF_028395045.1,close_no_recombination,0,0,0.0,1.000006988657409,clonal,0.0,0.0,0.0,0.0,0.0,286178.0,0.0,1329638.0,0.0,0.0,0.0,naive_region_4D,,False
snv_table,GCF_028394975.1,GCF_028395025.1,close_no_recombination,0,0,1.0452961672473868e-05,1.0000314497276104,clonal,1.3977656715739889e-05,6.9888283578699445e-06,1.0483242536804918e-05,2.25630411369366e-06,3.0,286171.0,3.0,1329608.0,1.0483242536804918e-05,2.25630411369366e-06,1.0483242536804918e-05,naive_region_4D,0.21522960150660947,True
snv_table,GCF_028394975.1,GCF_028395045.1,close_no_recombination,0,0,6.968641114982578e-06,1.000003494438601,clonal,0.0,1.3977754403866247e-05,6.988877201933124e-06,6.769105801123671e-06,2.0,286169.0,9.0,1329570.0,6.988877201933124e-06,6.769105801123671e-06,6.988877201933124e-06,naive_region_4D,0.96855411900088,False
snv_table,GCF_028395025.1,GCF_028395045.1,close_no_recombination,0,0,3.484320557491289e-06,1.0,clonal,0.0,6.988852779816193e-06,3.4944263899080967e-06,4.51266253106216e-06,1.0,286170.0,6.0,1329592.0,3.4944263899080967e-06,4.51266253106216e-06,3.4944263899080967e-06,naive_region_4D,1.2913886365140583,False
snv_table,GCF_028395165.1,GCF_028395175.1,close_no_recombination,0,0,3.484320557491289e-05,1.000031448628665,clonal,5.590867318235662e-05,1.3977168295589155e-05,3.494292073897289e-05,7.517027947558206e-07,10.0,286181.0,1.0,1330313.0,3.494292073897289e-05,7.517027947558206e-07,3.494292073897289e-05,naive_region_4D,0.02151230575060155,True
snv_table,GCF_028395165.1,GCF_028395205.1,close_no_recombination,0,0,3.1358885017421605e-05,1.000027954238911,clonal,3.494279863862856e-05,2.795423891090285e-05,3.144851877476571e-05,7.51696014131885e-07,9.0,286182.0,1.0,1330325.0,3.144851877476571e-05,7.51696014131885e-07,3.144851877476571e-05,naive_region_4D,0.02390242985736568,True
snv_table,GCF_028395175.1,GCF_028395205.1,close_no_recombination,0,0,2.0905923344947736e-05,1.000031420083019,clonal,1.3964481341707368e-05,2.7928962683414736e-05,2.0946722012561052e-05,0.0,6.0,286441.0,0.0,1331453.0,2.0946722012561052e-05,0.0,2.0946722012561052e-05,naive_region_4D,0.0,False
snv_table,GCF_028395215.1,GCF_028395235.1,close_no_recombination,0,0,1.7421602787456446e-05,1.0000104764332634,clonal,4.190573305349616e-05,2.095286652674808e-05,3.142929979012212e-05,1.201994409223504e-05,9.0,286357.0,16.0,1331121.0,3.142929979012212e-05,1.201994409223504e-05,3.142929979012212e-05,naive_region_4D,0.3824439033800166,True
snv_table,GCF_028395215.1,GCF_028395285.1,close_no_recombination,0,0,6.968641114982578e-06,1.0,clonal,1.3963555121133841e-05,0.0,6.9817775605669206e-06,6.007995139531932e-06,2.0,286460.0,8.0,1331559.0,6.9817775605669206e-06,6.007995139531932e-06,6.9817775605669206e-06,naive_region_4D,0.8605251438351585,True
snv_table,GCF_028395235.1,GCF_028395285.1,close_no_recombination,0,0,1.7421602787456446e-05,1.000010476067424,clonal,3.492022474656647e-05,2.7936179797253175e-05,3.1428202271909825e-05,7.512261889469086e-06,9.0,286367.0,10.0,1331157.0,3.1428202271909825e-05,7.512261889469086e-06,3.1428202271909825e-05,naive_region_4D,0.23902932227795484,True
snv_table,GCF_028395295.1,GCF_028395405.1,close_no_recombination,0,0,0.0,1.0000035187850338,clonal,0.0,0.0,0.0,3.029125801866396e-06,0.0,284189.0,4.0,1320513.0,0.0,3.029125801866396e-06,0.0,naive_region_4D,,False
snv_table,GCF_028395295.1,GCF_028395425.1,close_no_recombination,0,0,0.0,1.000024632015286,clonal,0.0,0.0,0.0,2.271820265696953e-06,0.0,284183.0,3.0,1320527.0,0.0,2.271820265696953e-06,0.0,naive_region_4D,,False
snv_table,GCF_028395295.1,GCF_028395455.1,close_no_recombination,0,0,0.0,1.0000070373472016,clonal,0.0,0.0,0.0,6.057916712732075e-06,0.0,284198.0,8.0,1320586.0,0.0,6.057916712732075e-06,0.0,naive_region_4D,,False
snv_table,GCF_028395295.1,GCF_028395505.1,close_no_recombination,0,0,0.0,1.000024630281876,clonal,0.0,0.0,0.0,2.2716860832724395e-06,0.0,284203.0,3.0,1320605.0,0.0,2.2716860832724395e-06,0.0,naive_region_4D,,False
snv_table,GCF_028395295.1,GCF_028395525.1,close_no_recombination,0,0,0.0,1.0000070366044165,clonal,0.0,0.0,0.0,2.2714521620817405e-06,0.0,284228.0,3.0,1320741.0,0.0,2.2714521620817405e-06,0.0,naive_region_4D,,False
snv_table,GCF_028395295.1,GCF_028395605.1,close_no_recombination,0,0,3.5087719298245615e-06,1.0000316710712915,clonal,7.038015842573661e-06,0.0,3.5190079212868307e-06,3.786481805576276e-06,1.0,284171.0,5.0,1320487.0,3.5190079212868307e-06,3.786481805576276e-06,3.5190079212868307e-06,naive_region_4D,1.0760083211724158,True
snv_table,GCF_028395295.1,GCF_028395635.1,close_no_recombination,0,0,0.0,1.000017593553722,clonal,0.0,0.0,0.0,3.7862495532225528e-06,0.0,284195.0,5.0,1320568.0,0.0,3.7862495532225528e-06,0.0,naive_region_4D,,False
snv_table,GCF_028395405.1,GCF_028395425.1,close_no_recombination,0,0,0.0,1.0000035190326884,clonal,0.0,0.0,0.0,5.301283289219083e-06,0.0,284169.0,7.0,1320435.0,0.0,5.301283289219083e-06,0.0,naive_region_4D,,False
snv_table,GCF_028395405.1,GCF_028395455.1,close_no_recombination,0,0,0.0,1.0000211130816654,clonal,0.0,0.0,0.0,9.087508159825035e-06,0.0,284184.0,12.0,1320494.0,0.0,9.087508159825035e-06,0.0,naive_region_4D,,False
snv_table,GCF_028395405.1,GCF_028395505.1,close_no_recombination,0,0,0.0,1.0000246276822184,clonal,0.0,0.0,0.0,5.300199514653158e-06,0.0,284233.0,7.0,1320705.0,0.0,5.300199514653158e-06,0.0,naive_region_4D,,False
snv_table,GCF_028395405.1,GCF_028395525.1,close_no_recombination,0,0,0.0,1.0000035189088567,clonal,0.0,0.0,0.0,5.301114672955303e-06,0.0,284179.0,7.0,1320477.0,0.0,5.301114672955303e-06,0.0,naive_region_4D,,False
snv_table,GCF_028395405.1,GCF_028395605.1,close_no_recombination,0,0,3.5087719298245615e-06,1.000031667728122,clonal,7.037272915999592e-06,0.0,3.518636457999796e-06,6.815151141121335e-06,1.0,284201.0,9.0,1320587.0,3.518636457999796e-06,6.815151141121335e-06,3.518636457999796e-06,naive_region_4D,1.9368727694578245,True
snv_table,GCF_028395405.1,GCF_028395635.1,close_no_recombination,0,0,0.0,1.0000316699568232,clonal,0.0,0.0,0.0,6.815724026790339e-06,0.0,284181.0,9.0,1320476.0,0.0,6.815724026790339e-06,0.0,naive_region_4D,,False
snv_table,GCF_028395425.1,GCF_028395455.1,close_no_recombination,0,0,0.0,1.000007037842479,clonal,0.0,0.0,0.0,5.300990224974025e-06,0.0,284178.0,7.0,1320508.0,0.0,5.300990224974025e-06,0.0,naive_region_4D,,False
snv_table,GCF_028395425.1,GCF_028395505.1,close_no_recombination,0,0,0.0,1.000024632015286,clonal,0.0,0.0,0.0,0.0,0.0,284183.0,0.0,1320527.0,0.0,0.0,0.0,naive_region_4D,,False
snv_table,GCF_028395425.1,GCF_028395525.1,close_no_recombination,0,0,0.0,1.000024632015286,clonal,0.0,0.0,0.0,0.0,0.0,284183.0,0.0,1320527.0,0.0,0.0,0.0,naive_region_4D,,False
snv_table,GCF_028395425.1,GCF_028395605.1,close_no_recombination,0,0,3.5087719298245615e-06,1.0000246346158583,clonal,0.0,7.038461673816571e-06,3.5192308369082855e-06,1.5146718690596464e-06,1.0,284153.0,2.0,1320418.0,3.5192308369082855e-06,1.5146718690596464e-06,3.5192308369082855e-06,naive_region_4D,0.43039855560890566,False
snv_table,GCF_028395425.1,GCF_028395635.1,close_no_recombination,0,0,0.0,1.0000175947919416,clonal,0.0,0.0,0.0,3.029178562503313e-06,0.0,284175.0,4.0,1320490.0,0.0,3.029178562503313e-06,0.0,naive_region_4D,,False
snv_table,GCF_028395455.1,GCF_028395505.1,close_no_recombination,0,0,0.0,1.0000070373472016,clonal,0.0,0.0,0.0,5.300677123640565e-06,0.0,284198.0,7.0,1320586.0,0.0,5.300677123640565e-06,0.0,naive_region_4D,,False
snv_table,GCF_028395455.1,GCF_028395525.1,close_no_recombination,0,0,0.0,1.0000070375948316,clonal,0.0,0.0,0.0,5.300821627352239e-06,0.0,284188.0,7.0,1320550.0,0.0,5.300821627352239e-06,0.0,naive_region_4D,,False
snv_table,GCF_028395455.1,GCF_028395605.1,close_no_recombination,0,0,3.5087719298245615e-06,1.000014076279358,clonal,0.0,7.038139678920068e-06,3.519069839460034e-06,6.815765319568517e-06,1.0,284166.0,9.0,1320468.0,3.519069839460034e-06,6.815765319568517e-06,3.519069839460034e-06,naive_region_4D,1.936808767800507,False
snv_table,GCF_028395455.1,GCF_028395635.1,close_no_recombination,0,0,0.0,1.0,clonal,0.0,0.0,0.0,2.271782417767156e-06,0.0,284190.0,3.0,1320549.0,0.0,2.271782417767156e-06,0.0,naive_region_4D,,False
snv_table,GCF_028395505.1,GCF_028395525.1,close_no_recombination,0,0,0.0,1.0000246311485506,clonal,0.0,0.0,0.0,0.0,0.0,284193.0,0.0,1320569.0,0.0,0.0,0.0,naive_region_4D,,False
snv_table,GCF_028395505.1,GCF_028395605.1,close_no_recombination,0,0,3.5087719298245615e-06,1.0000175923156764,clonal,7.036926270604999e-06,0.0,3.5184631353024997e-06,1.514372531099533e-06,1.0,284215.0,2.0,1320679.0,3.5184631353024997e-06,1.514372531099533e-06,3.5184631353024997e-06,naive_region_4D,0.4304073889264538,True
snv_table,GCF_028395505.1,GCF_028395635.1,close_no_recombination,0,0,0.0,1.000017593553722,clonal,0.0,0.0,0.0,3.0289996425780423e-06,0.0,284195.0,4.0,1320568.0,0.0,3.0289996425780423e-06,0.0,naive_region_4D,,False
snv_table,GCF_028395525.1,GCF_028395605.1,close_no_recombination,0,0,3.5087719298245615e-06,1.0000316721858382,clonal,0.0,7.038263519624438e-06,3.519131759812219e-06,1.514634015196323e-06,1.0,284161.0,2.0,1320451.0,3.519131759812219e-06,1.514634015196323e-06,3.519131759812219e-06,naive_region_4D,0.4303999163922024,False
snv_table,GCF_028395525.1,GCF_028395635.1,close_no_recombination,0,0,0.0,1.00001759417281,clonal,0.0,0.0,0.0,3.0290822183786534e-06,0.0,284185.0,4.0,1320532.0,0.0,3.0290822183786534e-06,0.0,naive_region_4D,,False
snv_table,GCF_028395605.1,GCF_028395635.1,close_no_recombination,0,0,3.5087719298245615e-06,1.0000246337489398,clonal,7.0382139828197194e-06,0.0,3.5191069914098597e-06,4.543905486765875e-06,1.0,284163.0,6.0,1320450.0,3.5191069914098597e-06,4.543905486765875e-06,3.5191069914098597e-06,naive_region_4D,1.2912098148358513,True
snv_table,GCF_028395655.1,GCF_028395705.1,close_no_recombination,0,0,3.484320557491289e-06,1.0,clonal,0.0,6.981046458864184e-06,3.490523229432092e-06,0.0,1.0,286490.0,0.0,1331719.0,3.490523229432092e-06,0.0,3.490523229432092e-06,naive_region_4D,0.0,False
snv_table,GCF_028395745.1,GCF_028395835.1,close_no_recombination,0,0,1.3937282229965156e-05,1.0000314409381976,clonal,1.3973750310042585e-05,1.3973750310042585e-05,1.3973750310042585e-05,6.014725551832274e-06,4.0,286251.0,8.0,1330069.0,1.3973750310042585e-05,6.014725551832274e-06,1.3973750310042585e-05,naive_region_4D,0.43043030098438506,True
snv_table,GCF_028395765.1,GCF_028395835.1,close_no_recombination,0,0,6.968641114982578e-06,1.000024449621555,clonal,1.3971212317020778e-05,0.0,6.985606158510389e-06,4.510233720311386e-06,2.0,286303.0,6.0,1330308.0,6.985606158510389e-06,4.510233720311386e-06,6.985606158510389e-06,naive_region_4D,0.6456467224131555,True
snv_table,GCF_028395955.1,GCF_028396005.1,close_no_recombination,0,0,0.0,1.000021117540229,clonal,0.0,0.0,0.0,0.0,0.0,284124.0,0.0,1320365.0,0.0,0.0,0.0,naive_region_4D,,False
snv_table,GCF_028396205.1,GCF_028396285.1,close_no_recombination,0,0,0.0,1.0000174822118495,clonal,0.0,0.0,0.0,1.5044007482889322e-06,0.0,286005.0,2.0,1329433.0,0.0,1.5044007482889322e-06,0.0,naive_region_4D,,False
snv_table,GCF_030541685.1,GCF_047307925.1,close_no_recombination,0,0,3.508771929824561e-05,1.000003515568696,clonal,2.812454956776083e-05,4.921796174358145e-05,3.867125565567114e-05,2.344974492729066e-05,11.0,284449.0,31.0,1321976.0,3.867125565567114e-05,2.344974492729066e-05,3.867125565567114e-05,naive_region_4D,0.6063869540748091,True
snv_table,GCF_030546205.1,GCF_047307925.1,close_no_recombination,0,0,3.508771929824561e-05,1.0000035159395118,clonal,2.8127516094213115e-05,4.2191274141319674e-05,3.515939511776639e-05,2.193870024548649e-05,10.0,284419.0,29.0,1321865.0,3.515939511776639e-05,2.193870024548649e-05,3.515939511776639e-05,naive_region_4D,0.6239783185121022,True
snv_table,GCF_039734225.1,GCF_039760355.1,close_no_recombination,0,0,3.5087719298245615e-06,1.0000105275347673,clonal,7.018356511455712e-06,0.0,3.509178255727856e-06,0.0,1.0,284967.0,0.0,1324395.0,3.509178255727856e-06,0.0,3.509178255727856e-06,naive_region_4D,0.0,False
snv_table,GCF_039734225.1,GCF_039760375.1,close_no_recombination,0,0,1.048951048951049e-05,1.0000280276913591,clonal,7.006922839765688e-06,1.4013845679531377e-05,1.0510384259648532e-05,2.2617100035433456e-06,3.0,285432.0,3.0,1326430.0,1.0510384259648532e-05,2.2617100035433456e-06,1.0510384259648532e-05,naive_region_4D,0.2151881365771281,True
snv_table,GCF_039734225.1,GCF_039760395.1,close_no_recombination,0,0,1.048951048951049e-05,1.0000280276913591,clonal,1.4013845679531377e-05,7.006922839765688e-06,1.0510384259648532e-05,3.7695166725722427e-06,3.0,285432.0,5.0,1326430.0,1.0510384259648532e-05,3.7695166725722427e-06,1.0510384259648532e-05,naive_region_4D,0.35864689429521346,True
snv_table,GCF_039734225.1,GCF_039760415.1,close_no_recombination,0,0,3.496503496503497e-06,1.0000280276913591,clonal,0.0,7.006922839765688e-06,3.503461419882844e-06,1.507806669028897e-06,1.0,285432.0,2.0,1326430.0,3.503461419882844e-06,1.507806669028897e-06,3.503461419882844e-06,naive_region_4D,0.4303762731542562,False
snv_table,GCF_039734225.1,GCF_039760475.1,close_no_recombination,0,0,3.496503496503497e-06,1.0000035046032965,clonal,7.0092065928597214e-06,0.0,3.5046032964298607e-06,3.016523004758565e-06,1.0,285339.0,4.0,1326030.0,3.5046032964298607e-06,3.016523004758565e-06,3.5046032964298607e-06,naive_region_4D,0.8607316576548041,True
snv_table,GCF_039760295.1,GCF_039760335.1,close_no_recombination,0,0,3.846153846153846e-05,1.0000209721280418,clonal,4.194425608366481e-05,5.592567477821975e-05,4.893496543094228e-05,2.1051681879012976e-05,14.0,286094.0,28.0,1330060.0,4.893496543094228e-05,2.1051681879012976e-05,4.893496543094228e-05,naive_region_4D,0.4301971339638813,True
snv_table,GCF_039760315.1,GCF_039760335.1,close_no_recombination,0,0,4.181184668989547e-05,1.000027960100936,clonal,2.796010093596438e-05,5.592020187192876e-05,4.194015140394657e-05,1.653875443633294e-05,12.0,286122.0,22.0,1330209.0,4.194015140394657e-05,1.653875443633294e-05,4.194015140394657e-05,naive_region_4D,0.39434179140270437,True
snv_table,GCF_039760355.1,GCF_039760375.1,close_no_recombination,0,0,6.993006993006993e-06,1.0000105238417636,clonal,7.015894509010162e-06,7.015894509010162e-06,7.015894509010162e-06,2.264410709756893e-06,2.0,285067.0,3.0,1324848.0,7.015894509010162e-06,2.264410709756893e-06,7.015894509010162e-06,naive_region_4D,0.32275438389913413,True
snv_table,GCF_039760355.1,GCF_039760395.1,close_no_recombination,0,0,6.993006993006993e-06,1.0000105238417636,clonal,1.4031789018020324e-05,0.0,7.015894509010162e-06,3.7740178495948213e-06,2.0,285067.0,5.0,1324848.0,7.015894509010162e-06,3.7740178495948213e-06,7.015894509010162e-06,naive_region_4D,0.5379239731652234,True
snv_table,GCF_039760355.1,GCF_039760415.1,close_no_recombination,0,0,0.0,1.0000105238417636,clonal,0.0,0.0,0.0,1.5096071398379285e-06,0.0,285067.0,2.0,1324848.0,0.0,1.5096071398379285e-06,0.0,naive_region_4D,,False
snv_table,GCF_039760355.1,GCF_039760475.1,close_no_recombination,0,0,0.0,1.0000140328227725,clonal,0.0,0.0,0.0,3.0194307920042455e-06,0.0,285046.0,4.0,1324753.0,0.0,3.0194307920042455e-06,0.0,naive_region_4D,,False
snv_table,GCF_039760375.1,GCF_039760395.1,close_no_recombination,0,0,0.0,1.0000280178754044,clonal,0.0,0.0,0.0,1.5072919013959785e-06,0.0,285532.0,2.0,1326883.0,0.0,1.5072919013959785e-06,0.0,naive_region_4D,,False
snv_table,GCF_039760375.1,GCF_039760415.1,close_no_recombination,0,0,6.993006993006993e-06,1.0000280178754044,clonal,7.004468851127019e-06,7.004468851127019e-06,7.004468851127019e-06,3.768229753489946e-06,2.0,285532.0,5.0,1326883.0,7.004468851127019e-06,3.768229753489946e-06,7.004468851127019e-06,naive_region_4D,0.5379750889867456,True
snv_table,GCF_039760375.1,GCF_039760475.1,close_no_recombination,0,0,6.993006993006993e-06,1.0000070072665357,clonal,7.007266535397207e-06,7.007266535397207e-06,7.007266535397207e-06,5.277490447742289e-06,2.0,285418.0,7.0,1326388.0,7.007266535397207e-06,5.277490447742289e-06,7.007266535397207e-06,naive_region_4D,0.7531453843068544,True
snv_table,GCF_039760395.1,GCF_039760415.1,close_no_recombination,0,0,6.993006993006993e-06,1.0000280178754044,clonal,1.4008937702254037e-05,0.0,7.004468851127019e-06,5.275521654885924e-06,2.0,285532.0,7.0,1326883.0,7.004468851127019e-06,5.275521654885924e-06,7.004468851127019e-06,naive_region_4D,0.7531651245814439,True
snv_table,GCF_039760395.1,GCF_039760475.1,close_no_recombination,0,0,6.993006993006993e-06,1.0000070072665357,clonal,1.4014533070794414e-05,0.0,7.007266535397207e-06,6.785344861382944e-06,2.0,285418.0,9.0,1326388.0,7.007266535397207e-06,6.785344861382944e-06,7.007266535397207e-06,naive_region_4D,0.9683297798230985,True
snv_table,GCF_039760415.1,GCF_039760475.1,close_no_recombination,0,0,0.0,1.0000070072665357,clonal,0.0,0.0,0.0,4.523563240921962e-06,0.0,285418.0,6.0,1326388.0,0.0,4.523563240921962e-06,0.0,naive_region_4D,,False
snv_table,GCF_040911865.1,GCF_040911905.1,close_no_recombination,0,0,7.017543859649123e-06,1.0,clonal,7.026666198222253e-06,7.026666198222253e-06,7.026666198222253e-06,3.0239550156451873e-06,2.0,284630.0,4.0,1322771.0,7.026666198222253e-06,3.0239550156451873e-06,7.026666198222253e-06,naive_region_4D,0.4303541580515448,True
snv_table,GCF_040918105.1,GCF_040918145.1,close_no_recombination,0,0,7.092198581560284e-06,1.0000248930487938,clonal,0.0,2.1336898966227244e-05,1.0668449483113622e-05,7.655004267664879e-07,3.0,281203.0,1.0,1306335.0,1.0668449483113622e-05,7.655004267664879e-07,1.0668449483113622e-05,naive_region_4D,0.07175367216933891,False
snv_table,GCF_040918305.1,GCF_040918365.1,close_no_recombination,0,0,3.546099290780142e-06,1.0000248656367556,clonal,0.0,7.10446764447823e-06,3.552233822239115e-06,4.5882995303110715e-06,1.0,281513.0,6.0,1307674.0,3.552233822239115e-06,4.5882995303110715e-06,3.552233822239115e-06,naive_region_4D,1.2916659656764606,False
snv_table,GCF_040918325.1,GCF_040918345.1,close_no_recombination,0,0,0.0,1.0000176127657323,clonal,0.0,0.0,0.0,7.576188040987178e-07,0.0,283885.0,1.0,1319925.0,0.0,7.576188040987178e-07,0.0,naive_region_4D,,False
snv_table,GCF_040921925.1,GCF_040921935.1,close_no_recombination,0,0,7.067137809187279e-06,1.0000106335090226,clonal,1.4178012030043208e-05,0.0,7.089006015021604e-06,8.392538880343758e-06,2.0,282127.0,11.0,1310688.0,7.089006015021604e-06,8.392538880343758e-06,7.089006015021604e-06,naive_region_4D,1.1838809083473716,True
snv_table,GCF_040921965.1,GCF_040922005.1,close_no_recombination,0,0,2.112676056338028e-05,1.0000105824958463,clonal,2.116499169274076e-05,2.8219988923654346e-05,2.4692490308197553e-05,5.314165896112612e-06,7.0,283487.0,7.0,1317234.0,2.4692490308197553e-05,5.314165896112612e-06,2.4692490308197553e-05,naive_region_4D,0.21521384962732515,True
snv_table,GCF_040922045.1,GCF_040922065.1,close_no_recombination,0,0,7.017543859649123e-06,1.0000210715590143,clonal,1.404770600960863e-05,0.0,7.023853004804315e-06,7.554644633293772e-07,2.0,284744.0,1.0,1323689.0,7.023853004804315e-06,7.554644633293772e-07,7.023853004804315e-06,naive_region_4D,0.10755698657313009,True
snv_table,GCF_047307265.1,GCF_047307325.1,close_no_recombination,0,0,2.105263157894737e-05,1.0000140505679942,clonal,2.1075851991316748e-05,2.1075851991316748e-05,2.1075851991316748e-05,6.80121484810998e-06,6.0,284686.0,9.0,1323293.0,2.1075851991316748e-05,6.80121484810998e-06,2.1075851991316748e-05,naive_region_4D,0.3227017750415063,True
snv_table,GCF_047309325.1,GCF_964238335.1,close_no_recombination,0,0,4.878048780487805e-05,1.0000313839265476,clonal,8.369047079376924e-05,2.092261769844231e-05,5.230654424610578e-05,3.751176931762341e-05,15.0,286771.0,50.0,1332915.0,5.230654424610578e-05,3.751176931762341e-05,5.230654424610578e-05,naive_region_4D,0.7171525065989455,True
snv_table,GCF_964238155.1,GCF_964241015.1,close_no_recombination,0,0,0.0,1.0000314047337402,clonal,0.0,0.0,0.0,7.50707917566265e-07,0.0,286581.0,1.0,1332076.0,0.0,7.50707917566265e-07,0.0,naive_region_4D,,False
snv_table,GCF_964238155.1,GCF_964249005.1,close_no_recombination,0,0,0.0,1.0000314047337402,clonal,0.0,0.0,0.0,0.0,0.0,286581.0,0.0,1332076.0,0.0,0.0,0.0,naive_region_4D,,False
snv_table,GCF_964241015.1,GCF_964249005.1,close_no_recombination,0,0,0.0,1.0000314047337402,clonal,0.0,0.0,0.0,7.50707917566265e-07,0.0,286581.0,1.0,1332076.0,0.0,7.50707917566265e-07,0.0,naive_region_4D,,False
snv_table,GCF_964242805.1,GCF_964252045.1,close_no_recombination,0,0,3.496503496503497e-06,1.0,clonal,6.997166147710178e-06,0.0,3.498583073855089e-06,1.5052635302493996e-06,1.0,285830.0,2.0,1328671.0,3.498583073855089e-06,1.5052635302493996e-06,3.498583073855089e-06,naive_region_4D,0.43024947485118586,True
snv_table,GCF_964242985.1,GCF_964245055.1,close_no_recombination,0,0,0.0,1.0,clonal,0.0,0.0,0.0,0.0,0.0,286870.0,0.0,1333591.0,0.0,0.0,0.0,naive_region_4D,,False
snv_table,GCF_964242985.1,GCF_964245225.1,close_no_recombination,0,0,3.484320557491289e-06,1.000010457443434,clonal,0.0,6.971628955963705e-06,3.4858144779818527e-06,0.0,1.0,286877.0,0.0,1333581.0,3.4858144779818527e-06,0.0,3.4858144779818527e-06,naive_region_4D,0.0,False
snv_table,GCF_964242985.1,GCF_964248235.1,close_no_recombination,0,0,0.0,1.0,clonal,0.0,0.0,0.0,0.0,0.0,286870.0,0.0,1333591.0,0.0,0.0,0.0,naive_region_4D,,False
snv_table,GCF_964242985.1,GCF_964248265.1,close_no_recombination,0,0,3.484320557491289e-06,1.0000278831139862,clonal,6.970778496542494e-06,0.0,3.485389248271247e-06,0.0,1.0,286912.0,0.0,1333739.0,3.485389248271247e-06,0.0,3.485389248271247e-06,naive_region_4D,0.0,False
snv_table,GCF_964242985.1,GCF_964251225.1,close_no_recombination,0,0,0.0,1.0,clonal,0.0,0.0,0.0,0.0,0.0,286870.0,0.0,1333591.0,0.0,0.0,0.0,naive_region_4D,,False
snv_table,GCF_964243165.1,GCF_964243285.1,close_no_recombination,0,0,3.484320557491289e-06,1.000031448628665,clonal,6.9885841477945776e-06,0.0,3.4942920738972888e-06,3.0076567421513318e-06,1.0,286181.0,4.0,1329939.0,3.4942920738972888e-06,3.0076567421513318e-06,3.4942920738972888e-06,naive_region_4D,0.8607342141256102,True
snv_table,GCF_964245055.1,GCF_964245225.1,close_no_recombination,0,0,0.0,1.000003485911688,clonal,0.0,0.0,0.0,0.0,0.0,286869.0,0.0,1333559.0,0.0,0.0,0.0,naive_region_4D,,False
snv_table,GCF_964245055.1,GCF_964248235.1,close_no_recombination,0,0,0.0,1.0,clonal,0.0,0.0,0.0,0.0,0.0,286870.0,0.0,1333591.0,0.0,0.0,0.0,naive_region_4D,,False
snv_table,GCF_964245055.1,GCF_964248265.1,close_no_recombination,0,0,3.484320557491289e-06,1.0,clonal,0.0,6.9717990727507235e-06,3.4858995363753618e-06,0.0,1.0,286870.0,0.0,1333591.0,3.4858995363753618e-06,0.0,3.4858995363753618e-06,naive_region_4D,0.0,False
snv_table,GCF_964245055.1,GCF_964251225.1,close_no_recombination,0,0,0.0,1.0,clonal,0.0,0.0,0.0,0.0,0.0,286870.0,0.0,1333591.0,0.0,0.0,0.0,naive_region_4D,,False
snv_table,GCF_964245225.1,GCF_964248235.1,close_no_recombination,0,0,0.0,1.000003485911688,clonal,0.0,0.0,0.0,0.0,0.0,286869.0,0.0,1333559.0,0.0,0.0,0.0,naive_region_4D,,False
snv_table,GCF_964245225.1,GCF_964248265.1,close_no_recombination,0,0,6.968641114982578e-06,1.000010457443434,clonal,6.971628955963705e-06,6.971628955963705e-06,6.971628955963705e-06,0.0,2.0,286877.0,0.0,1333581.0,6.971628955963705e-06,0.0,6.971628955963705e-06,naive_region_4D,0.0,False
snv_table,GCF_964245225.1,GCF_964251225.1,close_no_recombination,0,0,0.0,1.000003485911688,clonal,0.0,0.0,0.0,0.0,0.0,286869.0,0.0,1333559.0,0.0,0.0,0.0,naive_region_4D,,False
snv_table,GCF_964245285.1,GCF_964250055.1,close_no_recombination,0,0,3.484320557491289e-06,1.0,clonal,0.0,6.988608568034104e-06,3.494304284017052e-06,7.517480020417476e-07,1.0,286180.0,1.0,1330233.0,3.494304284017052e-06,7.517480020417476e-07,3.494304284017052e-06,naive_region_4D,0.21513524322430733,False
snv_table,GCF_964246425.1,GCF_964251715.1,close_no_recombination,0,0,3.484320557491289e-06,1.00000698816903,clonal,0.0,6.988169029832493e-06,3.4940845149162466e-06,2.2544068016956143e-06,1.0,286198.0,3.0,1330727.0,3.4940845149162466e-06,2.2544068016956143e-06,3.4940845149162466e-06,naive_region_4D,0.6452067178316815,False
snv_table,GCF_964248235.1,GCF_964248265.1,close_no_recombination,0,0,3.484320557491289e-06,1.0,clonal,6.9717990727507235e-06,0.0,3.4858995363753618e-06,0.0,1.0,286870.0,0.0,1333591.0,3.4858995363753618e-06,0.0,3.4858995363753618e-06,naive_region_4D,0.0,False
snv_table,GCF_964248235.1,GCF_964251225.1,close_no_recombination,0,0,0.0,1.0,clonal,0.0,0.0,0.0,0.0,0.0,286870.0,0.0,1333591.0,0.0,0.0,0.0,naive_region_4D,,False
snv_table,GCF_964248265.1,GCF_964251225.1,close_no_recombination,0,0,3.484320557491289e-06,1.0,clonal,6.9717990727507235e-06,0.0,3.4858995363753618e-06,0.0,1.0,286870.0,0.0,1333591.0,3.4858995363753618e-06,0.0,3.4858995363753618e-06,naive_region_4D,0.0,False
