1.000000000000000000e+00,1.901140684410651538e-02,1.515151515151513806e-02,0.000000000000000000e+00,6.015037593984962072e-02,2.692307692307693845e-02,1.145038167938927653e-02,6.015037593984962072e-02,1.526717557251910939e-02,1.901140684410651538e-02,7.547169811320753041e-02,3.816793893129721837e-03,6.640625000000000000e-02,1.901140684410651538e-02,2.307692307692310596e-02,3.968253968253954156e-03,0.000000000000000000e+00,3.409090909090906063e-02,4.119850187265916563e-02,7.509293680297397522e-01,7.434944237918215126e-01,0.000000000000000000e+00,1.526717557251910939e-02,2.264150943396225912e-02,0.000000000000000000e+00,1.893939393939392257e-02,2.702702702702697302e-02,3.409090909090906063e-02,1.515151515151513806e-02,5.617977528089890260e-02,0.000000000000000000e+00,1.923076923076927347e-02,0.000000000000000000e+00,0.000000000000000000e+00,1.282051282051277497e-02,3.787878787878784514e-03,0.000000000000000000e+00,1.526717557251910939e-02,5.058365758754868047e-02,6.766917293233087882e-02,0.000000000000000000e+00,1.893939393939392257e-02,7.604562737642539538e-03,6.015037593984962072e-02,1.901140684410651538e-02,0.000000000000000000e+00,1.532567049808430948e-02,1.520912547528519010e-02,0.000000000000000000e+00,4.511278195488721554e-02,2.641509433962263564e-02,5.660377358490564781e-02,0.000000000000000000e+00,0.000000000000000000e+00,1.503759398496240518e-02,7.888888888888888618e-01,5.283018867924527129e-02,1.886792452830188260e-02,0.000000000000000000e+00,3.676470588235281056e-03,3.018867924528301216e-02,4.119850187265916563e-02,0.000000000000000000e+00,5.074626865671642006e-01,4.511278195488721554e-02,4.135338345864658649e-02,2.247191011235960545e-02,4.511278195488721554e-02,1.520912547528519010e-02,5.261194029850746468e-01,0.000000000000000000e+00,3.007518796992481036e-02,2.651515151515149160e-02,4.887218045112784459e-02,4.887218045112784459e-02,0.000000000000000000e+00,0.000000000000000000e+00,0.000000000000000000e+00,3.787878787878784514e-03,0.000000000000000000e+00,0.000000000000000000e+00,0.000000000000000000e+00,4.511278195488721554e-02,0.000000000000000000e+00,5.660377358490564781e-02,4.795539033457248967e-01,4.589552238805970630e-01,1.132075471698112956e-02,1.140684410646386482e-02,3.676470588235281056e-03,3.676470588235281056e-03,3.676470588235281056e-03,3.676470588235281056e-03,0.000000000000000000e+00,4.135338345864658649e-02,6.367041198501877108e-02,0.000000000000000000e+00,5.639097744360899167e-02,8.333333333333333703e-01,0.000000000000000000e+00,0.000000000000000000e+00,2.264150943396225912e-02,8.777777777777777679e-01,6.792452830188677737e-02,0.000000000000000000e+00,5.617977528089890260e-02,1.509433962264150608e-02,5.243445692883896836e-02,6.390977443609024977e-02,1.515151515151513806e-02,7.547169811320753041e-03,0.000000000000000000e+00,3.676470588235281056e-03,6.037735849056602433e-02,0.000000000000000000e+00,0.000000000000000000e+00,1.520912547528519010e-02,3.018867924528301216e-02,3.676470588235281056e-03,1.167315175097272117e-02,1.520912547528519010e-02,2.631578947368418131e-02,4.888059701492537545e-01,5.263157894736847364e-02,3.759398496240629051e-03,0.000000000000000000e+00,5.617977528089890260e-02,4.887218045112784459e-02,1.132075471698112956e-02,0.000000000000000000e+00,2.264150943396225912e-02,5.186567164179104461e-01,3.007518796992481036e-02,0.000000000000000000e+00,0.000000000000000000e+00,0.000000000000000000e+00,5.263157894736847364e-02,3.816793893129721837e-03,0.000000000000000000e+00,0.000000000000000000e+00,0.000000000000000000e+00
1.901140684410651538e-02,1.000000000000000000e+00,7.633587786259554697e-03,0.000000000000000000e+00,2.281368821292772964e-02,7.782101167315147450e-03,1.158301158301155986e-02,1.526717557251910939e-02,1.923076923076927347e-02,9.925093632958801315e-01,1.908396946564883123e-02,1.923076923076927347e-02,2.371541501976281996e-02,1.149425287356320435e-02,9.734848484848485084e-01,2.182539682539682557e-01,0.000000000000000000e+00,1.908396946564883123e-02,7.604562737642539538e-03,4.182509505703424502e-02,1.901140684410651538e-02,0.000000000000000000e+00,9.736842105263158187e-01,1.520912547528519010e-02,0.000000000000000000e+00,1.526717557251910939e-02,3.906250000000000000e-03,1.532567049808430948e-02,2.290076335877866409e-02,3.802281368821325280e-03,0.000000000000000000e+00,9.734848484848485084e-01,0.000000000000000000e+00,0.000000000000000000e+00,1.724137931034486204e-02,1.526717557251910939e-02,0.000000000000000000e+00,2.702702702702697302e-02,1.968503937007870519e-02,1.140684410646386482e-02,0.000000000000000000e+00,1.254752851711026240e-01,7.662835249042099228e-03,1.901140684410651538e-02,7.662835249042099228e-03,0.000000000000000000e+00,7.722007722007706576e-03,3.846153846153832490e-03,0.000000000000000000e+00,1.145038167938927653e-02,1.526717557251910939e-02,1.526717557251910939e-02,0.000000000000000000e+00,0.000000000000000000e+00,1.901140684410651538e-02,1.515151515151513806e-02,1.526717557251910939e-02,3.435114503816794063e-02,0.000000000000000000e+00,0.000000000000000000e+00,1.145038167938927653e-02,2.281368821292772964e-02,0.000000000000000000e+00,1.901140684410651538e-02,1.526717557251910939e-02,2.671755725190838593e-02,2.281368821292772964e-02,1.520912547528519010e-02,9.438202247191010974e-01,1.520912547528519010e-02,0.000000000000000000e+00,4.182509505703424502e-02,2.671755725190838593e-02,1.520912547528519010e-02,3.422053231939159446e-02,0.000000000000000000e+00,0.000000000000000000e+00,0.000000000000000000e+00,1.145038167938927653e-02,0.000000000000000000e+00,0.000000000000000000e+00,0.000000000000000000e+00,1.901140684410651538e-02,0.000000000000000000e+00,3.053435114503821879e-02,1.893939393939392257e-02,1.515151515151513806e-02,1.901140684410651538e-02,9.176029962546816687e-01,0.000000000000000000e+00,0.000000000000000000e+00,0.000000000000000000e+00,0.000000000000000000e+00,3.731343283582044812e-03,3.422053231939159446e-02,2.272727272727270709e-02,0.000000000000000000e+00,1.901140684410651538e-02,2.272727272727270709e-02,0.000000000000000000e+00,0.000000000000000000e+00,1.140684410646386482e-02,1.893939393939392257e-02,1.526717557251910939e-02,0.000000000000000000e+00,1.520912547528519010e-02,3.053435114503821879e-02,2.281368821292772964e-02,1.140684410646386482e-02,3.831417624521105125e-03,1.901140684410651538e-02,7.462686567164200646e-03,0.000000000000000000e+00,3.816793893129721837e-03,0.000000000000000000e+00,0.000000000000000000e+00,9.400749063670411632e-01,1.908396946564883123e-02,0.000000000000000000e+00,1.176470588235289938e-02,9.176029962546816687e-01,3.802281368821291974e-02,1.520912547528519010e-02,2.671755725190838593e-02,7.575757575757569029e-03,0.000000000000000000e+00,2.281368821292772964e-02,2.290076335877866409e-02,1.901140684410651538e-02,0.000000000000000000e+00,1.145038167938927653e-02,2.281368821292772964e-02,1.901140684410651538e-02,0.000000000000000000e+00,0.000000000000000000e+00,0.000000000000000000e+00,1.520912547528519010e-02,7.722007722007706576e-03,7.462686567164200646e-03,7.462686567164200646e-03,7.462686567164200646e-03
1.515151515151513806e-02,7.633587786259554697e-03,1.000000000000000000e+00,0.000000000000000000e+00,3.383458646616543941e-02,1.153846153846149747e-02,2.651515151515151381e-01,1.509433962264150608e-02,1.908396946564883123e-02,7.633587786259554697e-03,2.641509433962263564e-02,1.401515151515151381e-01,1.568627450980397686e-02,6.231343283582089221e-01,1.153846153846149747e-02,1.984126984126988180e-02,0.000000000000000000e+00,1.140684410646386482e-02,0.000000000000000000e+00,2.264150943396225912e-02,3.383458646616543941e-02,0.000000000000000000e+00,7.633587786259554697e-03,5.283018867924527129e-02,0.000000000000000000e+00,7.547169811320753041e-03,1.930501930501926644e-02,1.140684410646386482e-02,5.873605947955390372e-01,3.759398496240629051e-03,0.000000000000000000e+00,7.692307692307664979e-03,0.000000000000000000e+00,0.000000000000000000e+00,1.709401709401714431e-02,1.428571428571429047e-01,0.000000000000000000e+00,2.671755725190838593e-02,1.953125000000000000e-02,3.018867924528301216e-02,3.690036900368953710e-03,2.272727272727270709e-02,7.575757575757569029e-03,3.007518796992481036e-02,6.231343283582089221e-01,0.000000000000000000e+00,1.401515151515151381e-01,2.651515151515149160e-02,0.000000000000000000e+00,1.132075471698112956e-02,6.171003717472118844e-01,1.132075471698112956e-02,0.000000000000000000e+00,3.676470588235281056e-03,9.003690036900369176e-01,2.996254681647936291e-02,1.886792452830188260e-02,2.272727272727270709e-02,0.000000000000000000e+00,0.000000000000000000e+00,6.037037037037036313e-01,7.518796992481258101e-03,0.000000000000000000e+00,2.255639097744366328e-02,1.132075471698112956e-02,3.759398496240629051e-03,7.518796992481258101e-03,1.503759398496240518e-02,7.604562737642539538e-03,1.127819548872177613e-02,0.000000000000000000e+00,4.150943396226414173e-02,1.136363636363635354e-02,7.518796992481258101e-03,2.255639097744366328e-02,0.000000000000000000e+00,0.000000000000000000e+00,3.690036900368953710e-03,1.886792452830188260e-02,0.000000000000000000e+00,0.000000000000000000e+00,0.000000000000000000e+00,1.879699248120303423e-02,0.000000000000000000e+00,4.135338345864658649e-02,1.498127340823973697e-02,1.503759398496240518e-02,1.385767790262172339e-01,7.604562737642539538e-03,0.000000000000000000e+00,0.000000000000000000e+00,0.000000000000000000e+00,0.000000000000000000e+00,0.000000000000000000e+00,2.255639097744366328e-02,1.498127340823973697e-02,0.000000000000000000e+00,1.127819548872177613e-02,2.996254681647936291e-02,0.000000000000000000e+00,0.000000000000000000e+00,8.265682656826568442e-01,2.247191011235960545e-02,7.547169811320753041e-03,0.000000000000000000e+00,3.007518796992481036e-02,7.575757575757569029e-03,3.007518796992481036e-02,2.264150943396225912e-02,1.893939393939392257e-02,1.310861423220973654e-01,0.000000000000000000e+00,0.000000000000000000e+00,1.127819548872177613e-02,0.000000000000000000e+00,0.000000000000000000e+00,7.604562737642539538e-03,1.886792452830188260e-02,0.000000000000000000e+00,3.100775193798455120e-02,7.604562737642539538e-03,1.879699248120303423e-02,1.503759398496240518e-02,4.150943396226414173e-02,1.119402985074626766e-01,0.000000000000000000e+00,2.631578947368418131e-02,1.886792452830188260e-02,1.132075471698112956e-02,0.000000000000000000e+00,5.910780669144981569e-01,2.255639097744366328e-02,2.255639097744366328e-02,0.000000000000000000e+00,0.000000000000000000e+00,0.000000000000000000e+00,1.509433962264150608e-02,7.633587786259554697e-03,0.000000000000000000e+00,0.000000000000000000e+00,0.000000000000000000e+00
0.000000000000000000e+00,0.000000000000000000e+00,0.000000000000000000e+00,1.000000000000000000e+00,0.000000000000000000e+00,0.000000000000000000e+00,0.000000000000000000e+00,0.000000000000000000e+00,0.000000000000000000e+00,0.000000000000000000e+00,0.000000000000000000e+00,0.000000000000000000e+00,0.000000000000000000e+00,0.000000000000000000e+00,0.000000000000000000e+00,0.000000000000000000e+00,0.000000000000000000e+00,0.000000000000000000e+00,0.000000000000000000e+00,0.000000000000000000e+00,0.000000000000000000e+00,0.000000000000000000e+00,0.000000000000000000e+00,0.000000000000000000e+00,7.142857142857117481e-03,0.000000000000000000e+00,0.000000000000000000e+00,0.000000000000000000e+00,0.000000000000000000e+00,0.000000000000000000e+00,0.000000000000000000e+00,0.000000000000000000e+00,0.000000000000000000e+00,3.597122302158251017e-03,0.000000000000000000e+00,0.000000000000000000e+00,0.000000000000000000e+00,0.000000000000000000e+00,0.000000000000000000e+00,0.000000000000000000e+00,0.000000000000000000e+00,0.000000000000000000e+00,0.000000000000000000e+00,0.000000000000000000e+00,0.000000000000000000e+00,0.000000000000000000e+00,0.000000000000000000e+00,0.000000000000000000e+00,0.000000000000000000e+00,0.000000000000000000e+00,0.000000000000000000e+00,0.000000000000000000e+00,3.584229390681037408e-03,7.142857142857117481e-03,0.000000000000000000e+00,0.000000000000000000e+00,0.000000000000000000e+00,0.000000000000000000e+00,0.000000000000000000e+00,0.000000000000000000e+00,0.000000000000000000e+00,0.000000000000000000e+00,8.214285714285713969e-01,0.000000000000000000e+00,0.000000000000000000e+00,0.000000000000000000e+00,0.000000000000000000e+00,0.000000000000000000e+00,0.000000000000000000e+00,0.000000000000000000e+00,0.000000000000000000e+00,0.000000000000000000e+00,0.000000000000000000e+00,0.000000000000000000e+00,0.000000000000000000e+00,3.571428571428558740e-03,7.142857142857117481e-03,0.000000000000000000e+00,0.000000000000000000e+00,0.000000000000000000e+00,0.000000000000000000e+00,0.000000000000000000e+00,0.000000000000000000e+00,0.000000000000000000e+00,0.000000000000000000e+00,0.000000000000000000e+00,0.000000000000000000e+00,0.000000000000000000e+00,0.000000000000000000e+00,0.000000000000000000e+00,0.000000000000000000e+00,0.000000000000000000e+00,0.000000000000000000e+00,0.000000000000000000e+00,0.000000000000000000e+00,0.000000000000000000e+00,3.571428571428558740e-03,0.000000000000000000e+00,0.000000000000000000e+00,0.000000000000000000e+00,3.571428571428558740e-03,0.000000000000000000e+00,0.000000000000000000e+00,0.000000000000000000e+00,0.000000000000000000e+00,0.000000000000000000e+00,0.000000000000000000e+00,0.000000000000000000e+00,0.000000000000000000e+00,0.000000000000000000e+00,0.000000000000000000e+00,0.000000000000000000e+00,0.000000000000000000e+00,0.000000000000000000e+00,0.000000000000000000e+00,0.000000000000000000e+00,0.000000000000000000e+00,0.000000000000000000e+00,7.142857142857117481e-03,0.000000000000000000e+00,0.000000000000000000e+00,0.000000000000000000e+00,0.000000000000000000e+00,0.000000000000000000e+00,0.000000000000000000e+00,0.000000000000000000e+00,0.000000000000000000e+00,0.000000000000000000e+00,0.000000000000000000e+00,7.142857142857117481e-03,0.000000000000000000e+00,0.000000000000000000e+00,0.000000000000000000e+00,3.584229390681037408e-03,3.584229390681037408e-03,0.000000000000000000e+00,0.000000000000000000e+00,0.000000000000000000e+00,0.000000000000000000e+00,0.000000000000000000e+00,0.000000000000000000e+00
6.015037593984962072e-02,2.281368821292772964e-02,3.383458646616543941e-02,0.000000000000000000e+00,1.000000000000000000e+00,2.298850574712640871e-02,1.901140684410651538e-02,7.444444444444444642e-01,1.140684410646386482e-02,2.281368821292772964e-02,4.498141263940520496e-01,1.140684410646386482e-02,7.777777777777777901e-01,4.545454545454541417e-02,1.526717557251910939e-02,1.185770750988146549e-02,0.000000000000000000e+00,5.303030303030298320e-02,5.970149253731338312e-02,7.490636704119846279e-02,9.701492537313427533e-02,0.000000000000000000e+00,2.272727272727270709e-02,5.639097744360899167e-02,0.000000000000000000e+00,2.641509433962263564e-02,1.538461538461532996e-02,1.515151515151513806e-02,4.150943396226414173e-02,7.089552238805973960e-02,0.000000000000000000e+00,1.149425287356320435e-02,0.000000000000000000e+00,0.000000000000000000e+00,1.702127659574470542e-02,3.018867924528301216e-02,0.000000000000000000e+00,1.520912547528519010e-02,7.595419847328244156e-01,7.749077490774907151e-01,0.000000000000000000e+00,2.255639097744366328e-02,2.641509433962263564e-02,7.638376383763837429e-01,3.773584905660376521e-02,0.000000000000000000e+00,3.041825095057038020e-02,1.132075471698112956e-02,0.000000000000000000e+00,6.741573033707870533e-02,3.759398496240606846e-02,3.022388059701492935e-01,0.000000000000000000e+00,3.676470588235281056e-03,3.370786516853929715e-02,6.319702602230481414e-02,3.320895522388059851e-01,1.503759398496240518e-02,0.000000000000000000e+00,0.000000000000000000e+00,4.511278195488721554e-02,5.970149253731338312e-02,0.000000000000000000e+00,7.490636704119846279e-02,3.494423791821561487e-01,3.494423791821561487e-01,6.343283582089553896e-02,5.597014925373133831e-02,1.893939393939392257e-02,5.992509363295883684e-02,0.000000000000000000e+00,2.973977695167285829e-01,1.132075471698112956e-02,6.367041198501877108e-02,3.308550185873605498e-01,0.000000000000000000e+00,0.000000000000000000e+00,0.000000000000000000e+00,2.641509433962263564e-02,0.000000000000000000e+00,0.000000000000000000e+00,0.000000000000000000e+00,3.420074349442379091e-01,0.000000000000000000e+00,3.246268656716417844e-01,4.850746268656713767e-02,5.223880597014929350e-02,2.631578947368418131e-02,2.264150943396225912e-02,0.000000000000000000e+00,0.000000000000000000e+00,0.000000000000000000e+00,0.000000000000000000e+00,3.676470588235281056e-03,3.754646840148698761e-01,8.125000000000000000e-01,0.000000000000000000e+00,3.197026022304833015e-01,4.104477611940293702e-02,3.676470588235281056e-03,0.000000000000000000e+00,2.631578947368418131e-02,5.597014925373133831e-02,3.134328358208955390e-01,0.000000000000000000e+00,4.494382022471909988e-02,1.132075471698112956e-02,5.617977528089890260e-02,5.243445692883896836e-02,1.509433962264150608e-02,3.007518796992481036e-02,3.676470588235281056e-03,3.676470588235281056e-03,3.382899628252787894e-01,0.000000000000000000e+00,0.000000000000000000e+00,2.272727272727270709e-02,7.116104868913852854e-02,0.000000000000000000e+00,1.550387596899227560e-02,2.272727272727270709e-02,3.085501858736059422e-01,7.116104868913852854e-02,3.358208955223880299e-01,1.123595505617980272e-02,3.676470588235281056e-03,7.970479704797047704e-01,3.656716417910447214e-01,1.503759398496240518e-02,0.000000000000000000e+00,3.383458646616543941e-02,7.089552238805973960e-02,3.011152416356877026e-01,0.000000000000000000e+00,0.000000000000000000e+00,0.000000000000000000e+00,5.617977528089890260e-02,3.041825095057038020e-02,0.000000000000000000e+00,0.000000000000000000e+00,0.000000000000000000e+00
2.692307692307693845e-02,7.782101167315147450e-03,1.153846153846149747e-02,0.000000000000000000e+00,2.298850574712640871e-02,1.000000000000000000e+00,2.713178294573648230e-02,1.538461538461532996e-02,1.158301158301155986e-02,7.782101167315147450e-03,1.153846153846149747e-02,1.550387596899227560e-02,1.984126984126988180e-02,1.544401544401541315e-02,7.782101167315147450e-03,8.032128514056213753e-03,0.000000000000000000e+00,1.930501930501926644e-02,2.671755725190838593e-02,3.831417624521071819e-02,3.065134099616861896e-02,0.000000000000000000e+00,1.162790697674420670e-02,1.149425287356320435e-02,0.000000000000000000e+00,2.692307692307693845e-02,9.923664122137404453e-01,7.722007722007706576e-03,1.153846153846149747e-02,1.915708812260541460e-02,0.000000000000000000e+00,0.000000000000000000e+00,0.000000000000000000e+00,0.000000000000000000e+00,1.724137931034486204e-02,1.538461538461532996e-02,0.000000000000000000e+00,1.930501930501926644e-02,1.976284584980236847e-02,1.538461538461532996e-02,0.000000000000000000e+00,1.153846153846149747e-02,5.363984674329502766e-02,1.149425287356320435e-02,2.316602316602311973e-02,0.000000000000000000e+00,1.162790697674420670e-02,1.544401544401541315e-02,0.000000000000000000e+00,2.681992337164751383e-02,1.153846153846149747e-02,2.692307692307693845e-02,0.000000000000000000e+00,0.000000000000000000e+00,1.532567049808430948e-02,3.053435114503821879e-02,1.153846153846149747e-02,1.538461538461532996e-02,0.000000000000000000e+00,0.000000000000000000e+00,1.153846153846149747e-02,2.681992337164751383e-02,0.000000000000000000e+00,2.681992337164751383e-02,1.923076923076927347e-02,1.915708812260541460e-02,2.671755725190838593e-02,2.298850574712640871e-02,1.158301158301155986e-02,3.065134099616861896e-02,0.000000000000000000e+00,1.923076923076927347e-02,1.923076923076927347e-02,1.915708812260541460e-02,1.923076923076927347e-02,0.000000000000000000e+00,0.000000000000000000e+00,3.773584905660376521e-03,6.130268199233712689e-02,0.000000000000000000e+00,0.000000000000000000e+00,0.000000000000000000e+00,1.149425287356320435e-02,0.000000000000000000e+00,2.692307692307693845e-02,3.435114503816794063e-02,3.435114503816794063e-02,7.662835249042099228e-03,7.722007722007706576e-03,0.000000000000000000e+00,0.000000000000000000e+00,0.000000000000000000e+00,0.000000000000000000e+00,0.000000000000000000e+00,2.298850574712640871e-02,1.908396946564883123e-02,0.000000000000000000e+00,2.298850574712640871e-02,3.053435114503821879e-02,0.000000000000000000e+00,3.759398496240629051e-03,1.923076923076927347e-02,2.671755725190838593e-02,1.538461538461532996e-02,0.000000000000000000e+00,3.053435114503821879e-02,1.538461538461532996e-02,3.435114503816794063e-02,3.831417624521071819e-02,7.722007722007706576e-03,1.538461538461532996e-02,0.000000000000000000e+00,0.000000000000000000e+00,7.692307692307664979e-03,0.000000000000000000e+00,0.000000000000000000e+00,1.158301158301155986e-02,3.448275862068961306e-02,0.000000000000000000e+00,2.371541501976281996e-02,1.158301158301155986e-02,1.915708812260541460e-02,2.681992337164751383e-02,3.076923076923077094e-02,7.633587786259554697e-03,0.000000000000000000e+00,2.298850574712640871e-02,1.538461538461532996e-02,1.915708812260541460e-02,0.000000000000000000e+00,1.538461538461532996e-02,3.065134099616861896e-02,1.532567049808430948e-02,0.000000000000000000e+00,0.000000000000000000e+00,0.000000000000000000e+00,3.831417624521071819e-02,5.405405405405405705e-02,0.000000000000000000e+00,0.000000000000000000e+00,0.000000000000000000e+00
1.145038167938927653e-02,1.158301158301155986e-02,2.651515151515151381e-01,0.000000000000000000e+00,1.901140684410651538e-02,2.713178294573648230e-02,1.000000000000000000e+00,1.526717557251910939e-02,2.307692307692310596e-02,1.158301158301155986e-02,7.633587786259554697e-03,1.526717557251908719e-01,1.968503937007870519e-02,2.651515151515151381e-01,1.162790697674420670e-02,2.390438247011950068e-02,0.000000000000000000e+00,1.915708812260541460e-02,1.893939393939392257e-02,3.802281368821325280e-03,3.802281368821325280e-03,0.000000000000000000e+00,3.846153846153832490e-03,3.435114503816794063e-02,0.000000000000000000e+00,2.298850574712640871e-02,2.723735408560312710e-02,1.538461538461532996e-02,2.424242424242424310e-01,1.901140684410651538e-02,0.000000000000000000e+00,3.875968992248068901e-03,0.000000000000000000e+00,0.000000000000000000e+00,2.991452991452991927e-02,1.634980988593155438e-01,3.717472118959119776e-03,2.692307692307693845e-02,1.960784313725494332e-02,1.520912547528519010e-02,0.000000000000000000e+00,1.145038167938927653e-02,7.662835249042099228e-03,1.520912547528519010e-02,2.765151515151514916e-01,3.717472118959119776e-03,1.877394636015325968e-01,1.915708812260541460e-02,0.000000000000000000e+00,1.901140684410651538e-02,2.641509433962264675e-01,1.532567049808430948e-02,0.000000000000000000e+00,0.000000000000000000e+00,2.641509433962264675e-01,1.136363636363635354e-02,1.145038167938927653e-02,1.915708812260541460e-02,0.000000000000000000e+00,0.000000000000000000e+00,2.716981132075472205e-01,3.030303030303027612e-02,0.000000000000000000e+00,3.802281368821325280e-03,1.526717557251910939e-02,1.520912547528519010e-02,2.272727272727270709e-02,1.520912547528519010e-02,1.149425287356320435e-02,1.520912547528519010e-02,0.000000000000000000e+00,2.671755725190838593e-02,1.915708812260541460e-02,1.140684410646386482e-02,1.145038167938927653e-02,0.000000000000000000e+00,0.000000000000000000e+00,3.731343283582044812e-03,7.633587786259554697e-03,0.000000000000000000e+00,0.000000000000000000e+00,0.000000000000000000e+00,1.520912547528519010e-02,0.000000000000000000e+00,2.290076335877866409e-02,1.515151515151513806e-02,7.575757575757569029e-03,1.742424242424241987e-01,7.662835249042099228e-03,0.000000000000000000e+00,0.000000000000000000e+00,0.000000000000000000e+00,0.000000000000000000e+00,0.000000000000000000e+00,2.281368821292772964e-02,1.136363636363635354e-02,0.000000000000000000e+00,2.290076335877866409e-02,1.515151515151513806e-02,0.000000000000000000e+00,0.000000000000000000e+00,2.566037735849057144e-01,1.136363636363635354e-02,1.145038167938927653e-02,0.000000000000000000e+00,1.901140684410651538e-02,1.149425287356320435e-02,3.422053231939159446e-02,3.802281368821291974e-02,1.149425287356320435e-02,1.742424242424241987e-01,0.000000000000000000e+00,0.000000000000000000e+00,1.526717557251910939e-02,0.000000000000000000e+00,0.000000000000000000e+00,7.692307692307664979e-03,1.901140684410651538e-02,0.000000000000000000e+00,3.937007874015752140e-02,1.149425287356320435e-02,1.901140684410651538e-02,1.140684410646386482e-02,1.526717557251910939e-02,1.169811320754716721e-01,0.000000000000000000e+00,1.520912547528519010e-02,1.526717557251910939e-02,1.901140684410651538e-02,0.000000000000000000e+00,2.566037735849057144e-01,1.515151515151513806e-02,1.520912547528519010e-02,0.000000000000000000e+00,0.000000000000000000e+00,0.000000000000000000e+00,4.182509505703424502e-02,3.846153846153832490e-03,0.000000000000000000e+00,0.000000000000000000e+00,0.000000000000000000e+00
6.015037593984962072e-02,1.526717557251910939e-02,1.509433962264150608e-02,0.000000000000000000e+00,7.444444444444444642e-01,1.538461538461532996e-02,1.526717557251910939e-02,1.000000000000000000e+00,2.281368821292772964e-02,1.908396946564883123e-02,4.684014869888475374e-01,1.908396946564883123e-02,7.615384615384614975e-01,4.545454545454541417e-02,2.681992337164751383e-02,1.190476190476186247e-02,0.000000000000000000e+00,5.703422053231943512e-02,6.343283582089553896e-02,7.116104868913852854e-02,7.116104868913852854e-02,0.000000000000000000e+00,2.661596958174905492e-02,4.150943396226414173e-02,0.000000000000000000e+00,1.132075471698112956e-02,1.930501930501926644e-02,3.030303030303027612e-02,2.641509433962263564e-02,7.835820895522382923e-02,0.000000000000000000e+00,2.298850574712640871e-02,0.000000000000000000e+00,0.000000000000000000e+00,1.702127659574470542e-02,1.509433962264150608e-02,0.000000000000000000e+00,1.520912547528519010e-02,9.847328244274808906e-01,7.675276752767528077e-01,3.690036900368953710e-03,2.264150943396225912e-02,2.651515151515149160e-02,7.749077490774907151e-01,3.787878787878784514e-02,0.000000000000000000e+00,2.671755725190838593e-02,1.136363636363635354e-02,0.000000000000000000e+00,7.116104868913852854e-02,3.018867924528301216e-02,3.295880149812734361e-01,0.000000000000000000e+00,3.676470588235281056e-03,1.879699248120303423e-02,6.716417910447758377e-02,3.768656716417910779e-01,2.264150943396225912e-02,0.000000000000000000e+00,0.000000000000000000e+00,3.396226415094338869e-02,7.116104868913852854e-02,0.000000000000000000e+00,5.243445692883896836e-02,3.843283582089552786e-01,3.731343283582089221e-01,6.343283582089553896e-02,6.343283582089553896e-02,3.030303030303027612e-02,6.741573033707870533e-02,0.000000000000000000e+00,2.873134328358208922e-01,1.893939393939392257e-02,6.741573033707870533e-02,3.805970149253731227e-01,0.000000000000000000e+00,0.000000000000000000e+00,3.690036900368953710e-03,2.641509433962263564e-02,0.000000000000000000e+00,0.000000000000000000e+00,0.000000000000000000e+00,3.768656716417910779e-01,0.000000000000000000e+00,3.619402985074626766e-01,4.477611940298509285e-02,4.477611940298509285e-02,1.879699248120303423e-02,2.651515151515149160e-02,0.000000000000000000e+00,0.000000000000000000e+00,0.000000000000000000e+00,0.000000000000000000e+00,0.000000000000000000e+00,3.866171003717472354e-01,7.970479704797047704e-01,0.000000000000000000e+00,3.320895522388059851e-01,3.358208955223884740e-02,3.676470588235281056e-03,0.000000000000000000e+00,2.255639097744366328e-02,4.104477611940293702e-02,3.183520599250936334e-01,0.000000000000000000e+00,5.243445692883896836e-02,1.886792452830188260e-02,5.992509363295883684e-02,6.367041198501877108e-02,7.547169811320753041e-03,1.886792452830188260e-02,0.000000000000000000e+00,0.000000000000000000e+00,3.843283582089552786e-01,0.000000000000000000e+00,0.000000000000000000e+00,3.409090909090906063e-02,7.894736842105265495e-02,0.000000000000000000e+00,1.167315175097272117e-02,3.409090909090906063e-02,3.059701492537313383e-01,5.617977528089890260e-02,3.595505617977527990e-01,1.123595505617980272e-02,0.000000000000000000e+00,7.785977859778597798e-01,3.656716417910447214e-01,1.127819548872177613e-02,0.000000000000000000e+00,3.396226415094338869e-02,6.741573033707870533e-02,3.208955223880597396e-01,0.000000000000000000e+00,0.000000000000000000e+00,0.000000000000000000e+00,6.015037593984962072e-02,3.422053231939159446e-02,0.000000000000000000e+00,0.000000000000000000e+00,0.000000000000000000e+00
1.526717557251910939e-02,1.923076923076927347e-02,1.908396946564883123e-02,0.000000000000000000e+00,1.140684410646386482e-02,1.158301158301155986e-02,2.307692307692310596e-02,2.281368821292772964e-02,1.000000000000000000e+00,2.692307692307693845e-02,1.520912547528519010e-02,3.076923076923077094e-02,1.960784313725494332e-02,3.065134099616861896e-02,2.316602316602311973e-02,1.992031872509958390e-02,0.000000000000000000e+00,7.662835249042099228e-03,1.520912547528519010e-02,1.901140684410651538e-02,1.140684410646386482e-02,0.000000000000000000e+00,1.538461538461532996e-02,1.520912547528519010e-02,0.000000000000000000e+00,9.101123595505618002e-01,1.937984496124034450e-02,6.106870229007632656e-02,4.580152671755721716e-02,1.520912547528519010e-02,0.000000000000000000e+00,1.550387596899227560e-02,0.000000000000000000e+00,0.000000000000000000e+00,9.033613445378151363e-01,3.435114503816794063e-02,0.000000000000000000e+00,8.872180451127820167e-01,1.568627450980397686e-02,1.140684410646386482e-02,0.000000000000000000e+00,1.526717557251910939e-02,2.671755725190838593e-02,2.281368821292772964e-02,2.681992337164751383e-02,0.000000000000000000e+00,2.307692307692310596e-02,3.831417624521105125e-03,0.000000000000000000e+00,1.140684410646386482e-02,2.661596958174905492e-02,1.526717557251910939e-02,0.000000000000000000e+00,0.000000000000000000e+00,3.030303030303027612e-02,1.136363636363635354e-02,2.281368821292772964e-02,4.182509505703424502e-02,3.717472118959119776e-03,0.000000000000000000e+00,3.422053231939159446e-02,1.901140684410651538e-02,0.000000000000000000e+00,2.651515151515149160e-02,1.901140684410651538e-02,1.901140684410651538e-02,1.515151515151513806e-02,1.893939393939392257e-02,1.532567049808430948e-02,7.604562737642539538e-03,0.000000000000000000e+00,1.520912547528519010e-02,6.488549618320615942e-02,2.651515151515149160e-02,1.901140684410651538e-02,0.000000000000000000e+00,0.000000000000000000e+00,7.462686567164200646e-03,2.290076335877866409e-02,0.000000000000000000e+00,0.000000000000000000e+00,0.000000000000000000e+00,2.281368821292772964e-02,0.000000000000000000e+00,3.053435114503821879e-02,1.893939393939392257e-02,1.515151515151513806e-02,3.053435114503821879e-02,1.915708812260541460e-02,0.000000000000000000e+00,0.000000000000000000e+00,0.000000000000000000e+00,0.000000000000000000e+00,0.000000000000000000e+00,1.901140684410651538e-02,1.893939393939392257e-02,0.000000000000000000e+00,1.140684410646386482e-02,1.893939393939392257e-02,0.000000000000000000e+00,0.000000000000000000e+00,3.422053231939159446e-02,1.893939393939392257e-02,1.526717557251910939e-02,0.000000000000000000e+00,2.272727272727270709e-02,4.942965779467678455e-02,1.901140684410651538e-02,1.520912547528519010e-02,7.633587786259554697e-03,3.435114503816794063e-02,0.000000000000000000e+00,0.000000000000000000e+00,3.041825095057038020e-02,0.000000000000000000e+00,0.000000000000000000e+00,1.532567049808430948e-02,7.604562737642539538e-03,0.000000000000000000e+00,7.843137254901932920e-03,1.532567049808430948e-02,1.520912547528519010e-02,1.515151515151513806e-02,2.281368821292772964e-02,3.030303030303027612e-02,0.000000000000000000e+00,1.136363636363635354e-02,3.802281368821291974e-02,8.843283582089551675e-01,0.000000000000000000e+00,2.661596958174905492e-02,1.515151515151513806e-02,1.140684410646386482e-02,0.000000000000000000e+00,0.000000000000000000e+00,0.000000000000000000e+00,2.281368821292772964e-02,2.307692307692310596e-02,0.000000000000000000e+00,0.000000000000000000e+00,0.000000000000000000e+00
1.901140684410651538e-02,9.925093632958801315e-01,7.633587786259554697e-03,0.000000000000000000e+00,2.281368821292772964e-02,7.782101167315147450e-03,1.158301158301155986e-02,1.908396946564883123e-02,2.692307692307693845e-02,1.000000000000000000e+00,1.526717557251910939e-02,1.930501930501926644e-02,2.371541501976281996e-02,1.915708812260541460e-02,9.659090909090909394e-01,2.261904761904761640e-01,0.000000000000000000e+00,2.290076335877866409e-02,7.604562737642539538e-03,4.182509505703424502e-02,2.281368821292772964e-02,0.000000000000000000e+00,9.736842105263158187e-01,1.140684410646386482e-02,0.000000000000000000e+00,2.290076335877866409e-02,3.906250000000000000e-03,1.149425287356320435e-02,2.671755725190838593e-02,3.802281368821325280e-03,0.000000000000000000e+00,9.695817490494296198e-01,0.000000000000000000e+00,0.000000000000000000e+00,1.293103448275867429e-02,1.526717557251910939e-02,0.000000000000000000e+00,2.702702702702697302e-02,2.362204724409444623e-02,1.520912547528519010e-02,0.000000000000000000e+00,1.292775665399239493e-01,1.149425287356320435e-02,1.520912547528519010e-02,1.532567049808430948e-02,0.000000000000000000e+00,3.861003861003853288e-03,3.846153846153832490e-03,0.000000000000000000e+00,1.145038167938927653e-02,7.633587786259554697e-03,1.908396946564883123e-02,0.000000000000000000e+00,0.000000000000000000e+00,1.520912547528519010e-02,1.515151515151513806e-02,1.908396946564883123e-02,3.053435114503821879e-02,0.000000000000000000e+00,0.000000000000000000e+00,7.633587786259554697e-03,1.520912547528519010e-02,0.000000000000000000e+00,2.281368821292772964e-02,1.526717557251910939e-02,2.290076335877866409e-02,2.281368821292772964e-02,1.901140684410651538e-02,9.438202247191010974e-01,1.901140684410651538e-02,0.000000000000000000e+00,4.182509505703424502e-02,2.671755725190838593e-02,2.281368821292772964e-02,3.041825095057038020e-02,0.000000000000000000e+00,0.000000000000000000e+00,0.000000000000000000e+00,1.145038167938927653e-02,0.000000000000000000e+00,0.000000000000000000e+00,0.000000000000000000e+00,1.901140684410651538e-02,0.000000000000000000e+00,1.908396946564883123e-02,1.515151515151513806e-02,1.515151515151513806e-02,1.901140684410651538e-02,9.176029962546816687e-01,3.717472118959119776e-03,3.717472118959119776e-03,0.000000000000000000e+00,0.000000000000000000e+00,3.731343283582044812e-03,3.422053231939159446e-02,1.893939393939392257e-02,0.000000000000000000e+00,1.901140684410651538e-02,2.651515151515149160e-02,0.000000000000000000e+00,0.000000000000000000e+00,1.140684410646386482e-02,2.272727272727270709e-02,1.908396946564883123e-02,0.000000000000000000e+00,1.901140684410651538e-02,3.435114503816794063e-02,2.661596958174905492e-02,1.520912547528519010e-02,3.831417624521105125e-03,2.281368821292772964e-02,7.462686567164200646e-03,0.000000000000000000e+00,3.816793893129721837e-03,0.000000000000000000e+00,0.000000000000000000e+00,9.438202247191010974e-01,1.908396946564883123e-02,0.000000000000000000e+00,1.176470588235289938e-02,9.135338345864661980e-01,3.802281368821291974e-02,1.901140684410651538e-02,2.671755725190838593e-02,1.893939393939392257e-02,0.000000000000000000e+00,2.281368821292772964e-02,2.290076335877866409e-02,1.901140684410651538e-02,0.000000000000000000e+00,1.526717557251910939e-02,1.901140684410651538e-02,2.661596958174905492e-02,0.000000000000000000e+00,0.000000000000000000e+00,0.000000000000000000e+00,1.520912547528519010e-02,7.722007722007706576e-03,7.462686567164200646e-03,7.462686567164200646e-03,7.462686567164200646e-03
7.547169811320753041e-02,1.908396946564883123e-02,2.641509433962263564e-02,0.000000000000000000e+00,4.498141263940520496e-01,1.153846153846149747e-02,7.633587786259554697e-03,4.684014869888475374e-01,1.520912547528519010e-02,1.526717557251910939e-02,1.000000000000000000e+00,1.145038167938927653e-02,4.651162790697674909e-01,4.924242424242419869e-02,1.149425287356320435e-02,7.936507936507908312e-03,0.000000000000000000e+00,4.166666666666662966e-02,6.741573033707870533e-02,6.741573033707870533e-02,8.239700374531833127e-02,0.000000000000000000e+00,1.520912547528519010e-02,2.641509433962263564e-02,0.000000000000000000e+00,2.264150943396225912e-02,1.544401544401541315e-02,1.136363636363635354e-02,4.528301886792451825e-02,8.239700374531833127e-02,0.000000000000000000e+00,1.532567049808430948e-02,0.000000000000000000e+00,0.000000000000000000e+00,1.702127659574470542e-02,2.264150943396225912e-02,0.000000000000000000e+00,1.526717557251910939e-02,4.769230769230768940e-01,4.498141263940520496e-01,3.690036900368953710e-03,3.018867924528301216e-02,3.787878787878784514e-02,4.609665427509294089e-01,4.166666666666662966e-02,0.000000000000000000e+00,1.908396946564883123e-02,3.787878787878784514e-03,0.000000000000000000e+00,9.363295880149813399e-02,4.150943396226414173e-02,3.295880149812734361e-01,0.000000000000000000e+00,3.690036900368953710e-03,2.631578947368418131e-02,6.716417910447758377e-02,3.932584269662920962e-01,3.773584905660376521e-03,0.000000000000000000e+00,0.000000000000000000e+00,4.150943396226414173e-02,7.865168539325839703e-02,0.000000000000000000e+00,8.239700374531833127e-02,3.432835820895522305e-01,3.395522388059701857e-01,7.462686567164178442e-02,7.490636704119846279e-02,2.272727272727270709e-02,7.116104868913852854e-02,0.000000000000000000e+00,3.171641791044775838e-01,1.136363636363635354e-02,9.363295880149813399e-02,3.731343283582089221e-01,0.000000000000000000e+00,0.000000000000000000e+00,0.000000000000000000e+00,4.150943396226414173e-02,0.000000000000000000e+00,0.000000000000000000e+00,0.000000000000000000e+00,3.805970149253731227e-01,0.000000000000000000e+00,3.445692883895130620e-01,7.462686567164178442e-02,7.490636704119846279e-02,2.264150943396225912e-02,1.893939393939392257e-02,0.000000000000000000e+00,0.000000000000000000e+00,0.000000000000000000e+00,0.000000000000000000e+00,0.000000000000000000e+00,4.029850746268657247e-01,4.740740740740740922e-01,0.000000000000000000e+00,3.320895522388059851e-01,5.617977528089890260e-02,0.000000000000000000e+00,0.000000000000000000e+00,1.127819548872177613e-02,6.716417910447758377e-02,3.220973782771535676e-01,0.000000000000000000e+00,6.741573033707870533e-02,3.787878787878784514e-03,7.865168539325839703e-02,6.390977443609024977e-02,7.575757575757569029e-03,3.018867924528301216e-02,0.000000000000000000e+00,0.000000000000000000e+00,3.768656716417910779e-01,0.000000000000000000e+00,0.000000000000000000e+00,2.272727272727270709e-02,8.646616541353380203e-02,0.000000000000000000e+00,3.875968992248068901e-03,1.893939393939392257e-02,3.134328358208955390e-01,7.116104868913852854e-02,3.595505617977527990e-01,1.123595505617980272e-02,0.000000000000000000e+00,4.758364312267657770e-01,3.917910447761193682e-01,1.879699248120303423e-02,0.000000000000000000e+00,3.018867924528301216e-02,7.490636704119846279e-02,3.358208955223880299e-01,0.000000000000000000e+00,0.000000000000000000e+00,0.000000000000000000e+00,6.390977443609024977e-02,3.802281368821291974e-02,0.000000000000000000e+00,0.000000000000000000e+00,0.000000000000000000e+00
3.816793893129721837e-03,1.923076923076927347e-02,1.401515151515151381e-01,0.000000000000000000e+00,1.140684410646386482e-02,1.550387596899227560e-02,1.526717557251908719e-01,1.908396946564883123e-02,3.076923076923077094e-02,1.930501930501926644e-02,1.145038167938927653e-02,1.000000000000000000e+00,2.362204724409444623e-02,1.330798479087452746e-01,1.930501930501926644e-02,1.200000000000001066e-02,0.000000000000000000e+00,3.448275862068961306e-02,2.281368821292772964e-02,0.000000000000000000e+00,1.140684410646386482e-02,0.000000000000000000e+00,1.538461538461532996e-02,4.198473282442749532e-02,0.000000000000000000e+00,3.448275862068961306e-02,7.782101167315147450e-03,3.846153846153843592e-02,1.628787878787878451e-01,2.661596958174905492e-02,0.000000000000000000e+00,1.162790697674420670e-02,0.000000000000000000e+00,0.000000000000000000e+00,3.004291845493567426e-02,9.812734082397003288e-01,0.000000000000000000e+00,2.692307692307693845e-02,2.352941176470590978e-02,3.041825095057038020e-02,0.000000000000000000e+00,2.671755725190838593e-02,2.681992337164751383e-02,1.901140684410651538e-02,1.216730038022814098e-01,0.000000000000000000e+00,7.651515151515151381e-01,1.532567049808430948e-02,0.000000000000000000e+00,2.661596958174905492e-02,1.477272727272727071e-01,1.908396946564883123e-02,0.000000000000000000e+00,0.000000000000000000e+00,1.283018867924528017e-01,3.787878787878784514e-03,3.053435114503821879e-02,3.065134099616861896e-02,0.000000000000000000e+00,0.000000000000000000e+00,1.515151515151514916e-01,2.281368821292772964e-02,0.000000000000000000e+00,3.802281368821325280e-03,1.520912547528519010e-02,1.901140684410651538e-02,2.272727272727270709e-02,3.802281368821291974e-02,1.532567049808430948e-02,1.901140684410651538e-02,0.000000000000000000e+00,1.908396946564883123e-02,3.065134099616861896e-02,3.802281368821291974e-02,2.281368821292772964e-02,0.000000000000000000e+00,0.000000000000000000e+00,0.000000000000000000e+00,2.298850574712640871e-02,0.000000000000000000e+00,0.000000000000000000e+00,0.000000000000000000e+00,2.281368821292772964e-02,0.000000000000000000e+00,2.661596958174905492e-02,2.272727272727270709e-02,0.000000000000000000e+00,9.738805970149253532e-01,1.915708812260541460e-02,0.000000000000000000e+00,0.000000000000000000e+00,0.000000000000000000e+00,0.000000000000000000e+00,0.000000000000000000e+00,1.901140684410651538e-02,1.515151515151513806e-02,0.000000000000000000e+00,2.661596958174905492e-02,7.575757575757569029e-03,0.000000000000000000e+00,0.000000000000000000e+00,1.325757575757575690e-01,3.787878787878784514e-03,1.526717557251910939e-02,0.000000000000000000e+00,3.802281368821291974e-02,2.681992337164751383e-02,3.422053231939159446e-02,3.041825095057038020e-02,1.915708812260541460e-02,9.888059701492537545e-01,0.000000000000000000e+00,0.000000000000000000e+00,3.041825095057038020e-02,0.000000000000000000e+00,0.000000000000000000e+00,2.298850574712640871e-02,7.633587786259554697e-03,0.000000000000000000e+00,1.176470588235289938e-02,2.298850574712640871e-02,1.901140684410651538e-02,7.604562737642539538e-03,2.281368821292772964e-02,2.406015037593984829e-01,0.000000000000000000e+00,7.604562737642539538e-03,2.661596958174905492e-02,3.435114503816794063e-02,0.000000000000000000e+00,1.401515151515151381e-01,1.140684410646386482e-02,2.661596958174905492e-02,0.000000000000000000e+00,0.000000000000000000e+00,0.000000000000000000e+00,4.182509505703424502e-02,3.076923076923077094e-02,0.000000000000000000e+00,0.000000000000000000e+00,0.000000000000000000e+00
6.640625000000000000e-02,2.371541501976281996e-02,1.568627450980397686e-02,0.000000000000000000e+00,7.777777777777777901e-01,1.984126984126988180e-02,1.968503937007870519e-02,7.615384615384614975e-01,1.960784313725494332e-02,2.371541501976281996e-02,4.651162790697674909e-01,2.362204724409444623e-02,1.000000000000000000e+00,5.882352941176471894e-02,2.371541501976281996e-02,4.048582995951455210e-03,3.831417624521105125e-03,5.118110236220474452e-02,7.364341085271319809e-02,6.976744186046512919e-02,7.364341085271319809e-02,0.000000000000000000e+00,2.766798418972327145e-02,3.906250000000000000e-02,0.000000000000000000e+00,1.176470588235289938e-02,1.984126984126988180e-02,1.181102362204722311e-02,3.529411764705880916e-02,9.727626459143967619e-02,0.000000000000000000e+00,2.777777777777779011e-02,0.000000000000000000e+00,0.000000000000000000e+00,1.298701298701299134e-02,2.352941176470590978e-02,0.000000000000000000e+00,7.874015748031482076e-03,7.568627450980391913e-01,9.655172413793103869e-01,3.831417624521105125e-03,7.843137254901932920e-03,2.755905511811018727e-02,9.693486590038313810e-01,4.330708661417326244e-02,0.000000000000000000e+00,2.766798418972327145e-02,7.843137254901932920e-03,0.000000000000000000e+00,7.003891050583654909e-02,4.296875000000000000e-02,3.151750972762645819e-01,0.000000000000000000e+00,0.000000000000000000e+00,2.723735408560312710e-02,7.364341085271319809e-02,3.527131782945736038e-01,1.568627450980397686e-02,0.000000000000000000e+00,0.000000000000000000e+00,5.078125000000000000e-02,7.782101167315169654e-02,0.000000000000000000e+00,7.003891050583654909e-02,3.682170542635658794e-01,3.565891472868216727e-01,7.751937984496126699e-02,7.782101167315169654e-02,2.755905511811018727e-02,7.782101167315169654e-02,0.000000000000000000e+00,2.674418604651163101e-01,2.745098039215687624e-02,5.447470817120625419e-02,3.333333333333333703e-01,0.000000000000000000e+00,0.000000000000000000e+00,3.831417624521105125e-03,2.352941176470590978e-02,0.000000000000000000e+00,0.000000000000000000e+00,0.000000000000000000e+00,3.604651162790697416e-01,0.000000000000000000e+00,3.255813953488372325e-01,6.201550387596899139e-02,5.813953488372092249e-02,2.343750000000000000e-02,2.755905511811018727e-02,0.000000000000000000e+00,0.000000000000000000e+00,0.000000000000000000e+00,0.000000000000000000e+00,3.816793893129721837e-03,3.706563706563706928e-01,8.122605363984674032e-01,0.000000000000000000e+00,3.217054263565891636e-01,8.139534883720933589e-02,3.816793893129721837e-03,0.000000000000000000e+00,2.343750000000000000e-02,9.302325581395354259e-02,3.073929961089494345e-01,0.000000000000000000e+00,4.669260700389099572e-02,1.953125000000000000e-02,4.669260700389099572e-02,5.058365758754868047e-02,7.843137254901932920e-03,1.562500000000000000e-02,3.816793893129721837e-03,0.000000000000000000e+00,3.488372093023255349e-01,0.000000000000000000e+00,0.000000000000000000e+00,3.149606299212603933e-02,7.812500000000000000e-02,0.000000000000000000e+00,8.064516129032250902e-03,2.755905511811018727e-02,2.984496124031007502e-01,6.614785992217897537e-02,3.294573643410853014e-01,1.167315175097272117e-02,0.000000000000000000e+00,7.923076923076922684e-01,3.488372093023255349e-01,1.562500000000000000e-02,0.000000000000000000e+00,5.078125000000000000e-02,7.003891050583654909e-02,3.062015503875968880e-01,0.000000000000000000e+00,0.000000000000000000e+00,0.000000000000000000e+00,4.669260700389099572e-02,2.766798418972327145e-02,0.000000000000000000e+00,0.000000000000000000e+00,0.000000000000000000e+00
1.901140684410651538e-02,1.149425287356320435e-02,6.231343283582089221e-01,0.000000000000000000e+00,4.545454545454541417e-02,1.544401544401541315e-02,2.651515151515151381e-01,4.545454545454541417e-02,3.065134099616861896e-02,1.915708812260541460e-02,4.924242424242419869e-02,1.330798479087452746e-01,5.882352941176471894e-02,1.000000000000000000e+00,1.158301158301155986e-02,1.593625498007966712e-02,0.000000000000000000e+00,3.435114503816794063e-02,1.132075471698112956e-02,3.030303030303027612e-02,3.396226415094338869e-02,0.000000000000000000e+00,1.915708812260541460e-02,6.060606060606055223e-02,0.000000000000000000e+00,1.140684410646386482e-02,1.550387596899227560e-02,3.053435114503821879e-02,7.806691449814125994e-01,1.886792452830188260e-02,0.000000000000000000e+00,1.544401544401541315e-02,0.000000000000000000e+00,0.000000000000000000e+00,1.287553648068673340e-02,1.433962264150943078e-01,0.000000000000000000e+00,2.298850574712640871e-02,2.745098039215687624e-02,5.681818181818176772e-02,3.703703703703653538e-03,1.901140684410651538e-02,1.520912547528519010e-02,5.660377358490564781e-02,9.739776951672862726e-01,0.000000000000000000e+00,1.259541984732824860e-01,1.520912547528519010e-02,0.000000000000000000e+00,1.886792452830188260e-02,8.847583643122676200e-01,2.272727272727270709e-02,0.000000000000000000e+00,3.703703703703653538e-03,6.171003717472118844e-01,2.641509433962263564e-02,4.166666666666662966e-02,2.661596958174905492e-02,0.000000000000000000e+00,0.000000000000000000e+00,8.587360594795538926e-01,1.509433962264150608e-02,0.000000000000000000e+00,1.886792452830188260e-02,2.272727272727270709e-02,3.018867924528301216e-02,1.132075471698112956e-02,1.509433962264150608e-02,1.145038167938927653e-02,3.396226415094338869e-02,0.000000000000000000e+00,4.545454545454541417e-02,2.290076335877866409e-02,1.515151515151513806e-02,3.409090909090906063e-02,0.000000000000000000e+00,0.000000000000000000e+00,0.000000000000000000e+00,1.901140684410651538e-02,0.000000000000000000e+00,0.000000000000000000e+00,0.000000000000000000e+00,4.150943396226414173e-02,0.000000000000000000e+00,4.545454545454541417e-02,2.255639097744366328e-02,1.509433962264150608e-02,1.390977443609022757e-01,1.145038167938927653e-02,0.000000000000000000e+00,0.000000000000000000e+00,0.000000000000000000e+00,0.000000000000000000e+00,0.000000000000000000e+00,3.773584905660376521e-02,4.905660377358489477e-02,0.000000000000000000e+00,1.893939393939392257e-02,3.018867924528301216e-02,0.000000000000000000e+00,0.000000000000000000e+00,5.634328358208955390e-01,3.018867924528301216e-02,1.136363636363635354e-02,0.000000000000000000e+00,2.641509433962263564e-02,1.901140684410651538e-02,4.166666666666662966e-02,2.651515151515149160e-02,2.661596958174905492e-02,1.283018867924528017e-01,0.000000000000000000e+00,0.000000000000000000e+00,2.272727272727270709e-02,0.000000000000000000e+00,0.000000000000000000e+00,1.145038167938927653e-02,1.515151515151513806e-02,0.000000000000000000e+00,3.112840466926070082e-02,1.526717557251910939e-02,2.264150943396225912e-02,2.264150943396225912e-02,5.681818181818176772e-02,1.015037593984962072e-01,0.000000000000000000e+00,3.396226415094338869e-02,3.409090909090906063e-02,1.136363636363635354e-02,0.000000000000000000e+00,8.475836431226766443e-01,2.641509433962263564e-02,2.651515151515149160e-02,0.000000000000000000e+00,0.000000000000000000e+00,0.000000000000000000e+00,3.787878787878784514e-02,3.831417624521105125e-03,0.000000000000000000e+00,0.000000000000000000e+00,0.000000000000000000e+00
2.307692307692310596e-02,9.734848484848485084e-01,1.153846153846149747e-02,0.000000000000000000e+00,1.526717557251910939e-02,7.782101167315147450e-03,1.162790697674420670e-02,2.681992337164751383e-02,2.316602316602311973e-02,9.659090909090909394e-01,1.149425287356320435e-02,1.930501930501926644e-02,2.371541501976281996e-02,1.158301158301155986e-02,1.000000000000000000e+00,2.341269841269840724e-01,3.773584905660376521e-03,1.930501930501926644e-02,1.532567049808430948e-02,3.448275862068961306e-02,1.915708812260541460e-02,0.000000000000000000e+00,9.924528301886792470e-01,1.526717557251910939e-02,0.000000000000000000e+00,1.538461538461532996e-02,0.000000000000000000e+00,3.076923076923077094e-02,2.692307692307693845e-02,7.662835249042099228e-03,0.000000000000000000e+00,9.923954372623574605e-01,0.000000000000000000e+00,0.000000000000000000e+00,1.293103448275867429e-02,1.923076923076927347e-02,0.000000000000000000e+00,2.316602316602311973e-02,1.976284584980236847e-02,1.915708812260541460e-02,0.000000000000000000e+00,1.450381679389313172e-01,7.722007722007706576e-03,1.915708812260541460e-02,1.544401544401541315e-02,0.000000000000000000e+00,1.550387596899227560e-02,3.861003861003853288e-03,0.000000000000000000e+00,7.662835249042099228e-03,1.153846153846149747e-02,1.538461538461532996e-02,3.759398496240629051e-03,0.000000000000000000e+00,7.662835249042099228e-03,2.671755725190838593e-02,1.538461538461532996e-02,2.681992337164751383e-02,0.000000000000000000e+00,0.000000000000000000e+00,1.153846153846149747e-02,1.145038167938927653e-02,0.000000000000000000e+00,1.915708812260541460e-02,1.153846153846149747e-02,1.915708812260541460e-02,1.908396946564883123e-02,1.532567049808430948e-02,9.660377358490566113e-01,1.908396946564883123e-02,0.000000000000000000e+00,2.298850574712640871e-02,3.076923076923077094e-02,2.681992337164751383e-02,3.448275862068961306e-02,0.000000000000000000e+00,0.000000000000000000e+00,0.000000000000000000e+00,1.923076923076927347e-02,0.000000000000000000e+00,0.000000000000000000e+00,0.000000000000000000e+00,1.149425287356320435e-02,0.000000000000000000e+00,2.298850574712640871e-02,1.145038167938927653e-02,1.145038167938927653e-02,1.532567049808430948e-02,9.320754716981132226e-01,0.000000000000000000e+00,0.000000000000000000e+00,0.000000000000000000e+00,0.000000000000000000e+00,0.000000000000000000e+00,2.298850574712640871e-02,1.908396946564883123e-02,0.000000000000000000e+00,1.532567049808430948e-02,1.908396946564883123e-02,0.000000000000000000e+00,0.000000000000000000e+00,3.831417624521105125e-03,1.908396946564883123e-02,1.153846153846149747e-02,0.000000000000000000e+00,1.908396946564883123e-02,3.076923076923077094e-02,2.290076335877866409e-02,2.298850574712640871e-02,3.861003861003853288e-03,1.915708812260541460e-02,3.759398496240629051e-03,0.000000000000000000e+00,7.662835249042099228e-03,0.000000000000000000e+00,0.000000000000000000e+00,9.547169811320754818e-01,1.153846153846149747e-02,0.000000000000000000e+00,1.574803149606296415e-02,9.396226415094339757e-01,3.831417624521071819e-02,2.671755725190838593e-02,3.076923076923077094e-02,1.145038167938927653e-02,0.000000000000000000e+00,1.908396946564883123e-02,1.532567049808430948e-02,2.298850574712640871e-02,0.000000000000000000e+00,1.149425287356320435e-02,2.290076335877866409e-02,3.065134099616861896e-02,0.000000000000000000e+00,0.000000000000000000e+00,0.000000000000000000e+00,1.532567049808430948e-02,3.875968992248068901e-03,3.759398496240629051e-03,3.759398496240629051e-03,3.759398496240629051e-03
3.968253968253954156e-03,2.182539682539682557e-01,1.984126984126988180e-02,0.000000000000000000e+00,1.185770750988146549e-02,8.032128514056213753e-03,2.390438247011950068e-02,1.190476190476186247e-02,1.992031872509958390e-02,2.261904761904761640e-01,7.936507936507908312e-03,1.200000000000001066e-02,4.048582995951455210e-03,1.593625498007966712e-02,2.341269841269840724e-01,1.000000000000000000e+00,0.000000000000000000e+00,3.571428571428569843e-02,7.936507936507908312e-03,7.905138339920902979e-03,7.936507936507908312e-03,0.000000000000000000e+00,2.341269841269840724e-01,2.766798418972327145e-02,0.000000000000000000e+00,1.984126984126988180e-02,1.204819277108437614e-02,1.992031872509958390e-02,2.777777777777779011e-02,3.968253968253954156e-03,0.000000000000000000e+00,2.350597609561753121e-01,0.000000000000000000e+00,0.000000000000000000e+00,8.771929824561430777e-03,2.390438247011950068e-02,0.000000000000000000e+00,1.992031872509958390e-02,1.612903225806450180e-02,7.936507936507908312e-03,0.000000000000000000e+00,7.905138339920947388e-02,7.968127490039833560e-03,1.185770750988146549e-02,1.593625498007966712e-02,0.000000000000000000e+00,1.200000000000001066e-02,3.984063745019916780e-03,0.000000000000000000e+00,0.000000000000000000e+00,1.984126984126988180e-02,3.984063745019916780e-03,0.000000000000000000e+00,0.000000000000000000e+00,1.581027667984191698e-02,7.905138339920902979e-03,7.936507936507908312e-03,3.174603174603174427e-02,0.000000000000000000e+00,0.000000000000000000e+00,1.984126984126988180e-02,7.936507936507908312e-03,0.000000000000000000e+00,7.905138339920902979e-03,1.190476190476186247e-02,1.984126984126988180e-02,1.185770750988146549e-02,2.371541501976281996e-02,2.213438735177866157e-01,7.905138339920902979e-03,0.000000000000000000e+00,3.968253968253954156e-03,2.380952380952383596e-02,1.190476190476186247e-02,3.968253968253954156e-03,0.000000000000000000e+00,0.000000000000000000e+00,0.000000000000000000e+00,7.936507936507908312e-03,0.000000000000000000e+00,0.000000000000000000e+00,0.000000000000000000e+00,7.936507936507908312e-03,0.000000000000000000e+00,2.380952380952383596e-02,3.937007874015741038e-03,3.952569169960451489e-03,1.587301587301592765e-02,2.252964426877470672e-01,0.000000000000000000e+00,0.000000000000000000e+00,0.000000000000000000e+00,0.000000000000000000e+00,0.000000000000000000e+00,1.190476190476186247e-02,1.185770750988146549e-02,0.000000000000000000e+00,0.000000000000000000e+00,7.905138339920902979e-03,0.000000000000000000e+00,0.000000000000000000e+00,1.976284584980236847e-02,7.905138339920902979e-03,3.984063745019916780e-03,0.000000000000000000e+00,2.371541501976281996e-02,2.777777777777779011e-02,1.185770750988146549e-02,7.905138339920902979e-03,3.984063745019916780e-03,1.587301587301592765e-02,0.000000000000000000e+00,0.000000000000000000e+00,7.936507936507908312e-03,0.000000000000000000e+00,0.000000000000000000e+00,2.213438735177866157e-01,7.936507936507908312e-03,0.000000000000000000e+00,1.626016260162599369e-02,2.134387351778656017e-01,1.190476190476186247e-02,7.905138339920902979e-03,1.984126984126988180e-02,7.905138339920902979e-03,0.000000000000000000e+00,1.185770750988146549e-02,3.968253968253954156e-03,1.185770750988146549e-02,0.000000000000000000e+00,1.984126984126988180e-02,3.952569169960451489e-03,1.984126984126988180e-02,0.000000000000000000e+00,0.000000000000000000e+00,0.000000000000000000e+00,7.905138339920902979e-03,1.200000000000001066e-02,0.000000000000000000e+00,0.000000000000000000e+00,0.000000000000000000e+00
0.000000000000000000e+00,0.000000000000000000e+00,0.000000000000000000e+00,0.000000000000000000e+00,0.000000000000000000e+00,0.000000000000000000e+00,0.000000000000000000e+00,0.000000000000000000e+00,0.000000000000000000e+00,0.000000000000000000e+00,0.000000000000000000e+00,0.000000000000000000e+00,3.831417624521105125e-03,0.000000000000000000e+00,3.773584905660376521e-03,0.000000000000000000e+00,1.000000000000000000e+00,0.000000000000000000e+00,0.000000000000000000e+00,0.000000000000000000e+00,0.000000000000000000e+00,1.063829787234038537e-02,3.745318352059934242e-03,0.000000000000000000e+00,3.521126760563375591e-03,0.000000000000000000e+00,0.000000000000000000e+00,0.000000000000000000e+00,0.000000000000000000e+00,0.000000000000000000e+00,7.067137809187329367e-03,0.000000000000000000e+00,1.063829787234038537e-02,3.558718861209952955e-03,0.000000000000000000e+00,0.000000000000000000e+00,7.067137809187329367e-03,0.000000000000000000e+00,0.000000000000000000e+00,3.690036900368953710e-03,1.060070671378088303e-02,3.717472118959119776e-03,0.000000000000000000e+00,3.690036900368953710e-03,0.000000000000000000e+00,7.067137809187329367e-03,0.000000000000000000e+00,0.000000000000000000e+00,7.067137809187329367e-03,0.000000000000000000e+00,0.000000000000000000e+00,3.703703703703653538e-03,3.533568904593664683e-03,3.533568904593664683e-03,0.000000000000000000e+00,0.000000000000000000e+00,3.690036900368953710e-03,0.000000000000000000e+00,1.060070671378088303e-02,1.060070671378088303e-02,0.000000000000000000e+00,0.000000000000000000e+00,0.000000000000000000e+00,0.000000000000000000e+00,3.690036900368953710e-03,3.690036900368953710e-03,0.000000000000000000e+00,0.000000000000000000e+00,0.000000000000000000e+00,0.000000000000000000e+00,0.000000000000000000e+00,3.690036900368953710e-03,0.000000000000000000e+00,0.000000000000000000e+00,3.690036900368953710e-03,7.042253521126751181e-03,0.000000000000000000e+00,1.453900709219858589e-01,0.000000000000000000e+00,3.521126760563375591e-03,2.120141342756187708e-02,7.042253521126751181e-03,3.676470588235281056e-03,7.067137809187329367e-03,0.000000000000000000e+00,0.000000000000000000e+00,0.000000000000000000e+00,0.000000000000000000e+00,0.000000000000000000e+00,1.056338028169012677e-02,1.408450704225350236e-02,7.042253521126751181e-03,1.408450704225350236e-02,9.718309859154929953e-01,3.690036900368953710e-03,3.676470588235281056e-03,0.000000000000000000e+00,3.676470588235281056e-03,0.000000000000000000e+00,0.000000000000000000e+00,1.060070671378088303e-02,0.000000000000000000e+00,0.000000000000000000e+00,0.000000000000000000e+00,1.408450704225350236e-02,0.000000000000000000e+00,0.000000000000000000e+00,0.000000000000000000e+00,0.000000000000000000e+00,0.000000000000000000e+00,0.000000000000000000e+00,1.413427561837454771e-02,3.533568904593664683e-03,0.000000000000000000e+00,0.000000000000000000e+00,1.408450704225350236e-02,0.000000000000000000e+00,0.000000000000000000e+00,3.533568904593664683e-03,0.000000000000000000e+00,0.000000000000000000e+00,3.676470588235281056e-03,0.000000000000000000e+00,0.000000000000000000e+00,0.000000000000000000e+00,7.067137809187329367e-03,3.676470588235281056e-03,3.690036900368953710e-03,3.676470588235281056e-03,0.000000000000000000e+00,0.000000000000000000e+00,0.000000000000000000e+00,0.000000000000000000e+00,1.063829787234038537e-02,1.063829787234038537e-02,0.000000000000000000e+00,0.000000000000000000e+00,0.000000000000000000e+00,7.067137809187329367e-03,7.067137809187329367e-03,7.067137809187329367e-03
3.409090909090906063e-02,1.908396946564883123e-02,1.140684410646386482e-02,0.000000000000000000e+00,5.303030303030298320e-02,1.930501930501926644e-02,1.915708812260541460e-02,5.703422053231943512e-02,7.662835249042099228e-03,2.290076335877866409e-02,4.166666666666662966e-02,3.448275862068961306e-02,5.118110236220474452e-02,3.435114503816794063e-02,1.930501930501926644e-02,3.571428571428569843e-02,0.000000000000000000e+00,1.000000000000000000e+00,3.409090909090906063e-02,3.030303030303027612e-02,2.272727272727270709e-02,0.000000000000000000e+00,3.065134099616861896e-02,3.396226415094339979e-01,0.000000000000000000e+00,1.901140684410651538e-02,1.937984496124034450e-02,4.182509505703424502e-02,2.661596958174905492e-02,3.409090909090906063e-02,0.000000000000000000e+00,1.930501930501926644e-02,0.000000000000000000e+00,0.000000000000000000e+00,1.716738197424894086e-02,2.661596958174905492e-02,0.000000000000000000e+00,1.538461538461532996e-02,5.098039215686278602e-02,4.924242424242419869e-02,0.000000000000000000e+00,3.041825095057038020e-02,1.145038167938927653e-02,4.924242424242419869e-02,3.053435114503821879e-02,0.000000000000000000e+00,3.448275862068961306e-02,2.671755725190838593e-02,0.000000000000000000e+00,2.651515151515149160e-02,2.272727272727270709e-02,5.703422053231943512e-02,0.000000000000000000e+00,0.000000000000000000e+00,2.641509433962263564e-02,3.018867924528301216e-02,2.661596958174905492e-02,5.303030303030298320e-02,3.717472118959119776e-03,0.000000000000000000e+00,2.651515151515149160e-02,3.030303030303027612e-02,0.000000000000000000e+00,3.396226415094338869e-02,3.041825095057038020e-02,3.030303030303027612e-02,4.528301886792451825e-02,3.787878787878784514e-02,2.290076335877866409e-02,4.545454545454541417e-02,0.000000000000000000e+00,6.818181818181823228e-02,3.802281368821291974e-02,3.787878787878784514e-02,2.272727272727270709e-02,0.000000000000000000e+00,0.000000000000000000e+00,0.000000000000000000e+00,2.281368821292772964e-02,0.000000000000000000e+00,0.000000000000000000e+00,0.000000000000000000e+00,3.787878787878784514e-02,0.000000000000000000e+00,1.901140684410651538e-02,3.759398496240606846e-02,6.015037593984962072e-02,3.030303030303027612e-02,2.290076335877866409e-02,0.000000000000000000e+00,0.000000000000000000e+00,0.000000000000000000e+00,0.000000000000000000e+00,0.000000000000000000e+00,6.060606060606055223e-02,6.037735849056602433e-02,0.000000000000000000e+00,6.818181818181823228e-02,2.641509433962263564e-02,0.000000000000000000e+00,0.000000000000000000e+00,1.515151515151513806e-02,3.396226415094338869e-02,3.422053231939159446e-02,0.000000000000000000e+00,5.660377358490564781e-02,4.166666666666662966e-02,5.283018867924527129e-02,4.150943396226414173e-02,4.182509505703424502e-02,3.409090909090906063e-02,0.000000000000000000e+00,0.000000000000000000e+00,3.787878787878784514e-02,0.000000000000000000e+00,0.000000000000000000e+00,2.290076335877866409e-02,1.520912547528519010e-02,3.703703703703653538e-03,7.812500000000000000e-03,3.053435114503821879e-02,4.924242424242419869e-02,4.150943396226414173e-02,2.661596958174905492e-02,6.390977443609024977e-02,0.000000000000000000e+00,5.303030303030298320e-02,3.030303030303027612e-02,1.136363636363635354e-02,0.000000000000000000e+00,2.651515151515149160e-02,4.150943396226414173e-02,5.681818181818176772e-02,0.000000000000000000e+00,0.000000000000000000e+00,0.000000000000000000e+00,4.545454545454541417e-02,1.149425287356320435e-02,0.000000000000000000e+00,0.000000000000000000e+00,0.000000000000000000e+00
4.119850187265916563e-02,7.604562737642539538e-03,0.000000000000000000e+00,0.000000000000000000e+00,5.970149253731338312e-02,2.671755725190838593e-02,1.893939393939392257e-02,6.343283582089553896e-02,1.520912547528519010e-02,7.604562737642539538e-03,6.741573033707870533e-02,2.281368821292772964e-02,7.364341085271319809e-02,1.132075471698112956e-02,1.532567049808430948e-02,7.936507936507908312e-03,0.000000000000000000e+00,3.409090909090906063e-02,1.000000000000000000e+00,4.477611940298509285e-02,4.850746268656713767e-02,0.000000000000000000e+00,7.575757575757569029e-03,3.007518796992481036e-02,0.000000000000000000e+00,2.255639097744366328e-02,2.307692307692310596e-02,1.509433962264150608e-02,1.127819548872177613e-02,8.235294117647058432e-01,0.000000000000000000e+00,1.149425287356320435e-02,0.000000000000000000e+00,0.000000000000000000e+00,1.276595744680852906e-02,2.631578947368418131e-02,0.000000000000000000e+00,1.520912547528519010e-02,6.177606177606176363e-02,6.343283582089553896e-02,3.676470588235281056e-03,1.503759398496240518e-02,2.264150943396225912e-02,5.970149253731338312e-02,1.503759398496240518e-02,0.000000000000000000e+00,2.281368821292772964e-02,7.547169811320753041e-03,0.000000000000000000e+00,7.638376383763837429e-01,2.247191011235960545e-02,5.639097744360899167e-02,3.663003663003649990e-03,0.000000000000000000e+00,1.123595505617980272e-02,5.204460966542745481e-02,6.741573033707870533e-02,1.127819548872177613e-02,0.000000000000000000e+00,0.000000000000000000e+00,2.247191011235960545e-02,7.785977859778597798e-01,0.000000000000000000e+00,5.223880597014929350e-02,6.367041198501877108e-02,6.741573033707870533e-02,7.573529411764705621e-01,8.955223880597018571e-02,1.136363636363635354e-02,5.970149253731338312e-02,0.000000000000000000e+00,7.116104868913852854e-02,3.773584905660376521e-03,8.208955223880598506e-02,6.741573033707870533e-02,0.000000000000000000e+00,0.000000000000000000e+00,0.000000000000000000e+00,1.879699248120303423e-02,0.000000000000000000e+00,0.000000000000000000e+00,0.000000000000000000e+00,5.597014925373133831e-02,0.000000000000000000e+00,7.490636704119846279e-02,4.089219330855020651e-02,4.104477611940293702e-02,2.621722846441942867e-02,1.136363636363635354e-02,0.000000000000000000e+00,0.000000000000000000e+00,0.000000000000000000e+00,0.000000000000000000e+00,0.000000000000000000e+00,6.716417910447758377e-02,7.063197026022305369e-02,0.000000000000000000e+00,5.223880597014929350e-02,4.089219330855020651e-02,0.000000000000000000e+00,0.000000000000000000e+00,1.123595505617980272e-02,4.089219330855020651e-02,5.243445692883896836e-02,0.000000000000000000e+00,5.223880597014929350e-02,7.547169811320753041e-03,6.716417910447758377e-02,7.089552238805973960e-02,1.879699248120303423e-02,2.631578947368418131e-02,0.000000000000000000e+00,0.000000000000000000e+00,6.741573033707870533e-02,0.000000000000000000e+00,0.000000000000000000e+00,1.515151515151513806e-02,4.944237918215613758e-01,0.000000000000000000e+00,3.875968992248068901e-03,1.136363636363635354e-02,6.741573033707870533e-02,5.223880597014929350e-02,6.367041198501877108e-02,2.611940298507464675e-02,0.000000000000000000e+00,6.716417910447758377e-02,7.116104868913852854e-02,1.123595505617980272e-02,0.000000000000000000e+00,2.621722846441942867e-02,5.223880597014929350e-02,6.367041198501877108e-02,0.000000000000000000e+00,0.000000000000000000e+00,0.000000000000000000e+00,7.490636704119846279e-02,4.182509505703424502e-02,0.000000000000000000e+00,0.000000000000000000e+00,0.000000000000000000e+00
7.509293680297397522e-01,4.182509505703424502e-02,2.264150943396225912e-02,0.000000000000000000e+00,7.490636704119846279e-02,3.831417624521071819e-02,3.802281368821325280e-03,7.116104868913852854e-02,1.901140684410651538e-02,4.182509505703424502e-02,6.741573033707870533e-02,0.000000000000000000e+00,6.976744186046512919e-02,3.030303030303027612e-02,3.448275862068961306e-02,7.905138339920902979e-03,0.000000000000000000e+00,3.030303030303027612e-02,4.477611940298509285e-02,1.000000000000000000e+00,8.154981549815498720e-01,0.000000000000000000e+00,3.422053231939159446e-02,1.879699248120303423e-02,0.000000000000000000e+00,1.132075471698112956e-02,2.307692307692310596e-02,3.396226415094338869e-02,2.264150943396225912e-02,4.477611940298509285e-02,0.000000000000000000e+00,3.448275862068961306e-02,0.000000000000000000e+00,0.000000000000000000e+00,8.510638297872352709e-03,1.132075471698112956e-02,0.000000000000000000e+00,1.520912547528519010e-02,1.007751937984495694e-01,5.597014925373133831e-02,0.000000000000000000e+00,2.264150943396225912e-02,7.547169811320753041e-03,8.208955223880598506e-02,2.264150943396225912e-02,0.000000000000000000e+00,0.000000000000000000e+00,7.575757575757569029e-03,0.000000000000000000e+00,4.868913857677903412e-02,2.631578947368418131e-02,8.270676691729328400e-02,0.000000000000000000e+00,0.000000000000000000e+00,1.872659176029967121e-02,7.933579335793358167e-01,4.868913857677903412e-02,2.255639097744366328e-02,0.000000000000000000e+00,0.000000000000000000e+00,2.631578947368418131e-02,4.477611940298509285e-02,0.000000000000000000e+00,4.386617100371746902e-01,4.494382022471909988e-02,4.868913857677903412e-02,3.358208955223884740e-02,3.745318352059923139e-02,3.787878787878784514e-02,4.609665427509294089e-01,0.000000000000000000e+00,3.370786516853929715e-02,3.018867924528301216e-02,4.494382022471909988e-02,5.243445692883896836e-02,0.000000000000000000e+00,0.000000000000000000e+00,0.000000000000000000e+00,0.000000000000000000e+00,0.000000000000000000e+00,0.000000000000000000e+00,0.000000000000000000e+00,4.494382022471909988e-02,0.000000000000000000e+00,5.992509363295883684e-02,4.222222222222222765e-01,4.126394052044609628e-01,3.759398496240629051e-03,3.409090909090906063e-02,0.000000000000000000e+00,0.000000000000000000e+00,0.000000000000000000e+00,0.000000000000000000e+00,0.000000000000000000e+00,4.119850187265916563e-02,8.208955223880598506e-02,0.000000000000000000e+00,8.239700374531833127e-02,7.195571955719557433e-01,0.000000000000000000e+00,0.000000000000000000e+00,2.255639097744366328e-02,7.859778597785977983e-01,7.518796992481202590e-02,0.000000000000000000e+00,5.223880597014929350e-02,2.255639097744366328e-02,4.477611940298509285e-02,7.865168539325839703e-02,1.509433962264150608e-02,3.759398496240629051e-03,0.000000000000000000e+00,0.000000000000000000e+00,5.617977528089890260e-02,0.000000000000000000e+00,0.000000000000000000e+00,3.409090909090906063e-02,4.119850187265916563e-02,0.000000000000000000e+00,3.875968992248068901e-03,3.787878787878784514e-02,4.119850187265916563e-02,4.349442379182155705e-01,5.617977528089890260e-02,7.490636704119868483e-03,0.000000000000000000e+00,8.582089552238802987e-02,4.868913857677903412e-02,1.503759398496240518e-02,0.000000000000000000e+00,2.631578947368418131e-02,4.684014869888475374e-01,4.868913857677903412e-02,0.000000000000000000e+00,0.000000000000000000e+00,0.000000000000000000e+00,6.367041198501877108e-02,3.802281368821325280e-03,0.000000000000000000e+00,0.000000000000000000e+00,0.000000000000000000e+00
7.434944237918215126e-01,1.901140684410651538e-02,3.383458646616543941e-02,0.000000000000000000e+00,9.701492537313427533e-02,3.065134099616861896e-02,3.802281368821325280e-03,7.116104868913852854e-02,1.140684410646386482e-02,2.281368821292772964e-02,8.239700374531833127e-02,1.140684410646386482e-02,7.364341085271319809e-02,3.396226415094338869e-02,1.915708812260541460e-02,7.936507936507908312e-03,0.000000000000000000e+00,2.272727272727270709e-02,4.850746268656713767e-02,8.154981549815498720e-01,1.000000000000000000e+00,0.000000000000000000e+00,1.140684410646386482e-02,7.518796992481258101e-03,0.000000000000000000e+00,7.547169811320753041e-03,1.923076923076927347e-02,2.641509433962263564e-02,2.631578947368418131e-02,5.597014925373133831e-02,0.000000000000000000e+00,1.532567049808430948e-02,0.000000000000000000e+00,0.000000000000000000e+00,4.255319148936176354e-03,7.547169811320753041e-03,0.000000000000000000e+00,7.604562737642539538e-03,7.751937984496126699e-02,6.716417910447758377e-02,0.000000000000000000e+00,2.264150943396225912e-02,7.547169811320753041e-03,5.970149253731338312e-02,3.018867924528301216e-02,0.000000000000000000e+00,1.140684410646386482e-02,3.787878787878784514e-03,0.000000000000000000e+00,7.462686567164178442e-02,2.631578947368418131e-02,8.270676691729328400e-02,0.000000000000000000e+00,7.352941176470562112e-03,4.119850187265916563e-02,7.933579335793358167e-01,4.119850187265916563e-02,1.879699248120303423e-02,0.000000000000000000e+00,0.000000000000000000e+00,2.631578947368418131e-02,5.970149253731338312e-02,0.000000000000000000e+00,4.646840148698885287e-01,3.745318352059923139e-02,4.494382022471909988e-02,5.223880597014929350e-02,5.970149253731338312e-02,2.272727272727270709e-02,4.832713754646840165e-01,0.000000000000000000e+00,4.494382022471909988e-02,2.641509433962263564e-02,5.243445692883896836e-02,4.494382022471909988e-02,0.000000000000000000e+00,0.000000000000000000e+00,0.000000000000000000e+00,3.773584905660376521e-03,0.000000000000000000e+00,0.000000000000000000e+00,0.000000000000000000e+00,5.597014925373133831e-02,0.000000000000000000e+00,5.243445692883896836e-02,4.481481481481481843e-01,4.200743494423792024e-01,1.503759398496240518e-02,2.272727272727270709e-02,0.000000000000000000e+00,0.000000000000000000e+00,0.000000000000000000e+00,0.000000000000000000e+00,0.000000000000000000e+00,5.243445692883896836e-02,5.947955390334569437e-02,0.000000000000000000e+00,8.239700374531833127e-02,7.306273062730627155e-01,0.000000000000000000e+00,0.000000000000000000e+00,2.621722846441942867e-02,7.970479704797047704e-01,7.116104868913852854e-02,0.000000000000000000e+00,4.850746268656713767e-02,7.518796992481258101e-03,5.223880597014929350e-02,6.367041198501877108e-02,1.886792452830188260e-02,1.503759398496240518e-02,0.000000000000000000e+00,0.000000000000000000e+00,4.868913857677903412e-02,0.000000000000000000e+00,0.000000000000000000e+00,1.515151515151513806e-02,5.992509363295883684e-02,0.000000000000000000e+00,1.162790697674420670e-02,1.893939393939392257e-02,4.868913857677903412e-02,4.572490706319702891e-01,4.119850187265916563e-02,1.123595505617980272e-02,0.000000000000000000e+00,8.582089552238802987e-02,3.370786516853929715e-02,3.759398496240629051e-03,0.000000000000000000e+00,2.255639097744366328e-02,4.498141263940520496e-01,3.745318352059923139e-02,0.000000000000000000e+00,0.000000000000000000e+00,0.000000000000000000e+00,4.119850187265916563e-02,7.604562737642539538e-03,0.000000000000000000e+00,0.000000000000000000e+00,3.663003663003649990e-03
0.000000000000000000e+00,0.000000000000000000e+00,0.000000000000000000e+00,0.000000000000000000e+00,0.000000000000000000e+00,0.000000000000000000e+00,0.000000000000000000e+00,0.000000000000000000e+00,0.000000000000000000e+00,0.000000000000000000e+00,0.000000000000000000e+00,0.000000000000000000e+00,0.000000000000000000e+00,0.000000000000000000e+00,0.000000000000000000e+00,0.000000000000000000e+00,1.063829787234038537e-02,0.000000000000000000e+00,0.000000000000000000e+00,0.000000000000000000e+00,0.000000000000000000e+00,1.000000000000000000e+00,0.000000000000000000e+00,0.000000000000000000e+00,0.000000000000000000e+00,0.000000000000000000e+00,0.000000000000000000e+00,0.000000000000000000e+00,0.000000000000000000e+00,0.000000000000000000e+00,7.067137809187329367e-03,0.000000000000000000e+00,9.929577464788732488e-01,3.546099290780091451e-03,0.000000000000000000e+00,0.000000000000000000e+00,7.042253521126751181e-03,0.000000000000000000e+00,0.000000000000000000e+00,0.000000000000000000e+00,1.413427561837454771e-02,0.000000000000000000e+00,0.000000000000000000e+00,0.000000000000000000e+00,0.000000000000000000e+00,7.042253521126751181e-03,0.000000000000000000e+00,0.000000000000000000e+00,3.533568904593664683e-03,0.000000000000000000e+00,0.000000000000000000e+00,0.000000000000000000e+00,0.000000000000000000e+00,1.060070671378088303e-02,0.000000000000000000e+00,0.000000000000000000e+00,0.000000000000000000e+00,0.000000000000000000e+00,0.000000000000000000e+00,3.533568904593664683e-03,0.000000000000000000e+00,0.000000000000000000e+00,0.000000000000000000e+00,0.000000000000000000e+00,0.000000000000000000e+00,0.000000000000000000e+00,0.000000000000000000e+00,0.000000000000000000e+00,0.000000000000000000e+00,0.000000000000000000e+00,0.000000000000000000e+00,0.000000000000000000e+00,0.000000000000000000e+00,0.000000000000000000e+00,0.000000000000000000e+00,0.000000000000000000e+00,3.521126760563375591e-03,3.546099290780091451e-03,3.690036900368953710e-03,7.042253521126751181e-03,0.000000000000000000e+00,0.000000000000000000e+00,0.000000000000000000e+00,0.000000000000000000e+00,0.000000000000000000e+00,0.000000000000000000e+00,0.000000000000000000e+00,0.000000000000000000e+00,0.000000000000000000e+00,1.760563380281687795e-02,1.760563380281687795e-02,1.408450704225350236e-02,1.760563380281687795e-02,7.042253521126751181e-03,0.000000000000000000e+00,0.000000000000000000e+00,7.042253521126751181e-03,0.000000000000000000e+00,0.000000000000000000e+00,3.521126760563375591e-03,6.760563380281690016e-01,0.000000000000000000e+00,0.000000000000000000e+00,0.000000000000000000e+00,3.521126760563375591e-03,0.000000000000000000e+00,0.000000000000000000e+00,0.000000000000000000e+00,0.000000000000000000e+00,0.000000000000000000e+00,0.000000000000000000e+00,7.042253521126751181e-03,0.000000000000000000e+00,0.000000000000000000e+00,7.042253521126751181e-03,1.056338028169012677e-02,0.000000000000000000e+00,0.000000000000000000e+00,3.533568904593664683e-03,0.000000000000000000e+00,0.000000000000000000e+00,0.000000000000000000e+00,0.000000000000000000e+00,0.000000000000000000e+00,0.000000000000000000e+00,7.042253521126751181e-03,0.000000000000000000e+00,0.000000000000000000e+00,0.000000000000000000e+00,3.521126760563375591e-03,0.000000000000000000e+00,0.000000000000000000e+00,0.000000000000000000e+00,9.151943462897526027e-01,9.260563380281690016e-01,3.521126760563375591e-03,0.000000000000000000e+00,0.000000000000000000e+00,1.056338028169012677e-02,1.060070671378088303e-02,1.056338028169012677e-02
1.526717557251910939e-02,9.736842105263158187e-01,7.633587786259554697e-03,0.000000000000000000e+00,2.272727272727270709e-02,1.162790697674420670e-02,3.846153846153832490e-03,2.661596958174905492e-02,1.538461538461532996e-02,9.736842105263158187e-01,1.520912547528519010e-02,1.538461538461532996e-02,2.766798418972327145e-02,1.915708812260541460e-02,9.924528301886792470e-01,2.341269841269840724e-01,3.745318352059934242e-03,3.065134099616861896e-02,7.575757575757569029e-03,3.422053231939159446e-02,1.140684410646386482e-02,0.000000000000000000e+00,1.000000000000000000e+00,2.651515151515149160e-02,0.000000000000000000e+00,1.908396946564883123e-02,0.000000000000000000e+00,3.053435114503821879e-02,2.671755725190838593e-02,7.575757575757569029e-03,0.000000000000000000e+00,9.962121212121212155e-01,0.000000000000000000e+00,0.000000000000000000e+00,1.293103448275867429e-02,1.145038167938927653e-02,0.000000000000000000e+00,2.307692307692310596e-02,2.362204724409444623e-02,2.281368821292772964e-02,0.000000000000000000e+00,1.439393939393939226e-01,1.149425287356320435e-02,2.272727272727270709e-02,1.532567049808430948e-02,0.000000000000000000e+00,7.692307692307664979e-03,0.000000000000000000e+00,0.000000000000000000e+00,1.520912547528519010e-02,7.604562737642539538e-03,7.633587786259554697e-03,0.000000000000000000e+00,0.000000000000000000e+00,1.901140684410651538e-02,1.509433962264150608e-02,1.526717557251910939e-02,3.041825095057038020e-02,0.000000000000000000e+00,3.717472118959119776e-03,1.140684410646386482e-02,1.515151515151513806e-02,3.717472118959119776e-03,1.136363636363635354e-02,1.140684410646386482e-02,1.901140684410651538e-02,1.136363636363635354e-02,3.030303030303027612e-02,9.701492537313433084e-01,2.272727272727270709e-02,0.000000000000000000e+00,3.802281368821291974e-02,3.435114503816794063e-02,3.422053231939159446e-02,3.041825095057038020e-02,0.000000000000000000e+00,0.000000000000000000e+00,0.000000000000000000e+00,0.000000000000000000e+00,0.000000000000000000e+00,0.000000000000000000e+00,0.000000000000000000e+00,1.520912547528519010e-02,0.000000000000000000e+00,2.661596958174905492e-02,1.132075471698112956e-02,7.575757575757569029e-03,2.281368821292772964e-02,9.402985074626866169e-01,0.000000000000000000e+00,0.000000000000000000e+00,0.000000000000000000e+00,0.000000000000000000e+00,3.717472118959119776e-03,4.562737642585545927e-02,1.893939393939392257e-02,0.000000000000000000e+00,1.140684410646386482e-02,2.272727272727270709e-02,0.000000000000000000e+00,0.000000000000000000e+00,1.140684410646386482e-02,1.893939393939392257e-02,7.633587786259554697e-03,0.000000000000000000e+00,1.515151515151513806e-02,2.661596958174905492e-02,1.893939393939392257e-02,1.901140684410651538e-02,7.633587786259554697e-03,7.604562737642539538e-03,7.434944237918239551e-03,0.000000000000000000e+00,3.802281368821325280e-03,0.000000000000000000e+00,0.000000000000000000e+00,9.550561797752809001e-01,2.290076335877866409e-02,0.000000000000000000e+00,7.812500000000000000e-03,9.325842696629214057e-01,5.323193916349810983e-02,1.893939393939392257e-02,3.041825095057038020e-02,2.272727272727270709e-02,3.731343283582044812e-03,1.893939393939392257e-02,1.520912547528519010e-02,1.520912547528519010e-02,0.000000000000000000e+00,1.140684410646386482e-02,1.136363636363635354e-02,3.041825095057038020e-02,0.000000000000000000e+00,0.000000000000000000e+00,0.000000000000000000e+00,2.281368821292772964e-02,1.153846153846149747e-02,7.434944237918239551e-03,3.731343283582044812e-03,7.434944237918239551e-03
2.264150943396225912e-02,1.520912547528519010e-02,5.283018867924527129e-02,0.000000000000000000e+00,5.639097744360899167e-02,1.149425287356320435e-02,3.435114503816794063e-02,4.150943396226414173e-02,1.520912547528519010e-02,1.140684410646386482e-02,2.641509433962263564e-02,4.198473282442749532e-02,3.906250000000000000e-02,6.060606060606055223e-02,1.526717557251910939e-02,2.766798418972327145e-02,0.000000000000000000e+00,3.396226415094339979e-01,3.007518796992481036e-02,1.879699248120303423e-02,7.518796992481258101e-03,0.000000000000000000e+00,2.651515151515149160e-02,1.000000000000000000e+00,0.000000000000000000e+00,3.018867924528301216e-02,1.158301158301155986e-02,2.651515151515149160e-02,5.660377358490564781e-02,3.759398496240606846e-02,0.000000000000000000e+00,2.298850574712640871e-02,0.000000000000000000e+00,0.000000000000000000e+00,2.564102564102566095e-02,3.396226415094338869e-02,0.000000000000000000e+00,3.041825095057038020e-02,5.836575875486382792e-02,3.383458646616543941e-02,0.000000000000000000e+00,4.150943396226414173e-02,1.893939393939392257e-02,4.135338345864658649e-02,5.681818181818176772e-02,0.000000000000000000e+00,3.816793893129766246e-02,3.041825095057038020e-02,0.000000000000000000e+00,1.132075471698112956e-02,6.037735849056602433e-02,4.905660377358489477e-02,0.000000000000000000e+00,0.000000000000000000e+00,4.511278195488721554e-02,1.498127340823973697e-02,3.396226415094338869e-02,3.396226415094338869e-02,0.000000000000000000e+00,0.000000000000000000e+00,5.283018867924527129e-02,2.631578947368418131e-02,0.000000000000000000e+00,1.127819548872177613e-02,3.396226415094338869e-02,3.018867924528301216e-02,2.631578947368418131e-02,3.383458646616543941e-02,2.641509433962263564e-02,1.879699248120303423e-02,0.000000000000000000e+00,3.773584905660376521e-02,1.893939393939392257e-02,2.641509433962263564e-02,3.018867924528301216e-02,0.000000000000000000e+00,0.000000000000000000e+00,0.000000000000000000e+00,2.264150943396225912e-02,0.000000000000000000e+00,0.000000000000000000e+00,0.000000000000000000e+00,3.007518796992481036e-02,0.000000000000000000e+00,1.509433962264150608e-02,7.490636704119868483e-03,2.621722846441942867e-02,3.018867924528301216e-02,2.641509433962263564e-02,0.000000000000000000e+00,0.000000000000000000e+00,0.000000000000000000e+00,0.000000000000000000e+00,0.000000000000000000e+00,5.639097744360899167e-02,3.370786516853929715e-02,0.000000000000000000e+00,5.283018867924527129e-02,1.498127340823973697e-02,0.000000000000000000e+00,0.000000000000000000e+00,4.511278195488721554e-02,1.872659176029967121e-02,4.150943396226414173e-02,0.000000000000000000e+00,5.263157894736847364e-02,2.641509433962263564e-02,4.887218045112784459e-02,3.759398496240606846e-02,2.272727272727270709e-02,3.018867924528301216e-02,0.000000000000000000e+00,0.000000000000000000e+00,3.396226415094338869e-02,0.000000000000000000e+00,0.000000000000000000e+00,2.272727272727270709e-02,2.264150943396225912e-02,0.000000000000000000e+00,1.937984496124034450e-02,2.651515151515149160e-02,3.773584905660376521e-02,1.127819548872177613e-02,1.132075471698112956e-02,3.745318352059923139e-02,0.000000000000000000e+00,3.383458646616543941e-02,3.773584905660376521e-02,2.631578947368418131e-02,0.000000000000000000e+00,4.528301886792451825e-02,1.503759398496240518e-02,4.150943396226414173e-02,0.000000000000000000e+00,0.000000000000000000e+00,0.000000000000000000e+00,3.759398496240606846e-02,1.526717557251910939e-02,0.000000000000000000e+00,0.000000000000000000e+00,0.000000000000000000e+00
0.000000000000000000e+00,0.000000000000000000e+00,0.000000000000000000e+00,7.142857142857117481e-03,0.000000000000000000e+00,0.000000000000000000e+00,0.000000000000000000e+00,0.000000000000000000e+00,0.000000000000000000e+00,0.000000000000000000e+00,0.000000000000000000e+00,0.000000000000000000e+00,0.000000000000000000e+00,0.000000000000000000e+00,0.000000000000000000e+00,0.000000000000000000e+00,3.521126760563375591e-03,0.000000000000000000e+00,0.000000000000000000e+00,0.000000000000000000e+00,0.000000000000000000e+00,0.000000000000000000e+00,0.000000000000000000e+00,0.000000000000000000e+00,1.000000000000000000e+00,0.000000000000000000e+00,0.000000000000000000e+00,0.000000000000000000e+00,0.000000000000000000e+00,0.000000000000000000e+00,0.000000000000000000e+00,0.000000000000000000e+00,0.000000000000000000e+00,0.000000000000000000e+00,0.000000000000000000e+00,0.000000000000000000e+00,0.000000000000000000e+00,0.000000000000000000e+00,0.000000000000000000e+00,0.000000000000000000e+00,0.000000000000000000e+00,0.000000000000000000e+00,0.000000000000000000e+00,0.000000000000000000e+00,0.000000000000000000e+00,0.000000000000000000e+00,0.000000000000000000e+00,0.000000000000000000e+00,3.508771929824572311e-03,0.000000000000000000e+00,0.000000000000000000e+00,0.000000000000000000e+00,1.760563380281687795e-02,7.017543859649144622e-03,0.000000000000000000e+00,0.000000000000000000e+00,0.000000000000000000e+00,0.000000000000000000e+00,3.521126760563375591e-03,0.000000000000000000e+00,0.000000000000000000e+00,0.000000000000000000e+00,1.052631578947371693e-02,0.000000000000000000e+00,0.000000000000000000e+00,0.000000000000000000e+00,0.000000000000000000e+00,0.000000000000000000e+00,0.000000000000000000e+00,0.000000000000000000e+00,0.000000000000000000e+00,0.000000000000000000e+00,0.000000000000000000e+00,0.000000000000000000e+00,0.000000000000000000e+00,7.017543859649144622e-03,1.403508771929828924e-02,3.533568904593664683e-03,0.000000000000000000e+00,0.000000000000000000e+00,7.017543859649144622e-03,0.000000000000000000e+00,0.000000000000000000e+00,3.508771929824572311e-03,0.000000000000000000e+00,0.000000000000000000e+00,0.000000000000000000e+00,0.000000000000000000e+00,0.000000000000000000e+00,0.000000000000000000e+00,0.000000000000000000e+00,0.000000000000000000e+00,0.000000000000000000e+00,3.508771929824572311e-03,0.000000000000000000e+00,0.000000000000000000e+00,7.017543859649144622e-03,0.000000000000000000e+00,0.000000000000000000e+00,3.859649122807018440e-02,0.000000000000000000e+00,0.000000000000000000e+00,0.000000000000000000e+00,0.000000000000000000e+00,3.508771929824572311e-03,0.000000000000000000e+00,0.000000000000000000e+00,0.000000000000000000e+00,0.000000000000000000e+00,0.000000000000000000e+00,0.000000000000000000e+00,0.000000000000000000e+00,0.000000000000000000e+00,0.000000000000000000e+00,0.000000000000000000e+00,7.017543859649144622e-03,0.000000000000000000e+00,0.000000000000000000e+00,0.000000000000000000e+00,0.000000000000000000e+00,0.000000000000000000e+00,0.000000000000000000e+00,0.000000000000000000e+00,0.000000000000000000e+00,0.000000000000000000e+00,3.508771929824572311e-03,3.663003663003649990e-03,0.000000000000000000e+00,0.000000000000000000e+00,0.000000000000000000e+00,0.000000000000000000e+00,0.000000000000000000e+00,0.000000000000000000e+00,0.000000000000000000e+00,0.000000000000000000e+00,0.000000000000000000e+00,0.000000000000000000e+00,0.000000000000000000e+00,0.000000000000000000e+00,0.000000000000000000e+00,0.000000000000000000e+00
1.893939393939392257e-02,1.526717557251910939e-02,7.547169811320753041e-03,0.000000000000000000e+00,2.641509433962263564e-02,2.692307692307693845e-02,2.298850574712640871e-02,1.132075471698112956e-02,9.101123595505618002e-01,2.290076335877866409e-02,2.264150943396225912e-02,3.448275862068961306e-02,1.176470588235289938e-02,1.140684410646386482e-02,1.538461538461532996e-02,1.984126984126988180e-02,0.000000000000000000e+00,1.901140684410651538e-02,2.255639097744366328e-02,1.132075471698112956e-02,7.547169811320753041e-03,0.000000000000000000e+00,1.908396946564883123e-02,3.018867924528301216e-02,0.000000000000000000e+00,1.000000000000000000e+00,1.930501930501926644e-02,5.681818181818176772e-02,2.272727272727270709e-02,2.255639097744366328e-02,0.000000000000000000e+00,1.538461538461532996e-02,0.000000000000000000e+00,0.000000000000000000e+00,9.957983193277311074e-01,2.651515151515149160e-02,0.000000000000000000e+00,8.801498127340824373e-01,2.734375000000000000e-02,1.509433962264150608e-02,0.000000000000000000e+00,2.651515151515149160e-02,1.136363636363635354e-02,1.127819548872177613e-02,1.520912547528519010e-02,0.000000000000000000e+00,3.065134099616861896e-02,1.520912547528519010e-02,0.000000000000000000e+00,1.132075471698112956e-02,1.509433962264150608e-02,7.575757575757569029e-03,0.000000000000000000e+00,0.000000000000000000e+00,1.879699248120303423e-02,7.518796992481258101e-03,1.886792452830188260e-02,5.660377358490564781e-02,0.000000000000000000e+00,0.000000000000000000e+00,2.264150943396225912e-02,2.255639097744366328e-02,0.000000000000000000e+00,1.503759398496240518e-02,1.132075471698112956e-02,1.132075471698112956e-02,1.503759398496240518e-02,1.127819548872177613e-02,1.140684410646386482e-02,1.503759398496240518e-02,0.000000000000000000e+00,1.886792452830188260e-02,6.818181818181823228e-02,1.127819548872177613e-02,3.018867924528301216e-02,0.000000000000000000e+00,0.000000000000000000e+00,0.000000000000000000e+00,3.030303030303027612e-02,0.000000000000000000e+00,0.000000000000000000e+00,0.000000000000000000e+00,2.264150943396225912e-02,0.000000000000000000e+00,2.264150943396225912e-02,1.123595505617980272e-02,1.127819548872177613e-02,3.396226415094338869e-02,1.140684410646386482e-02,0.000000000000000000e+00,0.000000000000000000e+00,0.000000000000000000e+00,0.000000000000000000e+00,0.000000000000000000e+00,2.264150943396225912e-02,1.503759398496240518e-02,0.000000000000000000e+00,1.509433962264150608e-02,1.503759398496240518e-02,0.000000000000000000e+00,0.000000000000000000e+00,1.132075471698112956e-02,7.518796992481258101e-03,1.136363636363635354e-02,0.000000000000000000e+00,2.631578947368418131e-02,5.660377358490564781e-02,2.255639097744366328e-02,1.503759398496240518e-02,1.136363636363635354e-02,2.272727272727270709e-02,0.000000000000000000e+00,0.000000000000000000e+00,3.018867924528301216e-02,0.000000000000000000e+00,0.000000000000000000e+00,1.520912547528519010e-02,7.547169811320753041e-03,0.000000000000000000e+00,3.891050583657573725e-03,1.901140684410651538e-02,1.886792452830188260e-02,1.503759398496240518e-02,1.509433962264150608e-02,3.759398496240606846e-02,0.000000000000000000e+00,1.127819548872177613e-02,2.641509433962263564e-02,9.518518518518518379e-01,0.000000000000000000e+00,1.509433962264150608e-02,1.503759398496240518e-02,1.132075471698112956e-02,0.000000000000000000e+00,0.000000000000000000e+00,0.000000000000000000e+00,1.886792452830188260e-02,1.908396946564883123e-02,0.000000000000000000e+00,0.000000000000000000e+00,0.000000000000000000e+00
2.702702702702697302e-02,3.906250000000000000e-03,1.930501930501926644e-02,0.000000000000000000e+00,1.538461538461532996e-02,9.923664122137404453e-01,2.723735408560312710e-02,1.930501930501926644e-02,1.937984496124034450e-02,3.906250000000000000e-03,1.544401544401541315e-02,7.782101167315147450e-03,1.984126984126988180e-02,1.550387596899227560e-02,0.000000000000000000e+00,1.204819277108437614e-02,0.000000000000000000e+00,1.937984496124034450e-02,2.307692307692310596e-02,2.307692307692310596e-02,1.923076923076927347e-02,0.000000000000000000e+00,0.000000000000000000e+00,1.158301158301155986e-02,0.000000000000000000e+00,1.930501930501926644e-02,1.000000000000000000e+00,1.162790697674420670e-02,1.162790697674420670e-02,2.307692307692310596e-02,0.000000000000000000e+00,3.921568627450966460e-03,0.000000000000000000e+00,0.000000000000000000e+00,2.155172413793104980e-02,7.722007722007706576e-03,0.000000000000000000e+00,2.334630350194555337e-02,2.371541501976281996e-02,1.158301158301155986e-02,0.000000000000000000e+00,1.550387596899227560e-02,5.769230769230770939e-02,1.538461538461532996e-02,1.550387596899227560e-02,0.000000000000000000e+00,3.891050583657573725e-03,1.937984496124034450e-02,0.000000000000000000e+00,2.307692307692310596e-02,1.544401544401541315e-02,1.544401544401541315e-02,0.000000000000000000e+00,0.000000000000000000e+00,2.307692307692310596e-02,2.681992337164751383e-02,1.158301158301155986e-02,7.722007722007706576e-03,0.000000000000000000e+00,0.000000000000000000e+00,1.544401544401541315e-02,3.076923076923077094e-02,0.000000000000000000e+00,3.076923076923077094e-02,1.930501930501926644e-02,1.538461538461532996e-02,2.681992337164751383e-02,1.923076923076927347e-02,7.751937984496137801e-03,2.307692307692310596e-02,0.000000000000000000e+00,1.544401544401541315e-02,1.158301158301155986e-02,1.538461538461532996e-02,7.722007722007706576e-03,0.000000000000000000e+00,0.000000000000000000e+00,3.787878787878784514e-03,5.769230769230770939e-02,0.000000000000000000e+00,0.000000000000000000e+00,0.000000000000000000e+00,1.153846153846149747e-02,0.000000000000000000e+00,2.702702702702697302e-02,2.681992337164751383e-02,2.681992337164751383e-02,1.538461538461532996e-02,3.875968992248068901e-03,0.000000000000000000e+00,0.000000000000000000e+00,0.000000000000000000e+00,0.000000000000000000e+00,0.000000000000000000e+00,7.692307692307664979e-03,1.532567049808430948e-02,0.000000000000000000e+00,1.538461538461532996e-02,2.681992337164751383e-02,0.000000000000000000e+00,0.000000000000000000e+00,1.544401544401541315e-02,3.065134099616861896e-02,1.158301158301155986e-02,0.000000000000000000e+00,3.448275862068961306e-02,7.722007722007706576e-03,3.831417624521071819e-02,3.076923076923077094e-02,1.162790697674420670e-02,3.861003861003853288e-03,0.000000000000000000e+00,0.000000000000000000e+00,1.930501930501926644e-02,0.000000000000000000e+00,0.000000000000000000e+00,7.751937984496137801e-03,2.692307692307693845e-02,0.000000000000000000e+00,3.571428571428569843e-02,1.550387596899227560e-02,2.307692307692310596e-02,3.076923076923077094e-02,2.316602316602311973e-02,1.149425287356320435e-02,0.000000000000000000e+00,1.153846153846149747e-02,1.544401544401541315e-02,2.307692307692310596e-02,0.000000000000000000e+00,7.722007722007706576e-03,3.076923076923077094e-02,1.923076923076927347e-02,0.000000000000000000e+00,0.000000000000000000e+00,0.000000000000000000e+00,2.692307692307693845e-02,4.651162790697671578e-02,0.000000000000000000e+00,0.000000000000000000e+00,0.000000000000000000e+00
3.409090909090906063e-02,1.532567049808430948e-02,1.140684410646386482e-02,0.000000000000000000e+00,1.515151515151513806e-02,7.722007722007706576e-03,1.538461538461532996e-02,3.030303030303027612e-02,6.106870229007632656e-02,1.149425287356320435e-02,1.136363636363635354e-02,3.846153846153843592e-02,1.181102362204722311e-02,3.053435114503821879e-02,3.076923076923077094e-02,1.992031872509958390e-02,0.000000000000000000e+00,4.182509505703424502e-02,1.509433962264150608e-02,3.396226415094338869e-02,2.641509433962263564e-02,0.000000000000000000e+00,3.053435114503821879e-02,2.651515151515149160e-02,0.000000000000000000e+00,5.681818181818176772e-02,1.162790697674420670e-02,1.000000000000000000e+00,3.802281368821291974e-02,1.132075471698112956e-02,0.000000000000000000e+00,1.930501930501926644e-02,0.000000000000000000e+00,0.000000000000000000e+00,7.264957264957261351e-02,2.661596958174905492e-02,0.000000000000000000e+00,5.725190839694660472e-02,1.568627450980397686e-02,1.136363636363635354e-02,3.703703703703653538e-03,3.422053231939159446e-02,2.281368821292772964e-02,2.264150943396225912e-02,3.053435114503821879e-02,0.000000000000000000e+00,3.076923076923077094e-02,1.526717557251910939e-02,0.000000000000000000e+00,1.136363636363635354e-02,2.651515151515149160e-02,1.893939393939392257e-02,0.000000000000000000e+00,0.000000000000000000e+00,1.886792452830188260e-02,2.631578947368418131e-02,7.575757575757569029e-03,7.985074626865671377e-01,0.000000000000000000e+00,0.000000000000000000e+00,3.030303030303027612e-02,1.886792452830188260e-02,0.000000000000000000e+00,2.641509433962263564e-02,1.136363636363635354e-02,1.515151515151513806e-02,3.773584905660376521e-03,2.641509433962263564e-02,2.281368821292772964e-02,2.641509433962263564e-02,0.000000000000000000e+00,1.893939393939392257e-02,9.514925373134328623e-01,3.018867924528301216e-02,1.515151515151513806e-02,0.000000000000000000e+00,0.000000000000000000e+00,0.000000000000000000e+00,1.893939393939392257e-02,0.000000000000000000e+00,0.000000000000000000e+00,0.000000000000000000e+00,1.132075471698112956e-02,0.000000000000000000e+00,1.893939393939392257e-02,1.879699248120303423e-02,3.383458646616543941e-02,3.030303030303027612e-02,3.802281368821291974e-02,0.000000000000000000e+00,0.000000000000000000e+00,0.000000000000000000e+00,0.000000000000000000e+00,0.000000000000000000e+00,1.515151515151513806e-02,2.255639097744366328e-02,0.000000000000000000e+00,2.264150943396225912e-02,2.255639097744366328e-02,0.000000000000000000e+00,0.000000000000000000e+00,1.515151515151513806e-02,2.631578947368418131e-02,2.272727272727270709e-02,0.000000000000000000e+00,1.886792452830188260e-02,7.835820895522388474e-01,1.509433962264150608e-02,1.132075471698112956e-02,3.041825095057038020e-02,3.041825095057038020e-02,0.000000000000000000e+00,0.000000000000000000e+00,1.515151515151513806e-02,3.703703703703653538e-03,0.000000000000000000e+00,3.422053231939159446e-02,1.140684410646386482e-02,0.000000000000000000e+00,1.556420233463029490e-02,3.041825095057038020e-02,1.893939393939392257e-02,3.018867924528301216e-02,1.893939393939392257e-02,2.641509433962263564e-02,0.000000000000000000e+00,3.396226415094338869e-02,2.272727272727270709e-02,6.792452830188677737e-02,0.000000000000000000e+00,1.893939393939392257e-02,2.641509433962263564e-02,1.515151515151513806e-02,0.000000000000000000e+00,0.000000000000000000e+00,0.000000000000000000e+00,1.893939393939392257e-02,1.915708812260541460e-02,0.000000000000000000e+00,0.000000000000000000e+00,0.000000000000000000e+00
1.515151515151513806e-02,2.290076335877866409e-02,5.873605947955390372e-01,0.000000000000000000e+00,4.150943396226414173e-02,1.153846153846149747e-02,2.424242424242424310e-01,2.641509433962263564e-02,4.580152671755721716e-02,2.671755725190838593e-02,4.528301886792451825e-02,1.628787878787878451e-01,3.529411764705880916e-02,7.806691449814125994e-01,2.692307692307693845e-02,2.777777777777779011e-02,0.000000000000000000e+00,2.661596958174905492e-02,1.127819548872177613e-02,2.264150943396225912e-02,2.631578947368418131e-02,0.000000000000000000e+00,2.671755725190838593e-02,5.660377358490564781e-02,0.000000000000000000e+00,2.272727272727270709e-02,1.162790697674420670e-02,3.802281368821291974e-02,1.000000000000000000e+00,1.879699248120303423e-02,0.000000000000000000e+00,2.307692307692310596e-02,0.000000000000000000e+00,0.000000000000000000e+00,1.282051282051277497e-02,1.578947368421053099e-01,0.000000000000000000e+00,3.053435114503821879e-02,3.515625000000000000e-02,4.905660377358489477e-02,3.690036900368953710e-03,1.893939393939392257e-02,2.272727272727270709e-02,3.759398496240606846e-02,7.851851851851852082e-01,0.000000000000000000e+00,1.406844106463878141e-01,3.030303030303027612e-02,0.000000000000000000e+00,1.879699248120303423e-02,8.074074074074073515e-01,1.132075471698112956e-02,0.000000000000000000e+00,0.000000000000000000e+00,5.629629629629628873e-01,1.879699248120303423e-02,3.018867924528301216e-02,3.787878787878784514e-02,0.000000000000000000e+00,0.000000000000000000e+00,7.851851851851852082e-01,2.247191011235960545e-02,0.000000000000000000e+00,2.255639097744366328e-02,1.886792452830188260e-02,2.631578947368418131e-02,1.498127340823973697e-02,1.127819548872177613e-02,3.422053231939159446e-02,2.631578947368418131e-02,0.000000000000000000e+00,4.150943396226414173e-02,4.924242424242419869e-02,1.509433962264150608e-02,3.018867924528301216e-02,0.000000000000000000e+00,0.000000000000000000e+00,0.000000000000000000e+00,1.136363636363635354e-02,0.000000000000000000e+00,0.000000000000000000e+00,0.000000000000000000e+00,3.383458646616543941e-02,0.000000000000000000e+00,4.528301886792451825e-02,1.498127340823973697e-02,2.255639097744366328e-02,1.423220973782771681e-01,3.422053231939159446e-02,0.000000000000000000e+00,0.000000000000000000e+00,0.000000000000000000e+00,0.000000000000000000e+00,0.000000000000000000e+00,3.759398496240606846e-02,3.383458646616543941e-02,0.000000000000000000e+00,1.132075471698112956e-02,1.872659176029967121e-02,0.000000000000000000e+00,0.000000000000000000e+00,5.259259259259259078e-01,1.879699248120303423e-02,7.547169811320753041e-03,0.000000000000000000e+00,3.759398496240606846e-02,3.030303030303027612e-02,5.263157894736847364e-02,3.396226415094338869e-02,3.030303030303027612e-02,1.423220973782771681e-01,0.000000000000000000e+00,0.000000000000000000e+00,2.264150943396225912e-02,0.000000000000000000e+00,0.000000000000000000e+00,3.422053231939159446e-02,7.547169811320753041e-03,0.000000000000000000e+00,3.875968992248057798e-02,3.041825095057038020e-02,2.631578947368418131e-02,2.255639097744366328e-02,4.528301886792451825e-02,9.328358208955223052e-02,0.000000000000000000e+00,4.135338345864658649e-02,3.396226415094338869e-02,1.509433962264150608e-02,0.000000000000000000e+00,7.814814814814814437e-01,3.007518796992481036e-02,3.383458646616543941e-02,0.000000000000000000e+00,0.000000000000000000e+00,0.000000000000000000e+00,3.396226415094338869e-02,1.145038167938927653e-02,0.000000000000000000e+00,0.000000000000000000e+00,0.000000000000000000e+00
5.617977528089890260e-02,3.802281368821325280e-03,3.759398496240629051e-03,0.000000000000000000e+00,7.089552238805973960e-02,1.915708812260541460e-02,1.901140684410651538e-02,7.835820895522382923e-02,1.520912547528519010e-02,3.802281368821325280e-03,8.239700374531833127e-02,2.661596958174905492e-02,9.727626459143967619e-02,1.886792452830188260e-02,7.662835249042099228e-03,3.968253968253954156e-03,0.000000000000000000e+00,3.409090909090906063e-02,8.235294117647058432e-01,4.477611940298509285e-02,5.597014925373133831e-02,0.000000000000000000e+00,7.575757575757569029e-03,3.759398496240606846e-02,0.000000000000000000e+00,2.255639097744366328e-02,2.307692307692310596e-02,1.132075471698112956e-02,1.879699248120303423e-02,1.000000000000000000e+00,0.000000000000000000e+00,1.149425287356320435e-02,0.000000000000000000e+00,0.000000000000000000e+00,1.276595744680852906e-02,2.631578947368418131e-02,0.000000000000000000e+00,1.901140684410651538e-02,6.201550387596899139e-02,8.955223880597018571e-02,3.676470588235281056e-03,2.255639097744366328e-02,3.396226415094338869e-02,8.208955223880598506e-02,1.127819548872177613e-02,0.000000000000000000e+00,3.041825095057038020e-02,1.886792452830188260e-02,0.000000000000000000e+00,8.154981549815498720e-01,2.247191011235960545e-02,6.766917293233087882e-02,3.676470588235281056e-03,0.000000000000000000e+00,1.498127340823973697e-02,4.832713754646844606e-02,7.490636704119846279e-02,1.503759398496240518e-02,0.000000000000000000e+00,0.000000000000000000e+00,2.621722846441942867e-02,8.450184501845018348e-01,0.000000000000000000e+00,5.970149253731338312e-02,6.367041198501877108e-02,7.490636704119846279e-02,8.308823529411764053e-01,8.208955223880598506e-02,1.132075471698112956e-02,5.223880597014929350e-02,0.000000000000000000e+00,8.239700374531833127e-02,7.547169811320753041e-03,8.582089552238802987e-02,6.741573033707870533e-02,0.000000000000000000e+00,0.000000000000000000e+00,0.000000000000000000e+00,3.007518796992481036e-02,0.000000000000000000e+00,0.000000000000000000e+00,0.000000000000000000e+00,6.716417910447758377e-02,0.000000000000000000e+00,7.490636704119846279e-02,3.717472118959108673e-02,3.717472118959108673e-02,4.119850187265916563e-02,1.132075471698112956e-02,0.000000000000000000e+00,0.000000000000000000e+00,0.000000000000000000e+00,0.000000000000000000e+00,0.000000000000000000e+00,8.208955223880598506e-02,7.063197026022305369e-02,0.000000000000000000e+00,7.089552238805973960e-02,4.089219330855020651e-02,0.000000000000000000e+00,0.000000000000000000e+00,1.123595505617980272e-02,4.460966542750932629e-02,6.367041198501877108e-02,0.000000000000000000e+00,5.597014925373133831e-02,1.132075471698112956e-02,7.462686567164178442e-02,5.970149253731338312e-02,1.879699248120303423e-02,3.370786516853929715e-02,0.000000000000000000e+00,0.000000000000000000e+00,7.865168539325839703e-02,0.000000000000000000e+00,0.000000000000000000e+00,1.515151515151513806e-02,5.427509293680297109e-01,0.000000000000000000e+00,3.875968992248068901e-03,1.136363636363635354e-02,8.239700374531833127e-02,5.597014925373133831e-02,6.741573033707870533e-02,2.611940298507464675e-02,0.000000000000000000e+00,6.716417910447758377e-02,7.490636704119846279e-02,1.123595505617980272e-02,0.000000000000000000e+00,2.247191011235960545e-02,4.850746268656713767e-02,7.490636704119846279e-02,0.000000000000000000e+00,0.000000000000000000e+00,0.000000000000000000e+00,7.116104868913852854e-02,4.942965779467678455e-02,0.000000000000000000e+00,0.000000000000000000e+00,0.000000000000000000e+00
0.000000000000000000e+00,0.000000000000000000e+00,0.000000000000000000e+00,0.000000000000000000e+00,0.000000000000000000e+00,0.000000000000000000e+00,0.000000000000000000e+00,0.000000000000000000e+00,0.000000000000000000e+00,0.000000000000000000e+00,0.000000000000000000e+00,0.000000000000000000e+00,0.000000000000000000e+00,0.000000000000000000e+00,0.000000000000000000e+00,0.000000000000000000e+00,7.067137809187329367e-03,0.000000000000000000e+00,0.000000000000000000e+00,0.000000000000000000e+00,0.000000000000000000e+00,7.067137809187329367e-03,0.000000000000000000e+00,0.000000000000000000e+00,0.000000000000000000e+00,0.000000000000000000e+00,0.000000000000000000e+00,0.000000000000000000e+00,0.000000000000000000e+00,0.000000000000000000e+00,1.000000000000000000e+00,0.000000000000000000e+00,7.067137809187329367e-03,3.546099290780091451e-03,0.000000000000000000e+00,0.000000000000000000e+00,1.408450704225350236e-02,0.000000000000000000e+00,0.000000000000000000e+00,0.000000000000000000e+00,0.000000000000000000e+00,0.000000000000000000e+00,0.000000000000000000e+00,0.000000000000000000e+00,0.000000000000000000e+00,1.056338028169012677e-02,0.000000000000000000e+00,0.000000000000000000e+00,0.000000000000000000e+00,0.000000000000000000e+00,0.000000000000000000e+00,0.000000000000000000e+00,0.000000000000000000e+00,0.000000000000000000e+00,0.000000000000000000e+00,0.000000000000000000e+00,0.000000000000000000e+00,0.000000000000000000e+00,0.000000000000000000e+00,1.413427561837454771e-02,0.000000000000000000e+00,0.000000000000000000e+00,0.000000000000000000e+00,0.000000000000000000e+00,0.000000000000000000e+00,0.000000000000000000e+00,0.000000000000000000e+00,0.000000000000000000e+00,0.000000000000000000e+00,0.000000000000000000e+00,0.000000000000000000e+00,0.000000000000000000e+00,3.703703703703653538e-03,0.000000000000000000e+00,0.000000000000000000e+00,0.000000000000000000e+00,0.000000000000000000e+00,3.533568904593664683e-03,0.000000000000000000e+00,4.507042253521126307e-01,0.000000000000000000e+00,0.000000000000000000e+00,0.000000000000000000e+00,3.521126760563375591e-03,0.000000000000000000e+00,0.000000000000000000e+00,0.000000000000000000e+00,0.000000000000000000e+00,0.000000000000000000e+00,7.042253521126751181e-03,7.042253521126751181e-03,7.042253521126751181e-03,7.042253521126751181e-03,3.521126760563375591e-03,0.000000000000000000e+00,0.000000000000000000e+00,0.000000000000000000e+00,0.000000000000000000e+00,0.000000000000000000e+00,0.000000000000000000e+00,0.000000000000000000e+00,0.000000000000000000e+00,0.000000000000000000e+00,0.000000000000000000e+00,0.000000000000000000e+00,0.000000000000000000e+00,0.000000000000000000e+00,0.000000000000000000e+00,0.000000000000000000e+00,0.000000000000000000e+00,3.676470588235281056e-03,0.000000000000000000e+00,3.521126760563375591e-03,0.000000000000000000e+00,4.577464788732393819e-01,0.000000000000000000e+00,0.000000000000000000e+00,0.000000000000000000e+00,7.042253521126751181e-03,0.000000000000000000e+00,0.000000000000000000e+00,0.000000000000000000e+00,0.000000000000000000e+00,0.000000000000000000e+00,0.000000000000000000e+00,1.056338028169012677e-02,0.000000000000000000e+00,0.000000000000000000e+00,0.000000000000000000e+00,1.056338028169012677e-02,0.000000000000000000e+00,0.000000000000000000e+00,0.000000000000000000e+00,7.067137809187329367e-03,7.067137809187329367e-03,1.408450704225350236e-02,0.000000000000000000e+00,0.000000000000000000e+00,7.042253521126751181e-03,7.042253521126751181e-03,7.042253521126751181e-03
1.923076923076927347e-02,9.734848484848485084e-01,7.692307692307664979e-03,0.000000000000000000e+00,1.149425287356320435e-02,0.000000000000000000e+00,3.875968992248068901e-03,2.298850574712640871e-02,1.550387596899227560e-02,9.695817490494296198e-01,1.532567049808430948e-02,1.162790697674420670e-02,2.777777777777779011e-02,1.544401544401541315e-02,9.923954372623574605e-01,2.350597609561753121e-01,0.000000000000000000e+00,1.930501930501926644e-02,1.149425287356320435e-02,3.448275862068961306e-02,1.532567049808430948e-02,0.000000000000000000e+00,9.962121212121212155e-01,2.298850574712640871e-02,0.000000000000000000e+00,1.538461538461532996e-02,3.921568627450966460e-03,1.930501930501926644e-02,2.307692307692310596e-02,1.149425287356320435e-02,0.000000000000000000e+00,1.000000000000000000e+00,0.000000000000000000e+00,0.000000000000000000e+00,8.620689655172375510e-03,2.307692307692310596e-02,0.000000000000000000e+00,2.316602316602311973e-02,2.362204724409444623e-02,1.915708812260541460e-02,0.000000000000000000e+00,1.450381679389313172e-01,3.861003861003853288e-03,1.532567049808430948e-02,1.544401544401541315e-02,0.000000000000000000e+00,1.162790697674420670e-02,3.861003861003853288e-03,0.000000000000000000e+00,7.662835249042099228e-03,1.538461538461532996e-02,1.538461538461532996e-02,0.000000000000000000e+00,0.000000000000000000e+00,1.149425287356320435e-02,2.290076335877866409e-02,1.538461538461532996e-02,3.065134099616861896e-02,3.759398496240629051e-03,0.000000000000000000e+00,1.153846153846149747e-02,1.145038167938927653e-02,0.000000000000000000e+00,2.298850574712640871e-02,1.538461538461532996e-02,1.532567049808430948e-02,1.526717557251910939e-02,2.298850574712640871e-02,9.698113207547169878e-01,1.532567049808430948e-02,0.000000000000000000e+00,3.065134099616861896e-02,3.076923076923077094e-02,3.065134099616861896e-02,2.681992337164751383e-02,0.000000000000000000e+00,0.000000000000000000e+00,0.000000000000000000e+00,1.923076923076927347e-02,0.000000000000000000e+00,0.000000000000000000e+00,0.000000000000000000e+00,1.915708812260541460e-02,0.000000000000000000e+00,2.681992337164751383e-02,2.290076335877866409e-02,1.145038167938927653e-02,1.915708812260541460e-02,9.358490566037735992e-01,0.000000000000000000e+00,0.000000000000000000e+00,0.000000000000000000e+00,0.000000000000000000e+00,0.000000000000000000e+00,3.065134099616861896e-02,1.908396946564883123e-02,0.000000000000000000e+00,1.149425287356320435e-02,1.526717557251910939e-02,0.000000000000000000e+00,0.000000000000000000e+00,7.662835249042099228e-03,1.526717557251910939e-02,1.153846153846149747e-02,0.000000000000000000e+00,1.526717557251910939e-02,3.076923076923077094e-02,1.915708812260541460e-02,1.915708812260541460e-02,3.861003861003853288e-03,2.681992337164751383e-02,7.518796992481258101e-03,0.000000000000000000e+00,7.662835249042099228e-03,0.000000000000000000e+00,0.000000000000000000e+00,9.584905660377358583e-01,1.153846153846149747e-02,0.000000000000000000e+00,1.574803149606296415e-02,9.358490566037735992e-01,3.065134099616861896e-02,2.290076335877866409e-02,3.076923076923077094e-02,1.526717557251910939e-02,0.000000000000000000e+00,1.526717557251910939e-02,1.915708812260541460e-02,2.298850574712640871e-02,0.000000000000000000e+00,1.149425287356320435e-02,2.298850574712640871e-02,3.065134099616861896e-02,0.000000000000000000e+00,0.000000000000000000e+00,0.000000000000000000e+00,1.915708812260541460e-02,7.782101167315147450e-03,7.518796992481258101e-03,3.759398496240629051e-03,3.759398496240629051e-03
0.000000000000000000e+00,0.000000000000000000e+00,0.000000000000000000e+00,0.000000000000000000e+00,0.000000000000000000e+00,0.000000000000000000e+00,0.000000000000000000e+00,0.000000000000000000e+00,0.000000000000000000e+00,0.000000000000000000e+00,0.000000000000000000e+00,0.000000000000000000e+00,0.000000000000000000e+00,0.000000000000000000e+00,0.000000000000000000e+00,0.000000000000000000e+00,1.063829787234038537e-02,0.000000000000000000e+00,0.000000000000000000e+00,0.000000000000000000e+00,0.000000000000000000e+00,9.929577464788732488e-01,0.000000000000000000e+00,0.000000000000000000e+00,0.000000000000000000e+00,0.000000000000000000e+00,0.000000000000000000e+00,0.000000000000000000e+00,0.000000000000000000e+00,0.000000000000000000e+00,7.067137809187329367e-03,0.000000000000000000e+00,1.000000000000000000e+00,0.000000000000000000e+00,0.000000000000000000e+00,0.000000000000000000e+00,7.042253521126751181e-03,0.000000000000000000e+00,0.000000000000000000e+00,0.000000000000000000e+00,1.413427561837454771e-02,0.000000000000000000e+00,0.000000000000000000e+00,0.000000000000000000e+00,0.000000000000000000e+00,7.042253521126751181e-03,0.000000000000000000e+00,0.000000000000000000e+00,3.533568904593664683e-03,0.000000000000000000e+00,0.000000000000000000e+00,0.000000000000000000e+00,0.000000000000000000e+00,1.060070671378088303e-02,0.000000000000000000e+00,0.000000000000000000e+00,0.000000000000000000e+00,0.000000000000000000e+00,0.000000000000000000e+00,3.533568904593664683e-03,0.000000000000000000e+00,0.000000000000000000e+00,0.000000000000000000e+00,0.000000000000000000e+00,0.000000000000000000e+00,0.000000000000000000e+00,0.000000000000000000e+00,0.000000000000000000e+00,0.000000000000000000e+00,3.676470588235281056e-03,0.000000000000000000e+00,0.000000000000000000e+00,0.000000000000000000e+00,0.000000000000000000e+00,0.000000000000000000e+00,0.000000000000000000e+00,3.521126760563375591e-03,7.092198581560293924e-03,0.000000000000000000e+00,7.042253521126751181e-03,0.000000000000000000e+00,0.000000000000000000e+00,0.000000000000000000e+00,0.000000000000000000e+00,0.000000000000000000e+00,0.000000000000000000e+00,0.000000000000000000e+00,0.000000000000000000e+00,0.000000000000000000e+00,1.760563380281687795e-02,1.760563380281687795e-02,1.408450704225350236e-02,1.408450704225350236e-02,7.042253521126751181e-03,0.000000000000000000e+00,0.000000000000000000e+00,7.042253521126751181e-03,0.000000000000000000e+00,0.000000000000000000e+00,3.533568904593664683e-03,6.760563380281690016e-01,0.000000000000000000e+00,0.000000000000000000e+00,0.000000000000000000e+00,3.521126760563375591e-03,0.000000000000000000e+00,0.000000000000000000e+00,0.000000000000000000e+00,0.000000000000000000e+00,0.000000000000000000e+00,0.000000000000000000e+00,7.042253521126751181e-03,0.000000000000000000e+00,0.000000000000000000e+00,7.042253521126751181e-03,1.056338028169012677e-02,0.000000000000000000e+00,0.000000000000000000e+00,7.067137809187329367e-03,0.000000000000000000e+00,0.000000000000000000e+00,0.000000000000000000e+00,0.000000000000000000e+00,0.000000000000000000e+00,0.000000000000000000e+00,7.042253521126751181e-03,0.000000000000000000e+00,0.000000000000000000e+00,0.000000000000000000e+00,3.521126760563375591e-03,0.000000000000000000e+00,0.000000000000000000e+00,0.000000000000000000e+00,9.116607773851590490e-01,9.225352112676056260e-01,7.042253521126751181e-03,0.000000000000000000e+00,0.000000000000000000e+00,1.056338028169012677e-02,1.060070671378088303e-02,1.056338028169012677e-02
0.000000000000000000e+00,0.000000000000000000e+00,0.000000000000000000e+00,3.597122302158251017e-03,0.000000000000000000e+00,0.000000000000000000e+00,0.000000000000000000e+00,0.000000000000000000e+00,0.000000000000000000e+00,0.000000000000000000e+00,0.000000000000000000e+00,0.000000000000000000e+00,0.000000000000000000e+00,0.000000000000000000e+00,0.000000000000000000e+00,0.000000000000000000e+00,3.558718861209952955e-03,0.000000000000000000e+00,0.000000000000000000e+00,0.000000000000000000e+00,0.000000000000000000e+00,3.546099290780091451e-03,0.000000000000000000e+00,0.000000000000000000e+00,0.000000000000000000e+00,0.000000000000000000e+00,0.000000000000000000e+00,0.000000000000000000e+00,0.000000000000000000e+00,0.000000000000000000e+00,3.546099290780091451e-03,0.000000000000000000e+00,0.000000000000000000e+00,1.000000000000000000e+00,0.000000000000000000e+00,0.000000000000000000e+00,0.000000000000000000e+00,0.000000000000000000e+00,0.000000000000000000e+00,0.000000000000000000e+00,0.000000000000000000e+00,0.000000000000000000e+00,0.000000000000000000e+00,0.000000000000000000e+00,0.000000000000000000e+00,0.000000000000000000e+00,0.000000000000000000e+00,0.000000000000000000e+00,0.000000000000000000e+00,0.000000000000000000e+00,0.000000000000000000e+00,0.000000000000000000e+00,7.092198581560293924e-03,0.000000000000000000e+00,0.000000000000000000e+00,0.000000000000000000e+00,0.000000000000000000e+00,0.000000000000000000e+00,0.000000000000000000e+00,0.000000000000000000e+00,0.000000000000000000e+00,0.000000000000000000e+00,3.546099290780091451e-03,0.000000000000000000e+00,0.000000000000000000e+00,0.000000000000000000e+00,0.000000000000000000e+00,0.000000000000000000e+00,0.000000000000000000e+00,0.000000000000000000e+00,0.000000000000000000e+00,0.000000000000000000e+00,0.000000000000000000e+00,0.000000000000000000e+00,0.000000000000000000e+00,3.533568904593664683e-03,0.000000000000000000e+00,0.000000000000000000e+00,0.000000000000000000e+00,1.060070671378088303e-02,0.000000000000000000e+00,0.000000000000000000e+00,0.000000000000000000e+00,0.000000000000000000e+00,0.000000000000000000e+00,0.000000000000000000e+00,0.000000000000000000e+00,0.000000000000000000e+00,0.000000000000000000e+00,7.067137809187329367e-03,7.067137809187329367e-03,7.067137809187329367e-03,1.413427561837454771e-02,0.000000000000000000e+00,0.000000000000000000e+00,0.000000000000000000e+00,0.000000000000000000e+00,0.000000000000000000e+00,0.000000000000000000e+00,0.000000000000000000e+00,7.067137809187329367e-03,0.000000000000000000e+00,0.000000000000000000e+00,0.000000000000000000e+00,0.000000000000000000e+00,0.000000000000000000e+00,0.000000000000000000e+00,0.000000000000000000e+00,0.000000000000000000e+00,0.000000000000000000e+00,0.000000000000000000e+00,0.000000000000000000e+00,0.000000000000000000e+00,0.000000000000000000e+00,7.067137809187329367e-03,3.533568904593664683e-03,0.000000000000000000e+00,0.000000000000000000e+00,3.546099290780091451e-03,0.000000000000000000e+00,0.000000000000000000e+00,0.000000000000000000e+00,0.000000000000000000e+00,0.000000000000000000e+00,0.000000000000000000e+00,3.546099290780091451e-03,0.000000000000000000e+00,0.000000000000000000e+00,0.000000000000000000e+00,9.434628975265018092e-01,0.000000000000000000e+00,0.000000000000000000e+00,0.000000000000000000e+00,7.117437722419905910e-03,7.092198581560293924e-03,3.144876325088339364e-01,0.000000000000000000e+00,0.000000000000000000e+00,0.000000000000000000e+00,0.000000000000000000e+00,0.000000000000000000e+00
1.282051282051277497e-02,1.724137931034486204e-02,1.709401709401714431e-02,0.000000000000000000e+00,1.702127659574470542e-02,1.724137931034486204e-02,2.991452991452991927e-02,1.702127659574470542e-02,9.033613445378151363e-01,1.293103448275867429e-02,1.702127659574470542e-02,3.004291845493567426e-02,1.298701298701299134e-02,1.287553648068673340e-02,1.293103448275867429e-02,8.771929824561430777e-03,0.000000000000000000e+00,1.716738197424894086e-02,1.276595744680852906e-02,8.510638297872352709e-03,4.255319148936176354e-03,0.000000000000000000e+00,1.293103448275867429e-02,2.564102564102566095e-02,0.000000000000000000e+00,9.957983193277311074e-01,2.155172413793104980e-02,7.264957264957261351e-02,1.282051282051277497e-02,1.276595744680852906e-02,0.000000000000000000e+00,8.620689655172375510e-03,0.000000000000000000e+00,0.000000000000000000e+00,1.000000000000000000e+00,2.575107296137335577e-02,0.000000000000000000e+00,8.702928870292887531e-01,1.287553648068673340e-02,1.276595744680852906e-02,0.000000000000000000e+00,2.136752136752140263e-02,2.145922746781114832e-02,8.510638297872352709e-03,2.145922746781114832e-02,0.000000000000000000e+00,3.017241379310342531e-02,8.583690987124414917e-03,0.000000000000000000e+00,1.702127659574470542e-02,1.709401709401714431e-02,2.145922746781114832e-02,0.000000000000000000e+00,0.000000000000000000e+00,1.702127659574470542e-02,1.694915254237283619e-02,2.136752136752140263e-02,4.255319148936165252e-02,0.000000000000000000e+00,0.000000000000000000e+00,2.136752136752140263e-02,1.276595744680852906e-02,0.000000000000000000e+00,1.702127659574470542e-02,8.547008547008516643e-03,4.273504273504258322e-03,1.702127659574470542e-02,1.702127659574470542e-02,1.724137931034486204e-02,2.127659574468088177e-02,0.000000000000000000e+00,1.702127659574470542e-02,5.982905982905983855e-02,8.510638297872352709e-03,2.553191489361705813e-02,0.000000000000000000e+00,0.000000000000000000e+00,0.000000000000000000e+00,2.136752136752140263e-02,0.000000000000000000e+00,0.000000000000000000e+00,0.000000000000000000e+00,1.702127659574470542e-02,0.000000000000000000e+00,2.136752136752140263e-02,1.271186440677962715e-02,2.118644067796615627e-02,2.564102564102566095e-02,1.724137931034486204e-02,0.000000000000000000e+00,0.000000000000000000e+00,0.000000000000000000e+00,0.000000000000000000e+00,0.000000000000000000e+00,1.702127659574470542e-02,8.474576271186418097e-03,0.000000000000000000e+00,1.709401709401714431e-02,2.127659574468088177e-02,0.000000000000000000e+00,0.000000000000000000e+00,1.276595744680852906e-02,1.694915254237283619e-02,1.282051282051277497e-02,0.000000000000000000e+00,1.276595744680852906e-02,4.700854700854706358e-02,8.510638297872352709e-03,1.276595744680852906e-02,1.709401709401714431e-02,2.136752136752140263e-02,0.000000000000000000e+00,0.000000000000000000e+00,2.564102564102566095e-02,0.000000000000000000e+00,0.000000000000000000e+00,1.724137931034486204e-02,4.273504273504258322e-03,0.000000000000000000e+00,0.000000000000000000e+00,1.293103448275867429e-02,2.127659574468088177e-02,1.702127659574470542e-02,2.136752136752140263e-02,3.389830508474578341e-02,0.000000000000000000e+00,8.510638297872352709e-03,1.709401709401714431e-02,9.539748953974895862e-01,0.000000000000000000e+00,2.136752136752140263e-02,1.702127659574470542e-02,4.255319148936176354e-03,0.000000000000000000e+00,0.000000000000000000e+00,0.000000000000000000e+00,1.276595744680852906e-02,2.155172413793104980e-02,0.000000000000000000e+00,0.000000000000000000e+00,0.000000000000000000e+00
3.787878787878784514e-03,1.526717557251910939e-02,1.428571428571429047e-01,0.000000000000000000e+00,3.018867924528301216e-02,1.538461538461532996e-02,1.634980988593155438e-01,1.509433962264150608e-02,3.435114503816794063e-02,1.526717557251910939e-02,2.264150943396225912e-02,9.812734082397003288e-01,2.352941176470590978e-02,1.433962264150943078e-01,1.923076923076927347e-02,2.390438247011950068e-02,0.000000000000000000e+00,2.661596958174905492e-02,2.631578947368418131e-02,1.132075471698112956e-02,7.547169811320753041e-03,0.000000000000000000e+00,1.145038167938927653e-02,3.396226415094338869e-02,0.000000000000000000e+00,2.651515151515149160e-02,7.722007722007706576e-03,2.661596958174905492e-02,1.578947368421053099e-01,2.631578947368418131e-02,0.000000000000000000e+00,2.307692307692310596e-02,0.000000000000000000e+00,0.000000000000000000e+00,2.575107296137335577e-02,1.000000000000000000e+00,0.000000000000000000e+00,3.065134099616861896e-02,2.734375000000000000e-02,1.886792452830188260e-02,0.000000000000000000e+00,3.018867924528301216e-02,2.661596958174905492e-02,3.007518796992481036e-02,1.320754716981131782e-01,0.000000000000000000e+00,7.669172932330827752e-01,3.030303030303027612e-02,0.000000000000000000e+00,3.018867924528301216e-02,1.503759398496240518e-01,1.515151515151513806e-02,0.000000000000000000e+00,3.690036900368953710e-03,1.460674157303371024e-01,1.879699248120303423e-02,2.641509433962263564e-02,2.651515151515149160e-02,0.000000000000000000e+00,0.000000000000000000e+00,1.503759398496240518e-01,2.255639097744366328e-02,0.000000000000000000e+00,3.759398496240629051e-03,1.886792452830188260e-02,1.886792452830188260e-02,2.631578947368418131e-02,4.887218045112784459e-02,1.140684410646386482e-02,2.255639097744366328e-02,0.000000000000000000e+00,2.641509433962263564e-02,2.281368821292772964e-02,4.528301886792451825e-02,3.018867924528301216e-02,0.000000000000000000e+00,0.000000000000000000e+00,0.000000000000000000e+00,2.272727272727270709e-02,0.000000000000000000e+00,0.000000000000000000e+00,0.000000000000000000e+00,3.759398496240606846e-02,0.000000000000000000e+00,2.641509433962263564e-02,1.498127340823973697e-02,1.127819548872177613e-02,9.592592592592592560e-01,1.140684410646386482e-02,0.000000000000000000e+00,0.000000000000000000e+00,0.000000000000000000e+00,0.000000000000000000e+00,0.000000000000000000e+00,2.631578947368418131e-02,2.255639097744366328e-02,0.000000000000000000e+00,1.886792452830188260e-02,1.879699248120303423e-02,0.000000000000000000e+00,0.000000000000000000e+00,1.348314606741572996e-01,2.255639097744366328e-02,1.886792452830188260e-02,0.000000000000000000e+00,3.759398496240606846e-02,1.893939393939392257e-02,4.905660377358489477e-02,3.773584905660376521e-02,2.651515151515149160e-02,9.777777777777777457e-01,0.000000000000000000e+00,0.000000000000000000e+00,2.641509433962263564e-02,0.000000000000000000e+00,0.000000000000000000e+00,1.520912547528519010e-02,1.886792452830188260e-02,0.000000000000000000e+00,3.100775193798455120e-02,1.140684410646386482e-02,3.773584905660376521e-02,0.000000000000000000e+00,3.018867924528301216e-02,2.313432835820895539e-01,0.000000000000000000e+00,2.631578947368418131e-02,3.018867924528301216e-02,2.641509433962263564e-02,0.000000000000000000e+00,1.503759398496240518e-01,2.255639097744366328e-02,2.641509433962263564e-02,0.000000000000000000e+00,0.000000000000000000e+00,0.000000000000000000e+00,4.905660377358489477e-02,2.290076335877866409e-02,0.000000000000000000e+00,0.000000000000000000e+00,0.000000000000000000e+00
0.000000000000000000e+00,0.000000000000000000e+00,0.000000000000000000e+00,0.000000000000000000e+00,0.000000000000000000e+00,0.000000000000000000e+00,3.717472118959119776e-03,0.000000000000000000e+00,0.000000000000000000e+00,0.000000000000000000e+00,0.000000000000000000e+00,0.000000000000000000e+00,0.000000000000000000e+00,0.000000000000000000e+00,0.000000000000000000e+00,0.000000000000000000e+00,7.067137809187329367e-03,0.000000000000000000e+00,0.000000000000000000e+00,0.000000000000000000e+00,0.000000000000000000e+00,7.042253521126751181e-03,0.000000000000000000e+00,0.000000000000000000e+00,0.000000000000000000e+00,0.000000000000000000e+00,0.000000000000000000e+00,0.000000000000000000e+00,0.000000000000000000e+00,0.000000000000000000e+00,1.408450704225350236e-02,0.000000000000000000e+00,7.042253521126751181e-03,0.000000000000000000e+00,0.000000000000000000e+00,0.000000000000000000e+00,1.000000000000000000e+00,0.000000000000000000e+00,0.000000000000000000e+00,0.000000000000000000e+00,0.000000000000000000e+00,0.000000000000000000e+00,0.000000000000000000e+00,0.000000000000000000e+00,0.000000000000000000e+00,9.964912280701754277e-01,0.000000000000000000e+00,0.000000000000000000e+00,0.000000000000000000e+00,0.000000000000000000e+00,0.000000000000000000e+00,0.000000000000000000e+00,0.000000000000000000e+00,0.000000000000000000e+00,0.000000000000000000e+00,0.000000000000000000e+00,0.000000000000000000e+00,0.000000000000000000e+00,0.000000000000000000e+00,3.521126760563375591e-03,0.000000000000000000e+00,0.000000000000000000e+00,0.000000000000000000e+00,0.000000000000000000e+00,0.000000000000000000e+00,0.000000000000000000e+00,0.000000000000000000e+00,0.000000000000000000e+00,0.000000000000000000e+00,0.000000000000000000e+00,0.000000000000000000e+00,0.000000000000000000e+00,0.000000000000000000e+00,0.000000000000000000e+00,0.000000000000000000e+00,0.000000000000000000e+00,1.052631578947371693e-02,3.533568904593664683e-03,0.000000000000000000e+00,1.052631578947371693e-02,0.000000000000000000e+00,0.000000000000000000e+00,0.000000000000000000e+00,3.508771929824572311e-03,0.000000000000000000e+00,0.000000000000000000e+00,0.000000000000000000e+00,0.000000000000000000e+00,0.000000000000000000e+00,1.052631578947371693e-02,7.017543859649144622e-03,0.000000000000000000e+00,0.000000000000000000e+00,1.052631578947371693e-02,0.000000000000000000e+00,0.000000000000000000e+00,1.052631578947371693e-02,0.000000000000000000e+00,0.000000000000000000e+00,0.000000000000000000e+00,3.521126760563375591e-03,0.000000000000000000e+00,0.000000000000000000e+00,0.000000000000000000e+00,0.000000000000000000e+00,0.000000000000000000e+00,0.000000000000000000e+00,0.000000000000000000e+00,0.000000000000000000e+00,0.000000000000000000e+00,0.000000000000000000e+00,3.508771929824572311e-03,0.000000000000000000e+00,0.000000000000000000e+00,1.403508771929828924e-02,0.000000000000000000e+00,0.000000000000000000e+00,0.000000000000000000e+00,0.000000000000000000e+00,0.000000000000000000e+00,0.000000000000000000e+00,0.000000000000000000e+00,0.000000000000000000e+00,0.000000000000000000e+00,0.000000000000000000e+00,0.000000000000000000e+00,0.000000000000000000e+00,0.000000000000000000e+00,0.000000000000000000e+00,3.508771929824572311e-03,0.000000000000000000e+00,0.000000000000000000e+00,0.000000000000000000e+00,0.000000000000000000e+00,3.533568904593664683e-03,3.508771929824572311e-03,0.000000000000000000e+00,0.000000000000000000e+00,0.000000000000000000e+00,0.000000000000000000e+00,0.000000000000000000e+00
1.526717557251910939e-02,2.702702702702697302e-02,2.671755725190838593e-02,0.000000000000000000e+00,1.520912547528519010e-02,1.930501930501926644e-02,2.692307692307693845e-02,1.520912547528519010e-02,8.872180451127820167e-01,2.702702702702697302e-02,1.526717557251910939e-02,2.692307692307693845e-02,7.874015748031482076e-03,2.298850574712640871e-02,2.316602316602311973e-02,1.992031872509958390e-02,0.000000000000000000e+00,1.538461538461532996e-02,1.520912547528519010e-02,1.520912547528519010e-02,7.604562737642539538e-03,0.000000000000000000e+00,2.307692307692310596e-02,3.041825095057038020e-02,0.000000000000000000e+00,8.801498127340824373e-01,2.334630350194555337e-02,5.725190839694660472e-02,3.053435114503821879e-02,1.901140684410651538e-02,0.000000000000000000e+00,2.316602316602311973e-02,0.000000000000000000e+00,0.000000000000000000e+00,8.702928870292887531e-01,3.065134099616861896e-02,0.000000000000000000e+00,1.000000000000000000e+00,1.953125000000000000e-02,1.520912547528519010e-02,0.000000000000000000e+00,2.671755725190838593e-02,1.149425287356320435e-02,1.140684410646386482e-02,2.681992337164751383e-02,0.000000000000000000e+00,3.461538461538460343e-02,1.149425287356320435e-02,0.000000000000000000e+00,1.520912547528519010e-02,3.053435114503821879e-02,1.145038167938927653e-02,0.000000000000000000e+00,0.000000000000000000e+00,2.661596958174905492e-02,1.136363636363635354e-02,3.053435114503821879e-02,4.562737642585545927e-02,0.000000000000000000e+00,0.000000000000000000e+00,3.435114503816794063e-02,1.520912547528519010e-02,0.000000000000000000e+00,1.520912547528519010e-02,1.526717557251910939e-02,1.526717557251910939e-02,1.140684410646386482e-02,2.651515151515149160e-02,1.532567049808430948e-02,1.520912547528519010e-02,0.000000000000000000e+00,1.526717557251910939e-02,6.488549618320615942e-02,1.901140684410651538e-02,3.422053231939159446e-02,0.000000000000000000e+00,0.000000000000000000e+00,0.000000000000000000e+00,2.671755725190838593e-02,0.000000000000000000e+00,0.000000000000000000e+00,0.000000000000000000e+00,3.422053231939159446e-02,0.000000000000000000e+00,3.053435114503821879e-02,1.893939393939392257e-02,1.515151515151513806e-02,3.053435114503821879e-02,1.915708812260541460e-02,0.000000000000000000e+00,0.000000000000000000e+00,0.000000000000000000e+00,0.000000000000000000e+00,0.000000000000000000e+00,1.901140684410651538e-02,1.893939393939392257e-02,0.000000000000000000e+00,2.281368821292772964e-02,1.893939393939392257e-02,0.000000000000000000e+00,0.000000000000000000e+00,2.661596958174905492e-02,1.515151515151513806e-02,1.145038167938927653e-02,0.000000000000000000e+00,1.901140684410651538e-02,5.343511450381677186e-02,2.281368821292772964e-02,2.281368821292772964e-02,1.145038167938927653e-02,3.435114503816794063e-02,0.000000000000000000e+00,0.000000000000000000e+00,3.041825095057038020e-02,0.000000000000000000e+00,0.000000000000000000e+00,1.532567049808430948e-02,3.816793893129721837e-03,0.000000000000000000e+00,7.874015748031482076e-03,1.153846153846149747e-02,2.661596958174905492e-02,7.604562737642539538e-03,3.053435114503821879e-02,2.651515151515149160e-02,0.000000000000000000e+00,1.520912547528519010e-02,3.053435114503821879e-02,8.582089552238806318e-01,0.000000000000000000e+00,3.053435114503821879e-02,1.520912547528519010e-02,1.520912547528519010e-02,0.000000000000000000e+00,0.000000000000000000e+00,0.000000000000000000e+00,2.661596958174905492e-02,1.153846153846149747e-02,0.000000000000000000e+00,0.000000000000000000e+00,0.000000000000000000e+00
5.058365758754868047e-02,1.968503937007870519e-02,1.953125000000000000e-02,0.000000000000000000e+00,7.595419847328244156e-01,1.976284584980236847e-02,1.960784313725494332e-02,9.847328244274808906e-01,1.568627450980397686e-02,2.362204724409444623e-02,4.769230769230768940e-01,2.352941176470590978e-02,7.568627450980391913e-01,2.745098039215687624e-02,1.976284584980236847e-02,1.612903225806450180e-02,0.000000000000000000e+00,5.098039215686278602e-02,6.177606177606176363e-02,1.007751937984495694e-01,7.751937984496126699e-02,0.000000000000000000e+00,2.362204724409444623e-02,5.836575875486382792e-02,0.000000000000000000e+00,2.734375000000000000e-02,2.371541501976281996e-02,1.568627450980397686e-02,3.515625000000000000e-02,6.201550387596899139e-02,0.000000000000000000e+00,2.362204724409444623e-02,0.000000000000000000e+00,0.000000000000000000e+00,1.287553648068673340e-02,2.734375000000000000e-02,0.000000000000000000e+00,1.953125000000000000e-02,1.000000000000000000e+00,7.854406130268198893e-01,0.000000000000000000e+00,1.953125000000000000e-02,3.137254901960784270e-02,7.862595419847328015e-01,2.745098039215687624e-02,0.000000000000000000e+00,3.543307086614178036e-02,1.953125000000000000e-02,0.000000000000000000e+00,6.201550387596899139e-02,3.125000000000000000e-02,3.333333333333333703e-01,0.000000000000000000e+00,0.000000000000000000e+00,1.556420233463029490e-02,6.949806949806947021e-02,3.552123552123551686e-01,1.953125000000000000e-02,0.000000000000000000e+00,0.000000000000000000e+00,3.515625000000000000e-02,6.563706563706561692e-02,0.000000000000000000e+00,7.364341085271319809e-02,3.706563706563706928e-01,3.629343629343629862e-01,7.335907335907332349e-02,5.791505791505791034e-02,1.960784313725494332e-02,7.364341085271319809e-02,0.000000000000000000e+00,2.895752895752895517e-01,2.343750000000000000e-02,5.813953488372092249e-02,3.590733590733590219e-01,0.000000000000000000e+00,0.000000000000000000e+00,3.816793893129721837e-03,2.734375000000000000e-02,0.000000000000000000e+00,0.000000000000000000e+00,0.000000000000000000e+00,3.629343629343629862e-01,0.000000000000000000e+00,3.513513513513513153e-01,8.108108108108103007e-02,7.335907335907332349e-02,2.723735408560312710e-02,1.960784313725494332e-02,0.000000000000000000e+00,0.000000000000000000e+00,0.000000000000000000e+00,0.000000000000000000e+00,0.000000000000000000e+00,3.961538461538461897e-01,7.938931297709923562e-01,0.000000000000000000e+00,3.436293436293436088e-01,5.405405405405405705e-02,3.802281368821325280e-03,0.000000000000000000e+00,1.167315175097272117e-02,7.335907335907332349e-02,3.359073359073359022e-01,0.000000000000000000e+00,5.426356589147285359e-02,1.171875000000000000e-02,5.426356589147285359e-02,6.201550387596899139e-02,1.953125000000000000e-02,2.334630350194555337e-02,3.802281368821325280e-03,3.802281368821325280e-03,3.745173745173745461e-01,0.000000000000000000e+00,0.000000000000000000e+00,1.960784313725494332e-02,6.976744186046512919e-02,0.000000000000000000e+00,8.032128514056213753e-03,1.960784313725494332e-02,3.088803088803089292e-01,6.201550387596899139e-02,3.527131782945736038e-01,1.550387596899227560e-02,0.000000000000000000e+00,7.938931297709923562e-01,3.513513513513513153e-01,1.556420233463029490e-02,0.000000000000000000e+00,2.723735408560312710e-02,7.364341085271319809e-02,3.088803088803089292e-01,0.000000000000000000e+00,0.000000000000000000e+00,0.000000000000000000e+00,6.976744186046512919e-02,2.362204724409444623e-02,0.000000000000000000e+00,0.000000000000000000e+00,0.000000000000000000e+00
6.766917293233087882e-02,1.140684410646386482e-02,3.018867924528301216e-02,0.000000000000000000e+00,7.749077490774907151e-01,1.538461538461532996e-02,1.520912547528519010e-02,7.675276752767528077e-01,1.140684410646386482e-02,1.520912547528519010e-02,4.498141263940520496e-01,3.041825095057038020e-02,9.655172413793103869e-01,5.681818181818176772e-02,1.915708812260541460e-02,7.936507936507908312e-03,3.690036900368953710e-03,4.924242424242419869e-02,6.343283582089553896e-02,5.597014925373133831e-02,6.716417910447758377e-02,0.000000000000000000e+00,2.281368821292772964e-02,3.383458646616543941e-02,0.000000000000000000e+00,1.509433962264150608e-02,1.158301158301155986e-02,1.136363636363635354e-02,4.905660377358489477e-02,8.955223880597018571e-02,0.000000000000000000e+00,1.915708812260541460e-02,0.000000000000000000e+00,0.000000000000000000e+00,1.276595744680852906e-02,1.886792452830188260e-02,0.000000000000000000e+00,1.520912547528519010e-02,7.854406130268198893e-01,1.000000000000000000e+00,3.690036900368953710e-03,1.886792452830188260e-02,3.030303030303027612e-02,9.889705882352941568e-01,5.681818181818176772e-02,0.000000000000000000e+00,3.816793893129766246e-02,7.575757575757569029e-03,0.000000000000000000e+00,7.116104868913852854e-02,5.639097744360899167e-02,3.108614232209737649e-01,0.000000000000000000e+00,0.000000000000000000e+00,3.370786516853929715e-02,6.343283582089553896e-02,3.470149253731342753e-01,2.641509433962263564e-02,0.000000000000000000e+00,0.000000000000000000e+00,5.639097744360899167e-02,7.462686567164178442e-02,0.000000000000000000e+00,6.741573033707870533e-02,3.955223880597015240e-01,3.880597014925373234e-01,7.462686567164178442e-02,7.462686567164178442e-02,1.893939393939392257e-02,8.239700374531833127e-02,0.000000000000000000e+00,2.798507462686566916e-01,2.641509433962263564e-02,6.367041198501877108e-02,3.432835820895522305e-01,0.000000000000000000e+00,0.000000000000000000e+00,3.690036900368953710e-03,1.886792452830188260e-02,0.000000000000000000e+00,0.000000000000000000e+00,0.000000000000000000e+00,3.643122676579925168e-01,0.000000000000000000e+00,3.320895522388059851e-01,5.597014925373133831e-02,5.970149253731338312e-02,3.383458646616543941e-02,1.893939393939392257e-02,0.000000000000000000e+00,0.000000000000000000e+00,0.000000000000000000e+00,0.000000000000000000e+00,3.676470588235281056e-03,3.717472118959107563e-01,8.044280442804427889e-01,0.000000000000000000e+00,3.246268656716417844e-01,6.343283582089553896e-02,3.676470588235281056e-03,0.000000000000000000e+00,2.255639097744366328e-02,7.462686567164178442e-02,3.246268656716417844e-01,0.000000000000000000e+00,4.868913857677903412e-02,2.641509433962263564e-02,4.119850187265916563e-02,5.243445692883896836e-02,1.886792452830188260e-02,2.631578947368418131e-02,0.000000000000000000e+00,0.000000000000000000e+00,3.470149253731342753e-01,0.000000000000000000e+00,0.000000000000000000e+00,2.272727272727270709e-02,8.270676691729328400e-02,0.000000000000000000e+00,1.550387596899227560e-02,1.893939393939392257e-02,2.985074626865671377e-01,6.367041198501877108e-02,3.432835820895522305e-01,7.490636704119868483e-03,0.000000000000000000e+00,8.044280442804427889e-01,3.507462686567164312e-01,1.127819548872177613e-02,0.000000000000000000e+00,5.263157894736847364e-02,7.462686567164178442e-02,2.947761194029850929e-01,3.690036900368953710e-03,0.000000000000000000e+00,0.000000000000000000e+00,3.759398496240606846e-02,3.041825095057038020e-02,0.000000000000000000e+00,0.000000000000000000e+00,0.000000000000000000e+00
0.000000000000000000e+00,0.000000000000000000e+00,3.690036900368953710e-03,0.000000000000000000e+00,0.000000000000000000e+00,0.000000000000000000e+00,0.000000000000000000e+00,3.690036900368953710e-03,0.000000000000000000e+00,0.000000000000000000e+00,3.690036900368953710e-03,0.000000000000000000e+00,3.831417624521105125e-03,3.703703703703653538e-03,0.000000000000000000e+00,0.000000000000000000e+00,1.060070671378088303e-02,0.000000000000000000e+00,3.676470588235281056e-03,0.000000000000000000e+00,0.000000000000000000e+00,1.413427561837454771e-02,0.000000000000000000e+00,0.000000000000000000e+00,0.000000000000000000e+00,0.000000000000000000e+00,0.000000000000000000e+00,3.703703703703653538e-03,3.690036900368953710e-03,3.676470588235281056e-03,0.000000000000000000e+00,0.000000000000000000e+00,1.413427561837454771e-02,0.000000000000000000e+00,0.000000000000000000e+00,0.000000000000000000e+00,0.000000000000000000e+00,0.000000000000000000e+00,0.000000000000000000e+00,3.690036900368953710e-03,1.000000000000000000e+00,0.000000000000000000e+00,3.703703703703653538e-03,0.000000000000000000e+00,3.703703703703653538e-03,0.000000000000000000e+00,0.000000000000000000e+00,0.000000000000000000e+00,0.000000000000000000e+00,0.000000000000000000e+00,3.676470588235281056e-03,3.690036900368953710e-03,3.521126760563375591e-03,3.521126760563375591e-03,7.326007326007299980e-03,0.000000000000000000e+00,3.676470588235281056e-03,0.000000000000000000e+00,3.521126760563375591e-03,0.000000000000000000e+00,3.676470588235281056e-03,3.663003663003649990e-03,0.000000000000000000e+00,0.000000000000000000e+00,3.690036900368953710e-03,3.676470588235281056e-03,3.663003663003649990e-03,3.676470588235281056e-03,0.000000000000000000e+00,0.000000000000000000e+00,0.000000000000000000e+00,3.676470588235281056e-03,3.703703703703653538e-03,3.676470588235281056e-03,3.676470588235281056e-03,0.000000000000000000e+00,1.056338028169012677e-02,3.546099290780091451e-03,3.690036900368953710e-03,3.521126760563375591e-03,0.000000000000000000e+00,0.000000000000000000e+00,3.676470588235281056e-03,7.042253521126751181e-03,3.690036900368953710e-03,0.000000000000000000e+00,0.000000000000000000e+00,0.000000000000000000e+00,0.000000000000000000e+00,3.521126760563375591e-03,3.521126760563375591e-03,0.000000000000000000e+00,3.521126760563375591e-03,0.000000000000000000e+00,0.000000000000000000e+00,0.000000000000000000e+00,0.000000000000000000e+00,3.676470588235281056e-03,0.000000000000000000e+00,0.000000000000000000e+00,7.042253521126751181e-03,7.326007326007299980e-03,0.000000000000000000e+00,0.000000000000000000e+00,0.000000000000000000e+00,0.000000000000000000e+00,0.000000000000000000e+00,0.000000000000000000e+00,3.676470588235281056e-03,0.000000000000000000e+00,0.000000000000000000e+00,1.760563380281687795e-02,3.521126760563375591e-03,0.000000000000000000e+00,3.521126760563375591e-03,7.042253521126751181e-03,0.000000000000000000e+00,0.000000000000000000e+00,0.000000000000000000e+00,0.000000000000000000e+00,0.000000000000000000e+00,7.352941176470562112e-03,0.000000000000000000e+00,0.000000000000000000e+00,0.000000000000000000e+00,0.000000000000000000e+00,0.000000000000000000e+00,3.676470588235281056e-03,0.000000000000000000e+00,0.000000000000000000e+00,0.000000000000000000e+00,0.000000000000000000e+00,3.676470588235281056e-03,1.063829787234038537e-02,1.060070671378088303e-02,0.000000000000000000e+00,3.676470588235281056e-03,3.731343283582044812e-03,2.816901408450700472e-02,2.816901408450700472e-02,2.816901408450700472e-02
1.893939393939392257e-02,1.254752851711026240e-01,2.272727272727270709e-02,0.000000000000000000e+00,2.255639097744366328e-02,1.153846153846149747e-02,1.145038167938927653e-02,2.264150943396225912e-02,1.526717557251910939e-02,1.292775665399239493e-01,3.018867924528301216e-02,2.671755725190838593e-02,7.843137254901932920e-03,1.901140684410651538e-02,1.450381679389313172e-01,7.905138339920947388e-02,3.717472118959119776e-03,3.041825095057038020e-02,1.503759398496240518e-02,2.264150943396225912e-02,2.264150943396225912e-02,0.000000000000000000e+00,1.439393939393939226e-01,4.150943396226414173e-02,0.000000000000000000e+00,2.651515151515149160e-02,1.550387596899227560e-02,3.422053231939159446e-02,1.893939393939392257e-02,2.255639097744366328e-02,0.000000000000000000e+00,1.450381679389313172e-01,0.000000000000000000e+00,0.000000000000000000e+00,2.136752136752140263e-02,3.018867924528301216e-02,0.000000000000000000e+00,2.671755725190838593e-02,1.953125000000000000e-02,1.886792452830188260e-02,0.000000000000000000e+00,1.000000000000000000e+00,7.604562737642539538e-03,1.879699248120303423e-02,1.901140684410651538e-02,0.000000000000000000e+00,3.053435114503821879e-02,1.140684410646386482e-02,0.000000000000000000e+00,2.264150943396225912e-02,1.886792452830188260e-02,1.515151515151513806e-02,0.000000000000000000e+00,0.000000000000000000e+00,1.886792452830188260e-02,2.255639097744366328e-02,1.893939393939392257e-02,1.893939393939392257e-02,0.000000000000000000e+00,0.000000000000000000e+00,1.509433962264150608e-02,2.255639097744366328e-02,0.000000000000000000e+00,1.503759398496240518e-02,1.893939393939392257e-02,1.509433962264150608e-02,2.631578947368418131e-02,3.396226415094338869e-02,1.320754716981131782e-01,1.503759398496240518e-02,0.000000000000000000e+00,2.641509433962263564e-02,3.409090909090906063e-02,1.886792452830188260e-02,1.509433962264150608e-02,0.000000000000000000e+00,0.000000000000000000e+00,7.407407407407418098e-03,1.515151515151513806e-02,0.000000000000000000e+00,0.000000000000000000e+00,0.000000000000000000e+00,1.509433962264150608e-02,0.000000000000000000e+00,2.651515151515149160e-02,1.503759398496240518e-02,1.127819548872177613e-02,2.264150943396225912e-02,1.358490566037735547e-01,0.000000000000000000e+00,0.000000000000000000e+00,0.000000000000000000e+00,0.000000000000000000e+00,7.380073800738018441e-03,3.018867924528301216e-02,2.255639097744366328e-02,0.000000000000000000e+00,1.509433962264150608e-02,1.879699248120303423e-02,0.000000000000000000e+00,0.000000000000000000e+00,1.886792452830188260e-02,2.255639097744366328e-02,1.515151515151513806e-02,0.000000000000000000e+00,1.879699248120303423e-02,2.651515151515149160e-02,3.773584905660376521e-03,1.509433962264150608e-02,2.651515151515149160e-02,2.264150943396225912e-02,0.000000000000000000e+00,0.000000000000000000e+00,2.264150943396225912e-02,0.000000000000000000e+00,0.000000000000000000e+00,1.433962264150943078e-01,3.018867924528301216e-02,0.000000000000000000e+00,1.945525291828797965e-02,1.358490566037735547e-01,1.886792452830188260e-02,1.503759398496240518e-02,3.030303030303027612e-02,1.872659176029967121e-02,0.000000000000000000e+00,1.879699248120303423e-02,2.651515151515149160e-02,2.264150943396225912e-02,0.000000000000000000e+00,1.886792452830188260e-02,1.879699248120303423e-02,2.641509433962263564e-02,0.000000000000000000e+00,0.000000000000000000e+00,0.000000000000000000e+00,2.641509433962263564e-02,1.149425287356320435e-02,0.000000000000000000e+00,0.000000000000000000e+00,0.000000000000000000e+00
7.604562737642539538e-03,7.662835249042099228e-03,7.575757575757569029e-03,0.000000000000000000e+00,2.641509433962263564e-02,5.363984674329502766e-02,7.662835249042099228e-03,2.651515151515149160e-02,2.671755725190838593e-02,1.149425287356320435e-02,3.787878787878784514e-02,2.681992337164751383e-02,2.755905511811018727e-02,1.520912547528519010e-02,7.722007722007706576e-03,7.968127490039833560e-03,0.000000000000000000e+00,1.145038167938927653e-02,2.264150943396225912e-02,7.547169811320753041e-03,7.547169811320753041e-03,0.000000000000000000e+00,1.149425287356320435e-02,1.893939393939392257e-02,0.000000000000000000e+00,1.136363636363635354e-02,5.769230769230770939e-02,2.281368821292772964e-02,2.272727272727270709e-02,3.396226415094338869e-02,0.000000000000000000e+00,3.861003861003853288e-03,0.000000000000000000e+00,0.000000000000000000e+00,2.145922746781114832e-02,2.661596958174905492e-02,0.000000000000000000e+00,1.149425287356320435e-02,3.137254901960784270e-02,3.030303030303027612e-02,3.703703703703653538e-03,7.604562737642539538e-03,1.000000000000000000e+00,2.641509433962263564e-02,1.520912547528519010e-02,0.000000000000000000e+00,2.681992337164751383e-02,1.901140684410651538e-02,0.000000000000000000e+00,3.409090909090906063e-02,2.651515151515149160e-02,4.182509505703424502e-02,0.000000000000000000e+00,0.000000000000000000e+00,3.773584905660376521e-02,0.000000000000000000e+00,3.409090909090906063e-02,1.893939393939392257e-02,3.717472118959119776e-03,0.000000000000000000e+00,1.893939393939392257e-02,2.641509433962263564e-02,0.000000000000000000e+00,3.773584905660376521e-03,3.409090909090906063e-02,3.787878787878784514e-02,2.264150943396225912e-02,3.396226415094338869e-02,3.816793893129721837e-03,7.547169811320753041e-03,0.000000000000000000e+00,4.166666666666662966e-02,2.281368821292772964e-02,2.641509433962263564e-02,3.787878787878784514e-02,0.000000000000000000e+00,3.703703703703653538e-03,3.717472118959119776e-03,9.405204460966543056e-01,0.000000000000000000e+00,0.000000000000000000e+00,0.000000000000000000e+00,3.787878787878784514e-02,0.000000000000000000e+00,3.409090909090906063e-02,3.759398496240629051e-03,7.518796992481258101e-03,2.651515151515149160e-02,7.633587786259554697e-03,7.407407407407418098e-03,7.407407407407418098e-03,3.703703703703653538e-03,7.407407407407418098e-03,0.000000000000000000e+00,4.545454545454541417e-02,3.018867924528301216e-02,0.000000000000000000e+00,4.924242424242419869e-02,3.759398496240629051e-03,0.000000000000000000e+00,0.000000000000000000e+00,2.651515151515149160e-02,0.000000000000000000e+00,3.802281368821291974e-02,0.000000000000000000e+00,1.132075471698112956e-02,2.272727272727270709e-02,2.641509433962263564e-02,2.264150943396225912e-02,1.520912547528519010e-02,2.651515151515149160e-02,0.000000000000000000e+00,3.703703703703653538e-03,3.787878787878784514e-02,0.000000000000000000e+00,0.000000000000000000e+00,7.633587786259554697e-03,3.409090909090906063e-02,0.000000000000000000e+00,1.171875000000000000e-02,3.816793893129721837e-03,4.166666666666662966e-02,3.773584905660376521e-03,3.409090909090906063e-02,1.503759398496240518e-02,0.000000000000000000e+00,2.641509433962263564e-02,3.787878787878784514e-02,2.641509433962263564e-02,0.000000000000000000e+00,1.136363636363635354e-02,7.547169811320753041e-03,3.409090909090906063e-02,0.000000000000000000e+00,0.000000000000000000e+00,0.000000000000000000e+00,1.893939393939392257e-02,8.872180451127820167e-01,0.000000000000000000e+00,0.000000000000000000e+00,0.000000000000000000e+00
6.015037593984962072e-02,1.901140684410651538e-02,3.007518796992481036e-02,0.000000000000000000e+00,7.638376383763837429e-01,1.149425287356320435e-02,1.520912547528519010e-02,7.749077490774907151e-01,2.281368821292772964e-02,1.520912547528519010e-02,4.609665427509294089e-01,1.901140684410651538e-02,9.693486590038313810e-01,5.660377358490564781e-02,1.915708812260541460e-02,1.185770750988146549e-02,3.690036900368953710e-03,4.924242424242419869e-02,5.970149253731338312e-02,8.208955223880598506e-02,5.970149253731338312e-02,0.000000000000000000e+00,2.272727272727270709e-02,4.135338345864658649e-02,0.000000000000000000e+00,1.127819548872177613e-02,1.538461538461532996e-02,2.264150943396225912e-02,3.759398496240606846e-02,8.208955223880598506e-02,0.000000000000000000e+00,1.532567049808430948e-02,0.000000000000000000e+00,0.000000000000000000e+00,8.510638297872352709e-03,3.007518796992481036e-02,0.000000000000000000e+00,1.140684410646386482e-02,7.862595419847328015e-01,9.889705882352941568e-01,0.000000000000000000e+00,1.879699248120303423e-02,2.641509433962263564e-02,1.000000000000000000e+00,4.528301886792451825e-02,0.000000000000000000e+00,2.661596958174905492e-02,7.547169811320753041e-03,0.000000000000000000e+00,7.462686567164178442e-02,4.887218045112784459e-02,2.985074626865671377e-01,0.000000000000000000e+00,0.000000000000000000e+00,2.621722846441942867e-02,5.576208178438657459e-02,3.308550185873605498e-01,2.631578947368418131e-02,0.000000000000000000e+00,0.000000000000000000e+00,4.887218045112784459e-02,6.716417910447758377e-02,0.000000000000000000e+00,7.089552238805973960e-02,3.754646840148698761e-01,3.754646840148698761e-01,8.178438661710041302e-02,5.970149253731338312e-02,2.264150943396225912e-02,6.716417910447758377e-02,0.000000000000000000e+00,2.750929368029739752e-01,2.264150943396225912e-02,6.343283582089553896e-02,3.345724907063196696e-01,0.000000000000000000e+00,0.000000000000000000e+00,7.380073800738018441e-03,3.396226415094338869e-02,0.000000000000000000e+00,0.000000000000000000e+00,0.000000000000000000e+00,3.531598513011152685e-01,0.000000000000000000e+00,3.308550185873605498e-01,6.716417910447758377e-02,6.716417910447758377e-02,3.759398496240606846e-02,2.264150943396225912e-02,0.000000000000000000e+00,0.000000000000000000e+00,0.000000000000000000e+00,0.000000000000000000e+00,0.000000000000000000e+00,3.828996282527881156e-01,8.198529411764705621e-01,0.000000000000000000e+00,3.159851301115241817e-01,5.204460966542745481e-02,3.663003663003649990e-03,0.000000000000000000e+00,1.872659176029967121e-02,6.319702602230481414e-02,3.320895522388059851e-01,0.000000000000000000e+00,4.494382022471909988e-02,3.007518796992481036e-02,4.104477611940293702e-02,5.243445692883896836e-02,1.509433962264150608e-02,4.135338345864658649e-02,3.663003663003649990e-03,3.676470588235281056e-03,3.531598513011152685e-01,0.000000000000000000e+00,0.000000000000000000e+00,2.651515151515149160e-02,7.490636704119846279e-02,0.000000000000000000e+00,1.162790697674420670e-02,2.651515151515149160e-02,2.973977695167285829e-01,5.970149253731338312e-02,3.395522388059701857e-01,2.247191011235960545e-02,0.000000000000000000e+00,8.007380073800738352e-01,3.531598513011152685e-01,1.123595505617980272e-02,0.000000000000000000e+00,4.511278195488721554e-02,7.835820895522382923e-02,3.011152416356877026e-01,0.000000000000000000e+00,0.000000000000000000e+00,0.000000000000000000e+00,5.617977528089890260e-02,3.422053231939159446e-02,0.000000000000000000e+00,0.000000000000000000e+00,0.000000000000000000e+00
1.901140684410651538e-02,7.662835249042099228e-03,6.231343283582089221e-01,0.000000000000000000e+00,3.773584905660376521e-02,2.316602316602311973e-02,2.765151515151514916e-01,3.787878787878784514e-02,2.681992337164751383e-02,1.532567049808430948e-02,4.166666666666662966e-02,1.216730038022814098e-01,4.330708661417326244e-02,9.739776951672862726e-01,1.544401544401541315e-02,1.593625498007966712e-02,0.000000000000000000e+00,3.053435114503821879e-02,1.503759398496240518e-02,2.264150943396225912e-02,3.018867924528301216e-02,0.000000000000000000e+00,1.532567049808430948e-02,5.681818181818176772e-02,0.000000000000000000e+00,1.520912547528519010e-02,1.550387596899227560e-02,3.053435114503821879e-02,7.851851851851852082e-01,1.127819548872177613e-02,0.000000000000000000e+00,1.544401544401541315e-02,0.000000000000000000e+00,0.000000000000000000e+00,2.145922746781114832e-02,1.320754716981131782e-01,0.000000000000000000e+00,2.681992337164751383e-02,2.745098039215687624e-02,5.681818181818176772e-02,3.703703703703653538e-03,1.901140684410651538e-02,1.520912547528519010e-02,4.528301886792451825e-02,1.000000000000000000e+00,0.000000000000000000e+00,1.368821292775664888e-01,1.520912547528519010e-02,0.000000000000000000e+00,2.641509433962263564e-02,8.736059479553903717e-01,1.893939393939392257e-02,0.000000000000000000e+00,3.703703703703653538e-03,6.096654275092936448e-01,3.007518796992481036e-02,4.166666666666662966e-02,2.661596958174905492e-02,0.000000000000000000e+00,0.000000000000000000e+00,8.518518518518518601e-01,2.255639097744366328e-02,0.000000000000000000e+00,2.641509433962263564e-02,1.893939393939392257e-02,3.018867924528301216e-02,7.518796992481258101e-03,1.509433962264150608e-02,7.633587786259554697e-03,2.641509433962263564e-02,0.000000000000000000e+00,4.166666666666662966e-02,2.661596958174905492e-02,1.515151515151513806e-02,3.787878787878784514e-02,0.000000000000000000e+00,0.000000000000000000e+00,0.000000000000000000e+00,2.281368821292772964e-02,0.000000000000000000e+00,0.000000000000000000e+00,0.000000000000000000e+00,3.018867924528301216e-02,0.000000000000000000e+00,3.787878787878784514e-02,3.007518796992481036e-02,1.509433962264150608e-02,1.203007518796992414e-01,7.633587786259554697e-03,0.000000000000000000e+00,0.000000000000000000e+00,0.000000000000000000e+00,0.000000000000000000e+00,0.000000000000000000e+00,3.396226415094338869e-02,5.283018867924527129e-02,0.000000000000000000e+00,1.509433962264150608e-02,2.631578947368418131e-02,0.000000000000000000e+00,0.000000000000000000e+00,5.501858736059479504e-01,3.007518796992481036e-02,1.893939393939392257e-02,0.000000000000000000e+00,2.641509433962263564e-02,1.901140684410651538e-02,4.905660377358489477e-02,3.409090909090906063e-02,2.661596958174905492e-02,1.315789473684210176e-01,0.000000000000000000e+00,0.000000000000000000e+00,1.893939393939392257e-02,0.000000000000000000e+00,0.000000000000000000e+00,1.145038167938927653e-02,2.641509433962263564e-02,0.000000000000000000e+00,2.723735408560312710e-02,1.145038167938927653e-02,2.641509433962263564e-02,1.886792452830188260e-02,4.924242424242419869e-02,8.614232209737826551e-02,0.000000000000000000e+00,3.773584905660376521e-02,3.787878787878784514e-02,1.515151515151513806e-02,0.000000000000000000e+00,8.289962825278810454e-01,3.018867924528301216e-02,2.641509433962263564e-02,0.000000000000000000e+00,0.000000000000000000e+00,0.000000000000000000e+00,4.166666666666662966e-02,1.149425287356320435e-02,0.000000000000000000e+00,0.000000000000000000e+00,0.000000000000000000e+00
0.000000000000000000e+00,0.000000000000000000e+00,0.000000000000000000e+00,0.000000000000000000e+00,0.000000000000000000e+00,0.000000000000000000e+00,3.717472118959119776e-03,0.000000000000000000e+00,0.000000000000000000e+00,0.000000000000000000e+00,0.000000000000000000e+00,0.000000000000000000e+00,0.000000000000000000e+00,0.000000000000000000e+00,0.000000000000000000e+00,0.000000000000000000e+00,7.067137809187329367e-03,0.000000000000000000e+00,0.000000000000000000e+00,0.000000000000000000e+00,0.000000000000000000e+00,7.042253521126751181e-03,0.000000000000000000e+00,0.000000000000000000e+00,0.000000000000000000e+00,0.000000000000000000e+00,0.000000000000000000e+00,0.000000000000000000e+00,0.000000000000000000e+00,0.000000000000000000e+00,1.056338028169012677e-02,0.000000000000000000e+00,7.042253521126751181e-03,0.000000000000000000e+00,0.000000000000000000e+00,0.000000000000000000e+00,9.964912280701754277e-01,0.000000000000000000e+00,0.000000000000000000e+00,0.000000000000000000e+00,0.000000000000000000e+00,0.000000000000000000e+00,0.000000000000000000e+00,0.000000000000000000e+00,0.000000000000000000e+00,1.000000000000000000e+00,0.000000000000000000e+00,3.690036900368953710e-03,0.000000000000000000e+00,0.000000000000000000e+00,0.000000000000000000e+00,0.000000000000000000e+00,0.000000000000000000e+00,0.000000000000000000e+00,0.000000000000000000e+00,0.000000000000000000e+00,0.000000000000000000e+00,0.000000000000000000e+00,0.000000000000000000e+00,3.521126760563375591e-03,0.000000000000000000e+00,0.000000000000000000e+00,0.000000000000000000e+00,0.000000000000000000e+00,0.000000000000000000e+00,0.000000000000000000e+00,0.000000000000000000e+00,0.000000000000000000e+00,0.000000000000000000e+00,0.000000000000000000e+00,0.000000000000000000e+00,0.000000000000000000e+00,0.000000000000000000e+00,0.000000000000000000e+00,0.000000000000000000e+00,0.000000000000000000e+00,1.052631578947371693e-02,0.000000000000000000e+00,0.000000000000000000e+00,1.052631578947371693e-02,0.000000000000000000e+00,0.000000000000000000e+00,0.000000000000000000e+00,3.508771929824572311e-03,0.000000000000000000e+00,0.000000000000000000e+00,0.000000000000000000e+00,0.000000000000000000e+00,0.000000000000000000e+00,1.052631578947371693e-02,1.052631578947371693e-02,0.000000000000000000e+00,0.000000000000000000e+00,7.042253521126751181e-03,0.000000000000000000e+00,0.000000000000000000e+00,1.052631578947371693e-02,0.000000000000000000e+00,0.000000000000000000e+00,0.000000000000000000e+00,3.521126760563375591e-03,0.000000000000000000e+00,0.000000000000000000e+00,0.000000000000000000e+00,0.000000000000000000e+00,0.000000000000000000e+00,0.000000000000000000e+00,0.000000000000000000e+00,3.663003663003649990e-03,0.000000000000000000e+00,0.000000000000000000e+00,0.000000000000000000e+00,0.000000000000000000e+00,0.000000000000000000e+00,1.052631578947371693e-02,0.000000000000000000e+00,0.000000000000000000e+00,0.000000000000000000e+00,0.000000000000000000e+00,0.000000000000000000e+00,0.000000000000000000e+00,0.000000000000000000e+00,0.000000000000000000e+00,0.000000000000000000e+00,0.000000000000000000e+00,0.000000000000000000e+00,0.000000000000000000e+00,0.000000000000000000e+00,0.000000000000000000e+00,3.508771929824572311e-03,0.000000000000000000e+00,0.000000000000000000e+00,0.000000000000000000e+00,0.000000000000000000e+00,3.533568904593664683e-03,3.508771929824572311e-03,0.000000000000000000e+00,0.000000000000000000e+00,0.000000000000000000e+00,0.000000000000000000e+00,0.000000000000000000e+00
1.532567049808430948e-02,7.722007722007706576e-03,1.401515151515151381e-01,0.000000000000000000e+00,3.041825095057038020e-02,1.162790697674420670e-02,1.877394636015325968e-01,2.671755725190838593e-02,2.307692307692310596e-02,3.861003861003853288e-03,1.908396946564883123e-02,7.651515151515151381e-01,2.766798418972327145e-02,1.259541984732824860e-01,1.550387596899227560e-02,1.200000000000001066e-02,0.000000000000000000e+00,3.448275862068961306e-02,2.281368821292772964e-02,0.000000000000000000e+00,1.140684410646386482e-02,0.000000000000000000e+00,7.692307692307664979e-03,3.816793893129766246e-02,0.000000000000000000e+00,3.065134099616861896e-02,3.891050583657573725e-03,3.076923076923077094e-02,1.406844106463878141e-01,3.041825095057038020e-02,0.000000000000000000e+00,1.162790697674420670e-02,0.000000000000000000e+00,0.000000000000000000e+00,3.017241379310342531e-02,7.669172932330827752e-01,0.000000000000000000e+00,3.461538461538460343e-02,3.543307086614178036e-02,3.816793893129766246e-02,0.000000000000000000e+00,3.053435114503821879e-02,2.681992337164751383e-02,2.661596958174905492e-02,1.368821292775664888e-01,0.000000000000000000e+00,1.000000000000000000e+00,1.526717557251910939e-02,0.000000000000000000e+00,3.041825095057038020e-02,1.477272727272727071e-01,1.145038167938927653e-02,0.000000000000000000e+00,0.000000000000000000e+00,1.433962264150943078e-01,1.515151515151513806e-02,3.422053231939159446e-02,4.580152671755721716e-02,0.000000000000000000e+00,0.000000000000000000e+00,1.439393939393939226e-01,3.409090909090906063e-02,0.000000000000000000e+00,1.893939393939392257e-02,2.281368821292772964e-02,1.901140684410651538e-02,3.409090909090906063e-02,3.787878787878784514e-02,1.532567049808430948e-02,2.281368821292772964e-02,0.000000000000000000e+00,2.661596958174905492e-02,3.448275862068961306e-02,4.942965779467678455e-02,3.422053231939159446e-02,0.000000000000000000e+00,0.000000000000000000e+00,0.000000000000000000e+00,1.908396946564883123e-02,0.000000000000000000e+00,0.000000000000000000e+00,0.000000000000000000e+00,3.409090909090906063e-02,0.000000000000000000e+00,2.661596958174905492e-02,7.575757575757569029e-03,7.575757575757569029e-03,7.490636704119850720e-01,1.532567049808430948e-02,0.000000000000000000e+00,0.000000000000000000e+00,0.000000000000000000e+00,0.000000000000000000e+00,0.000000000000000000e+00,3.030303030303027612e-02,1.515151515151513806e-02,0.000000000000000000e+00,1.140684410646386482e-02,1.136363636363635354e-02,0.000000000000000000e+00,0.000000000000000000e+00,1.433962264150943078e-01,7.575757575757569029e-03,2.671755725190838593e-02,0.000000000000000000e+00,5.303030303030298320e-02,4.198473282442749532e-02,5.323193916349810983e-02,4.942965779467678455e-02,2.298850574712640871e-02,7.602996254681647637e-01,0.000000000000000000e+00,0.000000000000000000e+00,2.281368821292772964e-02,0.000000000000000000e+00,0.000000000000000000e+00,1.915708812260541460e-02,1.901140684410651538e-02,0.000000000000000000e+00,2.734375000000000000e-02,1.149425287356320435e-02,1.901140684410651538e-02,1.515151515151513806e-02,2.661596958174905492e-02,2.218045112781954487e-01,0.000000000000000000e+00,2.281368821292772964e-02,2.281368821292772964e-02,2.281368821292772964e-02,0.000000000000000000e+00,1.439393939393939226e-01,2.281368821292772964e-02,2.281368821292772964e-02,0.000000000000000000e+00,0.000000000000000000e+00,0.000000000000000000e+00,4.562737642585545927e-02,2.307692307692310596e-02,0.000000000000000000e+00,0.000000000000000000e+00,0.000000000000000000e+00
1.520912547528519010e-02,3.846153846153832490e-03,2.651515151515149160e-02,0.000000000000000000e+00,1.132075471698112956e-02,1.544401544401541315e-02,1.915708812260541460e-02,1.136363636363635354e-02,3.831417624521105125e-03,3.846153846153832490e-03,3.787878787878784514e-03,1.532567049808430948e-02,7.843137254901932920e-03,1.520912547528519010e-02,3.861003861003853288e-03,3.984063745019916780e-03,0.000000000000000000e+00,2.671755725190838593e-02,7.547169811320753041e-03,7.575757575757569029e-03,3.787878787878784514e-03,0.000000000000000000e+00,0.000000000000000000e+00,3.041825095057038020e-02,0.000000000000000000e+00,1.520912547528519010e-02,1.937984496124034450e-02,1.526717557251910939e-02,3.030303030303027612e-02,1.886792452830188260e-02,0.000000000000000000e+00,3.861003861003853288e-03,0.000000000000000000e+00,0.000000000000000000e+00,8.583690987124414917e-03,3.030303030303027612e-02,0.000000000000000000e+00,1.149425287356320435e-02,1.953125000000000000e-02,7.575757575757569029e-03,0.000000000000000000e+00,1.140684410646386482e-02,1.901140684410651538e-02,7.547169811320753041e-03,1.520912547528519010e-02,3.690036900368953710e-03,1.526717557251910939e-02,1.000000000000000000e+00,0.000000000000000000e+00,1.886792452830188260e-02,1.886792452830188260e-02,1.520912547528519010e-02,0.000000000000000000e+00,0.000000000000000000e+00,2.641509433962263564e-02,1.127819548872177613e-02,3.787878787878784514e-03,1.136363636363635354e-02,0.000000000000000000e+00,0.000000000000000000e+00,1.509433962264150608e-02,1.503759398496240518e-02,0.000000000000000000e+00,7.547169811320753041e-03,7.547169811320753041e-03,1.509433962264150608e-02,2.631578947368418131e-02,1.886792452830188260e-02,3.816793893129721837e-03,1.132075471698112956e-02,0.000000000000000000e+00,1.136363636363635354e-02,3.802281368821325280e-03,2.641509433962263564e-02,7.575757575757569029e-03,0.000000000000000000e+00,0.000000000000000000e+00,0.000000000000000000e+00,1.136363636363635354e-02,3.690036900368953710e-03,0.000000000000000000e+00,0.000000000000000000e+00,7.547169811320753041e-03,0.000000000000000000e+00,2.272727272727270709e-02,1.127819548872177613e-02,1.132075471698112956e-02,2.264150943396225912e-02,7.633587786259554697e-03,0.000000000000000000e+00,0.000000000000000000e+00,0.000000000000000000e+00,0.000000000000000000e+00,0.000000000000000000e+00,3.773584905660376521e-03,1.127819548872177613e-02,0.000000000000000000e+00,7.547169811320753041e-03,1.509433962264150608e-02,0.000000000000000000e+00,0.000000000000000000e+00,3.018867924528301216e-02,2.264150943396225912e-02,1.136363636363635354e-02,0.000000000000000000e+00,1.886792452830188260e-02,1.140684410646386482e-02,1.132075471698112956e-02,1.886792452830188260e-02,2.142857142857143016e-01,3.018867924528301216e-02,0.000000000000000000e+00,0.000000000000000000e+00,1.893939393939392257e-02,3.690036900368953710e-03,0.000000000000000000e+00,3.816793893129721837e-03,3.409090909090906063e-02,0.000000000000000000e+00,1.953125000000000000e-02,3.816793893129721837e-03,1.509433962264150608e-02,1.509433962264150608e-02,1.136363636363635354e-02,1.127819548872177613e-02,0.000000000000000000e+00,1.127819548872177613e-02,3.787878787878784514e-03,7.575757575757569029e-03,0.000000000000000000e+00,1.886792452830188260e-02,7.547169811320753041e-03,1.136363636363635354e-02,0.000000000000000000e+00,0.000000000000000000e+00,0.000000000000000000e+00,1.893939393939392257e-02,1.526717557251910939e-02,0.000000000000000000e+00,0.000000000000000000e+00,0.000000000000000000e+00
0.000000000000000000e+00,0.000000000000000000e+00,0.000000000000000000e+00,0.000000000000000000e+00,0.000000000000000000e+00,0.000000000000000000e+00,0.000000000000000000e+00,0.000000000000000000e+00,0.000000000000000000e+00,0.000000000000000000e+00,0.000000000000000000e+00,0.000000000000000000e+00,0.000000000000000000e+00,0.000000000000000000e+00,0.000000000000000000e+00,0.000000000000000000e+00,7.067137809187329367e-03,0.000000000000000000e+00,0.000000000000000000e+00,0.000000000000000000e+00,0.000000000000000000e+00,3.533568904593664683e-03,0.000000000000000000e+00,0.000000000000000000e+00,3.508771929824572311e-03,0.000000000000000000e+00,0.000000000000000000e+00,0.000000000000000000e+00,0.000000000000000000e+00,0.000000000000000000e+00,0.000000000000000000e+00,0.000000000000000000e+00,3.533568904593664683e-03,0.000000000000000000e+00,0.000000000000000000e+00,0.000000000000000000e+00,0.000000000000000000e+00,0.000000000000000000e+00,0.000000000000000000e+00,0.000000000000000000e+00,0.000000000000000000e+00,0.000000000000000000e+00,0.000000000000000000e+00,0.000000000000000000e+00,0.000000000000000000e+00,0.000000000000000000e+00,0.000000000000000000e+00,0.000000000000000000e+00,1.000000000000000000e+00,0.000000000000000000e+00,0.000000000000000000e+00,0.000000000000000000e+00,1.056338028169012677e-02,1.056338028169012677e-02,0.000000000000000000e+00,0.000000000000000000e+00,0.000000000000000000e+00,0.000000000000000000e+00,0.000000000000000000e+00,0.000000000000000000e+00,0.000000000000000000e+00,0.000000000000000000e+00,0.000000000000000000e+00,0.000000000000000000e+00,0.000000000000000000e+00,0.000000000000000000e+00,0.000000000000000000e+00,0.000000000000000000e+00,0.000000000000000000e+00,0.000000000000000000e+00,0.000000000000000000e+00,0.000000000000000000e+00,0.000000000000000000e+00,0.000000000000000000e+00,0.000000000000000000e+00,3.508771929824572311e-03,7.017543859649144622e-03,3.533568904593664683e-03,0.000000000000000000e+00,3.508771929824572311e-03,0.000000000000000000e+00,0.000000000000000000e+00,0.000000000000000000e+00,3.508771929824572311e-03,0.000000000000000000e+00,0.000000000000000000e+00,0.000000000000000000e+00,0.000000000000000000e+00,0.000000000000000000e+00,0.000000000000000000e+00,0.000000000000000000e+00,0.000000000000000000e+00,0.000000000000000000e+00,1.754385964912286155e-02,0.000000000000000000e+00,0.000000000000000000e+00,0.000000000000000000e+00,0.000000000000000000e+00,0.000000000000000000e+00,0.000000000000000000e+00,7.042253521126751181e-03,0.000000000000000000e+00,0.000000000000000000e+00,0.000000000000000000e+00,6.385964912280701622e-01,0.000000000000000000e+00,0.000000000000000000e+00,0.000000000000000000e+00,0.000000000000000000e+00,0.000000000000000000e+00,0.000000000000000000e+00,0.000000000000000000e+00,0.000000000000000000e+00,0.000000000000000000e+00,0.000000000000000000e+00,0.000000000000000000e+00,0.000000000000000000e+00,0.000000000000000000e+00,3.521126760563375591e-03,0.000000000000000000e+00,0.000000000000000000e+00,0.000000000000000000e+00,0.000000000000000000e+00,0.000000000000000000e+00,0.000000000000000000e+00,3.521126760563375591e-03,0.000000000000000000e+00,0.000000000000000000e+00,0.000000000000000000e+00,3.508771929824572311e-03,0.000000000000000000e+00,0.000000000000000000e+00,0.000000000000000000e+00,7.067137809187329367e-03,3.533568904593664683e-03,0.000000000000000000e+00,0.000000000000000000e+00,0.000000000000000000e+00,0.000000000000000000e+00,0.000000000000000000e+00,0.000000000000000000e+00
4.511278195488721554e-02,1.145038167938927653e-02,1.132075471698112956e-02,0.000000000000000000e+00,6.741573033707870533e-02,2.681992337164751383e-02,1.901140684410651538e-02,7.116104868913852854e-02,1.140684410646386482e-02,1.145038167938927653e-02,9.363295880149813399e-02,2.661596958174905492e-02,7.003891050583654909e-02,1.886792452830188260e-02,7.662835249042099228e-03,0.000000000000000000e+00,0.000000000000000000e+00,2.651515151515149160e-02,7.638376383763837429e-01,4.868913857677903412e-02,7.462686567164178442e-02,0.000000000000000000e+00,1.520912547528519010e-02,1.132075471698112956e-02,0.000000000000000000e+00,1.132075471698112956e-02,2.307692307692310596e-02,1.136363636363635354e-02,1.879699248120303423e-02,8.154981549815498720e-01,0.000000000000000000e+00,7.662835249042099228e-03,0.000000000000000000e+00,0.000000000000000000e+00,1.702127659574470542e-02,3.018867924528301216e-02,0.000000000000000000e+00,1.520912547528519010e-02,6.201550387596899139e-02,7.116104868913852854e-02,0.000000000000000000e+00,2.264150943396225912e-02,3.409090909090906063e-02,7.462686567164178442e-02,2.641509433962263564e-02,0.000000000000000000e+00,3.041825095057038020e-02,1.886792452830188260e-02,0.000000000000000000e+00,1.000000000000000000e+00,2.621722846441942867e-02,6.015037593984962072e-02,3.676470588235281056e-03,0.000000000000000000e+00,2.996254681647936291e-02,4.832713754646844606e-02,7.490636704119846279e-02,1.509433962264150608e-02,0.000000000000000000e+00,0.000000000000000000e+00,2.996254681647936291e-02,7.757352941176470784e-01,0.000000000000000000e+00,5.223880597014929350e-02,7.490636704119846279e-02,6.741573033707870533e-02,7.536764705882352811e-01,9.328358208955223052e-02,1.136363636363635354e-02,6.343283582089553896e-02,0.000000000000000000e+00,8.988764044943819975e-02,7.547169811320753041e-03,9.328358208955223052e-02,7.116104868913852854e-02,0.000000000000000000e+00,0.000000000000000000e+00,0.000000000000000000e+00,2.641509433962263564e-02,0.000000000000000000e+00,0.000000000000000000e+00,0.000000000000000000e+00,5.970149253731338312e-02,0.000000000000000000e+00,7.490636704119846279e-02,4.850746268656713767e-02,5.597014925373133831e-02,2.996254681647936291e-02,1.136363636363635354e-02,0.000000000000000000e+00,0.000000000000000000e+00,0.000000000000000000e+00,0.000000000000000000e+00,0.000000000000000000e+00,8.208955223880598506e-02,8.178438661710041302e-02,0.000000000000000000e+00,6.343283582089553896e-02,4.460966542750932629e-02,0.000000000000000000e+00,0.000000000000000000e+00,1.498127340823973697e-02,5.204460966542745481e-02,5.243445692883896836e-02,0.000000000000000000e+00,5.223880597014929350e-02,2.264150943396225912e-02,7.462686567164178442e-02,6.367041198501877108e-02,2.255639097744366328e-02,2.631578947368418131e-02,0.000000000000000000e+00,0.000000000000000000e+00,8.239700374531833127e-02,0.000000000000000000e+00,0.000000000000000000e+00,1.136363636363635354e-02,5.185185185185186008e-01,0.000000000000000000e+00,7.751937984496137801e-03,1.136363636363635354e-02,7.490636704119846279e-02,5.597014925373133831e-02,6.741573033707870533e-02,2.238805970149249092e-02,0.000000000000000000e+00,6.716417910447758377e-02,7.490636704119846279e-02,1.127819548872177613e-02,0.000000000000000000e+00,1.872659176029967121e-02,5.597014925373133831e-02,6.741573033707870533e-02,0.000000000000000000e+00,0.000000000000000000e+00,0.000000000000000000e+00,6.367041198501877108e-02,4.562737642585545927e-02,0.000000000000000000e+00,0.000000000000000000e+00,0.000000000000000000e+00
2.641509433962263564e-02,1.526717557251910939e-02,6.171003717472118844e-01,0.000000000000000000e+00,3.759398496240606846e-02,1.153846153846149747e-02,2.641509433962264675e-01,3.018867924528301216e-02,2.661596958174905492e-02,7.633587786259554697e-03,4.150943396226414173e-02,1.477272727272727071e-01,4.296875000000000000e-02,8.847583643122676200e-01,1.153846153846149747e-02,1.984126984126988180e-02,0.000000000000000000e+00,2.272727272727270709e-02,2.247191011235960545e-02,2.631578947368418131e-02,2.631578947368418131e-02,0.000000000000000000e+00,7.604562737642539538e-03,6.037735849056602433e-02,0.000000000000000000e+00,1.509433962264150608e-02,1.544401544401541315e-02,2.651515151515149160e-02,8.074074074074073515e-01,2.247191011235960545e-02,0.000000000000000000e+00,1.538461538461532996e-02,0.000000000000000000e+00,0.000000000000000000e+00,1.709401709401714431e-02,1.503759398496240518e-01,0.000000000000000000e+00,3.053435114503821879e-02,3.125000000000000000e-02,5.639097744360899167e-02,3.676470588235281056e-03,1.886792452830188260e-02,2.651515151515149160e-02,4.887218045112784459e-02,8.736059479553903717e-01,0.000000000000000000e+00,1.477272727272727071e-01,1.886792452830188260e-02,0.000000000000000000e+00,2.621722846441942867e-02,1.000000000000000000e+00,2.264150943396225912e-02,0.000000000000000000e+00,0.000000000000000000e+00,6.014760147601476703e-01,1.123595505617980272e-02,4.135338345864658649e-02,3.018867924528301216e-02,0.000000000000000000e+00,0.000000000000000000e+00,9.595588235294117974e-01,2.247191011235960545e-02,0.000000000000000000e+00,1.498127340823973697e-02,2.631578947368418131e-02,3.745318352059923139e-02,1.872659176029967121e-02,2.247191011235960545e-02,7.575757575757569029e-03,2.247191011235960545e-02,0.000000000000000000e+00,4.135338345864658649e-02,3.409090909090906063e-02,3.007518796992481036e-02,3.759398496240606846e-02,0.000000000000000000e+00,0.000000000000000000e+00,0.000000000000000000e+00,1.509433962264150608e-02,0.000000000000000000e+00,0.000000000000000000e+00,0.000000000000000000e+00,4.494382022471909988e-02,0.000000000000000000e+00,4.511278195488721554e-02,2.238805970149249092e-02,1.498127340823973697e-02,1.343283582089552786e-01,7.575757575757569029e-03,0.000000000000000000e+00,0.000000000000000000e+00,0.000000000000000000e+00,0.000000000000000000e+00,0.000000000000000000e+00,3.370786516853929715e-02,4.494382022471909988e-02,0.000000000000000000e+00,1.879699248120303423e-02,1.498127340823973697e-02,0.000000000000000000e+00,0.000000000000000000e+00,5.719557195571955965e-01,1.872659176029967121e-02,1.879699248120303423e-02,0.000000000000000000e+00,3.745318352059923139e-02,1.886792452830188260e-02,4.494382022471909988e-02,2.631578947368418131e-02,1.509433962264150608e-02,1.380597014925373234e-01,3.676470588235281056e-03,0.000000000000000000e+00,2.631578947368418131e-02,0.000000000000000000e+00,0.000000000000000000e+00,7.575757575757569029e-03,1.503759398496240518e-02,0.000000000000000000e+00,4.247104247104249719e-02,1.136363636363635354e-02,3.007518796992481036e-02,2.247191011235960545e-02,3.007518796992481036e-02,1.040892193308550207e-01,0.000000000000000000e+00,3.370786516853929715e-02,3.759398496240606846e-02,1.879699248120303423e-02,0.000000000000000000e+00,9.630996309963100188e-01,2.247191011235960545e-02,2.255639097744366328e-02,0.000000000000000000e+00,0.000000000000000000e+00,3.676470588235281056e-03,4.511278195488721554e-02,7.633587786259554697e-03,3.676470588235281056e-03,3.676470588235281056e-03,3.676470588235281056e-03
5.660377358490564781e-02,1.526717557251910939e-02,1.132075471698112956e-02,0.000000000000000000e+00,3.022388059701492935e-01,2.692307692307693845e-02,1.532567049808430948e-02,3.295880149812734361e-01,1.526717557251910939e-02,1.908396946564883123e-02,3.295880149812734361e-01,1.908396946564883123e-02,3.151750972762645819e-01,2.272727272727270709e-02,1.538461538461532996e-02,3.984063745019916780e-03,3.703703703703653538e-03,5.703422053231943512e-02,5.639097744360899167e-02,8.270676691729328400e-02,8.270676691729328400e-02,0.000000000000000000e+00,7.633587786259554697e-03,4.905660377358489477e-02,0.000000000000000000e+00,7.575757575757569029e-03,1.544401544401541315e-02,1.893939393939392257e-02,1.132075471698112956e-02,6.766917293233087882e-02,0.000000000000000000e+00,1.538461538461532996e-02,0.000000000000000000e+00,0.000000000000000000e+00,2.145922746781114832e-02,1.515151515151513806e-02,0.000000000000000000e+00,1.145038167938927653e-02,3.333333333333333703e-01,3.108614232209737649e-01,3.690036900368953710e-03,1.515151515151513806e-02,4.182509505703424502e-02,2.985074626865671377e-01,1.893939393939392257e-02,0.000000000000000000e+00,1.145038167938927653e-02,1.520912547528519010e-02,0.000000000000000000e+00,6.015037593984962072e-02,2.264150943396225912e-02,1.000000000000000000e+00,0.000000000000000000e+00,3.690036900368953710e-03,1.503759398496240518e-02,6.343283582089553896e-02,4.328358208955224162e-01,2.641509433962263564e-02,0.000000000000000000e+00,0.000000000000000000e+00,1.503759398496240518e-02,7.116104868913852854e-02,0.000000000000000000e+00,7.490636704119846279e-02,3.955223880597015240e-01,3.992537313432835688e-01,6.367041198501877108e-02,5.992509363295883684e-02,1.515151515151513806e-02,7.116104868913852854e-02,0.000000000000000000e+00,4.813432835820895539e-01,3.018867924528301216e-02,6.766917293233087882e-02,4.312267657992564507e-01,0.000000000000000000e+00,0.000000000000000000e+00,3.703703703703653538e-03,3.396226415094338869e-02,0.000000000000000000e+00,0.000000000000000000e+00,0.000000000000000000e+00,4.349442379182155705e-01,0.000000000000000000e+00,3.022388059701492935e-01,7.462686567164178442e-02,7.089552238805973960e-02,1.509433962264150608e-02,7.575757575757569029e-03,0.000000000000000000e+00,0.000000000000000000e+00,0.000000000000000000e+00,0.000000000000000000e+00,3.690036900368953710e-03,5.910780669144981569e-01,3.345724907063196696e-01,0.000000000000000000e+00,7.111111111111111382e-01,5.970149253731338312e-02,0.000000000000000000e+00,0.000000000000000000e+00,1.503759398496240518e-02,5.970149253731338312e-02,8.555555555555556246e-01,0.000000000000000000e+00,4.868913857677903412e-02,1.886792452830188260e-02,5.243445692883896836e-02,4.887218045112784459e-02,2.651515151515149160e-02,2.641509433962263564e-02,0.000000000000000000e+00,0.000000000000000000e+00,4.237918215613383222e-01,0.000000000000000000e+00,0.000000000000000000e+00,1.140684410646386482e-02,6.766917293233087882e-02,0.000000000000000000e+00,1.937984496124034450e-02,1.140684410646386482e-02,4.609665427509294089e-01,6.367041198501877108e-02,3.208955223880597396e-01,1.879699248120303423e-02,0.000000000000000000e+00,3.271375464684015411e-01,4.498141263940520496e-01,7.518796992481258101e-03,0.000000000000000000e+00,1.503759398496240518e-02,6.741573033707870533e-02,4.907063197026022561e-01,0.000000000000000000e+00,0.000000000000000000e+00,0.000000000000000000e+00,4.511278195488721554e-02,4.198473282442749532e-02,0.000000000000000000e+00,0.000000000000000000e+00,0.000000000000000000e+00
0.000000000000000000e+00,0.000000000000000000e+00,0.000000000000000000e+00,3.584229390681037408e-03,0.000000000000000000e+00,0.000000000000000000e+00,0.000000000000000000e+00,0.000000000000000000e+00,0.000000000000000000e+00,0.000000000000000000e+00,0.000000000000000000e+00,0.000000000000000000e+00,0.000000000000000000e+00,0.000000000000000000e+00,3.759398496240629051e-03,0.000000000000000000e+00,3.533568904593664683e-03,0.000000000000000000e+00,3.663003663003649990e-03,0.000000000000000000e+00,0.000000000000000000e+00,0.000000000000000000e+00,0.000000000000000000e+00,0.000000000000000000e+00,1.760563380281687795e-02,0.000000000000000000e+00,0.000000000000000000e+00,0.000000000000000000e+00,0.000000000000000000e+00,3.676470588235281056e-03,0.000000000000000000e+00,0.000000000000000000e+00,0.000000000000000000e+00,7.092198581560293924e-03,0.000000000000000000e+00,0.000000000000000000e+00,0.000000000000000000e+00,0.000000000000000000e+00,0.000000000000000000e+00,0.000000000000000000e+00,3.521126760563375591e-03,0.000000000000000000e+00,0.000000000000000000e+00,0.000000000000000000e+00,0.000000000000000000e+00,0.000000000000000000e+00,0.000000000000000000e+00,0.000000000000000000e+00,1.056338028169012677e-02,3.676470588235281056e-03,0.000000000000000000e+00,0.000000000000000000e+00,1.000000000000000000e+00,1.408450704225350236e-02,0.000000000000000000e+00,0.000000000000000000e+00,0.000000000000000000e+00,3.676470588235281056e-03,0.000000000000000000e+00,0.000000000000000000e+00,0.000000000000000000e+00,3.663003663003649990e-03,3.521126760563375591e-03,3.663003663003649990e-03,0.000000000000000000e+00,0.000000000000000000e+00,3.663003663003649990e-03,3.663003663003649990e-03,0.000000000000000000e+00,3.676470588235281056e-03,0.000000000000000000e+00,0.000000000000000000e+00,0.000000000000000000e+00,0.000000000000000000e+00,0.000000000000000000e+00,0.000000000000000000e+00,1.056338028169012677e-02,1.766784452296821240e-02,0.000000000000000000e+00,0.000000000000000000e+00,3.521126760563375591e-03,0.000000000000000000e+00,0.000000000000000000e+00,7.042253521126751181e-03,0.000000000000000000e+00,3.649635036496401419e-03,0.000000000000000000e+00,0.000000000000000000e+00,0.000000000000000000e+00,0.000000000000000000e+00,0.000000000000000000e+00,1.056338028169012677e-02,7.042253521126751181e-03,7.042253521126751181e-03,0.000000000000000000e+00,0.000000000000000000e+00,1.056338028169012677e-02,0.000000000000000000e+00,0.000000000000000000e+00,0.000000000000000000e+00,0.000000000000000000e+00,0.000000000000000000e+00,0.000000000000000000e+00,0.000000000000000000e+00,7.042253521126751181e-03,0.000000000000000000e+00,0.000000000000000000e+00,0.000000000000000000e+00,0.000000000000000000e+00,0.000000000000000000e+00,0.000000000000000000e+00,1.056338028169012677e-02,3.521126760563375591e-03,0.000000000000000000e+00,3.521126760563375591e-03,0.000000000000000000e+00,0.000000000000000000e+00,3.676470588235281056e-03,3.521126760563375591e-03,0.000000000000000000e+00,0.000000000000000000e+00,0.000000000000000000e+00,3.663003663003649990e-03,0.000000000000000000e+00,0.000000000000000000e+00,0.000000000000000000e+00,0.000000000000000000e+00,0.000000000000000000e+00,0.000000000000000000e+00,3.521126760563375591e-03,0.000000000000000000e+00,3.663003663003649990e-03,0.000000000000000000e+00,3.533568904593664683e-03,0.000000000000000000e+00,0.000000000000000000e+00,0.000000000000000000e+00,0.000000000000000000e+00,0.000000000000000000e+00,0.000000000000000000e+00,0.000000000000000000e+00
0.000000000000000000e+00,0.000000000000000000e+00,3.676470588235281056e-03,7.142857142857117481e-03,3.676470588235281056e-03,0.000000000000000000e+00,0.000000000000000000e+00,3.676470588235281056e-03,0.000000000000000000e+00,0.000000000000000000e+00,3.690036900368953710e-03,0.000000000000000000e+00,0.000000000000000000e+00,3.703703703703653538e-03,0.000000000000000000e+00,0.000000000000000000e+00,3.533568904593664683e-03,0.000000000000000000e+00,0.000000000000000000e+00,0.000000000000000000e+00,7.352941176470562112e-03,1.060070671378088303e-02,0.000000000000000000e+00,0.000000000000000000e+00,7.017543859649144622e-03,0.000000000000000000e+00,0.000000000000000000e+00,0.000000000000000000e+00,0.000000000000000000e+00,0.000000000000000000e+00,0.000000000000000000e+00,0.000000000000000000e+00,1.060070671378088303e-02,0.000000000000000000e+00,0.000000000000000000e+00,3.690036900368953710e-03,0.000000000000000000e+00,0.000000000000000000e+00,0.000000000000000000e+00,0.000000000000000000e+00,3.521126760563375591e-03,0.000000000000000000e+00,0.000000000000000000e+00,0.000000000000000000e+00,3.703703703703653538e-03,0.000000000000000000e+00,0.000000000000000000e+00,0.000000000000000000e+00,1.056338028169012677e-02,0.000000000000000000e+00,0.000000000000000000e+00,3.690036900368953710e-03,1.408450704225350236e-02,1.000000000000000000e+00,0.000000000000000000e+00,7.299270072992691816e-03,3.676470588235281056e-03,0.000000000000000000e+00,0.000000000000000000e+00,3.521126760563375591e-03,0.000000000000000000e+00,0.000000000000000000e+00,0.000000000000000000e+00,0.000000000000000000e+00,3.676470588235281056e-03,3.663003663003649990e-03,0.000000000000000000e+00,0.000000000000000000e+00,0.000000000000000000e+00,0.000000000000000000e+00,0.000000000000000000e+00,0.000000000000000000e+00,0.000000000000000000e+00,0.000000000000000000e+00,3.663003663003649990e-03,3.508771929824572311e-03,3.508771929824572311e-03,3.533568904593664683e-03,0.000000000000000000e+00,3.508771929824572311e-03,7.017543859649144622e-03,3.508771929824572311e-03,7.326007326007299980e-03,0.000000000000000000e+00,3.676470588235281056e-03,0.000000000000000000e+00,0.000000000000000000e+00,0.000000000000000000e+00,0.000000000000000000e+00,3.508771929824572311e-03,0.000000000000000000e+00,3.508771929824572311e-03,0.000000000000000000e+00,3.508771929824572311e-03,0.000000000000000000e+00,0.000000000000000000e+00,7.017543859649144622e-03,0.000000000000000000e+00,0.000000000000000000e+00,0.000000000000000000e+00,7.042253521126751181e-03,3.663003663003649990e-03,0.000000000000000000e+00,0.000000000000000000e+00,7.017543859649144622e-03,0.000000000000000000e+00,0.000000000000000000e+00,0.000000000000000000e+00,0.000000000000000000e+00,0.000000000000000000e+00,0.000000000000000000e+00,3.521126760563375591e-03,0.000000000000000000e+00,3.676470588235281056e-03,0.000000000000000000e+00,3.508771929824572311e-03,0.000000000000000000e+00,0.000000000000000000e+00,3.521126760563375591e-03,0.000000000000000000e+00,0.000000000000000000e+00,0.000000000000000000e+00,0.000000000000000000e+00,3.676470588235281056e-03,0.000000000000000000e+00,3.521126760563375591e-03,0.000000000000000000e+00,3.676470588235281056e-03,0.000000000000000000e+00,0.000000000000000000e+00,3.663003663003649990e-03,0.000000000000000000e+00,0.000000000000000000e+00,3.533568904593664683e-03,7.067137809187329367e-03,0.000000000000000000e+00,0.000000000000000000e+00,0.000000000000000000e+00,0.000000000000000000e+00,0.000000000000000000e+00,0.000000000000000000e+00
1.503759398496240518e-02,1.901140684410651538e-02,9.003690036900369176e-01,0.000000000000000000e+00,3.370786516853929715e-02,1.532567049808430948e-02,2.641509433962264675e-01,1.879699248120303423e-02,3.030303030303027612e-02,1.520912547528519010e-02,2.631578947368418131e-02,1.283018867924528017e-01,2.723735408560312710e-02,6.171003717472118844e-01,7.662835249042099228e-03,1.581027667984191698e-02,0.000000000000000000e+00,2.641509433962263564e-02,1.123595505617980272e-02,1.872659176029967121e-02,4.119850187265916563e-02,0.000000000000000000e+00,1.901140684410651538e-02,4.511278195488721554e-02,0.000000000000000000e+00,1.879699248120303423e-02,2.307692307692310596e-02,1.886792452830188260e-02,5.629629629629628873e-01,1.498127340823973697e-02,0.000000000000000000e+00,1.149425287356320435e-02,0.000000000000000000e+00,0.000000000000000000e+00,1.702127659574470542e-02,1.460674157303371024e-01,0.000000000000000000e+00,2.661596958174905492e-02,1.556420233463029490e-02,3.370786516853929715e-02,7.326007326007299980e-03,1.886792452830188260e-02,3.773584905660376521e-02,2.621722846441942867e-02,6.096654275092936448e-01,0.000000000000000000e+00,1.433962264150943078e-01,2.641509433962263564e-02,0.000000000000000000e+00,2.996254681647936291e-02,6.014760147601476703e-01,1.503759398496240518e-02,0.000000000000000000e+00,0.000000000000000000e+00,1.000000000000000000e+00,2.238805970149249092e-02,2.996254681647936291e-02,7.518796992481258101e-03,0.000000000000000000e+00,0.000000000000000000e+00,6.014760147601476703e-01,1.119402985074624546e-02,0.000000000000000000e+00,1.498127340823973697e-02,1.123595505617980272e-02,2.247191011235960545e-02,1.119402985074624546e-02,2.985074626865669156e-02,7.547169811320753041e-03,2.611940298507464675e-02,0.000000000000000000e+00,3.745318352059923139e-02,1.509433962264150608e-02,1.498127340823973697e-02,3.745318352059923139e-02,0.000000000000000000e+00,0.000000000000000000e+00,3.663003663003649990e-03,2.631578947368418131e-02,0.000000000000000000e+00,0.000000000000000000e+00,0.000000000000000000e+00,3.358208955223884740e-02,0.000000000000000000e+00,3.745318352059923139e-02,1.858736059479548786e-02,1.119402985074624546e-02,1.338289962825278678e-01,7.547169811320753041e-03,0.000000000000000000e+00,0.000000000000000000e+00,0.000000000000000000e+00,0.000000000000000000e+00,0.000000000000000000e+00,2.611940298507464675e-02,2.611940298507464675e-02,0.000000000000000000e+00,1.872659176029967121e-02,2.985074626865669156e-02,3.663003663003649990e-03,0.000000000000000000e+00,8.131868131868131844e-01,2.611940298507464675e-02,1.498127340823973697e-02,0.000000000000000000e+00,3.731343283582089221e-02,3.759398496240629051e-03,4.119850187265916563e-02,2.621722846441942867e-02,3.007518796992481036e-02,1.231343283582089221e-01,0.000000000000000000e+00,0.000000000000000000e+00,1.123595505617980272e-02,0.000000000000000000e+00,0.000000000000000000e+00,1.132075471698112956e-02,1.872659176029967121e-02,0.000000000000000000e+00,3.474903474903479061e-02,1.132075471698112956e-02,2.996254681647936291e-02,2.247191011235960545e-02,3.370786516853929715e-02,1.040892193308550207e-01,0.000000000000000000e+00,1.492537313432840129e-02,3.370786516853929715e-02,1.498127340823973697e-02,0.000000000000000000e+00,5.793357933579335040e-01,1.492537313432840129e-02,3.370786516853929715e-02,0.000000000000000000e+00,0.000000000000000000e+00,0.000000000000000000e+00,2.996254681647936291e-02,1.140684410646386482e-02,0.000000000000000000e+00,0.000000000000000000e+00,0.000000000000000000e+00
7.888888888888888618e-01,1.515151515151513806e-02,2.996254681647936291e-02,0.000000000000000000e+00,6.319702602230481414e-02,3.053435114503821879e-02,1.136363636363635354e-02,6.716417910447758377e-02,1.136363636363635354e-02,1.515151515151513806e-02,6.716417910447758377e-02,3.787878787878784514e-03,7.364341085271319809e-02,2.641509433962263564e-02,2.671755725190838593e-02,7.905138339920902979e-03,0.000000000000000000e+00,3.018867924528301216e-02,5.204460966542745481e-02,7.933579335793358167e-01,7.933579335793358167e-01,0.000000000000000000e+00,1.509433962264150608e-02,1.498127340823973697e-02,0.000000000000000000e+00,7.518796992481258101e-03,2.681992337164751383e-02,2.631578947368418131e-02,1.879699248120303423e-02,4.832713754646844606e-02,0.000000000000000000e+00,2.290076335877866409e-02,0.000000000000000000e+00,0.000000000000000000e+00,1.694915254237283619e-02,1.879699248120303423e-02,0.000000000000000000e+00,1.136363636363635354e-02,6.949806949806947021e-02,6.343283582089553896e-02,0.000000000000000000e+00,2.255639097744366328e-02,0.000000000000000000e+00,5.576208178438657459e-02,3.007518796992481036e-02,0.000000000000000000e+00,1.515151515151513806e-02,1.127819548872177613e-02,0.000000000000000000e+00,4.832713754646844606e-02,1.123595505617980272e-02,6.343283582089553896e-02,0.000000000000000000e+00,7.299270072992691816e-03,2.238805970149249092e-02,1.000000000000000000e+00,4.104477611940293702e-02,1.498127340823973697e-02,0.000000000000000000e+00,0.000000000000000000e+00,1.498127340823973697e-02,5.185185185185181567e-02,0.000000000000000000e+00,4.740740740740740922e-01,4.832713754646844606e-02,4.460966542750932629e-02,3.703703703703709049e-02,4.832713754646844606e-02,1.503759398496240518e-02,4.592592592592592560e-01,0.000000000000000000e+00,2.973977695167284718e-02,2.247191011235960545e-02,5.204460966542745481e-02,3.717472118959108673e-02,0.000000000000000000e+00,0.000000000000000000e+00,0.000000000000000000e+00,3.745318352059934242e-03,0.000000000000000000e+00,0.000000000000000000e+00,0.000000000000000000e+00,4.832713754646844606e-02,0.000000000000000000e+00,5.970149253731338312e-02,4.649446494464944957e-01,4.280442804428044035e-01,1.872659176029967121e-02,1.503759398496240518e-02,0.000000000000000000e+00,0.000000000000000000e+00,0.000000000000000000e+00,0.000000000000000000e+00,0.000000000000000000e+00,4.460966542750932629e-02,6.666666666666665186e-02,0.000000000000000000e+00,6.691449814126393392e-02,7.582417582417582125e-01,0.000000000000000000e+00,0.000000000000000000e+00,1.492537313432840129e-02,8.168498168498168344e-01,5.597014925373133831e-02,0.000000000000000000e+00,5.576208178438657459e-02,7.490636704119868483e-03,5.576208178438657459e-02,7.462686567164178442e-02,1.879699248120303423e-02,1.872659176029967121e-02,0.000000000000000000e+00,3.649635036496401419e-03,4.850746268656713767e-02,0.000000000000000000e+00,0.000000000000000000e+00,2.631578947368418131e-02,3.358208955223884740e-02,0.000000000000000000e+00,3.861003861003853288e-03,2.631578947368418131e-02,4.089219330855020651e-02,4.629629629629629095e-01,5.970149253731338312e-02,2.230483271375460763e-02,0.000000000000000000e+00,5.947955390334569437e-02,4.104477611940293702e-02,7.462686567164200646e-03,0.000000000000000000e+00,1.498127340823973697e-02,4.444444444444444198e-01,3.345724907063196696e-02,0.000000000000000000e+00,0.000000000000000000e+00,0.000000000000000000e+00,4.104477611940293702e-02,0.000000000000000000e+00,0.000000000000000000e+00,0.000000000000000000e+00,0.000000000000000000e+00
5.283018867924527129e-02,1.526717557251910939e-02,1.886792452830188260e-02,0.000000000000000000e+00,3.320895522388059851e-01,1.153846153846149747e-02,1.145038167938927653e-02,3.768656716417910779e-01,2.281368821292772964e-02,1.908396946564883123e-02,3.932584269662920962e-01,3.053435114503821879e-02,3.527131782945736038e-01,4.166666666666662966e-02,1.538461538461532996e-02,7.936507936507908312e-03,3.690036900368953710e-03,2.661596958174905492e-02,6.741573033707870533e-02,4.868913857677903412e-02,4.119850187265916563e-02,0.000000000000000000e+00,1.526717557251910939e-02,3.396226415094338869e-02,0.000000000000000000e+00,1.886792452830188260e-02,1.158301158301155986e-02,7.575757575757569029e-03,3.018867924528301216e-02,7.490636704119846279e-02,0.000000000000000000e+00,1.538461538461532996e-02,0.000000000000000000e+00,0.000000000000000000e+00,2.136752136752140263e-02,2.641509433962263564e-02,0.000000000000000000e+00,3.053435114503821879e-02,3.552123552123551686e-01,3.470149253731342753e-01,3.676470588235281056e-03,1.893939393939392257e-02,3.409090909090906063e-02,3.308550185873605498e-01,4.166666666666662966e-02,0.000000000000000000e+00,3.422053231939159446e-02,3.787878787878784514e-03,0.000000000000000000e+00,7.490636704119846279e-02,4.135338345864658649e-02,4.328358208955224162e-01,0.000000000000000000e+00,3.676470588235281056e-03,2.996254681647936291e-02,4.104477611940293702e-02,1.000000000000000000e+00,1.886792452830188260e-02,0.000000000000000000e+00,0.000000000000000000e+00,3.759398496240606846e-02,7.835820895522382923e-02,0.000000000000000000e+00,5.992509363295883684e-02,4.888888888888889284e-01,4.814814814814815103e-01,7.089552238805973960e-02,5.243445692883896836e-02,1.893939393939392257e-02,4.868913857677903412e-02,0.000000000000000000e+00,4.052044609665427233e-01,2.641509433962263564e-02,5.992509363295883684e-02,9.520295202952029356e-01,0.000000000000000000e+00,0.000000000000000000e+00,3.690036900368953710e-03,3.773584905660376521e-02,0.000000000000000000e+00,0.000000000000000000e+00,0.000000000000000000e+00,7.970479704797047704e-01,0.000000000000000000e+00,3.903345724907063552e-01,4.477611940298509285e-02,4.104477611940293702e-02,1.879699248120303423e-02,1.515151515151513806e-02,0.000000000000000000e+00,0.000000000000000000e+00,0.000000000000000000e+00,0.000000000000000000e+00,0.000000000000000000e+00,4.962962962962963465e-01,3.592592592592592782e-01,0.000000000000000000e+00,4.703703703703703276e-01,4.104477611940293702e-02,0.000000000000000000e+00,0.000000000000000000e+00,2.247191011235960545e-02,5.223880597014929350e-02,4.423791821561338100e-01,0.000000000000000000e+00,4.494382022471909988e-02,1.886792452830188260e-02,4.868913857677903412e-02,3.759398496240606846e-02,2.264150943396225912e-02,2.631578947368418131e-02,0.000000000000000000e+00,0.000000000000000000e+00,7.712177121771217614e-01,0.000000000000000000e+00,0.000000000000000000e+00,1.515151515151513806e-02,6.367041198501877108e-02,3.676470588235281056e-03,7.751937984496137801e-03,1.136363636363635354e-02,4.349442379182155705e-01,5.243445692883896836e-02,4.141791044776119701e-01,1.872659176029967121e-02,3.676470588235281056e-03,3.717472118959107563e-01,7.888888888888888618e-01,3.383458646616543941e-02,0.000000000000000000e+00,3.007518796992481036e-02,5.617977528089890260e-02,4.275092936802974419e-01,0.000000000000000000e+00,0.000000000000000000e+00,0.000000000000000000e+00,4.887218045112784459e-02,3.435114503816794063e-02,0.000000000000000000e+00,0.000000000000000000e+00,0.000000000000000000e+00
1.886792452830188260e-02,3.435114503816794063e-02,2.272727272727270709e-02,0.000000000000000000e+00,1.503759398496240518e-02,1.538461538461532996e-02,1.915708812260541460e-02,2.264150943396225912e-02,4.182509505703424502e-02,3.053435114503821879e-02,3.773584905660376521e-03,3.065134099616861896e-02,1.568627450980397686e-02,2.661596958174905492e-02,2.681992337164751383e-02,3.174603174603174427e-02,0.000000000000000000e+00,5.303030303030298320e-02,1.127819548872177613e-02,2.255639097744366328e-02,1.879699248120303423e-02,0.000000000000000000e+00,3.041825095057038020e-02,3.396226415094338869e-02,0.000000000000000000e+00,5.660377358490564781e-02,7.722007722007706576e-03,7.985074626865671377e-01,3.787878787878784514e-02,1.503759398496240518e-02,0.000000000000000000e+00,3.065134099616861896e-02,0.000000000000000000e+00,0.000000000000000000e+00,4.255319148936165252e-02,2.651515151515149160e-02,0.000000000000000000e+00,4.562737642585545927e-02,1.953125000000000000e-02,2.641509433962263564e-02,0.000000000000000000e+00,1.893939393939392257e-02,1.893939393939392257e-02,2.631578947368418131e-02,2.661596958174905492e-02,0.000000000000000000e+00,4.580152671755721716e-02,1.136363636363635354e-02,0.000000000000000000e+00,1.509433962264150608e-02,3.018867924528301216e-02,2.641509433962263564e-02,3.676470588235281056e-03,0.000000000000000000e+00,7.518796992481258101e-03,1.498127340823973697e-02,1.886792452830188260e-02,1.000000000000000000e+00,0.000000000000000000e+00,0.000000000000000000e+00,2.641509433962263564e-02,1.503759398496240518e-02,0.000000000000000000e+00,2.621722846441942867e-02,1.886792452830188260e-02,1.509433962264150608e-02,1.503759398496240518e-02,1.503759398496240518e-02,2.651515151515149160e-02,1.503759398496240518e-02,0.000000000000000000e+00,3.396226415094338869e-02,7.918215613382899587e-01,1.127819548872177613e-02,2.631578947368418131e-02,0.000000000000000000e+00,3.676470588235281056e-03,0.000000000000000000e+00,1.886792452830188260e-02,3.676470588235281056e-03,0.000000000000000000e+00,0.000000000000000000e+00,1.503759398496240518e-02,0.000000000000000000e+00,1.132075471698112956e-02,7.490636704119868483e-03,1.123595505617980272e-02,3.018867924528301216e-02,3.030303030303027612e-02,0.000000000000000000e+00,0.000000000000000000e+00,0.000000000000000000e+00,0.000000000000000000e+00,0.000000000000000000e+00,2.631578947368418131e-02,2.621722846441942867e-02,0.000000000000000000e+00,2.255639097744366328e-02,1.123595505617980272e-02,0.000000000000000000e+00,0.000000000000000000e+00,1.127819548872177613e-02,1.123595505617980272e-02,3.007518796992481036e-02,0.000000000000000000e+00,1.872659176029967121e-02,9.074074074074074403e-01,1.127819548872177613e-02,1.127819548872177613e-02,1.136363636363635354e-02,3.773584905660376521e-02,0.000000000000000000e+00,0.000000000000000000e+00,2.264150943396225912e-02,3.676470588235281056e-03,0.000000000000000000e+00,2.272727272727270709e-02,7.547169811320753041e-03,0.000000000000000000e+00,1.937984496124034450e-02,2.651515151515149160e-02,3.018867924528301216e-02,2.621722846441942867e-02,1.509433962264150608e-02,2.247191011235960545e-02,0.000000000000000000e+00,3.759398496240606846e-02,3.018867924528301216e-02,5.243445692883896836e-02,0.000000000000000000e+00,2.641509433962263564e-02,2.621722846441942867e-02,2.641509433962263564e-02,0.000000000000000000e+00,0.000000000000000000e+00,0.000000000000000000e+00,1.127819548872177613e-02,3.422053231939159446e-02,0.000000000000000000e+00,0.000000000000000000e+00,0.000000000000000000e+00
0.000000000000000000e+00,0.000000000000000000e+00,0.000000000000000000e+00,0.000000000000000000e+00,0.000000000000000000e+00,0.000000000000000000e+00,0.000000000000000000e+00,0.000000000000000000e+00,3.717472118959119776e-03,0.000000000000000000e+00,0.000000000000000000e+00,0.000000000000000000e+00,0.000000000000000000e+00,0.000000000000000000e+00,0.000000000000000000e+00,0.000000000000000000e+00,1.060070671378088303e-02,3.717472118959119776e-03,0.000000000000000000e+00,0.000000000000000000e+00,0.000000000000000000e+00,0.000000000000000000e+00,0.000000000000000000e+00,0.000000000000000000e+00,3.521126760563375591e-03,0.000000000000000000e+00,0.000000000000000000e+00,0.000000000000000000e+00,0.000000000000000000e+00,0.000000000000000000e+00,0.000000000000000000e+00,3.759398496240629051e-03,0.000000000000000000e+00,0.000000000000000000e+00,0.000000000000000000e+00,0.000000000000000000e+00,0.000000000000000000e+00,0.000000000000000000e+00,0.000000000000000000e+00,0.000000000000000000e+00,3.521126760563375591e-03,0.000000000000000000e+00,3.717472118959119776e-03,0.000000000000000000e+00,0.000000000000000000e+00,0.000000000000000000e+00,0.000000000000000000e+00,0.000000000000000000e+00,0.000000000000000000e+00,0.000000000000000000e+00,0.000000000000000000e+00,0.000000000000000000e+00,0.000000000000000000e+00,0.000000000000000000e+00,0.000000000000000000e+00,0.000000000000000000e+00,0.000000000000000000e+00,0.000000000000000000e+00,1.000000000000000000e+00,3.521126760563375591e-03,0.000000000000000000e+00,0.000000000000000000e+00,0.000000000000000000e+00,0.000000000000000000e+00,0.000000000000000000e+00,0.000000000000000000e+00,0.000000000000000000e+00,0.000000000000000000e+00,0.000000000000000000e+00,0.000000000000000000e+00,0.000000000000000000e+00,0.000000000000000000e+00,0.000000000000000000e+00,0.000000000000000000e+00,0.000000000000000000e+00,1.052631578947371693e-02,0.000000000000000000e+00,2.120141342756187708e-02,3.690036900368953710e-03,0.000000000000000000e+00,1.408450704225350236e-02,3.508771929824572311e-03,0.000000000000000000e+00,0.000000000000000000e+00,0.000000000000000000e+00,0.000000000000000000e+00,0.000000000000000000e+00,0.000000000000000000e+00,0.000000000000000000e+00,1.403508771929828924e-02,1.754385964912286155e-02,1.403508771929828924e-02,1.403508771929828924e-02,7.017543859649144622e-03,0.000000000000000000e+00,0.000000000000000000e+00,0.000000000000000000e+00,0.000000000000000000e+00,0.000000000000000000e+00,0.000000000000000000e+00,7.042253521126751181e-03,0.000000000000000000e+00,0.000000000000000000e+00,0.000000000000000000e+00,0.000000000000000000e+00,0.000000000000000000e+00,0.000000000000000000e+00,0.000000000000000000e+00,0.000000000000000000e+00,0.000000000000000000e+00,0.000000000000000000e+00,7.042253521126751181e-03,3.521126760563375591e-03,0.000000000000000000e+00,0.000000000000000000e+00,3.521126760563375591e-03,0.000000000000000000e+00,3.676470588235281056e-03,3.521126760563375591e-03,0.000000000000000000e+00,0.000000000000000000e+00,0.000000000000000000e+00,0.000000000000000000e+00,0.000000000000000000e+00,0.000000000000000000e+00,3.521126760563375591e-03,0.000000000000000000e+00,0.000000000000000000e+00,7.352941176470562112e-03,0.000000000000000000e+00,0.000000000000000000e+00,3.663003663003649990e-03,0.000000000000000000e+00,0.000000000000000000e+00,0.000000000000000000e+00,0.000000000000000000e+00,0.000000000000000000e+00,3.731343283582044812e-03,1.056338028169012677e-02,1.056338028169012677e-02,1.056338028169012677e-02
3.676470588235281056e-03,0.000000000000000000e+00,0.000000000000000000e+00,0.000000000000000000e+00,0.000000000000000000e+00,0.000000000000000000e+00,0.000000000000000000e+00,0.000000000000000000e+00,0.000000000000000000e+00,0.000000000000000000e+00,0.000000000000000000e+00,0.000000000000000000e+00,0.000000000000000000e+00,0.000000000000000000e+00,0.000000000000000000e+00,0.000000000000000000e+00,1.060070671378088303e-02,0.000000000000000000e+00,0.000000000000000000e+00,0.000000000000000000e+00,0.000000000000000000e+00,3.533568904593664683e-03,3.717472118959119776e-03,0.000000000000000000e+00,0.000000000000000000e+00,0.000000000000000000e+00,0.000000000000000000e+00,0.000000000000000000e+00,0.000000000000000000e+00,0.000000000000000000e+00,1.413427561837454771e-02,0.000000000000000000e+00,3.533568904593664683e-03,0.000000000000000000e+00,0.000000000000000000e+00,0.000000000000000000e+00,3.521126760563375591e-03,0.000000000000000000e+00,0.000000000000000000e+00,0.000000000000000000e+00,0.000000000000000000e+00,0.000000000000000000e+00,0.000000000000000000e+00,0.000000000000000000e+00,0.000000000000000000e+00,3.521126760563375591e-03,0.000000000000000000e+00,0.000000000000000000e+00,0.000000000000000000e+00,0.000000000000000000e+00,0.000000000000000000e+00,0.000000000000000000e+00,0.000000000000000000e+00,3.521126760563375591e-03,0.000000000000000000e+00,0.000000000000000000e+00,0.000000000000000000e+00,0.000000000000000000e+00,3.521126760563375591e-03,1.000000000000000000e+00,0.000000000000000000e+00,0.000000000000000000e+00,0.000000000000000000e+00,0.000000000000000000e+00,0.000000000000000000e+00,0.000000000000000000e+00,0.000000000000000000e+00,0.000000000000000000e+00,0.000000000000000000e+00,0.000000000000000000e+00,0.000000000000000000e+00,0.000000000000000000e+00,0.000000000000000000e+00,0.000000000000000000e+00,0.000000000000000000e+00,3.521126760563375591e-03,1.408450704225350236e-02,1.060070671378088303e-02,0.000000000000000000e+00,1.408450704225350236e-02,0.000000000000000000e+00,0.000000000000000000e+00,0.000000000000000000e+00,0.000000000000000000e+00,0.000000000000000000e+00,0.000000000000000000e+00,0.000000000000000000e+00,0.000000000000000000e+00,0.000000000000000000e+00,0.000000000000000000e+00,0.000000000000000000e+00,0.000000000000000000e+00,0.000000000000000000e+00,7.042253521126751181e-03,0.000000000000000000e+00,0.000000000000000000e+00,7.042253521126751181e-03,0.000000000000000000e+00,0.000000000000000000e+00,1.408450704225350236e-02,7.042253521126751181e-03,0.000000000000000000e+00,3.649635036496401419e-03,0.000000000000000000e+00,0.000000000000000000e+00,0.000000000000000000e+00,0.000000000000000000e+00,0.000000000000000000e+00,0.000000000000000000e+00,0.000000000000000000e+00,0.000000000000000000e+00,3.521126760563375591e-03,3.521126760563375591e-03,0.000000000000000000e+00,1.408450704225350236e-02,1.056338028169012677e-02,0.000000000000000000e+00,0.000000000000000000e+00,4.823943661971831220e-01,0.000000000000000000e+00,0.000000000000000000e+00,0.000000000000000000e+00,0.000000000000000000e+00,0.000000000000000000e+00,0.000000000000000000e+00,4.647887323943662441e-01,0.000000000000000000e+00,0.000000000000000000e+00,0.000000000000000000e+00,0.000000000000000000e+00,0.000000000000000000e+00,0.000000000000000000e+00,0.000000000000000000e+00,3.546099290780091451e-03,3.533568904593664683e-03,0.000000000000000000e+00,0.000000000000000000e+00,0.000000000000000000e+00,7.042253521126751181e-03,1.056338028169012677e-02,7.042253521126751181e-03
3.018867924528301216e-02,1.145038167938927653e-02,6.037037037037036313e-01,0.000000000000000000e+00,4.511278195488721554e-02,1.153846153846149747e-02,2.716981132075472205e-01,3.396226415094338869e-02,3.422053231939159446e-02,7.633587786259554697e-03,4.150943396226414173e-02,1.515151515151514916e-01,5.078125000000000000e-02,8.587360594795538926e-01,1.153846153846149747e-02,1.984126984126988180e-02,0.000000000000000000e+00,2.651515151515149160e-02,2.247191011235960545e-02,2.631578947368418131e-02,2.631578947368418131e-02,0.000000000000000000e+00,1.140684410646386482e-02,5.283018867924527129e-02,0.000000000000000000e+00,2.264150943396225912e-02,1.544401544401541315e-02,3.030303030303027612e-02,7.851851851851852082e-01,2.621722846441942867e-02,0.000000000000000000e+00,1.153846153846149747e-02,0.000000000000000000e+00,0.000000000000000000e+00,2.136752136752140263e-02,1.503759398496240518e-01,0.000000000000000000e+00,3.435114503816794063e-02,3.515625000000000000e-02,5.639097744360899167e-02,3.676470588235281056e-03,1.509433962264150608e-02,1.893939393939392257e-02,4.887218045112784459e-02,8.518518518518518601e-01,0.000000000000000000e+00,1.439393939393939226e-01,1.509433962264150608e-02,0.000000000000000000e+00,2.996254681647936291e-02,9.595588235294117974e-01,1.503759398496240518e-02,0.000000000000000000e+00,0.000000000000000000e+00,6.014760147601476703e-01,1.498127340823973697e-02,3.759398496240606846e-02,2.641509433962263564e-02,0.000000000000000000e+00,0.000000000000000000e+00,1.000000000000000000e+00,2.247191011235960545e-02,0.000000000000000000e+00,1.498127340823973697e-02,3.007518796992481036e-02,2.621722846441942867e-02,1.119402985074624546e-02,1.498127340823973697e-02,7.575757575757569029e-03,2.621722846441942867e-02,0.000000000000000000e+00,4.135338345864658649e-02,3.018867924528301216e-02,2.621722846441942867e-02,3.759398496240606846e-02,0.000000000000000000e+00,0.000000000000000000e+00,3.676470588235281056e-03,1.132075471698112956e-02,0.000000000000000000e+00,0.000000000000000000e+00,0.000000000000000000e+00,4.494382022471909988e-02,0.000000000000000000e+00,4.887218045112784459e-02,2.238805970149249092e-02,1.123595505617980272e-02,1.305970149253731227e-01,7.575757575757569029e-03,0.000000000000000000e+00,0.000000000000000000e+00,0.000000000000000000e+00,0.000000000000000000e+00,0.000000000000000000e+00,3.370786516853929715e-02,4.494382022471909988e-02,0.000000000000000000e+00,2.247191011235960545e-02,1.865671641791044610e-02,0.000000000000000000e+00,0.000000000000000000e+00,5.498154981549815412e-01,2.621722846441942867e-02,1.879699248120303423e-02,0.000000000000000000e+00,3.370786516853929715e-02,2.264150943396225912e-02,4.119850187265916563e-02,3.383458646616543941e-02,2.264150943396225912e-02,1.380597014925373234e-01,3.676470588235281056e-03,0.000000000000000000e+00,2.255639097744366328e-02,0.000000000000000000e+00,0.000000000000000000e+00,7.575757575757569029e-03,2.255639097744366328e-02,0.000000000000000000e+00,3.088803088803093733e-02,7.575757575757569029e-03,2.621722846441942867e-02,2.247191011235960545e-02,3.007518796992481036e-02,9.293680297397766132e-02,0.000000000000000000e+00,3.370786516853929715e-02,4.135338345864658649e-02,3.383458646616543941e-02,0.000000000000000000e+00,9.301470588235294379e-01,2.247191011235960545e-02,3.370786516853929715e-02,0.000000000000000000e+00,0.000000000000000000e+00,3.676470588235281056e-03,4.135338345864658649e-02,7.633587786259554697e-03,3.676470588235281056e-03,3.676470588235281056e-03,3.676470588235281056e-03
4.119850187265916563e-02,2.281368821292772964e-02,7.518796992481258101e-03,0.000000000000000000e+00,5.970149253731338312e-02,2.681992337164751383e-02,3.030303030303027612e-02,7.116104868913852854e-02,1.901140684410651538e-02,1.520912547528519010e-02,7.865168539325839703e-02,2.281368821292772964e-02,7.782101167315169654e-02,1.509433962264150608e-02,1.145038167938927653e-02,7.936507936507908312e-03,0.000000000000000000e+00,3.030303030303027612e-02,7.785977859778597798e-01,4.477611940298509285e-02,5.970149253731338312e-02,0.000000000000000000e+00,1.515151515151513806e-02,2.631578947368418131e-02,0.000000000000000000e+00,2.255639097744366328e-02,3.076923076923077094e-02,1.886792452830188260e-02,2.247191011235960545e-02,8.450184501845018348e-01,0.000000000000000000e+00,1.145038167938927653e-02,0.000000000000000000e+00,0.000000000000000000e+00,1.276595744680852906e-02,2.255639097744366328e-02,0.000000000000000000e+00,1.520912547528519010e-02,6.563706563706561692e-02,7.462686567164178442e-02,3.663003663003649990e-03,2.255639097744366328e-02,2.641509433962263564e-02,6.716417910447758377e-02,2.255639097744366328e-02,0.000000000000000000e+00,3.409090909090906063e-02,1.503759398496240518e-02,0.000000000000000000e+00,7.757352941176470784e-01,2.247191011235960545e-02,7.116104868913852854e-02,3.663003663003649990e-03,0.000000000000000000e+00,1.119402985074624546e-02,5.185185185185181567e-02,7.835820895522382923e-02,1.503759398496240518e-02,0.000000000000000000e+00,0.000000000000000000e+00,2.247191011235960545e-02,1.000000000000000000e+00,0.000000000000000000e+00,5.204460966542745481e-02,6.716417910447758377e-02,6.343283582089553896e-02,7.802197802197802234e-01,9.665427509293678110e-02,1.132075471698112956e-02,4.850746268656713767e-02,0.000000000000000000e+00,7.462686567164178442e-02,1.503759398496240518e-02,1.040892193308550207e-01,8.582089552238802987e-02,0.000000000000000000e+00,0.000000000000000000e+00,0.000000000000000000e+00,3.007518796992481036e-02,0.000000000000000000e+00,0.000000000000000000e+00,0.000000000000000000e+00,7.434944237918217347e-02,0.000000000000000000e+00,7.865168539325839703e-02,3.717472118959108673e-02,4.832713754646844606e-02,2.247191011235960545e-02,1.132075471698112956e-02,0.000000000000000000e+00,0.000000000000000000e+00,0.000000000000000000e+00,0.000000000000000000e+00,0.000000000000000000e+00,8.208955223880598506e-02,7.037037037037041642e-02,0.000000000000000000e+00,7.835820895522382923e-02,3.717472118959108673e-02,0.000000000000000000e+00,0.000000000000000000e+00,1.872659176029967121e-02,3.345724907063196696e-02,5.243445692883896836e-02,0.000000000000000000e+00,6.691449814126393392e-02,1.503759398496240518e-02,7.806691449814129324e-02,6.716417910447758377e-02,1.879699248120303423e-02,2.247191011235960545e-02,0.000000000000000000e+00,0.000000000000000000e+00,7.462686567164178442e-02,0.000000000000000000e+00,0.000000000000000000e+00,2.641509433962263564e-02,5.222222222222221433e-01,0.000000000000000000e+00,3.861003861003853288e-03,1.509433962264150608e-02,7.835820895522382923e-02,5.204460966542745481e-02,7.462686567164178442e-02,2.230483271375460763e-02,0.000000000000000000e+00,7.063197026022305369e-02,7.462686567164178442e-02,1.498127340823973697e-02,0.000000000000000000e+00,2.247191011235960545e-02,5.204460966542745481e-02,7.835820895522382923e-02,0.000000000000000000e+00,0.000000000000000000e+00,0.000000000000000000e+00,7.462686567164178442e-02,3.787878787878784514e-02,0.000000000000000000e+00,0.000000000000000000e+00,0.000000000000000000e+00
0.000000000000000000e+00,0.000000000000000000e+00,0.000000000000000000e+00,8.214285714285713969e-01,0.000000000000000000e+00,0.000000000000000000e+00,0.000000000000000000e+00,0.000000000000000000e+00,0.000000000000000000e+00,0.000000000000000000e+00,0.000000000000000000e+00,0.000000000000000000e+00,0.000000000000000000e+00,0.000000000000000000e+00,0.000000000000000000e+00,0.000000000000000000e+00,0.000000000000000000e+00,0.000000000000000000e+00,0.000000000000000000e+00,0.000000000000000000e+00,0.000000000000000000e+00,0.000000000000000000e+00,3.717472118959119776e-03,0.000000000000000000e+00,1.052631578947371693e-02,0.000000000000000000e+00,0.000000000000000000e+00,0.000000000000000000e+00,0.000000000000000000e+00,0.000000000000000000e+00,0.000000000000000000e+00,0.000000000000000000e+00,0.000000000000000000e+00,3.546099290780091451e-03,0.000000000000000000e+00,0.000000000000000000e+00,0.000000000000000000e+00,0.000000000000000000e+00,0.000000000000000000e+00,0.000000000000000000e+00,0.000000000000000000e+00,0.000000000000000000e+00,0.000000000000000000e+00,0.000000000000000000e+00,0.000000000000000000e+00,0.000000000000000000e+00,0.000000000000000000e+00,0.000000000000000000e+00,0.000000000000000000e+00,0.000000000000000000e+00,0.000000000000000000e+00,0.000000000000000000e+00,3.521126760563375591e-03,0.000000000000000000e+00,0.000000000000000000e+00,0.000000000000000000e+00,0.000000000000000000e+00,0.000000000000000000e+00,0.000000000000000000e+00,0.000000000000000000e+00,0.000000000000000000e+00,0.000000000000000000e+00,1.000000000000000000e+00,0.000000000000000000e+00,0.000000000000000000e+00,0.000000000000000000e+00,0.000000000000000000e+00,0.000000000000000000e+00,0.000000000000000000e+00,0.000000000000000000e+00,0.000000000000000000e+00,0.000000000000000000e+00,0.000000000000000000e+00,0.000000000000000000e+00,0.000000000000000000e+00,0.000000000000000000e+00,1.052631578947371693e-02,0.000000000000000000e+00,0.000000000000000000e+00,0.000000000000000000e+00,3.508771929824572311e-03,0.000000000000000000e+00,0.000000000000000000e+00,0.000000000000000000e+00,0.000000000000000000e+00,0.000000000000000000e+00,0.000000000000000000e+00,0.000000000000000000e+00,0.000000000000000000e+00,0.000000000000000000e+00,0.000000000000000000e+00,0.000000000000000000e+00,0.000000000000000000e+00,0.000000000000000000e+00,0.000000000000000000e+00,0.000000000000000000e+00,7.017543859649144622e-03,0.000000000000000000e+00,0.000000000000000000e+00,0.000000000000000000e+00,0.000000000000000000e+00,0.000000000000000000e+00,0.000000000000000000e+00,0.000000000000000000e+00,0.000000000000000000e+00,0.000000000000000000e+00,0.000000000000000000e+00,0.000000000000000000e+00,0.000000000000000000e+00,0.000000000000000000e+00,0.000000000000000000e+00,3.508771929824572311e-03,0.000000000000000000e+00,0.000000000000000000e+00,0.000000000000000000e+00,0.000000000000000000e+00,0.000000000000000000e+00,0.000000000000000000e+00,0.000000000000000000e+00,0.000000000000000000e+00,0.000000000000000000e+00,0.000000000000000000e+00,0.000000000000000000e+00,0.000000000000000000e+00,0.000000000000000000e+00,0.000000000000000000e+00,0.000000000000000000e+00,0.000000000000000000e+00,0.000000000000000000e+00,3.508771929824572311e-03,0.000000000000000000e+00,0.000000000000000000e+00,0.000000000000000000e+00,0.000000000000000000e+00,0.000000000000000000e+00,0.000000000000000000e+00,0.000000000000000000e+00,0.000000000000000000e+00,3.521126760563375591e-03,3.521126760563375591e-03,3.521126760563375591e-03
5.074626865671642006e-01,1.901140684410651538e-02,2.255639097744366328e-02,0.000000000000000000e+00,7.490636704119846279e-02,2.681992337164751383e-02,3.802281368821325280e-03,5.243445692883896836e-02,2.651515151515149160e-02,2.281368821292772964e-02,8.239700374531833127e-02,3.802281368821325280e-03,7.003891050583654909e-02,1.886792452830188260e-02,1.915708812260541460e-02,7.905138339920902979e-03,0.000000000000000000e+00,3.396226415094338869e-02,5.223880597014929350e-02,4.386617100371746902e-01,4.646840148698885287e-01,0.000000000000000000e+00,1.136363636363635354e-02,1.127819548872177613e-02,0.000000000000000000e+00,1.503759398496240518e-02,3.076923076923077094e-02,2.641509433962263564e-02,2.255639097744366328e-02,5.970149253731338312e-02,0.000000000000000000e+00,2.298850574712640871e-02,0.000000000000000000e+00,0.000000000000000000e+00,1.702127659574470542e-02,3.759398496240629051e-03,0.000000000000000000e+00,1.520912547528519010e-02,7.364341085271319809e-02,6.741573033707870533e-02,0.000000000000000000e+00,1.503759398496240518e-02,3.773584905660376521e-03,7.089552238805973960e-02,2.641509433962263564e-02,0.000000000000000000e+00,1.893939393939392257e-02,7.547169811320753041e-03,0.000000000000000000e+00,5.223880597014929350e-02,1.498127340823973697e-02,7.490636704119846279e-02,3.663003663003649990e-03,0.000000000000000000e+00,1.498127340823973697e-02,4.740740740740740922e-01,5.992509363295883684e-02,2.621722846441942867e-02,0.000000000000000000e+00,0.000000000000000000e+00,1.498127340823973697e-02,5.204460966542745481e-02,0.000000000000000000e+00,1.000000000000000000e+00,5.992509363295883684e-02,5.597014925373133831e-02,3.345724907063196696e-02,7.434944237918217347e-02,1.509433962264150608e-02,6.037037037037036313e-01,0.000000000000000000e+00,5.243445692883896836e-02,2.255639097744366328e-02,7.089552238805973960e-02,7.089552238805973960e-02,0.000000000000000000e+00,0.000000000000000000e+00,0.000000000000000000e+00,3.745318352059934242e-03,0.000000000000000000e+00,0.000000000000000000e+00,0.000000000000000000e+00,5.970149253731338312e-02,0.000000000000000000e+00,7.116104868913852854e-02,8.639705882352941568e-01,8.897058823529411242e-01,3.745318352059934242e-03,1.132075471698112956e-02,0.000000000000000000e+00,0.000000000000000000e+00,0.000000000000000000e+00,0.000000000000000000e+00,0.000000000000000000e+00,6.716417910447758377e-02,4.832713754646844606e-02,0.000000000000000000e+00,7.835820895522382923e-02,5.111111111111110716e-01,3.663003663003649990e-03,0.000000000000000000e+00,1.123595505617980272e-02,5.444444444444445086e-01,7.116104868913852854e-02,0.000000000000000000e+00,6.716417910447758377e-02,1.127819548872177613e-02,7.089552238805973960e-02,7.462686567164178442e-02,1.879699248120303423e-02,1.123595505617980272e-02,0.000000000000000000e+00,0.000000000000000000e+00,6.367041198501877108e-02,0.000000000000000000e+00,0.000000000000000000e+00,1.132075471698112956e-02,4.850746268656713767e-02,0.000000000000000000e+00,0.000000000000000000e+00,1.509433962264150608e-02,4.850746268656713767e-02,9.301470588235294379e-01,7.116104868913852854e-02,1.492537313432840129e-02,0.000000000000000000e+00,6.716417910447758377e-02,6.343283582089553896e-02,1.872659176029967121e-02,0.000000000000000000e+00,1.498127340823973697e-02,5.518518518518518157e-01,3.358208955223884740e-02,0.000000000000000000e+00,0.000000000000000000e+00,0.000000000000000000e+00,7.089552238805973960e-02,3.787878787878784514e-03,0.000000000000000000e+00,0.000000000000000000e+00,0.000000000000000000e+00
4.511278195488721554e-02,1.526717557251910939e-02,1.132075471698112956e-02,0.000000000000000000e+00,3.494423791821561487e-01,1.923076923076927347e-02,1.526717557251910939e-02,3.843283582089552786e-01,1.901140684410651538e-02,1.526717557251910939e-02,3.432835820895522305e-01,1.520912547528519010e-02,3.682170542635658794e-01,2.272727272727270709e-02,1.153846153846149747e-02,1.190476190476186247e-02,3.690036900368953710e-03,3.041825095057038020e-02,6.367041198501877108e-02,4.494382022471909988e-02,3.745318352059923139e-02,0.000000000000000000e+00,1.140684410646386482e-02,3.396226415094338869e-02,0.000000000000000000e+00,1.132075471698112956e-02,1.930501930501926644e-02,1.136363636363635354e-02,1.886792452830188260e-02,6.367041198501877108e-02,0.000000000000000000e+00,1.538461538461532996e-02,0.000000000000000000e+00,0.000000000000000000e+00,8.547008547008516643e-03,1.886792452830188260e-02,0.000000000000000000e+00,1.526717557251910939e-02,3.706563706563706928e-01,3.955223880597015240e-01,3.690036900368953710e-03,1.893939393939392257e-02,3.409090909090906063e-02,3.754646840148698761e-01,1.893939393939392257e-02,0.000000000000000000e+00,2.281368821292772964e-02,7.547169811320753041e-03,0.000000000000000000e+00,7.490636704119846279e-02,2.631578947368418131e-02,3.955223880597015240e-01,0.000000000000000000e+00,3.676470588235281056e-03,1.123595505617980272e-02,4.832713754646844606e-02,4.888888888888889284e-01,1.886792452830188260e-02,0.000000000000000000e+00,0.000000000000000000e+00,3.007518796992481036e-02,6.716417910447758377e-02,0.000000000000000000e+00,5.992509363295883684e-02,1.000000000000000000e+00,9.298892988929889913e-01,7.089552238805973960e-02,6.716417910447758377e-02,1.893939393939392257e-02,5.223880597014929350e-02,0.000000000000000000e+00,3.568773234200743882e-01,2.264150943396225912e-02,6.741573033707870533e-02,4.925925925925925819e-01,0.000000000000000000e+00,0.000000000000000000e+00,1.476014760147603688e-02,4.528301886792451825e-02,0.000000000000000000e+00,0.000000000000000000e+00,0.000000000000000000e+00,5.111111111111110716e-01,0.000000000000000000e+00,3.643122676579925168e-01,5.970149253731338312e-02,5.597014925373133831e-02,1.503759398496240518e-02,1.136363636363635354e-02,0.000000000000000000e+00,0.000000000000000000e+00,0.000000000000000000e+00,0.000000000000000000e+00,0.000000000000000000e+00,4.481481481481481843e-01,3.777777777777777679e-01,0.000000000000000000e+00,4.000000000000000222e-01,5.223880597014929350e-02,3.676470588235281056e-03,0.000000000000000000e+00,1.123595505617980272e-02,5.970149253731338312e-02,4.089219330855018431e-01,0.000000000000000000e+00,4.868913857677903412e-02,7.547169811320753041e-03,4.494382022471909988e-02,4.119850187265916563e-02,2.264150943396225912e-02,2.255639097744366328e-02,3.676470588235281056e-03,0.000000000000000000e+00,4.962962962962963465e-01,0.000000000000000000e+00,0.000000000000000000e+00,7.575757575757569029e-03,7.116104868913852854e-02,0.000000000000000000e+00,3.875968992248068901e-03,7.575757575757569029e-03,3.481481481481480955e-01,5.243445692883896836e-02,3.880597014925373234e-01,1.123595505617980272e-02,0.000000000000000000e+00,3.866171003717472354e-01,5.222222222222221433e-01,1.503759398496240518e-02,0.000000000000000000e+00,1.879699248120303423e-02,5.992509363295883684e-02,3.680297397769516365e-01,0.000000000000000000e+00,0.000000000000000000e+00,0.000000000000000000e+00,4.135338345864658649e-02,3.041825095057038020e-02,0.000000000000000000e+00,0.000000000000000000e+00,0.000000000000000000e+00
4.135338345864658649e-02,2.671755725190838593e-02,3.759398496240629051e-03,0.000000000000000000e+00,3.494423791821561487e-01,1.915708812260541460e-02,1.520912547528519010e-02,3.731343283582089221e-01,1.901140684410651538e-02,2.290076335877866409e-02,3.395522388059701857e-01,1.901140684410651538e-02,3.565891472868216727e-01,3.018867924528301216e-02,1.915708812260541460e-02,1.984126984126988180e-02,3.690036900368953710e-03,3.030303030303027612e-02,6.741573033707870533e-02,4.868913857677903412e-02,4.494382022471909988e-02,0.000000000000000000e+00,1.901140684410651538e-02,3.018867924528301216e-02,0.000000000000000000e+00,1.132075471698112956e-02,1.538461538461532996e-02,1.515151515151513806e-02,2.631578947368418131e-02,7.490636704119846279e-02,0.000000000000000000e+00,1.532567049808430948e-02,0.000000000000000000e+00,0.000000000000000000e+00,4.273504273504258322e-03,1.886792452830188260e-02,0.000000000000000000e+00,1.526717557251910939e-02,3.629343629343629862e-01,3.880597014925373234e-01,3.676470588235281056e-03,1.509433962264150608e-02,3.787878787878784514e-02,3.754646840148698761e-01,3.018867924528301216e-02,0.000000000000000000e+00,1.901140684410651538e-02,1.509433962264150608e-02,0.000000000000000000e+00,6.741573033707870533e-02,3.745318352059923139e-02,3.992537313432835688e-01,0.000000000000000000e+00,3.663003663003649990e-03,2.247191011235960545e-02,4.460966542750932629e-02,4.814814814814815103e-01,1.509433962264150608e-02,0.000000000000000000e+00,0.000000000000000000e+00,2.621722846441942867e-02,6.343283582089553896e-02,0.000000000000000000e+00,5.597014925373133831e-02,9.298892988929889913e-01,1.000000000000000000e+00,6.716417910447758377e-02,6.716417910447758377e-02,2.272727272727270709e-02,5.223880597014929350e-02,0.000000000000000000e+00,3.643122676579925168e-01,1.886792452830188260e-02,5.992509363295883684e-02,4.703703703703703276e-01,0.000000000000000000e+00,0.000000000000000000e+00,1.102941176470584317e-02,3.759398496240606846e-02,0.000000000000000000e+00,0.000000000000000000e+00,0.000000000000000000e+00,5.018450184501844769e-01,0.000000000000000000e+00,3.754646840148698761e-01,3.731343283582089221e-02,4.850746268656713767e-02,2.247191011235960545e-02,1.893939393939392257e-02,0.000000000000000000e+00,0.000000000000000000e+00,0.000000000000000000e+00,0.000000000000000000e+00,0.000000000000000000e+00,4.370370370370370017e-01,3.814814814814815325e-01,0.000000000000000000e+00,4.037037037037036757e-01,2.611940298507464675e-02,0.000000000000000000e+00,0.000000000000000000e+00,1.872659176029967121e-02,4.850746268656713767e-02,4.200743494423792024e-01,0.000000000000000000e+00,4.119850187265916563e-02,1.886792452830188260e-02,4.868913857677903412e-02,4.119850187265916563e-02,1.886792452830188260e-02,1.872659176029967121e-02,0.000000000000000000e+00,3.676470588235281056e-03,4.814814814814815103e-01,0.000000000000000000e+00,0.000000000000000000e+00,2.272727272727270709e-02,9.363295880149813399e-02,0.000000000000000000e+00,3.875968992248068901e-03,1.893939393939392257e-02,3.481481481481480955e-01,5.223880597014929350e-02,3.828996282527881156e-01,7.462686567164200646e-03,0.000000000000000000e+00,3.777777777777777679e-01,5.074074074074074181e-01,1.503759398496240518e-02,0.000000000000000000e+00,2.621722846441942867e-02,5.597014925373133831e-02,3.717472118959107563e-01,0.000000000000000000e+00,0.000000000000000000e+00,0.000000000000000000e+00,4.511278195488721554e-02,3.422053231939159446e-02,0.000000000000000000e+00,0.000000000000000000e+00,0.000000000000000000e+00
2.247191011235960545e-02,2.281368821292772964e-02,7.518796992481258101e-03,0.000000000000000000e+00,6.343283582089553896e-02,2.671755725190838593e-02,2.272727272727270709e-02,6.343283582089553896e-02,1.515151515151513806e-02,2.281368821292772964e-02,7.462686567164178442e-02,2.272727272727270709e-02,7.751937984496126699e-02,1.132075471698112956e-02,1.908396946564883123e-02,1.185770750988146549e-02,0.000000000000000000e+00,4.528301886792451825e-02,7.573529411764705621e-01,3.358208955223884740e-02,5.223880597014929350e-02,0.000000000000000000e+00,1.136363636363635354e-02,2.631578947368418131e-02,0.000000000000000000e+00,1.503759398496240518e-02,2.681992337164751383e-02,3.773584905660376521e-03,1.498127340823973697e-02,8.308823529411764053e-01,0.000000000000000000e+00,1.526717557251910939e-02,0.000000000000000000e+00,0.000000000000000000e+00,1.702127659574470542e-02,2.631578947368418131e-02,0.000000000000000000e+00,1.140684410646386482e-02,7.335907335907332349e-02,7.462686567164178442e-02,3.663003663003649990e-03,2.631578947368418131e-02,2.264150943396225912e-02,8.178438661710041302e-02,7.518796992481258101e-03,0.000000000000000000e+00,3.409090909090906063e-02,2.631578947368418131e-02,0.000000000000000000e+00,7.536764705882352811e-01,1.872659176029967121e-02,6.367041198501877108e-02,3.663003663003649990e-03,0.000000000000000000e+00,1.119402985074624546e-02,3.703703703703709049e-02,7.089552238805973960e-02,1.503759398496240518e-02,0.000000000000000000e+00,0.000000000000000000e+00,1.119402985074624546e-02,7.802197802197802234e-01,0.000000000000000000e+00,3.345724907063196696e-02,7.089552238805973960e-02,6.716417910447758377e-02,1.000000000000000000e+00,8.550185873605953280e-02,1.132075471698112956e-02,4.104477611940293702e-02,0.000000000000000000e+00,8.208955223880598506e-02,1.503759398496240518e-02,1.040892193308550207e-01,7.089552238805973960e-02,0.000000000000000000e+00,0.000000000000000000e+00,0.000000000000000000e+00,2.255639097744366328e-02,0.000000000000000000e+00,0.000000000000000000e+00,0.000000000000000000e+00,5.947955390334569437e-02,0.000000000000000000e+00,6.716417910447758377e-02,2.602230483271372741e-02,3.345724907063196696e-02,2.247191011235960545e-02,7.547169811320753041e-03,0.000000000000000000e+00,0.000000000000000000e+00,0.000000000000000000e+00,0.000000000000000000e+00,0.000000000000000000e+00,8.921933085501854155e-02,6.666666666666665186e-02,0.000000000000000000e+00,7.434944237918217347e-02,2.592592592592590783e-02,0.000000000000000000e+00,3.649635036496401419e-03,1.865671641791044610e-02,3.333333333333332593e-02,7.089552238805973960e-02,0.000000000000000000e+00,5.576208178438657459e-02,1.879699248120303423e-02,6.319702602230481414e-02,6.343283582089553896e-02,1.498127340823973697e-02,2.621722846441942867e-02,0.000000000000000000e+00,0.000000000000000000e+00,7.462686567164178442e-02,0.000000000000000000e+00,0.000000000000000000e+00,1.509433962264150608e-02,4.777777777777777457e-01,0.000000000000000000e+00,3.861003861003853288e-03,1.509433962264150608e-02,7.462686567164178442e-02,2.602230483271372741e-02,6.343283582089553896e-02,2.230483271375460763e-02,0.000000000000000000e+00,6.691449814126393392e-02,5.970149253731338312e-02,1.872659176029967121e-02,0.000000000000000000e+00,1.119402985074624546e-02,4.089219330855020651e-02,7.835820895522382923e-02,0.000000000000000000e+00,0.000000000000000000e+00,0.000000000000000000e+00,6.343283582089553896e-02,4.166666666666662966e-02,0.000000000000000000e+00,0.000000000000000000e+00,0.000000000000000000e+00
4.511278195488721554e-02,1.520912547528519010e-02,1.503759398496240518e-02,0.000000000000000000e+00,5.597014925373133831e-02,2.298850574712640871e-02,1.520912547528519010e-02,6.343283582089553896e-02,1.893939393939392257e-02,1.901140684410651538e-02,7.490636704119846279e-02,3.802281368821291974e-02,7.782101167315169654e-02,1.509433962264150608e-02,1.532567049808430948e-02,2.371541501976281996e-02,0.000000000000000000e+00,3.787878787878784514e-02,8.955223880597018571e-02,3.745318352059923139e-02,5.970149253731338312e-02,0.000000000000000000e+00,3.030303030303027612e-02,3.383458646616543941e-02,0.000000000000000000e+00,1.127819548872177613e-02,1.923076923076927347e-02,2.641509433962263564e-02,1.127819548872177613e-02,8.208955223880598506e-02,0.000000000000000000e+00,2.298850574712640871e-02,0.000000000000000000e+00,0.000000000000000000e+00,1.702127659574470542e-02,4.887218045112784459e-02,0.000000000000000000e+00,2.651515151515149160e-02,5.791505791505791034e-02,7.462686567164178442e-02,3.676470588235281056e-03,3.396226415094338869e-02,3.396226415094338869e-02,5.970149253731338312e-02,1.509433962264150608e-02,0.000000000000000000e+00,3.787878787878784514e-02,1.886792452830188260e-02,0.000000000000000000e+00,9.328358208955223052e-02,2.247191011235960545e-02,5.992509363295883684e-02,3.663003663003649990e-03,0.000000000000000000e+00,2.985074626865669156e-02,4.832713754646844606e-02,5.243445692883896836e-02,1.503759398496240518e-02,0.000000000000000000e+00,0.000000000000000000e+00,1.498127340823973697e-02,9.665427509293678110e-02,0.000000000000000000e+00,7.434944237918217347e-02,6.716417910447758377e-02,6.716417910447758377e-02,8.550185873605953280e-02,1.000000000000000000e+00,1.509433962264150608e-02,7.835820895522382923e-02,0.000000000000000000e+00,5.970149253731338312e-02,1.503759398496240518e-02,9.852941176470588758e-01,7.089552238805973960e-02,0.000000000000000000e+00,0.000000000000000000e+00,0.000000000000000000e+00,3.370786516853929715e-02,0.000000000000000000e+00,0.000000000000000000e+00,0.000000000000000000e+00,7.089552238805973960e-02,0.000000000000000000e+00,5.617977528089890260e-02,5.204460966542745481e-02,5.947955390334569437e-02,3.745318352059923139e-02,1.509433962264150608e-02,0.000000000000000000e+00,0.000000000000000000e+00,0.000000000000000000e+00,0.000000000000000000e+00,0.000000000000000000e+00,7.089552238805973960e-02,7.063197026022305369e-02,0.000000000000000000e+00,8.208955223880598506e-02,4.460966542750932629e-02,0.000000000000000000e+00,0.000000000000000000e+00,3.745318352059934242e-03,5.947955390334569437e-02,7.116104868913852854e-02,0.000000000000000000e+00,2.444444444444444642e-01,1.879699248120303423e-02,2.444444444444444642e-01,2.602230483271374961e-01,2.631578947368418131e-02,3.745318352059923139e-02,0.000000000000000000e+00,0.000000000000000000e+00,7.462686567164178442e-02,0.000000000000000000e+00,0.000000000000000000e+00,2.641509433962263564e-02,8.955223880597018571e-02,0.000000000000000000e+00,1.162790697674420670e-02,2.641509433962263564e-02,7.089552238805973960e-02,7.434944237918217347e-02,5.243445692883896836e-02,2.611940298507464675e-02,0.000000000000000000e+00,6.319702602230481414e-02,7.835820895522382923e-02,1.865671641791044610e-02,0.000000000000000000e+00,1.872659176029967121e-02,6.716417910447758377e-02,8.582089552238802987e-02,0.000000000000000000e+00,0.000000000000000000e+00,0.000000000000000000e+00,2.649253731343284013e-01,4.545454545454541417e-02,3.663003663003649990e-03,0.000000000000000000e+00,0.000000000000000000e+00
1.520912547528519010e-02,9.438202247191010974e-01,7.604562737642539538e-03,0.000000000000000000e+00,1.893939393939392257e-02,1.158301158301155986e-02,1.149425287356320435e-02,3.030303030303027612e-02,1.532567049808430948e-02,9.438202247191010974e-01,2.272727272727270709e-02,1.532567049808430948e-02,2.755905511811018727e-02,1.145038167938927653e-02,9.660377358490566113e-01,2.213438735177866157e-01,0.000000000000000000e+00,2.290076335877866409e-02,1.136363636363635354e-02,3.787878787878784514e-02,2.272727272727270709e-02,0.000000000000000000e+00,9.701492537313433084e-01,2.641509433962263564e-02,0.000000000000000000e+00,1.140684410646386482e-02,7.751937984496137801e-03,2.281368821292772964e-02,3.422053231939159446e-02,1.132075471698112956e-02,0.000000000000000000e+00,9.698113207547169878e-01,0.000000000000000000e+00,0.000000000000000000e+00,1.724137931034486204e-02,1.140684410646386482e-02,0.000000000000000000e+00,1.532567049808430948e-02,1.960784313725494332e-02,1.893939393939392257e-02,0.000000000000000000e+00,1.320754716981131782e-01,3.816793893129721837e-03,2.264150943396225912e-02,7.633587786259554697e-03,0.000000000000000000e+00,1.532567049808430948e-02,3.816793893129721837e-03,0.000000000000000000e+00,1.136363636363635354e-02,7.575757575757569029e-03,1.515151515151513806e-02,0.000000000000000000e+00,0.000000000000000000e+00,7.547169811320753041e-03,1.503759398496240518e-02,1.893939393939392257e-02,2.651515151515149160e-02,0.000000000000000000e+00,0.000000000000000000e+00,7.575757575757569029e-03,1.132075471698112956e-02,0.000000000000000000e+00,1.509433962264150608e-02,1.893939393939392257e-02,2.272727272727270709e-02,1.132075471698112956e-02,1.509433962264150608e-02,1.000000000000000000e+00,1.132075471698112956e-02,0.000000000000000000e+00,4.528301886792451825e-02,2.272727272727270709e-02,2.641509433962263564e-02,3.030303030303027612e-02,0.000000000000000000e+00,0.000000000000000000e+00,0.000000000000000000e+00,7.575757575757569029e-03,0.000000000000000000e+00,0.000000000000000000e+00,0.000000000000000000e+00,2.264150943396225912e-02,0.000000000000000000e+00,3.409090909090906063e-02,7.518796992481258101e-03,1.127819548872177613e-02,1.132075471698112956e-02,9.370370370370370017e-01,0.000000000000000000e+00,0.000000000000000000e+00,0.000000000000000000e+00,0.000000000000000000e+00,0.000000000000000000e+00,5.660377358490564781e-02,2.631578947368418131e-02,0.000000000000000000e+00,1.515151515151513806e-02,1.503759398496240518e-02,0.000000000000000000e+00,0.000000000000000000e+00,7.547169811320753041e-03,1.879699248120303423e-02,1.515151515151513806e-02,0.000000000000000000e+00,1.886792452830188260e-02,2.651515151515149160e-02,1.509433962264150608e-02,2.641509433962263564e-02,1.140684410646386482e-02,7.575757575757569029e-03,3.703703703703653538e-03,0.000000000000000000e+00,7.575757575757569029e-03,0.000000000000000000e+00,0.000000000000000000e+00,9.591078066914497935e-01,1.893939393939392257e-02,0.000000000000000000e+00,7.782101167315147450e-03,9.330855018587360661e-01,4.150943396226414173e-02,7.547169811320753041e-03,2.651515151515149160e-02,1.879699248120303423e-02,0.000000000000000000e+00,1.886792452830188260e-02,2.272727272727270709e-02,1.886792452830188260e-02,0.000000000000000000e+00,7.575757575757569029e-03,1.509433962264150608e-02,2.641509433962263564e-02,0.000000000000000000e+00,0.000000000000000000e+00,0.000000000000000000e+00,2.272727272727270709e-02,1.149425287356320435e-02,3.703703703703653538e-03,3.703703703703653538e-03,3.703703703703653538e-03
5.261194029850746468e-01,1.520912547528519010e-02,1.127819548872177613e-02,0.000000000000000000e+00,5.992509363295883684e-02,3.065134099616861896e-02,1.520912547528519010e-02,6.741573033707870533e-02,7.604562737642539538e-03,1.901140684410651538e-02,7.116104868913852854e-02,1.901140684410651538e-02,7.782101167315169654e-02,3.396226415094338869e-02,1.908396946564883123e-02,7.905138339920902979e-03,0.000000000000000000e+00,4.545454545454541417e-02,5.970149253731338312e-02,4.609665427509294089e-01,4.832713754646840165e-01,0.000000000000000000e+00,2.272727272727270709e-02,1.879699248120303423e-02,0.000000000000000000e+00,1.503759398496240518e-02,2.307692307692310596e-02,2.641509433962263564e-02,2.631578947368418131e-02,5.223880597014929350e-02,0.000000000000000000e+00,1.532567049808430948e-02,3.676470588235281056e-03,0.000000000000000000e+00,2.127659574468088177e-02,2.255639097744366328e-02,0.000000000000000000e+00,1.520912547528519010e-02,7.364341085271319809e-02,8.239700374531833127e-02,0.000000000000000000e+00,1.503759398496240518e-02,7.547169811320753041e-03,6.716417910447758377e-02,2.641509433962263564e-02,0.000000000000000000e+00,2.281368821292772964e-02,1.132075471698112956e-02,0.000000000000000000e+00,6.343283582089553896e-02,2.247191011235960545e-02,7.116104868913852854e-02,3.676470588235281056e-03,0.000000000000000000e+00,2.611940298507464675e-02,4.592592592592592560e-01,4.868913857677903412e-02,1.503759398496240518e-02,0.000000000000000000e+00,0.000000000000000000e+00,2.621722846441942867e-02,4.850746268656713767e-02,0.000000000000000000e+00,6.037037037037036313e-01,5.223880597014929350e-02,5.223880597014929350e-02,4.104477611940293702e-02,7.835820895522382923e-02,1.132075471698112956e-02,1.000000000000000000e+00,0.000000000000000000e+00,3.370786516853929715e-02,2.255639097744366328e-02,8.582089552238802987e-02,4.119850187265916563e-02,0.000000000000000000e+00,0.000000000000000000e+00,0.000000000000000000e+00,1.127819548872177613e-02,0.000000000000000000e+00,0.000000000000000000e+00,0.000000000000000000e+00,4.477611940298509285e-02,0.000000000000000000e+00,5.243445692883896836e-02,5.535055350553506059e-01,5.518518518518518157e-01,1.872659176029967121e-02,1.132075471698112956e-02,0.000000000000000000e+00,0.000000000000000000e+00,0.000000000000000000e+00,0.000000000000000000e+00,0.000000000000000000e+00,4.850746268656713767e-02,7.434944237918217347e-02,0.000000000000000000e+00,7.865168539325839703e-02,5.350553505535056154e-01,3.663003663003649990e-03,0.000000000000000000e+00,1.872659176029967121e-02,5.518518518518518157e-01,6.741573033707870533e-02,0.000000000000000000e+00,5.947955390334569437e-02,1.127819548872177613e-02,7.063197026022305369e-02,8.582089552238802987e-02,1.879699248120303423e-02,2.621722846441942867e-02,0.000000000000000000e+00,0.000000000000000000e+00,6.741573033707870533e-02,0.000000000000000000e+00,0.000000000000000000e+00,1.132075471698112956e-02,5.617977528089890260e-02,0.000000000000000000e+00,7.722007722007706576e-03,1.509433962264150608e-02,2.621722846441942867e-02,6.111111111111111605e-01,7.116104868913852854e-02,2.985074626865669156e-02,0.000000000000000000e+00,6.343283582089553896e-02,4.494382022471909988e-02,1.123595505617980272e-02,0.000000000000000000e+00,2.621722846441942867e-02,7.453874538745387524e-01,3.745318352059923139e-02,0.000000000000000000e+00,0.000000000000000000e+00,0.000000000000000000e+00,6.716417910447758377e-02,1.140684410646386482e-02,0.000000000000000000e+00,0.000000000000000000e+00,0.000000000000000000e+00
0.000000000000000000e+00,0.000000000000000000e+00,0.000000000000000000e+00,0.000000000000000000e+00,0.000000000000000000e+00,0.000000000000000000e+00,0.000000000000000000e+00,0.000000000000000000e+00,0.000000000000000000e+00,0.000000000000000000e+00,0.000000000000000000e+00,0.000000000000000000e+00,0.000000000000000000e+00,0.000000000000000000e+00,0.000000000000000000e+00,0.000000000000000000e+00,0.000000000000000000e+00,0.000000000000000000e+00,0.000000000000000000e+00,0.000000000000000000e+00,0.000000000000000000e+00,0.000000000000000000e+00,0.000000000000000000e+00,0.000000000000000000e+00,0.000000000000000000e+00,0.000000000000000000e+00,0.000000000000000000e+00,0.000000000000000000e+00,0.000000000000000000e+00,0.000000000000000000e+00,0.000000000000000000e+00,0.000000000000000000e+00,0.000000000000000000e+00,0.000000000000000000e+00,0.000000000000000000e+00,0.000000000000000000e+00,0.000000000000000000e+00,0.000000000000000000e+00,0.000000000000000000e+00,0.000000000000000000e+00,0.000000000000000000e+00,0.000000000000000000e+00,0.000000000000000000e+00,0.000000000000000000e+00,0.000000000000000000e+00,0.000000000000000000e+00,0.000000000000000000e+00,0.000000000000000000e+00,0.000000000000000000e+00,0.000000000000000000e+00,0.000000000000000000e+00,0.000000000000000000e+00,0.000000000000000000e+00,0.000000000000000000e+00,0.000000000000000000e+00,0.000000000000000000e+00,0.000000000000000000e+00,0.000000000000000000e+00,0.000000000000000000e+00,0.000000000000000000e+00,0.000000000000000000e+00,0.000000000000000000e+00,0.000000000000000000e+00,0.000000000000000000e+00,0.000000000000000000e+00,0.000000000000000000e+00,0.000000000000000000e+00,0.000000000000000000e+00,0.000000000000000000e+00,0.000000000000000000e+00,1.000000000000000000e+00,0.000000000000000000e+00,0.000000000000000000e+00,0.000000000000000000e+00,0.000000000000000000e+00,0.000000000000000000e+00,0.000000000000000000e+00,0.000000000000000000e+00,0.000000000000000000e+00,0.000000000000000000e+00,0.000000000000000000e+00,0.000000000000000000e+00,0.000000000000000000e+00,0.000000000000000000e+00,0.000000000000000000e+00,0.000000000000000000e+00,0.000000000000000000e+00,0.000000000000000000e+00,0.000000000000000000e+00,0.000000000000000000e+00,0.000000000000000000e+00,0.000000000000000000e+00,0.000000000000000000e+00,0.000000000000000000e+00,0.000000000000000000e+00,0.000000000000000000e+00,0.000000000000000000e+00,0.000000000000000000e+00,0.000000000000000000e+00,0.000000000000000000e+00,0.000000000000000000e+00,0.000000000000000000e+00,0.000000000000000000e+00,0.000000000000000000e+00,0.000000000000000000e+00,0.000000000000000000e+00,0.000000000000000000e+00,0.000000000000000000e+00,0.000000000000000000e+00,0.000000000000000000e+00,0.000000000000000000e+00,0.000000000000000000e+00,0.000000000000000000e+00,0.000000000000000000e+00,0.000000000000000000e+00,0.000000000000000000e+00,0.000000000000000000e+00,0.000000000000000000e+00,0.000000000000000000e+00,0.000000000000000000e+00,0.000000000000000000e+00,0.000000000000000000e+00,0.000000000000000000e+00,0.000000000000000000e+00,0.000000000000000000e+00,0.000000000000000000e+00,0.000000000000000000e+00,0.000000000000000000e+00,0.000000000000000000e+00,0.000000000000000000e+00,0.000000000000000000e+00,0.000000000000000000e+00,0.000000000000000000e+00,0.000000000000000000e+00,0.000000000000000000e+00,0.000000000000000000e+00,0.000000000000000000e+00,0.000000000000000000e+00,0.000000000000000000e+00,0.000000000000000000e+00,0.000000000000000000e+00
3.007518796992481036e-02,4.182509505703424502e-02,4.150943396226414173e-02,0.000000000000000000e+00,2.973977695167285829e-01,1.923076923076927347e-02,2.671755725190838593e-02,2.873134328358208922e-01,1.520912547528519010e-02,4.182509505703424502e-02,3.171641791044775838e-01,1.908396946564883123e-02,2.674418604651163101e-01,4.545454545454541417e-02,2.298850574712640871e-02,3.968253968253954156e-03,3.690036900368953710e-03,6.818181818181823228e-02,7.116104868913852854e-02,3.370786516853929715e-02,4.494382022471909988e-02,0.000000000000000000e+00,3.802281368821291974e-02,3.773584905660376521e-02,0.000000000000000000e+00,1.886792452830188260e-02,1.544401544401541315e-02,1.893939393939392257e-02,4.150943396226414173e-02,8.239700374531833127e-02,0.000000000000000000e+00,3.065134099616861896e-02,0.000000000000000000e+00,0.000000000000000000e+00,1.702127659574470542e-02,2.641509433962263564e-02,0.000000000000000000e+00,1.526717557251910939e-02,2.895752895752895517e-01,2.798507462686566916e-01,3.676470588235281056e-03,2.641509433962263564e-02,4.166666666666662966e-02,2.750929368029739752e-01,4.166666666666662966e-02,0.000000000000000000e+00,2.661596958174905492e-02,1.136363636363635354e-02,0.000000000000000000e+00,8.988764044943819975e-02,4.135338345864658649e-02,4.813432835820895539e-01,0.000000000000000000e+00,0.000000000000000000e+00,3.745318352059923139e-02,2.973977695167284718e-02,4.052044609665427233e-01,3.396226415094338869e-02,0.000000000000000000e+00,0.000000000000000000e+00,4.135338345864658649e-02,7.462686567164178442e-02,0.000000000000000000e+00,5.243445692883896836e-02,3.568773234200743882e-01,3.643122676579925168e-01,8.208955223880598506e-02,5.970149253731338312e-02,4.528301886792451825e-02,3.370786516853929715e-02,0.000000000000000000e+00,1.000000000000000000e+00,1.886792452830188260e-02,7.490636704119846279e-02,4.126394052044609628e-01,0.000000000000000000e+00,0.000000000000000000e+00,7.380073800738018441e-03,4.150943396226414173e-02,0.000000000000000000e+00,0.000000000000000000e+00,0.000000000000000000e+00,4.000000000000000222e-01,0.000000000000000000e+00,3.059701492537313383e-01,4.104477611940293702e-02,4.477611940298509285e-02,2.631578947368418131e-02,4.166666666666662966e-02,0.000000000000000000e+00,0.000000000000000000e+00,0.000000000000000000e+00,0.000000000000000000e+00,0.000000000000000000e+00,6.333333333333333037e-01,2.888888888888888618e-01,0.000000000000000000e+00,5.259259259259259078e-01,2.611940298507464675e-02,0.000000000000000000e+00,0.000000000000000000e+00,2.621722846441942867e-02,3.358208955223884740e-02,5.000000000000000000e-01,0.000000000000000000e+00,4.119850187265916563e-02,3.018867924528301216e-02,3.745318352059923139e-02,4.494382022471909988e-02,2.264150943396225912e-02,3.007518796992481036e-02,3.663003663003649990e-03,0.000000000000000000e+00,4.163568773234200826e-01,0.000000000000000000e+00,0.000000000000000000e+00,3.409090909090906063e-02,7.490636704119846279e-02,0.000000000000000000e+00,3.875968992248068901e-03,2.651515151515149160e-02,7.527675276752767708e-01,4.494382022471909988e-02,3.134328358208955390e-01,2.621722846441942867e-02,0.000000000000000000e+00,3.011152416356877026e-01,4.163568773234200826e-01,1.127819548872177613e-02,0.000000000000000000e+00,3.383458646616543941e-02,4.868913857677903412e-02,7.712177121771217614e-01,3.690036900368953710e-03,0.000000000000000000e+00,0.000000000000000000e+00,4.887218045112784459e-02,4.562737642585545927e-02,0.000000000000000000e+00,0.000000000000000000e+00,0.000000000000000000e+00
2.651515151515149160e-02,2.671755725190838593e-02,1.136363636363635354e-02,0.000000000000000000e+00,1.132075471698112956e-02,1.923076923076927347e-02,1.915708812260541460e-02,1.893939393939392257e-02,6.488549618320615942e-02,2.671755725190838593e-02,1.136363636363635354e-02,3.065134099616861896e-02,2.745098039215687624e-02,2.290076335877866409e-02,3.076923076923077094e-02,2.380952380952383596e-02,0.000000000000000000e+00,3.802281368821291974e-02,3.773584905660376521e-03,3.018867924528301216e-02,2.641509433962263564e-02,0.000000000000000000e+00,3.435114503816794063e-02,1.893939393939392257e-02,0.000000000000000000e+00,6.818181818181823228e-02,1.158301158301155986e-02,9.514925373134328623e-01,4.924242424242419869e-02,7.547169811320753041e-03,3.703703703703653538e-03,3.076923076923077094e-02,0.000000000000000000e+00,0.000000000000000000e+00,5.982905982905983855e-02,2.281368821292772964e-02,0.000000000000000000e+00,6.488549618320615942e-02,2.343750000000000000e-02,2.641509433962263564e-02,3.703703703703653538e-03,3.409090909090906063e-02,2.281368821292772964e-02,2.264150943396225912e-02,2.661596958174905492e-02,0.000000000000000000e+00,3.448275862068961306e-02,3.802281368821325280e-03,0.000000000000000000e+00,7.547169811320753041e-03,3.409090909090906063e-02,3.018867924528301216e-02,0.000000000000000000e+00,0.000000000000000000e+00,1.509433962264150608e-02,2.247191011235960545e-02,2.641509433962263564e-02,7.918215613382899587e-01,0.000000000000000000e+00,0.000000000000000000e+00,3.018867924528301216e-02,1.503759398496240518e-02,0.000000000000000000e+00,2.255639097744366328e-02,2.264150943396225912e-02,1.886792452830188260e-02,1.503759398496240518e-02,1.503759398496240518e-02,2.272727272727270709e-02,2.255639097744366328e-02,0.000000000000000000e+00,1.886792452830188260e-02,1.000000000000000000e+00,2.255639097744366328e-02,2.264150943396225912e-02,0.000000000000000000e+00,0.000000000000000000e+00,0.000000000000000000e+00,1.886792452830188260e-02,0.000000000000000000e+00,0.000000000000000000e+00,0.000000000000000000e+00,2.264150943396225912e-02,0.000000000000000000e+00,1.886792452830188260e-02,2.621722846441942867e-02,2.621722846441942867e-02,3.030303030303027612e-02,2.272727272727270709e-02,0.000000000000000000e+00,0.000000000000000000e+00,0.000000000000000000e+00,0.000000000000000000e+00,0.000000000000000000e+00,3.396226415094338869e-02,2.996254681647936291e-02,0.000000000000000000e+00,3.007518796992481036e-02,1.498127340823973697e-02,0.000000000000000000e+00,0.000000000000000000e+00,1.132075471698112956e-02,2.621722846441942867e-02,2.641509433962263564e-02,0.000000000000000000e+00,2.255639097744366328e-02,7.843866171003717191e-01,1.503759398496240518e-02,7.518796992481258101e-03,3.030303030303027612e-02,3.787878787878784514e-02,0.000000000000000000e+00,0.000000000000000000e+00,1.886792452830188260e-02,0.000000000000000000e+00,0.000000000000000000e+00,3.030303030303027612e-02,1.136363636363635354e-02,0.000000000000000000e+00,1.167315175097272117e-02,2.651515151515149160e-02,2.264150943396225912e-02,2.255639097744366328e-02,2.264150943396225912e-02,3.759398496240606846e-02,0.000000000000000000e+00,3.383458646616543941e-02,2.641509433962263564e-02,5.639097744360899167e-02,0.000000000000000000e+00,2.641509433962263564e-02,3.007518796992481036e-02,2.641509433962263564e-02,0.000000000000000000e+00,0.000000000000000000e+00,0.000000000000000000e+00,2.264150943396225912e-02,2.290076335877866409e-02,0.000000000000000000e+00,0.000000000000000000e+00,0.000000000000000000e+00
4.887218045112784459e-02,1.520912547528519010e-02,7.518796992481258101e-03,0.000000000000000000e+00,6.367041198501877108e-02,1.915708812260541460e-02,1.140684410646386482e-02,6.741573033707870533e-02,2.651515151515149160e-02,2.281368821292772964e-02,9.363295880149813399e-02,3.802281368821291974e-02,5.447470817120625419e-02,1.515151515151513806e-02,2.681992337164751383e-02,1.190476190476186247e-02,0.000000000000000000e+00,3.787878787878784514e-02,8.208955223880598506e-02,4.494382022471909988e-02,5.243445692883896836e-02,0.000000000000000000e+00,3.422053231939159446e-02,2.641509433962263564e-02,0.000000000000000000e+00,1.127819548872177613e-02,1.538461538461532996e-02,3.018867924528301216e-02,1.509433962264150608e-02,8.582089552238802987e-02,0.000000000000000000e+00,3.065134099616861896e-02,0.000000000000000000e+00,0.000000000000000000e+00,8.510638297872352709e-03,4.528301886792451825e-02,0.000000000000000000e+00,1.901140684410651538e-02,5.813953488372092249e-02,6.367041198501877108e-02,3.676470588235281056e-03,1.886792452830188260e-02,2.641509433962263564e-02,6.343283582089553896e-02,1.515151515151513806e-02,0.000000000000000000e+00,4.942965779467678455e-02,2.641509433962263564e-02,0.000000000000000000e+00,9.328358208955223052e-02,3.007518796992481036e-02,6.766917293233087882e-02,0.000000000000000000e+00,0.000000000000000000e+00,1.498127340823973697e-02,5.204460966542745481e-02,5.992509363295883684e-02,1.127819548872177613e-02,0.000000000000000000e+00,0.000000000000000000e+00,2.621722846441942867e-02,1.040892193308550207e-01,0.000000000000000000e+00,7.089552238805973960e-02,6.741573033707870533e-02,5.992509363295883684e-02,1.040892193308550207e-01,9.852941176470588758e-01,2.641509433962263564e-02,8.582089552238802987e-02,0.000000000000000000e+00,7.490636704119846279e-02,2.255639097744366328e-02,1.000000000000000000e+00,6.367041198501877108e-02,0.000000000000000000e+00,0.000000000000000000e+00,0.000000000000000000e+00,3.007518796992481036e-02,0.000000000000000000e+00,0.000000000000000000e+00,0.000000000000000000e+00,8.582089552238802987e-02,0.000000000000000000e+00,5.263157894736847364e-02,6.319702602230481414e-02,6.319702602230481414e-02,4.119850187265916563e-02,3.018867924528301216e-02,0.000000000000000000e+00,0.000000000000000000e+00,0.000000000000000000e+00,0.000000000000000000e+00,0.000000000000000000e+00,8.582089552238802987e-02,6.319702602230481414e-02,0.000000000000000000e+00,8.208955223880598506e-02,4.460966542750932629e-02,0.000000000000000000e+00,0.000000000000000000e+00,1.498127340823973697e-02,5.576208178438657459e-02,6.741573033707870533e-02,0.000000000000000000e+00,2.193308550185874006e-01,1.503759398496240518e-02,2.602230483271374961e-01,2.527881040892193676e-01,1.509433962264150608e-02,4.887218045112784459e-02,0.000000000000000000e+00,0.000000000000000000e+00,5.243445692883896836e-02,0.000000000000000000e+00,0.000000000000000000e+00,2.641509433962263564e-02,1.007462686567164312e-01,0.000000000000000000e+00,7.751937984496137801e-03,3.018867924528301216e-02,9.701492537313427533e-02,6.716417910447758377e-02,5.617977528089890260e-02,2.611940298507464675e-02,0.000000000000000000e+00,5.947955390334569437e-02,7.116104868913852854e-02,1.872659176029967121e-02,0.000000000000000000e+00,2.247191011235960545e-02,8.955223880597018571e-02,7.089552238805973960e-02,0.000000000000000000e+00,0.000000000000000000e+00,0.000000000000000000e+00,2.574626865671642006e-01,3.787878787878784514e-02,0.000000000000000000e+00,0.000000000000000000e+00,0.000000000000000000e+00
4.887218045112784459e-02,3.422053231939159446e-02,2.255639097744366328e-02,0.000000000000000000e+00,3.308550185873605498e-01,1.923076923076927347e-02,1.145038167938927653e-02,3.805970149253731227e-01,1.901140684410651538e-02,3.041825095057038020e-02,3.731343283582089221e-01,2.281368821292772964e-02,3.333333333333333703e-01,3.409090909090906063e-02,3.448275862068961306e-02,3.968253968253954156e-03,3.690036900368953710e-03,2.272727272727270709e-02,6.741573033707870533e-02,5.243445692883896836e-02,4.494382022471909988e-02,0.000000000000000000e+00,3.041825095057038020e-02,3.018867924528301216e-02,0.000000000000000000e+00,3.018867924528301216e-02,7.722007722007706576e-03,1.515151515151513806e-02,3.018867924528301216e-02,6.741573033707870533e-02,0.000000000000000000e+00,2.681992337164751383e-02,0.000000000000000000e+00,0.000000000000000000e+00,2.553191489361705813e-02,3.018867924528301216e-02,0.000000000000000000e+00,3.422053231939159446e-02,3.590733590733590219e-01,3.432835820895522305e-01,3.676470588235281056e-03,1.509433962264150608e-02,3.787878787878784514e-02,3.345724907063196696e-01,3.787878787878784514e-02,0.000000000000000000e+00,3.422053231939159446e-02,7.575757575757569029e-03,0.000000000000000000e+00,7.116104868913852854e-02,3.759398496240606846e-02,4.312267657992564507e-01,0.000000000000000000e+00,3.663003663003649990e-03,3.745318352059923139e-02,3.717472118959108673e-02,9.520295202952029356e-01,2.631578947368418131e-02,0.000000000000000000e+00,0.000000000000000000e+00,3.759398496240606846e-02,8.582089552238802987e-02,0.000000000000000000e+00,7.089552238805973960e-02,4.925925925925925819e-01,4.703703703703703276e-01,7.089552238805973960e-02,7.089552238805973960e-02,3.030303030303027612e-02,4.119850187265916563e-02,0.000000000000000000e+00,4.126394052044609628e-01,2.264150943396225912e-02,6.367041198501877108e-02,1.000000000000000000e+00,0.000000000000000000e+00,0.000000000000000000e+00,3.676470588235281056e-03,3.773584905660376521e-02,0.000000000000000000e+00,0.000000000000000000e+00,0.000000000000000000e+00,7.822878228782288446e-01,0.000000000000000000e+00,4.052044609665427233e-01,4.104477611940293702e-02,4.850746268656713767e-02,1.872659176029967121e-02,2.272727272727270709e-02,0.000000000000000000e+00,0.000000000000000000e+00,0.000000000000000000e+00,0.000000000000000000e+00,0.000000000000000000e+00,5.000000000000000000e-01,3.518518518518518601e-01,0.000000000000000000e+00,4.592592592592592560e-01,2.611940298507464675e-02,3.663003663003649990e-03,0.000000000000000000e+00,1.498127340823973697e-02,4.850746268656713767e-02,4.275092936802974419e-01,0.000000000000000000e+00,4.868913857677903412e-02,2.631578947368418131e-02,6.367041198501877108e-02,4.119850187265916563e-02,2.264150943396225912e-02,2.631578947368418131e-02,0.000000000000000000e+00,0.000000000000000000e+00,7.749077490774907151e-01,0.000000000000000000e+00,0.000000000000000000e+00,2.651515151515149160e-02,6.741573033707870533e-02,3.663003663003649990e-03,7.751937984496137801e-03,2.272727272727270709e-02,4.185185185185185119e-01,5.597014925373133831e-02,3.977695167286244837e-01,1.865671641791044610e-02,3.663003663003649990e-03,3.555555555555555136e-01,7.896678966789667520e-01,3.370786516853929715e-02,0.000000000000000000e+00,3.007518796992481036e-02,5.223880597014929350e-02,4.052044609665427233e-01,0.000000000000000000e+00,0.000000000000000000e+00,0.000000000000000000e+00,3.759398496240606846e-02,3.802281368821291974e-02,0.000000000000000000e+00,0.000000000000000000e+00,0.000000000000000000e+00
0.000000000000000000e+00,0.000000000000000000e+00,0.000000000000000000e+00,3.571428571428558740e-03,0.000000000000000000e+00,0.000000000000000000e+00,0.000000000000000000e+00,0.000000000000000000e+00,0.000000000000000000e+00,0.000000000000000000e+00,0.000000000000000000e+00,0.000000000000000000e+00,0.000000000000000000e+00,0.000000000000000000e+00,0.000000000000000000e+00,0.000000000000000000e+00,7.042253521126751181e-03,0.000000000000000000e+00,0.000000000000000000e+00,0.000000000000000000e+00,0.000000000000000000e+00,0.000000000000000000e+00,0.000000000000000000e+00,0.000000000000000000e+00,7.017543859649144622e-03,0.000000000000000000e+00,0.000000000000000000e+00,0.000000000000000000e+00,0.000000000000000000e+00,0.000000000000000000e+00,0.000000000000000000e+00,0.000000000000000000e+00,0.000000000000000000e+00,3.533568904593664683e-03,0.000000000000000000e+00,0.000000000000000000e+00,0.000000000000000000e+00,0.000000000000000000e+00,0.000000000000000000e+00,0.000000000000000000e+00,0.000000000000000000e+00,0.000000000000000000e+00,0.000000000000000000e+00,0.000000000000000000e+00,0.000000000000000000e+00,0.000000000000000000e+00,0.000000000000000000e+00,0.000000000000000000e+00,3.508771929824572311e-03,0.000000000000000000e+00,0.000000000000000000e+00,0.000000000000000000e+00,0.000000000000000000e+00,3.508771929824572311e-03,0.000000000000000000e+00,0.000000000000000000e+00,0.000000000000000000e+00,0.000000000000000000e+00,1.052631578947371693e-02,3.521126760563375591e-03,0.000000000000000000e+00,0.000000000000000000e+00,0.000000000000000000e+00,0.000000000000000000e+00,0.000000000000000000e+00,0.000000000000000000e+00,0.000000000000000000e+00,0.000000000000000000e+00,0.000000000000000000e+00,0.000000000000000000e+00,0.000000000000000000e+00,0.000000000000000000e+00,0.000000000000000000e+00,0.000000000000000000e+00,0.000000000000000000e+00,1.000000000000000000e+00,3.508771929824572311e-03,3.533568904593664683e-03,0.000000000000000000e+00,0.000000000000000000e+00,8.000000000000000444e-01,3.508771929824572311e-03,0.000000000000000000e+00,1.754385964912286155e-02,0.000000000000000000e+00,0.000000000000000000e+00,0.000000000000000000e+00,0.000000000000000000e+00,0.000000000000000000e+00,7.017543859649144622e-03,1.052631578947371693e-02,7.017543859649144622e-03,7.017543859649144622e-03,1.403508771929828924e-02,0.000000000000000000e+00,0.000000000000000000e+00,3.508771929824572311e-03,0.000000000000000000e+00,0.000000000000000000e+00,0.000000000000000000e+00,0.000000000000000000e+00,0.000000000000000000e+00,0.000000000000000000e+00,0.000000000000000000e+00,3.508771929824572311e-03,0.000000000000000000e+00,0.000000000000000000e+00,0.000000000000000000e+00,0.000000000000000000e+00,0.000000000000000000e+00,0.000000000000000000e+00,3.508771929824572311e-03,0.000000000000000000e+00,0.000000000000000000e+00,0.000000000000000000e+00,1.052631578947371693e-02,0.000000000000000000e+00,0.000000000000000000e+00,3.508771929824572311e-03,0.000000000000000000e+00,0.000000000000000000e+00,0.000000000000000000e+00,0.000000000000000000e+00,0.000000000000000000e+00,0.000000000000000000e+00,1.052631578947371693e-02,3.649635036496401419e-03,0.000000000000000000e+00,0.000000000000000000e+00,0.000000000000000000e+00,0.000000000000000000e+00,0.000000000000000000e+00,0.000000000000000000e+00,0.000000000000000000e+00,0.000000000000000000e+00,0.000000000000000000e+00,0.000000000000000000e+00,0.000000000000000000e+00,0.000000000000000000e+00,0.000000000000000000e+00,3.508771929824572311e-03
0.000000000000000000e+00,0.000000000000000000e+00,0.000000000000000000e+00,7.142857142857117481e-03,0.000000000000000000e+00,0.000000000000000000e+00,0.000000000000000000e+00,0.000000000000000000e+00,0.000000000000000000e+00,0.000000000000000000e+00,0.000000000000000000e+00,0.000000000000000000e+00,0.000000000000000000e+00,0.000000000000000000e+00,0.000000000000000000e+00,0.000000000000000000e+00,0.000000000000000000e+00,0.000000000000000000e+00,0.000000000000000000e+00,0.000000000000000000e+00,0.000000000000000000e+00,3.521126760563375591e-03,0.000000000000000000e+00,0.000000000000000000e+00,1.403508771929828924e-02,0.000000000000000000e+00,0.000000000000000000e+00,0.000000000000000000e+00,0.000000000000000000e+00,0.000000000000000000e+00,0.000000000000000000e+00,0.000000000000000000e+00,3.521126760563375591e-03,0.000000000000000000e+00,0.000000000000000000e+00,0.000000000000000000e+00,1.052631578947371693e-02,0.000000000000000000e+00,0.000000000000000000e+00,0.000000000000000000e+00,1.056338028169012677e-02,0.000000000000000000e+00,3.703703703703653538e-03,0.000000000000000000e+00,0.000000000000000000e+00,1.052631578947371693e-02,0.000000000000000000e+00,0.000000000000000000e+00,7.017543859649144622e-03,0.000000000000000000e+00,0.000000000000000000e+00,0.000000000000000000e+00,1.056338028169012677e-02,3.508771929824572311e-03,0.000000000000000000e+00,0.000000000000000000e+00,0.000000000000000000e+00,3.676470588235281056e-03,0.000000000000000000e+00,1.408450704225350236e-02,0.000000000000000000e+00,0.000000000000000000e+00,1.052631578947371693e-02,0.000000000000000000e+00,0.000000000000000000e+00,0.000000000000000000e+00,0.000000000000000000e+00,0.000000000000000000e+00,0.000000000000000000e+00,0.000000000000000000e+00,0.000000000000000000e+00,0.000000000000000000e+00,0.000000000000000000e+00,0.000000000000000000e+00,0.000000000000000000e+00,3.508771929824572311e-03,1.000000000000000000e+00,3.533568904593664683e-03,0.000000000000000000e+00,0.000000000000000000e+00,3.508771929824572311e-03,0.000000000000000000e+00,0.000000000000000000e+00,2.456140350877189515e-02,0.000000000000000000e+00,0.000000000000000000e+00,0.000000000000000000e+00,0.000000000000000000e+00,0.000000000000000000e+00,7.017543859649144622e-03,7.017543859649144622e-03,1.052631578947371693e-02,1.052631578947371693e-02,0.000000000000000000e+00,0.000000000000000000e+00,0.000000000000000000e+00,7.684210526315788936e-01,0.000000000000000000e+00,0.000000000000000000e+00,7.017543859649144622e-03,3.508771929824572311e-03,0.000000000000000000e+00,0.000000000000000000e+00,0.000000000000000000e+00,7.017543859649144622e-03,0.000000000000000000e+00,3.676470588235281056e-03,0.000000000000000000e+00,0.000000000000000000e+00,0.000000000000000000e+00,0.000000000000000000e+00,0.000000000000000000e+00,0.000000000000000000e+00,0.000000000000000000e+00,0.000000000000000000e+00,0.000000000000000000e+00,0.000000000000000000e+00,0.000000000000000000e+00,0.000000000000000000e+00,0.000000000000000000e+00,0.000000000000000000e+00,0.000000000000000000e+00,0.000000000000000000e+00,0.000000000000000000e+00,0.000000000000000000e+00,0.000000000000000000e+00,0.000000000000000000e+00,0.000000000000000000e+00,0.000000000000000000e+00,0.000000000000000000e+00,0.000000000000000000e+00,0.000000000000000000e+00,0.000000000000000000e+00,3.533568904593664683e-03,3.521126760563375591e-03,0.000000000000000000e+00,0.000000000000000000e+00,3.717472118959119776e-03,3.508771929824572311e-03,3.521126760563375591e-03,3.508771929824572311e-03
0.000000000000000000e+00,0.000000000000000000e+00,3.690036900368953710e-03,0.000000000000000000e+00,0.000000000000000000e+00,3.773584905660376521e-03,3.731343283582044812e-03,3.690036900368953710e-03,7.462686567164200646e-03,0.000000000000000000e+00,0.000000000000000000e+00,0.000000000000000000e+00,3.831417624521105125e-03,0.000000000000000000e+00,0.000000000000000000e+00,0.000000000000000000e+00,1.453900709219858589e-01,0.000000000000000000e+00,0.000000000000000000e+00,0.000000000000000000e+00,0.000000000000000000e+00,3.546099290780091451e-03,0.000000000000000000e+00,0.000000000000000000e+00,3.533568904593664683e-03,0.000000000000000000e+00,3.787878787878784514e-03,0.000000000000000000e+00,0.000000000000000000e+00,0.000000000000000000e+00,3.533568904593664683e-03,0.000000000000000000e+00,7.092198581560293924e-03,0.000000000000000000e+00,0.000000000000000000e+00,0.000000000000000000e+00,3.533568904593664683e-03,0.000000000000000000e+00,3.816793893129721837e-03,3.690036900368953710e-03,3.546099290780091451e-03,7.407407407407418098e-03,3.717472118959119776e-03,7.380073800738018441e-03,0.000000000000000000e+00,0.000000000000000000e+00,0.000000000000000000e+00,0.000000000000000000e+00,3.533568904593664683e-03,0.000000000000000000e+00,0.000000000000000000e+00,3.703703703703653538e-03,1.766784452296821240e-02,3.533568904593664683e-03,3.663003663003649990e-03,0.000000000000000000e+00,3.690036900368953710e-03,0.000000000000000000e+00,2.120141342756187708e-02,1.060070671378088303e-02,3.676470588235281056e-03,0.000000000000000000e+00,0.000000000000000000e+00,0.000000000000000000e+00,1.476014760147603688e-02,1.102941176470584317e-02,0.000000000000000000e+00,0.000000000000000000e+00,0.000000000000000000e+00,0.000000000000000000e+00,0.000000000000000000e+00,7.380073800738018441e-03,0.000000000000000000e+00,0.000000000000000000e+00,3.676470588235281056e-03,3.533568904593664683e-03,3.533568904593664683e-03,1.000000000000000000e+00,3.690036900368953710e-03,3.521126760563375591e-03,0.000000000000000000e+00,3.521126760563375591e-03,1.102941176470584317e-02,0.000000000000000000e+00,0.000000000000000000e+00,0.000000000000000000e+00,0.000000000000000000e+00,0.000000000000000000e+00,0.000000000000000000e+00,1.760563380281687795e-02,1.766784452296821240e-02,1.408450704225350236e-02,2.826855123674909542e-02,1.654929577464788748e-01,7.352941176470562112e-03,3.663003663003649990e-03,3.533568904593664683e-03,3.676470588235281056e-03,0.000000000000000000e+00,3.533568904593664683e-03,3.533568904593664683e-03,7.352941176470562112e-03,0.000000000000000000e+00,3.690036900368953710e-03,0.000000000000000000e+00,3.676470588235281056e-03,0.000000000000000000e+00,3.676470588235281056e-03,7.352941176470562112e-03,0.000000000000000000e+00,0.000000000000000000e+00,3.533568904593664683e-03,0.000000000000000000e+00,7.380073800738018441e-03,0.000000000000000000e+00,2.120141342756187708e-02,0.000000000000000000e+00,0.000000000000000000e+00,1.060070671378088303e-02,3.802281368821325280e-03,0.000000000000000000e+00,7.352941176470562112e-03,0.000000000000000000e+00,3.690036900368953710e-03,0.000000000000000000e+00,1.413427561837454771e-02,3.676470588235281056e-03,1.107011070110697215e-02,0.000000000000000000e+00,0.000000000000000000e+00,0.000000000000000000e+00,0.000000000000000000e+00,3.676470588235281056e-03,1.063829787234038537e-02,7.092198581560293924e-03,0.000000000000000000e+00,7.380073800738018441e-03,3.731343283582044812e-03,3.533568904593664683e-03,7.067137809187329367e-03,3.533568904593664683e-03
3.787878787878784514e-03,1.145038167938927653e-02,1.886792452830188260e-02,0.000000000000000000e+00,2.641509433962263564e-02,6.130268199233712689e-02,7.633587786259554697e-03,2.641509433962263564e-02,2.290076335877866409e-02,1.145038167938927653e-02,4.150943396226414173e-02,2.298850574712640871e-02,2.352941176470590978e-02,1.901140684410651538e-02,1.923076923076927347e-02,7.936507936507908312e-03,0.000000000000000000e+00,2.281368821292772964e-02,1.879699248120303423e-02,0.000000000000000000e+00,3.773584905660376521e-03,3.690036900368953710e-03,0.000000000000000000e+00,2.264150943396225912e-02,0.000000000000000000e+00,3.030303030303027612e-02,5.769230769230770939e-02,1.893939393939392257e-02,1.136363636363635354e-02,3.007518796992481036e-02,0.000000000000000000e+00,1.923076923076927347e-02,0.000000000000000000e+00,0.000000000000000000e+00,2.136752136752140263e-02,2.272727272727270709e-02,0.000000000000000000e+00,2.671755725190838593e-02,2.734375000000000000e-02,1.886792452830188260e-02,3.690036900368953710e-03,1.515151515151513806e-02,9.405204460966543056e-01,3.396226415094338869e-02,2.281368821292772964e-02,0.000000000000000000e+00,1.908396946564883123e-02,1.136363636363635354e-02,0.000000000000000000e+00,2.641509433962263564e-02,1.509433962264150608e-02,3.396226415094338869e-02,0.000000000000000000e+00,0.000000000000000000e+00,2.631578947368418131e-02,3.745318352059934242e-03,3.773584905660376521e-02,1.886792452830188260e-02,3.690036900368953710e-03,0.000000000000000000e+00,1.132075471698112956e-02,3.007518796992481036e-02,0.000000000000000000e+00,3.745318352059934242e-03,4.528301886792451825e-02,3.759398496240606846e-02,2.255639097744366328e-02,3.370786516853929715e-02,7.575757575757569029e-03,1.127819548872177613e-02,0.000000000000000000e+00,4.150943396226414173e-02,1.886792452830188260e-02,3.007518796992481036e-02,3.773584905660376521e-02,0.000000000000000000e+00,0.000000000000000000e+00,3.690036900368953710e-03,1.000000000000000000e+00,0.000000000000000000e+00,0.000000000000000000e+00,0.000000000000000000e+00,3.773584905660376521e-02,0.000000000000000000e+00,3.773584905660376521e-02,3.745318352059934242e-03,3.745318352059934242e-03,3.018867924528301216e-02,7.575757575757569029e-03,0.000000000000000000e+00,0.000000000000000000e+00,3.676470588235281056e-03,0.000000000000000000e+00,0.000000000000000000e+00,4.528301886792451825e-02,2.621722846441942867e-02,0.000000000000000000e+00,4.905660377358489477e-02,3.745318352059934242e-03,0.000000000000000000e+00,0.000000000000000000e+00,1.503759398496240518e-02,3.745318352059934242e-03,4.150943396226414173e-02,0.000000000000000000e+00,1.503759398496240518e-02,2.264150943396225912e-02,2.631578947368418131e-02,2.255639097744366328e-02,1.515151515151513806e-02,3.018867924528301216e-02,0.000000000000000000e+00,3.690036900368953710e-03,3.396226415094338869e-02,0.000000000000000000e+00,0.000000000000000000e+00,1.140684410646386482e-02,2.641509433962263564e-02,0.000000000000000000e+00,3.891050583657573725e-03,7.604562737642539538e-03,3.383458646616543941e-02,3.745318352059934242e-03,4.150943396226414173e-02,1.498127340823973697e-02,0.000000000000000000e+00,1.879699248120303423e-02,4.150943396226414173e-02,2.631578947368418131e-02,0.000000000000000000e+00,7.547169811320753041e-03,1.123595505617980272e-02,3.759398496240606846e-02,0.000000000000000000e+00,0.000000000000000000e+00,0.000000000000000000e+00,1.886792452830188260e-02,9.138576779026217345e-01,0.000000000000000000e+00,0.000000000000000000e+00,0.000000000000000000e+00
0.000000000000000000e+00,0.000000000000000000e+00,0.000000000000000000e+00,0.000000000000000000e+00,0.000000000000000000e+00,0.000000000000000000e+00,0.000000000000000000e+00,0.000000000000000000e+00,0.000000000000000000e+00,0.000000000000000000e+00,0.000000000000000000e+00,0.000000000000000000e+00,0.000000000000000000e+00,0.000000000000000000e+00,0.000000000000000000e+00,0.000000000000000000e+00,3.521126760563375591e-03,0.000000000000000000e+00,0.000000000000000000e+00,0.000000000000000000e+00,0.000000000000000000e+00,7.042253521126751181e-03,0.000000000000000000e+00,0.000000000000000000e+00,0.000000000000000000e+00,0.000000000000000000e+00,0.000000000000000000e+00,0.000000000000000000e+00,0.000000000000000000e+00,0.000000000000000000e+00,4.507042253521126307e-01,0.000000000000000000e+00,7.042253521126751181e-03,1.060070671378088303e-02,0.000000000000000000e+00,0.000000000000000000e+00,1.052631578947371693e-02,0.000000000000000000e+00,0.000000000000000000e+00,0.000000000000000000e+00,3.521126760563375591e-03,0.000000000000000000e+00,0.000000000000000000e+00,0.000000000000000000e+00,0.000000000000000000e+00,1.052631578947371693e-02,0.000000000000000000e+00,3.690036900368953710e-03,3.508771929824572311e-03,0.000000000000000000e+00,0.000000000000000000e+00,0.000000000000000000e+00,0.000000000000000000e+00,3.508771929824572311e-03,0.000000000000000000e+00,0.000000000000000000e+00,0.000000000000000000e+00,3.676470588235281056e-03,0.000000000000000000e+00,1.408450704225350236e-02,0.000000000000000000e+00,0.000000000000000000e+00,0.000000000000000000e+00,0.000000000000000000e+00,0.000000000000000000e+00,0.000000000000000000e+00,0.000000000000000000e+00,0.000000000000000000e+00,0.000000000000000000e+00,0.000000000000000000e+00,0.000000000000000000e+00,0.000000000000000000e+00,0.000000000000000000e+00,0.000000000000000000e+00,0.000000000000000000e+00,0.000000000000000000e+00,0.000000000000000000e+00,3.521126760563375591e-03,0.000000000000000000e+00,1.000000000000000000e+00,0.000000000000000000e+00,0.000000000000000000e+00,0.000000000000000000e+00,3.508771929824572311e-03,0.000000000000000000e+00,0.000000000000000000e+00,0.000000000000000000e+00,0.000000000000000000e+00,0.000000000000000000e+00,3.508771929824572311e-03,3.508771929824572311e-03,3.508771929824572311e-03,3.508771929824572311e-03,0.000000000000000000e+00,0.000000000000000000e+00,0.000000000000000000e+00,7.017543859649144622e-03,0.000000000000000000e+00,0.000000000000000000e+00,7.017543859649144622e-03,0.000000000000000000e+00,0.000000000000000000e+00,0.000000000000000000e+00,0.000000000000000000e+00,3.508771929824572311e-03,0.000000000000000000e+00,3.676470588235281056e-03,0.000000000000000000e+00,0.000000000000000000e+00,0.000000000000000000e+00,0.000000000000000000e+00,0.000000000000000000e+00,3.508771929824572311e-03,0.000000000000000000e+00,9.824561403508771384e-01,0.000000000000000000e+00,0.000000000000000000e+00,0.000000000000000000e+00,1.403508771929828924e-02,0.000000000000000000e+00,0.000000000000000000e+00,0.000000000000000000e+00,0.000000000000000000e+00,3.676470588235281056e-03,0.000000000000000000e+00,1.754385964912286155e-02,0.000000000000000000e+00,0.000000000000000000e+00,0.000000000000000000e+00,3.508771929824572311e-03,0.000000000000000000e+00,0.000000000000000000e+00,0.000000000000000000e+00,1.056338028169012677e-02,7.042253521126751181e-03,1.052631578947371693e-02,0.000000000000000000e+00,0.000000000000000000e+00,7.017543859649144622e-03,3.508771929824572311e-03,3.508771929824572311e-03
0.000000000000000000e+00,0.000000000000000000e+00,0.000000000000000000e+00,0.000000000000000000e+00,0.000000000000000000e+00,0.000000000000000000e+00,0.000000000000000000e+00,0.000000000000000000e+00,0.000000000000000000e+00,0.000000000000000000e+00,0.000000000000000000e+00,0.000000000000000000e+00,0.000000000000000000e+00,0.000000000000000000e+00,0.000000000000000000e+00,0.000000000000000000e+00,2.120141342756187708e-02,0.000000000000000000e+00,0.000000000000000000e+00,0.000000000000000000e+00,0.000000000000000000e+00,0.000000000000000000e+00,0.000000000000000000e+00,0.000000000000000000e+00,7.017543859649144622e-03,0.000000000000000000e+00,0.000000000000000000e+00,0.000000000000000000e+00,0.000000000000000000e+00,0.000000000000000000e+00,0.000000000000000000e+00,0.000000000000000000e+00,0.000000000000000000e+00,0.000000000000000000e+00,0.000000000000000000e+00,0.000000000000000000e+00,0.000000000000000000e+00,0.000000000000000000e+00,0.000000000000000000e+00,0.000000000000000000e+00,0.000000000000000000e+00,0.000000000000000000e+00,0.000000000000000000e+00,0.000000000000000000e+00,0.000000000000000000e+00,0.000000000000000000e+00,0.000000000000000000e+00,0.000000000000000000e+00,0.000000000000000000e+00,0.000000000000000000e+00,0.000000000000000000e+00,0.000000000000000000e+00,3.521126760563375591e-03,7.017543859649144622e-03,0.000000000000000000e+00,0.000000000000000000e+00,0.000000000000000000e+00,0.000000000000000000e+00,1.408450704225350236e-02,0.000000000000000000e+00,0.000000000000000000e+00,0.000000000000000000e+00,3.508771929824572311e-03,0.000000000000000000e+00,0.000000000000000000e+00,0.000000000000000000e+00,0.000000000000000000e+00,0.000000000000000000e+00,0.000000000000000000e+00,0.000000000000000000e+00,0.000000000000000000e+00,0.000000000000000000e+00,0.000000000000000000e+00,0.000000000000000000e+00,0.000000000000000000e+00,8.000000000000000444e-01,3.508771929824572311e-03,0.000000000000000000e+00,0.000000000000000000e+00,0.000000000000000000e+00,1.000000000000000000e+00,0.000000000000000000e+00,0.000000000000000000e+00,1.403508771929828924e-02,0.000000000000000000e+00,0.000000000000000000e+00,0.000000000000000000e+00,0.000000000000000000e+00,0.000000000000000000e+00,3.508771929824572311e-03,3.508771929824572311e-03,0.000000000000000000e+00,0.000000000000000000e+00,1.052631578947371693e-02,0.000000000000000000e+00,0.000000000000000000e+00,3.508771929824572311e-03,0.000000000000000000e+00,0.000000000000000000e+00,0.000000000000000000e+00,3.508771929824572311e-03,0.000000000000000000e+00,0.000000000000000000e+00,0.000000000000000000e+00,3.508771929824572311e-03,0.000000000000000000e+00,0.000000000000000000e+00,0.000000000000000000e+00,0.000000000000000000e+00,0.000000000000000000e+00,0.000000000000000000e+00,3.508771929824572311e-03,0.000000000000000000e+00,0.000000000000000000e+00,0.000000000000000000e+00,7.017543859649144622e-03,0.000000000000000000e+00,0.000000000000000000e+00,0.000000000000000000e+00,0.000000000000000000e+00,0.000000000000000000e+00,0.000000000000000000e+00,0.000000000000000000e+00,0.000000000000000000e+00,0.000000000000000000e+00,3.521126760563375591e-03,0.000000000000000000e+00,0.000000000000000000e+00,0.000000000000000000e+00,3.508771929824572311e-03,0.000000000000000000e+00,0.000000000000000000e+00,0.000000000000000000e+00,0.000000000000000000e+00,0.000000000000000000e+00,0.000000000000000000e+00,0.000000000000000000e+00,0.000000000000000000e+00,3.521126760563375591e-03,3.521126760563375591e-03,3.521126760563375591e-03
0.000000000000000000e+00,0.000000000000000000e+00,0.000000000000000000e+00,0.000000000000000000e+00,0.000000000000000000e+00,0.000000000000000000e+00,0.000000000000000000e+00,0.000000000000000000e+00,0.000000000000000000e+00,0.000000000000000000e+00,0.000000000000000000e+00,0.000000000000000000e+00,0.000000000000000000e+00,0.000000000000000000e+00,0.000000000000000000e+00,0.000000000000000000e+00,7.042253521126751181e-03,0.000000000000000000e+00,0.000000000000000000e+00,0.000000000000000000e+00,0.000000000000000000e+00,0.000000000000000000e+00,0.000000000000000000e+00,0.000000000000000000e+00,0.000000000000000000e+00,0.000000000000000000e+00,0.000000000000000000e+00,0.000000000000000000e+00,0.000000000000000000e+00,0.000000000000000000e+00,0.000000000000000000e+00,0.000000000000000000e+00,0.000000000000000000e+00,0.000000000000000000e+00,0.000000000000000000e+00,0.000000000000000000e+00,0.000000000000000000e+00,0.000000000000000000e+00,0.000000000000000000e+00,0.000000000000000000e+00,0.000000000000000000e+00,0.000000000000000000e+00,0.000000000000000000e+00,0.000000000000000000e+00,0.000000000000000000e+00,0.000000000000000000e+00,0.000000000000000000e+00,0.000000000000000000e+00,0.000000000000000000e+00,0.000000000000000000e+00,0.000000000000000000e+00,0.000000000000000000e+00,0.000000000000000000e+00,3.508771929824572311e-03,0.000000000000000000e+00,0.000000000000000000e+00,0.000000000000000000e+00,0.000000000000000000e+00,3.508771929824572311e-03,0.000000000000000000e+00,0.000000000000000000e+00,0.000000000000000000e+00,0.000000000000000000e+00,0.000000000000000000e+00,0.000000000000000000e+00,0.000000000000000000e+00,0.000000000000000000e+00,0.000000000000000000e+00,0.000000000000000000e+00,0.000000000000000000e+00,0.000000000000000000e+00,0.000000000000000000e+00,0.000000000000000000e+00,0.000000000000000000e+00,0.000000000000000000e+00,3.508771929824572311e-03,0.000000000000000000e+00,3.521126760563375591e-03,0.000000000000000000e+00,0.000000000000000000e+00,0.000000000000000000e+00,1.000000000000000000e+00,0.000000000000000000e+00,0.000000000000000000e+00,0.000000000000000000e+00,0.000000000000000000e+00,0.000000000000000000e+00,0.000000000000000000e+00,0.000000000000000000e+00,0.000000000000000000e+00,0.000000000000000000e+00,3.508771929824572311e-03,0.000000000000000000e+00,3.508771929824572311e-03,0.000000000000000000e+00,0.000000000000000000e+00,0.000000000000000000e+00,0.000000000000000000e+00,0.000000000000000000e+00,3.508771929824572311e-03,0.000000000000000000e+00,0.000000000000000000e+00,0.000000000000000000e+00,0.000000000000000000e+00,0.000000000000000000e+00,0.000000000000000000e+00,0.000000000000000000e+00,0.000000000000000000e+00,0.000000000000000000e+00,0.000000000000000000e+00,0.000000000000000000e+00,0.000000000000000000e+00,0.000000000000000000e+00,0.000000000000000000e+00,0.000000000000000000e+00,0.000000000000000000e+00,0.000000000000000000e+00,0.000000000000000000e+00,0.000000000000000000e+00,0.000000000000000000e+00,0.000000000000000000e+00,0.000000000000000000e+00,0.000000000000000000e+00,0.000000000000000000e+00,0.000000000000000000e+00,0.000000000000000000e+00,0.000000000000000000e+00,0.000000000000000000e+00,0.000000000000000000e+00,0.000000000000000000e+00,0.000000000000000000e+00,0.000000000000000000e+00,0.000000000000000000e+00,0.000000000000000000e+00,0.000000000000000000e+00,0.000000000000000000e+00,0.000000000000000000e+00,0.000000000000000000e+00,0.000000000000000000e+00,0.000000000000000000e+00,0.000000000000000000e+00
4.511278195488721554e-02,1.901140684410651538e-02,1.879699248120303423e-02,0.000000000000000000e+00,3.420074349442379091e-01,1.149425287356320435e-02,1.520912547528519010e-02,3.768656716417910779e-01,2.281368821292772964e-02,1.901140684410651538e-02,3.805970149253731227e-01,2.281368821292772964e-02,3.604651162790697416e-01,4.150943396226414173e-02,1.149425287356320435e-02,7.936507936507908312e-03,3.676470588235281056e-03,3.787878787878784514e-02,5.597014925373133831e-02,4.494382022471909988e-02,5.597014925373133831e-02,0.000000000000000000e+00,1.520912547528519010e-02,3.007518796992481036e-02,0.000000000000000000e+00,2.264150943396225912e-02,1.153846153846149747e-02,1.132075471698112956e-02,3.383458646616543941e-02,6.716417910447758377e-02,0.000000000000000000e+00,1.915708812260541460e-02,0.000000000000000000e+00,0.000000000000000000e+00,1.702127659574470542e-02,3.759398496240606846e-02,0.000000000000000000e+00,3.422053231939159446e-02,3.629343629343629862e-01,3.643122676579925168e-01,3.676470588235281056e-03,1.509433962264150608e-02,3.787878787878784514e-02,3.531598513011152685e-01,3.018867924528301216e-02,0.000000000000000000e+00,3.409090909090906063e-02,7.547169811320753041e-03,0.000000000000000000e+00,5.970149253731338312e-02,4.494382022471909988e-02,4.349442379182155705e-01,0.000000000000000000e+00,7.326007326007299980e-03,3.358208955223884740e-02,4.832713754646844606e-02,7.970479704797047704e-01,1.503759398496240518e-02,0.000000000000000000e+00,0.000000000000000000e+00,4.494382022471909988e-02,7.434944237918217347e-02,0.000000000000000000e+00,5.970149253731338312e-02,5.111111111111110716e-01,5.018450184501844769e-01,5.947955390334569437e-02,7.089552238805973960e-02,2.264150943396225912e-02,4.477611940298509285e-02,0.000000000000000000e+00,4.000000000000000222e-01,2.264150943396225912e-02,8.582089552238802987e-02,7.822878228782288446e-01,0.000000000000000000e+00,0.000000000000000000e+00,1.102941176470584317e-02,3.773584905660376521e-02,0.000000000000000000e+00,0.000000000000000000e+00,0.000000000000000000e+00,1.000000000000000000e+00,0.000000000000000000e+00,3.866171003717472354e-01,7.063197026022305369e-02,4.460966542750932629e-02,2.247191011235960545e-02,1.886792452830188260e-02,0.000000000000000000e+00,0.000000000000000000e+00,0.000000000000000000e+00,0.000000000000000000e+00,0.000000000000000000e+00,4.981549815498155231e-01,3.740740740740741144e-01,0.000000000000000000e+00,4.612546125461254309e-01,3.717472118959108673e-02,3.663003663003649990e-03,0.000000000000000000e+00,1.872659176029967121e-02,4.089219330855020651e-02,4.460966542750929298e-01,0.000000000000000000e+00,4.104477611940293702e-02,1.879699248120303423e-02,4.477611940298509285e-02,5.243445692883896836e-02,1.509433962264150608e-02,1.872659176029967121e-02,0.000000000000000000e+00,0.000000000000000000e+00,9.264705882352941568e-01,0.000000000000000000e+00,0.000000000000000000e+00,1.509433962264150608e-02,6.741573033707870533e-02,3.663003663003649990e-03,0.000000000000000000e+00,1.886792452830188260e-02,4.037037037037036757e-01,5.970149253731338312e-02,3.791821561338289959e-01,0.000000000000000000e+00,3.663003663003649990e-03,3.629629629629629317e-01,7.859778597785977983e-01,2.621722846441942867e-02,0.000000000000000000e+00,2.996254681647936291e-02,6.343283582089553896e-02,4.000000000000000222e-01,0.000000000000000000e+00,0.000000000000000000e+00,0.000000000000000000e+00,3.745318352059923139e-02,3.041825095057038020e-02,0.000000000000000000e+00,0.000000000000000000e+00,0.000000000000000000e+00
0.000000000000000000e+00,0.000000000000000000e+00,0.000000000000000000e+00,0.000000000000000000e+00,0.000000000000000000e+00,0.000000000000000000e+00,0.000000000000000000e+00,0.000000000000000000e+00,0.000000000000000000e+00,0.000000000000000000e+00,0.000000000000000000e+00,0.000000000000000000e+00,0.000000000000000000e+00,0.000000000000000000e+00,0.000000000000000000e+00,0.000000000000000000e+00,7.067137809187329367e-03,0.000000000000000000e+00,0.000000000000000000e+00,0.000000000000000000e+00,0.000000000000000000e+00,0.000000000000000000e+00,0.000000000000000000e+00,0.000000000000000000e+00,3.508771929824572311e-03,0.000000000000000000e+00,0.000000000000000000e+00,0.000000000000000000e+00,0.000000000000000000e+00,0.000000000000000000e+00,3.521126760563375591e-03,0.000000000000000000e+00,0.000000000000000000e+00,0.000000000000000000e+00,0.000000000000000000e+00,0.000000000000000000e+00,3.508771929824572311e-03,0.000000000000000000e+00,0.000000000000000000e+00,0.000000000000000000e+00,7.042253521126751181e-03,0.000000000000000000e+00,0.000000000000000000e+00,0.000000000000000000e+00,0.000000000000000000e+00,3.508771929824572311e-03,0.000000000000000000e+00,0.000000000000000000e+00,3.508771929824572311e-03,0.000000000000000000e+00,0.000000000000000000e+00,0.000000000000000000e+00,7.042253521126751181e-03,0.000000000000000000e+00,0.000000000000000000e+00,0.000000000000000000e+00,0.000000000000000000e+00,0.000000000000000000e+00,0.000000000000000000e+00,0.000000000000000000e+00,0.000000000000000000e+00,0.000000000000000000e+00,0.000000000000000000e+00,0.000000000000000000e+00,0.000000000000000000e+00,0.000000000000000000e+00,0.000000000000000000e+00,0.000000000000000000e+00,0.000000000000000000e+00,0.000000000000000000e+00,0.000000000000000000e+00,0.000000000000000000e+00,0.000000000000000000e+00,0.000000000000000000e+00,0.000000000000000000e+00,1.754385964912286155e-02,2.456140350877189515e-02,0.000000000000000000e+00,0.000000000000000000e+00,3.508771929824572311e-03,1.403508771929828924e-02,0.000000000000000000e+00,0.000000000000000000e+00,1.000000000000000000e+00,0.000000000000000000e+00,0.000000000000000000e+00,0.000000000000000000e+00,0.000000000000000000e+00,0.000000000000000000e+00,0.000000000000000000e+00,0.000000000000000000e+00,0.000000000000000000e+00,0.000000000000000000e+00,1.052631578947371693e-02,0.000000000000000000e+00,0.000000000000000000e+00,2.105263157894732284e-02,0.000000000000000000e+00,0.000000000000000000e+00,7.017543859649144622e-03,0.000000000000000000e+00,0.000000000000000000e+00,0.000000000000000000e+00,0.000000000000000000e+00,3.508771929824572311e-03,0.000000000000000000e+00,0.000000000000000000e+00,0.000000000000000000e+00,0.000000000000000000e+00,0.000000000000000000e+00,0.000000000000000000e+00,0.000000000000000000e+00,0.000000000000000000e+00,0.000000000000000000e+00,3.508771929824572311e-03,0.000000000000000000e+00,0.000000000000000000e+00,0.000000000000000000e+00,0.000000000000000000e+00,0.000000000000000000e+00,0.000000000000000000e+00,0.000000000000000000e+00,0.000000000000000000e+00,0.000000000000000000e+00,0.000000000000000000e+00,0.000000000000000000e+00,0.000000000000000000e+00,0.000000000000000000e+00,0.000000000000000000e+00,0.000000000000000000e+00,0.000000000000000000e+00,0.000000000000000000e+00,0.000000000000000000e+00,0.000000000000000000e+00,0.000000000000000000e+00,0.000000000000000000e+00,0.000000000000000000e+00,0.000000000000000000e+00,0.000000000000000000e+00,0.000000000000000000e+00,0.000000000000000000e+00
5.660377358490564781e-02,3.053435114503821879e-02,4.135338345864658649e-02,0.000000000000000000e+00,3.246268656716417844e-01,2.692307692307693845e-02,2.290076335877866409e-02,3.619402985074626766e-01,3.053435114503821879e-02,1.908396946564883123e-02,3.445692883895130620e-01,2.661596958174905492e-02,3.255813953488372325e-01,4.545454545454541417e-02,2.298850574712640871e-02,2.380952380952383596e-02,0.000000000000000000e+00,1.901140684410651538e-02,7.490636704119846279e-02,5.992509363295883684e-02,5.243445692883896836e-02,0.000000000000000000e+00,2.661596958174905492e-02,1.509433962264150608e-02,0.000000000000000000e+00,2.264150943396225912e-02,2.702702702702697302e-02,1.893939393939392257e-02,4.528301886792451825e-02,7.490636704119846279e-02,0.000000000000000000e+00,2.681992337164751383e-02,0.000000000000000000e+00,0.000000000000000000e+00,2.136752136752140263e-02,2.641509433962263564e-02,0.000000000000000000e+00,3.053435114503821879e-02,3.513513513513513153e-01,3.320895522388059851e-01,3.690036900368953710e-03,2.651515151515149160e-02,3.409090909090906063e-02,3.308550185873605498e-01,3.787878787878784514e-02,0.000000000000000000e+00,2.661596958174905492e-02,2.272727272727270709e-02,0.000000000000000000e+00,7.490636704119846279e-02,4.511278195488721554e-02,3.022388059701492935e-01,0.000000000000000000e+00,3.676470588235281056e-03,3.745318352059923139e-02,5.970149253731338312e-02,3.903345724907063552e-01,1.132075471698112956e-02,0.000000000000000000e+00,0.000000000000000000e+00,4.887218045112784459e-02,7.865168539325839703e-02,0.000000000000000000e+00,7.116104868913852854e-02,3.643122676579925168e-01,3.754646840148698761e-01,6.716417910447758377e-02,5.617977528089890260e-02,3.409090909090906063e-02,5.243445692883896836e-02,0.000000000000000000e+00,3.059701492537313383e-01,1.886792452830188260e-02,5.263157894736847364e-02,4.052044609665427233e-01,0.000000000000000000e+00,0.000000000000000000e+00,0.000000000000000000e+00,3.773584905660376521e-02,0.000000000000000000e+00,0.000000000000000000e+00,0.000000000000000000e+00,3.866171003717472354e-01,0.000000000000000000e+00,1.000000000000000000e+00,6.716417910447758377e-02,5.970149253731338312e-02,3.370786516853929715e-02,3.409090909090906063e-02,0.000000000000000000e+00,0.000000000000000000e+00,0.000000000000000000e+00,0.000000000000000000e+00,3.676470588235281056e-03,3.754646840148698761e-01,3.568773234200743882e-01,0.000000000000000000e+00,3.197026022304833015e-01,5.970149253731338312e-02,3.676470588235281056e-03,0.000000000000000000e+00,3.745318352059923139e-02,5.597014925373133831e-02,3.208955223880597396e-01,0.000000000000000000e+00,5.243445692883896836e-02,1.132075471698112956e-02,5.617977528089890260e-02,6.015037593984962072e-02,1.893939393939392257e-02,2.621722846441942867e-02,0.000000000000000000e+00,0.000000000000000000e+00,3.791821561338289959e-01,3.676470588235281056e-03,0.000000000000000000e+00,3.030303030303027612e-02,7.894736842105265495e-02,0.000000000000000000e+00,1.158301158301155986e-02,2.272727272727270709e-02,3.085501858736059422e-01,7.116104868913852854e-02,9.594095940959409541e-01,1.872659176029967121e-02,0.000000000000000000e+00,3.382899628252787894e-01,3.903345724907063552e-01,3.007518796992481036e-02,0.000000000000000000e+00,4.135338345864658649e-02,8.582089552238802987e-02,3.234200743494424213e-01,3.690036900368953710e-03,0.000000000000000000e+00,0.000000000000000000e+00,4.887218045112784459e-02,3.816793893129766246e-02,0.000000000000000000e+00,0.000000000000000000e+00,0.000000000000000000e+00
4.795539033457248967e-01,1.893939393939392257e-02,1.498127340823973697e-02,0.000000000000000000e+00,4.850746268656713767e-02,3.435114503816794063e-02,1.515151515151513806e-02,4.477611940298509285e-02,1.893939393939392257e-02,1.515151515151513806e-02,7.462686567164178442e-02,2.272727272727270709e-02,6.201550387596899139e-02,2.255639097744366328e-02,1.145038167938927653e-02,3.937007874015741038e-03,0.000000000000000000e+00,3.759398496240606846e-02,4.089219330855020651e-02,4.222222222222222765e-01,4.481481481481481843e-01,0.000000000000000000e+00,1.132075471698112956e-02,7.490636704119868483e-03,0.000000000000000000e+00,1.123595505617980272e-02,2.681992337164751383e-02,1.879699248120303423e-02,1.498127340823973697e-02,3.717472118959108673e-02,0.000000000000000000e+00,2.290076335877866409e-02,0.000000000000000000e+00,0.000000000000000000e+00,1.271186440677962715e-02,1.498127340823973697e-02,0.000000000000000000e+00,1.893939393939392257e-02,8.108108108108103007e-02,5.597014925373133831e-02,0.000000000000000000e+00,1.503759398496240518e-02,3.759398496240629051e-03,6.716417910447758377e-02,3.007518796992481036e-02,0.000000000000000000e+00,7.575757575757569029e-03,1.127819548872177613e-02,0.000000000000000000e+00,4.850746268656713767e-02,2.238805970149249092e-02,7.462686567164178442e-02,3.649635036496401419e-03,0.000000000000000000e+00,1.858736059479548786e-02,4.649446494464944957e-01,4.477611940298509285e-02,7.490636704119868483e-03,0.000000000000000000e+00,0.000000000000000000e+00,2.238805970149249092e-02,3.717472118959108673e-02,0.000000000000000000e+00,8.639705882352941568e-01,5.970149253731338312e-02,3.731343283582089221e-02,2.602230483271372741e-02,5.204460966542745481e-02,7.518796992481258101e-03,5.535055350553506059e-01,0.000000000000000000e+00,4.104477611940293702e-02,2.621722846441942867e-02,6.319702602230481414e-02,4.104477611940293702e-02,0.000000000000000000e+00,0.000000000000000000e+00,0.000000000000000000e+00,3.745318352059934242e-03,0.000000000000000000e+00,0.000000000000000000e+00,0.000000000000000000e+00,7.063197026022305369e-02,0.000000000000000000e+00,6.716417910447758377e-02,1.000000000000000000e+00,7.948717948717949344e-01,1.492537313432840129e-02,1.127819548872177613e-02,3.649635036496401419e-03,3.649635036496401419e-03,0.000000000000000000e+00,0.000000000000000000e+00,0.000000000000000000e+00,5.576208178438657459e-02,5.947955390334569437e-02,0.000000000000000000e+00,7.434944237918217347e-02,5.018450184501844769e-01,0.000000000000000000e+00,0.000000000000000000e+00,1.119402985074624546e-02,4.981549815498155231e-01,7.089552238805973960e-02,0.000000000000000000e+00,4.460966542750932629e-02,1.123595505617980272e-02,6.691449814126393392e-02,7.063197026022305369e-02,1.127819548872177613e-02,1.119402985074624546e-02,0.000000000000000000e+00,0.000000000000000000e+00,7.089552238805973960e-02,0.000000000000000000e+00,0.000000000000000000e+00,1.503759398496240518e-02,4.477611940298509285e-02,0.000000000000000000e+00,7.692307692307664979e-03,1.503759398496240518e-02,4.089219330855020651e-02,8.419117647058823595e-01,6.716417910447758377e-02,1.486988847583647910e-02,0.000000000000000000e+00,7.063197026022305369e-02,5.597014925373133831e-02,2.611940298507464675e-02,0.000000000000000000e+00,7.462686567164200646e-03,5.202952029520295785e-01,3.358208955223884740e-02,0.000000000000000000e+00,0.000000000000000000e+00,0.000000000000000000e+00,5.970149253731338312e-02,3.773584905660376521e-03,0.000000000000000000e+00,0.000000000000000000e+00,0.000000000000000000e+00
4.589552238805970630e-01,1.515151515151513806e-02,1.503759398496240518e-02,0.000000000000000000e+00,5.223880597014929350e-02,3.435114503816794063e-02,7.575757575757569029e-03,4.477611940298509285e-02,1.515151515151513806e-02,1.515151515151513806e-02,7.490636704119846279e-02,0.000000000000000000e+00,5.813953488372092249e-02,1.509433962264150608e-02,1.145038167938927653e-02,3.952569169960451489e-03,0.000000000000000000e+00,6.015037593984962072e-02,4.104477611940293702e-02,4.126394052044609628e-01,4.200743494423792024e-01,0.000000000000000000e+00,7.575757575757569029e-03,2.621722846441942867e-02,0.000000000000000000e+00,1.127819548872177613e-02,2.681992337164751383e-02,3.383458646616543941e-02,2.255639097744366328e-02,3.717472118959108673e-02,0.000000000000000000e+00,1.145038167938927653e-02,0.000000000000000000e+00,0.000000000000000000e+00,2.118644067796615627e-02,1.127819548872177613e-02,0.000000000000000000e+00,1.515151515151513806e-02,7.335907335907332349e-02,5.970149253731338312e-02,0.000000000000000000e+00,1.127819548872177613e-02,7.518796992481258101e-03,6.716417910447758377e-02,1.509433962264150608e-02,0.000000000000000000e+00,7.575757575757569029e-03,1.132075471698112956e-02,0.000000000000000000e+00,5.597014925373133831e-02,1.498127340823973697e-02,7.089552238805973960e-02,0.000000000000000000e+00,0.000000000000000000e+00,1.119402985074624546e-02,4.280442804428044035e-01,4.104477611940293702e-02,1.123595505617980272e-02,0.000000000000000000e+00,0.000000000000000000e+00,1.123595505617980272e-02,4.832713754646844606e-02,0.000000000000000000e+00,8.897058823529411242e-01,5.597014925373133831e-02,4.850746268656713767e-02,3.345724907063196696e-02,5.947955390334569437e-02,1.127819548872177613e-02,5.518518518518518157e-01,0.000000000000000000e+00,4.477611940298509285e-02,2.621722846441942867e-02,6.319702602230481414e-02,4.850746268656713767e-02,0.000000000000000000e+00,0.000000000000000000e+00,0.000000000000000000e+00,3.745318352059934242e-03,0.000000000000000000e+00,0.000000000000000000e+00,0.000000000000000000e+00,4.460966542750932629e-02,0.000000000000000000e+00,5.970149253731338312e-02,7.948717948717949344e-01,1.000000000000000000e+00,7.462686567164200646e-03,1.503759398496240518e-02,0.000000000000000000e+00,0.000000000000000000e+00,0.000000000000000000e+00,0.000000000000000000e+00,0.000000000000000000e+00,4.477611940298509285e-02,4.460966542750932629e-02,0.000000000000000000e+00,7.835820895522382923e-02,4.686346863468634494e-01,0.000000000000000000e+00,0.000000000000000000e+00,1.119402985074624546e-02,5.055350553505535416e-01,6.343283582089553896e-02,0.000000000000000000e+00,5.576208178438657459e-02,1.498127340823973697e-02,6.691449814126393392e-02,7.089552238805973960e-02,1.879699248120303423e-02,7.490636704119868483e-03,0.000000000000000000e+00,0.000000000000000000e+00,5.970149253731338312e-02,0.000000000000000000e+00,0.000000000000000000e+00,1.127819548872177613e-02,5.223880597014929350e-02,0.000000000000000000e+00,7.722007722007706576e-03,1.127819548872177613e-02,3.358208955223884740e-02,8.897058823529411242e-01,6.343283582089553896e-02,1.486988847583647910e-02,0.000000000000000000e+00,4.832713754646844606e-02,5.970149253731338312e-02,1.119402985074624546e-02,0.000000000000000000e+00,1.123595505617980272e-02,5.202952029520295785e-01,3.358208955223884740e-02,0.000000000000000000e+00,3.663003663003649990e-03,0.000000000000000000e+00,5.970149253731338312e-02,3.787878787878784514e-03,0.000000000000000000e+00,0.000000000000000000e+00,0.000000000000000000e+00
1.132075471698112956e-02,1.901140684410651538e-02,1.385767790262172339e-01,0.000000000000000000e+00,2.631578947368418131e-02,7.662835249042099228e-03,1.742424242424241987e-01,1.879699248120303423e-02,3.053435114503821879e-02,1.901140684410651538e-02,2.264150943396225912e-02,9.738805970149253532e-01,2.343750000000000000e-02,1.390977443609022757e-01,1.532567049808430948e-02,1.587301587301592765e-02,0.000000000000000000e+00,3.030303030303027612e-02,2.621722846441942867e-02,3.759398496240629051e-03,1.503759398496240518e-02,0.000000000000000000e+00,2.281368821292772964e-02,3.018867924528301216e-02,0.000000000000000000e+00,3.396226415094338869e-02,1.538461538461532996e-02,3.030303030303027612e-02,1.423220973782771681e-01,4.119850187265916563e-02,0.000000000000000000e+00,1.915708812260541460e-02,0.000000000000000000e+00,0.000000000000000000e+00,2.564102564102566095e-02,9.592592592592592560e-01,0.000000000000000000e+00,3.053435114503821879e-02,2.723735408560312710e-02,3.383458646616543941e-02,0.000000000000000000e+00,2.264150943396225912e-02,2.651515151515149160e-02,3.759398496240606846e-02,1.203007518796992414e-01,0.000000000000000000e+00,7.490636704119850720e-01,2.264150943396225912e-02,0.000000000000000000e+00,2.996254681647936291e-02,1.343283582089552786e-01,1.509433962264150608e-02,0.000000000000000000e+00,0.000000000000000000e+00,1.338289962825278678e-01,1.872659176029967121e-02,1.879699248120303423e-02,3.018867924528301216e-02,0.000000000000000000e+00,0.000000000000000000e+00,1.305970149253731227e-01,2.247191011235960545e-02,0.000000000000000000e+00,3.745318352059934242e-03,1.503759398496240518e-02,2.247191011235960545e-02,2.247191011235960545e-02,3.745318352059923139e-02,1.132075471698112956e-02,1.872659176029967121e-02,0.000000000000000000e+00,2.631578947368418131e-02,3.030303030303027612e-02,4.119850187265916563e-02,1.872659176029967121e-02,0.000000000000000000e+00,0.000000000000000000e+00,0.000000000000000000e+00,3.018867924528301216e-02,0.000000000000000000e+00,0.000000000000000000e+00,0.000000000000000000e+00,2.247191011235960545e-02,0.000000000000000000e+00,3.370786516853929715e-02,1.492537313432840129e-02,7.462686567164200646e-03,1.000000000000000000e+00,1.509433962264150608e-02,0.000000000000000000e+00,0.000000000000000000e+00,0.000000000000000000e+00,0.000000000000000000e+00,0.000000000000000000e+00,1.872659176029967121e-02,2.247191011235960545e-02,0.000000000000000000e+00,1.872659176029967121e-02,1.872659176029967121e-02,0.000000000000000000e+00,0.000000000000000000e+00,1.268656716417910779e-01,1.498127340823973697e-02,1.879699248120303423e-02,0.000000000000000000e+00,4.868913857677903412e-02,3.018867924528301216e-02,4.868913857677903412e-02,2.631578947368418131e-02,2.641509433962263564e-02,9.705882352941176405e-01,0.000000000000000000e+00,0.000000000000000000e+00,2.631578947368418131e-02,0.000000000000000000e+00,0.000000000000000000e+00,1.515151515151513806e-02,7.518796992481258101e-03,0.000000000000000000e+00,2.316602316602311973e-02,1.886792452830188260e-02,1.498127340823973697e-02,1.123595505617980272e-02,1.879699248120303423e-02,2.370370370370370461e-01,0.000000000000000000e+00,2.247191011235960545e-02,2.255639097744366328e-02,3.383458646616543941e-02,0.000000000000000000e+00,1.455223880597015240e-01,7.490636704119868483e-03,2.996254681647936291e-02,0.000000000000000000e+00,0.000000000000000000e+00,0.000000000000000000e+00,4.135338345864658649e-02,2.281368821292772964e-02,0.000000000000000000e+00,0.000000000000000000e+00,0.000000000000000000e+00
1.140684410646386482e-02,9.176029962546816687e-01,7.604562737642539538e-03,0.000000000000000000e+00,2.264150943396225912e-02,7.722007722007706576e-03,7.662835249042099228e-03,2.651515151515149160e-02,1.915708812260541460e-02,9.176029962546816687e-01,1.893939393939392257e-02,1.915708812260541460e-02,2.755905511811018727e-02,1.145038167938927653e-02,9.320754716981132226e-01,2.252964426877470672e-01,0.000000000000000000e+00,2.290076335877866409e-02,1.136363636363635354e-02,3.409090909090906063e-02,2.272727272727270709e-02,0.000000000000000000e+00,9.402985074626866169e-01,2.641509433962263564e-02,0.000000000000000000e+00,1.140684410646386482e-02,3.875968992248068901e-03,3.802281368821291974e-02,3.422053231939159446e-02,1.132075471698112956e-02,0.000000000000000000e+00,9.358490566037735992e-01,0.000000000000000000e+00,0.000000000000000000e+00,1.724137931034486204e-02,1.140684410646386482e-02,0.000000000000000000e+00,1.915708812260541460e-02,1.960784313725494332e-02,1.893939393939392257e-02,0.000000000000000000e+00,1.358490566037735547e-01,7.633587786259554697e-03,2.264150943396225912e-02,7.633587786259554697e-03,0.000000000000000000e+00,1.532567049808430948e-02,7.633587786259554697e-03,0.000000000000000000e+00,1.136363636363635354e-02,7.575757575757569029e-03,7.575757575757569029e-03,0.000000000000000000e+00,0.000000000000000000e+00,7.547169811320753041e-03,1.503759398496240518e-02,1.515151515151513806e-02,3.030303030303027612e-02,0.000000000000000000e+00,0.000000000000000000e+00,7.575757575757569029e-03,1.132075471698112956e-02,0.000000000000000000e+00,1.132075471698112956e-02,1.136363636363635354e-02,1.893939393939392257e-02,7.547169811320753041e-03,1.509433962264150608e-02,9.370370370370370017e-01,1.132075471698112956e-02,0.000000000000000000e+00,4.166666666666662966e-02,2.272727272727270709e-02,3.018867924528301216e-02,2.272727272727270709e-02,0.000000000000000000e+00,0.000000000000000000e+00,0.000000000000000000e+00,7.575757575757569029e-03,0.000000000000000000e+00,0.000000000000000000e+00,0.000000000000000000e+00,1.886792452830188260e-02,0.000000000000000000e+00,3.409090909090906063e-02,1.127819548872177613e-02,1.503759398496240518e-02,1.509433962264150608e-02,1.000000000000000000e+00,0.000000000000000000e+00,0.000000000000000000e+00,0.000000000000000000e+00,0.000000000000000000e+00,0.000000000000000000e+00,4.905660377358489477e-02,3.007518796992481036e-02,0.000000000000000000e+00,1.515151515151513806e-02,1.503759398496240518e-02,0.000000000000000000e+00,0.000000000000000000e+00,1.132075471698112956e-02,1.879699248120303423e-02,7.575757575757569029e-03,0.000000000000000000e+00,2.264150943396225912e-02,3.030303030303027612e-02,1.509433962264150608e-02,1.886792452830188260e-02,3.802281368821325280e-03,7.575757575757569029e-03,3.703703703703653538e-03,0.000000000000000000e+00,3.787878787878784514e-03,0.000000000000000000e+00,0.000000000000000000e+00,9.776951672862453924e-01,2.651515151515149160e-02,0.000000000000000000e+00,1.167315175097272117e-02,9.219330855018587068e-01,4.528301886792451825e-02,3.773584905660376521e-03,2.651515151515149160e-02,1.879699248120303423e-02,0.000000000000000000e+00,1.886792452830188260e-02,1.893939393939392257e-02,1.509433962264150608e-02,0.000000000000000000e+00,7.575757575757569029e-03,1.509433962264150608e-02,3.018867924528301216e-02,0.000000000000000000e+00,0.000000000000000000e+00,0.000000000000000000e+00,2.651515151515149160e-02,1.532567049808430948e-02,3.703703703703653538e-03,3.703703703703653538e-03,3.703703703703653538e-03
3.676470588235281056e-03,0.000000000000000000e+00,0.000000000000000000e+00,0.000000000000000000e+00,0.000000000000000000e+00,0.000000000000000000e+00,0.000000000000000000e+00,0.000000000000000000e+00,0.000000000000000000e+00,3.717472118959119776e-03,0.000000000000000000e+00,0.000000000000000000e+00,0.000000000000000000e+00,0.000000000000000000e+00,0.000000000000000000e+00,0.000000000000000000e+00,1.056338028169012677e-02,0.000000000000000000e+00,0.000000000000000000e+00,0.000000000000000000e+00,0.000000000000000000e+00,1.760563380281687795e-02,0.000000000000000000e+00,0.000000000000000000e+00,0.000000000000000000e+00,0.000000000000000000e+00,0.000000000000000000e+00,0.000000000000000000e+00,0.000000000000000000e+00,0.000000000000000000e+00,7.042253521126751181e-03,0.000000000000000000e+00,1.760563380281687795e-02,7.067137809187329367e-03,0.000000000000000000e+00,0.000000000000000000e+00,1.052631578947371693e-02,0.000000000000000000e+00,0.000000000000000000e+00,0.000000000000000000e+00,3.521126760563375591e-03,0.000000000000000000e+00,7.407407407407418098e-03,0.000000000000000000e+00,0.000000000000000000e+00,1.052631578947371693e-02,0.000000000000000000e+00,0.000000000000000000e+00,0.000000000000000000e+00,0.000000000000000000e+00,0.000000000000000000e+00,0.000000000000000000e+00,0.000000000000000000e+00,3.508771929824572311e-03,0.000000000000000000e+00,0.000000000000000000e+00,0.000000000000000000e+00,0.000000000000000000e+00,1.403508771929828924e-02,0.000000000000000000e+00,0.000000000000000000e+00,0.000000000000000000e+00,0.000000000000000000e+00,0.000000000000000000e+00,0.000000000000000000e+00,0.000000000000000000e+00,0.000000000000000000e+00,0.000000000000000000e+00,0.000000000000000000e+00,0.000000000000000000e+00,0.000000000000000000e+00,0.000000000000000000e+00,0.000000000000000000e+00,0.000000000000000000e+00,0.000000000000000000e+00,7.017543859649144622e-03,7.017543859649144622e-03,1.760563380281687795e-02,0.000000000000000000e+00,3.508771929824572311e-03,3.508771929824572311e-03,0.000000000000000000e+00,0.000000000000000000e+00,0.000000000000000000e+00,0.000000000000000000e+00,3.649635036496401419e-03,0.000000000000000000e+00,0.000000000000000000e+00,0.000000000000000000e+00,1.000000000000000000e+00,9.964912280701754277e-01,7.622377622377622952e-01,7.578947368421052877e-01,1.403508771929828924e-02,0.000000000000000000e+00,0.000000000000000000e+00,3.508771929824572311e-03,0.000000000000000000e+00,0.000000000000000000e+00,3.508771929824572311e-03,3.508771929824572311e-03,0.000000000000000000e+00,0.000000000000000000e+00,0.000000000000000000e+00,0.000000000000000000e+00,7.326007326007299980e-03,0.000000000000000000e+00,0.000000000000000000e+00,0.000000000000000000e+00,0.000000000000000000e+00,0.000000000000000000e+00,1.403508771929828924e-02,1.403508771929828924e-02,0.000000000000000000e+00,3.508771929824572311e-03,1.403508771929828924e-02,0.000000000000000000e+00,0.000000000000000000e+00,3.508771929824572311e-03,0.000000000000000000e+00,0.000000000000000000e+00,0.000000000000000000e+00,0.000000000000000000e+00,0.000000000000000000e+00,0.000000000000000000e+00,3.508771929824572311e-03,0.000000000000000000e+00,0.000000000000000000e+00,0.000000000000000000e+00,3.508771929824572311e-03,0.000000000000000000e+00,0.000000000000000000e+00,0.000000000000000000e+00,3.533568904593664683e-03,1.408450704225350236e-02,0.000000000000000000e+00,0.000000000000000000e+00,7.434944237918239551e-03,1.052631578947371693e-02,3.521126760563375591e-03,1.052631578947371693e-02
3.676470588235281056e-03,0.000000000000000000e+00,0.000000000000000000e+00,0.000000000000000000e+00,0.000000000000000000e+00,0.000000000000000000e+00,0.000000000000000000e+00,0.000000000000000000e+00,0.000000000000000000e+00,3.717472118959119776e-03,0.000000000000000000e+00,0.000000000000000000e+00,0.000000000000000000e+00,0.000000000000000000e+00,0.000000000000000000e+00,0.000000000000000000e+00,1.408450704225350236e-02,0.000000000000000000e+00,0.000000000000000000e+00,0.000000000000000000e+00,0.000000000000000000e+00,1.760563380281687795e-02,0.000000000000000000e+00,0.000000000000000000e+00,0.000000000000000000e+00,0.000000000000000000e+00,0.000000000000000000e+00,0.000000000000000000e+00,0.000000000000000000e+00,0.000000000000000000e+00,7.042253521126751181e-03,0.000000000000000000e+00,1.760563380281687795e-02,7.067137809187329367e-03,0.000000000000000000e+00,0.000000000000000000e+00,7.017543859649144622e-03,0.000000000000000000e+00,0.000000000000000000e+00,0.000000000000000000e+00,3.521126760563375591e-03,0.000000000000000000e+00,7.407407407407418098e-03,0.000000000000000000e+00,0.000000000000000000e+00,1.052631578947371693e-02,0.000000000000000000e+00,0.000000000000000000e+00,0.000000000000000000e+00,0.000000000000000000e+00,0.000000000000000000e+00,0.000000000000000000e+00,0.000000000000000000e+00,0.000000000000000000e+00,0.000000000000000000e+00,0.000000000000000000e+00,0.000000000000000000e+00,0.000000000000000000e+00,1.754385964912286155e-02,0.000000000000000000e+00,0.000000000000000000e+00,0.000000000000000000e+00,0.000000000000000000e+00,0.000000000000000000e+00,0.000000000000000000e+00,0.000000000000000000e+00,0.000000000000000000e+00,0.000000000000000000e+00,0.000000000000000000e+00,0.000000000000000000e+00,0.000000000000000000e+00,0.000000000000000000e+00,0.000000000000000000e+00,0.000000000000000000e+00,0.000000000000000000e+00,1.052631578947371693e-02,7.017543859649144622e-03,1.766784452296821240e-02,0.000000000000000000e+00,3.508771929824572311e-03,3.508771929824572311e-03,0.000000000000000000e+00,0.000000000000000000e+00,0.000000000000000000e+00,0.000000000000000000e+00,3.649635036496401419e-03,0.000000000000000000e+00,0.000000000000000000e+00,0.000000000000000000e+00,9.964912280701754277e-01,1.000000000000000000e+00,7.649122807017543213e-01,7.649122807017543213e-01,1.403508771929828924e-02,0.000000000000000000e+00,0.000000000000000000e+00,3.508771929824572311e-03,0.000000000000000000e+00,0.000000000000000000e+00,3.508771929824572311e-03,7.017543859649144622e-03,0.000000000000000000e+00,0.000000000000000000e+00,0.000000000000000000e+00,0.000000000000000000e+00,7.326007326007299980e-03,0.000000000000000000e+00,0.000000000000000000e+00,0.000000000000000000e+00,0.000000000000000000e+00,0.000000000000000000e+00,1.403508771929828924e-02,1.408450704225350236e-02,0.000000000000000000e+00,3.508771929824572311e-03,1.754385964912286155e-02,0.000000000000000000e+00,0.000000000000000000e+00,3.521126760563375591e-03,0.000000000000000000e+00,0.000000000000000000e+00,0.000000000000000000e+00,0.000000000000000000e+00,0.000000000000000000e+00,0.000000000000000000e+00,3.508771929824572311e-03,0.000000000000000000e+00,0.000000000000000000e+00,0.000000000000000000e+00,3.508771929824572311e-03,0.000000000000000000e+00,0.000000000000000000e+00,0.000000000000000000e+00,3.533568904593664683e-03,1.408450704225350236e-02,0.000000000000000000e+00,0.000000000000000000e+00,7.434944237918239551e-03,1.052631578947371693e-02,3.521126760563375591e-03,1.052631578947371693e-02
3.676470588235281056e-03,0.000000000000000000e+00,0.000000000000000000e+00,0.000000000000000000e+00,0.000000000000000000e+00,0.000000000000000000e+00,0.000000000000000000e+00,0.000000000000000000e+00,0.000000000000000000e+00,0.000000000000000000e+00,0.000000000000000000e+00,0.000000000000000000e+00,0.000000000000000000e+00,0.000000000000000000e+00,0.000000000000000000e+00,0.000000000000000000e+00,7.042253521126751181e-03,0.000000000000000000e+00,0.000000000000000000e+00,0.000000000000000000e+00,0.000000000000000000e+00,1.408450704225350236e-02,0.000000000000000000e+00,0.000000000000000000e+00,0.000000000000000000e+00,0.000000000000000000e+00,0.000000000000000000e+00,0.000000000000000000e+00,0.000000000000000000e+00,0.000000000000000000e+00,7.042253521126751181e-03,0.000000000000000000e+00,1.408450704225350236e-02,7.067137809187329367e-03,0.000000000000000000e+00,0.000000000000000000e+00,0.000000000000000000e+00,0.000000000000000000e+00,0.000000000000000000e+00,0.000000000000000000e+00,0.000000000000000000e+00,0.000000000000000000e+00,3.703703703703653538e-03,0.000000000000000000e+00,0.000000000000000000e+00,0.000000000000000000e+00,0.000000000000000000e+00,0.000000000000000000e+00,0.000000000000000000e+00,0.000000000000000000e+00,0.000000000000000000e+00,0.000000000000000000e+00,1.056338028169012677e-02,3.508771929824572311e-03,0.000000000000000000e+00,0.000000000000000000e+00,0.000000000000000000e+00,0.000000000000000000e+00,1.403508771929828924e-02,0.000000000000000000e+00,0.000000000000000000e+00,0.000000000000000000e+00,0.000000000000000000e+00,0.000000000000000000e+00,0.000000000000000000e+00,0.000000000000000000e+00,0.000000000000000000e+00,0.000000000000000000e+00,0.000000000000000000e+00,0.000000000000000000e+00,0.000000000000000000e+00,0.000000000000000000e+00,0.000000000000000000e+00,0.000000000000000000e+00,0.000000000000000000e+00,7.017543859649144622e-03,1.052631578947371693e-02,1.408450704225350236e-02,3.676470588235281056e-03,3.508771929824572311e-03,0.000000000000000000e+00,3.508771929824572311e-03,0.000000000000000000e+00,0.000000000000000000e+00,0.000000000000000000e+00,0.000000000000000000e+00,0.000000000000000000e+00,0.000000000000000000e+00,0.000000000000000000e+00,7.622377622377622952e-01,7.649122807017543213e-01,1.000000000000000000e+00,9.403508771929824928e-01,1.403508771929828924e-02,0.000000000000000000e+00,0.000000000000000000e+00,7.017543859649144622e-03,0.000000000000000000e+00,0.000000000000000000e+00,7.017543859649144622e-03,7.017543859649144622e-03,0.000000000000000000e+00,0.000000000000000000e+00,0.000000000000000000e+00,0.000000000000000000e+00,7.326007326007299980e-03,0.000000000000000000e+00,0.000000000000000000e+00,0.000000000000000000e+00,0.000000000000000000e+00,0.000000000000000000e+00,3.508771929824561209e-02,1.754385964912286155e-02,0.000000000000000000e+00,3.508771929824572311e-03,1.754385964912286155e-02,0.000000000000000000e+00,0.000000000000000000e+00,0.000000000000000000e+00,0.000000000000000000e+00,0.000000000000000000e+00,0.000000000000000000e+00,0.000000000000000000e+00,0.000000000000000000e+00,0.000000000000000000e+00,0.000000000000000000e+00,0.000000000000000000e+00,0.000000000000000000e+00,0.000000000000000000e+00,7.017543859649144622e-03,0.000000000000000000e+00,0.000000000000000000e+00,0.000000000000000000e+00,3.533568904593664683e-03,1.056338028169012677e-02,0.000000000000000000e+00,0.000000000000000000e+00,3.717472118959119776e-03,2.105263157894732284e-02,1.754385964912286155e-02,2.105263157894732284e-02
3.676470588235281056e-03,0.000000000000000000e+00,0.000000000000000000e+00,0.000000000000000000e+00,0.000000000000000000e+00,0.000000000000000000e+00,0.000000000000000000e+00,0.000000000000000000e+00,0.000000000000000000e+00,0.000000000000000000e+00,0.000000000000000000e+00,0.000000000000000000e+00,0.000000000000000000e+00,0.000000000000000000e+00,0.000000000000000000e+00,0.000000000000000000e+00,1.408450704225350236e-02,0.000000000000000000e+00,0.000000000000000000e+00,0.000000000000000000e+00,0.000000000000000000e+00,1.760563380281687795e-02,0.000000000000000000e+00,0.000000000000000000e+00,0.000000000000000000e+00,0.000000000000000000e+00,0.000000000000000000e+00,0.000000000000000000e+00,0.000000000000000000e+00,0.000000000000000000e+00,7.042253521126751181e-03,0.000000000000000000e+00,1.408450704225350236e-02,1.413427561837454771e-02,0.000000000000000000e+00,0.000000000000000000e+00,0.000000000000000000e+00,0.000000000000000000e+00,0.000000000000000000e+00,0.000000000000000000e+00,3.521126760563375591e-03,0.000000000000000000e+00,7.407407407407418098e-03,0.000000000000000000e+00,0.000000000000000000e+00,0.000000000000000000e+00,0.000000000000000000e+00,0.000000000000000000e+00,0.000000000000000000e+00,0.000000000000000000e+00,0.000000000000000000e+00,0.000000000000000000e+00,7.042253521126751181e-03,0.000000000000000000e+00,0.000000000000000000e+00,0.000000000000000000e+00,0.000000000000000000e+00,0.000000000000000000e+00,1.403508771929828924e-02,0.000000000000000000e+00,0.000000000000000000e+00,0.000000000000000000e+00,0.000000000000000000e+00,0.000000000000000000e+00,0.000000000000000000e+00,0.000000000000000000e+00,0.000000000000000000e+00,0.000000000000000000e+00,0.000000000000000000e+00,0.000000000000000000e+00,0.000000000000000000e+00,0.000000000000000000e+00,0.000000000000000000e+00,0.000000000000000000e+00,0.000000000000000000e+00,7.017543859649144622e-03,1.052631578947371693e-02,2.826855123674909542e-02,0.000000000000000000e+00,3.508771929824572311e-03,0.000000000000000000e+00,0.000000000000000000e+00,0.000000000000000000e+00,0.000000000000000000e+00,0.000000000000000000e+00,0.000000000000000000e+00,0.000000000000000000e+00,0.000000000000000000e+00,0.000000000000000000e+00,7.578947368421052877e-01,7.649122807017543213e-01,9.403508771929824928e-01,1.000000000000000000e+00,1.754385964912286155e-02,0.000000000000000000e+00,0.000000000000000000e+00,7.017543859649144622e-03,0.000000000000000000e+00,0.000000000000000000e+00,3.508771929824572311e-03,7.017543859649144622e-03,0.000000000000000000e+00,0.000000000000000000e+00,0.000000000000000000e+00,0.000000000000000000e+00,7.326007326007299980e-03,0.000000000000000000e+00,0.000000000000000000e+00,0.000000000000000000e+00,0.000000000000000000e+00,0.000000000000000000e+00,3.157894736842103978e-02,1.760563380281687795e-02,0.000000000000000000e+00,3.508771929824572311e-03,1.403508771929828924e-02,0.000000000000000000e+00,0.000000000000000000e+00,0.000000000000000000e+00,0.000000000000000000e+00,0.000000000000000000e+00,0.000000000000000000e+00,0.000000000000000000e+00,0.000000000000000000e+00,0.000000000000000000e+00,0.000000000000000000e+00,0.000000000000000000e+00,0.000000000000000000e+00,0.000000000000000000e+00,7.017543859649144622e-03,0.000000000000000000e+00,0.000000000000000000e+00,0.000000000000000000e+00,3.533568904593664683e-03,1.760563380281687795e-02,0.000000000000000000e+00,0.000000000000000000e+00,7.434944237918239551e-03,1.403508771929828924e-02,1.408450704225350236e-02,1.754385964912286155e-02
0.000000000000000000e+00,3.731343283582044812e-03,0.000000000000000000e+00,0.000000000000000000e+00,3.676470588235281056e-03,0.000000000000000000e+00,0.000000000000000000e+00,0.000000000000000000e+00,0.000000000000000000e+00,3.731343283582044812e-03,0.000000000000000000e+00,0.000000000000000000e+00,3.816793893129721837e-03,0.000000000000000000e+00,0.000000000000000000e+00,0.000000000000000000e+00,9.718309859154929953e-01,0.000000000000000000e+00,0.000000000000000000e+00,0.000000000000000000e+00,0.000000000000000000e+00,7.042253521126751181e-03,3.717472118959119776e-03,0.000000000000000000e+00,3.508771929824572311e-03,0.000000000000000000e+00,0.000000000000000000e+00,0.000000000000000000e+00,0.000000000000000000e+00,0.000000000000000000e+00,3.521126760563375591e-03,0.000000000000000000e+00,7.042253521126751181e-03,0.000000000000000000e+00,0.000000000000000000e+00,0.000000000000000000e+00,1.052631578947371693e-02,0.000000000000000000e+00,0.000000000000000000e+00,3.676470588235281056e-03,0.000000000000000000e+00,7.380073800738018441e-03,0.000000000000000000e+00,0.000000000000000000e+00,0.000000000000000000e+00,7.042253521126751181e-03,0.000000000000000000e+00,0.000000000000000000e+00,1.754385964912286155e-02,0.000000000000000000e+00,0.000000000000000000e+00,3.690036900368953710e-03,7.042253521126751181e-03,3.508771929824572311e-03,0.000000000000000000e+00,0.000000000000000000e+00,0.000000000000000000e+00,0.000000000000000000e+00,7.017543859649144622e-03,7.042253521126751181e-03,0.000000000000000000e+00,0.000000000000000000e+00,0.000000000000000000e+00,0.000000000000000000e+00,0.000000000000000000e+00,0.000000000000000000e+00,0.000000000000000000e+00,0.000000000000000000e+00,0.000000000000000000e+00,0.000000000000000000e+00,0.000000000000000000e+00,0.000000000000000000e+00,0.000000000000000000e+00,0.000000000000000000e+00,0.000000000000000000e+00,1.403508771929828924e-02,0.000000000000000000e+00,1.654929577464788748e-01,0.000000000000000000e+00,0.000000000000000000e+00,1.052631578947371693e-02,3.508771929824572311e-03,0.000000000000000000e+00,1.052631578947371693e-02,3.676470588235281056e-03,0.000000000000000000e+00,0.000000000000000000e+00,0.000000000000000000e+00,0.000000000000000000e+00,1.403508771929828924e-02,1.403508771929828924e-02,1.403508771929828924e-02,1.754385964912286155e-02,1.000000000000000000e+00,0.000000000000000000e+00,0.000000000000000000e+00,0.000000000000000000e+00,0.000000000000000000e+00,0.000000000000000000e+00,0.000000000000000000e+00,1.052631578947371693e-02,0.000000000000000000e+00,0.000000000000000000e+00,3.676470588235281056e-03,1.754385964912286155e-02,0.000000000000000000e+00,0.000000000000000000e+00,0.000000000000000000e+00,0.000000000000000000e+00,0.000000000000000000e+00,0.000000000000000000e+00,7.017543859649144622e-03,3.508771929824572311e-03,3.676470588235281056e-03,0.000000000000000000e+00,2.105263157894732284e-02,0.000000000000000000e+00,0.000000000000000000e+00,3.508771929824572311e-03,0.000000000000000000e+00,0.000000000000000000e+00,0.000000000000000000e+00,0.000000000000000000e+00,0.000000000000000000e+00,0.000000000000000000e+00,3.508771929824572311e-03,3.663003663003649990e-03,0.000000000000000000e+00,0.000000000000000000e+00,0.000000000000000000e+00,0.000000000000000000e+00,0.000000000000000000e+00,3.663003663003649990e-03,7.067137809187329367e-03,7.042253521126751181e-03,0.000000000000000000e+00,0.000000000000000000e+00,0.000000000000000000e+00,0.000000000000000000e+00,0.000000000000000000e+00,0.000000000000000000e+00
4.135338345864658649e-02,3.422053231939159446e-02,2.255639097744366328e-02,0.000000000000000000e+00,3.754646840148698761e-01,2.298850574712640871e-02,2.281368821292772964e-02,3.866171003717472354e-01,1.901140684410651538e-02,3.422053231939159446e-02,4.029850746268657247e-01,1.901140684410651538e-02,3.706563706563706928e-01,3.773584905660376521e-02,2.298850574712640871e-02,1.190476190476186247e-02,3.690036900368953710e-03,6.060606060606055223e-02,6.716417910447758377e-02,4.119850187265916563e-02,5.243445692883896836e-02,0.000000000000000000e+00,4.562737642585545927e-02,5.639097744360899167e-02,0.000000000000000000e+00,2.264150943396225912e-02,7.692307692307664979e-03,1.515151515151513806e-02,3.759398496240606846e-02,8.208955223880598506e-02,0.000000000000000000e+00,3.065134099616861896e-02,0.000000000000000000e+00,0.000000000000000000e+00,1.702127659574470542e-02,2.631578947368418131e-02,0.000000000000000000e+00,1.901140684410651538e-02,3.961538461538461897e-01,3.717472118959107563e-01,0.000000000000000000e+00,3.018867924528301216e-02,4.545454545454541417e-02,3.828996282527881156e-01,3.396226415094338869e-02,0.000000000000000000e+00,3.030303030303027612e-02,3.773584905660376521e-03,0.000000000000000000e+00,8.208955223880598506e-02,3.370786516853929715e-02,5.910780669144981569e-01,0.000000000000000000e+00,0.000000000000000000e+00,2.611940298507464675e-02,4.460966542750932629e-02,4.962962962962963465e-01,2.631578947368418131e-02,0.000000000000000000e+00,0.000000000000000000e+00,3.370786516853929715e-02,8.208955223880598506e-02,0.000000000000000000e+00,6.716417910447758377e-02,4.481481481481481843e-01,4.370370370370370017e-01,8.921933085501854155e-02,7.089552238805973960e-02,5.660377358490564781e-02,4.850746268656713767e-02,0.000000000000000000e+00,6.333333333333333037e-01,3.396226415094338869e-02,8.582089552238802987e-02,5.000000000000000000e-01,0.000000000000000000e+00,0.000000000000000000e+00,7.352941176470562112e-03,4.528301886792451825e-02,0.000000000000000000e+00,0.000000000000000000e+00,0.000000000000000000e+00,4.981549815498155231e-01,0.000000000000000000e+00,3.754646840148698761e-01,5.576208178438657459e-02,4.477611940298509285e-02,1.872659176029967121e-02,4.905660377358489477e-02,0.000000000000000000e+00,0.000000000000000000e+00,0.000000000000000000e+00,0.000000000000000000e+00,0.000000000000000000e+00,1.000000000000000000e+00,3.726937269372693207e-01,0.000000000000000000e+00,6.199261992619926609e-01,2.238805970149249092e-02,0.000000000000000000e+00,0.000000000000000000e+00,2.621722846441942867e-02,4.104477611940293702e-02,6.148148148148148140e-01,0.000000000000000000e+00,4.477611940298509285e-02,2.631578947368418131e-02,5.597014925373133831e-02,3.745318352059923139e-02,1.886792452830188260e-02,2.996254681647936291e-02,0.000000000000000000e+00,0.000000000000000000e+00,5.148148148148148362e-01,0.000000000000000000e+00,0.000000000000000000e+00,4.905660377358489477e-02,8.208955223880598506e-02,0.000000000000000000e+00,1.162790697674420670e-02,3.773584905660376521e-02,6.185185185185184675e-01,5.223880597014929350e-02,3.605947955390335080e-01,1.492537313432840129e-02,0.000000000000000000e+00,3.962962962962962576e-01,5.111111111111110716e-01,3.745318352059934242e-03,0.000000000000000000e+00,2.996254681647936291e-02,7.089552238805973960e-02,6.259259259259259967e-01,0.000000000000000000e+00,0.000000000000000000e+00,0.000000000000000000e+00,4.494382022471909988e-02,4.182509505703424502e-02,0.000000000000000000e+00,0.000000000000000000e+00,0.000000000000000000e+00
6.367041198501877108e-02,2.272727272727270709e-02,1.498127340823973697e-02,0.000000000000000000e+00,8.125000000000000000e-01,1.908396946564883123e-02,1.136363636363635354e-02,7.970479704797047704e-01,1.893939393939392257e-02,1.893939393939392257e-02,4.740740740740740922e-01,1.515151515151513806e-02,8.122605363984674032e-01,4.905660377358489477e-02,1.908396946564883123e-02,1.185770750988146549e-02,3.676470588235281056e-03,6.037735849056602433e-02,7.063197026022305369e-02,8.208955223880598506e-02,5.947955390334569437e-02,0.000000000000000000e+00,1.893939393939392257e-02,3.370786516853929715e-02,0.000000000000000000e+00,1.503759398496240518e-02,1.532567049808430948e-02,2.255639097744366328e-02,3.383458646616543941e-02,7.063197026022305369e-02,0.000000000000000000e+00,1.908396946564883123e-02,0.000000000000000000e+00,0.000000000000000000e+00,8.474576271186418097e-03,2.255639097744366328e-02,0.000000000000000000e+00,1.893939393939392257e-02,7.938931297709923562e-01,8.044280442804427889e-01,0.000000000000000000e+00,2.255639097744366328e-02,3.018867924528301216e-02,8.198529411764705621e-01,5.283018867924527129e-02,0.000000000000000000e+00,1.515151515151513806e-02,1.127819548872177613e-02,0.000000000000000000e+00,8.178438661710041302e-02,4.494382022471909988e-02,3.345724907063196696e-01,0.000000000000000000e+00,0.000000000000000000e+00,2.611940298507464675e-02,6.666666666666665186e-02,3.592592592592592782e-01,2.621722846441942867e-02,0.000000000000000000e+00,0.000000000000000000e+00,4.494382022471909988e-02,7.037037037037041642e-02,0.000000000000000000e+00,4.832713754646844606e-02,3.777777777777777679e-01,3.814814814814815325e-01,6.666666666666665186e-02,7.063197026022305369e-02,2.631578947368418131e-02,7.434944237918217347e-02,0.000000000000000000e+00,2.888888888888888618e-01,2.996254681647936291e-02,6.319702602230481414e-02,3.518518518518518601e-01,0.000000000000000000e+00,0.000000000000000000e+00,3.663003663003649990e-03,2.621722846441942867e-02,0.000000000000000000e+00,0.000000000000000000e+00,0.000000000000000000e+00,3.740740740740741144e-01,0.000000000000000000e+00,3.568773234200743882e-01,5.947955390334569437e-02,4.460966542750932629e-02,2.247191011235960545e-02,3.007518796992481036e-02,0.000000000000000000e+00,0.000000000000000000e+00,0.000000000000000000e+00,0.000000000000000000e+00,0.000000000000000000e+00,3.726937269372693207e-01,1.000000000000000000e+00,0.000000000000000000e+00,3.444444444444444420e-01,4.444444444444439757e-02,3.649635036496401419e-03,0.000000000000000000e+00,1.119402985074624546e-02,7.037037037037041642e-02,3.457249070631970289e-01,0.000000000000000000e+00,5.204460966542745481e-02,2.247191011235960545e-02,4.832713754646844606e-02,4.477611940298509285e-02,1.503759398496240518e-02,3.745318352059934242e-03,3.649635036496401419e-03,0.000000000000000000e+00,3.851851851851851860e-01,0.000000000000000000e+00,0.000000000000000000e+00,2.255639097744366328e-02,7.089552238805973960e-02,0.000000000000000000e+00,3.861003861003853288e-03,2.255639097744366328e-02,3.037037037037036979e-01,4.460966542750932629e-02,3.605947955390335080e-01,1.115241635687735933e-02,0.000000000000000000e+00,9.706959706959706891e-01,3.666666666666666963e-01,2.238805970149249092e-02,0.000000000000000000e+00,3.370786516853929715e-02,7.434944237918217347e-02,3.222222222222221877e-01,0.000000000000000000e+00,0.000000000000000000e+00,0.000000000000000000e+00,4.477611940298509285e-02,4.166666666666662966e-02,0.000000000000000000e+00,0.000000000000000000e+00,0.000000000000000000e+00
0.000000000000000000e+00,0.000000000000000000e+00,0.000000000000000000e+00,3.571428571428558740e-03,0.000000000000000000e+00,0.000000000000000000e+00,0.000000000000000000e+00,0.000000000000000000e+00,0.000000000000000000e+00,0.000000000000000000e+00,0.000000000000000000e+00,0.000000000000000000e+00,0.000000000000000000e+00,0.000000000000000000e+00,0.000000000000000000e+00,0.000000000000000000e+00,0.000000000000000000e+00,0.000000000000000000e+00,0.000000000000000000e+00,0.000000000000000000e+00,0.000000000000000000e+00,7.042253521126751181e-03,0.000000000000000000e+00,0.000000000000000000e+00,7.017543859649144622e-03,0.000000000000000000e+00,0.000000000000000000e+00,0.000000000000000000e+00,0.000000000000000000e+00,0.000000000000000000e+00,0.000000000000000000e+00,0.000000000000000000e+00,7.042253521126751181e-03,0.000000000000000000e+00,0.000000000000000000e+00,0.000000000000000000e+00,1.052631578947371693e-02,0.000000000000000000e+00,0.000000000000000000e+00,0.000000000000000000e+00,0.000000000000000000e+00,0.000000000000000000e+00,0.000000000000000000e+00,0.000000000000000000e+00,0.000000000000000000e+00,1.052631578947371693e-02,0.000000000000000000e+00,0.000000000000000000e+00,0.000000000000000000e+00,0.000000000000000000e+00,0.000000000000000000e+00,0.000000000000000000e+00,1.056338028169012677e-02,7.017543859649144622e-03,0.000000000000000000e+00,0.000000000000000000e+00,0.000000000000000000e+00,0.000000000000000000e+00,0.000000000000000000e+00,7.042253521126751181e-03,0.000000000000000000e+00,0.000000000000000000e+00,7.017543859649144622e-03,0.000000000000000000e+00,0.000000000000000000e+00,0.000000000000000000e+00,0.000000000000000000e+00,0.000000000000000000e+00,0.000000000000000000e+00,0.000000000000000000e+00,0.000000000000000000e+00,0.000000000000000000e+00,0.000000000000000000e+00,0.000000000000000000e+00,0.000000000000000000e+00,3.508771929824572311e-03,7.684210526315788936e-01,3.533568904593664683e-03,0.000000000000000000e+00,7.017543859649144622e-03,3.508771929824572311e-03,0.000000000000000000e+00,0.000000000000000000e+00,2.105263157894732284e-02,0.000000000000000000e+00,0.000000000000000000e+00,0.000000000000000000e+00,0.000000000000000000e+00,0.000000000000000000e+00,3.508771929824572311e-03,3.508771929824572311e-03,7.017543859649144622e-03,7.017543859649144622e-03,0.000000000000000000e+00,0.000000000000000000e+00,0.000000000000000000e+00,1.000000000000000000e+00,0.000000000000000000e+00,0.000000000000000000e+00,7.017543859649144622e-03,7.017543859649144622e-03,0.000000000000000000e+00,0.000000000000000000e+00,0.000000000000000000e+00,3.508771929824572311e-03,0.000000000000000000e+00,0.000000000000000000e+00,0.000000000000000000e+00,0.000000000000000000e+00,0.000000000000000000e+00,0.000000000000000000e+00,0.000000000000000000e+00,0.000000000000000000e+00,0.000000000000000000e+00,1.052631578947371693e-02,0.000000000000000000e+00,0.000000000000000000e+00,0.000000000000000000e+00,0.000000000000000000e+00,0.000000000000000000e+00,0.000000000000000000e+00,0.000000000000000000e+00,0.000000000000000000e+00,0.000000000000000000e+00,0.000000000000000000e+00,0.000000000000000000e+00,0.000000000000000000e+00,0.000000000000000000e+00,0.000000000000000000e+00,0.000000000000000000e+00,0.000000000000000000e+00,0.000000000000000000e+00,0.000000000000000000e+00,3.533568904593664683e-03,7.042253521126751181e-03,0.000000000000000000e+00,0.000000000000000000e+00,0.000000000000000000e+00,3.508771929824572311e-03,3.508771929824572311e-03,3.508771929824572311e-03
5.639097744360899167e-02,1.901140684410651538e-02,1.127819548872177613e-02,0.000000000000000000e+00,3.197026022304833015e-01,2.298850574712640871e-02,2.290076335877866409e-02,3.320895522388059851e-01,1.140684410646386482e-02,1.901140684410651538e-02,3.320895522388059851e-01,2.661596958174905492e-02,3.217054263565891636e-01,1.893939393939392257e-02,1.532567049808430948e-02,0.000000000000000000e+00,3.676470588235281056e-03,6.818181818181823228e-02,5.223880597014929350e-02,8.239700374531833127e-02,8.239700374531833127e-02,0.000000000000000000e+00,1.140684410646386482e-02,5.283018867924527129e-02,0.000000000000000000e+00,1.509433962264150608e-02,1.538461538461532996e-02,2.264150943396225912e-02,1.132075471698112956e-02,7.089552238805973960e-02,0.000000000000000000e+00,1.149425287356320435e-02,0.000000000000000000e+00,0.000000000000000000e+00,1.709401709401714431e-02,1.886792452830188260e-02,0.000000000000000000e+00,2.281368821292772964e-02,3.436293436293436088e-01,3.246268656716417844e-01,3.676470588235281056e-03,1.509433962264150608e-02,4.924242424242419869e-02,3.159851301115241817e-01,1.509433962264150608e-02,0.000000000000000000e+00,1.140684410646386482e-02,7.547169811320753041e-03,0.000000000000000000e+00,6.343283582089553896e-02,1.879699248120303423e-02,7.111111111111111382e-01,0.000000000000000000e+00,0.000000000000000000e+00,1.872659176029967121e-02,6.691449814126393392e-02,4.703703703703703276e-01,2.255639097744366328e-02,0.000000000000000000e+00,0.000000000000000000e+00,2.247191011235960545e-02,7.835820895522382923e-02,0.000000000000000000e+00,7.835820895522382923e-02,4.000000000000000222e-01,4.037037037037036757e-01,7.434944237918217347e-02,8.208955223880598506e-02,1.515151515151513806e-02,7.865168539325839703e-02,0.000000000000000000e+00,5.259259259259259078e-01,3.007518796992481036e-02,8.208955223880598506e-02,4.592592592592592560e-01,0.000000000000000000e+00,0.000000000000000000e+00,3.676470588235281056e-03,4.905660377358489477e-02,0.000000000000000000e+00,0.000000000000000000e+00,0.000000000000000000e+00,4.612546125461254309e-01,0.000000000000000000e+00,3.197026022304833015e-01,7.434944237918217347e-02,7.835820895522382923e-02,1.872659176029967121e-02,1.515151515151513806e-02,0.000000000000000000e+00,0.000000000000000000e+00,0.000000000000000000e+00,0.000000000000000000e+00,0.000000000000000000e+00,6.199261992619926609e-01,3.444444444444444420e-01,0.000000000000000000e+00,1.000000000000000000e+00,5.970149253731338312e-02,3.663003663003649990e-03,0.000000000000000000e+00,1.123595505617980272e-02,7.462686567164178442e-02,7.675276752767528077e-01,0.000000000000000000e+00,4.850746268656713767e-02,2.631578947368418131e-02,5.223880597014929350e-02,5.617977528089890260e-02,2.641509433962263564e-02,1.879699248120303423e-02,0.000000000000000000e+00,0.000000000000000000e+00,4.703703703703703276e-01,0.000000000000000000e+00,0.000000000000000000e+00,1.136363636363635354e-02,7.116104868913852854e-02,0.000000000000000000e+00,7.722007722007706576e-03,1.515151515151513806e-02,5.444444444444445086e-01,7.462686567164178442e-02,3.234200743494424213e-01,1.872659176029967121e-02,0.000000000000000000e+00,3.333333333333333703e-01,4.666666666666666741e-01,7.490636704119868483e-03,0.000000000000000000e+00,1.123595505617980272e-02,7.462686567164178442e-02,5.074074074074074181e-01,0.000000000000000000e+00,0.000000000000000000e+00,0.000000000000000000e+00,5.992509363295883684e-02,4.562737642585545927e-02,0.000000000000000000e+00,0.000000000000000000e+00,0.000000000000000000e+00
8.333333333333333703e-01,2.272727272727270709e-02,2.996254681647936291e-02,0.000000000000000000e+00,4.104477611940293702e-02,3.053435114503821879e-02,1.515151515151513806e-02,3.358208955223884740e-02,1.893939393939392257e-02,2.651515151515149160e-02,5.617977528089890260e-02,7.575757575757569029e-03,8.139534883720933589e-02,3.018867924528301216e-02,1.908396946564883123e-02,7.905138339920902979e-03,0.000000000000000000e+00,2.641509433962263564e-02,4.089219330855020651e-02,7.195571955719557433e-01,7.306273062730627155e-01,0.000000000000000000e+00,2.272727272727270709e-02,1.498127340823973697e-02,0.000000000000000000e+00,1.503759398496240518e-02,2.681992337164751383e-02,2.255639097744366328e-02,1.872659176029967121e-02,4.089219330855020651e-02,0.000000000000000000e+00,1.526717557251910939e-02,0.000000000000000000e+00,0.000000000000000000e+00,2.127659574468088177e-02,1.879699248120303423e-02,0.000000000000000000e+00,1.893939393939392257e-02,5.405405405405405705e-02,6.343283582089553896e-02,0.000000000000000000e+00,1.879699248120303423e-02,3.759398496240629051e-03,5.204460966542745481e-02,2.631578947368418131e-02,0.000000000000000000e+00,1.136363636363635354e-02,1.509433962264150608e-02,0.000000000000000000e+00,4.460966542750932629e-02,1.498127340823973697e-02,5.970149253731338312e-02,0.000000000000000000e+00,0.000000000000000000e+00,2.985074626865669156e-02,7.582417582417582125e-01,4.104477611940293702e-02,1.123595505617980272e-02,0.000000000000000000e+00,0.000000000000000000e+00,1.865671641791044610e-02,3.717472118959108673e-02,0.000000000000000000e+00,5.111111111111110716e-01,5.223880597014929350e-02,2.611940298507464675e-02,2.592592592592590783e-02,4.460966542750932629e-02,1.503759398496240518e-02,5.350553505535056154e-01,0.000000000000000000e+00,2.611940298507464675e-02,1.498127340823973697e-02,4.460966542750932629e-02,2.611940298507464675e-02,0.000000000000000000e+00,0.000000000000000000e+00,0.000000000000000000e+00,3.745318352059934242e-03,0.000000000000000000e+00,0.000000000000000000e+00,0.000000000000000000e+00,3.717472118959108673e-02,0.000000000000000000e+00,5.970149253731338312e-02,5.018450184501844769e-01,4.686346863468634494e-01,1.872659176029967121e-02,1.503759398496240518e-02,0.000000000000000000e+00,0.000000000000000000e+00,0.000000000000000000e+00,0.000000000000000000e+00,0.000000000000000000e+00,2.238805970149249092e-02,4.444444444444439757e-02,0.000000000000000000e+00,5.970149253731338312e-02,1.000000000000000000e+00,0.000000000000000000e+00,0.000000000000000000e+00,1.865671641791044610e-02,8.461538461538461453e-01,5.597014925373133831e-02,0.000000000000000000e+00,4.460966542750932629e-02,1.498127340823973697e-02,5.576208178438657459e-02,5.597014925373133831e-02,1.879699248120303423e-02,1.498127340823973697e-02,0.000000000000000000e+00,3.649635036496401419e-03,5.223880597014929350e-02,0.000000000000000000e+00,0.000000000000000000e+00,1.879699248120303423e-02,3.731343283582089221e-02,3.649635036496401419e-03,7.722007722007706576e-03,2.255639097744366328e-02,3.358208955223884740e-02,4.962962962962963465e-01,5.597014925373133831e-02,7.434944237918239551e-03,3.649635036496401419e-03,5.576208178438657459e-02,2.985074626865669156e-02,1.119402985074624546e-02,0.000000000000000000e+00,1.865671641791044610e-02,5.092250922509224953e-01,2.611940298507464675e-02,0.000000000000000000e+00,0.000000000000000000e+00,0.000000000000000000e+00,3.731343283582089221e-02,3.787878787878784514e-03,0.000000000000000000e+00,0.000000000000000000e+00,0.000000000000000000e+00
0.000000000000000000e+00,0.000000000000000000e+00,0.000000000000000000e+00,0.000000000000000000e+00,3.676470588235281056e-03,0.000000000000000000e+00,0.000000000000000000e+00,3.676470588235281056e-03,0.000000000000000000e+00,0.000000000000000000e+00,0.000000000000000000e+00,0.000000000000000000e+00,3.816793893129721837e-03,0.000000000000000000e+00,0.000000000000000000e+00,0.000000000000000000e+00,0.000000000000000000e+00,0.000000000000000000e+00,0.000000000000000000e+00,0.000000000000000000e+00,0.000000000000000000e+00,3.521126760563375591e-03,0.000000000000000000e+00,0.000000000000000000e+00,3.859649122807018440e-02,0.000000000000000000e+00,0.000000000000000000e+00,0.000000000000000000e+00,0.000000000000000000e+00,0.000000000000000000e+00,0.000000000000000000e+00,0.000000000000000000e+00,3.533568904593664683e-03,0.000000000000000000e+00,0.000000000000000000e+00,0.000000000000000000e+00,0.000000000000000000e+00,0.000000000000000000e+00,3.802281368821325280e-03,3.676470588235281056e-03,0.000000000000000000e+00,0.000000000000000000e+00,0.000000000000000000e+00,3.663003663003649990e-03,0.000000000000000000e+00,0.000000000000000000e+00,0.000000000000000000e+00,0.000000000000000000e+00,0.000000000000000000e+00,0.000000000000000000e+00,0.000000000000000000e+00,0.000000000000000000e+00,0.000000000000000000e+00,0.000000000000000000e+00,3.663003663003649990e-03,0.000000000000000000e+00,0.000000000000000000e+00,0.000000000000000000e+00,0.000000000000000000e+00,1.408450704225350236e-02,0.000000000000000000e+00,0.000000000000000000e+00,0.000000000000000000e+00,3.663003663003649990e-03,3.676470588235281056e-03,0.000000000000000000e+00,0.000000000000000000e+00,0.000000000000000000e+00,0.000000000000000000e+00,3.663003663003649990e-03,0.000000000000000000e+00,0.000000000000000000e+00,0.000000000000000000e+00,0.000000000000000000e+00,3.663003663003649990e-03,0.000000000000000000e+00,7.017543859649144622e-03,3.533568904593664683e-03,0.000000000000000000e+00,7.017543859649144622e-03,0.000000000000000000e+00,3.508771929824572311e-03,3.663003663003649990e-03,7.017543859649144622e-03,3.676470588235281056e-03,0.000000000000000000e+00,0.000000000000000000e+00,0.000000000000000000e+00,0.000000000000000000e+00,3.508771929824572311e-03,3.508771929824572311e-03,7.017543859649144622e-03,3.508771929824572311e-03,0.000000000000000000e+00,0.000000000000000000e+00,3.649635036496401419e-03,7.017543859649144622e-03,3.663003663003649990e-03,0.000000000000000000e+00,1.000000000000000000e+00,1.408450704225350236e-02,0.000000000000000000e+00,0.000000000000000000e+00,3.676470588235281056e-03,0.000000000000000000e+00,0.000000000000000000e+00,0.000000000000000000e+00,0.000000000000000000e+00,0.000000000000000000e+00,0.000000000000000000e+00,0.000000000000000000e+00,3.508771929824572311e-03,0.000000000000000000e+00,0.000000000000000000e+00,1.052631578947371693e-02,3.521126760563375591e-03,0.000000000000000000e+00,0.000000000000000000e+00,7.042253521126751181e-03,0.000000000000000000e+00,0.000000000000000000e+00,3.663003663003649990e-03,3.663003663003649990e-03,3.676470588235281056e-03,0.000000000000000000e+00,7.042253521126751181e-03,3.663003663003649990e-03,0.000000000000000000e+00,0.000000000000000000e+00,0.000000000000000000e+00,0.000000000000000000e+00,7.326007326007299980e-03,0.000000000000000000e+00,0.000000000000000000e+00,3.533568904593664683e-03,0.000000000000000000e+00,0.000000000000000000e+00,0.000000000000000000e+00,0.000000000000000000e+00,0.000000000000000000e+00,0.000000000000000000e+00
0.000000000000000000e+00,0.000000000000000000e+00,0.000000000000000000e+00,3.571428571428558740e-03,0.000000000000000000e+00,3.759398496240629051e-03,0.000000000000000000e+00,0.000000000000000000e+00,0.000000000000000000e+00,0.000000000000000000e+00,0.000000000000000000e+00,0.000000000000000000e+00,0.000000000000000000e+00,0.000000000000000000e+00,0.000000000000000000e+00,0.000000000000000000e+00,1.060070671378088303e-02,0.000000000000000000e+00,0.000000000000000000e+00,0.000000000000000000e+00,0.000000000000000000e+00,6.760563380281690016e-01,0.000000000000000000e+00,0.000000000000000000e+00,0.000000000000000000e+00,0.000000000000000000e+00,0.000000000000000000e+00,0.000000000000000000e+00,0.000000000000000000e+00,0.000000000000000000e+00,0.000000000000000000e+00,0.000000000000000000e+00,6.760563380281690016e-01,7.067137809187329367e-03,0.000000000000000000e+00,0.000000000000000000e+00,3.521126760563375591e-03,0.000000000000000000e+00,0.000000000000000000e+00,0.000000000000000000e+00,7.042253521126751181e-03,0.000000000000000000e+00,0.000000000000000000e+00,0.000000000000000000e+00,0.000000000000000000e+00,3.521126760563375591e-03,0.000000000000000000e+00,0.000000000000000000e+00,7.042253521126751181e-03,0.000000000000000000e+00,0.000000000000000000e+00,0.000000000000000000e+00,0.000000000000000000e+00,7.042253521126751181e-03,0.000000000000000000e+00,0.000000000000000000e+00,0.000000000000000000e+00,0.000000000000000000e+00,7.042253521126751181e-03,7.042253521126751181e-03,0.000000000000000000e+00,0.000000000000000000e+00,0.000000000000000000e+00,0.000000000000000000e+00,0.000000000000000000e+00,0.000000000000000000e+00,3.649635036496401419e-03,0.000000000000000000e+00,0.000000000000000000e+00,0.000000000000000000e+00,0.000000000000000000e+00,0.000000000000000000e+00,0.000000000000000000e+00,0.000000000000000000e+00,0.000000000000000000e+00,0.000000000000000000e+00,3.508771929824572311e-03,3.533568904593664683e-03,0.000000000000000000e+00,0.000000000000000000e+00,3.508771929824572311e-03,0.000000000000000000e+00,0.000000000000000000e+00,0.000000000000000000e+00,0.000000000000000000e+00,0.000000000000000000e+00,0.000000000000000000e+00,0.000000000000000000e+00,0.000000000000000000e+00,3.508771929824572311e-03,7.017543859649144622e-03,7.017543859649144622e-03,7.017543859649144622e-03,1.052631578947371693e-02,0.000000000000000000e+00,0.000000000000000000e+00,7.017543859649144622e-03,0.000000000000000000e+00,0.000000000000000000e+00,1.408450704225350236e-02,1.000000000000000000e+00,0.000000000000000000e+00,0.000000000000000000e+00,0.000000000000000000e+00,7.017543859649144622e-03,0.000000000000000000e+00,0.000000000000000000e+00,0.000000000000000000e+00,0.000000000000000000e+00,0.000000000000000000e+00,0.000000000000000000e+00,1.403508771929828924e-02,3.521126760563375591e-03,0.000000000000000000e+00,0.000000000000000000e+00,1.403508771929828924e-02,0.000000000000000000e+00,0.000000000000000000e+00,1.052631578947371693e-02,0.000000000000000000e+00,0.000000000000000000e+00,0.000000000000000000e+00,0.000000000000000000e+00,0.000000000000000000e+00,0.000000000000000000e+00,1.052631578947371693e-02,0.000000000000000000e+00,0.000000000000000000e+00,0.000000000000000000e+00,0.000000000000000000e+00,0.000000000000000000e+00,0.000000000000000000e+00,0.000000000000000000e+00,6.549295774647887480e-01,6.619718309859154992e-01,0.000000000000000000e+00,0.000000000000000000e+00,0.000000000000000000e+00,2.105263157894732284e-02,2.112676056338025354e-02,2.105263157894732284e-02
2.264150943396225912e-02,1.140684410646386482e-02,8.265682656826568442e-01,0.000000000000000000e+00,2.631578947368418131e-02,1.923076923076927347e-02,2.566037735849057144e-01,2.255639097744366328e-02,3.422053231939159446e-02,1.140684410646386482e-02,1.127819548872177613e-02,1.325757575757575690e-01,2.343750000000000000e-02,5.634328358208955390e-01,3.831417624521105125e-03,1.976284584980236847e-02,0.000000000000000000e+00,1.515151515151513806e-02,1.123595505617980272e-02,2.255639097744366328e-02,2.621722846441942867e-02,0.000000000000000000e+00,1.140684410646386482e-02,4.511278195488721554e-02,0.000000000000000000e+00,1.132075471698112956e-02,1.544401544401541315e-02,1.515151515151513806e-02,5.259259259259259078e-01,1.123595505617980272e-02,0.000000000000000000e+00,7.662835249042099228e-03,0.000000000000000000e+00,0.000000000000000000e+00,1.276595744680852906e-02,1.348314606741572996e-01,0.000000000000000000e+00,2.661596958174905492e-02,1.167315175097272117e-02,2.255639097744366328e-02,7.326007326007299980e-03,1.886792452830188260e-02,2.651515151515149160e-02,1.872659176029967121e-02,5.501858736059479504e-01,0.000000000000000000e+00,1.433962264150943078e-01,3.018867924528301216e-02,0.000000000000000000e+00,1.498127340823973697e-02,5.719557195571955965e-01,1.503759398496240518e-02,0.000000000000000000e+00,3.663003663003649990e-03,8.131868131868131844e-01,1.492537313432840129e-02,2.247191011235960545e-02,1.127819548872177613e-02,0.000000000000000000e+00,0.000000000000000000e+00,5.498154981549815412e-01,1.872659176029967121e-02,0.000000000000000000e+00,1.123595505617980272e-02,1.123595505617980272e-02,1.872659176029967121e-02,1.865671641791044610e-02,3.745318352059934242e-03,7.547169811320753041e-03,1.872659176029967121e-02,0.000000000000000000e+00,2.621722846441942867e-02,1.132075471698112956e-02,1.498127340823973697e-02,1.498127340823973697e-02,0.000000000000000000e+00,0.000000000000000000e+00,7.352941176470562112e-03,1.503759398496240518e-02,0.000000000000000000e+00,0.000000000000000000e+00,0.000000000000000000e+00,1.872659176029967121e-02,0.000000000000000000e+00,3.745318352059923139e-02,1.119402985074624546e-02,1.119402985074624546e-02,1.268656716417910779e-01,1.132075471698112956e-02,0.000000000000000000e+00,0.000000000000000000e+00,0.000000000000000000e+00,0.000000000000000000e+00,0.000000000000000000e+00,2.621722846441942867e-02,1.119402985074624546e-02,0.000000000000000000e+00,1.123595505617980272e-02,1.865671641791044610e-02,0.000000000000000000e+00,0.000000000000000000e+00,1.000000000000000000e+00,1.119402985074624546e-02,1.127819548872177613e-02,0.000000000000000000e+00,3.370786516853929715e-02,7.518796992481258101e-03,4.119850187265916563e-02,2.996254681647936291e-02,3.383458646616543941e-02,1.231343283582089221e-01,3.663003663003649990e-03,0.000000000000000000e+00,3.745318352059934242e-03,0.000000000000000000e+00,0.000000000000000000e+00,1.509433962264150608e-02,1.503759398496240518e-02,0.000000000000000000e+00,2.316602316602311973e-02,7.575757575757569029e-03,1.498127340823973697e-02,1.123595505617980272e-02,3.370786516853929715e-02,9.665427509293678110e-02,0.000000000000000000e+00,1.498127340823973697e-02,1.872659176029967121e-02,1.123595505617980272e-02,0.000000000000000000e+00,5.571955719557195597e-01,1.865671641791044610e-02,2.621722846441942867e-02,0.000000000000000000e+00,0.000000000000000000e+00,0.000000000000000000e+00,3.007518796992481036e-02,1.140684410646386482e-02,3.663003663003649990e-03,3.663003663003649990e-03,3.663003663003649990e-03
8.777777777777777679e-01,1.893939393939392257e-02,2.247191011235960545e-02,0.000000000000000000e+00,5.597014925373133831e-02,2.671755725190838593e-02,1.136363636363635354e-02,4.104477611940293702e-02,1.893939393939392257e-02,2.272727272727270709e-02,6.716417910447758377e-02,3.787878787878784514e-03,9.302325581395354259e-02,3.018867924528301216e-02,1.908396946564883123e-02,7.905138339920902979e-03,0.000000000000000000e+00,3.396226415094338869e-02,4.089219330855020651e-02,7.859778597785977983e-01,7.970479704797047704e-01,0.000000000000000000e+00,1.893939393939392257e-02,1.872659176029967121e-02,0.000000000000000000e+00,7.518796992481258101e-03,3.065134099616861896e-02,2.631578947368418131e-02,1.879699248120303423e-02,4.460966542750932629e-02,0.000000000000000000e+00,1.526717557251910939e-02,0.000000000000000000e+00,0.000000000000000000e+00,1.694915254237283619e-02,2.255639097744366328e-02,0.000000000000000000e+00,1.515151515151513806e-02,7.335907335907332349e-02,7.462686567164178442e-02,0.000000000000000000e+00,2.255639097744366328e-02,0.000000000000000000e+00,6.319702602230481414e-02,3.007518796992481036e-02,0.000000000000000000e+00,7.575757575757569029e-03,2.264150943396225912e-02,0.000000000000000000e+00,5.204460966542745481e-02,1.872659176029967121e-02,5.970149253731338312e-02,0.000000000000000000e+00,0.000000000000000000e+00,2.611940298507464675e-02,8.168498168498168344e-01,5.223880597014929350e-02,1.123595505617980272e-02,0.000000000000000000e+00,3.649635036496401419e-03,2.621722846441942867e-02,3.345724907063196696e-02,0.000000000000000000e+00,5.444444444444445086e-01,5.970149253731338312e-02,4.850746268656713767e-02,3.333333333333332593e-02,5.947955390334569437e-02,1.879699248120303423e-02,5.518518518518518157e-01,0.000000000000000000e+00,3.358208955223884740e-02,2.621722846441942867e-02,5.576208178438657459e-02,4.850746268656713767e-02,0.000000000000000000e+00,0.000000000000000000e+00,0.000000000000000000e+00,3.745318352059934242e-03,0.000000000000000000e+00,0.000000000000000000e+00,0.000000000000000000e+00,4.089219330855020651e-02,0.000000000000000000e+00,5.597014925373133831e-02,4.981549815498155231e-01,5.055350553505535416e-01,1.498127340823973697e-02,1.879699248120303423e-02,0.000000000000000000e+00,0.000000000000000000e+00,0.000000000000000000e+00,0.000000000000000000e+00,0.000000000000000000e+00,4.104477611940293702e-02,7.037037037037041642e-02,0.000000000000000000e+00,7.462686567164178442e-02,8.461538461538461453e-01,0.000000000000000000e+00,0.000000000000000000e+00,1.119402985074624546e-02,1.000000000000000000e+00,7.089552238805973960e-02,0.000000000000000000e+00,5.576208178438657459e-02,1.123595505617980272e-02,6.691449814126393392e-02,6.343283582089553896e-02,2.255639097744366328e-02,1.498127340823973697e-02,0.000000000000000000e+00,0.000000000000000000e+00,5.223880597014929350e-02,0.000000000000000000e+00,0.000000000000000000e+00,1.503759398496240518e-02,2.985074626865669156e-02,0.000000000000000000e+00,7.722007722007706576e-03,1.879699248120303423e-02,3.731343283582089221e-02,5.313653136531365506e-01,5.223880597014929350e-02,1.115241635687735933e-02,0.000000000000000000e+00,5.204460966542745481e-02,5.223880597014929350e-02,1.119402985074624546e-02,0.000000000000000000e+00,2.247191011235960545e-02,5.424354243542435228e-01,3.358208955223884740e-02,0.000000000000000000e+00,0.000000000000000000e+00,0.000000000000000000e+00,5.597014925373133831e-02,3.787878787878784514e-03,0.000000000000000000e+00,0.000000000000000000e+00,0.000000000000000000e+00
6.792452830188677737e-02,1.526717557251910939e-02,7.547169811320753041e-03,0.000000000000000000e+00,3.134328358208955390e-01,1.538461538461532996e-02,1.145038167938927653e-02,3.183520599250936334e-01,1.526717557251910939e-02,1.908396946564883123e-02,3.220973782771535676e-01,1.526717557251910939e-02,3.073929961089494345e-01,1.136363636363635354e-02,1.153846153846149747e-02,3.984063745019916780e-03,0.000000000000000000e+00,3.422053231939159446e-02,5.243445692883896836e-02,7.518796992481202590e-02,7.116104868913852854e-02,0.000000000000000000e+00,7.633587786259554697e-03,4.150943396226414173e-02,0.000000000000000000e+00,1.136363636363635354e-02,1.158301158301155986e-02,2.272727272727270709e-02,7.547169811320753041e-03,6.367041198501877108e-02,0.000000000000000000e+00,1.153846153846149747e-02,0.000000000000000000e+00,0.000000000000000000e+00,1.282051282051277497e-02,1.886792452830188260e-02,0.000000000000000000e+00,1.145038167938927653e-02,3.359073359073359022e-01,3.246268656716417844e-01,0.000000000000000000e+00,1.515151515151513806e-02,3.802281368821291974e-02,3.320895522388059851e-01,1.893939393939392257e-02,0.000000000000000000e+00,2.671755725190838593e-02,1.136363636363635354e-02,0.000000000000000000e+00,5.243445692883896836e-02,1.879699248120303423e-02,8.555555555555556246e-01,0.000000000000000000e+00,0.000000000000000000e+00,1.498127340823973697e-02,5.597014925373133831e-02,4.423791821561338100e-01,3.007518796992481036e-02,0.000000000000000000e+00,0.000000000000000000e+00,1.879699248120303423e-02,5.243445692883896836e-02,0.000000000000000000e+00,7.116104868913852854e-02,4.089219330855018431e-01,4.200743494423792024e-01,7.089552238805973960e-02,7.116104868913852854e-02,1.515151515151513806e-02,6.741573033707870533e-02,0.000000000000000000e+00,5.000000000000000000e-01,2.641509433962263564e-02,6.741573033707870533e-02,4.275092936802974419e-01,0.000000000000000000e+00,0.000000000000000000e+00,3.690036900368953710e-03,4.150943396226414173e-02,0.000000000000000000e+00,0.000000000000000000e+00,0.000000000000000000e+00,4.460966542750929298e-01,0.000000000000000000e+00,3.208955223880597396e-01,7.089552238805973960e-02,6.343283582089553896e-02,1.879699248120303423e-02,7.575757575757569029e-03,0.000000000000000000e+00,0.000000000000000000e+00,0.000000000000000000e+00,0.000000000000000000e+00,3.676470588235281056e-03,6.148148148148148140e-01,3.457249070631970289e-01,0.000000000000000000e+00,7.675276752767528077e-01,5.597014925373133831e-02,3.676470588235281056e-03,0.000000000000000000e+00,1.127819548872177613e-02,7.089552238805973960e-02,1.000000000000000000e+00,0.000000000000000000e+00,4.494382022471909988e-02,1.886792452830188260e-02,4.119850187265916563e-02,5.617977528089890260e-02,2.641509433962263564e-02,2.255639097744366328e-02,0.000000000000000000e+00,0.000000000000000000e+00,4.460966542750929298e-01,0.000000000000000000e+00,0.000000000000000000e+00,1.515151515151513806e-02,7.142857142857139685e-02,0.000000000000000000e+00,1.550387596899227560e-02,1.515151515151513806e-02,5.018587360594795044e-01,5.992509363295883684e-02,3.283582089552238292e-01,1.498127340823973697e-02,0.000000000000000000e+00,3.345724907063196696e-01,4.609665427509294089e-01,1.503759398496240518e-02,0.000000000000000000e+00,1.503759398496240518e-02,5.617977528089890260e-02,5.204460966542751033e-01,0.000000000000000000e+00,0.000000000000000000e+00,0.000000000000000000e+00,5.263157894736847364e-02,4.198473282442749532e-02,0.000000000000000000e+00,0.000000000000000000e+00,0.000000000000000000e+00
0.000000000000000000e+00,0.000000000000000000e+00,0.000000000000000000e+00,0.000000000000000000e+00,0.000000000000000000e+00,0.000000000000000000e+00,0.000000000000000000e+00,0.000000000000000000e+00,0.000000000000000000e+00,0.000000000000000000e+00,0.000000000000000000e+00,0.000000000000000000e+00,0.000000000000000000e+00,0.000000000000000000e+00,0.000000000000000000e+00,0.000000000000000000e+00,1.408450704225350236e-02,0.000000000000000000e+00,0.000000000000000000e+00,0.000000000000000000e+00,0.000000000000000000e+00,3.521126760563375591e-03,0.000000000000000000e+00,0.000000000000000000e+00,3.508771929824572311e-03,0.000000000000000000e+00,0.000000000000000000e+00,0.000000000000000000e+00,0.000000000000000000e+00,0.000000000000000000e+00,0.000000000000000000e+00,0.000000000000000000e+00,3.521126760563375591e-03,0.000000000000000000e+00,0.000000000000000000e+00,0.000000000000000000e+00,0.000000000000000000e+00,0.000000000000000000e+00,0.000000000000000000e+00,0.000000000000000000e+00,0.000000000000000000e+00,0.000000000000000000e+00,0.000000000000000000e+00,0.000000000000000000e+00,0.000000000000000000e+00,0.000000000000000000e+00,0.000000000000000000e+00,0.000000000000000000e+00,6.385964912280701622e-01,0.000000000000000000e+00,0.000000000000000000e+00,0.000000000000000000e+00,7.042253521126751181e-03,7.017543859649144622e-03,0.000000000000000000e+00,0.000000000000000000e+00,0.000000000000000000e+00,0.000000000000000000e+00,0.000000000000000000e+00,0.000000000000000000e+00,0.000000000000000000e+00,0.000000000000000000e+00,0.000000000000000000e+00,0.000000000000000000e+00,0.000000000000000000e+00,0.000000000000000000e+00,0.000000000000000000e+00,0.000000000000000000e+00,0.000000000000000000e+00,0.000000000000000000e+00,0.000000000000000000e+00,0.000000000000000000e+00,0.000000000000000000e+00,0.000000000000000000e+00,0.000000000000000000e+00,3.508771929824572311e-03,7.017543859649144622e-03,0.000000000000000000e+00,0.000000000000000000e+00,3.508771929824572311e-03,3.508771929824572311e-03,0.000000000000000000e+00,0.000000000000000000e+00,3.508771929824572311e-03,0.000000000000000000e+00,0.000000000000000000e+00,0.000000000000000000e+00,0.000000000000000000e+00,0.000000000000000000e+00,0.000000000000000000e+00,0.000000000000000000e+00,0.000000000000000000e+00,0.000000000000000000e+00,1.754385964912286155e-02,0.000000000000000000e+00,0.000000000000000000e+00,3.508771929824572311e-03,0.000000000000000000e+00,0.000000000000000000e+00,0.000000000000000000e+00,7.017543859649144622e-03,0.000000000000000000e+00,0.000000000000000000e+00,0.000000000000000000e+00,1.000000000000000000e+00,0.000000000000000000e+00,0.000000000000000000e+00,0.000000000000000000e+00,0.000000000000000000e+00,0.000000000000000000e+00,0.000000000000000000e+00,0.000000000000000000e+00,0.000000000000000000e+00,0.000000000000000000e+00,3.508771929824572311e-03,0.000000000000000000e+00,0.000000000000000000e+00,0.000000000000000000e+00,3.508771929824572311e-03,0.000000000000000000e+00,0.000000000000000000e+00,0.000000000000000000e+00,0.000000000000000000e+00,0.000000000000000000e+00,0.000000000000000000e+00,3.508771929824572311e-03,0.000000000000000000e+00,0.000000000000000000e+00,0.000000000000000000e+00,0.000000000000000000e+00,0.000000000000000000e+00,0.000000000000000000e+00,0.000000000000000000e+00,7.067137809187329367e-03,7.042253521126751181e-03,0.000000000000000000e+00,0.000000000000000000e+00,0.000000000000000000e+00,0.000000000000000000e+00,0.000000000000000000e+00,0.000000000000000000e+00
5.617977528089890260e-02,1.520912547528519010e-02,3.007518796992481036e-02,0.000000000000000000e+00,4.494382022471909988e-02,3.053435114503821879e-02,1.901140684410651538e-02,5.243445692883896836e-02,2.272727272727270709e-02,1.901140684410651538e-02,6.741573033707870533e-02,3.802281368821291974e-02,4.669260700389099572e-02,2.641509433962263564e-02,1.908396946564883123e-02,2.371541501976281996e-02,0.000000000000000000e+00,5.660377358490564781e-02,5.223880597014929350e-02,5.223880597014929350e-02,4.850746268656713767e-02,0.000000000000000000e+00,1.515151515151513806e-02,5.263157894736847364e-02,0.000000000000000000e+00,2.631578947368418131e-02,3.448275862068961306e-02,1.886792452830188260e-02,3.759398496240606846e-02,5.597014925373133831e-02,0.000000000000000000e+00,1.526717557251910939e-02,0.000000000000000000e+00,0.000000000000000000e+00,1.276595744680852906e-02,3.759398496240606846e-02,0.000000000000000000e+00,1.901140684410651538e-02,5.426356589147285359e-02,4.868913857677903412e-02,0.000000000000000000e+00,1.879699248120303423e-02,1.132075471698112956e-02,4.494382022471909988e-02,2.641509433962263564e-02,0.000000000000000000e+00,5.303030303030298320e-02,1.886792452830188260e-02,0.000000000000000000e+00,5.223880597014929350e-02,3.745318352059923139e-02,4.868913857677903412e-02,0.000000000000000000e+00,0.000000000000000000e+00,3.731343283582089221e-02,5.576208178438657459e-02,4.494382022471909988e-02,1.872659176029967121e-02,0.000000000000000000e+00,0.000000000000000000e+00,3.370786516853929715e-02,6.691449814126393392e-02,0.000000000000000000e+00,6.716417910447758377e-02,4.868913857677903412e-02,4.119850187265916563e-02,5.576208178438657459e-02,2.444444444444444642e-01,1.886792452830188260e-02,5.947955390334569437e-02,0.000000000000000000e+00,4.119850187265916563e-02,2.255639097744366328e-02,2.193308550185874006e-01,4.868913857677903412e-02,0.000000000000000000e+00,0.000000000000000000e+00,3.676470588235281056e-03,1.503759398496240518e-02,0.000000000000000000e+00,0.000000000000000000e+00,0.000000000000000000e+00,4.104477611940293702e-02,0.000000000000000000e+00,5.243445692883896836e-02,4.460966542750932629e-02,5.576208178438657459e-02,4.868913857677903412e-02,2.264150943396225912e-02,7.326007326007299980e-03,7.326007326007299980e-03,7.326007326007299980e-03,7.326007326007299980e-03,0.000000000000000000e+00,4.477611940298509285e-02,5.204460966542745481e-02,0.000000000000000000e+00,4.850746268656713767e-02,4.460966542750932629e-02,0.000000000000000000e+00,0.000000000000000000e+00,3.370786516853929715e-02,5.576208178438657459e-02,4.494382022471909988e-02,0.000000000000000000e+00,1.000000000000000000e+00,2.247191011235960545e-02,7.463235294117647189e-01,7.573529411764705621e-01,2.255639097744366328e-02,4.868913857677903412e-02,0.000000000000000000e+00,3.663003663003649990e-03,5.243445692883896836e-02,0.000000000000000000e+00,0.000000000000000000e+00,1.509433962264150608e-02,7.089552238805973960e-02,0.000000000000000000e+00,3.088803088803093733e-02,7.547169811320753041e-03,4.868913857677903412e-02,5.970149253731338312e-02,5.617977528089890260e-02,3.731343283582089221e-02,0.000000000000000000e+00,4.477611940298509285e-02,5.243445692883896836e-02,2.247191011235960545e-02,0.000000000000000000e+00,3.370786516853929715e-02,7.434944237918217347e-02,4.868913857677903412e-02,0.000000000000000000e+00,0.000000000000000000e+00,0.000000000000000000e+00,9.077490774907749360e-01,1.520912547528519010e-02,0.000000000000000000e+00,0.000000000000000000e+00,0.000000000000000000e+00
1.509433962264150608e-02,3.053435114503821879e-02,7.575757575757569029e-03,0.000000000000000000e+00,1.132075471698112956e-02,1.538461538461532996e-02,1.149425287356320435e-02,1.886792452830188260e-02,4.942965779467678455e-02,3.435114503816794063e-02,3.787878787878784514e-03,2.681992337164751383e-02,1.953125000000000000e-02,1.901140684410651538e-02,3.076923076923077094e-02,2.777777777777779011e-02,0.000000000000000000e+00,4.166666666666662966e-02,7.547169811320753041e-03,2.255639097744366328e-02,7.518796992481258101e-03,0.000000000000000000e+00,2.661596958174905492e-02,2.641509433962263564e-02,0.000000000000000000e+00,5.660377358490564781e-02,7.722007722007706576e-03,7.835820895522388474e-01,3.030303030303027612e-02,1.132075471698112956e-02,0.000000000000000000e+00,3.076923076923077094e-02,0.000000000000000000e+00,0.000000000000000000e+00,4.700854700854706358e-02,1.893939393939392257e-02,0.000000000000000000e+00,5.343511450381677186e-02,1.171875000000000000e-02,2.641509433962263564e-02,0.000000000000000000e+00,2.651515151515149160e-02,2.272727272727270709e-02,3.007518796992481036e-02,1.901140684410651538e-02,0.000000000000000000e+00,4.198473282442749532e-02,1.140684410646386482e-02,0.000000000000000000e+00,2.264150943396225912e-02,1.886792452830188260e-02,1.886792452830188260e-02,0.000000000000000000e+00,0.000000000000000000e+00,3.759398496240629051e-03,7.490636704119868483e-03,1.886792452830188260e-02,9.074074074074074403e-01,0.000000000000000000e+00,0.000000000000000000e+00,2.264150943396225912e-02,1.503759398496240518e-02,0.000000000000000000e+00,1.127819548872177613e-02,7.547169811320753041e-03,1.886792452830188260e-02,1.879699248120303423e-02,1.879699248120303423e-02,2.651515151515149160e-02,1.127819548872177613e-02,0.000000000000000000e+00,3.018867924528301216e-02,7.843866171003717191e-01,1.503759398496240518e-02,2.631578947368418131e-02,0.000000000000000000e+00,3.676470588235281056e-03,0.000000000000000000e+00,2.264150943396225912e-02,3.676470588235281056e-03,0.000000000000000000e+00,0.000000000000000000e+00,1.879699248120303423e-02,0.000000000000000000e+00,1.132075471698112956e-02,1.123595505617980272e-02,1.498127340823973697e-02,3.018867924528301216e-02,3.030303030303027612e-02,0.000000000000000000e+00,0.000000000000000000e+00,0.000000000000000000e+00,0.000000000000000000e+00,0.000000000000000000e+00,2.631578947368418131e-02,2.247191011235960545e-02,0.000000000000000000e+00,2.631578947368418131e-02,1.498127340823973697e-02,0.000000000000000000e+00,0.000000000000000000e+00,7.518796992481258101e-03,1.123595505617980272e-02,1.886792452830188260e-02,0.000000000000000000e+00,2.247191011235960545e-02,1.000000000000000000e+00,7.518796992481258101e-03,1.127819548872177613e-02,1.893939393939392257e-02,3.396226415094338869e-02,0.000000000000000000e+00,0.000000000000000000e+00,1.509433962264150608e-02,0.000000000000000000e+00,0.000000000000000000e+00,3.030303030303027612e-02,1.132075471698112956e-02,0.000000000000000000e+00,1.162790697674420670e-02,3.409090909090906063e-02,3.396226415094338869e-02,1.872659176029967121e-02,1.509433962264150608e-02,1.123595505617980272e-02,0.000000000000000000e+00,3.759398496240606846e-02,1.509433962264150608e-02,4.868913857677903412e-02,0.000000000000000000e+00,3.018867924528301216e-02,2.247191011235960545e-02,2.264150943396225912e-02,0.000000000000000000e+00,0.000000000000000000e+00,0.000000000000000000e+00,1.503759398496240518e-02,2.281368821292772964e-02,0.000000000000000000e+00,0.000000000000000000e+00,0.000000000000000000e+00
5.243445692883896836e-02,2.281368821292772964e-02,3.007518796992481036e-02,0.000000000000000000e+00,5.617977528089890260e-02,3.435114503816794063e-02,3.422053231939159446e-02,5.992509363295883684e-02,1.901140684410651538e-02,2.661596958174905492e-02,7.865168539325839703e-02,3.422053231939159446e-02,4.669260700389099572e-02,4.166666666666662966e-02,2.290076335877866409e-02,1.185770750988146549e-02,0.000000000000000000e+00,5.283018867924527129e-02,6.716417910447758377e-02,4.477611940298509285e-02,5.223880597014929350e-02,0.000000000000000000e+00,1.893939393939392257e-02,4.887218045112784459e-02,0.000000000000000000e+00,2.255639097744366328e-02,3.831417624521071819e-02,1.509433962264150608e-02,5.263157894736847364e-02,7.462686567164178442e-02,0.000000000000000000e+00,1.915708812260541460e-02,0.000000000000000000e+00,0.000000000000000000e+00,8.510638297872352709e-03,4.905660377358489477e-02,0.000000000000000000e+00,2.281368821292772964e-02,5.426356589147285359e-02,4.119850187265916563e-02,0.000000000000000000e+00,3.773584905660376521e-03,2.641509433962263564e-02,4.104477611940293702e-02,4.905660377358489477e-02,0.000000000000000000e+00,5.323193916349810983e-02,1.132075471698112956e-02,0.000000000000000000e+00,7.462686567164178442e-02,4.494382022471909988e-02,5.243445692883896836e-02,0.000000000000000000e+00,0.000000000000000000e+00,4.119850187265916563e-02,5.576208178438657459e-02,4.868913857677903412e-02,1.127819548872177613e-02,0.000000000000000000e+00,0.000000000000000000e+00,4.119850187265916563e-02,7.806691449814129324e-02,0.000000000000000000e+00,7.089552238805973960e-02,4.494382022471909988e-02,4.868913857677903412e-02,6.319702602230481414e-02,2.444444444444444642e-01,1.509433962264150608e-02,7.063197026022305369e-02,0.000000000000000000e+00,3.745318352059923139e-02,1.503759398496240518e-02,2.602230483271374961e-01,6.367041198501877108e-02,0.000000000000000000e+00,0.000000000000000000e+00,3.676470588235281056e-03,2.631578947368418131e-02,0.000000000000000000e+00,0.000000000000000000e+00,0.000000000000000000e+00,4.477611940298509285e-02,0.000000000000000000e+00,5.617977528089890260e-02,6.691449814126393392e-02,6.691449814126393392e-02,4.868913857677903412e-02,1.509433962264150608e-02,0.000000000000000000e+00,0.000000000000000000e+00,0.000000000000000000e+00,0.000000000000000000e+00,0.000000000000000000e+00,5.597014925373133831e-02,4.832713754646844606e-02,0.000000000000000000e+00,5.223880597014929350e-02,5.576208178438657459e-02,0.000000000000000000e+00,0.000000000000000000e+00,4.119850187265916563e-02,6.691449814126393392e-02,4.119850187265916563e-02,0.000000000000000000e+00,7.463235294117647189e-01,7.518796992481258101e-03,1.000000000000000000e+00,8.602941176470588758e-01,1.127819548872177613e-02,5.992509363295883684e-02,0.000000000000000000e+00,3.663003663003649990e-03,4.868913857677903412e-02,0.000000000000000000e+00,0.000000000000000000e+00,1.509433962264150608e-02,7.835820895522382923e-02,0.000000000000000000e+00,3.861003861003864390e-02,1.886792452830188260e-02,4.868913857677903412e-02,7.462686567164178442e-02,5.617977528089890260e-02,3.731343283582089221e-02,0.000000000000000000e+00,4.104477611940293702e-02,5.243445692883896836e-02,2.621722846441942867e-02,0.000000000000000000e+00,3.370786516853929715e-02,7.806691449814129324e-02,5.223880597014929350e-02,0.000000000000000000e+00,0.000000000000000000e+00,0.000000000000000000e+00,8.185185185185185341e-01,2.281368821292772964e-02,0.000000000000000000e+00,0.000000000000000000e+00,0.000000000000000000e+00
6.390977443609024977e-02,1.140684410646386482e-02,2.264150943396225912e-02,0.000000000000000000e+00,5.243445692883896836e-02,3.831417624521071819e-02,3.802281368821291974e-02,6.367041198501877108e-02,1.520912547528519010e-02,1.520912547528519010e-02,6.390977443609024977e-02,3.041825095057038020e-02,5.058365758754868047e-02,2.651515151515149160e-02,2.298850574712640871e-02,7.905138339920902979e-03,0.000000000000000000e+00,4.150943396226414173e-02,7.089552238805973960e-02,7.865168539325839703e-02,6.367041198501877108e-02,0.000000000000000000e+00,1.901140684410651538e-02,3.759398496240606846e-02,0.000000000000000000e+00,1.503759398496240518e-02,3.076923076923077094e-02,1.132075471698112956e-02,3.396226415094338869e-02,5.970149253731338312e-02,0.000000000000000000e+00,1.915708812260541460e-02,0.000000000000000000e+00,0.000000000000000000e+00,1.276595744680852906e-02,3.773584905660376521e-02,0.000000000000000000e+00,2.281368821292772964e-02,6.201550387596899139e-02,5.243445692883896836e-02,3.676470588235281056e-03,1.509433962264150608e-02,2.264150943396225912e-02,5.243445692883896836e-02,3.409090909090906063e-02,3.663003663003649990e-03,4.942965779467678455e-02,1.886792452830188260e-02,0.000000000000000000e+00,6.367041198501877108e-02,2.631578947368418131e-02,4.887218045112784459e-02,0.000000000000000000e+00,0.000000000000000000e+00,2.621722846441942867e-02,7.462686567164178442e-02,3.759398496240606846e-02,1.127819548872177613e-02,0.000000000000000000e+00,0.000000000000000000e+00,3.383458646616543941e-02,6.716417910447758377e-02,0.000000000000000000e+00,7.462686567164178442e-02,4.119850187265916563e-02,4.119850187265916563e-02,6.343283582089553896e-02,2.602230483271374961e-01,2.641509433962263564e-02,8.582089552238802987e-02,0.000000000000000000e+00,4.494382022471909988e-02,7.518796992481258101e-03,2.527881040892193676e-01,4.119850187265916563e-02,0.000000000000000000e+00,0.000000000000000000e+00,7.352941176470562112e-03,2.255639097744366328e-02,0.000000000000000000e+00,0.000000000000000000e+00,0.000000000000000000e+00,5.243445692883896836e-02,0.000000000000000000e+00,6.015037593984962072e-02,7.063197026022305369e-02,7.089552238805973960e-02,2.631578947368418131e-02,1.886792452830188260e-02,0.000000000000000000e+00,0.000000000000000000e+00,0.000000000000000000e+00,0.000000000000000000e+00,0.000000000000000000e+00,3.745318352059923139e-02,4.477611940298509285e-02,0.000000000000000000e+00,5.617977528089890260e-02,5.597014925373133831e-02,0.000000000000000000e+00,0.000000000000000000e+00,2.996254681647936291e-02,6.343283582089553896e-02,5.617977528089890260e-02,0.000000000000000000e+00,7.573529411764705621e-01,1.127819548872177613e-02,8.602941176470588758e-01,1.000000000000000000e+00,3.773584905660376521e-03,3.383458646616543941e-02,0.000000000000000000e+00,0.000000000000000000e+00,3.370786516853929715e-02,0.000000000000000000e+00,0.000000000000000000e+00,1.886792452830188260e-02,6.741573033707870533e-02,0.000000000000000000e+00,2.702702702702697302e-02,2.264150943396225912e-02,5.243445692883896836e-02,7.462686567164178442e-02,6.390977443609024977e-02,2.985074626865669156e-02,0.000000000000000000e+00,5.223880597014929350e-02,5.243445692883896836e-02,1.123595505617980272e-02,0.000000000000000000e+00,3.383458646616543941e-02,8.582089552238802987e-02,6.741573033707870533e-02,0.000000000000000000e+00,0.000000000000000000e+00,0.000000000000000000e+00,8.296296296296296058e-01,2.281368821292772964e-02,0.000000000000000000e+00,0.000000000000000000e+00,0.000000000000000000e+00
1.515151515151513806e-02,3.831417624521105125e-03,1.893939393939392257e-02,0.000000000000000000e+00,1.509433962264150608e-02,7.722007722007706576e-03,1.149425287356320435e-02,7.547169811320753041e-03,7.633587786259554697e-03,3.831417624521105125e-03,7.575757575757569029e-03,1.915708812260541460e-02,7.843137254901932920e-03,2.661596958174905492e-02,3.861003861003853288e-03,3.984063745019916780e-03,0.000000000000000000e+00,4.182509505703424502e-02,1.879699248120303423e-02,1.509433962264150608e-02,1.886792452830188260e-02,0.000000000000000000e+00,7.633587786259554697e-03,2.272727272727270709e-02,0.000000000000000000e+00,1.136363636363635354e-02,1.162790697674420670e-02,3.041825095057038020e-02,3.030303030303027612e-02,1.879699248120303423e-02,0.000000000000000000e+00,3.861003861003853288e-03,0.000000000000000000e+00,0.000000000000000000e+00,1.709401709401714431e-02,2.651515151515149160e-02,0.000000000000000000e+00,1.145038167938927653e-02,1.953125000000000000e-02,1.886792452830188260e-02,0.000000000000000000e+00,2.651515151515149160e-02,1.520912547528519010e-02,1.509433962264150608e-02,2.661596958174905492e-02,0.000000000000000000e+00,2.298850574712640871e-02,2.142857142857143016e-01,0.000000000000000000e+00,2.255639097744366328e-02,1.509433962264150608e-02,2.651515151515149160e-02,0.000000000000000000e+00,0.000000000000000000e+00,3.007518796992481036e-02,1.879699248120303423e-02,2.264150943396225912e-02,1.136363636363635354e-02,0.000000000000000000e+00,0.000000000000000000e+00,2.264150943396225912e-02,1.879699248120303423e-02,0.000000000000000000e+00,1.879699248120303423e-02,2.264150943396225912e-02,1.886792452830188260e-02,1.498127340823973697e-02,2.631578947368418131e-02,1.140684410646386482e-02,1.879699248120303423e-02,0.000000000000000000e+00,2.264150943396225912e-02,3.030303030303027612e-02,1.509433962264150608e-02,2.264150943396225912e-02,0.000000000000000000e+00,0.000000000000000000e+00,0.000000000000000000e+00,1.515151515151513806e-02,0.000000000000000000e+00,0.000000000000000000e+00,0.000000000000000000e+00,1.509433962264150608e-02,0.000000000000000000e+00,1.893939393939392257e-02,1.127819548872177613e-02,1.879699248120303423e-02,2.641509433962263564e-02,3.802281368821325280e-03,0.000000000000000000e+00,0.000000000000000000e+00,0.000000000000000000e+00,0.000000000000000000e+00,0.000000000000000000e+00,1.886792452830188260e-02,1.503759398496240518e-02,0.000000000000000000e+00,2.641509433962263564e-02,1.879699248120303423e-02,0.000000000000000000e+00,0.000000000000000000e+00,3.383458646616543941e-02,2.255639097744366328e-02,2.641509433962263564e-02,0.000000000000000000e+00,2.255639097744366328e-02,1.893939393939392257e-02,1.127819548872177613e-02,3.773584905660376521e-03,1.000000000000000000e+00,3.018867924528301216e-02,0.000000000000000000e+00,0.000000000000000000e+00,1.132075471698112956e-02,0.000000000000000000e+00,0.000000000000000000e+00,1.140684410646386482e-02,1.886792452830188260e-02,0.000000000000000000e+00,1.167315175097272117e-02,1.140684410646386482e-02,2.264150943396225912e-02,2.255639097744366328e-02,2.651515151515149160e-02,2.631578947368418131e-02,0.000000000000000000e+00,2.255639097744366328e-02,2.272727272727270709e-02,1.127819548872177613e-02,0.000000000000000000e+00,1.886792452830188260e-02,2.255639097744366328e-02,1.132075471698112956e-02,0.000000000000000000e+00,0.000000000000000000e+00,0.000000000000000000e+00,1.509433962264150608e-02,1.145038167938927653e-02,0.000000000000000000e+00,0.000000000000000000e+00,0.000000000000000000e+00
7.547169811320753041e-03,1.901140684410651538e-02,1.310861423220973654e-01,0.000000000000000000e+00,3.007518796992481036e-02,1.538461538461532996e-02,1.742424242424241987e-01,1.886792452830188260e-02,3.435114503816794063e-02,2.281368821292772964e-02,3.018867924528301216e-02,9.888059701492537545e-01,1.562500000000000000e-02,1.283018867924528017e-01,1.915708812260541460e-02,1.587301587301592765e-02,0.000000000000000000e+00,3.409090909090906063e-02,2.631578947368418131e-02,3.759398496240629051e-03,1.503759398496240518e-02,0.000000000000000000e+00,7.604562737642539538e-03,3.018867924528301216e-02,0.000000000000000000e+00,2.272727272727270709e-02,3.861003861003853288e-03,3.041825095057038020e-02,1.423220973782771681e-01,3.370786516853929715e-02,3.676470588235281056e-03,2.681992337164751383e-02,0.000000000000000000e+00,0.000000000000000000e+00,2.136752136752140263e-02,9.777777777777777457e-01,0.000000000000000000e+00,3.435114503816794063e-02,2.334630350194555337e-02,2.631578947368418131e-02,0.000000000000000000e+00,2.264150943396225912e-02,2.651515151515149160e-02,4.135338345864658649e-02,1.315789473684210176e-01,0.000000000000000000e+00,7.602996254681647637e-01,3.018867924528301216e-02,0.000000000000000000e+00,2.631578947368418131e-02,1.380597014925373234e-01,2.641509433962263564e-02,0.000000000000000000e+00,0.000000000000000000e+00,1.231343283582089221e-01,1.872659176029967121e-02,2.631578947368418131e-02,3.773584905660376521e-02,0.000000000000000000e+00,0.000000000000000000e+00,1.380597014925373234e-01,2.247191011235960545e-02,0.000000000000000000e+00,1.123595505617980272e-02,2.255639097744366328e-02,1.872659176029967121e-02,2.621722846441942867e-02,3.745318352059923139e-02,7.575757575757569029e-03,2.621722846441942867e-02,0.000000000000000000e+00,3.007518796992481036e-02,3.787878787878784514e-02,4.887218045112784459e-02,2.631578947368418131e-02,0.000000000000000000e+00,0.000000000000000000e+00,0.000000000000000000e+00,3.018867924528301216e-02,0.000000000000000000e+00,0.000000000000000000e+00,0.000000000000000000e+00,1.872659176029967121e-02,0.000000000000000000e+00,2.621722846441942867e-02,1.119402985074624546e-02,7.490636704119868483e-03,9.705882352941176405e-01,7.575757575757569029e-03,0.000000000000000000e+00,0.000000000000000000e+00,0.000000000000000000e+00,0.000000000000000000e+00,0.000000000000000000e+00,2.996254681647936291e-02,3.745318352059934242e-03,0.000000000000000000e+00,1.879699248120303423e-02,1.498127340823973697e-02,0.000000000000000000e+00,0.000000000000000000e+00,1.231343283582089221e-01,1.498127340823973697e-02,2.255639097744366328e-02,0.000000000000000000e+00,4.868913857677903412e-02,3.396226415094338869e-02,5.992509363295883684e-02,3.383458646616543941e-02,3.018867924528301216e-02,1.000000000000000000e+00,0.000000000000000000e+00,0.000000000000000000e+00,3.007518796992481036e-02,0.000000000000000000e+00,0.000000000000000000e+00,1.136363636363635354e-02,1.127819548872177613e-02,0.000000000000000000e+00,1.930501930501926644e-02,1.136363636363635354e-02,2.247191011235960545e-02,1.498127340823973697e-02,1.879699248120303423e-02,2.407407407407406996e-01,0.000000000000000000e+00,1.123595505617980272e-02,2.255639097744366328e-02,1.879699248120303423e-02,0.000000000000000000e+00,1.417910447761193682e-01,2.247191011235960545e-02,1.872659176029967121e-02,0.000000000000000000e+00,0.000000000000000000e+00,0.000000000000000000e+00,3.759398496240606846e-02,2.671755725190838593e-02,0.000000000000000000e+00,0.000000000000000000e+00,0.000000000000000000e+00
0.000000000000000000e+00,7.462686567164200646e-03,0.000000000000000000e+00,0.000000000000000000e+00,3.676470588235281056e-03,0.000000000000000000e+00,0.000000000000000000e+00,0.000000000000000000e+00,0.000000000000000000e+00,7.462686567164200646e-03,0.000000000000000000e+00,0.000000000000000000e+00,3.816793893129721837e-03,0.000000000000000000e+00,3.759398496240629051e-03,0.000000000000000000e+00,1.413427561837454771e-02,0.000000000000000000e+00,0.000000000000000000e+00,0.000000000000000000e+00,0.000000000000000000e+00,7.042253521126751181e-03,7.434944237918239551e-03,0.000000000000000000e+00,0.000000000000000000e+00,0.000000000000000000e+00,0.000000000000000000e+00,0.000000000000000000e+00,0.000000000000000000e+00,0.000000000000000000e+00,0.000000000000000000e+00,7.518796992481258101e-03,7.042253521126751181e-03,0.000000000000000000e+00,0.000000000000000000e+00,0.000000000000000000e+00,3.508771929824572311e-03,0.000000000000000000e+00,3.802281368821325280e-03,0.000000000000000000e+00,1.760563380281687795e-02,0.000000000000000000e+00,0.000000000000000000e+00,3.663003663003649990e-03,0.000000000000000000e+00,0.000000000000000000e+00,0.000000000000000000e+00,0.000000000000000000e+00,0.000000000000000000e+00,0.000000000000000000e+00,3.676470588235281056e-03,0.000000000000000000e+00,1.056338028169012677e-02,3.521126760563375591e-03,0.000000000000000000e+00,0.000000000000000000e+00,0.000000000000000000e+00,0.000000000000000000e+00,7.042253521126751181e-03,3.521126760563375591e-03,3.676470588235281056e-03,0.000000000000000000e+00,3.508771929824572311e-03,0.000000000000000000e+00,3.676470588235281056e-03,0.000000000000000000e+00,0.000000000000000000e+00,0.000000000000000000e+00,3.703703703703653538e-03,0.000000000000000000e+00,0.000000000000000000e+00,3.663003663003649990e-03,0.000000000000000000e+00,0.000000000000000000e+00,0.000000000000000000e+00,3.508771929824572311e-03,0.000000000000000000e+00,3.533568904593664683e-03,0.000000000000000000e+00,0.000000000000000000e+00,3.508771929824572311e-03,0.000000000000000000e+00,0.000000000000000000e+00,0.000000000000000000e+00,0.000000000000000000e+00,0.000000000000000000e+00,0.000000000000000000e+00,0.000000000000000000e+00,3.703703703703653538e-03,1.403508771929828924e-02,1.403508771929828924e-02,3.508771929824561209e-02,3.157894736842103978e-02,7.017543859649144622e-03,0.000000000000000000e+00,3.649635036496401419e-03,0.000000000000000000e+00,0.000000000000000000e+00,0.000000000000000000e+00,3.508771929824572311e-03,1.403508771929828924e-02,3.663003663003649990e-03,0.000000000000000000e+00,0.000000000000000000e+00,0.000000000000000000e+00,0.000000000000000000e+00,0.000000000000000000e+00,0.000000000000000000e+00,0.000000000000000000e+00,0.000000000000000000e+00,0.000000000000000000e+00,1.000000000000000000e+00,2.112676056338025354e-02,7.352941176470562112e-03,3.508771929824572311e-03,7.017543859649144622e-03,3.703703703703653538e-03,0.000000000000000000e+00,1.403508771929828924e-02,0.000000000000000000e+00,3.703703703703653538e-03,0.000000000000000000e+00,0.000000000000000000e+00,3.676470588235281056e-03,0.000000000000000000e+00,1.403508771929828924e-02,3.663003663003649990e-03,0.000000000000000000e+00,0.000000000000000000e+00,0.000000000000000000e+00,3.663003663003649990e-03,0.000000000000000000e+00,3.663003663003649990e-03,1.060070671378088303e-02,7.042253521126751181e-03,0.000000000000000000e+00,0.000000000000000000e+00,0.000000000000000000e+00,6.280701754385964453e-01,6.245614035087718729e-01,6.210526315789473006e-01
3.676470588235281056e-03,0.000000000000000000e+00,0.000000000000000000e+00,0.000000000000000000e+00,3.676470588235281056e-03,0.000000000000000000e+00,0.000000000000000000e+00,0.000000000000000000e+00,0.000000000000000000e+00,0.000000000000000000e+00,0.000000000000000000e+00,0.000000000000000000e+00,0.000000000000000000e+00,0.000000000000000000e+00,0.000000000000000000e+00,0.000000000000000000e+00,3.533568904593664683e-03,0.000000000000000000e+00,0.000000000000000000e+00,0.000000000000000000e+00,0.000000000000000000e+00,0.000000000000000000e+00,0.000000000000000000e+00,0.000000000000000000e+00,0.000000000000000000e+00,0.000000000000000000e+00,0.000000000000000000e+00,0.000000000000000000e+00,0.000000000000000000e+00,0.000000000000000000e+00,3.521126760563375591e-03,0.000000000000000000e+00,0.000000000000000000e+00,0.000000000000000000e+00,0.000000000000000000e+00,0.000000000000000000e+00,0.000000000000000000e+00,0.000000000000000000e+00,3.802281368821325280e-03,0.000000000000000000e+00,3.521126760563375591e-03,0.000000000000000000e+00,3.703703703703653538e-03,3.676470588235281056e-03,0.000000000000000000e+00,0.000000000000000000e+00,0.000000000000000000e+00,0.000000000000000000e+00,0.000000000000000000e+00,0.000000000000000000e+00,0.000000000000000000e+00,0.000000000000000000e+00,3.521126760563375591e-03,0.000000000000000000e+00,0.000000000000000000e+00,3.649635036496401419e-03,0.000000000000000000e+00,0.000000000000000000e+00,3.521126760563375591e-03,3.521126760563375591e-03,0.000000000000000000e+00,0.000000000000000000e+00,0.000000000000000000e+00,0.000000000000000000e+00,0.000000000000000000e+00,3.676470588235281056e-03,0.000000000000000000e+00,0.000000000000000000e+00,0.000000000000000000e+00,0.000000000000000000e+00,0.000000000000000000e+00,0.000000000000000000e+00,0.000000000000000000e+00,0.000000000000000000e+00,0.000000000000000000e+00,0.000000000000000000e+00,0.000000000000000000e+00,0.000000000000000000e+00,3.690036900368953710e-03,3.508771929824572311e-03,0.000000000000000000e+00,0.000000000000000000e+00,0.000000000000000000e+00,0.000000000000000000e+00,0.000000000000000000e+00,0.000000000000000000e+00,0.000000000000000000e+00,0.000000000000000000e+00,0.000000000000000000e+00,1.403508771929828924e-02,1.408450704225350236e-02,1.754385964912286155e-02,1.760563380281687795e-02,3.508771929824572311e-03,0.000000000000000000e+00,0.000000000000000000e+00,0.000000000000000000e+00,0.000000000000000000e+00,3.649635036496401419e-03,0.000000000000000000e+00,3.521126760563375591e-03,0.000000000000000000e+00,0.000000000000000000e+00,0.000000000000000000e+00,0.000000000000000000e+00,3.663003663003649990e-03,0.000000000000000000e+00,3.663003663003649990e-03,0.000000000000000000e+00,0.000000000000000000e+00,0.000000000000000000e+00,2.112676056338025354e-02,1.000000000000000000e+00,0.000000000000000000e+00,3.521126760563375591e-03,3.521126760563375591e-03,0.000000000000000000e+00,0.000000000000000000e+00,3.521126760563375591e-03,0.000000000000000000e+00,0.000000000000000000e+00,0.000000000000000000e+00,0.000000000000000000e+00,0.000000000000000000e+00,0.000000000000000000e+00,3.521126760563375591e-03,0.000000000000000000e+00,0.000000000000000000e+00,0.000000000000000000e+00,0.000000000000000000e+00,0.000000000000000000e+00,0.000000000000000000e+00,0.000000000000000000e+00,0.000000000000000000e+00,0.000000000000000000e+00,0.000000000000000000e+00,0.000000000000000000e+00,3.731343283582044812e-03,2.112676056338025354e-02,1.760563380281687795e-02,2.112676056338025354e-02
6.037735849056602433e-02,3.816793893129721837e-03,1.127819548872177613e-02,0.000000000000000000e+00,3.382899628252787894e-01,7.692307692307664979e-03,1.526717557251910939e-02,3.843283582089552786e-01,3.041825095057038020e-02,3.816793893129721837e-03,3.768656716417910779e-01,3.041825095057038020e-02,3.488372093023255349e-01,2.272727272727270709e-02,7.662835249042099228e-03,7.936507936507908312e-03,0.000000000000000000e+00,3.787878787878784514e-02,6.741573033707870533e-02,5.617977528089890260e-02,4.868913857677903412e-02,0.000000000000000000e+00,3.802281368821325280e-03,3.396226415094338869e-02,0.000000000000000000e+00,3.018867924528301216e-02,1.930501930501926644e-02,1.515151515151513806e-02,2.264150943396225912e-02,7.865168539325839703e-02,0.000000000000000000e+00,7.662835249042099228e-03,0.000000000000000000e+00,0.000000000000000000e+00,2.564102564102566095e-02,2.641509433962263564e-02,0.000000000000000000e+00,3.041825095057038020e-02,3.745173745173745461e-01,3.470149253731342753e-01,0.000000000000000000e+00,2.264150943396225912e-02,3.787878787878784514e-02,3.531598513011152685e-01,1.893939393939392257e-02,0.000000000000000000e+00,2.281368821292772964e-02,1.893939393939392257e-02,0.000000000000000000e+00,8.239700374531833127e-02,2.631578947368418131e-02,4.237918215613383222e-01,0.000000000000000000e+00,3.676470588235281056e-03,1.123595505617980272e-02,4.850746268656713767e-02,7.712177121771217614e-01,2.264150943396225912e-02,0.000000000000000000e+00,0.000000000000000000e+00,2.255639097744366328e-02,7.462686567164178442e-02,0.000000000000000000e+00,6.367041198501877108e-02,4.962962962962963465e-01,4.814814814814815103e-01,7.462686567164178442e-02,7.462686567164178442e-02,7.575757575757569029e-03,6.741573033707870533e-02,0.000000000000000000e+00,4.163568773234200826e-01,1.886792452830188260e-02,5.243445692883896836e-02,7.749077490774907151e-01,0.000000000000000000e+00,0.000000000000000000e+00,7.380073800738018441e-03,3.396226415094338869e-02,0.000000000000000000e+00,0.000000000000000000e+00,0.000000000000000000e+00,9.264705882352941568e-01,0.000000000000000000e+00,3.791821561338289959e-01,7.089552238805973960e-02,5.970149253731338312e-02,2.631578947368418131e-02,3.787878787878784514e-03,0.000000000000000000e+00,0.000000000000000000e+00,0.000000000000000000e+00,0.000000000000000000e+00,3.676470588235281056e-03,5.148148148148148362e-01,3.851851851851851860e-01,0.000000000000000000e+00,4.703703703703703276e-01,5.223880597014929350e-02,0.000000000000000000e+00,0.000000000000000000e+00,3.745318352059934242e-03,5.223880597014929350e-02,4.460966542750929298e-01,0.000000000000000000e+00,5.243445692883896836e-02,1.509433962264150608e-02,4.868913857677903412e-02,3.370786516853929715e-02,1.132075471698112956e-02,3.007518796992481036e-02,7.352941176470562112e-03,0.000000000000000000e+00,1.000000000000000000e+00,0.000000000000000000e+00,0.000000000000000000e+00,3.787878787878784514e-03,6.741573033707870533e-02,7.352941176470562112e-03,7.751937984496137801e-03,3.787878787878784514e-03,4.222222222222222765e-01,5.992509363295883684e-02,3.791821561338289959e-01,1.498127340823973697e-02,7.352941176470562112e-03,3.777777777777777679e-01,7.859778597785977983e-01,2.255639097744366328e-02,0.000000000000000000e+00,2.255639097744366328e-02,5.617977528089890260e-02,4.148148148148148584e-01,0.000000000000000000e+00,0.000000000000000000e+00,0.000000000000000000e+00,4.511278195488721554e-02,3.053435114503821879e-02,0.000000000000000000e+00,0.000000000000000000e+00,0.000000000000000000e+00
0.000000000000000000e+00,0.000000000000000000e+00,0.000000000000000000e+00,0.000000000000000000e+00,0.000000000000000000e+00,0.000000000000000000e+00,0.000000000000000000e+00,0.000000000000000000e+00,0.000000000000000000e+00,0.000000000000000000e+00,0.000000000000000000e+00,0.000000000000000000e+00,0.000000000000000000e+00,0.000000000000000000e+00,0.000000000000000000e+00,0.000000000000000000e+00,0.000000000000000000e+00,0.000000000000000000e+00,0.000000000000000000e+00,0.000000000000000000e+00,0.000000000000000000e+00,7.042253521126751181e-03,0.000000000000000000e+00,0.000000000000000000e+00,0.000000000000000000e+00,0.000000000000000000e+00,0.000000000000000000e+00,3.703703703703653538e-03,0.000000000000000000e+00,0.000000000000000000e+00,4.577464788732393819e-01,0.000000000000000000e+00,7.042253521126751181e-03,7.067137809187329367e-03,0.000000000000000000e+00,0.000000000000000000e+00,1.403508771929828924e-02,0.000000000000000000e+00,0.000000000000000000e+00,0.000000000000000000e+00,3.521126760563375591e-03,0.000000000000000000e+00,0.000000000000000000e+00,0.000000000000000000e+00,0.000000000000000000e+00,1.052631578947371693e-02,0.000000000000000000e+00,3.690036900368953710e-03,0.000000000000000000e+00,0.000000000000000000e+00,0.000000000000000000e+00,0.000000000000000000e+00,3.521126760563375591e-03,0.000000000000000000e+00,0.000000000000000000e+00,0.000000000000000000e+00,0.000000000000000000e+00,3.676470588235281056e-03,0.000000000000000000e+00,1.408450704225350236e-02,0.000000000000000000e+00,0.000000000000000000e+00,0.000000000000000000e+00,0.000000000000000000e+00,0.000000000000000000e+00,0.000000000000000000e+00,0.000000000000000000e+00,0.000000000000000000e+00,0.000000000000000000e+00,0.000000000000000000e+00,0.000000000000000000e+00,0.000000000000000000e+00,0.000000000000000000e+00,0.000000000000000000e+00,0.000000000000000000e+00,0.000000000000000000e+00,0.000000000000000000e+00,0.000000000000000000e+00,0.000000000000000000e+00,9.824561403508771384e-01,0.000000000000000000e+00,0.000000000000000000e+00,0.000000000000000000e+00,3.508771929824572311e-03,3.676470588235281056e-03,0.000000000000000000e+00,0.000000000000000000e+00,0.000000000000000000e+00,0.000000000000000000e+00,3.508771929824572311e-03,3.508771929824572311e-03,3.508771929824572311e-03,3.508771929824572311e-03,0.000000000000000000e+00,0.000000000000000000e+00,0.000000000000000000e+00,1.052631578947371693e-02,0.000000000000000000e+00,0.000000000000000000e+00,1.052631578947371693e-02,0.000000000000000000e+00,0.000000000000000000e+00,0.000000000000000000e+00,0.000000000000000000e+00,3.508771929824572311e-03,0.000000000000000000e+00,0.000000000000000000e+00,0.000000000000000000e+00,0.000000000000000000e+00,0.000000000000000000e+00,0.000000000000000000e+00,3.508771929824572311e-03,3.521126760563375591e-03,0.000000000000000000e+00,1.000000000000000000e+00,0.000000000000000000e+00,0.000000000000000000e+00,0.000000000000000000e+00,1.408450704225350236e-02,0.000000000000000000e+00,0.000000000000000000e+00,0.000000000000000000e+00,0.000000000000000000e+00,0.000000000000000000e+00,0.000000000000000000e+00,1.760563380281687795e-02,0.000000000000000000e+00,0.000000000000000000e+00,0.000000000000000000e+00,3.508771929824572311e-03,0.000000000000000000e+00,0.000000000000000000e+00,0.000000000000000000e+00,1.060070671378088303e-02,7.042253521126751181e-03,1.052631578947371693e-02,0.000000000000000000e+00,0.000000000000000000e+00,3.508771929824572311e-03,3.521126760563375591e-03,3.508771929824572311e-03
0.000000000000000000e+00,0.000000000000000000e+00,0.000000000000000000e+00,0.000000000000000000e+00,0.000000000000000000e+00,0.000000000000000000e+00,0.000000000000000000e+00,0.000000000000000000e+00,0.000000000000000000e+00,0.000000000000000000e+00,0.000000000000000000e+00,0.000000000000000000e+00,0.000000000000000000e+00,0.000000000000000000e+00,0.000000000000000000e+00,0.000000000000000000e+00,1.408450704225350236e-02,0.000000000000000000e+00,0.000000000000000000e+00,0.000000000000000000e+00,0.000000000000000000e+00,1.056338028169012677e-02,0.000000000000000000e+00,0.000000000000000000e+00,7.017543859649144622e-03,0.000000000000000000e+00,0.000000000000000000e+00,0.000000000000000000e+00,0.000000000000000000e+00,0.000000000000000000e+00,0.000000000000000000e+00,0.000000000000000000e+00,1.056338028169012677e-02,3.533568904593664683e-03,0.000000000000000000e+00,0.000000000000000000e+00,0.000000000000000000e+00,0.000000000000000000e+00,0.000000000000000000e+00,0.000000000000000000e+00,7.042253521126751181e-03,0.000000000000000000e+00,0.000000000000000000e+00,0.000000000000000000e+00,0.000000000000000000e+00,0.000000000000000000e+00,0.000000000000000000e+00,0.000000000000000000e+00,0.000000000000000000e+00,0.000000000000000000e+00,0.000000000000000000e+00,0.000000000000000000e+00,0.000000000000000000e+00,3.508771929824572311e-03,0.000000000000000000e+00,0.000000000000000000e+00,0.000000000000000000e+00,0.000000000000000000e+00,3.521126760563375591e-03,1.056338028169012677e-02,0.000000000000000000e+00,0.000000000000000000e+00,0.000000000000000000e+00,0.000000000000000000e+00,0.000000000000000000e+00,0.000000000000000000e+00,0.000000000000000000e+00,0.000000000000000000e+00,0.000000000000000000e+00,0.000000000000000000e+00,0.000000000000000000e+00,0.000000000000000000e+00,0.000000000000000000e+00,0.000000000000000000e+00,0.000000000000000000e+00,1.052631578947371693e-02,0.000000000000000000e+00,2.120141342756187708e-02,0.000000000000000000e+00,0.000000000000000000e+00,7.017543859649144622e-03,0.000000000000000000e+00,0.000000000000000000e+00,0.000000000000000000e+00,0.000000000000000000e+00,0.000000000000000000e+00,0.000000000000000000e+00,0.000000000000000000e+00,0.000000000000000000e+00,1.403508771929828924e-02,1.754385964912286155e-02,1.754385964912286155e-02,1.403508771929828924e-02,2.105263157894732284e-02,0.000000000000000000e+00,0.000000000000000000e+00,0.000000000000000000e+00,0.000000000000000000e+00,0.000000000000000000e+00,3.521126760563375591e-03,1.403508771929828924e-02,0.000000000000000000e+00,0.000000000000000000e+00,0.000000000000000000e+00,0.000000000000000000e+00,0.000000000000000000e+00,0.000000000000000000e+00,0.000000000000000000e+00,0.000000000000000000e+00,0.000000000000000000e+00,0.000000000000000000e+00,7.017543859649144622e-03,3.521126760563375591e-03,0.000000000000000000e+00,0.000000000000000000e+00,1.000000000000000000e+00,0.000000000000000000e+00,0.000000000000000000e+00,0.000000000000000000e+00,0.000000000000000000e+00,0.000000000000000000e+00,0.000000000000000000e+00,0.000000000000000000e+00,0.000000000000000000e+00,0.000000000000000000e+00,1.052631578947371693e-02,0.000000000000000000e+00,0.000000000000000000e+00,0.000000000000000000e+00,0.000000000000000000e+00,0.000000000000000000e+00,0.000000000000000000e+00,0.000000000000000000e+00,1.060070671378088303e-02,1.760563380281687795e-02,0.000000000000000000e+00,0.000000000000000000e+00,0.000000000000000000e+00,7.017543859649144622e-03,7.042253521126751181e-03,7.042253521126751181e-03
1.520912547528519010e-02,9.400749063670411632e-01,7.604562737642539538e-03,0.000000000000000000e+00,2.272727272727270709e-02,1.158301158301155986e-02,7.692307692307664979e-03,3.409090909090906063e-02,1.532567049808430948e-02,9.438202247191010974e-01,2.272727272727270709e-02,2.298850574712640871e-02,3.149606299212603933e-02,1.145038167938927653e-02,9.547169811320754818e-01,2.213438735177866157e-01,0.000000000000000000e+00,2.290076335877866409e-02,1.515151515151513806e-02,3.409090909090906063e-02,1.515151515151513806e-02,0.000000000000000000e+00,9.550561797752809001e-01,2.272727272727270709e-02,0.000000000000000000e+00,1.520912547528519010e-02,7.751937984496137801e-03,3.422053231939159446e-02,3.422053231939159446e-02,1.515151515151513806e-02,0.000000000000000000e+00,9.584905660377358583e-01,0.000000000000000000e+00,0.000000000000000000e+00,1.724137931034486204e-02,1.520912547528519010e-02,0.000000000000000000e+00,1.532567049808430948e-02,1.960784313725494332e-02,2.272727272727270709e-02,0.000000000000000000e+00,1.433962264150943078e-01,7.633587786259554697e-03,2.651515151515149160e-02,1.145038167938927653e-02,0.000000000000000000e+00,1.915708812260541460e-02,3.816793893129721837e-03,0.000000000000000000e+00,1.136363636363635354e-02,7.575757575757569029e-03,1.140684410646386482e-02,0.000000000000000000e+00,0.000000000000000000e+00,1.132075471698112956e-02,2.631578947368418131e-02,1.515151515151513806e-02,2.272727272727270709e-02,0.000000000000000000e+00,0.000000000000000000e+00,7.575757575757569029e-03,2.641509433962263564e-02,0.000000000000000000e+00,1.132075471698112956e-02,7.575757575757569029e-03,2.272727272727270709e-02,1.509433962264150608e-02,2.641509433962263564e-02,9.591078066914497935e-01,1.132075471698112956e-02,0.000000000000000000e+00,3.409090909090906063e-02,3.030303030303027612e-02,2.641509433962263564e-02,2.651515151515149160e-02,0.000000000000000000e+00,0.000000000000000000e+00,0.000000000000000000e+00,1.140684410646386482e-02,0.000000000000000000e+00,0.000000000000000000e+00,0.000000000000000000e+00,1.509433962264150608e-02,0.000000000000000000e+00,3.030303030303027612e-02,1.503759398496240518e-02,1.127819548872177613e-02,1.515151515151513806e-02,9.776951672862453924e-01,0.000000000000000000e+00,0.000000000000000000e+00,0.000000000000000000e+00,0.000000000000000000e+00,0.000000000000000000e+00,4.905660377358489477e-02,2.255639097744366328e-02,0.000000000000000000e+00,1.136363636363635354e-02,1.879699248120303423e-02,0.000000000000000000e+00,0.000000000000000000e+00,1.509433962264150608e-02,1.503759398496240518e-02,1.515151515151513806e-02,0.000000000000000000e+00,1.509433962264150608e-02,3.030303030303027612e-02,1.509433962264150608e-02,1.886792452830188260e-02,1.140684410646386482e-02,1.136363636363635354e-02,3.703703703703653538e-03,0.000000000000000000e+00,3.787878787878784514e-03,0.000000000000000000e+00,0.000000000000000000e+00,1.000000000000000000e+00,1.893939393939392257e-02,0.000000000000000000e+00,7.782101167315147450e-03,9.330855018587360661e-01,5.283018867924527129e-02,7.547169811320753041e-03,2.651515151515149160e-02,1.879699248120303423e-02,0.000000000000000000e+00,1.509433962264150608e-02,1.515151515151513806e-02,1.515151515151513806e-02,0.000000000000000000e+00,7.575757575757569029e-03,1.132075471698112956e-02,3.773584905660376521e-02,3.717472118959119776e-03,0.000000000000000000e+00,0.000000000000000000e+00,2.272727272727270709e-02,1.915708812260541460e-02,3.703703703703653538e-03,3.703703703703653538e-03,3.703703703703653538e-03
3.018867924528301216e-02,1.908396946564883123e-02,1.886792452830188260e-02,0.000000000000000000e+00,7.116104868913852854e-02,3.448275862068961306e-02,1.901140684410651538e-02,7.894736842105265495e-02,7.604562737642539538e-03,1.908396946564883123e-02,8.646616541353380203e-02,7.633587786259554697e-03,7.812500000000000000e-02,1.515151515151513806e-02,1.153846153846149747e-02,7.936507936507908312e-03,0.000000000000000000e+00,1.520912547528519010e-02,4.944237918215613758e-01,4.119850187265916563e-02,5.992509363295883684e-02,0.000000000000000000e+00,2.290076335877866409e-02,2.264150943396225912e-02,0.000000000000000000e+00,7.547169811320753041e-03,2.692307692307693845e-02,1.140684410646386482e-02,7.547169811320753041e-03,5.427509293680297109e-01,0.000000000000000000e+00,1.153846153846149747e-02,0.000000000000000000e+00,0.000000000000000000e+00,4.273504273504258322e-03,1.886792452830188260e-02,0.000000000000000000e+00,3.816793893129721837e-03,6.976744186046512919e-02,8.270676691729328400e-02,0.000000000000000000e+00,3.018867924528301216e-02,3.409090909090906063e-02,7.490636704119846279e-02,2.641509433962263564e-02,0.000000000000000000e+00,1.901140684410651538e-02,3.409090909090906063e-02,0.000000000000000000e+00,5.185185185185186008e-01,1.503759398496240518e-02,6.766917293233087882e-02,3.676470588235281056e-03,0.000000000000000000e+00,1.872659176029967121e-02,3.358208955223884740e-02,6.367041198501877108e-02,7.547169811320753041e-03,3.676470588235281056e-03,0.000000000000000000e+00,2.255639097744366328e-02,5.222222222222221433e-01,0.000000000000000000e+00,4.850746268656713767e-02,7.116104868913852854e-02,9.363295880149813399e-02,4.777777777777777457e-01,8.955223880597018571e-02,1.893939393939392257e-02,5.617977528089890260e-02,0.000000000000000000e+00,7.490636704119846279e-02,1.136363636363635354e-02,1.007462686567164312e-01,6.741573033707870533e-02,0.000000000000000000e+00,0.000000000000000000e+00,0.000000000000000000e+00,2.641509433962263564e-02,0.000000000000000000e+00,0.000000000000000000e+00,0.000000000000000000e+00,6.741573033707870533e-02,0.000000000000000000e+00,7.894736842105265495e-02,4.477611940298509285e-02,5.223880597014929350e-02,7.518796992481258101e-03,2.651515151515149160e-02,0.000000000000000000e+00,0.000000000000000000e+00,0.000000000000000000e+00,0.000000000000000000e+00,0.000000000000000000e+00,8.208955223880598506e-02,7.089552238805973960e-02,0.000000000000000000e+00,7.116104868913852854e-02,3.731343283582089221e-02,0.000000000000000000e+00,0.000000000000000000e+00,1.503759398496240518e-02,2.985074626865669156e-02,7.142857142857139685e-02,0.000000000000000000e+00,7.089552238805973960e-02,1.132075471698112956e-02,7.835820895522382923e-02,6.741573033707870533e-02,1.886792452830188260e-02,1.127819548872177613e-02,0.000000000000000000e+00,0.000000000000000000e+00,6.741573033707870533e-02,0.000000000000000000e+00,0.000000000000000000e+00,1.893939393939392257e-02,1.000000000000000000e+00,0.000000000000000000e+00,7.751937984496137801e-03,2.272727272727270709e-02,8.988764044943819975e-02,4.477611940298509285e-02,7.142857142857139685e-02,1.498127340823973697e-02,0.000000000000000000e+00,7.089552238805973960e-02,7.865168539325839703e-02,1.503759398496240518e-02,0.000000000000000000e+00,7.518796992481258101e-03,4.477611940298509285e-02,8.988764044943819975e-02,0.000000000000000000e+00,0.000000000000000000e+00,0.000000000000000000e+00,7.865168539325839703e-02,4.942965779467678455e-02,0.000000000000000000e+00,0.000000000000000000e+00,0.000000000000000000e+00
3.676470588235281056e-03,0.000000000000000000e+00,0.000000000000000000e+00,7.142857142857117481e-03,0.000000000000000000e+00,0.000000000000000000e+00,0.000000000000000000e+00,0.000000000000000000e+00,0.000000000000000000e+00,0.000000000000000000e+00,0.000000000000000000e+00,0.000000000000000000e+00,0.000000000000000000e+00,0.000000000000000000e+00,0.000000000000000000e+00,0.000000000000000000e+00,3.533568904593664683e-03,3.703703703703653538e-03,0.000000000000000000e+00,0.000000000000000000e+00,0.000000000000000000e+00,3.533568904593664683e-03,0.000000000000000000e+00,0.000000000000000000e+00,0.000000000000000000e+00,0.000000000000000000e+00,0.000000000000000000e+00,0.000000000000000000e+00,0.000000000000000000e+00,0.000000000000000000e+00,7.042253521126751181e-03,0.000000000000000000e+00,7.067137809187329367e-03,3.546099290780091451e-03,0.000000000000000000e+00,0.000000000000000000e+00,0.000000000000000000e+00,0.000000000000000000e+00,0.000000000000000000e+00,0.000000000000000000e+00,0.000000000000000000e+00,0.000000000000000000e+00,0.000000000000000000e+00,0.000000000000000000e+00,0.000000000000000000e+00,0.000000000000000000e+00,0.000000000000000000e+00,0.000000000000000000e+00,3.521126760563375591e-03,0.000000000000000000e+00,0.000000000000000000e+00,0.000000000000000000e+00,3.521126760563375591e-03,3.521126760563375591e-03,0.000000000000000000e+00,0.000000000000000000e+00,3.676470588235281056e-03,0.000000000000000000e+00,3.521126760563375591e-03,4.823943661971831220e-01,0.000000000000000000e+00,0.000000000000000000e+00,0.000000000000000000e+00,0.000000000000000000e+00,0.000000000000000000e+00,0.000000000000000000e+00,0.000000000000000000e+00,0.000000000000000000e+00,0.000000000000000000e+00,0.000000000000000000e+00,0.000000000000000000e+00,0.000000000000000000e+00,0.000000000000000000e+00,0.000000000000000000e+00,3.663003663003649990e-03,3.508771929824572311e-03,0.000000000000000000e+00,1.060070671378088303e-02,0.000000000000000000e+00,1.403508771929828924e-02,0.000000000000000000e+00,0.000000000000000000e+00,3.663003663003649990e-03,0.000000000000000000e+00,0.000000000000000000e+00,0.000000000000000000e+00,0.000000000000000000e+00,0.000000000000000000e+00,0.000000000000000000e+00,3.508771929824572311e-03,3.521126760563375591e-03,0.000000000000000000e+00,0.000000000000000000e+00,3.508771929824572311e-03,0.000000000000000000e+00,0.000000000000000000e+00,0.000000000000000000e+00,0.000000000000000000e+00,3.649635036496401419e-03,7.042253521126751181e-03,1.052631578947371693e-02,0.000000000000000000e+00,0.000000000000000000e+00,0.000000000000000000e+00,3.508771929824572311e-03,0.000000000000000000e+00,0.000000000000000000e+00,0.000000000000000000e+00,0.000000000000000000e+00,0.000000000000000000e+00,0.000000000000000000e+00,1.403508771929828924e-02,3.521126760563375591e-03,7.352941176470562112e-03,1.408450704225350236e-02,0.000000000000000000e+00,0.000000000000000000e+00,0.000000000000000000e+00,1.000000000000000000e+00,0.000000000000000000e+00,0.000000000000000000e+00,0.000000000000000000e+00,0.000000000000000000e+00,0.000000000000000000e+00,0.000000000000000000e+00,8.140350877192982226e-01,0.000000000000000000e+00,3.676470588235281056e-03,0.000000000000000000e+00,0.000000000000000000e+00,0.000000000000000000e+00,0.000000000000000000e+00,0.000000000000000000e+00,0.000000000000000000e+00,7.067137809187329367e-03,0.000000000000000000e+00,0.000000000000000000e+00,0.000000000000000000e+00,3.521126760563375591e-03,3.521126760563375591e-03,3.521126760563375591e-03
1.167315175097272117e-02,1.176470588235289938e-02,3.100775193798455120e-02,0.000000000000000000e+00,1.550387596899227560e-02,2.371541501976281996e-02,3.937007874015752140e-02,1.167315175097272117e-02,7.843137254901932920e-03,1.176470588235289938e-02,3.875968992248068901e-03,1.176470588235289938e-02,8.064516129032250902e-03,3.112840466926070082e-02,1.574803149606296415e-02,1.626016260162599369e-02,0.000000000000000000e+00,7.812500000000000000e-03,3.875968992248068901e-03,3.875968992248068901e-03,1.162790697674420670e-02,0.000000000000000000e+00,7.812500000000000000e-03,1.937984496124034450e-02,0.000000000000000000e+00,3.891050583657573725e-03,3.571428571428569843e-02,1.556420233463029490e-02,3.875968992248057798e-02,3.875968992248068901e-03,0.000000000000000000e+00,1.574803149606296415e-02,0.000000000000000000e+00,0.000000000000000000e+00,0.000000000000000000e+00,3.100775193798455120e-02,0.000000000000000000e+00,7.874015748031482076e-03,8.032128514056213753e-03,1.550387596899227560e-02,0.000000000000000000e+00,1.945525291828797965e-02,1.171875000000000000e-02,1.162790697674420670e-02,2.723735408560312710e-02,0.000000000000000000e+00,2.734375000000000000e-02,1.953125000000000000e-02,0.000000000000000000e+00,7.751937984496137801e-03,4.247104247104249719e-02,1.937984496124034450e-02,0.000000000000000000e+00,0.000000000000000000e+00,3.474903474903479061e-02,3.861003861003853288e-03,7.751937984496137801e-03,1.937984496124034450e-02,0.000000000000000000e+00,0.000000000000000000e+00,3.088803088803093733e-02,3.861003861003853288e-03,0.000000000000000000e+00,0.000000000000000000e+00,3.875968992248068901e-03,3.875968992248068901e-03,3.861003861003853288e-03,1.162790697674420670e-02,7.782101167315147450e-03,7.722007722007706576e-03,0.000000000000000000e+00,3.875968992248068901e-03,1.167315175097272117e-02,7.751937984496137801e-03,7.751937984496137801e-03,0.000000000000000000e+00,0.000000000000000000e+00,3.802281368821325280e-03,3.891050583657573725e-03,0.000000000000000000e+00,0.000000000000000000e+00,0.000000000000000000e+00,0.000000000000000000e+00,0.000000000000000000e+00,1.158301158301155986e-02,7.692307692307664979e-03,7.722007722007706576e-03,2.316602316602311973e-02,1.167315175097272117e-02,0.000000000000000000e+00,0.000000000000000000e+00,0.000000000000000000e+00,0.000000000000000000e+00,0.000000000000000000e+00,1.162790697674420670e-02,3.861003861003853288e-03,0.000000000000000000e+00,7.722007722007706576e-03,7.722007722007706576e-03,0.000000000000000000e+00,0.000000000000000000e+00,2.316602316602311973e-02,7.722007722007706576e-03,1.550387596899227560e-02,0.000000000000000000e+00,3.088803088803093733e-02,1.162790697674420670e-02,3.861003861003864390e-02,2.702702702702697302e-02,1.167315175097272117e-02,1.930501930501926644e-02,0.000000000000000000e+00,0.000000000000000000e+00,7.751937984496137801e-03,0.000000000000000000e+00,0.000000000000000000e+00,7.782101167315147450e-03,7.751937984496137801e-03,0.000000000000000000e+00,1.000000000000000000e+00,3.891050583657573725e-03,7.722007722007706576e-03,0.000000000000000000e+00,7.751937984496137801e-03,1.923076923076927347e-02,0.000000000000000000e+00,1.158301158301155986e-02,0.000000000000000000e+00,0.000000000000000000e+00,0.000000000000000000e+00,2.702702702702697302e-02,3.861003861003853288e-03,1.158301158301155986e-02,0.000000000000000000e+00,0.000000000000000000e+00,0.000000000000000000e+00,3.100775193798455120e-02,1.176470588235289938e-02,0.000000000000000000e+00,0.000000000000000000e+00,0.000000000000000000e+00
1.520912547528519010e-02,9.176029962546816687e-01,7.604562737642539538e-03,0.000000000000000000e+00,2.272727272727270709e-02,1.158301158301155986e-02,1.149425287356320435e-02,3.409090909090906063e-02,1.532567049808430948e-02,9.135338345864661980e-01,1.893939393939392257e-02,2.298850574712640871e-02,2.755905511811018727e-02,1.526717557251910939e-02,9.396226415094339757e-01,2.134387351778656017e-01,0.000000000000000000e+00,3.053435114503821879e-02,1.136363636363635354e-02,3.787878787878784514e-02,1.893939393939392257e-02,0.000000000000000000e+00,9.325842696629214057e-01,2.651515151515149160e-02,0.000000000000000000e+00,1.901140684410651538e-02,1.550387596899227560e-02,3.041825095057038020e-02,3.041825095057038020e-02,1.136363636363635354e-02,0.000000000000000000e+00,9.358490566037735992e-01,0.000000000000000000e+00,0.000000000000000000e+00,1.293103448275867429e-02,1.140684410646386482e-02,0.000000000000000000e+00,1.153846153846149747e-02,1.960784313725494332e-02,1.893939393939392257e-02,0.000000000000000000e+00,1.358490566037735547e-01,3.816793893129721837e-03,2.651515151515149160e-02,1.145038167938927653e-02,0.000000000000000000e+00,1.149425287356320435e-02,3.816793893129721837e-03,0.000000000000000000e+00,1.136363636363635354e-02,1.136363636363635354e-02,1.140684410646386482e-02,0.000000000000000000e+00,0.000000000000000000e+00,1.132075471698112956e-02,2.631578947368418131e-02,1.136363636363635354e-02,2.651515151515149160e-02,0.000000000000000000e+00,0.000000000000000000e+00,7.575757575757569029e-03,1.509433962264150608e-02,0.000000000000000000e+00,1.509433962264150608e-02,7.575757575757569029e-03,1.893939393939392257e-02,1.509433962264150608e-02,2.641509433962263564e-02,9.330855018587360661e-01,1.509433962264150608e-02,0.000000000000000000e+00,2.651515151515149160e-02,2.651515151515149160e-02,3.018867924528301216e-02,2.272727272727270709e-02,0.000000000000000000e+00,0.000000000000000000e+00,0.000000000000000000e+00,7.604562737642539538e-03,0.000000000000000000e+00,0.000000000000000000e+00,0.000000000000000000e+00,1.886792452830188260e-02,0.000000000000000000e+00,2.272727272727270709e-02,1.503759398496240518e-02,1.127819548872177613e-02,1.886792452830188260e-02,9.219330855018587068e-01,0.000000000000000000e+00,0.000000000000000000e+00,0.000000000000000000e+00,0.000000000000000000e+00,0.000000000000000000e+00,3.773584905660376521e-02,2.255639097744366328e-02,0.000000000000000000e+00,1.515151515151513806e-02,2.255639097744366328e-02,0.000000000000000000e+00,0.000000000000000000e+00,7.575757575757569029e-03,1.879699248120303423e-02,1.515151515151513806e-02,0.000000000000000000e+00,7.547169811320753041e-03,3.409090909090906063e-02,1.886792452830188260e-02,2.264150943396225912e-02,1.140684410646386482e-02,1.136363636363635354e-02,3.703703703703653538e-03,0.000000000000000000e+00,3.787878787878784514e-03,0.000000000000000000e+00,0.000000000000000000e+00,9.330855018587360661e-01,2.272727272727270709e-02,0.000000000000000000e+00,3.891050583657573725e-03,1.000000000000000000e+00,4.528301886792451825e-02,1.132075471698112956e-02,3.030303030303027612e-02,1.503759398496240518e-02,0.000000000000000000e+00,1.886792452830188260e-02,1.515151515151513806e-02,1.136363636363635354e-02,0.000000000000000000e+00,7.575757575757569029e-03,1.132075471698112956e-02,3.396226415094338869e-02,0.000000000000000000e+00,0.000000000000000000e+00,0.000000000000000000e+00,2.272727272727270709e-02,1.149425287356320435e-02,3.703703703703653538e-03,3.703703703703653538e-03,3.703703703703653538e-03
2.631578947368418131e-02,3.802281368821291974e-02,1.879699248120303423e-02,0.000000000000000000e+00,3.085501858736059422e-01,1.915708812260541460e-02,1.901140684410651538e-02,3.059701492537313383e-01,1.520912547528519010e-02,3.802281368821291974e-02,3.134328358208955390e-01,1.901140684410651538e-02,2.984496124031007502e-01,2.264150943396225912e-02,3.831417624521071819e-02,1.190476190476186247e-02,3.676470588235281056e-03,4.924242424242419869e-02,6.741573033707870533e-02,4.119850187265916563e-02,4.868913857677903412e-02,0.000000000000000000e+00,5.323193916349810983e-02,3.773584905660376521e-02,0.000000000000000000e+00,1.886792452830188260e-02,2.307692307692310596e-02,1.893939393939392257e-02,2.631578947368418131e-02,8.239700374531833127e-02,0.000000000000000000e+00,3.065134099616861896e-02,0.000000000000000000e+00,0.000000000000000000e+00,2.127659574468088177e-02,3.773584905660376521e-02,0.000000000000000000e+00,2.661596958174905492e-02,3.088803088803089292e-01,2.985074626865671377e-01,7.352941176470562112e-03,1.886792452830188260e-02,4.166666666666662966e-02,2.973977695167285829e-01,2.641509433962263564e-02,0.000000000000000000e+00,1.901140684410651538e-02,1.509433962264150608e-02,0.000000000000000000e+00,7.490636704119846279e-02,3.007518796992481036e-02,4.609665427509294089e-01,0.000000000000000000e+00,0.000000000000000000e+00,2.996254681647936291e-02,4.089219330855020651e-02,4.349442379182155705e-01,3.018867924528301216e-02,0.000000000000000000e+00,0.000000000000000000e+00,2.621722846441942867e-02,7.835820895522382923e-02,0.000000000000000000e+00,4.850746268656713767e-02,3.481481481481480955e-01,3.481481481481480955e-01,7.462686567164178442e-02,7.089552238805973960e-02,4.150943396226414173e-02,2.621722846441942867e-02,0.000000000000000000e+00,7.527675276752767708e-01,2.264150943396225912e-02,9.701492537313427533e-02,4.185185185185185119e-01,0.000000000000000000e+00,0.000000000000000000e+00,7.352941176470562112e-03,3.383458646616543941e-02,0.000000000000000000e+00,0.000000000000000000e+00,0.000000000000000000e+00,4.037037037037036757e-01,0.000000000000000000e+00,3.085501858736059422e-01,4.089219330855020651e-02,3.358208955223884740e-02,1.498127340823973697e-02,4.528301886792451825e-02,0.000000000000000000e+00,0.000000000000000000e+00,0.000000000000000000e+00,0.000000000000000000e+00,0.000000000000000000e+00,6.185185185185184675e-01,3.037037037037036979e-01,0.000000000000000000e+00,5.444444444444445086e-01,3.358208955223884740e-02,3.663003663003649990e-03,0.000000000000000000e+00,1.498127340823973697e-02,3.731343283582089221e-02,5.018587360594795044e-01,0.000000000000000000e+00,4.868913857677903412e-02,3.396226415094338869e-02,4.868913857677903412e-02,5.243445692883896836e-02,2.264150943396225912e-02,2.247191011235960545e-02,0.000000000000000000e+00,0.000000000000000000e+00,4.222222222222222765e-01,0.000000000000000000e+00,0.000000000000000000e+00,5.283018867924527129e-02,8.988764044943819975e-02,0.000000000000000000e+00,7.722007722007706576e-03,4.528301886792451825e-02,1.000000000000000000e+00,4.104477611940293702e-02,2.973977695167285829e-01,1.872659176029967121e-02,0.000000000000000000e+00,3.111111111111111160e-01,4.148148148148148584e-01,1.123595505617980272e-02,0.000000000000000000e+00,7.490636704119868483e-03,4.104477611940293702e-02,8.523985239852398532e-01,0.000000000000000000e+00,0.000000000000000000e+00,0.000000000000000000e+00,4.887218045112784459e-02,4.182509505703424502e-02,0.000000000000000000e+00,0.000000000000000000e+00,0.000000000000000000e+00
4.888059701492537545e-01,1.520912547528519010e-02,1.503759398496240518e-02,0.000000000000000000e+00,7.116104868913852854e-02,2.681992337164751383e-02,1.140684410646386482e-02,5.617977528089890260e-02,1.515151515151513806e-02,1.901140684410651538e-02,7.116104868913852854e-02,7.604562737642539538e-03,6.614785992217897537e-02,2.264150943396225912e-02,2.671755725190838593e-02,7.905138339920902979e-03,0.000000000000000000e+00,4.150943396226414173e-02,5.223880597014929350e-02,4.349442379182155705e-01,4.572490706319702891e-01,0.000000000000000000e+00,1.893939393939392257e-02,1.127819548872177613e-02,0.000000000000000000e+00,1.503759398496240518e-02,3.076923076923077094e-02,3.018867924528301216e-02,2.255639097744366328e-02,5.597014925373133831e-02,0.000000000000000000e+00,2.290076335877866409e-02,0.000000000000000000e+00,0.000000000000000000e+00,1.702127659574470542e-02,0.000000000000000000e+00,0.000000000000000000e+00,7.604562737642539538e-03,6.201550387596899139e-02,6.367041198501877108e-02,0.000000000000000000e+00,1.503759398496240518e-02,3.773584905660376521e-03,5.970149253731338312e-02,1.886792452830188260e-02,0.000000000000000000e+00,1.515151515151513806e-02,1.509433962264150608e-02,0.000000000000000000e+00,5.597014925373133831e-02,2.247191011235960545e-02,6.367041198501877108e-02,3.663003663003649990e-03,0.000000000000000000e+00,2.247191011235960545e-02,4.629629629629629095e-01,5.243445692883896836e-02,2.621722846441942867e-02,0.000000000000000000e+00,0.000000000000000000e+00,2.247191011235960545e-02,5.204460966542745481e-02,0.000000000000000000e+00,9.301470588235294379e-01,5.243445692883896836e-02,5.223880597014929350e-02,2.602230483271372741e-02,7.434944237918217347e-02,7.547169811320753041e-03,6.111111111111111605e-01,0.000000000000000000e+00,4.494382022471909988e-02,2.255639097744366328e-02,6.716417910447758377e-02,5.597014925373133831e-02,0.000000000000000000e+00,0.000000000000000000e+00,0.000000000000000000e+00,3.745318352059934242e-03,0.000000000000000000e+00,0.000000000000000000e+00,0.000000000000000000e+00,5.970149253731338312e-02,0.000000000000000000e+00,7.116104868913852854e-02,8.419117647058823595e-01,8.897058823529411242e-01,1.123595505617980272e-02,3.773584905660376521e-03,0.000000000000000000e+00,0.000000000000000000e+00,0.000000000000000000e+00,0.000000000000000000e+00,0.000000000000000000e+00,5.223880597014929350e-02,4.460966542750932629e-02,0.000000000000000000e+00,7.462686567164178442e-02,4.962962962962963465e-01,3.663003663003649990e-03,0.000000000000000000e+00,1.123595505617980272e-02,5.313653136531365506e-01,5.992509363295883684e-02,0.000000000000000000e+00,5.970149253731338312e-02,1.872659176029967121e-02,7.462686567164178442e-02,7.462686567164178442e-02,2.255639097744366328e-02,1.498127340823973697e-02,0.000000000000000000e+00,0.000000000000000000e+00,5.992509363295883684e-02,0.000000000000000000e+00,0.000000000000000000e+00,7.547169811320753041e-03,4.477611940298509285e-02,0.000000000000000000e+00,0.000000000000000000e+00,1.132075471698112956e-02,4.104477611940293702e-02,1.000000000000000000e+00,6.367041198501877108e-02,1.492537313432840129e-02,0.000000000000000000e+00,5.970149253731338312e-02,5.597014925373133831e-02,1.498127340823973697e-02,0.000000000000000000e+00,1.498127340823973697e-02,5.518518518518518157e-01,2.611940298507464675e-02,0.000000000000000000e+00,0.000000000000000000e+00,0.000000000000000000e+00,6.343283582089553896e-02,7.575757575757569029e-03,0.000000000000000000e+00,0.000000000000000000e+00,0.000000000000000000e+00
5.263157894736847364e-02,2.671755725190838593e-02,4.150943396226414173e-02,0.000000000000000000e+00,3.358208955223880299e-01,3.076923076923077094e-02,1.526717557251910939e-02,3.595505617977527990e-01,2.281368821292772964e-02,2.671755725190838593e-02,3.595505617977527990e-01,2.281368821292772964e-02,3.294573643410853014e-01,5.681818181818176772e-02,3.076923076923077094e-02,1.984126984126988180e-02,0.000000000000000000e+00,2.661596958174905492e-02,6.367041198501877108e-02,5.617977528089890260e-02,4.119850187265916563e-02,0.000000000000000000e+00,3.041825095057038020e-02,1.132075471698112956e-02,0.000000000000000000e+00,1.509433962264150608e-02,2.316602316602311973e-02,1.893939393939392257e-02,4.528301886792451825e-02,6.741573033707870533e-02,0.000000000000000000e+00,3.076923076923077094e-02,0.000000000000000000e+00,0.000000000000000000e+00,2.136752136752140263e-02,3.018867924528301216e-02,0.000000000000000000e+00,3.053435114503821879e-02,3.527131782945736038e-01,3.432835820895522305e-01,0.000000000000000000e+00,3.030303030303027612e-02,3.409090909090906063e-02,3.395522388059701857e-01,4.924242424242419869e-02,0.000000000000000000e+00,2.661596958174905492e-02,1.136363636363635354e-02,0.000000000000000000e+00,6.741573033707870533e-02,3.007518796992481036e-02,3.208955223880597396e-01,0.000000000000000000e+00,3.676470588235281056e-03,3.370786516853929715e-02,5.970149253731338312e-02,4.141791044776119701e-01,1.509433962264150608e-02,0.000000000000000000e+00,0.000000000000000000e+00,3.007518796992481036e-02,7.462686567164178442e-02,0.000000000000000000e+00,7.116104868913852854e-02,3.880597014925373234e-01,3.828996282527881156e-01,6.343283582089553896e-02,5.243445692883896836e-02,2.651515151515149160e-02,7.116104868913852854e-02,0.000000000000000000e+00,3.134328358208955390e-01,2.264150943396225912e-02,5.617977528089890260e-02,3.977695167286244837e-01,0.000000000000000000e+00,0.000000000000000000e+00,3.690036900368953710e-03,4.150943396226414173e-02,3.676470588235281056e-03,0.000000000000000000e+00,0.000000000000000000e+00,3.791821561338289959e-01,0.000000000000000000e+00,9.594095940959409541e-01,6.716417910447758377e-02,6.343283582089553896e-02,1.879699248120303423e-02,2.651515151515149160e-02,0.000000000000000000e+00,0.000000000000000000e+00,0.000000000000000000e+00,0.000000000000000000e+00,0.000000000000000000e+00,3.605947955390335080e-01,3.605947955390335080e-01,0.000000000000000000e+00,3.234200743494424213e-01,5.597014925373133831e-02,3.676470588235281056e-03,0.000000000000000000e+00,3.370786516853929715e-02,5.223880597014929350e-02,3.283582089552238292e-01,0.000000000000000000e+00,5.617977528089890260e-02,1.509433962264150608e-02,5.617977528089890260e-02,6.390977443609024977e-02,2.651515151515149160e-02,1.879699248120303423e-02,3.676470588235281056e-03,0.000000000000000000e+00,3.791821561338289959e-01,0.000000000000000000e+00,0.000000000000000000e+00,2.651515151515149160e-02,7.142857142857139685e-02,0.000000000000000000e+00,7.751937984496137801e-03,3.030303030303027612e-02,2.973977695167285829e-01,6.367041198501877108e-02,1.000000000000000000e+00,1.498127340823973697e-02,0.000000000000000000e+00,3.420074349442379091e-01,4.052044609665427233e-01,3.007518796992481036e-02,0.000000000000000000e+00,2.631578947368418131e-02,8.582089552238802987e-02,3.134328358208955390e-01,0.000000000000000000e+00,0.000000000000000000e+00,0.000000000000000000e+00,4.887218045112784459e-02,3.816793893129766246e-02,0.000000000000000000e+00,0.000000000000000000e+00,0.000000000000000000e+00
3.759398496240629051e-03,7.575757575757569029e-03,1.119402985074626766e-01,0.000000000000000000e+00,1.123595505617980272e-02,7.633587786259554697e-03,1.169811320754716721e-01,1.123595505617980272e-02,3.030303030303027612e-02,1.893939393939392257e-02,1.123595505617980272e-02,2.406015037593984829e-01,1.167315175097272117e-02,1.015037593984962072e-01,1.145038167938927653e-02,7.905138339920902979e-03,0.000000000000000000e+00,6.390977443609024977e-02,2.611940298507464675e-02,7.490636704119868483e-03,1.123595505617980272e-02,0.000000000000000000e+00,2.272727272727270709e-02,3.745318352059923139e-02,0.000000000000000000e+00,3.759398496240606846e-02,1.149425287356320435e-02,2.641509433962263564e-02,9.328358208955223052e-02,2.611940298507464675e-02,0.000000000000000000e+00,1.526717557251910939e-02,0.000000000000000000e+00,0.000000000000000000e+00,3.389830508474578341e-02,2.313432835820895539e-01,0.000000000000000000e+00,2.651515151515149160e-02,1.550387596899227560e-02,7.490636704119868483e-03,0.000000000000000000e+00,1.872659176029967121e-02,1.503759398496240518e-02,2.247191011235960545e-02,8.614232209737826551e-02,0.000000000000000000e+00,2.218045112781954487e-01,1.127819548872177613e-02,0.000000000000000000e+00,2.238805970149249092e-02,1.040892193308550207e-01,1.879699248120303423e-02,0.000000000000000000e+00,0.000000000000000000e+00,1.040892193308550207e-01,2.230483271375460763e-02,1.872659176029967121e-02,2.247191011235960545e-02,0.000000000000000000e+00,0.000000000000000000e+00,9.293680297397766132e-02,2.230483271375460763e-02,0.000000000000000000e+00,1.492537313432840129e-02,1.123595505617980272e-02,7.462686567164200646e-03,2.230483271375460763e-02,2.611940298507464675e-02,1.879699248120303423e-02,2.985074626865669156e-02,0.000000000000000000e+00,2.621722846441942867e-02,3.759398496240606846e-02,2.611940298507464675e-02,1.865671641791044610e-02,0.000000000000000000e+00,0.000000000000000000e+00,0.000000000000000000e+00,1.498127340823973697e-02,0.000000000000000000e+00,0.000000000000000000e+00,0.000000000000000000e+00,0.000000000000000000e+00,0.000000000000000000e+00,1.872659176029967121e-02,1.486988847583647910e-02,1.486988847583647910e-02,2.370370370370370461e-01,1.879699248120303423e-02,0.000000000000000000e+00,0.000000000000000000e+00,0.000000000000000000e+00,0.000000000000000000e+00,0.000000000000000000e+00,1.492537313432840129e-02,1.115241635687735933e-02,0.000000000000000000e+00,1.872659176029967121e-02,7.434944237918239551e-03,0.000000000000000000e+00,0.000000000000000000e+00,9.665427509293678110e-02,1.115241635687735933e-02,1.498127340823973697e-02,0.000000000000000000e+00,3.731343283582089221e-02,1.123595505617980272e-02,3.731343283582089221e-02,2.985074626865669156e-02,2.631578947368418131e-02,2.407407407407406996e-01,0.000000000000000000e+00,0.000000000000000000e+00,1.498127340823973697e-02,0.000000000000000000e+00,0.000000000000000000e+00,1.879699248120303423e-02,1.498127340823973697e-02,0.000000000000000000e+00,1.923076923076927347e-02,1.503759398496240518e-02,1.872659176029967121e-02,1.492537313432840129e-02,1.498127340823973697e-02,1.000000000000000000e+00,0.000000000000000000e+00,1.119402985074624546e-02,3.745318352059934242e-03,1.865671641791044610e-02,0.000000000000000000e+00,8.550185873605953280e-02,1.492537313432840129e-02,1.123595505617980272e-02,0.000000000000000000e+00,0.000000000000000000e+00,0.000000000000000000e+00,4.494382022471909988e-02,1.136363636363635354e-02,0.000000000000000000e+00,0.000000000000000000e+00,0.000000000000000000e+00
0.000000000000000000e+00,0.000000000000000000e+00,0.000000000000000000e+00,0.000000000000000000e+00,3.676470588235281056e-03,0.000000000000000000e+00,0.000000000000000000e+00,0.000000000000000000e+00,0.000000000000000000e+00,0.000000000000000000e+00,0.000000000000000000e+00,0.000000000000000000e+00,0.000000000000000000e+00,0.000000000000000000e+00,0.000000000000000000e+00,0.000000000000000000e+00,7.067137809187329367e-03,0.000000000000000000e+00,0.000000000000000000e+00,0.000000000000000000e+00,0.000000000000000000e+00,7.042253521126751181e-03,3.731343283582044812e-03,0.000000000000000000e+00,3.508771929824572311e-03,0.000000000000000000e+00,0.000000000000000000e+00,0.000000000000000000e+00,0.000000000000000000e+00,0.000000000000000000e+00,1.056338028169012677e-02,0.000000000000000000e+00,7.042253521126751181e-03,3.546099290780091451e-03,0.000000000000000000e+00,0.000000000000000000e+00,0.000000000000000000e+00,0.000000000000000000e+00,0.000000000000000000e+00,0.000000000000000000e+00,0.000000000000000000e+00,0.000000000000000000e+00,0.000000000000000000e+00,0.000000000000000000e+00,0.000000000000000000e+00,0.000000000000000000e+00,0.000000000000000000e+00,0.000000000000000000e+00,3.521126760563375591e-03,0.000000000000000000e+00,0.000000000000000000e+00,0.000000000000000000e+00,0.000000000000000000e+00,3.521126760563375591e-03,0.000000000000000000e+00,0.000000000000000000e+00,3.676470588235281056e-03,0.000000000000000000e+00,3.521126760563375591e-03,4.647887323943662441e-01,0.000000000000000000e+00,0.000000000000000000e+00,0.000000000000000000e+00,0.000000000000000000e+00,0.000000000000000000e+00,0.000000000000000000e+00,0.000000000000000000e+00,0.000000000000000000e+00,0.000000000000000000e+00,0.000000000000000000e+00,0.000000000000000000e+00,0.000000000000000000e+00,0.000000000000000000e+00,0.000000000000000000e+00,3.663003663003649990e-03,1.052631578947371693e-02,0.000000000000000000e+00,1.413427561837454771e-02,0.000000000000000000e+00,1.754385964912286155e-02,3.521126760563375591e-03,0.000000000000000000e+00,3.663003663003649990e-03,0.000000000000000000e+00,0.000000000000000000e+00,0.000000000000000000e+00,0.000000000000000000e+00,0.000000000000000000e+00,0.000000000000000000e+00,3.508771929824572311e-03,3.508771929824572311e-03,0.000000000000000000e+00,0.000000000000000000e+00,3.508771929824572311e-03,0.000000000000000000e+00,0.000000000000000000e+00,0.000000000000000000e+00,0.000000000000000000e+00,3.649635036496401419e-03,7.042253521126751181e-03,1.052631578947371693e-02,0.000000000000000000e+00,0.000000000000000000e+00,0.000000000000000000e+00,3.508771929824572311e-03,0.000000000000000000e+00,0.000000000000000000e+00,0.000000000000000000e+00,0.000000000000000000e+00,0.000000000000000000e+00,0.000000000000000000e+00,1.403508771929828924e-02,3.521126760563375591e-03,7.352941176470562112e-03,1.760563380281687795e-02,1.052631578947371693e-02,0.000000000000000000e+00,0.000000000000000000e+00,8.140350877192982226e-01,0.000000000000000000e+00,0.000000000000000000e+00,0.000000000000000000e+00,0.000000000000000000e+00,0.000000000000000000e+00,0.000000000000000000e+00,1.000000000000000000e+00,0.000000000000000000e+00,3.676470588235281056e-03,0.000000000000000000e+00,0.000000000000000000e+00,0.000000000000000000e+00,0.000000000000000000e+00,0.000000000000000000e+00,7.067137809187329367e-03,1.060070671378088303e-02,0.000000000000000000e+00,0.000000000000000000e+00,0.000000000000000000e+00,3.521126760563375591e-03,7.042253521126751181e-03,7.042253521126751181e-03
5.617977528089890260e-02,2.281368821292772964e-02,2.631578947368418131e-02,0.000000000000000000e+00,7.970479704797047704e-01,2.298850574712640871e-02,1.520912547528519010e-02,7.785977859778597798e-01,1.136363636363635354e-02,2.281368821292772964e-02,4.758364312267657770e-01,7.604562737642539538e-03,7.923076923076922684e-01,3.396226415094338869e-02,1.908396946564883123e-02,1.185770750988146549e-02,3.676470588235281056e-03,5.303030303030298320e-02,6.716417910447758377e-02,8.582089552238802987e-02,8.582089552238802987e-02,0.000000000000000000e+00,1.893939393939392257e-02,3.383458646616543941e-02,3.663003663003649990e-03,1.127819548872177613e-02,1.153846153846149747e-02,3.396226415094338869e-02,4.135338345864658649e-02,6.716417910447758377e-02,0.000000000000000000e+00,1.526717557251910939e-02,0.000000000000000000e+00,0.000000000000000000e+00,8.510638297872352709e-03,2.631578947368418131e-02,0.000000000000000000e+00,1.520912547528519010e-02,7.938931297709923562e-01,8.044280442804427889e-01,0.000000000000000000e+00,1.879699248120303423e-02,2.641509433962263564e-02,8.007380073800738352e-01,3.773584905660376521e-02,0.000000000000000000e+00,2.281368821292772964e-02,1.127819548872177613e-02,0.000000000000000000e+00,6.716417910447758377e-02,3.370786516853929715e-02,3.271375464684015411e-01,0.000000000000000000e+00,0.000000000000000000e+00,1.492537313432840129e-02,5.947955390334569437e-02,3.717472118959107563e-01,3.759398496240606846e-02,0.000000000000000000e+00,0.000000000000000000e+00,3.370786516853929715e-02,7.063197026022305369e-02,0.000000000000000000e+00,6.716417910447758377e-02,3.866171003717472354e-01,3.777777777777777679e-01,6.691449814126393392e-02,6.319702602230481414e-02,1.886792452830188260e-02,6.343283582089553896e-02,0.000000000000000000e+00,3.011152416356877026e-01,3.383458646616543941e-02,5.947955390334569437e-02,3.555555555555555136e-01,3.649635036496401419e-03,0.000000000000000000e+00,3.676470588235281056e-03,1.879699248120303423e-02,0.000000000000000000e+00,0.000000000000000000e+00,0.000000000000000000e+00,3.629629629629629317e-01,0.000000000000000000e+00,3.382899628252787894e-01,7.063197026022305369e-02,4.832713754646844606e-02,2.247191011235960545e-02,1.886792452830188260e-02,0.000000000000000000e+00,0.000000000000000000e+00,0.000000000000000000e+00,0.000000000000000000e+00,3.663003663003649990e-03,3.962962962962962576e-01,9.706959706959706891e-01,0.000000000000000000e+00,3.333333333333333703e-01,5.576208178438657459e-02,3.663003663003649990e-03,0.000000000000000000e+00,1.498127340823973697e-02,5.204460966542745481e-02,3.345724907063196696e-01,0.000000000000000000e+00,4.477611940298509285e-02,3.759398496240606846e-02,4.104477611940293702e-02,5.223880597014929350e-02,2.255639097744366328e-02,1.123595505617980272e-02,3.663003663003649990e-03,0.000000000000000000e+00,3.777777777777777679e-01,0.000000000000000000e+00,0.000000000000000000e+00,1.509433962264150608e-02,7.089552238805973960e-02,0.000000000000000000e+00,1.158301158301155986e-02,1.886792452830188260e-02,3.111111111111111160e-01,5.970149253731338312e-02,3.420074349442379091e-01,1.119402985074624546e-02,0.000000000000000000e+00,1.000000000000000000e+00,3.903345724907063552e-01,1.498127340823973697e-02,0.000000000000000000e+00,3.370786516853929715e-02,7.434944237918217347e-02,3.074074074074074625e-01,0.000000000000000000e+00,0.000000000000000000e+00,0.000000000000000000e+00,5.243445692883896836e-02,2.651515151515149160e-02,0.000000000000000000e+00,0.000000000000000000e+00,0.000000000000000000e+00
4.887218045112784459e-02,2.290076335877866409e-02,1.886792452830188260e-02,0.000000000000000000e+00,3.656716417910447214e-01,1.538461538461532996e-02,1.526717557251910939e-02,3.656716417910447214e-01,3.802281368821291974e-02,2.290076335877866409e-02,3.917910447761193682e-01,2.661596958174905492e-02,3.488372093023255349e-01,3.409090909090906063e-02,1.532567049808430948e-02,3.968253968253954156e-03,3.690036900368953710e-03,3.030303030303027612e-02,7.116104868913852854e-02,4.868913857677903412e-02,3.370786516853929715e-02,0.000000000000000000e+00,1.520912547528519010e-02,3.773584905660376521e-02,0.000000000000000000e+00,2.641509433962263564e-02,1.544401544401541315e-02,2.272727272727270709e-02,3.396226415094338869e-02,7.490636704119846279e-02,0.000000000000000000e+00,1.915708812260541460e-02,0.000000000000000000e+00,0.000000000000000000e+00,1.709401709401714431e-02,3.018867924528301216e-02,0.000000000000000000e+00,3.053435114503821879e-02,3.513513513513513153e-01,3.507462686567164312e-01,3.676470588235281056e-03,2.651515151515149160e-02,3.787878787878784514e-02,3.531598513011152685e-01,3.787878787878784514e-02,0.000000000000000000e+00,2.281368821292772964e-02,3.787878787878784514e-03,0.000000000000000000e+00,7.490636704119846279e-02,3.759398496240606846e-02,4.498141263940520496e-01,0.000000000000000000e+00,3.676470588235281056e-03,3.370786516853929715e-02,4.104477611940293702e-02,7.888888888888888618e-01,3.018867924528301216e-02,0.000000000000000000e+00,0.000000000000000000e+00,4.135338345864658649e-02,7.462686567164178442e-02,0.000000000000000000e+00,6.343283582089553896e-02,5.222222222222221433e-01,5.074074074074074181e-01,5.970149253731338312e-02,7.835820895522382923e-02,2.272727272727270709e-02,4.494382022471909988e-02,0.000000000000000000e+00,4.163568773234200826e-01,2.641509433962263564e-02,7.116104868913852854e-02,7.896678966789667520e-01,0.000000000000000000e+00,0.000000000000000000e+00,1.107011070110697215e-02,4.150943396226414173e-02,0.000000000000000000e+00,0.000000000000000000e+00,0.000000000000000000e+00,7.859778597785977983e-01,0.000000000000000000e+00,3.903345724907063552e-01,5.597014925373133831e-02,5.970149253731338312e-02,2.255639097744366328e-02,1.893939393939392257e-02,0.000000000000000000e+00,0.000000000000000000e+00,0.000000000000000000e+00,0.000000000000000000e+00,0.000000000000000000e+00,5.111111111111110716e-01,3.666666666666666963e-01,0.000000000000000000e+00,4.666666666666666741e-01,2.985074626865669156e-02,0.000000000000000000e+00,0.000000000000000000e+00,1.872659176029967121e-02,5.223880597014929350e-02,4.609665427509294089e-01,0.000000000000000000e+00,5.243445692883896836e-02,1.509433962264150608e-02,5.243445692883896836e-02,5.243445692883896836e-02,2.272727272727270709e-02,2.255639097744366328e-02,0.000000000000000000e+00,0.000000000000000000e+00,7.859778597785977983e-01,0.000000000000000000e+00,0.000000000000000000e+00,1.515151515151513806e-02,7.865168539325839703e-02,3.676470588235281056e-03,0.000000000000000000e+00,1.515151515151513806e-02,4.148148148148148584e-01,5.597014925373133831e-02,4.052044609665427233e-01,3.745318352059934242e-03,3.676470588235281056e-03,3.903345724907063552e-01,1.000000000000000000e+00,3.007518796992481036e-02,0.000000000000000000e+00,2.255639097744366328e-02,5.597014925373133831e-02,4.089219330855018431e-01,0.000000000000000000e+00,0.000000000000000000e+00,0.000000000000000000e+00,4.511278195488721554e-02,3.053435114503821879e-02,0.000000000000000000e+00,0.000000000000000000e+00,0.000000000000000000e+00
1.132075471698112956e-02,1.901140684410651538e-02,1.132075471698112956e-02,0.000000000000000000e+00,1.503759398496240518e-02,1.915708812260541460e-02,1.901140684410651538e-02,1.127819548872177613e-02,8.843283582089551675e-01,1.901140684410651538e-02,1.879699248120303423e-02,3.435114503816794063e-02,1.562500000000000000e-02,1.136363636363635354e-02,2.298850574712640871e-02,1.185770750988146549e-02,3.676470588235281056e-03,1.136363636363635354e-02,1.123595505617980272e-02,1.503759398496240518e-02,3.759398496240629051e-03,0.000000000000000000e+00,1.520912547528519010e-02,2.631578947368418131e-02,0.000000000000000000e+00,9.518518518518518379e-01,2.307692307692310596e-02,6.792452830188677737e-02,1.509433962264150608e-02,1.123595505617980272e-02,0.000000000000000000e+00,2.298850574712640871e-02,0.000000000000000000e+00,0.000000000000000000e+00,9.539748953974895862e-01,2.641509433962263564e-02,0.000000000000000000e+00,8.582089552238806318e-01,1.556420233463029490e-02,1.127819548872177613e-02,0.000000000000000000e+00,2.264150943396225912e-02,2.641509433962263564e-02,1.123595505617980272e-02,1.515151515151513806e-02,0.000000000000000000e+00,2.281368821292772964e-02,7.575757575757569029e-03,0.000000000000000000e+00,1.127819548872177613e-02,1.879699248120303423e-02,7.518796992481258101e-03,0.000000000000000000e+00,0.000000000000000000e+00,1.498127340823973697e-02,7.462686567164200646e-03,3.383458646616543941e-02,5.243445692883896836e-02,7.352941176470562112e-03,0.000000000000000000e+00,3.383458646616543941e-02,1.498127340823973697e-02,0.000000000000000000e+00,1.872659176029967121e-02,1.503759398496240518e-02,1.503759398496240518e-02,1.872659176029967121e-02,1.865671641791044610e-02,1.886792452830188260e-02,1.123595505617980272e-02,0.000000000000000000e+00,1.127819548872177613e-02,5.639097744360899167e-02,1.872659176029967121e-02,3.370786516853929715e-02,0.000000000000000000e+00,0.000000000000000000e+00,0.000000000000000000e+00,2.631578947368418131e-02,0.000000000000000000e+00,0.000000000000000000e+00,0.000000000000000000e+00,2.621722846441942867e-02,0.000000000000000000e+00,3.007518796992481036e-02,2.611940298507464675e-02,1.119402985074624546e-02,3.383458646616543941e-02,1.509433962264150608e-02,0.000000000000000000e+00,0.000000000000000000e+00,0.000000000000000000e+00,0.000000000000000000e+00,0.000000000000000000e+00,3.745318352059934242e-03,2.238805970149249092e-02,0.000000000000000000e+00,7.490636704119868483e-03,1.119402985074624546e-02,0.000000000000000000e+00,0.000000000000000000e+00,1.123595505617980272e-02,1.119402985074624546e-02,1.503759398496240518e-02,0.000000000000000000e+00,2.247191011235960545e-02,4.868913857677903412e-02,2.621722846441942867e-02,1.123595505617980272e-02,1.127819548872177613e-02,1.879699248120303423e-02,0.000000000000000000e+00,0.000000000000000000e+00,2.255639097744366328e-02,0.000000000000000000e+00,0.000000000000000000e+00,1.515151515151513806e-02,1.503759398496240518e-02,0.000000000000000000e+00,0.000000000000000000e+00,1.136363636363635354e-02,1.123595505617980272e-02,1.498127340823973697e-02,3.007518796992481036e-02,1.865671641791044610e-02,0.000000000000000000e+00,1.498127340823973697e-02,3.007518796992481036e-02,1.000000000000000000e+00,0.000000000000000000e+00,3.007518796992481036e-02,7.490636704119868483e-03,1.872659176029967121e-02,0.000000000000000000e+00,0.000000000000000000e+00,0.000000000000000000e+00,1.498127340823973697e-02,1.901140684410651538e-02,0.000000000000000000e+00,0.000000000000000000e+00,0.000000000000000000e+00
0.000000000000000000e+00,0.000000000000000000e+00,0.000000000000000000e+00,7.142857142857117481e-03,0.000000000000000000e+00,0.000000000000000000e+00,0.000000000000000000e+00,0.000000000000000000e+00,0.000000000000000000e+00,0.000000000000000000e+00,0.000000000000000000e+00,0.000000000000000000e+00,0.000000000000000000e+00,0.000000000000000000e+00,0.000000000000000000e+00,0.000000000000000000e+00,0.000000000000000000e+00,0.000000000000000000e+00,0.000000000000000000e+00,0.000000000000000000e+00,0.000000000000000000e+00,3.521126760563375591e-03,0.000000000000000000e+00,0.000000000000000000e+00,0.000000000000000000e+00,0.000000000000000000e+00,0.000000000000000000e+00,0.000000000000000000e+00,0.000000000000000000e+00,0.000000000000000000e+00,1.056338028169012677e-02,0.000000000000000000e+00,3.521126760563375591e-03,9.434628975265018092e-01,0.000000000000000000e+00,0.000000000000000000e+00,3.508771929824572311e-03,0.000000000000000000e+00,0.000000000000000000e+00,0.000000000000000000e+00,0.000000000000000000e+00,0.000000000000000000e+00,0.000000000000000000e+00,0.000000000000000000e+00,0.000000000000000000e+00,3.508771929824572311e-03,0.000000000000000000e+00,0.000000000000000000e+00,3.508771929824572311e-03,0.000000000000000000e+00,0.000000000000000000e+00,0.000000000000000000e+00,3.521126760563375591e-03,0.000000000000000000e+00,0.000000000000000000e+00,0.000000000000000000e+00,0.000000000000000000e+00,0.000000000000000000e+00,0.000000000000000000e+00,0.000000000000000000e+00,0.000000000000000000e+00,0.000000000000000000e+00,3.508771929824572311e-03,0.000000000000000000e+00,0.000000000000000000e+00,0.000000000000000000e+00,0.000000000000000000e+00,0.000000000000000000e+00,0.000000000000000000e+00,0.000000000000000000e+00,0.000000000000000000e+00,0.000000000000000000e+00,0.000000000000000000e+00,0.000000000000000000e+00,0.000000000000000000e+00,0.000000000000000000e+00,0.000000000000000000e+00,0.000000000000000000e+00,0.000000000000000000e+00,3.508771929824572311e-03,3.508771929824572311e-03,0.000000000000000000e+00,0.000000000000000000e+00,0.000000000000000000e+00,0.000000000000000000e+00,0.000000000000000000e+00,0.000000000000000000e+00,0.000000000000000000e+00,0.000000000000000000e+00,3.508771929824572311e-03,3.508771929824572311e-03,7.017543859649144622e-03,7.017543859649144622e-03,0.000000000000000000e+00,0.000000000000000000e+00,0.000000000000000000e+00,0.000000000000000000e+00,0.000000000000000000e+00,0.000000000000000000e+00,0.000000000000000000e+00,0.000000000000000000e+00,0.000000000000000000e+00,0.000000000000000000e+00,0.000000000000000000e+00,0.000000000000000000e+00,0.000000000000000000e+00,0.000000000000000000e+00,0.000000000000000000e+00,0.000000000000000000e+00,0.000000000000000000e+00,0.000000000000000000e+00,0.000000000000000000e+00,0.000000000000000000e+00,0.000000000000000000e+00,3.508771929824572311e-03,0.000000000000000000e+00,0.000000000000000000e+00,0.000000000000000000e+00,0.000000000000000000e+00,0.000000000000000000e+00,0.000000000000000000e+00,0.000000000000000000e+00,0.000000000000000000e+00,0.000000000000000000e+00,0.000000000000000000e+00,0.000000000000000000e+00,0.000000000000000000e+00,0.000000000000000000e+00,0.000000000000000000e+00,1.000000000000000000e+00,0.000000000000000000e+00,0.000000000000000000e+00,0.000000000000000000e+00,0.000000000000000000e+00,3.521126760563375591e-03,3.017543859649123306e-01,0.000000000000000000e+00,0.000000000000000000e+00,0.000000000000000000e+00,0.000000000000000000e+00,0.000000000000000000e+00
2.264150943396225912e-02,1.145038167938927653e-02,5.910780669144981569e-01,0.000000000000000000e+00,3.383458646616543941e-02,1.538461538461532996e-02,2.566037735849057144e-01,3.396226415094338869e-02,2.661596958174905492e-02,1.526717557251910939e-02,3.018867924528301216e-02,1.401515151515151381e-01,5.078125000000000000e-02,8.475836431226766443e-01,1.149425287356320435e-02,1.984126984126988180e-02,0.000000000000000000e+00,2.651515151515149160e-02,2.621722846441942867e-02,2.631578947368418131e-02,2.255639097744366328e-02,0.000000000000000000e+00,1.140684410646386482e-02,4.528301886792451825e-02,0.000000000000000000e+00,1.509433962264150608e-02,7.722007722007706576e-03,1.893939393939392257e-02,7.814814814814814437e-01,2.247191011235960545e-02,0.000000000000000000e+00,1.149425287356320435e-02,0.000000000000000000e+00,0.000000000000000000e+00,2.136752136752140263e-02,1.503759398496240518e-01,0.000000000000000000e+00,3.053435114503821879e-02,2.723735408560312710e-02,5.263157894736847364e-02,0.000000000000000000e+00,1.886792452830188260e-02,1.136363636363635354e-02,4.511278195488721554e-02,8.289962825278810454e-01,0.000000000000000000e+00,1.439393939393939226e-01,1.886792452830188260e-02,0.000000000000000000e+00,1.872659176029967121e-02,9.630996309963100188e-01,1.503759398496240518e-02,0.000000000000000000e+00,3.663003663003649990e-03,5.793357933579335040e-01,1.498127340823973697e-02,3.007518796992481036e-02,2.641509433962263564e-02,0.000000000000000000e+00,0.000000000000000000e+00,9.301470588235294379e-01,2.247191011235960545e-02,0.000000000000000000e+00,1.498127340823973697e-02,1.879699248120303423e-02,2.621722846441942867e-02,1.119402985074624546e-02,1.872659176029967121e-02,7.575757575757569029e-03,2.621722846441942867e-02,0.000000000000000000e+00,3.383458646616543941e-02,2.641509433962263564e-02,2.247191011235960545e-02,3.007518796992481036e-02,0.000000000000000000e+00,0.000000000000000000e+00,0.000000000000000000e+00,7.547169811320753041e-03,0.000000000000000000e+00,0.000000000000000000e+00,0.000000000000000000e+00,2.996254681647936291e-02,0.000000000000000000e+00,4.135338345864658649e-02,7.462686567164200646e-03,1.123595505617980272e-02,1.455223880597015240e-01,7.575757575757569029e-03,0.000000000000000000e+00,0.000000000000000000e+00,0.000000000000000000e+00,0.000000000000000000e+00,0.000000000000000000e+00,2.996254681647936291e-02,3.370786516853929715e-02,0.000000000000000000e+00,1.123595505617980272e-02,1.865671641791044610e-02,0.000000000000000000e+00,0.000000000000000000e+00,5.571955719557195597e-01,2.247191011235960545e-02,1.503759398496240518e-02,0.000000000000000000e+00,3.370786516853929715e-02,3.018867924528301216e-02,3.370786516853929715e-02,3.383458646616543941e-02,1.886792452830188260e-02,1.417910447761193682e-01,3.663003663003649990e-03,0.000000000000000000e+00,2.255639097744366328e-02,0.000000000000000000e+00,0.000000000000000000e+00,7.575757575757569029e-03,7.518796992481258101e-03,0.000000000000000000e+00,2.702702702702697302e-02,7.575757575757569029e-03,7.490636704119868483e-03,1.498127340823973697e-02,2.631578947368418131e-02,8.550185873605953280e-02,0.000000000000000000e+00,3.370786516853929715e-02,2.255639097744366328e-02,3.007518796992481036e-02,0.000000000000000000e+00,1.000000000000000000e+00,2.247191011235960545e-02,1.872659176029967121e-02,0.000000000000000000e+00,0.000000000000000000e+00,0.000000000000000000e+00,3.383458646616543941e-02,3.816793893129721837e-03,3.663003663003649990e-03,3.663003663003649990e-03,3.663003663003649990e-03
5.186567164179104461e-01,2.281368821292772964e-02,2.255639097744366328e-02,0.000000000000000000e+00,7.089552238805973960e-02,3.065134099616861896e-02,1.515151515151513806e-02,6.741573033707870533e-02,1.515151515151513806e-02,1.901140684410651538e-02,7.490636704119846279e-02,1.140684410646386482e-02,7.003891050583654909e-02,2.641509433962263564e-02,2.290076335877866409e-02,3.952569169960451489e-03,0.000000000000000000e+00,4.150943396226414173e-02,5.223880597014929350e-02,4.684014869888475374e-01,4.498141263940520496e-01,0.000000000000000000e+00,1.136363636363635354e-02,1.503759398496240518e-02,0.000000000000000000e+00,1.503759398496240518e-02,3.076923076923077094e-02,2.641509433962263564e-02,3.007518796992481036e-02,4.850746268656713767e-02,0.000000000000000000e+00,2.298850574712640871e-02,0.000000000000000000e+00,0.000000000000000000e+00,1.702127659574470542e-02,2.255639097744366328e-02,0.000000000000000000e+00,1.520912547528519010e-02,7.364341085271319809e-02,7.462686567164178442e-02,0.000000000000000000e+00,1.879699248120303423e-02,7.547169811320753041e-03,7.835820895522382923e-02,3.018867924528301216e-02,0.000000000000000000e+00,2.281368821292772964e-02,7.547169811320753041e-03,0.000000000000000000e+00,5.597014925373133831e-02,2.247191011235960545e-02,6.741573033707870533e-02,3.663003663003649990e-03,0.000000000000000000e+00,1.492537313432840129e-02,4.444444444444444198e-01,5.617977528089890260e-02,2.621722846441942867e-02,3.663003663003649990e-03,0.000000000000000000e+00,2.247191011235960545e-02,5.204460966542745481e-02,0.000000000000000000e+00,5.518518518518518157e-01,5.992509363295883684e-02,5.597014925373133831e-02,4.089219330855020651e-02,6.716417910447758377e-02,1.509433962264150608e-02,7.453874538745387524e-01,0.000000000000000000e+00,4.868913857677903412e-02,3.007518796992481036e-02,8.955223880597018571e-02,5.223880597014929350e-02,0.000000000000000000e+00,0.000000000000000000e+00,0.000000000000000000e+00,1.123595505617980272e-02,0.000000000000000000e+00,0.000000000000000000e+00,0.000000000000000000e+00,6.343283582089553896e-02,0.000000000000000000e+00,8.582089552238802987e-02,5.202952029520295785e-01,5.202952029520295785e-01,7.490636704119868483e-03,1.509433962264150608e-02,0.000000000000000000e+00,0.000000000000000000e+00,0.000000000000000000e+00,0.000000000000000000e+00,0.000000000000000000e+00,7.089552238805973960e-02,7.434944237918217347e-02,0.000000000000000000e+00,7.462686567164178442e-02,5.092250922509224953e-01,7.326007326007299980e-03,0.000000000000000000e+00,1.865671641791044610e-02,5.424354243542435228e-01,5.617977528089890260e-02,0.000000000000000000e+00,7.434944237918217347e-02,2.247191011235960545e-02,7.806691449814129324e-02,8.582089552238802987e-02,2.255639097744366328e-02,2.247191011235960545e-02,0.000000000000000000e+00,0.000000000000000000e+00,5.617977528089890260e-02,0.000000000000000000e+00,0.000000000000000000e+00,1.132075471698112956e-02,4.477611940298509285e-02,0.000000000000000000e+00,3.861003861003853288e-03,1.132075471698112956e-02,4.104477611940293702e-02,5.518518518518518157e-01,8.582089552238802987e-02,1.492537313432840129e-02,0.000000000000000000e+00,7.434944237918217347e-02,5.597014925373133831e-02,7.490636704119868483e-03,0.000000000000000000e+00,2.247191011235960545e-02,1.000000000000000000e+00,4.119850187265916563e-02,0.000000000000000000e+00,0.000000000000000000e+00,0.000000000000000000e+00,5.970149253731338312e-02,7.575757575757569029e-03,0.000000000000000000e+00,0.000000000000000000e+00,0.000000000000000000e+00
3.007518796992481036e-02,1.901140684410651538e-02,2.255639097744366328e-02,0.000000000000000000e+00,3.011152416356877026e-01,1.532567049808430948e-02,1.520912547528519010e-02,3.208955223880597396e-01,1.140684410646386482e-02,2.661596958174905492e-02,3.358208955223880299e-01,2.661596958174905492e-02,3.062015503875968880e-01,2.651515151515149160e-02,3.065134099616861896e-02,1.984126984126988180e-02,0.000000000000000000e+00,5.681818181818176772e-02,6.367041198501877108e-02,4.868913857677903412e-02,3.745318352059923139e-02,0.000000000000000000e+00,3.041825095057038020e-02,4.150943396226414173e-02,0.000000000000000000e+00,1.132075471698112956e-02,1.923076923076927347e-02,1.515151515151513806e-02,3.383458646616543941e-02,7.490636704119846279e-02,0.000000000000000000e+00,3.065134099616861896e-02,0.000000000000000000e+00,0.000000000000000000e+00,4.255319148936176354e-03,2.641509433962263564e-02,0.000000000000000000e+00,1.520912547528519010e-02,3.088803088803089292e-01,2.947761194029850929e-01,3.676470588235281056e-03,2.641509433962263564e-02,3.409090909090906063e-02,3.011152416356877026e-01,2.641509433962263564e-02,0.000000000000000000e+00,2.281368821292772964e-02,1.136363636363635354e-02,0.000000000000000000e+00,6.741573033707870533e-02,2.255639097744366328e-02,4.907063197026022561e-01,0.000000000000000000e+00,0.000000000000000000e+00,3.370786516853929715e-02,3.345724907063196696e-02,4.275092936802974419e-01,2.641509433962263564e-02,0.000000000000000000e+00,0.000000000000000000e+00,3.370786516853929715e-02,7.835820895522382923e-02,0.000000000000000000e+00,3.358208955223884740e-02,3.680297397769516365e-01,3.717472118959107563e-01,7.835820895522382923e-02,8.582089552238802987e-02,2.641509433962263564e-02,3.745318352059923139e-02,0.000000000000000000e+00,7.712177121771217614e-01,2.641509433962263564e-02,7.089552238805973960e-02,4.052044609665427233e-01,0.000000000000000000e+00,0.000000000000000000e+00,3.676470588235281056e-03,3.759398496240606846e-02,0.000000000000000000e+00,0.000000000000000000e+00,0.000000000000000000e+00,4.000000000000000222e-01,0.000000000000000000e+00,3.234200743494424213e-01,3.358208955223884740e-02,3.358208955223884740e-02,2.996254681647936291e-02,3.018867924528301216e-02,0.000000000000000000e+00,0.000000000000000000e+00,0.000000000000000000e+00,0.000000000000000000e+00,3.663003663003649990e-03,6.259259259259259967e-01,3.222222222222221877e-01,0.000000000000000000e+00,5.074074074074074181e-01,2.611940298507464675e-02,0.000000000000000000e+00,0.000000000000000000e+00,2.621722846441942867e-02,3.358208955223884740e-02,5.204460966542751033e-01,0.000000000000000000e+00,4.868913857677903412e-02,2.264150943396225912e-02,5.223880597014929350e-02,6.741573033707870533e-02,1.132075471698112956e-02,1.872659176029967121e-02,3.663003663003649990e-03,0.000000000000000000e+00,4.148148148148148584e-01,0.000000000000000000e+00,0.000000000000000000e+00,3.773584905660376521e-02,8.988764044943819975e-02,0.000000000000000000e+00,1.158301158301155986e-02,3.396226415094338869e-02,8.523985239852398532e-01,2.611940298507464675e-02,3.134328358208955390e-01,1.123595505617980272e-02,0.000000000000000000e+00,3.074074074074074625e-01,4.089219330855018431e-01,1.872659176029967121e-02,0.000000000000000000e+00,1.872659176029967121e-02,4.119850187265916563e-02,1.000000000000000000e+00,0.000000000000000000e+00,0.000000000000000000e+00,0.000000000000000000e+00,4.887218045112784459e-02,3.802281368821291974e-02,0.000000000000000000e+00,0.000000000000000000e+00,0.000000000000000000e+00
0.000000000000000000e+00,0.000000000000000000e+00,0.000000000000000000e+00,3.584229390681037408e-03,0.000000000000000000e+00,0.000000000000000000e+00,0.000000000000000000e+00,0.000000000000000000e+00,0.000000000000000000e+00,0.000000000000000000e+00,0.000000000000000000e+00,0.000000000000000000e+00,0.000000000000000000e+00,0.000000000000000000e+00,0.000000000000000000e+00,0.000000000000000000e+00,1.063829787234038537e-02,0.000000000000000000e+00,0.000000000000000000e+00,0.000000000000000000e+00,0.000000000000000000e+00,9.151943462897526027e-01,0.000000000000000000e+00,0.000000000000000000e+00,0.000000000000000000e+00,0.000000000000000000e+00,0.000000000000000000e+00,0.000000000000000000e+00,0.000000000000000000e+00,0.000000000000000000e+00,7.067137809187329367e-03,0.000000000000000000e+00,9.116607773851590490e-01,7.117437722419905910e-03,0.000000000000000000e+00,0.000000000000000000e+00,0.000000000000000000e+00,0.000000000000000000e+00,0.000000000000000000e+00,3.690036900368953710e-03,1.063829787234038537e-02,0.000000000000000000e+00,0.000000000000000000e+00,0.000000000000000000e+00,0.000000000000000000e+00,0.000000000000000000e+00,0.000000000000000000e+00,0.000000000000000000e+00,7.067137809187329367e-03,0.000000000000000000e+00,0.000000000000000000e+00,0.000000000000000000e+00,3.533568904593664683e-03,3.533568904593664683e-03,0.000000000000000000e+00,0.000000000000000000e+00,0.000000000000000000e+00,0.000000000000000000e+00,0.000000000000000000e+00,3.546099290780091451e-03,0.000000000000000000e+00,0.000000000000000000e+00,0.000000000000000000e+00,0.000000000000000000e+00,0.000000000000000000e+00,0.000000000000000000e+00,0.000000000000000000e+00,0.000000000000000000e+00,0.000000000000000000e+00,0.000000000000000000e+00,0.000000000000000000e+00,3.690036900368953710e-03,0.000000000000000000e+00,0.000000000000000000e+00,0.000000000000000000e+00,0.000000000000000000e+00,3.533568904593664683e-03,1.063829787234038537e-02,0.000000000000000000e+00,1.056338028169012677e-02,0.000000000000000000e+00,0.000000000000000000e+00,0.000000000000000000e+00,0.000000000000000000e+00,3.690036900368953710e-03,0.000000000000000000e+00,0.000000000000000000e+00,0.000000000000000000e+00,0.000000000000000000e+00,3.533568904593664683e-03,3.533568904593664683e-03,3.533568904593664683e-03,3.533568904593664683e-03,7.067137809187329367e-03,0.000000000000000000e+00,0.000000000000000000e+00,3.533568904593664683e-03,0.000000000000000000e+00,0.000000000000000000e+00,0.000000000000000000e+00,6.549295774647887480e-01,0.000000000000000000e+00,0.000000000000000000e+00,0.000000000000000000e+00,7.067137809187329367e-03,0.000000000000000000e+00,0.000000000000000000e+00,0.000000000000000000e+00,0.000000000000000000e+00,0.000000000000000000e+00,0.000000000000000000e+00,1.060070671378088303e-02,0.000000000000000000e+00,0.000000000000000000e+00,1.060070671378088303e-02,1.060070671378088303e-02,3.717472118959119776e-03,0.000000000000000000e+00,0.000000000000000000e+00,0.000000000000000000e+00,0.000000000000000000e+00,0.000000000000000000e+00,0.000000000000000000e+00,0.000000000000000000e+00,0.000000000000000000e+00,7.067137809187329367e-03,0.000000000000000000e+00,0.000000000000000000e+00,0.000000000000000000e+00,0.000000000000000000e+00,0.000000000000000000e+00,0.000000000000000000e+00,0.000000000000000000e+00,1.000000000000000000e+00,9.859154929577464976e-01,0.000000000000000000e+00,0.000000000000000000e+00,0.000000000000000000e+00,1.060070671378088303e-02,1.060070671378088303e-02,1.060070671378088303e-02
0.000000000000000000e+00,0.000000000000000000e+00,0.000000000000000000e+00,3.584229390681037408e-03,0.000000000000000000e+00,0.000000000000000000e+00,0.000000000000000000e+00,0.000000000000000000e+00,0.000000000000000000e+00,0.000000000000000000e+00,0.000000000000000000e+00,0.000000000000000000e+00,0.000000000000000000e+00,0.000000000000000000e+00,0.000000000000000000e+00,0.000000000000000000e+00,1.063829787234038537e-02,0.000000000000000000e+00,0.000000000000000000e+00,0.000000000000000000e+00,0.000000000000000000e+00,9.260563380281690016e-01,0.000000000000000000e+00,0.000000000000000000e+00,0.000000000000000000e+00,0.000000000000000000e+00,0.000000000000000000e+00,0.000000000000000000e+00,0.000000000000000000e+00,0.000000000000000000e+00,7.067137809187329367e-03,0.000000000000000000e+00,9.225352112676056260e-01,7.092198581560293924e-03,0.000000000000000000e+00,0.000000000000000000e+00,3.533568904593664683e-03,0.000000000000000000e+00,0.000000000000000000e+00,0.000000000000000000e+00,1.060070671378088303e-02,0.000000000000000000e+00,0.000000000000000000e+00,0.000000000000000000e+00,0.000000000000000000e+00,3.533568904593664683e-03,0.000000000000000000e+00,0.000000000000000000e+00,3.533568904593664683e-03,0.000000000000000000e+00,0.000000000000000000e+00,0.000000000000000000e+00,0.000000000000000000e+00,7.067137809187329367e-03,0.000000000000000000e+00,0.000000000000000000e+00,0.000000000000000000e+00,0.000000000000000000e+00,0.000000000000000000e+00,3.533568904593664683e-03,0.000000000000000000e+00,0.000000000000000000e+00,0.000000000000000000e+00,0.000000000000000000e+00,0.000000000000000000e+00,0.000000000000000000e+00,0.000000000000000000e+00,0.000000000000000000e+00,0.000000000000000000e+00,0.000000000000000000e+00,0.000000000000000000e+00,0.000000000000000000e+00,0.000000000000000000e+00,0.000000000000000000e+00,0.000000000000000000e+00,0.000000000000000000e+00,3.521126760563375591e-03,7.092198581560293924e-03,0.000000000000000000e+00,7.042253521126751181e-03,0.000000000000000000e+00,0.000000000000000000e+00,0.000000000000000000e+00,0.000000000000000000e+00,0.000000000000000000e+00,0.000000000000000000e+00,3.663003663003649990e-03,0.000000000000000000e+00,0.000000000000000000e+00,1.408450704225350236e-02,1.408450704225350236e-02,1.056338028169012677e-02,1.760563380281687795e-02,7.042253521126751181e-03,0.000000000000000000e+00,0.000000000000000000e+00,7.042253521126751181e-03,0.000000000000000000e+00,0.000000000000000000e+00,3.533568904593664683e-03,6.619718309859154992e-01,0.000000000000000000e+00,0.000000000000000000e+00,0.000000000000000000e+00,7.042253521126751181e-03,0.000000000000000000e+00,0.000000000000000000e+00,0.000000000000000000e+00,0.000000000000000000e+00,0.000000000000000000e+00,0.000000000000000000e+00,7.042253521126751181e-03,0.000000000000000000e+00,0.000000000000000000e+00,7.042253521126751181e-03,1.760563380281687795e-02,0.000000000000000000e+00,0.000000000000000000e+00,7.067137809187329367e-03,0.000000000000000000e+00,0.000000000000000000e+00,0.000000000000000000e+00,0.000000000000000000e+00,0.000000000000000000e+00,0.000000000000000000e+00,1.060070671378088303e-02,0.000000000000000000e+00,0.000000000000000000e+00,0.000000000000000000e+00,3.521126760563375591e-03,0.000000000000000000e+00,0.000000000000000000e+00,0.000000000000000000e+00,9.859154929577464976e-01,1.000000000000000000e+00,7.042253521126751181e-03,0.000000000000000000e+00,0.000000000000000000e+00,1.056338028169012677e-02,1.413427561837454771e-02,1.056338028169012677e-02
0.000000000000000000e+00,0.000000000000000000e+00,0.000000000000000000e+00,0.000000000000000000e+00,0.000000000000000000e+00,0.000000000000000000e+00,0.000000000000000000e+00,0.000000000000000000e+00,0.000000000000000000e+00,0.000000000000000000e+00,0.000000000000000000e+00,0.000000000000000000e+00,0.000000000000000000e+00,0.000000000000000000e+00,0.000000000000000000e+00,0.000000000000000000e+00,0.000000000000000000e+00,0.000000000000000000e+00,0.000000000000000000e+00,0.000000000000000000e+00,0.000000000000000000e+00,3.521126760563375591e-03,0.000000000000000000e+00,0.000000000000000000e+00,0.000000000000000000e+00,0.000000000000000000e+00,0.000000000000000000e+00,0.000000000000000000e+00,0.000000000000000000e+00,0.000000000000000000e+00,1.408450704225350236e-02,0.000000000000000000e+00,7.042253521126751181e-03,3.144876325088339364e-01,0.000000000000000000e+00,0.000000000000000000e+00,3.508771929824572311e-03,0.000000000000000000e+00,0.000000000000000000e+00,0.000000000000000000e+00,0.000000000000000000e+00,0.000000000000000000e+00,0.000000000000000000e+00,0.000000000000000000e+00,0.000000000000000000e+00,3.508771929824572311e-03,0.000000000000000000e+00,0.000000000000000000e+00,0.000000000000000000e+00,0.000000000000000000e+00,3.676470588235281056e-03,0.000000000000000000e+00,0.000000000000000000e+00,0.000000000000000000e+00,0.000000000000000000e+00,0.000000000000000000e+00,0.000000000000000000e+00,0.000000000000000000e+00,0.000000000000000000e+00,0.000000000000000000e+00,3.676470588235281056e-03,0.000000000000000000e+00,0.000000000000000000e+00,0.000000000000000000e+00,0.000000000000000000e+00,0.000000000000000000e+00,0.000000000000000000e+00,0.000000000000000000e+00,0.000000000000000000e+00,0.000000000000000000e+00,0.000000000000000000e+00,0.000000000000000000e+00,0.000000000000000000e+00,0.000000000000000000e+00,0.000000000000000000e+00,0.000000000000000000e+00,0.000000000000000000e+00,0.000000000000000000e+00,0.000000000000000000e+00,1.052631578947371693e-02,0.000000000000000000e+00,0.000000000000000000e+00,0.000000000000000000e+00,0.000000000000000000e+00,0.000000000000000000e+00,0.000000000000000000e+00,0.000000000000000000e+00,0.000000000000000000e+00,0.000000000000000000e+00,0.000000000000000000e+00,0.000000000000000000e+00,0.000000000000000000e+00,0.000000000000000000e+00,0.000000000000000000e+00,0.000000000000000000e+00,0.000000000000000000e+00,0.000000000000000000e+00,0.000000000000000000e+00,0.000000000000000000e+00,0.000000000000000000e+00,0.000000000000000000e+00,0.000000000000000000e+00,0.000000000000000000e+00,0.000000000000000000e+00,0.000000000000000000e+00,0.000000000000000000e+00,0.000000000000000000e+00,0.000000000000000000e+00,0.000000000000000000e+00,0.000000000000000000e+00,0.000000000000000000e+00,0.000000000000000000e+00,0.000000000000000000e+00,0.000000000000000000e+00,1.052631578947371693e-02,0.000000000000000000e+00,0.000000000000000000e+00,0.000000000000000000e+00,0.000000000000000000e+00,0.000000000000000000e+00,0.000000000000000000e+00,0.000000000000000000e+00,0.000000000000000000e+00,0.000000000000000000e+00,0.000000000000000000e+00,0.000000000000000000e+00,0.000000000000000000e+00,0.000000000000000000e+00,0.000000000000000000e+00,3.017543859649123306e-01,0.000000000000000000e+00,0.000000000000000000e+00,0.000000000000000000e+00,0.000000000000000000e+00,7.042253521126751181e-03,1.000000000000000000e+00,0.000000000000000000e+00,0.000000000000000000e+00,0.000000000000000000e+00,3.521126760563375591e-03,0.000000000000000000e+00
5.263157894736847364e-02,1.520912547528519010e-02,1.509433962264150608e-02,0.000000000000000000e+00,5.617977528089890260e-02,3.831417624521071819e-02,4.182509505703424502e-02,6.015037593984962072e-02,2.281368821292772964e-02,1.520912547528519010e-02,6.390977443609024977e-02,4.182509505703424502e-02,4.669260700389099572e-02,3.787878787878784514e-02,1.532567049808430948e-02,7.905138339920902979e-03,0.000000000000000000e+00,4.545454545454541417e-02,7.490636704119846279e-02,6.367041198501877108e-02,4.119850187265916563e-02,0.000000000000000000e+00,2.281368821292772964e-02,3.759398496240606846e-02,0.000000000000000000e+00,1.886792452830188260e-02,2.692307692307693845e-02,1.893939393939392257e-02,3.396226415094338869e-02,7.116104868913852854e-02,0.000000000000000000e+00,1.915708812260541460e-02,0.000000000000000000e+00,0.000000000000000000e+00,1.276595744680852906e-02,4.905660377358489477e-02,0.000000000000000000e+00,2.661596958174905492e-02,6.976744186046512919e-02,3.759398496240606846e-02,3.676470588235281056e-03,2.641509433962263564e-02,1.893939393939392257e-02,5.617977528089890260e-02,4.166666666666662966e-02,0.000000000000000000e+00,4.562737642585545927e-02,1.893939393939392257e-02,0.000000000000000000e+00,6.367041198501877108e-02,4.511278195488721554e-02,4.511278195488721554e-02,0.000000000000000000e+00,0.000000000000000000e+00,2.996254681647936291e-02,4.104477611940293702e-02,4.887218045112784459e-02,1.127819548872177613e-02,0.000000000000000000e+00,0.000000000000000000e+00,4.135338345864658649e-02,7.462686567164178442e-02,0.000000000000000000e+00,7.089552238805973960e-02,4.135338345864658649e-02,4.511278195488721554e-02,6.343283582089553896e-02,2.649253731343284013e-01,2.272727272727270709e-02,6.716417910447758377e-02,0.000000000000000000e+00,4.887218045112784459e-02,2.264150943396225912e-02,2.574626865671642006e-01,3.759398496240606846e-02,0.000000000000000000e+00,0.000000000000000000e+00,7.380073800738018441e-03,1.886792452830188260e-02,0.000000000000000000e+00,0.000000000000000000e+00,0.000000000000000000e+00,3.745318352059923139e-02,0.000000000000000000e+00,4.887218045112784459e-02,5.970149253731338312e-02,5.970149253731338312e-02,4.135338345864658649e-02,2.651515151515149160e-02,0.000000000000000000e+00,0.000000000000000000e+00,0.000000000000000000e+00,0.000000000000000000e+00,0.000000000000000000e+00,4.494382022471909988e-02,4.477611940298509285e-02,0.000000000000000000e+00,5.992509363295883684e-02,3.731343283582089221e-02,0.000000000000000000e+00,0.000000000000000000e+00,3.007518796992481036e-02,5.597014925373133831e-02,5.263157894736847364e-02,0.000000000000000000e+00,9.077490774907749360e-01,1.503759398496240518e-02,8.185185185185185341e-01,8.296296296296296058e-01,1.509433962264150608e-02,3.759398496240606846e-02,0.000000000000000000e+00,0.000000000000000000e+00,4.511278195488721554e-02,0.000000000000000000e+00,0.000000000000000000e+00,2.272727272727270709e-02,7.865168539325839703e-02,0.000000000000000000e+00,3.100775193798455120e-02,2.272727272727270709e-02,4.887218045112784459e-02,6.343283582089553896e-02,4.887218045112784459e-02,4.494382022471909988e-02,0.000000000000000000e+00,5.243445692883896836e-02,4.511278195488721554e-02,1.498127340823973697e-02,0.000000000000000000e+00,3.383458646616543941e-02,5.970149253731338312e-02,4.887218045112784459e-02,0.000000000000000000e+00,0.000000000000000000e+00,0.000000000000000000e+00,1.000000000000000000e+00,2.661596958174905492e-02,0.000000000000000000e+00,0.000000000000000000e+00,0.000000000000000000e+00
3.816793893129721837e-03,7.722007722007706576e-03,7.633587786259554697e-03,0.000000000000000000e+00,3.041825095057038020e-02,5.405405405405405705e-02,3.846153846153832490e-03,3.422053231939159446e-02,2.307692307692310596e-02,7.722007722007706576e-03,3.802281368821291974e-02,3.076923076923077094e-02,2.766798418972327145e-02,3.831417624521105125e-03,3.875968992248068901e-03,1.200000000000001066e-02,0.000000000000000000e+00,1.149425287356320435e-02,4.182509505703424502e-02,3.802281368821325280e-03,7.604562737642539538e-03,0.000000000000000000e+00,1.153846153846149747e-02,1.526717557251910939e-02,0.000000000000000000e+00,1.908396946564883123e-02,4.651162790697671578e-02,1.915708812260541460e-02,1.145038167938927653e-02,4.942965779467678455e-02,0.000000000000000000e+00,7.782101167315147450e-03,0.000000000000000000e+00,0.000000000000000000e+00,2.155172413793104980e-02,2.290076335877866409e-02,0.000000000000000000e+00,1.153846153846149747e-02,2.362204724409444623e-02,3.041825095057038020e-02,3.731343283582044812e-03,1.149425287356320435e-02,8.872180451127820167e-01,3.422053231939159446e-02,1.149425287356320435e-02,0.000000000000000000e+00,2.307692307692310596e-02,1.526717557251910939e-02,0.000000000000000000e+00,4.562737642585545927e-02,7.633587786259554697e-03,4.198473282442749532e-02,0.000000000000000000e+00,0.000000000000000000e+00,1.140684410646386482e-02,0.000000000000000000e+00,3.435114503816794063e-02,3.422053231939159446e-02,3.731343283582044812e-03,0.000000000000000000e+00,7.633587786259554697e-03,3.787878787878784514e-02,0.000000000000000000e+00,3.787878787878784514e-03,3.041825095057038020e-02,3.422053231939159446e-02,4.166666666666662966e-02,4.545454545454541417e-02,1.149425287356320435e-02,1.140684410646386482e-02,0.000000000000000000e+00,4.562737642585545927e-02,2.290076335877866409e-02,3.787878787878784514e-02,3.802281368821291974e-02,0.000000000000000000e+00,3.717472118959119776e-03,3.731343283582044812e-03,9.138576779026217345e-01,0.000000000000000000e+00,0.000000000000000000e+00,0.000000000000000000e+00,3.041825095057038020e-02,0.000000000000000000e+00,3.816793893129766246e-02,3.773584905660376521e-03,3.787878787878784514e-03,2.281368821292772964e-02,1.532567049808430948e-02,7.434944237918239551e-03,7.434944237918239551e-03,3.717472118959119776e-03,7.434944237918239551e-03,0.000000000000000000e+00,4.182509505703424502e-02,4.166666666666662966e-02,0.000000000000000000e+00,4.562737642585545927e-02,3.787878787878784514e-03,0.000000000000000000e+00,0.000000000000000000e+00,1.140684410646386482e-02,3.787878787878784514e-03,4.198473282442749532e-02,0.000000000000000000e+00,1.520912547528519010e-02,2.281368821292772964e-02,2.281368821292772964e-02,2.281368821292772964e-02,1.145038167938927653e-02,2.671755725190838593e-02,0.000000000000000000e+00,3.731343283582044812e-03,3.053435114503821879e-02,0.000000000000000000e+00,0.000000000000000000e+00,1.915708812260541460e-02,4.942965779467678455e-02,0.000000000000000000e+00,1.176470588235289938e-02,1.149425287356320435e-02,4.182509505703424502e-02,7.575757575757569029e-03,3.816793893129766246e-02,1.136363636363635354e-02,0.000000000000000000e+00,2.651515151515149160e-02,3.053435114503821879e-02,1.901140684410651538e-02,0.000000000000000000e+00,3.816793893129721837e-03,7.575757575757569029e-03,3.802281368821291974e-02,0.000000000000000000e+00,0.000000000000000000e+00,0.000000000000000000e+00,2.661596958174905492e-02,1.000000000000000000e+00,0.000000000000000000e+00,0.000000000000000000e+00,0.000000000000000000e+00
0.000000000000000000e+00,7.462686567164200646e-03,0.000000000000000000e+00,0.000000000000000000e+00,0.000000000000000000e+00,0.000000000000000000e+00,0.000000000000000000e+00,0.000000000000000000e+00,0.000000000000000000e+00,7.462686567164200646e-03,0.000000000000000000e+00,0.000000000000000000e+00,0.000000000000000000e+00,0.000000000000000000e+00,3.759398496240629051e-03,0.000000000000000000e+00,7.067137809187329367e-03,0.000000000000000000e+00,0.000000000000000000e+00,0.000000000000000000e+00,0.000000000000000000e+00,1.056338028169012677e-02,7.434944237918239551e-03,0.000000000000000000e+00,0.000000000000000000e+00,0.000000000000000000e+00,0.000000000000000000e+00,0.000000000000000000e+00,0.000000000000000000e+00,0.000000000000000000e+00,7.042253521126751181e-03,7.518796992481258101e-03,1.056338028169012677e-02,0.000000000000000000e+00,0.000000000000000000e+00,0.000000000000000000e+00,0.000000000000000000e+00,0.000000000000000000e+00,0.000000000000000000e+00,0.000000000000000000e+00,2.816901408450700472e-02,0.000000000000000000e+00,0.000000000000000000e+00,0.000000000000000000e+00,0.000000000000000000e+00,0.000000000000000000e+00,0.000000000000000000e+00,0.000000000000000000e+00,0.000000000000000000e+00,0.000000000000000000e+00,3.676470588235281056e-03,0.000000000000000000e+00,0.000000000000000000e+00,0.000000000000000000e+00,0.000000000000000000e+00,0.000000000000000000e+00,0.000000000000000000e+00,0.000000000000000000e+00,1.056338028169012677e-02,7.042253521126751181e-03,3.676470588235281056e-03,0.000000000000000000e+00,3.521126760563375591e-03,0.000000000000000000e+00,0.000000000000000000e+00,0.000000000000000000e+00,0.000000000000000000e+00,3.663003663003649990e-03,3.703703703703653538e-03,0.000000000000000000e+00,0.000000000000000000e+00,0.000000000000000000e+00,0.000000000000000000e+00,0.000000000000000000e+00,0.000000000000000000e+00,0.000000000000000000e+00,3.508771929824572311e-03,3.533568904593664683e-03,0.000000000000000000e+00,7.017543859649144622e-03,3.521126760563375591e-03,0.000000000000000000e+00,0.000000000000000000e+00,0.000000000000000000e+00,0.000000000000000000e+00,0.000000000000000000e+00,0.000000000000000000e+00,0.000000000000000000e+00,3.703703703703653538e-03,1.052631578947371693e-02,1.052631578947371693e-02,2.105263157894732284e-02,1.403508771929828924e-02,0.000000000000000000e+00,0.000000000000000000e+00,0.000000000000000000e+00,3.508771929824572311e-03,0.000000000000000000e+00,0.000000000000000000e+00,0.000000000000000000e+00,2.105263157894732284e-02,3.663003663003649990e-03,0.000000000000000000e+00,0.000000000000000000e+00,0.000000000000000000e+00,0.000000000000000000e+00,0.000000000000000000e+00,0.000000000000000000e+00,0.000000000000000000e+00,0.000000000000000000e+00,0.000000000000000000e+00,6.280701754385964453e-01,2.112676056338025354e-02,0.000000000000000000e+00,3.508771929824572311e-03,7.017543859649144622e-03,3.703703703703653538e-03,0.000000000000000000e+00,3.521126760563375591e-03,0.000000000000000000e+00,3.703703703703653538e-03,0.000000000000000000e+00,0.000000000000000000e+00,0.000000000000000000e+00,0.000000000000000000e+00,3.521126760563375591e-03,0.000000000000000000e+00,0.000000000000000000e+00,0.000000000000000000e+00,0.000000000000000000e+00,3.663003663003649990e-03,0.000000000000000000e+00,0.000000000000000000e+00,1.060070671378088303e-02,1.056338028169012677e-02,0.000000000000000000e+00,0.000000000000000000e+00,0.000000000000000000e+00,1.000000000000000000e+00,9.964912280701754277e-01,1.000000000000000000e+00
0.000000000000000000e+00,7.462686567164200646e-03,0.000000000000000000e+00,0.000000000000000000e+00,0.000000000000000000e+00,0.000000000000000000e+00,0.000000000000000000e+00,0.000000000000000000e+00,0.000000000000000000e+00,7.462686567164200646e-03,0.000000000000000000e+00,0.000000000000000000e+00,0.000000000000000000e+00,0.000000000000000000e+00,3.759398496240629051e-03,0.000000000000000000e+00,7.067137809187329367e-03,0.000000000000000000e+00,0.000000000000000000e+00,0.000000000000000000e+00,0.000000000000000000e+00,1.060070671378088303e-02,3.731343283582044812e-03,0.000000000000000000e+00,0.000000000000000000e+00,0.000000000000000000e+00,0.000000000000000000e+00,0.000000000000000000e+00,0.000000000000000000e+00,0.000000000000000000e+00,7.042253521126751181e-03,3.759398496240629051e-03,1.060070671378088303e-02,0.000000000000000000e+00,0.000000000000000000e+00,0.000000000000000000e+00,0.000000000000000000e+00,0.000000000000000000e+00,0.000000000000000000e+00,0.000000000000000000e+00,2.816901408450700472e-02,0.000000000000000000e+00,0.000000000000000000e+00,0.000000000000000000e+00,0.000000000000000000e+00,0.000000000000000000e+00,0.000000000000000000e+00,0.000000000000000000e+00,0.000000000000000000e+00,0.000000000000000000e+00,3.676470588235281056e-03,0.000000000000000000e+00,0.000000000000000000e+00,0.000000000000000000e+00,0.000000000000000000e+00,0.000000000000000000e+00,0.000000000000000000e+00,0.000000000000000000e+00,1.056338028169012677e-02,1.056338028169012677e-02,3.676470588235281056e-03,0.000000000000000000e+00,3.521126760563375591e-03,0.000000000000000000e+00,0.000000000000000000e+00,0.000000000000000000e+00,0.000000000000000000e+00,0.000000000000000000e+00,3.703703703703653538e-03,0.000000000000000000e+00,0.000000000000000000e+00,0.000000000000000000e+00,0.000000000000000000e+00,0.000000000000000000e+00,0.000000000000000000e+00,0.000000000000000000e+00,3.521126760563375591e-03,7.067137809187329367e-03,0.000000000000000000e+00,3.508771929824572311e-03,3.521126760563375591e-03,0.000000000000000000e+00,0.000000000000000000e+00,0.000000000000000000e+00,0.000000000000000000e+00,0.000000000000000000e+00,0.000000000000000000e+00,0.000000000000000000e+00,3.703703703703653538e-03,3.521126760563375591e-03,3.521126760563375591e-03,1.754385964912286155e-02,1.408450704225350236e-02,0.000000000000000000e+00,0.000000000000000000e+00,0.000000000000000000e+00,3.508771929824572311e-03,0.000000000000000000e+00,0.000000000000000000e+00,0.000000000000000000e+00,2.112676056338025354e-02,3.663003663003649990e-03,0.000000000000000000e+00,0.000000000000000000e+00,0.000000000000000000e+00,0.000000000000000000e+00,0.000000000000000000e+00,0.000000000000000000e+00,0.000000000000000000e+00,0.000000000000000000e+00,0.000000000000000000e+00,6.245614035087718729e-01,1.760563380281687795e-02,0.000000000000000000e+00,3.521126760563375591e-03,7.042253521126751181e-03,3.703703703703653538e-03,0.000000000000000000e+00,3.521126760563375591e-03,0.000000000000000000e+00,3.703703703703653538e-03,0.000000000000000000e+00,0.000000000000000000e+00,0.000000000000000000e+00,0.000000000000000000e+00,7.042253521126751181e-03,0.000000000000000000e+00,0.000000000000000000e+00,0.000000000000000000e+00,0.000000000000000000e+00,3.663003663003649990e-03,0.000000000000000000e+00,0.000000000000000000e+00,1.060070671378088303e-02,1.413427561837454771e-02,3.521126760563375591e-03,0.000000000000000000e+00,0.000000000000000000e+00,9.964912280701754277e-01,1.000000000000000000e+00,9.964912280701754277e-01
0.000000000000000000e+00,7.462686567164200646e-03,0.000000000000000000e+00,0.000000000000000000e+00,0.000000000000000000e+00,0.000000000000000000e+00,0.000000000000000000e+00,0.000000000000000000e+00,0.000000000000000000e+00,7.462686567164200646e-03,0.000000000000000000e+00,0.000000000000000000e+00,0.000000000000000000e+00,0.000000000000000000e+00,3.759398496240629051e-03,0.000000000000000000e+00,7.067137809187329367e-03,0.000000000000000000e+00,0.000000000000000000e+00,0.000000000000000000e+00,3.663003663003649990e-03,1.056338028169012677e-02,7.434944237918239551e-03,0.000000000000000000e+00,0.000000000000000000e+00,0.000000000000000000e+00,0.000000000000000000e+00,0.000000000000000000e+00,0.000000000000000000e+00,0.000000000000000000e+00,7.042253521126751181e-03,3.759398496240629051e-03,1.056338028169012677e-02,0.000000000000000000e+00,0.000000000000000000e+00,0.000000000000000000e+00,0.000000000000000000e+00,0.000000000000000000e+00,0.000000000000000000e+00,0.000000000000000000e+00,2.816901408450700472e-02,0.000000000000000000e+00,0.000000000000000000e+00,0.000000000000000000e+00,0.000000000000000000e+00,0.000000000000000000e+00,0.000000000000000000e+00,0.000000000000000000e+00,0.000000000000000000e+00,0.000000000000000000e+00,3.676470588235281056e-03,0.000000000000000000e+00,0.000000000000000000e+00,0.000000000000000000e+00,0.000000000000000000e+00,0.000000000000000000e+00,0.000000000000000000e+00,0.000000000000000000e+00,1.056338028169012677e-02,7.042253521126751181e-03,3.676470588235281056e-03,0.000000000000000000e+00,3.521126760563375591e-03,0.000000000000000000e+00,0.000000000000000000e+00,0.000000000000000000e+00,0.000000000000000000e+00,0.000000000000000000e+00,3.703703703703653538e-03,0.000000000000000000e+00,0.000000000000000000e+00,0.000000000000000000e+00,0.000000000000000000e+00,0.000000000000000000e+00,0.000000000000000000e+00,3.508771929824572311e-03,3.508771929824572311e-03,3.533568904593664683e-03,0.000000000000000000e+00,3.508771929824572311e-03,3.521126760563375591e-03,0.000000000000000000e+00,0.000000000000000000e+00,0.000000000000000000e+00,0.000000000000000000e+00,0.000000000000000000e+00,0.000000000000000000e+00,0.000000000000000000e+00,3.703703703703653538e-03,1.052631578947371693e-02,1.052631578947371693e-02,2.105263157894732284e-02,1.754385964912286155e-02,0.000000000000000000e+00,0.000000000000000000e+00,0.000000000000000000e+00,3.508771929824572311e-03,0.000000000000000000e+00,0.000000000000000000e+00,0.000000000000000000e+00,2.105263157894732284e-02,3.663003663003649990e-03,0.000000000000000000e+00,0.000000000000000000e+00,0.000000000000000000e+00,0.000000000000000000e+00,0.000000000000000000e+00,0.000000000000000000e+00,0.000000000000000000e+00,0.000000000000000000e+00,0.000000000000000000e+00,6.210526315789473006e-01,2.112676056338025354e-02,0.000000000000000000e+00,3.508771929824572311e-03,7.042253521126751181e-03,3.703703703703653538e-03,0.000000000000000000e+00,3.521126760563375591e-03,0.000000000000000000e+00,3.703703703703653538e-03,0.000000000000000000e+00,0.000000000000000000e+00,0.000000000000000000e+00,0.000000000000000000e+00,7.042253521126751181e-03,0.000000000000000000e+00,0.000000000000000000e+00,0.000000000000000000e+00,0.000000000000000000e+00,3.663003663003649990e-03,0.000000000000000000e+00,0.000000000000000000e+00,1.060070671378088303e-02,1.056338028169012677e-02,0.000000000000000000e+00,0.000000000000000000e+00,0.000000000000000000e+00,1.000000000000000000e+00,9.964912280701754277e-01,1.000000000000000000e+00
