1.000000000000000000e+00,4.357298474945481281e-03,6.535947712418277433e-03,4.347826086956496638e-03,1.111111111111107164e-02,0.000000000000000000e+00,8.714596949891073585e-03,6.535947712418277433e-03,4.366812227074245989e-03,0.000000000000000000e+00,0.000000000000000000e+00,0.000000000000000000e+00,4.338394793926281245e-03,0.000000000000000000e+00,1.304347826086960094e-02,8.676789587852451469e-03,0.000000000000000000e+00,2.173913043478248319e-03,2.173913043478248319e-03,2.188183807439791906e-03,9.978070175438596978e-01,8.810572687224627053e-03,0.000000000000000000e+00,6.535947712418277433e-03,0.000000000000000000e+00,0.000000000000000000e+00,2.197802197802189994e-03,6.521739130434744958e-03,0.000000000000000000e+00,2.608695652173909085e-02,4.376367614879694834e-03,4.415011037527616367e-03,2.178649237472796152e-03,0.000000000000000000e+00,0.000000000000000000e+00,0.000000000000000000e+00,0.000000000000000000e+00,0.000000000000000000e+00,2.169197396963085112e-03,0.000000000000000000e+00,6.535947712418277433e-03,2.169197396963085112e-03,4.366812227074245989e-03,0.000000000000000000e+00,9.869848156182212673e-01,0.000000000000000000e+00,2.169197396963085112e-03,1.304347826086960094e-02,0.000000000000000000e+00,0.000000000000000000e+00,0.000000000000000000e+00,4.376367614879694834e-03,1.528384279475980545e-02,6.550218340611313472e-03,0.000000000000000000e+00,0.000000000000000000e+00,1.304347826086960094e-02,0.000000000000000000e+00,0.000000000000000000e+00,0.000000000000000000e+00,2.169197396963118418e-02,2.192982456140302183e-03,0.000000000000000000e+00,4.415011037527616367e-03,0.000000000000000000e+00,6.726457399103158430e-03,2.183406113537067483e-03,0.000000000000000000e+00,8.830022075055232733e-03,2.188183807439791906e-03,2.183406113537067483e-03,4.347826086956496638e-03,1.735357917570501396e-02,0.000000000000000000e+00,2.227171492204860215e-03,2.169197396963085112e-03,4.347826086956496638e-03,1.084598698481564760e-02,2.173913043478248319e-03,2.183406113537067483e-03,2.178649237472796152e-03,4.347826086956496638e-03,8.733624454148491978e-03,8.676789587852451469e-03,1.518438177874181783e-02,2.178649237472796152e-03,2.178649237472796152e-03,8.676789587852451469e-03,0.000000000000000000e+00,4.338394793926281245e-03,2.173913043478248319e-03,2.183406113537067483e-03,2.173913043478248319e-03,0.000000000000000000e+00,6.521739130434744958e-03,0.000000000000000000e+00,1.739130434782609758e-02,1.952277657266809907e-02,1.952277657266809907e-02,0.000000000000000000e+00,0.000000000000000000e+00,0.000000000000000000e+00
4.357298474945481281e-03,1.000000000000000000e+00,8.280254777070064076e-01,8.834745762711864181e-01,2.183406113537067483e-03,4.310344827586187755e-03,0.000000000000000000e+00,6.382978723404209020e-03,8.744680851063829641e-01,0.000000000000000000e+00,6.369426751592355274e-03,0.000000000000000000e+00,1.694915254237283619e-02,0.000000000000000000e+00,0.000000000000000000e+00,6.369426751592355274e-03,0.000000000000000000e+00,4.255319148936176354e-03,2.132196162046962051e-03,0.000000000000000000e+00,4.385964912280715389e-03,1.075268817204300120e-02,0.000000000000000000e+00,1.000000000000000000e+00,0.000000000000000000e+00,0.000000000000000000e+00,1.290322580645164585e-02,8.368644067796610075e-01,0.000000000000000000e+00,2.136752136752129161e-03,6.423982869379063487e-03,8.774193548387096975e-01,4.255319148936176354e-03,6.369426751592355274e-03,2.155172413793149389e-03,0.000000000000000000e+00,0.000000000000000000e+00,0.000000000000000000e+00,8.474576271186418097e-03,0.000000000000000000e+00,8.241525423728813804e-01,8.474576271186418097e-03,0.000000000000000000e+00,0.000000000000000000e+00,6.369426751592355274e-03,6.382978723404209020e-03,6.355932203389813573e-03,0.000000000000000000e+00,0.000000000000000000e+00,0.000000000000000000e+00,6.369426751592355274e-03,8.166311300639659265e-01,0.000000000000000000e+00,8.832271762208068200e-01,4.246284501061570182e-03,0.000000000000000000e+00,2.123142250530785091e-03,0.000000000000000000e+00,0.000000000000000000e+00,4.264392324093813080e-03,2.118644067796604524e-03,4.291845493562207459e-03,4.255319148936176354e-03,8.639308855291627509e-03,2.212389380530921379e-03,2.192982456140302183e-03,0.000000000000000000e+00,4.282655246252708992e-03,2.155172413793149389e-03,0.000000000000000000e+00,1.066098081023458821e-02,4.246284501061570182e-03,2.118644067796604524e-03,6.369426751592355274e-03,6.535947712418277433e-03,1.059322033898302262e-02,1.486199575371549564e-02,4.237288135593209049e-03,4.246284501061570182e-03,2.132196162046962051e-03,8.326271186440677985e-01,6.369426751592355274e-03,2.141327623126354496e-03,1.483050847457623167e-02,2.118644067796604524e-03,0.000000000000000000e+00,2.127659574468088177e-02,1.694915254237283619e-02,0.000000000000000000e+00,6.355932203389813573e-03,0.000000000000000000e+00,4.264392324093813080e-03,6.369426751592355274e-03,6.369426751592355274e-03,4.246284501061570182e-03,8.492569002123140365e-03,4.246284501061570182e-03,2.123142250530785091e-03,2.118644067796604524e-03,0.000000000000000000e+00,0.000000000000000000e+00,0.000000000000000000e+00
6.535947712418277433e-03,8.280254777070064076e-01,1.000000000000000000e+00,8.050847457627118287e-01,2.183406113537067483e-03,2.159827213822906877e-03,2.132196162046962051e-03,6.382978723404209020e-03,8.059701492537313383e-01,0.000000000000000000e+00,6.369426751592355274e-03,0.000000000000000000e+00,1.061571125265392546e-02,0.000000000000000000e+00,2.127659574468032666e-03,4.246284501061570182e-03,0.000000000000000000e+00,4.255319148936176354e-03,2.132196162046962051e-03,2.141327623126354496e-03,4.395604395604379988e-03,1.724137931034486204e-02,0.000000000000000000e+00,8.259023354564756225e-01,0.000000000000000000e+00,0.000000000000000000e+00,8.602150537634356553e-03,9.957627118644067910e-01,2.136752136752129161e-03,4.282655246252708992e-03,0.000000000000000000e+00,8.103448275862068506e-01,6.396588486140775132e-03,2.127659574468032666e-03,4.310344827586187755e-03,0.000000000000000000e+00,0.000000000000000000e+00,0.000000000000000000e+00,4.246284501061570182e-03,0.000000000000000000e+00,9.171974522292993814e-01,6.369426751592355274e-03,4.282655246252708992e-03,0.000000000000000000e+00,4.255319148936176354e-03,0.000000000000000000e+00,6.369426751592355274e-03,2.127659574468032666e-03,0.000000000000000000e+00,6.437768240343366699e-03,8.492569002123140365e-03,9.637526652452025333e-01,2.136752136752129161e-03,8.063829787234042534e-01,4.246284501061570182e-03,0.000000000000000000e+00,0.000000000000000000e+00,0.000000000000000000e+00,0.000000000000000000e+00,2.136752136752129161e-03,2.123142250530785091e-03,6.437768240343366699e-03,4.255319148936176354e-03,6.493506493506440158e-03,4.434589800443422547e-03,2.192982456140302183e-03,0.000000000000000000e+00,4.291845493562207459e-03,2.159827213822906877e-03,2.141327623126354496e-03,6.410256410256387483e-03,4.255319148936176354e-03,2.123142250530785091e-03,4.255319148936176354e-03,1.310043668122273797e-02,6.369426751592355274e-03,1.698513800424628073e-02,4.246284501061570182e-03,2.127659574468032666e-03,2.136752136752129161e-03,9.787685774946921491e-01,8.492569002123140365e-03,2.145922746781159240e-03,1.273885350318471055e-02,2.118644067796604524e-03,2.132196162046962051e-03,1.918976545842221437e-02,1.273885350318471055e-02,2.141327623126354496e-03,6.369426751592355274e-03,0.000000000000000000e+00,4.273504273504258322e-03,6.382978723404209020e-03,8.510638297872352709e-03,0.000000000000000000e+00,1.063829787234038537e-02,0.000000000000000000e+00,2.123142250530785091e-03,2.123142250530785091e-03,0.000000000000000000e+00,0.000000000000000000e+00,0.000000000000000000e+00
4.347826086956496638e-03,8.834745762711864181e-01,8.050847457627118287e-01,1.000000000000000000e+00,6.535947712418277433e-03,2.150537634408644649e-03,4.255319148936176354e-03,6.369426751592355274e-03,9.617834394904458684e-01,0.000000000000000000e+00,6.355932203389813573e-03,0.000000000000000000e+00,1.479915433403800051e-02,0.000000000000000000e+00,0.000000000000000000e+00,4.237288135593209049e-03,0.000000000000000000e+00,2.123142250530785091e-03,2.127659574468032666e-03,0.000000000000000000e+00,4.385964912280715389e-03,1.505376344086017948e-02,0.000000000000000000e+00,8.858350951374207582e-01,0.000000000000000000e+00,0.000000000000000000e+00,8.583690987124414917e-03,8.224101479915433277e-01,0.000000000000000000e+00,2.132196162046962051e-03,0.000000000000000000e+00,9.634408602150537071e-01,4.246284501061570182e-03,4.246284501061570182e-03,2.150537634408644649e-03,0.000000000000000000e+00,0.000000000000000000e+00,0.000000000000000000e+00,4.237288135593209049e-03,0.000000000000000000e+00,8.054968287526427240e-01,6.355932203389813573e-03,6.396588486140775132e-03,2.155172413793149389e-03,4.246284501061570182e-03,2.123142250530785091e-03,6.342494714587698645e-03,2.118644067796604524e-03,0.000000000000000000e+00,4.273504273504258322e-03,4.237288135593209049e-03,7.957446808510638681e-01,2.127659574468032666e-03,9.978768577494692149e-01,2.118644067796604524e-03,0.000000000000000000e+00,2.123142250530785091e-03,2.145922746781159240e-03,0.000000000000000000e+00,0.000000000000000000e+00,2.114164904862603223e-03,4.282655246252708992e-03,2.123142250530785091e-03,4.319654427645813755e-03,0.000000000000000000e+00,2.188183807439791906e-03,0.000000000000000000e+00,2.141327623126354496e-03,2.155172413793149389e-03,0.000000000000000000e+00,8.528784648187626161e-03,6.355932203389813573e-03,4.228329809725206445e-03,2.118644067796604524e-03,1.086956521739135262e-02,8.456659619450301868e-03,1.483050847457623167e-02,4.228329809725206445e-03,4.237288135593209049e-03,2.127659574468032666e-03,8.160676532769556291e-01,8.474576271186418097e-03,2.136752136752129161e-03,1.479915433403800051e-02,0.000000000000000000e+00,0.000000000000000000e+00,1.910828025477706582e-02,1.268498942917550831e-02,0.000000000000000000e+00,4.228329809725206445e-03,0.000000000000000000e+00,6.382978723404209020e-03,6.355932203389813573e-03,8.474576271186418097e-03,2.123142250530785091e-03,6.355932203389813573e-03,2.123142250530785091e-03,2.118644067796604524e-03,2.118644067796604524e-03,0.000000000000000000e+00,0.000000000000000000e+00,0.000000000000000000e+00
1.111111111111107164e-02,2.183406113537067483e-03,2.183406113537067483e-03,6.535947712418277433e-03,1.000000000000000000e+00,0.000000000000000000e+00,8.733624454148491978e-03,0.000000000000000000e+00,2.188183807439791906e-03,4.357298474945481281e-03,6.535947712418277433e-03,0.000000000000000000e+00,0.000000000000000000e+00,8.714596949891073585e-03,0.000000000000000000e+00,2.173913043478248319e-03,2.197802197802189994e-03,0.000000000000000000e+00,0.000000000000000000e+00,6.550218340611313472e-03,2.013422818791943403e-02,4.415011037527616367e-03,0.000000000000000000e+00,2.183406113537067483e-03,6.564551422319486740e-03,0.000000000000000000e+00,0.000000000000000000e+00,6.535947712418277433e-03,0.000000000000000000e+00,9.934640522875817226e-01,0.000000000000000000e+00,2.202643171806184519e-03,0.000000000000000000e+00,0.000000000000000000e+00,0.000000000000000000e+00,0.000000000000000000e+00,0.000000000000000000e+00,0.000000000000000000e+00,6.535947712418277433e-03,0.000000000000000000e+00,2.183406113537067483e-03,4.357298474945481281e-03,0.000000000000000000e+00,0.000000000000000000e+00,2.396514161220042460e-02,2.183406113537067483e-03,4.347826086956496638e-03,0.000000000000000000e+00,0.000000000000000000e+00,6.607929515418553557e-03,6.535947712418277433e-03,2.188183807439791906e-03,9.540481400437637038e-01,4.366812227074245989e-03,0.000000000000000000e+00,0.000000000000000000e+00,0.000000000000000000e+00,6.607929515418553557e-03,0.000000000000000000e+00,0.000000000000000000e+00,7.304347826086956541e-01,0.000000000000000000e+00,0.000000000000000000e+00,2.207505518763808183e-03,9.049773755656076446e-03,2.237136465324418566e-03,4.376367614879694834e-03,0.000000000000000000e+00,0.000000000000000000e+00,4.385964912280715389e-03,6.564551422319486740e-03,0.000000000000000000e+00,8.847826086956521729e-01,4.357298474945481281e-03,0.000000000000000000e+00,0.000000000000000000e+00,0.000000000000000000e+00,0.000000000000000000e+00,2.178649237472796152e-03,2.188183807439791906e-03,2.183406113537067483e-03,0.000000000000000000e+00,2.188183807439791906e-03,0.000000000000000000e+00,0.000000000000000000e+00,3.973799126637554968e-01,0.000000000000000000e+00,0.000000000000000000e+00,0.000000000000000000e+00,2.173913043478248319e-03,8.714596949891073585e-03,2.188183807439791906e-03,6.535947712418277433e-03,2.178649237472796152e-03,3.943355119825707744e-01,2.178649237472796152e-03,9.106753812636165790e-01,9.108695652173912638e-01,9.065217391304347672e-01,0.000000000000000000e+00,0.000000000000000000e+00,0.000000000000000000e+00
0.000000000000000000e+00,4.310344827586187755e-03,2.159827213822906877e-03,2.150537634408644649e-03,0.000000000000000000e+00,1.000000000000000000e+00,2.159827213822906877e-03,2.155172413793149389e-03,4.329004329004293439e-03,0.000000000000000000e+00,2.150537634408644649e-03,0.000000000000000000e+00,2.145922746781159240e-03,0.000000000000000000e+00,0.000000000000000000e+00,2.150537634408644649e-03,0.000000000000000000e+00,0.000000000000000000e+00,0.000000000000000000e+00,0.000000000000000000e+00,6.666666666666709595e-03,0.000000000000000000e+00,0.000000000000000000e+00,4.310344827586187755e-03,2.164502164502146719e-03,0.000000000000000000e+00,0.000000000000000000e+00,4.301075268817178276e-03,0.000000000000000000e+00,4.329004329004293439e-03,2.169197396963085112e-03,0.000000000000000000e+00,4.310344827586187755e-03,4.301075268817178276e-03,9.870689655172413257e-01,0.000000000000000000e+00,0.000000000000000000e+00,0.000000000000000000e+00,2.150537634408644649e-03,0.000000000000000000e+00,4.310344827586187755e-03,0.000000000000000000e+00,2.164502164502146719e-03,0.000000000000000000e+00,4.301075268817178276e-03,4.310344827586187755e-03,4.291845493562207459e-03,0.000000000000000000e+00,0.000000000000000000e+00,0.000000000000000000e+00,2.150537634408644649e-03,4.329004329004293439e-03,0.000000000000000000e+00,2.159827213822906877e-03,0.000000000000000000e+00,0.000000000000000000e+00,0.000000000000000000e+00,0.000000000000000000e+00,0.000000000000000000e+00,4.319654427645813755e-03,6.437768240343366699e-03,0.000000000000000000e+00,0.000000000000000000e+00,2.188183807439791906e-03,2.247191011235938340e-03,0.000000000000000000e+00,2.159827213822906877e-03,2.169197396963085112e-03,2.183406113537067483e-03,0.000000000000000000e+00,0.000000000000000000e+00,0.000000000000000000e+00,2.145922746781159240e-03,2.150537634408644649e-03,2.207505518763808183e-03,0.000000000000000000e+00,0.000000000000000000e+00,0.000000000000000000e+00,2.150537634408644649e-03,6.479481641468720632e-03,4.310344827586187755e-03,0.000000000000000000e+00,2.169197396963085112e-03,0.000000000000000000e+00,2.145922746781159240e-03,0.000000000000000000e+00,0.000000000000000000e+00,0.000000000000000000e+00,0.000000000000000000e+00,4.291845493562207459e-03,0.000000000000000000e+00,6.479481641468720632e-03,2.150537634408644649e-03,4.301075268817178276e-03,2.155172413793149389e-03,0.000000000000000000e+00,2.150537634408644649e-03,2.150537634408644649e-03,4.291845493562207459e-03,0.000000000000000000e+00,0.000000000000000000e+00,0.000000000000000000e+00
8.714596949891073585e-03,0.000000000000000000e+00,2.132196162046962051e-03,4.255319148936176354e-03,8.733624454148491978e-03,2.159827213822906877e-03,1.000000000000000000e+00,2.132196162046962051e-03,0.000000000000000000e+00,2.127659574468032666e-03,0.000000000000000000e+00,0.000000000000000000e+00,2.123142250530785091e-03,0.000000000000000000e+00,6.382978723404209020e-03,4.246284501061570182e-03,0.000000000000000000e+00,2.127659574468032666e-03,2.132196162046962051e-03,6.423982869379063487e-03,4.395604395604379988e-03,0.000000000000000000e+00,0.000000000000000000e+00,4.255319148936176354e-03,0.000000000000000000e+00,0.000000000000000000e+00,0.000000000000000000e+00,2.127659574468032666e-03,0.000000000000000000e+00,6.423982869379063487e-03,0.000000000000000000e+00,2.159827213822906877e-03,0.000000000000000000e+00,2.123142250530785091e-03,2.159827213822906877e-03,0.000000000000000000e+00,0.000000000000000000e+00,0.000000000000000000e+00,0.000000000000000000e+00,0.000000000000000000e+00,2.127659574468032666e-03,2.123142250530785091e-03,2.136752136752129161e-03,0.000000000000000000e+00,6.382978723404209020e-03,0.000000000000000000e+00,4.246284501061570182e-03,2.127659574468032666e-03,0.000000000000000000e+00,6.451612903225822926e-03,0.000000000000000000e+00,0.000000000000000000e+00,6.410256410256387483e-03,2.136752136752129161e-03,0.000000000000000000e+00,0.000000000000000000e+00,6.382978723404209020e-03,0.000000000000000000e+00,0.000000000000000000e+00,2.136752136752129161e-03,8.492569002123140365e-03,2.145922746781159240e-03,4.246284501061570182e-03,4.329004329004293439e-03,6.666666666666709595e-03,2.192982456140302183e-03,6.410256410256387483e-03,4.291845493562207459e-03,0.000000000000000000e+00,4.291845493562207459e-03,4.273504273504258322e-03,2.123142250530785091e-03,6.369426751592355274e-03,0.000000000000000000e+00,2.183406113537067483e-03,2.123142250530785091e-03,2.127659574468032666e-03,6.369426751592355274e-03,2.127659574468032666e-03,2.136752136752129161e-03,0.000000000000000000e+00,4.255319148936176354e-03,2.141327623126354496e-03,2.123142250530785091e-03,0.000000000000000000e+00,2.132196162046962051e-03,0.000000000000000000e+00,2.123142250530785091e-03,0.000000000000000000e+00,2.123142250530785091e-03,3.545647558386412213e-01,4.273504273504258322e-03,2.127659574468032666e-03,8.510638297872352709e-03,2.127659574468032666e-03,4.255319148936176354e-03,6.382978723404209020e-03,6.369426751592355274e-03,6.369426751592355274e-03,0.000000000000000000e+00,0.000000000000000000e+00,0.000000000000000000e+00
6.535947712418277433e-03,6.382978723404209020e-03,6.382978723404209020e-03,6.369426751592355274e-03,0.000000000000000000e+00,2.155172413793149389e-03,2.132196162046962051e-03,1.000000000000000000e+00,4.264392324093813080e-03,2.123142250530785091e-03,1.061571125265392546e-02,0.000000000000000000e+00,4.237288135593209049e-03,2.123142250530785091e-03,1.061571125265392546e-02,9.915254237288135819e-01,0.000000000000000000e+00,0.000000000000000000e+00,4.264392324093813080e-03,0.000000000000000000e+00,8.771929824561430777e-03,6.465517241379337143e-03,0.000000000000000000e+00,6.382978723404209020e-03,2.136752136752129161e-03,0.000000000000000000e+00,6.437768240343366699e-03,6.369426751592355274e-03,2.132196162046962051e-03,2.136752136752129161e-03,4.273504273504258322e-03,6.465517241379337143e-03,1.702127659574470542e-02,0.000000000000000000e+00,4.310344827586187755e-03,0.000000000000000000e+00,0.000000000000000000e+00,0.000000000000000000e+00,1.486199575371549564e-02,0.000000000000000000e+00,6.382978723404209020e-03,0.000000000000000000e+00,0.000000000000000000e+00,2.159827213822906877e-03,8.492569002123140365e-03,4.255319148936176354e-03,4.237288135593209049e-03,1.273885350318471055e-02,0.000000000000000000e+00,0.000000000000000000e+00,1.061571125265392546e-02,4.273504273504258322e-03,4.264392324093813080e-03,4.264392324093813080e-03,0.000000000000000000e+00,0.000000000000000000e+00,1.273885350318471055e-02,2.145922746781159240e-03,0.000000000000000000e+00,4.264392324093813080e-03,6.355932203389813573e-03,6.423982869379063487e-03,0.000000000000000000e+00,6.479481641468720632e-03,0.000000000000000000e+00,4.376367614879694834e-03,0.000000000000000000e+00,0.000000000000000000e+00,4.310344827586187755e-03,0.000000000000000000e+00,4.273504273504258322e-03,2.123142250530785091e-03,6.355932203389813573e-03,0.000000000000000000e+00,0.000000000000000000e+00,2.118644067796604524e-03,2.123142250530785091e-03,2.033898305084745894e-01,2.123142250530785091e-03,0.000000000000000000e+00,6.382978723404209020e-03,4.246284501061570182e-03,0.000000000000000000e+00,4.237288135593209049e-03,1.271186440677962715e-02,0.000000000000000000e+00,0.000000000000000000e+00,6.355932203389813573e-03,2.141327623126354496e-03,9.300847457627118287e-01,2.123142250530785091e-03,0.000000000000000000e+00,0.000000000000000000e+00,5.319148936170214892e-02,0.000000000000000000e+00,6.369426751592355274e-03,4.246284501061570182e-03,4.246284501061570182e-03,4.246284501061570182e-03,0.000000000000000000e+00,0.000000000000000000e+00,2.141327623126354496e-03
4.366812227074245989e-03,8.744680851063829641e-01,8.059701492537313383e-01,9.617834394904458684e-01,2.188183807439791906e-03,4.329004329004293439e-03,0.000000000000000000e+00,4.264392324093813080e-03,1.000000000000000000e+00,0.000000000000000000e+00,6.396588486140775132e-03,0.000000000000000000e+00,1.489361702127656173e-02,0.000000000000000000e+00,0.000000000000000000e+00,6.382978723404209020e-03,0.000000000000000000e+00,8.528784648187626161e-03,2.136752136752129161e-03,2.141327623126354496e-03,4.405286343612369038e-03,1.727861771058314400e-02,0.000000000000000000e+00,8.723404255319149314e-01,0.000000000000000000e+00,0.000000000000000000e+00,1.293103448275867429e-02,8.046709129511677716e-01,2.141327623126354496e-03,2.145922746781159240e-03,2.145922746781159240e-03,9.956896551724138122e-01,4.273504273504258322e-03,2.132196162046962051e-03,6.479481641468720632e-03,0.000000000000000000e+00,0.000000000000000000e+00,0.000000000000000000e+00,4.255319148936176354e-03,0.000000000000000000e+00,7.957446808510638681e-01,8.510638297872352709e-03,0.000000000000000000e+00,0.000000000000000000e+00,4.264392324093813080e-03,0.000000000000000000e+00,6.382978723404209020e-03,0.000000000000000000e+00,0.000000000000000000e+00,4.301075268817178276e-03,6.382978723404209020e-03,7.927350427350426942e-01,2.141327623126354496e-03,9.616204690831556823e-01,6.382978723404209020e-03,0.000000000000000000e+00,2.132196162046962051e-03,0.000000000000000000e+00,0.000000000000000000e+00,2.141327623126354496e-03,2.127659574468032666e-03,4.301075268817178276e-03,4.264392324093813080e-03,8.658008658008697900e-03,4.434589800443422547e-03,2.197802197802189994e-03,0.000000000000000000e+00,6.451612903225822926e-03,4.319654427645813755e-03,2.145922746781159240e-03,8.565310492505306961e-03,4.264392324093813080e-03,2.127659574468032666e-03,6.396588486140775132e-03,1.094091903719907055e-02,6.382978723404209020e-03,1.702127659574470542e-02,4.255319148936176354e-03,4.264392324093813080e-03,4.282655246252708992e-03,8.042553191489361097e-01,1.276595744680852906e-02,2.150537634408644649e-03,1.489361702127656173e-02,2.123142250530785091e-03,2.136752136752129161e-03,1.923076923076927347e-02,1.914893617021273808e-02,0.000000000000000000e+00,4.255319148936176354e-03,2.127659574468032666e-03,6.423982869379063487e-03,8.528784648187626161e-03,8.528784648187626161e-03,0.000000000000000000e+00,1.066098081023458821e-02,2.132196162046962051e-03,2.127659574468032666e-03,2.127659574468032666e-03,0.000000000000000000e+00,0.000000000000000000e+00,0.000000000000000000e+00
0.000000000000000000e+00,0.000000000000000000e+00,0.000000000000000000e+00,0.000000000000000000e+00,4.357298474945481281e-03,0.000000000000000000e+00,2.127659574468032666e-03,2.123142250530785091e-03,0.000000000000000000e+00,1.000000000000000000e+00,0.000000000000000000e+00,2.145922746781159240e-03,0.000000000000000000e+00,0.000000000000000000e+00,2.118644067796604524e-03,0.000000000000000000e+00,2.150537634408644649e-03,4.246284501061570182e-03,1.702127659574470542e-02,9.957446808510638236e-01,2.192982456140302183e-03,2.150537634408644649e-03,0.000000000000000000e+00,2.123142250530785091e-03,0.000000000000000000e+00,0.000000000000000000e+00,4.291845493562207459e-03,0.000000000000000000e+00,0.000000000000000000e+00,4.273504273504258322e-03,2.136752136752129161e-03,0.000000000000000000e+00,4.255319148936176354e-03,6.369426751592355274e-03,0.000000000000000000e+00,0.000000000000000000e+00,0.000000000000000000e+00,2.132196162046962051e-03,2.118644067796604524e-03,0.000000000000000000e+00,2.123142250530785091e-03,0.000000000000000000e+00,2.136752136752129161e-03,0.000000000000000000e+00,0.000000000000000000e+00,2.127659574468032666e-03,4.237288135593209049e-03,0.000000000000000000e+00,0.000000000000000000e+00,0.000000000000000000e+00,2.118644067796604524e-03,2.136752136752129161e-03,4.264392324093813080e-03,0.000000000000000000e+00,0.000000000000000000e+00,2.132196162046962051e-03,2.123142250530785091e-03,0.000000000000000000e+00,2.159827213822906877e-03,1.705756929637525232e-02,4.237288135593209049e-03,2.141327623126354496e-03,4.255319148936176354e-03,0.000000000000000000e+00,0.000000000000000000e+00,1.006564551422319820e-01,8.832271762208068200e-01,0.000000000000000000e+00,0.000000000000000000e+00,9.616204690831556823e-01,2.132196162046962051e-03,4.246284501061570182e-03,4.237288135593209049e-03,0.000000000000000000e+00,0.000000000000000000e+00,0.000000000000000000e+00,4.237288135593209049e-03,0.000000000000000000e+00,0.000000000000000000e+00,2.132196162046962051e-03,0.000000000000000000e+00,2.118644067796604524e-03,0.000000000000000000e+00,0.000000000000000000e+00,0.000000000000000000e+00,2.127659574468032666e-03,0.000000000000000000e+00,0.000000000000000000e+00,0.000000000000000000e+00,0.000000000000000000e+00,4.246284501061570182e-03,2.132196162046962051e-03,0.000000000000000000e+00,2.123142250530785091e-03,2.123142250530785091e-03,2.123142250530785091e-03,4.246284501061570182e-03,6.355932203389813573e-03,4.237288135593209049e-03,2.141327623126354496e-03,2.155172413793149389e-03,2.141327623126354496e-03
0.000000000000000000e+00,6.369426751592355274e-03,6.369426751592355274e-03,6.355932203389813573e-03,6.535947712418277433e-03,2.150537634408644649e-03,0.000000000000000000e+00,1.061571125265392546e-02,6.396588486140775132e-03,0.000000000000000000e+00,1.000000000000000000e+00,0.000000000000000000e+00,1.268498942917550831e-02,0.000000000000000000e+00,0.000000000000000000e+00,1.271186440677962715e-02,0.000000000000000000e+00,0.000000000000000000e+00,2.127659574468032666e-03,0.000000000000000000e+00,2.188183807439791906e-03,2.145922746781114832e-02,0.000000000000000000e+00,8.474576271186418097e-03,0.000000000000000000e+00,0.000000000000000000e+00,6.423982869379063487e-03,8.474576271186418097e-03,0.000000000000000000e+00,8.528784648187626161e-03,0.000000000000000000e+00,6.465517241379337143e-03,6.369426751592355274e-03,0.000000000000000000e+00,2.150537634408644649e-03,0.000000000000000000e+00,0.000000000000000000e+00,0.000000000000000000e+00,9.936575052854123014e-01,0.000000000000000000e+00,6.369426751592355274e-03,8.456659619450301868e-03,0.000000000000000000e+00,0.000000000000000000e+00,2.118644067796604524e-03,0.000000000000000000e+00,4.228329809725206445e-03,0.000000000000000000e+00,0.000000000000000000e+00,0.000000000000000000e+00,9.957716701902747936e-01,6.396588486140775132e-03,8.510638297872352709e-03,6.382978723404209020e-03,2.118644067796604524e-03,0.000000000000000000e+00,2.118644067796604524e-03,0.000000000000000000e+00,0.000000000000000000e+00,0.000000000000000000e+00,6.342494714587698645e-03,0.000000000000000000e+00,0.000000000000000000e+00,1.077586206896552490e-02,0.000000000000000000e+00,2.183406113537067483e-03,0.000000000000000000e+00,2.136752136752129161e-03,4.301075268817178276e-03,0.000000000000000000e+00,4.255319148936176354e-03,0.000000000000000000e+00,6.342494714587698645e-03,2.118644067796604524e-03,6.521739130434744958e-03,8.456659619450301868e-03,1.271186440677962715e-02,1.902748414376320696e-02,4.237288135593209049e-03,2.127659574468032666e-03,4.246284501061570182e-03,1.271186440677962715e-02,2.136752136752129161e-03,1.057082452431290509e-02,0.000000000000000000e+00,6.369426751592355274e-03,2.123142250530785091e-03,8.456659619450301868e-03,0.000000000000000000e+00,1.479915433403800051e-02,4.237288135593209049e-03,4.255319148936176354e-03,4.237288135593209049e-03,1.906779661016944072e-02,8.474576271186418097e-03,4.237288135593209049e-03,8.474576271186418097e-03,6.342494714587698645e-03,4.228329809725206445e-03,0.000000000000000000e+00,0.000000000000000000e+00,0.000000000000000000e+00
0.000000000000000000e+00,0.000000000000000000e+00,0.000000000000000000e+00,0.000000000000000000e+00,0.000000000000000000e+00,0.000000000000000000e+00,0.000000000000000000e+00,0.000000000000000000e+00,0.000000000000000000e+00,2.145922746781159240e-03,0.000000000000000000e+00,1.000000000000000000e+00,0.000000000000000000e+00,0.000000000000000000e+00,2.141327623126354496e-03,0.000000000000000000e+00,9.870967741935483541e-01,2.145922746781159240e-03,0.000000000000000000e+00,2.150537634408644649e-03,0.000000000000000000e+00,0.000000000000000000e+00,0.000000000000000000e+00,0.000000000000000000e+00,0.000000000000000000e+00,0.000000000000000000e+00,0.000000000000000000e+00,0.000000000000000000e+00,2.150537634408644649e-03,0.000000000000000000e+00,0.000000000000000000e+00,0.000000000000000000e+00,2.145922746781159240e-03,0.000000000000000000e+00,0.000000000000000000e+00,6.465517241379337143e-03,0.000000000000000000e+00,9.978632478632478708e-01,0.000000000000000000e+00,0.000000000000000000e+00,0.000000000000000000e+00,0.000000000000000000e+00,0.000000000000000000e+00,0.000000000000000000e+00,0.000000000000000000e+00,0.000000000000000000e+00,0.000000000000000000e+00,2.141327623126354496e-03,0.000000000000000000e+00,0.000000000000000000e+00,0.000000000000000000e+00,0.000000000000000000e+00,2.150537634408644649e-03,0.000000000000000000e+00,0.000000000000000000e+00,9.850427350427350959e-01,0.000000000000000000e+00,0.000000000000000000e+00,0.000000000000000000e+00,0.000000000000000000e+00,0.000000000000000000e+00,0.000000000000000000e+00,0.000000000000000000e+00,0.000000000000000000e+00,0.000000000000000000e+00,0.000000000000000000e+00,2.150537634408644649e-03,0.000000000000000000e+00,2.173913043478248319e-03,2.155172413793149389e-03,0.000000000000000000e+00,2.145922746781159240e-03,0.000000000000000000e+00,2.141327623126354496e-03,0.000000000000000000e+00,0.000000000000000000e+00,0.000000000000000000e+00,2.136752136752129161e-03,0.000000000000000000e+00,0.000000000000000000e+00,0.000000000000000000e+00,0.000000000000000000e+00,0.000000000000000000e+00,0.000000000000000000e+00,0.000000000000000000e+00,0.000000000000000000e+00,0.000000000000000000e+00,2.136752136752129161e-03,0.000000000000000000e+00,0.000000000000000000e+00,0.000000000000000000e+00,0.000000000000000000e+00,0.000000000000000000e+00,0.000000000000000000e+00,0.000000000000000000e+00,0.000000000000000000e+00,0.000000000000000000e+00,0.000000000000000000e+00,0.000000000000000000e+00,0.000000000000000000e+00,0.000000000000000000e+00,0.000000000000000000e+00
4.338394793926281245e-03,1.694915254237283619e-02,1.061571125265392546e-02,1.479915433403800051e-02,0.000000000000000000e+00,2.145922746781159240e-03,2.123142250530785091e-03,4.237288135593209049e-03,1.489361702127656173e-02,0.000000000000000000e+00,1.268498942917550831e-02,0.000000000000000000e+00,1.000000000000000000e+00,2.109704641350185206e-03,0.000000000000000000e+00,4.228329809725206445e-03,0.000000000000000000e+00,0.000000000000000000e+00,2.123142250530785091e-03,0.000000000000000000e+00,4.366812227074245989e-03,1.049250535331905931e-01,0.000000000000000000e+00,1.059322033898302262e-02,2.127659574468032666e-03,0.000000000000000000e+00,4.282655246252708992e-03,1.479915433403800051e-02,0.000000000000000000e+00,0.000000000000000000e+00,0.000000000000000000e+00,1.505376344086017948e-02,2.118644067796604524e-03,2.114164904862603223e-03,0.000000000000000000e+00,0.000000000000000000e+00,0.000000000000000000e+00,0.000000000000000000e+00,1.054852320675103705e-02,0.000000000000000000e+00,1.271186440677962715e-02,6.131078224101482732e-02,0.000000000000000000e+00,0.000000000000000000e+00,6.355932203389813573e-03,2.118644067796604524e-03,1.265822784810122226e-02,0.000000000000000000e+00,0.000000000000000000e+00,0.000000000000000000e+00,1.057082452431290509e-02,1.276595744680852906e-02,0.000000000000000000e+00,1.273885350318471055e-02,6.342494714587698645e-03,0.000000000000000000e+00,0.000000000000000000e+00,2.141327623126354496e-03,0.000000000000000000e+00,2.127659574468032666e-03,4.219409282700370412e-03,0.000000000000000000e+00,2.118644067796604524e-03,1.290322580645164585e-02,0.000000000000000000e+00,2.183406113537067483e-03,2.123142250530785091e-03,6.396588486140775132e-03,2.145922746781159240e-03,0.000000000000000000e+00,1.063829787234038537e-02,2.114164904862603223e-03,0.000000000000000000e+00,6.342494714587698645e-03,5.856832971800429721e-02,6.329113924050633333e-02,9.746835443037974445e-01,2.109704641350185206e-03,2.114164904862603223e-03,1.273885350318471055e-02,1.059322033898302262e-02,6.919831223628691852e-01,0.000000000000000000e+00,7.679324894514767408e-01,0.000000000000000000e+00,0.000000000000000000e+00,8.262711864406779849e-02,9.746835443037974445e-01,6.396588486140775132e-03,2.109704641350185206e-03,2.114164904862603223e-03,1.273885350318471055e-02,8.456659619450312970e-02,4.228329809725206445e-03,0.000000000000000000e+00,1.268498942917550831e-02,2.114164904862603223e-03,2.109704641350185206e-03,0.000000000000000000e+00,0.000000000000000000e+00,0.000000000000000000e+00,0.000000000000000000e+00
0.000000000000000000e+00,0.000000000000000000e+00,0.000000000000000000e+00,0.000000000000000000e+00,8.714596949891073585e-03,0.000000000000000000e+00,0.000000000000000000e+00,2.123142250530785091e-03,0.000000000000000000e+00,0.000000000000000000e+00,0.000000000000000000e+00,0.000000000000000000e+00,2.109704641350185206e-03,1.000000000000000000e+00,2.118644067796604524e-03,0.000000000000000000e+00,0.000000000000000000e+00,2.118644067796604524e-03,4.246284501061570182e-03,0.000000000000000000e+00,0.000000000000000000e+00,2.145922746781159240e-03,0.000000000000000000e+00,4.237288135593209049e-03,9.639065817409766534e-01,0.000000000000000000e+00,0.000000000000000000e+00,0.000000000000000000e+00,0.000000000000000000e+00,6.382978723404209020e-03,8.528784648187626161e-03,0.000000000000000000e+00,0.000000000000000000e+00,0.000000000000000000e+00,0.000000000000000000e+00,0.000000000000000000e+00,0.000000000000000000e+00,0.000000000000000000e+00,0.000000000000000000e+00,0.000000000000000000e+00,2.118644067796604524e-03,8.456659619450301868e-03,6.396588486140775132e-03,0.000000000000000000e+00,0.000000000000000000e+00,6.369426751592355274e-03,2.109704641350185206e-03,2.114164904862603223e-03,0.000000000000000000e+00,0.000000000000000000e+00,0.000000000000000000e+00,2.127659574468032666e-03,8.492569002123140365e-03,0.000000000000000000e+00,2.114164904862603223e-03,0.000000000000000000e+00,2.118644067796604524e-03,9.594017094017094349e-01,0.000000000000000000e+00,2.127659574468032666e-03,6.329113924050666640e-03,6.423982869379063487e-03,0.000000000000000000e+00,4.310344827586187755e-03,0.000000000000000000e+00,0.000000000000000000e+00,2.127659574468032666e-03,6.410256410256387483e-03,4.301075268817178276e-03,2.132196162046962051e-03,6.382978723404209020e-03,4.237288135593209049e-03,6.342494714587698645e-03,6.342494714587698645e-03,2.169197396963085112e-03,4.228329809725206445e-03,0.000000000000000000e+00,2.109704641350185206e-03,0.000000000000000000e+00,0.000000000000000000e+00,0.000000000000000000e+00,0.000000000000000000e+00,6.396588486140775132e-03,2.109704641350185206e-03,4.219409282700370412e-03,6.355932203389813573e-03,2.118644067796604524e-03,2.109704641350185206e-03,0.000000000000000000e+00,2.109704641350185206e-03,2.114164904862603223e-03,0.000000000000000000e+00,4.228329809725206445e-03,0.000000000000000000e+00,6.355932203389813573e-03,1.057082452431290509e-02,6.355932203389813573e-03,8.456659619450301868e-03,6.342494714587698645e-03,0.000000000000000000e+00,0.000000000000000000e+00,2.132196162046962051e-03
1.304347826086960094e-02,0.000000000000000000e+00,2.127659574468032666e-03,0.000000000000000000e+00,0.000000000000000000e+00,0.000000000000000000e+00,6.382978723404209020e-03,1.061571125265392546e-02,0.000000000000000000e+00,2.118644067796604524e-03,0.000000000000000000e+00,2.141327623126354496e-03,0.000000000000000000e+00,2.118644067796604524e-03,1.000000000000000000e+00,1.271186440677962715e-02,0.000000000000000000e+00,6.369426751592355274e-03,0.000000000000000000e+00,0.000000000000000000e+00,8.771929824561430777e-03,0.000000000000000000e+00,0.000000000000000000e+00,0.000000000000000000e+00,2.132196162046962051e-03,0.000000000000000000e+00,2.145922746781159240e-03,0.000000000000000000e+00,0.000000000000000000e+00,2.136752136752129161e-03,2.136752136752129161e-03,2.155172413793149389e-03,2.123142250530785091e-03,2.123142250530785091e-03,0.000000000000000000e+00,0.000000000000000000e+00,0.000000000000000000e+00,0.000000000000000000e+00,0.000000000000000000e+00,0.000000000000000000e+00,2.123142250530785091e-03,0.000000000000000000e+00,4.264392324093813080e-03,0.000000000000000000e+00,1.273885350318471055e-02,4.255319148936176354e-03,2.118644067796604524e-03,1.000000000000000000e+00,0.000000000000000000e+00,0.000000000000000000e+00,0.000000000000000000e+00,4.264392324093813080e-03,0.000000000000000000e+00,0.000000000000000000e+00,6.355932203389813573e-03,2.127659574468032666e-03,1.000000000000000000e+00,2.141327623126354496e-03,0.000000000000000000e+00,0.000000000000000000e+00,2.118644067796604524e-03,2.141327623126354496e-03,2.123142250530785091e-03,0.000000000000000000e+00,0.000000000000000000e+00,2.188183807439791906e-03,0.000000000000000000e+00,6.423982869379063487e-03,0.000000000000000000e+00,2.132196162046962051e-03,0.000000000000000000e+00,6.369426751592355274e-03,0.000000000000000000e+00,6.369426751592355274e-03,2.178649237472796152e-03,0.000000000000000000e+00,0.000000000000000000e+00,4.228329809725206445e-03,6.369426751592355274e-03,0.000000000000000000e+00,0.000000000000000000e+00,0.000000000000000000e+00,2.136752136752129161e-03,0.000000000000000000e+00,9.577167019027483796e-01,0.000000000000000000e+00,0.000000000000000000e+00,2.114164904862603223e-03,4.273504273504258322e-03,1.057082452431290509e-02,4.237288135593209049e-03,0.000000000000000000e+00,0.000000000000000000e+00,2.123142250530785091e-03,0.000000000000000000e+00,0.000000000000000000e+00,0.000000000000000000e+00,0.000000000000000000e+00,0.000000000000000000e+00,2.141327623126354496e-03,2.150537634408644649e-03,0.000000000000000000e+00
8.676789587852451469e-03,6.369426751592355274e-03,4.246284501061570182e-03,4.237288135593209049e-03,2.173913043478248319e-03,2.150537634408644649e-03,4.246284501061570182e-03,9.915254237288135819e-01,6.382978723404209020e-03,0.000000000000000000e+00,1.271186440677962715e-02,0.000000000000000000e+00,4.228329809725206445e-03,0.000000000000000000e+00,1.271186440677962715e-02,1.000000000000000000e+00,0.000000000000000000e+00,2.118644067796604524e-03,2.123142250530785091e-03,0.000000000000000000e+00,6.564551422319486740e-03,8.583690987124414917e-03,0.000000000000000000e+00,4.237288135593209049e-03,2.127659574468032666e-03,0.000000000000000000e+00,6.423982869379063487e-03,4.237288135593209049e-03,2.127659574468032666e-03,4.264392324093813080e-03,4.264392324093813080e-03,4.301075268817178276e-03,1.698513800424628073e-02,4.237288135593209049e-03,4.291845493562207459e-03,0.000000000000000000e+00,0.000000000000000000e+00,0.000000000000000000e+00,1.057082452431290509e-02,0.000000000000000000e+00,4.237288135593209049e-03,0.000000000000000000e+00,2.132196162046962051e-03,2.150537634408644649e-03,6.355932203389813573e-03,6.369426751592355274e-03,6.342494714587698645e-03,1.483050847457623167e-02,0.000000000000000000e+00,0.000000000000000000e+00,1.057082452431290509e-02,4.264392324093813080e-03,4.255319148936176354e-03,4.246284501061570182e-03,0.000000000000000000e+00,0.000000000000000000e+00,1.059322033898302262e-02,2.141327623126354496e-03,0.000000000000000000e+00,4.255319148936176354e-03,6.342494714587698645e-03,4.273504273504258322e-03,4.237288135593209049e-03,4.310344827586187755e-03,0.000000000000000000e+00,4.366812227074245989e-03,0.000000000000000000e+00,2.136752136752129161e-03,4.301075268817178276e-03,0.000000000000000000e+00,4.255319148936176354e-03,2.118644067796604524e-03,4.228329809725206445e-03,4.237288135593209049e-03,2.173913043478248319e-03,0.000000000000000000e+00,6.342494714587698645e-03,2.067510548523207037e-01,4.237288135593209049e-03,0.000000000000000000e+00,6.369426751592355274e-03,4.228329809725206445e-03,4.264392324093813080e-03,2.114164904862603223e-03,1.265822784810122226e-02,2.123142250530785091e-03,2.123142250530785091e-03,2.114164904862603223e-03,4.264392324093813080e-03,9.282700421940928148e-01,4.228329809725206445e-03,0.000000000000000000e+00,2.118644067796604524e-03,4.872881355932201508e-02,0.000000000000000000e+00,2.118644067796604524e-03,4.237288135593209049e-03,4.228329809725206445e-03,4.228329809725206445e-03,0.000000000000000000e+00,0.000000000000000000e+00,0.000000000000000000e+00
0.000000000000000000e+00,0.000000000000000000e+00,0.000000000000000000e+00,0.000000000000000000e+00,2.197802197802189994e-03,0.000000000000000000e+00,0.000000000000000000e+00,0.000000000000000000e+00,0.000000000000000000e+00,2.150537634408644649e-03,0.000000000000000000e+00,9.870967741935483541e-01,0.000000000000000000e+00,0.000000000000000000e+00,0.000000000000000000e+00,0.000000000000000000e+00,1.000000000000000000e+00,2.150537634408644649e-03,0.000000000000000000e+00,4.310344827586187755e-03,0.000000000000000000e+00,0.000000000000000000e+00,0.000000000000000000e+00,0.000000000000000000e+00,0.000000000000000000e+00,2.217294900221711274e-03,0.000000000000000000e+00,0.000000000000000000e+00,2.155172413793149389e-03,0.000000000000000000e+00,0.000000000000000000e+00,2.173913043478248319e-03,0.000000000000000000e+00,0.000000000000000000e+00,0.000000000000000000e+00,6.479481641468720632e-03,0.000000000000000000e+00,9.892703862660944258e-01,0.000000000000000000e+00,0.000000000000000000e+00,0.000000000000000000e+00,0.000000000000000000e+00,0.000000000000000000e+00,0.000000000000000000e+00,0.000000000000000000e+00,0.000000000000000000e+00,0.000000000000000000e+00,0.000000000000000000e+00,0.000000000000000000e+00,0.000000000000000000e+00,0.000000000000000000e+00,0.000000000000000000e+00,0.000000000000000000e+00,0.000000000000000000e+00,0.000000000000000000e+00,1.000000000000000000e+00,0.000000000000000000e+00,0.000000000000000000e+00,0.000000000000000000e+00,0.000000000000000000e+00,0.000000000000000000e+00,0.000000000000000000e+00,0.000000000000000000e+00,0.000000000000000000e+00,0.000000000000000000e+00,0.000000000000000000e+00,2.155172413793149389e-03,0.000000000000000000e+00,0.000000000000000000e+00,2.159827213822906877e-03,0.000000000000000000e+00,2.150537634408644649e-03,0.000000000000000000e+00,0.000000000000000000e+00,0.000000000000000000e+00,0.000000000000000000e+00,0.000000000000000000e+00,0.000000000000000000e+00,0.000000000000000000e+00,0.000000000000000000e+00,0.000000000000000000e+00,0.000000000000000000e+00,0.000000000000000000e+00,0.000000000000000000e+00,0.000000000000000000e+00,0.000000000000000000e+00,0.000000000000000000e+00,0.000000000000000000e+00,0.000000000000000000e+00,2.141327623126354496e-03,0.000000000000000000e+00,0.000000000000000000e+00,0.000000000000000000e+00,0.000000000000000000e+00,0.000000000000000000e+00,0.000000000000000000e+00,0.000000000000000000e+00,0.000000000000000000e+00,0.000000000000000000e+00,0.000000000000000000e+00,0.000000000000000000e+00,0.000000000000000000e+00
2.173913043478248319e-03,4.255319148936176354e-03,4.255319148936176354e-03,2.123142250530785091e-03,0.000000000000000000e+00,0.000000000000000000e+00,2.127659574468032666e-03,0.000000000000000000e+00,8.528784648187626161e-03,4.246284501061570182e-03,0.000000000000000000e+00,2.145922746781159240e-03,0.000000000000000000e+00,2.118644067796604524e-03,6.369426751592355274e-03,2.118644067796604524e-03,2.150537634408644649e-03,1.000000000000000000e+00,0.000000000000000000e+00,4.273504273504258322e-03,4.385964912280715389e-03,0.000000000000000000e+00,0.000000000000000000e+00,2.123142250530785091e-03,4.264392324093813080e-03,0.000000000000000000e+00,0.000000000000000000e+00,2.123142250530785091e-03,0.000000000000000000e+00,0.000000000000000000e+00,0.000000000000000000e+00,4.310344827586187755e-03,0.000000000000000000e+00,2.123142250530785091e-03,4.301075268817178276e-03,0.000000000000000000e+00,0.000000000000000000e+00,0.000000000000000000e+00,0.000000000000000000e+00,0.000000000000000000e+00,2.123142250530785091e-03,2.118644067796604524e-03,0.000000000000000000e+00,0.000000000000000000e+00,4.246284501061570182e-03,0.000000000000000000e+00,1.483050847457623167e-02,6.369426751592355274e-03,0.000000000000000000e+00,0.000000000000000000e+00,0.000000000000000000e+00,2.136752136752129161e-03,0.000000000000000000e+00,8.510638297872352709e-03,0.000000000000000000e+00,0.000000000000000000e+00,6.369426751592355274e-03,2.145922746781159240e-03,0.000000000000000000e+00,0.000000000000000000e+00,0.000000000000000000e+00,0.000000000000000000e+00,2.123142250530785091e-03,8.639308855291627509e-03,2.217294900221711274e-03,6.564551422319486740e-03,4.264392324093813080e-03,0.000000000000000000e+00,0.000000000000000000e+00,4.273504273504258322e-03,1.066098081023458821e-02,8.453389830508474256e-01,0.000000000000000000e+00,2.123142250530785091e-03,4.357298474945481281e-03,0.000000000000000000e+00,2.118644067796604524e-03,2.114164904862603223e-03,0.000000000000000000e+00,2.132196162046962051e-03,4.255319148936176354e-03,2.118644067796604524e-03,2.136752136752129161e-03,0.000000000000000000e+00,6.342494714587698645e-03,0.000000000000000000e+00,0.000000000000000000e+00,2.114164904862603223e-03,0.000000000000000000e+00,4.228329809725206445e-03,4.237288135593209049e-03,4.264392324093813080e-03,2.118644067796604524e-03,1.486199575371549564e-02,0.000000000000000000e+00,1.486199575371549564e-02,0.000000000000000000e+00,0.000000000000000000e+00,0.000000000000000000e+00,0.000000000000000000e+00,0.000000000000000000e+00,0.000000000000000000e+00
2.173913043478248319e-03,2.132196162046962051e-03,2.132196162046962051e-03,2.127659574468032666e-03,0.000000000000000000e+00,0.000000000000000000e+00,2.132196162046962051e-03,4.264392324093813080e-03,2.136752136752129161e-03,1.702127659574470542e-02,2.127659574468032666e-03,0.000000000000000000e+00,2.123142250530785091e-03,4.246284501061570182e-03,0.000000000000000000e+00,2.123142250530785091e-03,0.000000000000000000e+00,0.000000000000000000e+00,1.000000000000000000e+00,1.927194860813707944e-02,0.000000000000000000e+00,0.000000000000000000e+00,0.000000000000000000e+00,4.255319148936176354e-03,2.136752136752129161e-03,0.000000000000000000e+00,0.000000000000000000e+00,2.127659574468032666e-03,0.000000000000000000e+00,0.000000000000000000e+00,2.141327623126354496e-03,2.164502164502146719e-03,2.132196162046962051e-03,2.127659574468032666e-03,0.000000000000000000e+00,0.000000000000000000e+00,0.000000000000000000e+00,0.000000000000000000e+00,0.000000000000000000e+00,0.000000000000000000e+00,6.382978723404209020e-03,4.246284501061570182e-03,2.141327623126354496e-03,0.000000000000000000e+00,0.000000000000000000e+00,2.132196162046962051e-03,6.369426751592355274e-03,0.000000000000000000e+00,0.000000000000000000e+00,0.000000000000000000e+00,0.000000000000000000e+00,2.141327623126354496e-03,0.000000000000000000e+00,0.000000000000000000e+00,2.127659574468032666e-03,0.000000000000000000e+00,0.000000000000000000e+00,2.150537634408644649e-03,0.000000000000000000e+00,9.531914893617021711e-01,0.000000000000000000e+00,2.150537634408644649e-03,2.127659574468032666e-03,6.493506493506440158e-03,0.000000000000000000e+00,2.192982456140302183e-03,1.923076923076927347e-02,2.145922746781159240e-03,2.159827213822906877e-03,1.927194860813707944e-02,4.273504273504258322e-03,0.000000000000000000e+00,0.000000000000000000e+00,2.127659574468032666e-03,4.366812227074245989e-03,2.123142250530785091e-03,4.255319148936176354e-03,0.000000000000000000e+00,8.510638297872352709e-03,0.000000000000000000e+00,2.132196162046962051e-03,0.000000000000000000e+00,4.291845493562207459e-03,2.123142250530785091e-03,2.123142250530785091e-03,0.000000000000000000e+00,0.000000000000000000e+00,2.123142250530785091e-03,0.000000000000000000e+00,6.369426751592355274e-03,2.123142250530785091e-03,0.000000000000000000e+00,2.127659574468032666e-03,0.000000000000000000e+00,2.127659574468032666e-03,4.255319148936176354e-03,0.000000000000000000e+00,0.000000000000000000e+00,0.000000000000000000e+00,0.000000000000000000e+00,0.000000000000000000e+00,0.000000000000000000e+00
2.188183807439791906e-03,0.000000000000000000e+00,2.141327623126354496e-03,0.000000000000000000e+00,6.550218340611313472e-03,0.000000000000000000e+00,6.423982869379063487e-03,0.000000000000000000e+00,2.141327623126354496e-03,9.957446808510638236e-01,0.000000000000000000e+00,2.150537634408644649e-03,0.000000000000000000e+00,0.000000000000000000e+00,0.000000000000000000e+00,0.000000000000000000e+00,4.310344827586187755e-03,4.273504273504258322e-03,1.927194860813707944e-02,1.000000000000000000e+00,2.202643171806184519e-03,0.000000000000000000e+00,0.000000000000000000e+00,0.000000000000000000e+00,0.000000000000000000e+00,0.000000000000000000e+00,2.155172413793149389e-03,0.000000000000000000e+00,0.000000000000000000e+00,4.291845493562207459e-03,2.150537634408644649e-03,0.000000000000000000e+00,6.410256410256387483e-03,4.273504273504258322e-03,2.164502164502146719e-03,0.000000000000000000e+00,0.000000000000000000e+00,2.141327623126354496e-03,0.000000000000000000e+00,0.000000000000000000e+00,0.000000000000000000e+00,0.000000000000000000e+00,0.000000000000000000e+00,0.000000000000000000e+00,2.136752136752129161e-03,2.136752136752129161e-03,2.127659574468032666e-03,2.127659574468032666e-03,0.000000000000000000e+00,0.000000000000000000e+00,0.000000000000000000e+00,0.000000000000000000e+00,4.282655246252708992e-03,0.000000000000000000e+00,0.000000000000000000e+00,2.141327623126354496e-03,2.132196162046962051e-03,0.000000000000000000e+00,0.000000000000000000e+00,1.498929336188437045e-02,4.255319148936176354e-03,0.000000000000000000e+00,4.273504273504258322e-03,4.338394793926281245e-03,0.000000000000000000e+00,1.054945054945054528e-01,8.782051282051281937e-01,2.150537634408644649e-03,2.164502164502146719e-03,9.571734475374732432e-01,0.000000000000000000e+00,4.273504273504258322e-03,4.264392324093813080e-03,0.000000000000000000e+00,0.000000000000000000e+00,0.000000000000000000e+00,0.000000000000000000e+00,0.000000000000000000e+00,2.132196162046962051e-03,2.145922746781159240e-03,0.000000000000000000e+00,0.000000000000000000e+00,0.000000000000000000e+00,0.000000000000000000e+00,0.000000000000000000e+00,2.136752136752129161e-03,0.000000000000000000e+00,0.000000000000000000e+00,0.000000000000000000e+00,0.000000000000000000e+00,4.264392324093813080e-03,2.145922746781159240e-03,0.000000000000000000e+00,2.136752136752129161e-03,2.136752136752129161e-03,2.132196162046962051e-03,6.396588486140775132e-03,4.264392324093813080e-03,4.264392324093813080e-03,2.150537634408644649e-03,2.164502164502146719e-03,4.301075268817178276e-03
9.978070175438596978e-01,4.385964912280715389e-03,4.395604395604379988e-03,4.385964912280715389e-03,2.013422818791943403e-02,6.666666666666709595e-03,4.395604395604379988e-03,8.771929824561430777e-03,4.405286343612369038e-03,2.192982456140302183e-03,2.188183807439791906e-03,0.000000000000000000e+00,4.366812227074245989e-03,0.000000000000000000e+00,8.771929824561430777e-03,6.564551422319486740e-03,0.000000000000000000e+00,4.385964912280715389e-03,0.000000000000000000e+00,2.202643171806184519e-03,1.000000000000000000e+00,4.424778761061953780e-03,0.000000000000000000e+00,4.385964912280715389e-03,0.000000000000000000e+00,0.000000000000000000e+00,0.000000000000000000e+00,4.385964912280715389e-03,0.000000000000000000e+00,1.754385964912286155e-02,0.000000000000000000e+00,4.454342984409831452e-03,6.578947368421017572e-03,0.000000000000000000e+00,4.444444444444473064e-03,0.000000000000000000e+00,0.000000000000000000e+00,0.000000000000000000e+00,2.188183807439791906e-03,0.000000000000000000e+00,4.385964912280715389e-03,2.188183807439791906e-03,0.000000000000000000e+00,0.000000000000000000e+00,9.868708971553610265e-01,2.192982456140302183e-03,2.183406113537067483e-03,1.312910284463897348e-02,0.000000000000000000e+00,0.000000000000000000e+00,2.188183807439791906e-03,6.607929515418553557e-03,1.318681318681313996e-02,4.395604395604379988e-03,0.000000000000000000e+00,0.000000000000000000e+00,8.771929824561430777e-03,0.000000000000000000e+00,4.444444444444473064e-03,0.000000000000000000e+00,2.183406113537122994e-02,2.212389380530921379e-03,0.000000000000000000e+00,6.681514476614691667e-03,2.283105022831022346e-03,6.772009029345382736e-03,4.395604395604379988e-03,0.000000000000000000e+00,6.666666666666709595e-03,2.207505518763808183e-03,0.000000000000000000e+00,6.564551422319486740e-03,2.620087336244536491e-02,0.000000000000000000e+00,2.237136465324418566e-03,2.188183807439791906e-03,6.564551422319486740e-03,1.091703056768555946e-02,4.376367614879694834e-03,4.395604395604379988e-03,6.578947368421017572e-03,6.564551422319486740e-03,6.607929515418553557e-03,4.366812227074245989e-03,1.310043668122273797e-02,6.578947368421017572e-03,2.192982456140302183e-03,4.366812227074245989e-03,0.000000000000000000e+00,4.366812227074245989e-03,2.188183807439791906e-03,2.202643171806184519e-03,2.188183807439791906e-03,2.192982456140302183e-03,6.578947368421017572e-03,6.564551422319486740e-03,1.973684210526316374e-02,1.531728665207876539e-02,2.188183807439825213e-02,0.000000000000000000e+00,0.000000000000000000e+00,0.000000000000000000e+00
8.810572687224627053e-03,1.075268817204300120e-02,1.724137931034486204e-02,1.505376344086017948e-02,4.415011037527616367e-03,0.000000000000000000e+00,0.000000000000000000e+00,6.465517241379337143e-03,1.727861771058314400e-02,2.150537634408644649e-03,2.145922746781114832e-02,0.000000000000000000e+00,1.049250535331905931e-01,2.145922746781159240e-03,0.000000000000000000e+00,8.583690987124414917e-03,0.000000000000000000e+00,0.000000000000000000e+00,0.000000000000000000e+00,0.000000000000000000e+00,4.424778761061953780e-03,1.000000000000000000e+00,0.000000000000000000e+00,1.505376344086017948e-02,2.159827213822906877e-03,0.000000000000000000e+00,0.000000000000000000e+00,1.505376344086017948e-02,0.000000000000000000e+00,2.159827213822906877e-03,0.000000000000000000e+00,1.528384279475980545e-02,6.451612903225822926e-03,0.000000000000000000e+00,0.000000000000000000e+00,2.159827213822906877e-03,0.000000000000000000e+00,0.000000000000000000e+00,1.502145922746778162e-02,0.000000000000000000e+00,1.290322580645164585e-02,1.351931330472102566e-01,2.159827213822906877e-03,0.000000000000000000e+00,6.451612903225822926e-03,2.155172413793149389e-03,6.437768240343366699e-03,0.000000000000000000e+00,0.000000000000000000e+00,2.169197396963085112e-03,1.502145922746778162e-02,1.515151515151513806e-02,2.155172413793149389e-03,1.508620689655171265e-02,4.291845493562207459e-03,0.000000000000000000e+00,0.000000000000000000e+00,2.173913043478248319e-03,2.178649237472796152e-03,2.159827213822906877e-03,6.437768240343366699e-03,0.000000000000000000e+00,0.000000000000000000e+00,6.550218340611313472e-03,2.242152466367719477e-03,2.217294900221711274e-03,0.000000000000000000e+00,2.164502164502146719e-03,2.178649237472796152e-03,0.000000000000000000e+00,4.319654427645813755e-03,4.301075268817178276e-03,2.145922746781159240e-03,2.145922746781159240e-03,1.384615384615384137e-01,1.520342612419700590e-01,1.244635193133046824e-01,1.070663811563166146e-02,2.150537634408644649e-03,1.079913606911442336e-02,1.075268817204300120e-02,1.137339055793991083e-01,0.000000000000000000e+00,1.241970021413276726e-01,0.000000000000000000e+00,0.000000000000000000e+00,1.376344086021505930e-01,1.134903640256959001e-01,4.329004329004293439e-03,8.565310492505306961e-03,2.145922746781159240e-03,1.079913606911442336e-02,1.351931330472102566e-01,4.301075268817178276e-03,0.000000000000000000e+00,6.437768240343366699e-03,4.301075268817178276e-03,4.291845493562207459e-03,4.291845493562207459e-03,0.000000000000000000e+00,0.000000000000000000e+00,0.000000000000000000e+00
0.000000000000000000e+00,0.000000000000000000e+00,0.000000000000000000e+00,0.000000000000000000e+00,0.000000000000000000e+00,0.000000000000000000e+00,0.000000000000000000e+00,0.000000000000000000e+00,0.000000000000000000e+00,0.000000000000000000e+00,0.000000000000000000e+00,0.000000000000000000e+00,0.000000000000000000e+00,0.000000000000000000e+00,0.000000000000000000e+00,0.000000000000000000e+00,0.000000000000000000e+00,0.000000000000000000e+00,0.000000000000000000e+00,0.000000000000000000e+00,0.000000000000000000e+00,0.000000000000000000e+00,1.000000000000000000e+00,0.000000000000000000e+00,0.000000000000000000e+00,0.000000000000000000e+00,0.000000000000000000e+00,0.000000000000000000e+00,0.000000000000000000e+00,0.000000000000000000e+00,0.000000000000000000e+00,0.000000000000000000e+00,0.000000000000000000e+00,0.000000000000000000e+00,0.000000000000000000e+00,0.000000000000000000e+00,0.000000000000000000e+00,0.000000000000000000e+00,0.000000000000000000e+00,9.911699779249447673e-01,0.000000000000000000e+00,0.000000000000000000e+00,0.000000000000000000e+00,0.000000000000000000e+00,0.000000000000000000e+00,0.000000000000000000e+00,0.000000000000000000e+00,0.000000000000000000e+00,0.000000000000000000e+00,0.000000000000000000e+00,0.000000000000000000e+00,0.000000000000000000e+00,0.000000000000000000e+00,0.000000000000000000e+00,0.000000000000000000e+00,0.000000000000000000e+00,0.000000000000000000e+00,0.000000000000000000e+00,0.000000000000000000e+00,0.000000000000000000e+00,0.000000000000000000e+00,0.000000000000000000e+00,0.000000000000000000e+00,0.000000000000000000e+00,0.000000000000000000e+00,0.000000000000000000e+00,0.000000000000000000e+00,0.000000000000000000e+00,0.000000000000000000e+00,0.000000000000000000e+00,0.000000000000000000e+00,0.000000000000000000e+00,0.000000000000000000e+00,0.000000000000000000e+00,0.000000000000000000e+00,0.000000000000000000e+00,0.000000000000000000e+00,0.000000000000000000e+00,0.000000000000000000e+00,0.000000000000000000e+00,0.000000000000000000e+00,0.000000000000000000e+00,0.000000000000000000e+00,0.000000000000000000e+00,0.000000000000000000e+00,0.000000000000000000e+00,0.000000000000000000e+00,0.000000000000000000e+00,0.000000000000000000e+00,0.000000000000000000e+00,0.000000000000000000e+00,0.000000000000000000e+00,0.000000000000000000e+00,0.000000000000000000e+00,0.000000000000000000e+00,0.000000000000000000e+00,0.000000000000000000e+00,0.000000000000000000e+00,0.000000000000000000e+00,0.000000000000000000e+00,0.000000000000000000e+00,0.000000000000000000e+00
6.535947712418277433e-03,1.000000000000000000e+00,8.259023354564756225e-01,8.858350951374207582e-01,2.183406113537067483e-03,4.310344827586187755e-03,4.255319148936176354e-03,6.382978723404209020e-03,8.723404255319149314e-01,2.123142250530785091e-03,8.474576271186418097e-03,0.000000000000000000e+00,1.059322033898302262e-02,4.237288135593209049e-03,0.000000000000000000e+00,4.237288135593209049e-03,0.000000000000000000e+00,2.123142250530785091e-03,4.255319148936176354e-03,0.000000000000000000e+00,4.385964912280715389e-03,1.505376344086017948e-02,0.000000000000000000e+00,1.000000000000000000e+00,2.132196162046962051e-03,0.000000000000000000e+00,1.072961373390557416e-02,8.350951374207188360e-01,0.000000000000000000e+00,4.273504273504258322e-03,0.000000000000000000e+00,8.774193548387096975e-01,6.382978723404209020e-03,2.123142250530785091e-03,4.301075268817178276e-03,0.000000000000000000e+00,0.000000000000000000e+00,0.000000000000000000e+00,6.355932203389813573e-03,0.000000000000000000e+00,8.283898305084745894e-01,1.059322033898302262e-02,2.136752136752129161e-03,0.000000000000000000e+00,6.369426751592355274e-03,0.000000000000000000e+00,6.355932203389813573e-03,0.000000000000000000e+00,0.000000000000000000e+00,2.141327623126354496e-03,4.237288135593209049e-03,8.212765957446808152e-01,2.132196162046962051e-03,8.832271762208068200e-01,6.355932203389813573e-03,0.000000000000000000e+00,0.000000000000000000e+00,0.000000000000000000e+00,0.000000000000000000e+00,4.264392324093813080e-03,4.237288135593209049e-03,0.000000000000000000e+00,6.369426751592355274e-03,6.479481641468720632e-03,0.000000000000000000e+00,2.188183807439791906e-03,0.000000000000000000e+00,2.141327623126354496e-03,4.310344827586187755e-03,0.000000000000000000e+00,8.528784648187626161e-03,2.123142250530785091e-03,2.118644067796604524e-03,4.246284501061570182e-03,8.714596949891073585e-03,6.355932203389813573e-03,1.483050847457623167e-02,4.237288135593209049e-03,4.246284501061570182e-03,2.132196162046962051e-03,8.305084745762711940e-01,1.059322033898302262e-02,4.273504273504258322e-03,1.271186440677962715e-02,0.000000000000000000e+00,2.127659574468032666e-03,1.702127659574470542e-02,1.694915254237283619e-02,0.000000000000000000e+00,6.355932203389813573e-03,4.237288135593209049e-03,4.264392324093813080e-03,8.492569002123140365e-03,6.369426751592355274e-03,0.000000000000000000e+00,1.061571125265392546e-02,2.123142250530785091e-03,2.118644067796604524e-03,2.118644067796604524e-03,0.000000000000000000e+00,0.000000000000000000e+00,0.000000000000000000e+00
0.000000000000000000e+00,0.000000000000000000e+00,0.000000000000000000e+00,0.000000000000000000e+00,6.564551422319486740e-03,2.164502164502146719e-03,0.000000000000000000e+00,2.136752136752129161e-03,0.000000000000000000e+00,0.000000000000000000e+00,0.000000000000000000e+00,0.000000000000000000e+00,2.127659574468032666e-03,9.639065817409766534e-01,2.132196162046962051e-03,2.127659574468032666e-03,0.000000000000000000e+00,4.264392324093813080e-03,2.136752136752129161e-03,0.000000000000000000e+00,0.000000000000000000e+00,2.159827213822906877e-03,0.000000000000000000e+00,2.132196162046962051e-03,1.000000000000000000e+00,0.000000000000000000e+00,0.000000000000000000e+00,0.000000000000000000e+00,0.000000000000000000e+00,6.437768240343366699e-03,6.437768240343366699e-03,0.000000000000000000e+00,2.136752136752129161e-03,0.000000000000000000e+00,2.164502164502146719e-03,0.000000000000000000e+00,0.000000000000000000e+00,0.000000000000000000e+00,0.000000000000000000e+00,0.000000000000000000e+00,2.132196162046962051e-03,8.510638297872352709e-03,6.437768240343366699e-03,0.000000000000000000e+00,0.000000000000000000e+00,8.547008547008516643e-03,8.510638297872352709e-03,2.132196162046962051e-03,0.000000000000000000e+00,0.000000000000000000e+00,0.000000000000000000e+00,2.145922746781159240e-03,6.423982869379063487e-03,0.000000000000000000e+00,4.255319148936176354e-03,0.000000000000000000e+00,4.264392324093813080e-03,9.483870967741935276e-01,2.169197396963085112e-03,4.282655246252708992e-03,6.382978723404209020e-03,6.465517241379337143e-03,0.000000000000000000e+00,4.338394793926281245e-03,0.000000000000000000e+00,0.000000000000000000e+00,2.141327623126354496e-03,6.451612903225822926e-03,0.000000000000000000e+00,0.000000000000000000e+00,4.282655246252708992e-03,2.132196162046962051e-03,6.382978723404209020e-03,6.396588486140775132e-03,4.376367614879694834e-03,6.382978723404209020e-03,2.127659574468032666e-03,4.255319148936176354e-03,0.000000000000000000e+00,2.141327623126354496e-03,0.000000000000000000e+00,2.127659574468032666e-03,6.437768240343366699e-03,2.127659574468032666e-03,4.246284501061570182e-03,8.547008547008516643e-03,2.136752136752129161e-03,2.127659574468032666e-03,0.000000000000000000e+00,0.000000000000000000e+00,0.000000000000000000e+00,2.141327623126354496e-03,4.255319148936176354e-03,0.000000000000000000e+00,8.528784648187626161e-03,8.528784648187626161e-03,8.528784648187626161e-03,6.382978723404209020e-03,6.382978723404209020e-03,2.145922746781159240e-03,2.159827213822906877e-03,0.000000000000000000e+00
0.000000000000000000e+00,0.000000000000000000e+00,0.000000000000000000e+00,0.000000000000000000e+00,0.000000000000000000e+00,0.000000000000000000e+00,0.000000000000000000e+00,0.000000000000000000e+00,0.000000000000000000e+00,0.000000000000000000e+00,0.000000000000000000e+00,0.000000000000000000e+00,0.000000000000000000e+00,0.000000000000000000e+00,0.000000000000000000e+00,0.000000000000000000e+00,2.217294900221711274e-03,0.000000000000000000e+00,0.000000000000000000e+00,0.000000000000000000e+00,0.000000000000000000e+00,0.000000000000000000e+00,0.000000000000000000e+00,0.000000000000000000e+00,0.000000000000000000e+00,1.000000000000000000e+00,0.000000000000000000e+00,0.000000000000000000e+00,0.000000000000000000e+00,0.000000000000000000e+00,0.000000000000000000e+00,0.000000000000000000e+00,0.000000000000000000e+00,0.000000000000000000e+00,0.000000000000000000e+00,0.000000000000000000e+00,0.000000000000000000e+00,0.000000000000000000e+00,0.000000000000000000e+00,0.000000000000000000e+00,0.000000000000000000e+00,0.000000000000000000e+00,0.000000000000000000e+00,0.000000000000000000e+00,0.000000000000000000e+00,0.000000000000000000e+00,0.000000000000000000e+00,0.000000000000000000e+00,0.000000000000000000e+00,0.000000000000000000e+00,0.000000000000000000e+00,0.000000000000000000e+00,0.000000000000000000e+00,0.000000000000000000e+00,0.000000000000000000e+00,0.000000000000000000e+00,0.000000000000000000e+00,0.000000000000000000e+00,0.000000000000000000e+00,0.000000000000000000e+00,0.000000000000000000e+00,0.000000000000000000e+00,0.000000000000000000e+00,0.000000000000000000e+00,0.000000000000000000e+00,0.000000000000000000e+00,0.000000000000000000e+00,0.000000000000000000e+00,0.000000000000000000e+00,0.000000000000000000e+00,0.000000000000000000e+00,2.192982456140302183e-03,0.000000000000000000e+00,0.000000000000000000e+00,0.000000000000000000e+00,0.000000000000000000e+00,0.000000000000000000e+00,0.000000000000000000e+00,0.000000000000000000e+00,0.000000000000000000e+00,0.000000000000000000e+00,0.000000000000000000e+00,0.000000000000000000e+00,0.000000000000000000e+00,0.000000000000000000e+00,0.000000000000000000e+00,0.000000000000000000e+00,0.000000000000000000e+00,0.000000000000000000e+00,0.000000000000000000e+00,0.000000000000000000e+00,0.000000000000000000e+00,0.000000000000000000e+00,0.000000000000000000e+00,0.000000000000000000e+00,0.000000000000000000e+00,0.000000000000000000e+00,0.000000000000000000e+00,0.000000000000000000e+00,0.000000000000000000e+00,2.217294900221711274e-03,0.000000000000000000e+00
2.197802197802189994e-03,1.290322580645164585e-02,8.602150537634356553e-03,8.583690987124414917e-03,0.000000000000000000e+00,0.000000000000000000e+00,0.000000000000000000e+00,6.437768240343366699e-03,1.293103448275867429e-02,4.291845493562207459e-03,6.423982869379063487e-03,0.000000000000000000e+00,4.282655246252708992e-03,0.000000000000000000e+00,2.145922746781159240e-03,6.423982869379063487e-03,0.000000000000000000e+00,0.000000000000000000e+00,0.000000000000000000e+00,2.155172413793149389e-03,0.000000000000000000e+00,0.000000000000000000e+00,0.000000000000000000e+00,1.072961373390557416e-02,0.000000000000000000e+00,0.000000000000000000e+00,1.000000000000000000e+00,6.437768240343366699e-03,0.000000000000000000e+00,0.000000000000000000e+00,2.159827213822906877e-03,1.521739130434784926e-02,0.000000000000000000e+00,4.291845493562207459e-03,0.000000000000000000e+00,0.000000000000000000e+00,0.000000000000000000e+00,0.000000000000000000e+00,2.141327623126354496e-03,0.000000000000000000e+00,1.502145922746778162e-02,2.141327623126354496e-03,2.155172413793149389e-03,0.000000000000000000e+00,2.145922746781159240e-03,4.301075268817178276e-03,0.000000000000000000e+00,2.145922746781159240e-03,0.000000000000000000e+00,0.000000000000000000e+00,2.141327623126354496e-03,1.293103448275867429e-02,0.000000000000000000e+00,6.451612903225822926e-03,0.000000000000000000e+00,0.000000000000000000e+00,2.145922746781159240e-03,0.000000000000000000e+00,0.000000000000000000e+00,0.000000000000000000e+00,2.141327623126354496e-03,4.329004329004293439e-03,4.291845493562207459e-03,0.000000000000000000e+00,0.000000000000000000e+00,4.415011037527616367e-03,2.155172413793149389e-03,4.319654427645813755e-03,2.173913043478248319e-03,4.319654427645813755e-03,0.000000000000000000e+00,4.282655246252708992e-03,0.000000000000000000e+00,2.145922746781159240e-03,0.000000000000000000e+00,2.141327623126354496e-03,4.291845493562207459e-03,4.282655246252708992e-03,2.145922746781159240e-03,4.310344827586187755e-03,1.075268817204300120e-02,2.145922746781159240e-03,6.479481641468720632e-03,2.141327623126354496e-03,2.141327623126354496e-03,2.150537634408644649e-03,0.000000000000000000e+00,4.282655246252708992e-03,0.000000000000000000e+00,4.282655246252708992e-03,4.282655246252708992e-03,4.310344827586187755e-03,2.145922746781159240e-03,2.145922746781159240e-03,0.000000000000000000e+00,0.000000000000000000e+00,0.000000000000000000e+00,0.000000000000000000e+00,0.000000000000000000e+00,0.000000000000000000e+00,0.000000000000000000e+00,0.000000000000000000e+00
6.521739130434744958e-03,8.368644067796610075e-01,9.957627118644067910e-01,8.224101479915433277e-01,6.535947712418277433e-03,4.301075268817178276e-03,2.127659574468032666e-03,6.369426751592355274e-03,8.046709129511677716e-01,0.000000000000000000e+00,8.474576271186418097e-03,0.000000000000000000e+00,1.479915433403800051e-02,0.000000000000000000e+00,0.000000000000000000e+00,4.237288135593209049e-03,0.000000000000000000e+00,2.123142250530785091e-03,2.127659574468032666e-03,0.000000000000000000e+00,4.385964912280715389e-03,1.505376344086017948e-02,0.000000000000000000e+00,8.350951374207188360e-01,0.000000000000000000e+00,0.000000000000000000e+00,6.437768240343366699e-03,1.000000000000000000e+00,0.000000000000000000e+00,2.136752136752129161e-03,0.000000000000000000e+00,8.107526881720430456e-01,6.369426751592355274e-03,2.123142250530785091e-03,2.150537634408644649e-03,0.000000000000000000e+00,0.000000000000000000e+00,2.127659574468032666e-03,4.237288135593209049e-03,0.000000000000000000e+00,9.238900634249471722e-01,6.355932203389813573e-03,2.136752136752129161e-03,0.000000000000000000e+00,4.246284501061570182e-03,0.000000000000000000e+00,8.474576271186418097e-03,2.123142250530785091e-03,0.000000000000000000e+00,6.410256410256387483e-03,6.355932203389813573e-03,9.680851063829787329e-01,4.255319148936176354e-03,8.025477707006369865e-01,2.118644067796604524e-03,0.000000000000000000e+00,0.000000000000000000e+00,0.000000000000000000e+00,0.000000000000000000e+00,0.000000000000000000e+00,4.228329809725206445e-03,4.282655246252708992e-03,2.123142250530785091e-03,4.319654427645813755e-03,2.212389380530921379e-03,2.188183807439791906e-03,0.000000000000000000e+00,2.141327623126354496e-03,2.155172413793149389e-03,0.000000000000000000e+00,8.528784648187626161e-03,4.246284501061570182e-03,4.237288135593209049e-03,4.237288135593209049e-03,1.307189542483655487e-02,6.355932203389813573e-03,1.271186440677962715e-02,4.228329809725206445e-03,4.237288135593209049e-03,2.132196162046962051e-03,9.788135593220339548e-01,6.355932203389813573e-03,2.136752136752129161e-03,1.479915433403800051e-02,0.000000000000000000e+00,4.246284501061570182e-03,1.914893617021273808e-02,1.479915433403800051e-02,0.000000000000000000e+00,4.228329809725206445e-03,0.000000000000000000e+00,4.264392324093813080e-03,1.059322033898302262e-02,6.369426751592355274e-03,2.123142250530785091e-03,1.061571125265392546e-02,2.123142250530785091e-03,2.118644067796604524e-03,0.000000000000000000e+00,0.000000000000000000e+00,0.000000000000000000e+00,0.000000000000000000e+00
0.000000000000000000e+00,0.000000000000000000e+00,2.136752136752129161e-03,0.000000000000000000e+00,0.000000000000000000e+00,0.000000000000000000e+00,0.000000000000000000e+00,2.132196162046962051e-03,2.141327623126354496e-03,0.000000000000000000e+00,0.000000000000000000e+00,2.150537634408644649e-03,0.000000000000000000e+00,0.000000000000000000e+00,0.000000000000000000e+00,2.127659574468032666e-03,2.155172413793149389e-03,0.000000000000000000e+00,0.000000000000000000e+00,0.000000000000000000e+00,0.000000000000000000e+00,0.000000000000000000e+00,0.000000000000000000e+00,0.000000000000000000e+00,0.000000000000000000e+00,0.000000000000000000e+00,0.000000000000000000e+00,0.000000000000000000e+00,1.000000000000000000e+00,0.000000000000000000e+00,0.000000000000000000e+00,0.000000000000000000e+00,2.132196162046962051e-03,0.000000000000000000e+00,0.000000000000000000e+00,0.000000000000000000e+00,4.506437768240345587e-02,2.136752136752129161e-03,0.000000000000000000e+00,0.000000000000000000e+00,2.132196162046962051e-03,0.000000000000000000e+00,0.000000000000000000e+00,0.000000000000000000e+00,0.000000000000000000e+00,0.000000000000000000e+00,0.000000000000000000e+00,0.000000000000000000e+00,4.506437768240345587e-02,0.000000000000000000e+00,0.000000000000000000e+00,2.141327623126354496e-03,0.000000000000000000e+00,2.136752136752129161e-03,0.000000000000000000e+00,2.136752136752129161e-03,0.000000000000000000e+00,0.000000000000000000e+00,3.246753246753242284e-02,0.000000000000000000e+00,0.000000000000000000e+00,0.000000000000000000e+00,0.000000000000000000e+00,0.000000000000000000e+00,2.222222222222236532e-03,2.197802197802189994e-03,0.000000000000000000e+00,0.000000000000000000e+00,2.159827213822906877e-03,0.000000000000000000e+00,0.000000000000000000e+00,2.127659574468032666e-03,0.000000000000000000e+00,0.000000000000000000e+00,0.000000000000000000e+00,0.000000000000000000e+00,0.000000000000000000e+00,2.123142250530785091e-03,2.127659574468032666e-03,0.000000000000000000e+00,0.000000000000000000e+00,0.000000000000000000e+00,4.291845493562207459e-03,0.000000000000000000e+00,0.000000000000000000e+00,2.132196162046962051e-03,0.000000000000000000e+00,0.000000000000000000e+00,2.145922746781159240e-03,2.123142250530785091e-03,0.000000000000000000e+00,0.000000000000000000e+00,0.000000000000000000e+00,2.127659574468032666e-03,2.127659574468032666e-03,0.000000000000000000e+00,0.000000000000000000e+00,0.000000000000000000e+00,0.000000000000000000e+00,0.000000000000000000e+00,0.000000000000000000e+00,0.000000000000000000e+00
2.608695652173909085e-02,2.136752136752129161e-03,4.282655246252708992e-03,2.132196162046962051e-03,9.934640522875817226e-01,4.329004329004293439e-03,6.423982869379063487e-03,2.136752136752129161e-03,2.145922746781159240e-03,4.273504273504258322e-03,8.528784648187626161e-03,0.000000000000000000e+00,0.000000000000000000e+00,6.382978723404209020e-03,2.136752136752129161e-03,4.264392324093813080e-03,0.000000000000000000e+00,0.000000000000000000e+00,0.000000000000000000e+00,4.291845493562207459e-03,1.754385964912286155e-02,2.159827213822906877e-03,0.000000000000000000e+00,4.273504273504258322e-03,6.437768240343366699e-03,0.000000000000000000e+00,0.000000000000000000e+00,2.136752136752129161e-03,0.000000000000000000e+00,1.000000000000000000e+00,2.150537634408644649e-03,2.169197396963085112e-03,0.000000000000000000e+00,2.132196162046962051e-03,4.329004329004293439e-03,0.000000000000000000e+00,2.150537634408644649e-03,0.000000000000000000e+00,1.066098081023458821e-02,0.000000000000000000e+00,2.136752136752129161e-03,4.264392324093813080e-03,2.145922746781159240e-03,0.000000000000000000e+00,2.558635394456287848e-02,2.136752136752129161e-03,0.000000000000000000e+00,0.000000000000000000e+00,2.150537634408644649e-03,4.310344827586187755e-03,8.528784648187626161e-03,2.145922746781159240e-03,9.550321199143468887e-01,2.141327623126354496e-03,0.000000000000000000e+00,0.000000000000000000e+00,4.264392324093813080e-03,8.639308855291627509e-03,0.000000000000000000e+00,0.000000000000000000e+00,7.319148936170212227e-01,2.155172413793149389e-03,0.000000000000000000e+00,0.000000000000000000e+00,6.681514476614691667e-03,4.395604395604379988e-03,4.282655246252708992e-03,4.301075268817178276e-03,2.164502164502146719e-03,4.301075268817178276e-03,2.141327623126354496e-03,2.132196162046962051e-03,8.808510638297872841e-01,2.132196162046962051e-03,0.000000000000000000e+00,0.000000000000000000e+00,0.000000000000000000e+00,4.255319148936176354e-03,4.264392324093813080e-03,2.141327623126354496e-03,2.136752136752129161e-03,0.000000000000000000e+00,8.565310492505306961e-03,0.000000000000000000e+00,0.000000000000000000e+00,3.867521367521367104e-01,0.000000000000000000e+00,0.000000000000000000e+00,0.000000000000000000e+00,0.000000000000000000e+00,8.528784648187626161e-03,2.141327623126354496e-03,8.528784648187626161e-03,0.000000000000000000e+00,3.837953091684435103e-01,0.000000000000000000e+00,9.125799573560767763e-01,9.170212765957447276e-01,9.063829787234042312e-01,0.000000000000000000e+00,0.000000000000000000e+00,0.000000000000000000e+00
4.376367614879694834e-03,6.423982869379063487e-03,0.000000000000000000e+00,0.000000000000000000e+00,0.000000000000000000e+00,2.169197396963085112e-03,0.000000000000000000e+00,4.273504273504258322e-03,2.145922746781159240e-03,2.136752136752129161e-03,0.000000000000000000e+00,0.000000000000000000e+00,0.000000000000000000e+00,8.528784648187626161e-03,2.136752136752129161e-03,4.264392324093813080e-03,0.000000000000000000e+00,0.000000000000000000e+00,2.141327623126354496e-03,2.150537634408644649e-03,0.000000000000000000e+00,0.000000000000000000e+00,0.000000000000000000e+00,0.000000000000000000e+00,6.437768240343366699e-03,0.000000000000000000e+00,2.159827213822906877e-03,0.000000000000000000e+00,0.000000000000000000e+00,2.150537634408644649e-03,1.000000000000000000e+00,2.169197396963085112e-03,2.132196162046962051e-03,2.136752136752129161e-03,4.329004329004293439e-03,0.000000000000000000e+00,0.000000000000000000e+00,0.000000000000000000e+00,0.000000000000000000e+00,0.000000000000000000e+00,4.273504273504258322e-03,2.132196162046962051e-03,7.820512820512820484e-01,0.000000000000000000e+00,2.136752136752129161e-03,9.914893617021276473e-01,2.132196162046962051e-03,2.136752136752129161e-03,0.000000000000000000e+00,2.159827213822906877e-03,0.000000000000000000e+00,0.000000000000000000e+00,4.291845493562207459e-03,0.000000000000000000e+00,2.132196162046962051e-03,0.000000000000000000e+00,2.136752136752129161e-03,8.639308855291627509e-03,0.000000000000000000e+00,2.145922746781159240e-03,2.132196162046962051e-03,7.789699570815450391e-01,2.136752136752129161e-03,4.347826086956496638e-03,2.227171492204860215e-03,0.000000000000000000e+00,0.000000000000000000e+00,2.155172413793149389e-03,2.159827213822906877e-03,2.150537634408644649e-03,0.000000000000000000e+00,0.000000000000000000e+00,2.132196162046962051e-03,0.000000000000000000e+00,2.192982456140302183e-03,2.132196162046962051e-03,2.136752136752129161e-03,0.000000000000000000e+00,2.136752136752129161e-03,4.273504273504258322e-03,4.282655246252708992e-03,0.000000000000000000e+00,2.145922746781159240e-03,0.000000000000000000e+00,0.000000000000000000e+00,2.141327623126354496e-03,2.141327623126354496e-03,2.132196162046962051e-03,4.301075268817178276e-03,2.132196162046962051e-03,0.000000000000000000e+00,4.273504273504258322e-03,0.000000000000000000e+00,0.000000000000000000e+00,2.136752136752129161e-03,0.000000000000000000e+00,4.273504273504258322e-03,4.264392324093813080e-03,2.132196162046962051e-03,0.000000000000000000e+00,0.000000000000000000e+00,0.000000000000000000e+00
4.415011037527616367e-03,8.774193548387096975e-01,8.103448275862068506e-01,9.634408602150537071e-01,2.202643171806184519e-03,0.000000000000000000e+00,2.159827213822906877e-03,6.465517241379337143e-03,9.956896551724138122e-01,0.000000000000000000e+00,6.465517241379337143e-03,0.000000000000000000e+00,1.505376344086017948e-02,0.000000000000000000e+00,2.155172413793149389e-03,4.301075268817178276e-03,2.173913043478248319e-03,4.310344827586187755e-03,2.164502164502146719e-03,0.000000000000000000e+00,4.454342984409831452e-03,1.528384279475980545e-02,0.000000000000000000e+00,8.774193548387096975e-01,0.000000000000000000e+00,0.000000000000000000e+00,1.521739130434784926e-02,8.107526881720430456e-01,0.000000000000000000e+00,2.169197396963085112e-03,2.169197396963085112e-03,1.000000000000000000e+00,4.319654427645813755e-03,2.159827213822906877e-03,2.183406113537067483e-03,0.000000000000000000e+00,0.000000000000000000e+00,0.000000000000000000e+00,6.465517241379337143e-03,0.000000000000000000e+00,8.064516129032257563e-01,1.077586206896552490e-02,4.329004329004293439e-03,0.000000000000000000e+00,4.310344827586187755e-03,4.319654427645813755e-03,2.150537634408644649e-03,2.155172413793149389e-03,0.000000000000000000e+00,8.695652173912993277e-03,6.465517241379337143e-03,8.012958963282936775e-01,2.164502164502146719e-03,9.633620689655172376e-01,4.310344827586187755e-03,0.000000000000000000e+00,2.155172413793149389e-03,2.178649237472796152e-03,0.000000000000000000e+00,2.164502164502146719e-03,2.150537634408644649e-03,6.521739130434744958e-03,2.159827213822906877e-03,1.091703056768555946e-02,0.000000000000000000e+00,2.212389380530921379e-03,2.159827213822906877e-03,6.507592190889366357e-03,2.183406113537067483e-03,2.164502164502146719e-03,6.493506493506440158e-03,4.310344827586187755e-03,4.301075268817178276e-03,4.310344827586187755e-03,8.849557522123907560e-03,1.075268817204300120e-02,1.508620689655171265e-02,6.451612903225822926e-03,2.155172413793149389e-03,6.493506493506440158e-03,8.086021505376344010e-01,1.508620689655171265e-02,2.173913043478248319e-03,1.505376344086017948e-02,2.150537634408644649e-03,0.000000000000000000e+00,2.807775377969767838e-02,1.290322580645164585e-02,0.000000000000000000e+00,6.451612903225822926e-03,2.155172413793149389e-03,6.493506493506440158e-03,8.620689655172375510e-03,8.620689655172375510e-03,4.310344827586187755e-03,8.620689655172375510e-03,2.155172413793149389e-03,2.155172413793149389e-03,4.301075268817178276e-03,0.000000000000000000e+00,0.000000000000000000e+00,0.000000000000000000e+00
2.178649237472796152e-03,4.255319148936176354e-03,6.396588486140775132e-03,4.246284501061570182e-03,0.000000000000000000e+00,4.310344827586187755e-03,0.000000000000000000e+00,1.702127659574470542e-02,4.273504273504258322e-03,4.255319148936176354e-03,6.369426751592355274e-03,2.145922746781159240e-03,2.118644067796604524e-03,0.000000000000000000e+00,2.123142250530785091e-03,1.698513800424628073e-02,0.000000000000000000e+00,0.000000000000000000e+00,2.132196162046962051e-03,6.410256410256387483e-03,6.578947368421017572e-03,6.451612903225822926e-03,0.000000000000000000e+00,6.382978723404209020e-03,2.136752136752129161e-03,0.000000000000000000e+00,0.000000000000000000e+00,6.369426751592355274e-03,2.132196162046962051e-03,0.000000000000000000e+00,2.132196162046962051e-03,4.319654427645813755e-03,1.000000000000000000e+00,0.000000000000000000e+00,2.155172413793149389e-03,0.000000000000000000e+00,0.000000000000000000e+00,0.000000000000000000e+00,4.237288135593209049e-03,0.000000000000000000e+00,4.255319148936176354e-03,6.355932203389813573e-03,2.127659574468032666e-03,0.000000000000000000e+00,2.123142250530785091e-03,4.237288135593209049e-03,6.355932203389813573e-03,0.000000000000000000e+00,0.000000000000000000e+00,4.291845493562207459e-03,6.355932203389813573e-03,2.136752136752129161e-03,0.000000000000000000e+00,4.264392324093813080e-03,0.000000000000000000e+00,0.000000000000000000e+00,0.000000000000000000e+00,4.301075268817178276e-03,0.000000000000000000e+00,2.132196162046962051e-03,4.237288135593209049e-03,0.000000000000000000e+00,2.123142250530785091e-03,1.079913606911442336e-02,6.651884700665133821e-03,0.000000000000000000e+00,8.528784648187626161e-03,0.000000000000000000e+00,6.545064377682403567e-01,4.282655246252708992e-03,8.528784648187626161e-03,0.000000000000000000e+00,4.237288135593209049e-03,0.000000000000000000e+00,2.178649237472796152e-03,2.118644067796604524e-03,2.123142250530785091e-03,1.059322033898302262e-02,0.000000000000000000e+00,4.246284501061570182e-03,2.127659574468032666e-03,2.123142250530785091e-03,0.000000000000000000e+00,4.237288135593209049e-03,0.000000000000000000e+00,0.000000000000000000e+00,2.127659574468032666e-03,2.118644067796604524e-03,0.000000000000000000e+00,2.118644067796615627e-02,2.123142250530785091e-03,4.246284501061570182e-03,6.369426751592355274e-03,4.246284501061570182e-03,0.000000000000000000e+00,8.492569002123140365e-03,4.246284501061570182e-03,4.237288135593209049e-03,2.118644067796604524e-03,0.000000000000000000e+00,0.000000000000000000e+00,0.000000000000000000e+00
0.000000000000000000e+00,6.369426751592355274e-03,2.127659574468032666e-03,4.246284501061570182e-03,0.000000000000000000e+00,4.301075268817178276e-03,2.123142250530785091e-03,0.000000000000000000e+00,2.132196162046962051e-03,6.369426751592355274e-03,0.000000000000000000e+00,0.000000000000000000e+00,2.114164904862603223e-03,0.000000000000000000e+00,2.123142250530785091e-03,4.237288135593209049e-03,0.000000000000000000e+00,2.123142250530785091e-03,2.127659574468032666e-03,4.273504273504258322e-03,0.000000000000000000e+00,0.000000000000000000e+00,0.000000000000000000e+00,2.123142250530785091e-03,0.000000000000000000e+00,0.000000000000000000e+00,4.291845493562207459e-03,2.123142250530785091e-03,0.000000000000000000e+00,2.132196162046962051e-03,2.136752136752129161e-03,2.159827213822906877e-03,0.000000000000000000e+00,1.000000000000000000e+00,2.150537634408644649e-03,0.000000000000000000e+00,0.000000000000000000e+00,0.000000000000000000e+00,0.000000000000000000e+00,0.000000000000000000e+00,2.123142250530785091e-03,0.000000000000000000e+00,4.264392324093813080e-03,0.000000000000000000e+00,0.000000000000000000e+00,4.246284501061570182e-03,4.228329809725206445e-03,4.237288135593209049e-03,0.000000000000000000e+00,2.141327623126354496e-03,0.000000000000000000e+00,4.273504273504258322e-03,2.127659574468032666e-03,4.255319148936176354e-03,8.474576271186418097e-03,0.000000000000000000e+00,2.123142250530785091e-03,0.000000000000000000e+00,0.000000000000000000e+00,0.000000000000000000e+00,2.114164904862603223e-03,4.282655246252708992e-03,9.957716701902747936e-01,2.159827213822906877e-03,4.434589800443422547e-03,0.000000000000000000e+00,2.132196162046962051e-03,8.565310492505306961e-03,2.155172413793149389e-03,6.410256410256387483e-03,2.132196162046962051e-03,0.000000000000000000e+00,0.000000000000000000e+00,1.059322033898302262e-02,0.000000000000000000e+00,0.000000000000000000e+00,2.118644067796604524e-03,4.228329809725206445e-03,4.237288135593209049e-03,2.132196162046962051e-03,4.246284501061570182e-03,0.000000000000000000e+00,0.000000000000000000e+00,2.114164904862603223e-03,4.228329809725206445e-03,4.246284501061570182e-03,2.127659574468032666e-03,0.000000000000000000e+00,0.000000000000000000e+00,2.114164904862603223e-03,0.000000000000000000e+00,2.132196162046962051e-03,0.000000000000000000e+00,2.123142250530785091e-03,4.246284501061570182e-03,2.118644067796604524e-03,0.000000000000000000e+00,0.000000000000000000e+00,0.000000000000000000e+00,0.000000000000000000e+00,0.000000000000000000e+00,0.000000000000000000e+00
0.000000000000000000e+00,2.155172413793149389e-03,4.310344827586187755e-03,2.150537634408644649e-03,0.000000000000000000e+00,9.870689655172413257e-01,2.159827213822906877e-03,4.310344827586187755e-03,6.479481641468720632e-03,0.000000000000000000e+00,2.150537634408644649e-03,0.000000000000000000e+00,0.000000000000000000e+00,0.000000000000000000e+00,0.000000000000000000e+00,4.291845493562207459e-03,0.000000000000000000e+00,4.301075268817178276e-03,0.000000000000000000e+00,2.164502164502146719e-03,4.444444444444473064e-03,0.000000000000000000e+00,0.000000000000000000e+00,4.301075268817178276e-03,2.164502164502146719e-03,0.000000000000000000e+00,0.000000000000000000e+00,2.150537634408644649e-03,0.000000000000000000e+00,4.329004329004293439e-03,4.329004329004293439e-03,2.183406113537067483e-03,2.155172413793149389e-03,2.150537634408644649e-03,1.000000000000000000e+00,0.000000000000000000e+00,0.000000000000000000e+00,0.000000000000000000e+00,2.145922746781159240e-03,0.000000000000000000e+00,2.150537634408644649e-03,0.000000000000000000e+00,2.164502164502146719e-03,2.169197396963085112e-03,2.150537634408644649e-03,2.155172413793149389e-03,2.145922746781159240e-03,0.000000000000000000e+00,0.000000000000000000e+00,4.347826086956496638e-03,2.150537634408644649e-03,2.164502164502146719e-03,0.000000000000000000e+00,2.159827213822906877e-03,0.000000000000000000e+00,0.000000000000000000e+00,0.000000000000000000e+00,0.000000000000000000e+00,0.000000000000000000e+00,2.159827213822906877e-03,6.437768240343366699e-03,0.000000000000000000e+00,2.155172413793149389e-03,2.188183807439791906e-03,2.247191011235938340e-03,0.000000000000000000e+00,2.159827213822906877e-03,2.169197396963085112e-03,2.183406113537067483e-03,0.000000000000000000e+00,0.000000000000000000e+00,2.150537634408644649e-03,2.145922746781159240e-03,0.000000000000000000e+00,2.207505518763808183e-03,0.000000000000000000e+00,0.000000000000000000e+00,0.000000000000000000e+00,0.000000000000000000e+00,6.479481641468720632e-03,2.155172413793149389e-03,0.000000000000000000e+00,2.169197396963085112e-03,0.000000000000000000e+00,0.000000000000000000e+00,0.000000000000000000e+00,0.000000000000000000e+00,0.000000000000000000e+00,0.000000000000000000e+00,2.145922746781159240e-03,2.150537634408644649e-03,6.479481641468720632e-03,0.000000000000000000e+00,6.451612903225822926e-03,0.000000000000000000e+00,0.000000000000000000e+00,0.000000000000000000e+00,2.145922746781159240e-03,4.291845493562207459e-03,0.000000000000000000e+00,0.000000000000000000e+00,0.000000000000000000e+00
0.000000000000000000e+00,0.000000000000000000e+00,0.000000000000000000e+00,0.000000000000000000e+00,0.000000000000000000e+00,0.000000000000000000e+00,0.000000000000000000e+00,0.000000000000000000e+00,0.000000000000000000e+00,0.000000000000000000e+00,0.000000000000000000e+00,6.465517241379337143e-03,0.000000000000000000e+00,0.000000000000000000e+00,0.000000000000000000e+00,0.000000000000000000e+00,6.479481641468720632e-03,0.000000000000000000e+00,0.000000000000000000e+00,0.000000000000000000e+00,0.000000000000000000e+00,2.159827213822906877e-03,0.000000000000000000e+00,0.000000000000000000e+00,0.000000000000000000e+00,0.000000000000000000e+00,0.000000000000000000e+00,0.000000000000000000e+00,0.000000000000000000e+00,0.000000000000000000e+00,0.000000000000000000e+00,0.000000000000000000e+00,0.000000000000000000e+00,0.000000000000000000e+00,0.000000000000000000e+00,1.000000000000000000e+00,0.000000000000000000e+00,6.423982869379063487e-03,0.000000000000000000e+00,2.207505518763808183e-03,0.000000000000000000e+00,2.127659574468032666e-03,0.000000000000000000e+00,0.000000000000000000e+00,0.000000000000000000e+00,0.000000000000000000e+00,0.000000000000000000e+00,0.000000000000000000e+00,0.000000000000000000e+00,0.000000000000000000e+00,0.000000000000000000e+00,0.000000000000000000e+00,0.000000000000000000e+00,0.000000000000000000e+00,0.000000000000000000e+00,6.423982869379063487e-03,0.000000000000000000e+00,0.000000000000000000e+00,2.164502164502146719e-03,0.000000000000000000e+00,0.000000000000000000e+00,0.000000000000000000e+00,0.000000000000000000e+00,0.000000000000000000e+00,0.000000000000000000e+00,0.000000000000000000e+00,0.000000000000000000e+00,0.000000000000000000e+00,0.000000000000000000e+00,0.000000000000000000e+00,0.000000000000000000e+00,0.000000000000000000e+00,0.000000000000000000e+00,0.000000000000000000e+00,0.000000000000000000e+00,2.127659574468032666e-03,0.000000000000000000e+00,0.000000000000000000e+00,0.000000000000000000e+00,0.000000000000000000e+00,0.000000000000000000e+00,0.000000000000000000e+00,0.000000000000000000e+00,0.000000000000000000e+00,0.000000000000000000e+00,0.000000000000000000e+00,0.000000000000000000e+00,0.000000000000000000e+00,2.150537634408644649e-03,0.000000000000000000e+00,0.000000000000000000e+00,0.000000000000000000e+00,0.000000000000000000e+00,0.000000000000000000e+00,0.000000000000000000e+00,0.000000000000000000e+00,0.000000000000000000e+00,0.000000000000000000e+00,0.000000000000000000e+00,0.000000000000000000e+00,2.164502164502146719e-03,0.000000000000000000e+00
0.000000000000000000e+00,0.000000000000000000e+00,0.000000000000000000e+00,0.000000000000000000e+00,0.000000000000000000e+00,0.000000000000000000e+00,0.000000000000000000e+00,0.000000000000000000e+00,0.000000000000000000e+00,0.000000000000000000e+00,0.000000000000000000e+00,0.000000000000000000e+00,0.000000000000000000e+00,0.000000000000000000e+00,0.000000000000000000e+00,0.000000000000000000e+00,0.000000000000000000e+00,0.000000000000000000e+00,0.000000000000000000e+00,0.000000000000000000e+00,0.000000000000000000e+00,0.000000000000000000e+00,0.000000000000000000e+00,0.000000000000000000e+00,0.000000000000000000e+00,0.000000000000000000e+00,0.000000000000000000e+00,0.000000000000000000e+00,4.506437768240345587e-02,2.150537634408644649e-03,0.000000000000000000e+00,0.000000000000000000e+00,0.000000000000000000e+00,0.000000000000000000e+00,0.000000000000000000e+00,0.000000000000000000e+00,1.000000000000000000e+00,0.000000000000000000e+00,0.000000000000000000e+00,0.000000000000000000e+00,0.000000000000000000e+00,0.000000000000000000e+00,0.000000000000000000e+00,0.000000000000000000e+00,0.000000000000000000e+00,0.000000000000000000e+00,0.000000000000000000e+00,0.000000000000000000e+00,9.914712153518123738e-01,0.000000000000000000e+00,0.000000000000000000e+00,0.000000000000000000e+00,0.000000000000000000e+00,0.000000000000000000e+00,0.000000000000000000e+00,0.000000000000000000e+00,0.000000000000000000e+00,0.000000000000000000e+00,1.875000000000000000e-01,0.000000000000000000e+00,0.000000000000000000e+00,0.000000000000000000e+00,0.000000000000000000e+00,0.000000000000000000e+00,0.000000000000000000e+00,0.000000000000000000e+00,0.000000000000000000e+00,0.000000000000000000e+00,0.000000000000000000e+00,0.000000000000000000e+00,0.000000000000000000e+00,0.000000000000000000e+00,0.000000000000000000e+00,0.000000000000000000e+00,0.000000000000000000e+00,0.000000000000000000e+00,0.000000000000000000e+00,0.000000000000000000e+00,0.000000000000000000e+00,0.000000000000000000e+00,0.000000000000000000e+00,0.000000000000000000e+00,0.000000000000000000e+00,0.000000000000000000e+00,0.000000000000000000e+00,0.000000000000000000e+00,0.000000000000000000e+00,0.000000000000000000e+00,0.000000000000000000e+00,0.000000000000000000e+00,0.000000000000000000e+00,0.000000000000000000e+00,0.000000000000000000e+00,0.000000000000000000e+00,0.000000000000000000e+00,0.000000000000000000e+00,0.000000000000000000e+00,0.000000000000000000e+00,0.000000000000000000e+00,0.000000000000000000e+00,0.000000000000000000e+00,0.000000000000000000e+00
0.000000000000000000e+00,0.000000000000000000e+00,0.000000000000000000e+00,0.000000000000000000e+00,0.000000000000000000e+00,0.000000000000000000e+00,0.000000000000000000e+00,0.000000000000000000e+00,0.000000000000000000e+00,2.132196162046962051e-03,0.000000000000000000e+00,9.978632478632478708e-01,0.000000000000000000e+00,0.000000000000000000e+00,0.000000000000000000e+00,0.000000000000000000e+00,9.892703862660944258e-01,0.000000000000000000e+00,0.000000000000000000e+00,2.141327623126354496e-03,0.000000000000000000e+00,0.000000000000000000e+00,0.000000000000000000e+00,0.000000000000000000e+00,0.000000000000000000e+00,0.000000000000000000e+00,0.000000000000000000e+00,2.127659574468032666e-03,2.136752136752129161e-03,0.000000000000000000e+00,0.000000000000000000e+00,0.000000000000000000e+00,0.000000000000000000e+00,0.000000000000000000e+00,0.000000000000000000e+00,6.423982869379063487e-03,0.000000000000000000e+00,1.000000000000000000e+00,2.123142250530785091e-03,0.000000000000000000e+00,0.000000000000000000e+00,0.000000000000000000e+00,0.000000000000000000e+00,0.000000000000000000e+00,0.000000000000000000e+00,0.000000000000000000e+00,0.000000000000000000e+00,0.000000000000000000e+00,0.000000000000000000e+00,0.000000000000000000e+00,0.000000000000000000e+00,0.000000000000000000e+00,0.000000000000000000e+00,0.000000000000000000e+00,0.000000000000000000e+00,9.872611464968152895e-01,0.000000000000000000e+00,0.000000000000000000e+00,0.000000000000000000e+00,0.000000000000000000e+00,0.000000000000000000e+00,0.000000000000000000e+00,0.000000000000000000e+00,0.000000000000000000e+00,0.000000000000000000e+00,0.000000000000000000e+00,2.136752136752129161e-03,0.000000000000000000e+00,0.000000000000000000e+00,2.145922746781159240e-03,0.000000000000000000e+00,0.000000000000000000e+00,0.000000000000000000e+00,0.000000000000000000e+00,0.000000000000000000e+00,0.000000000000000000e+00,0.000000000000000000e+00,0.000000000000000000e+00,0.000000000000000000e+00,0.000000000000000000e+00,0.000000000000000000e+00,0.000000000000000000e+00,0.000000000000000000e+00,0.000000000000000000e+00,0.000000000000000000e+00,0.000000000000000000e+00,0.000000000000000000e+00,0.000000000000000000e+00,2.136752136752129161e-03,0.000000000000000000e+00,0.000000000000000000e+00,0.000000000000000000e+00,0.000000000000000000e+00,0.000000000000000000e+00,2.127659574468032666e-03,0.000000000000000000e+00,2.127659574468032666e-03,0.000000000000000000e+00,0.000000000000000000e+00,4.273504273504258322e-03,2.150537634408644649e-03,2.141327623126354496e-03
2.169197396963085112e-03,8.474576271186418097e-03,4.246284501061570182e-03,4.237288135593209049e-03,6.535947712418277433e-03,2.150537634408644649e-03,0.000000000000000000e+00,1.486199575371549564e-02,4.255319148936176354e-03,2.118644067796604524e-03,9.936575052854123014e-01,0.000000000000000000e+00,1.054852320675103705e-02,0.000000000000000000e+00,0.000000000000000000e+00,1.057082452431290509e-02,0.000000000000000000e+00,0.000000000000000000e+00,0.000000000000000000e+00,0.000000000000000000e+00,2.188183807439791906e-03,1.502145922746778162e-02,0.000000000000000000e+00,6.355932203389813573e-03,0.000000000000000000e+00,0.000000000000000000e+00,2.141327623126354496e-03,4.237288135593209049e-03,0.000000000000000000e+00,1.066098081023458821e-02,0.000000000000000000e+00,6.465517241379337143e-03,4.237288135593209049e-03,0.000000000000000000e+00,2.145922746781159240e-03,0.000000000000000000e+00,0.000000000000000000e+00,2.123142250530785091e-03,1.000000000000000000e+00,0.000000000000000000e+00,6.355932203389813573e-03,6.342494714587698645e-03,2.127659574468032666e-03,0.000000000000000000e+00,0.000000000000000000e+00,4.237288135593209049e-03,4.219409282700370412e-03,0.000000000000000000e+00,0.000000000000000000e+00,0.000000000000000000e+00,9.957805907172996296e-01,6.396588486140775132e-03,1.061571125265392546e-02,6.369426751592355274e-03,2.114164904862603223e-03,0.000000000000000000e+00,0.000000000000000000e+00,0.000000000000000000e+00,2.155172413793149389e-03,0.000000000000000000e+00,1.054852320675103705e-02,2.136752136752129161e-03,0.000000000000000000e+00,1.077586206896552490e-02,0.000000000000000000e+00,2.183406113537067483e-03,0.000000000000000000e+00,2.136752136752129161e-03,4.301075268817178276e-03,4.264392324093813080e-03,6.382978723404209020e-03,0.000000000000000000e+00,8.456659619450301868e-03,2.114164904862603223e-03,8.695652173912993277e-03,6.342494714587698645e-03,1.057082452431290509e-02,2.109704641350207410e-02,4.228329809725206445e-03,4.255319148936176354e-03,8.474576271186418097e-03,8.456659619450301868e-03,4.264392324093813080e-03,8.438818565400851845e-03,0.000000000000000000e+00,8.474576271186418097e-03,6.369426751592355274e-03,1.054852320675103705e-02,0.000000000000000000e+00,8.438818565400851845e-03,4.228329809725206445e-03,6.382978723404209020e-03,8.456659619450301868e-03,1.483050847457623167e-02,6.355932203389813573e-03,4.237288135593209049e-03,4.237288135593209049e-03,6.342494714587698645e-03,6.342494714587698645e-03,0.000000000000000000e+00,0.000000000000000000e+00,0.000000000000000000e+00
0.000000000000000000e+00,0.000000000000000000e+00,0.000000000000000000e+00,0.000000000000000000e+00,0.000000000000000000e+00,0.000000000000000000e+00,0.000000000000000000e+00,0.000000000000000000e+00,0.000000000000000000e+00,0.000000000000000000e+00,0.000000000000000000e+00,0.000000000000000000e+00,0.000000000000000000e+00,0.000000000000000000e+00,0.000000000000000000e+00,0.000000000000000000e+00,0.000000000000000000e+00,0.000000000000000000e+00,0.000000000000000000e+00,0.000000000000000000e+00,0.000000000000000000e+00,0.000000000000000000e+00,9.911699779249447673e-01,0.000000000000000000e+00,0.000000000000000000e+00,0.000000000000000000e+00,0.000000000000000000e+00,0.000000000000000000e+00,0.000000000000000000e+00,0.000000000000000000e+00,0.000000000000000000e+00,0.000000000000000000e+00,0.000000000000000000e+00,0.000000000000000000e+00,0.000000000000000000e+00,2.207505518763808183e-03,0.000000000000000000e+00,0.000000000000000000e+00,0.000000000000000000e+00,1.000000000000000000e+00,0.000000000000000000e+00,0.000000000000000000e+00,0.000000000000000000e+00,2.217294900221711274e-03,0.000000000000000000e+00,0.000000000000000000e+00,0.000000000000000000e+00,0.000000000000000000e+00,0.000000000000000000e+00,0.000000000000000000e+00,0.000000000000000000e+00,0.000000000000000000e+00,0.000000000000000000e+00,0.000000000000000000e+00,0.000000000000000000e+00,0.000000000000000000e+00,0.000000000000000000e+00,0.000000000000000000e+00,0.000000000000000000e+00,0.000000000000000000e+00,0.000000000000000000e+00,0.000000000000000000e+00,0.000000000000000000e+00,0.000000000000000000e+00,0.000000000000000000e+00,0.000000000000000000e+00,0.000000000000000000e+00,0.000000000000000000e+00,0.000000000000000000e+00,0.000000000000000000e+00,0.000000000000000000e+00,0.000000000000000000e+00,0.000000000000000000e+00,0.000000000000000000e+00,0.000000000000000000e+00,0.000000000000000000e+00,0.000000000000000000e+00,0.000000000000000000e+00,0.000000000000000000e+00,0.000000000000000000e+00,0.000000000000000000e+00,0.000000000000000000e+00,0.000000000000000000e+00,0.000000000000000000e+00,0.000000000000000000e+00,0.000000000000000000e+00,0.000000000000000000e+00,0.000000000000000000e+00,0.000000000000000000e+00,0.000000000000000000e+00,0.000000000000000000e+00,0.000000000000000000e+00,0.000000000000000000e+00,0.000000000000000000e+00,0.000000000000000000e+00,0.000000000000000000e+00,0.000000000000000000e+00,0.000000000000000000e+00,0.000000000000000000e+00,0.000000000000000000e+00,0.000000000000000000e+00,0.000000000000000000e+00
6.535947712418277433e-03,8.241525423728813804e-01,9.171974522292993814e-01,8.054968287526427240e-01,2.183406113537067483e-03,4.310344827586187755e-03,2.127659574468032666e-03,6.382978723404209020e-03,7.957446808510638681e-01,2.123142250530785091e-03,6.369426751592355274e-03,0.000000000000000000e+00,1.271186440677962715e-02,2.118644067796604524e-03,2.123142250530785091e-03,4.237288135593209049e-03,0.000000000000000000e+00,2.123142250530785091e-03,6.382978723404209020e-03,0.000000000000000000e+00,4.385964912280715389e-03,1.290322580645164585e-02,0.000000000000000000e+00,8.283898305084745894e-01,2.132196162046962051e-03,0.000000000000000000e+00,1.502145922746778162e-02,9.238900634249471722e-01,2.132196162046962051e-03,2.136752136752129161e-03,4.273504273504258322e-03,8.064516129032257563e-01,4.255319148936176354e-03,2.123142250530785091e-03,2.150537634408644649e-03,0.000000000000000000e+00,0.000000000000000000e+00,0.000000000000000000e+00,6.355932203389813573e-03,0.000000000000000000e+00,1.000000000000000000e+00,8.474576271186418097e-03,4.273504273504258322e-03,0.000000000000000000e+00,6.369426751592355274e-03,2.127659574468032666e-03,8.474576271186418097e-03,0.000000000000000000e+00,0.000000000000000000e+00,2.141327623126354496e-03,4.237288135593209049e-03,9.212765957446809040e-01,2.132196162046962051e-03,7.983014861995754163e-01,4.237288135593209049e-03,2.127659574468032666e-03,2.123142250530785091e-03,2.145922746781159240e-03,0.000000000000000000e+00,6.396588486140775132e-03,2.118644067796604524e-03,2.145922746781159240e-03,4.246284501061570182e-03,6.479481641468720632e-03,6.637168141592875159e-03,2.188183807439791906e-03,0.000000000000000000e+00,2.141327623126354496e-03,2.155172413793149389e-03,0.000000000000000000e+00,8.528784648187626161e-03,4.246284501061570182e-03,2.118644067796604524e-03,4.237288135593209049e-03,6.535947712418277433e-03,8.474576271186418097e-03,1.059322033898302262e-02,6.342494714587698645e-03,0.000000000000000000e+00,4.264392324093813080e-03,9.173728813559322015e-01,8.474576271186418097e-03,2.136752136752129161e-03,1.059322033898302262e-02,2.114164904862603223e-03,2.127659574468032666e-03,2.553191489361705813e-02,1.479915433403800051e-02,0.000000000000000000e+00,8.456659619450301868e-03,0.000000000000000000e+00,4.264392324093813080e-03,1.059322033898302262e-02,8.492569002123140365e-03,0.000000000000000000e+00,1.273885350318471055e-02,2.123142250530785091e-03,2.118644067796604524e-03,2.118644067796604524e-03,0.000000000000000000e+00,0.000000000000000000e+00,0.000000000000000000e+00
2.169197396963085112e-03,8.474576271186418097e-03,6.369426751592355274e-03,6.355932203389813573e-03,4.357298474945481281e-03,0.000000000000000000e+00,2.123142250530785091e-03,0.000000000000000000e+00,8.510638297872352709e-03,0.000000000000000000e+00,8.456659619450301868e-03,0.000000000000000000e+00,6.131078224101482732e-02,8.456659619450301868e-03,0.000000000000000000e+00,0.000000000000000000e+00,0.000000000000000000e+00,2.118644067796604524e-03,4.246284501061570182e-03,0.000000000000000000e+00,2.188183807439791906e-03,1.351931330472102566e-01,0.000000000000000000e+00,1.059322033898302262e-02,8.510638297872352709e-03,0.000000000000000000e+00,2.141327623126354496e-03,6.355932203389813573e-03,0.000000000000000000e+00,4.264392324093813080e-03,2.132196162046962051e-03,1.077586206896552490e-02,6.355932203389813573e-03,0.000000000000000000e+00,0.000000000000000000e+00,2.127659574468032666e-03,0.000000000000000000e+00,0.000000000000000000e+00,6.342494714587698645e-03,0.000000000000000000e+00,8.474576271186418097e-03,1.000000000000000000e+00,0.000000000000000000e+00,0.000000000000000000e+00,2.118644067796604524e-03,4.246284501061570182e-03,2.114164904862603223e-03,0.000000000000000000e+00,0.000000000000000000e+00,2.141327623126354496e-03,8.456659619450301868e-03,6.396588486140775132e-03,8.492569002123140365e-03,1.061571125265392546e-02,0.000000000000000000e+00,0.000000000000000000e+00,0.000000000000000000e+00,8.565310492505306961e-03,0.000000000000000000e+00,2.127659574468032666e-03,4.219409282700370412e-03,2.141327623126354496e-03,0.000000000000000000e+00,4.310344827586187755e-03,2.212389380530921379e-03,4.366812227074245989e-03,0.000000000000000000e+00,2.136752136752129161e-03,4.301075268817178276e-03,0.000000000000000000e+00,4.255319148936176354e-03,0.000000000000000000e+00,4.228329809725206445e-03,0.000000000000000000e+00,8.091106290672451795e-01,8.227848101265822223e-01,6.765327695560252597e-02,6.329113924050666640e-03,2.118644067796604524e-03,8.510638297872352709e-03,1.059322033898302262e-02,6.765327695560252597e-02,2.132196162046962051e-03,7.805907172995785182e-02,0.000000000000000000e+00,6.355932203389813573e-03,2.521186440677966045e-01,6.540084388185651854e-02,0.000000000000000000e+00,0.000000000000000000e+00,0.000000000000000000e+00,6.382978723404209020e-03,8.287526427061311374e-01,2.118644067796604524e-03,6.355932203389813573e-03,6.342494714587698645e-03,2.118644067796604524e-03,2.114164904862603223e-03,2.114164904862603223e-03,0.000000000000000000e+00,0.000000000000000000e+00,0.000000000000000000e+00
4.366812227074245989e-03,0.000000000000000000e+00,4.282655246252708992e-03,6.396588486140775132e-03,0.000000000000000000e+00,2.164502164502146719e-03,2.136752136752129161e-03,0.000000000000000000e+00,0.000000000000000000e+00,2.136752136752129161e-03,0.000000000000000000e+00,0.000000000000000000e+00,0.000000000000000000e+00,6.396588486140775132e-03,4.264392324093813080e-03,2.132196162046962051e-03,0.000000000000000000e+00,0.000000000000000000e+00,2.141327623126354496e-03,0.000000000000000000e+00,0.000000000000000000e+00,2.159827213822906877e-03,0.000000000000000000e+00,2.136752136752129161e-03,6.437768240343366699e-03,0.000000000000000000e+00,2.155172413793149389e-03,2.136752136752129161e-03,0.000000000000000000e+00,2.145922746781159240e-03,7.820512820512820484e-01,4.329004329004293439e-03,2.127659574468032666e-03,4.264392324093813080e-03,2.164502164502146719e-03,0.000000000000000000e+00,0.000000000000000000e+00,0.000000000000000000e+00,2.127659574468032666e-03,0.000000000000000000e+00,4.273504273504258322e-03,0.000000000000000000e+00,1.000000000000000000e+00,0.000000000000000000e+00,4.264392324093813080e-03,7.893617021276595480e-01,4.255319148936176354e-03,0.000000000000000000e+00,0.000000000000000000e+00,0.000000000000000000e+00,0.000000000000000000e+00,2.145922746781159240e-03,2.141327623126354496e-03,4.282655246252708992e-03,2.132196162046962051e-03,0.000000000000000000e+00,0.000000000000000000e+00,8.639308855291627509e-03,0.000000000000000000e+00,4.282655246252708992e-03,2.127659574468032666e-03,9.100642398286937773e-01,2.136752136752129161e-03,4.338394793926281245e-03,0.000000000000000000e+00,2.197802197802189994e-03,0.000000000000000000e+00,0.000000000000000000e+00,0.000000000000000000e+00,2.150537634408644649e-03,2.145922746781159240e-03,0.000000000000000000e+00,2.127659574468032666e-03,2.132196162046962051e-03,2.188183807439791906e-03,0.000000000000000000e+00,0.000000000000000000e+00,4.255319148936176354e-03,0.000000000000000000e+00,2.132196162046962051e-03,4.273504273504258322e-03,0.000000000000000000e+00,0.000000000000000000e+00,0.000000000000000000e+00,2.127659574468032666e-03,2.136752136752129161e-03,0.000000000000000000e+00,0.000000000000000000e+00,4.301075268817178276e-03,2.127659574468032666e-03,2.132196162046962051e-03,4.264392324093813080e-03,0.000000000000000000e+00,0.000000000000000000e+00,2.136752136752129161e-03,0.000000000000000000e+00,2.132196162046962051e-03,2.132196162046962051e-03,4.255319148936176354e-03,0.000000000000000000e+00,0.000000000000000000e+00,0.000000000000000000e+00
0.000000000000000000e+00,0.000000000000000000e+00,0.000000000000000000e+00,2.155172413793149389e-03,0.000000000000000000e+00,0.000000000000000000e+00,0.000000000000000000e+00,2.159827213822906877e-03,0.000000000000000000e+00,0.000000000000000000e+00,0.000000000000000000e+00,0.000000000000000000e+00,0.000000000000000000e+00,0.000000000000000000e+00,0.000000000000000000e+00,2.150537634408644649e-03,0.000000000000000000e+00,0.000000000000000000e+00,0.000000000000000000e+00,0.000000000000000000e+00,0.000000000000000000e+00,0.000000000000000000e+00,0.000000000000000000e+00,0.000000000000000000e+00,0.000000000000000000e+00,0.000000000000000000e+00,0.000000000000000000e+00,0.000000000000000000e+00,0.000000000000000000e+00,0.000000000000000000e+00,0.000000000000000000e+00,0.000000000000000000e+00,0.000000000000000000e+00,0.000000000000000000e+00,2.169197396963085112e-03,0.000000000000000000e+00,0.000000000000000000e+00,0.000000000000000000e+00,0.000000000000000000e+00,2.217294900221711274e-03,0.000000000000000000e+00,0.000000000000000000e+00,0.000000000000000000e+00,1.000000000000000000e+00,0.000000000000000000e+00,0.000000000000000000e+00,0.000000000000000000e+00,0.000000000000000000e+00,0.000000000000000000e+00,0.000000000000000000e+00,0.000000000000000000e+00,0.000000000000000000e+00,0.000000000000000000e+00,0.000000000000000000e+00,0.000000000000000000e+00,0.000000000000000000e+00,0.000000000000000000e+00,0.000000000000000000e+00,0.000000000000000000e+00,0.000000000000000000e+00,0.000000000000000000e+00,0.000000000000000000e+00,0.000000000000000000e+00,0.000000000000000000e+00,0.000000000000000000e+00,0.000000000000000000e+00,0.000000000000000000e+00,0.000000000000000000e+00,0.000000000000000000e+00,0.000000000000000000e+00,0.000000000000000000e+00,0.000000000000000000e+00,0.000000000000000000e+00,0.000000000000000000e+00,0.000000000000000000e+00,0.000000000000000000e+00,0.000000000000000000e+00,2.145922746781159240e-03,0.000000000000000000e+00,0.000000000000000000e+00,0.000000000000000000e+00,0.000000000000000000e+00,0.000000000000000000e+00,0.000000000000000000e+00,0.000000000000000000e+00,0.000000000000000000e+00,0.000000000000000000e+00,0.000000000000000000e+00,8.639308855291627509e-03,2.145922746781159240e-03,0.000000000000000000e+00,0.000000000000000000e+00,0.000000000000000000e+00,0.000000000000000000e+00,0.000000000000000000e+00,0.000000000000000000e+00,0.000000000000000000e+00,0.000000000000000000e+00,0.000000000000000000e+00,8.658008658008697900e-03,4.347826086956496638e-03,6.493506493506440158e-03
9.869848156182212673e-01,6.369426751592355274e-03,4.255319148936176354e-03,4.246284501061570182e-03,2.396514161220042460e-02,4.301075268817178276e-03,6.382978723404209020e-03,8.492569002123140365e-03,4.264392324093813080e-03,0.000000000000000000e+00,2.118644067796604524e-03,0.000000000000000000e+00,6.355932203389813573e-03,0.000000000000000000e+00,1.273885350318471055e-02,6.355932203389813573e-03,0.000000000000000000e+00,4.246284501061570182e-03,0.000000000000000000e+00,2.136752136752129161e-03,9.868708971553610265e-01,6.451612903225822926e-03,0.000000000000000000e+00,6.369426751592355274e-03,0.000000000000000000e+00,0.000000000000000000e+00,2.145922746781159240e-03,4.246284501061570182e-03,0.000000000000000000e+00,2.558635394456287848e-02,2.136752136752129161e-03,4.310344827586187755e-03,2.123142250530785091e-03,0.000000000000000000e+00,2.150537634408644649e-03,0.000000000000000000e+00,0.000000000000000000e+00,0.000000000000000000e+00,0.000000000000000000e+00,0.000000000000000000e+00,6.369426751592355274e-03,2.118644067796604524e-03,4.264392324093813080e-03,0.000000000000000000e+00,1.000000000000000000e+00,2.127659574468032666e-03,2.118644067796604524e-03,1.271186440677962715e-02,0.000000000000000000e+00,0.000000000000000000e+00,0.000000000000000000e+00,4.264392324093813080e-03,3.404255319148941084e-02,4.255319148936176354e-03,2.118644067796604524e-03,0.000000000000000000e+00,1.061571125265392546e-02,0.000000000000000000e+00,0.000000000000000000e+00,0.000000000000000000e+00,3.389830508474578341e-02,0.000000000000000000e+00,0.000000000000000000e+00,2.155172413793149389e-03,0.000000000000000000e+00,6.564551422319486740e-03,2.127659574468032666e-03,0.000000000000000000e+00,8.602150537634356553e-03,2.136752136752129161e-03,0.000000000000000000e+00,2.123142250530785091e-03,2.118644067796615627e-02,2.118644067796604524e-03,2.178649237472796152e-03,4.237288135593209049e-03,8.474576271186418097e-03,1.268498942917550831e-02,2.123142250530785091e-03,4.264392324093813080e-03,4.246284501061570182e-03,4.237288135593209049e-03,6.410256410256387483e-03,8.474576271186418097e-03,1.479915433403800051e-02,8.492569002123140365e-03,2.127659574468032666e-03,6.342494714587698645e-03,0.000000000000000000e+00,6.342494714587698645e-03,2.118644067796604524e-03,4.264392324093813080e-03,4.237288135593209049e-03,2.123142250530785091e-03,2.123142250530785091e-03,0.000000000000000000e+00,2.547770700636942109e-02,2.330508474576276079e-02,2.330508474576276079e-02,0.000000000000000000e+00,0.000000000000000000e+00,0.000000000000000000e+00
0.000000000000000000e+00,6.382978723404209020e-03,0.000000000000000000e+00,2.123142250530785091e-03,2.183406113537067483e-03,4.310344827586187755e-03,0.000000000000000000e+00,4.255319148936176354e-03,0.000000000000000000e+00,2.127659574468032666e-03,0.000000000000000000e+00,0.000000000000000000e+00,2.118644067796604524e-03,6.369426751592355274e-03,4.255319148936176354e-03,6.369426751592355274e-03,0.000000000000000000e+00,0.000000000000000000e+00,2.132196162046962051e-03,2.136752136752129161e-03,2.192982456140302183e-03,2.155172413793149389e-03,0.000000000000000000e+00,0.000000000000000000e+00,8.547008547008516643e-03,0.000000000000000000e+00,4.301075268817178276e-03,0.000000000000000000e+00,0.000000000000000000e+00,2.136752136752129161e-03,9.914893617021276473e-01,4.319654427645813755e-03,4.237288135593209049e-03,4.246284501061570182e-03,2.155172413793149389e-03,0.000000000000000000e+00,0.000000000000000000e+00,0.000000000000000000e+00,4.237288135593209049e-03,0.000000000000000000e+00,2.127659574468032666e-03,4.246284501061570182e-03,7.893617021276595480e-01,0.000000000000000000e+00,2.127659574468032666e-03,1.000000000000000000e+00,4.237288135593209049e-03,2.123142250530785091e-03,0.000000000000000000e+00,0.000000000000000000e+00,2.123142250530785091e-03,0.000000000000000000e+00,2.132196162046962051e-03,0.000000000000000000e+00,0.000000000000000000e+00,0.000000000000000000e+00,2.127659574468032666e-03,8.602150537634356553e-03,0.000000000000000000e+00,2.136752136752129161e-03,4.237288135593209049e-03,7.692307692307691624e-01,2.127659574468032666e-03,2.159827213822906877e-03,0.000000000000000000e+00,0.000000000000000000e+00,2.136752136752129161e-03,2.141327623126354496e-03,0.000000000000000000e+00,0.000000000000000000e+00,0.000000000000000000e+00,0.000000000000000000e+00,2.118644067796604524e-03,0.000000000000000000e+00,0.000000000000000000e+00,0.000000000000000000e+00,2.123142250530785091e-03,4.237288135593209049e-03,2.123142250530785091e-03,2.123142250530785091e-03,2.127659574468032666e-03,0.000000000000000000e+00,0.000000000000000000e+00,0.000000000000000000e+00,2.118644067796604524e-03,2.127659574468032666e-03,0.000000000000000000e+00,2.118644067796604524e-03,4.282655246252708992e-03,8.474576271186418097e-03,0.000000000000000000e+00,2.123142250530785091e-03,0.000000000000000000e+00,0.000000000000000000e+00,2.127659574468032666e-03,0.000000000000000000e+00,2.127659574468032666e-03,2.123142250530785091e-03,4.237288135593209049e-03,0.000000000000000000e+00,0.000000000000000000e+00,0.000000000000000000e+00
2.169197396963085112e-03,6.355932203389813573e-03,6.369426751592355274e-03,6.342494714587698645e-03,4.347826086956496638e-03,4.291845493562207459e-03,4.246284501061570182e-03,4.237288135593209049e-03,6.382978723404209020e-03,4.237288135593209049e-03,4.228329809725206445e-03,0.000000000000000000e+00,1.265822784810122226e-02,2.109704641350185206e-03,2.118644067796604524e-03,6.342494714587698645e-03,0.000000000000000000e+00,1.483050847457623167e-02,6.369426751592355274e-03,2.127659574468032666e-03,2.183406113537067483e-03,6.437768240343366699e-03,0.000000000000000000e+00,6.355932203389813573e-03,8.510638297872352709e-03,0.000000000000000000e+00,0.000000000000000000e+00,8.474576271186418097e-03,0.000000000000000000e+00,0.000000000000000000e+00,2.132196162046962051e-03,2.150537634408644649e-03,6.355932203389813573e-03,4.228329809725206445e-03,2.145922746781159240e-03,0.000000000000000000e+00,0.000000000000000000e+00,0.000000000000000000e+00,4.219409282700370412e-03,0.000000000000000000e+00,8.474576271186418097e-03,2.114164904862603223e-03,4.255319148936176354e-03,0.000000000000000000e+00,2.118644067796604524e-03,4.237288135593209049e-03,1.000000000000000000e+00,2.114164904862603223e-03,0.000000000000000000e+00,0.000000000000000000e+00,4.228329809725206445e-03,2.127659574468032666e-03,0.000000000000000000e+00,6.369426751592355274e-03,0.000000000000000000e+00,0.000000000000000000e+00,2.118644067796604524e-03,1.070663811563166146e-02,0.000000000000000000e+00,4.255319148936176354e-03,2.109704641350185206e-03,2.136752136752129161e-03,4.237288135593209049e-03,8.344086021505376927e-01,0.000000000000000000e+00,0.000000000000000000e+00,4.246284501061570182e-03,0.000000000000000000e+00,6.437768240343366699e-03,2.132196162046962051e-03,9.150743099787685964e-01,2.325581395348841340e-02,0.000000000000000000e+00,2.114164904862603223e-03,4.338394793926281245e-03,4.219409282700370412e-03,6.342494714587698645e-03,2.109704641350185206e-03,2.114164904862603223e-03,2.123142250530785091e-03,1.059322033898302262e-02,8.456659619450301868e-03,2.132196162046962051e-03,1.476793248945151849e-02,2.109704641350185206e-03,2.118644067796604524e-03,4.237288135593209049e-03,1.054852320675103705e-02,0.000000000000000000e+00,4.219409282700370412e-03,4.228329809725206445e-03,4.246284501061570182e-03,2.114164904862603223e-03,2.114164904862603223e-03,4.228329809725206445e-03,8.414376321353065347e-01,2.114164904862603223e-03,0.000000000000000000e+00,0.000000000000000000e+00,0.000000000000000000e+00,0.000000000000000000e+00,0.000000000000000000e+00
1.304347826086960094e-02,0.000000000000000000e+00,2.127659574468032666e-03,2.118644067796604524e-03,0.000000000000000000e+00,0.000000000000000000e+00,2.127659574468032666e-03,1.273885350318471055e-02,0.000000000000000000e+00,0.000000000000000000e+00,0.000000000000000000e+00,2.141327623126354496e-03,0.000000000000000000e+00,2.114164904862603223e-03,1.000000000000000000e+00,1.483050847457623167e-02,0.000000000000000000e+00,6.369426751592355274e-03,0.000000000000000000e+00,2.127659574468032666e-03,1.312910284463897348e-02,0.000000000000000000e+00,0.000000000000000000e+00,0.000000000000000000e+00,2.132196162046962051e-03,0.000000000000000000e+00,2.145922746781159240e-03,2.123142250530785091e-03,0.000000000000000000e+00,0.000000000000000000e+00,2.136752136752129161e-03,2.155172413793149389e-03,0.000000000000000000e+00,4.237288135593209049e-03,0.000000000000000000e+00,0.000000000000000000e+00,0.000000000000000000e+00,0.000000000000000000e+00,0.000000000000000000e+00,0.000000000000000000e+00,0.000000000000000000e+00,0.000000000000000000e+00,0.000000000000000000e+00,0.000000000000000000e+00,1.271186440677962715e-02,2.123142250530785091e-03,2.114164904862603223e-03,1.000000000000000000e+00,0.000000000000000000e+00,0.000000000000000000e+00,0.000000000000000000e+00,0.000000000000000000e+00,0.000000000000000000e+00,2.127659574468032666e-03,6.355932203389813573e-03,0.000000000000000000e+00,1.000000000000000000e+00,2.141327623126354496e-03,0.000000000000000000e+00,0.000000000000000000e+00,0.000000000000000000e+00,0.000000000000000000e+00,4.246284501061570182e-03,0.000000000000000000e+00,0.000000000000000000e+00,2.183406113537067483e-03,0.000000000000000000e+00,8.547008547008516643e-03,0.000000000000000000e+00,2.132196162046962051e-03,0.000000000000000000e+00,4.237288135593209049e-03,4.228329809725206445e-03,6.355932203389813573e-03,0.000000000000000000e+00,2.114164904862603223e-03,0.000000000000000000e+00,2.114164904862603223e-03,6.355932203389813573e-03,0.000000000000000000e+00,0.000000000000000000e+00,0.000000000000000000e+00,2.136752136752129161e-03,0.000000000000000000e+00,9.578059071729957408e-01,0.000000000000000000e+00,2.123142250530785091e-03,0.000000000000000000e+00,4.273504273504258322e-03,1.479915433403800051e-02,4.237288135593209049e-03,0.000000000000000000e+00,0.000000000000000000e+00,2.118644067796604524e-03,0.000000000000000000e+00,4.237288135593209049e-03,0.000000000000000000e+00,0.000000000000000000e+00,4.228329809725206445e-03,2.136752136752129161e-03,2.150537634408644649e-03,2.136752136752129161e-03
0.000000000000000000e+00,0.000000000000000000e+00,0.000000000000000000e+00,0.000000000000000000e+00,0.000000000000000000e+00,0.000000000000000000e+00,0.000000000000000000e+00,0.000000000000000000e+00,0.000000000000000000e+00,0.000000000000000000e+00,0.000000000000000000e+00,0.000000000000000000e+00,0.000000000000000000e+00,0.000000000000000000e+00,0.000000000000000000e+00,0.000000000000000000e+00,0.000000000000000000e+00,0.000000000000000000e+00,0.000000000000000000e+00,0.000000000000000000e+00,0.000000000000000000e+00,0.000000000000000000e+00,0.000000000000000000e+00,0.000000000000000000e+00,0.000000000000000000e+00,0.000000000000000000e+00,0.000000000000000000e+00,0.000000000000000000e+00,4.506437768240345587e-02,2.150537634408644649e-03,0.000000000000000000e+00,0.000000000000000000e+00,0.000000000000000000e+00,0.000000000000000000e+00,0.000000000000000000e+00,0.000000000000000000e+00,9.914712153518123738e-01,0.000000000000000000e+00,0.000000000000000000e+00,0.000000000000000000e+00,0.000000000000000000e+00,0.000000000000000000e+00,0.000000000000000000e+00,0.000000000000000000e+00,0.000000000000000000e+00,0.000000000000000000e+00,0.000000000000000000e+00,0.000000000000000000e+00,1.000000000000000000e+00,0.000000000000000000e+00,0.000000000000000000e+00,0.000000000000000000e+00,0.000000000000000000e+00,0.000000000000000000e+00,0.000000000000000000e+00,0.000000000000000000e+00,0.000000000000000000e+00,0.000000000000000000e+00,1.875000000000000000e-01,0.000000000000000000e+00,0.000000000000000000e+00,0.000000000000000000e+00,0.000000000000000000e+00,0.000000000000000000e+00,0.000000000000000000e+00,0.000000000000000000e+00,0.000000000000000000e+00,0.000000000000000000e+00,0.000000000000000000e+00,0.000000000000000000e+00,0.000000000000000000e+00,0.000000000000000000e+00,0.000000000000000000e+00,0.000000000000000000e+00,0.000000000000000000e+00,0.000000000000000000e+00,0.000000000000000000e+00,0.000000000000000000e+00,0.000000000000000000e+00,0.000000000000000000e+00,0.000000000000000000e+00,0.000000000000000000e+00,0.000000000000000000e+00,0.000000000000000000e+00,0.000000000000000000e+00,0.000000000000000000e+00,0.000000000000000000e+00,0.000000000000000000e+00,0.000000000000000000e+00,0.000000000000000000e+00,0.000000000000000000e+00,0.000000000000000000e+00,0.000000000000000000e+00,0.000000000000000000e+00,0.000000000000000000e+00,0.000000000000000000e+00,0.000000000000000000e+00,0.000000000000000000e+00,0.000000000000000000e+00,0.000000000000000000e+00,0.000000000000000000e+00,0.000000000000000000e+00
0.000000000000000000e+00,0.000000000000000000e+00,6.437768240343366699e-03,4.273504273504258322e-03,6.607929515418553557e-03,0.000000000000000000e+00,6.451612903225822926e-03,0.000000000000000000e+00,4.301075268817178276e-03,0.000000000000000000e+00,0.000000000000000000e+00,0.000000000000000000e+00,0.000000000000000000e+00,0.000000000000000000e+00,0.000000000000000000e+00,0.000000000000000000e+00,0.000000000000000000e+00,0.000000000000000000e+00,0.000000000000000000e+00,0.000000000000000000e+00,0.000000000000000000e+00,2.169197396963085112e-03,0.000000000000000000e+00,2.141327623126354496e-03,0.000000000000000000e+00,0.000000000000000000e+00,0.000000000000000000e+00,6.410256410256387483e-03,0.000000000000000000e+00,4.310344827586187755e-03,2.159827213822906877e-03,8.695652173912993277e-03,4.291845493562207459e-03,2.141327623126354496e-03,4.347826086956496638e-03,0.000000000000000000e+00,0.000000000000000000e+00,0.000000000000000000e+00,0.000000000000000000e+00,0.000000000000000000e+00,2.141327623126354496e-03,2.141327623126354496e-03,0.000000000000000000e+00,0.000000000000000000e+00,0.000000000000000000e+00,0.000000000000000000e+00,0.000000000000000000e+00,0.000000000000000000e+00,0.000000000000000000e+00,1.000000000000000000e+00,0.000000000000000000e+00,2.150537634408644649e-03,4.301075268817178276e-03,4.291845493562207459e-03,8.760683760683762866e-02,0.000000000000000000e+00,0.000000000000000000e+00,2.169197396963085112e-03,0.000000000000000000e+00,0.000000000000000000e+00,2.136752136752129161e-03,2.164502164502146719e-03,2.145922746781159240e-03,0.000000000000000000e+00,9.666666666666666741e-01,2.212389380530921379e-03,0.000000000000000000e+00,9.071274298056153373e-02,0.000000000000000000e+00,0.000000000000000000e+00,0.000000000000000000e+00,2.141327623126354496e-03,4.273504273504258322e-03,8.547008547008549950e-02,2.192982456140302183e-03,2.136752136752129161e-03,0.000000000000000000e+00,0.000000000000000000e+00,1.713062098501072494e-02,2.150537634408644649e-03,2.141327623126354496e-03,4.282655246252708992e-03,0.000000000000000000e+00,0.000000000000000000e+00,0.000000000000000000e+00,8.583690987124414917e-03,2.145922746781159240e-03,0.000000000000000000e+00,0.000000000000000000e+00,0.000000000000000000e+00,6.423982869379063487e-03,0.000000000000000000e+00,0.000000000000000000e+00,0.000000000000000000e+00,4.282655246252708992e-03,0.000000000000000000e+00,6.423982869379063487e-03,1.068376068376064580e-02,4.273504273504258322e-03,0.000000000000000000e+00,0.000000000000000000e+00,0.000000000000000000e+00
0.000000000000000000e+00,6.369426751592355274e-03,8.492569002123140365e-03,4.237288135593209049e-03,6.535947712418277433e-03,2.150537634408644649e-03,0.000000000000000000e+00,1.061571125265392546e-02,6.382978723404209020e-03,2.118644067796604524e-03,9.957716701902747936e-01,0.000000000000000000e+00,1.057082452431290509e-02,0.000000000000000000e+00,0.000000000000000000e+00,1.057082452431290509e-02,0.000000000000000000e+00,0.000000000000000000e+00,0.000000000000000000e+00,0.000000000000000000e+00,2.188183807439791906e-03,1.502145922746778162e-02,0.000000000000000000e+00,4.237288135593209049e-03,0.000000000000000000e+00,0.000000000000000000e+00,2.141327623126354496e-03,6.355932203389813573e-03,0.000000000000000000e+00,8.528784648187626161e-03,0.000000000000000000e+00,6.465517241379337143e-03,6.355932203389813573e-03,0.000000000000000000e+00,2.150537634408644649e-03,0.000000000000000000e+00,0.000000000000000000e+00,0.000000000000000000e+00,9.957805907172996296e-01,0.000000000000000000e+00,4.237288135593209049e-03,8.456659619450301868e-03,0.000000000000000000e+00,0.000000000000000000e+00,0.000000000000000000e+00,2.123142250530785091e-03,4.228329809725206445e-03,0.000000000000000000e+00,0.000000000000000000e+00,0.000000000000000000e+00,1.000000000000000000e+00,4.264392324093813080e-03,8.510638297872352709e-03,6.382978723404209020e-03,2.114164904862603223e-03,0.000000000000000000e+00,0.000000000000000000e+00,0.000000000000000000e+00,2.155172413793149389e-03,0.000000000000000000e+00,8.456659619450301868e-03,0.000000000000000000e+00,0.000000000000000000e+00,1.077586206896552490e-02,0.000000000000000000e+00,0.000000000000000000e+00,0.000000000000000000e+00,2.136752136752129161e-03,2.150537634408644649e-03,0.000000000000000000e+00,4.255319148936176354e-03,0.000000000000000000e+00,8.456659619450301868e-03,2.118644067796604524e-03,1.086956521739135262e-02,6.342494714587698645e-03,1.268498942917550831e-02,2.742616033755274074e-02,2.118644067796604524e-03,4.255319148936176354e-03,6.369426751592355274e-03,1.268498942917550831e-02,4.264392324093813080e-03,8.456659619450301868e-03,0.000000000000000000e+00,6.369426751592355274e-03,6.369426751592355274e-03,1.265822784810122226e-02,0.000000000000000000e+00,1.687763713080170369e-02,4.228329809725206445e-03,6.382978723404209020e-03,8.456659619450301868e-03,1.483050847457623167e-02,6.355932203389813573e-03,4.237288135593209049e-03,4.237288135593209049e-03,4.228329809725206445e-03,6.342494714587698645e-03,0.000000000000000000e+00,2.145922746781159240e-03,0.000000000000000000e+00
4.376367614879694834e-03,8.166311300639659265e-01,9.637526652452025333e-01,7.957446808510638681e-01,2.188183807439791906e-03,4.329004329004293439e-03,0.000000000000000000e+00,4.273504273504258322e-03,7.927350427350426942e-01,2.136752136752129161e-03,6.396588486140775132e-03,0.000000000000000000e+00,1.276595744680852906e-02,2.127659574468032666e-03,4.264392324093813080e-03,4.264392324093813080e-03,0.000000000000000000e+00,2.136752136752129161e-03,2.141327623126354496e-03,0.000000000000000000e+00,6.607929515418553557e-03,1.515151515151513806e-02,0.000000000000000000e+00,8.212765957446808152e-01,2.145922746781159240e-03,0.000000000000000000e+00,1.293103448275867429e-02,9.680851063829787329e-01,2.141327623126354496e-03,2.145922746781159240e-03,0.000000000000000000e+00,8.012958963282936775e-01,2.136752136752129161e-03,4.273504273504258322e-03,2.164502164502146719e-03,0.000000000000000000e+00,0.000000000000000000e+00,0.000000000000000000e+00,6.396588486140775132e-03,0.000000000000000000e+00,9.212765957446809040e-01,6.396588486140775132e-03,2.145922746781159240e-03,0.000000000000000000e+00,4.264392324093813080e-03,0.000000000000000000e+00,2.127659574468032666e-03,0.000000000000000000e+00,0.000000000000000000e+00,2.150537634408644649e-03,4.264392324093813080e-03,1.000000000000000000e+00,2.141327623126354496e-03,7.974413646055437122e-01,4.264392324093813080e-03,0.000000000000000000e+00,0.000000000000000000e+00,0.000000000000000000e+00,0.000000000000000000e+00,2.141327623126354496e-03,2.127659574468032666e-03,4.301075268817178276e-03,4.273504273504258322e-03,1.298701298701299134e-02,6.651884700665133821e-03,2.197802197802189994e-03,0.000000000000000000e+00,4.301075268817178276e-03,2.159827213822906877e-03,0.000000000000000000e+00,4.282655246252708992e-03,6.396588486140775132e-03,4.255319148936176354e-03,4.264392324093813080e-03,8.752735229759278646e-03,1.063829787234038537e-02,8.528784648187626161e-03,4.255319148936176354e-03,0.000000000000000000e+00,6.423982869379063487e-03,9.680851063829787329e-01,8.528784648187626161e-03,2.150537634408644649e-03,1.276595744680852906e-02,2.127659574468032666e-03,0.000000000000000000e+00,1.923076923076927347e-02,1.276595744680852906e-02,0.000000000000000000e+00,6.382978723404209020e-03,4.264392324093813080e-03,6.423982869379063487e-03,8.528784648187626161e-03,8.528784648187626161e-03,2.136752136752129161e-03,8.528784648187626161e-03,4.264392324093813080e-03,2.132196162046962051e-03,4.255319148936176354e-03,0.000000000000000000e+00,0.000000000000000000e+00,0.000000000000000000e+00
1.528384279475980545e-02,0.000000000000000000e+00,2.136752136752129161e-03,2.127659574468032666e-03,9.540481400437637038e-01,0.000000000000000000e+00,6.410256410256387483e-03,4.264392324093813080e-03,2.141327623126354496e-03,4.264392324093813080e-03,8.510638297872352709e-03,2.150537634408644649e-03,0.000000000000000000e+00,8.492569002123140365e-03,0.000000000000000000e+00,4.255319148936176354e-03,0.000000000000000000e+00,0.000000000000000000e+00,0.000000000000000000e+00,4.282655246252708992e-03,1.318681318681313996e-02,2.155172413793149389e-03,0.000000000000000000e+00,2.132196162046962051e-03,6.423982869379063487e-03,0.000000000000000000e+00,0.000000000000000000e+00,4.255319148936176354e-03,0.000000000000000000e+00,9.550321199143468887e-01,4.291845493562207459e-03,2.164502164502146719e-03,0.000000000000000000e+00,2.127659574468032666e-03,0.000000000000000000e+00,0.000000000000000000e+00,0.000000000000000000e+00,0.000000000000000000e+00,1.061571125265392546e-02,0.000000000000000000e+00,2.132196162046962051e-03,8.492569002123140365e-03,2.141327623126354496e-03,0.000000000000000000e+00,3.404255319148941084e-02,2.132196162046962051e-03,0.000000000000000000e+00,0.000000000000000000e+00,0.000000000000000000e+00,4.301075268817178276e-03,8.510638297872352709e-03,2.141327623126354496e-03,1.000000000000000000e+00,2.136752136752129161e-03,2.127659574468032666e-03,0.000000000000000000e+00,0.000000000000000000e+00,6.465517241379337143e-03,0.000000000000000000e+00,0.000000000000000000e+00,7.409766454352442189e-01,2.150537634408644649e-03,0.000000000000000000e+00,0.000000000000000000e+00,6.666666666666709595e-03,4.385964912280715389e-03,4.273504273504258322e-03,0.000000000000000000e+00,2.159827213822906877e-03,4.291845493562207459e-03,0.000000000000000000e+00,0.000000000000000000e+00,8.853503184713376051e-01,0.000000000000000000e+00,2.183406113537067483e-03,0.000000000000000000e+00,0.000000000000000000e+00,4.246284501061570182e-03,4.255319148936176354e-03,4.273504273504258322e-03,0.000000000000000000e+00,0.000000000000000000e+00,4.291845493562207459e-03,0.000000000000000000e+00,0.000000000000000000e+00,3.880597014925373234e-01,0.000000000000000000e+00,0.000000000000000000e+00,0.000000000000000000e+00,2.123142250530785091e-03,6.382978723404209020e-03,4.273504273504258322e-03,8.510638297872352709e-03,0.000000000000000000e+00,3.914893617021276695e-01,2.127659574468032666e-03,9.106382978723404076e-01,9.108280254777070262e-01,9.065817409766454560e-01,0.000000000000000000e+00,0.000000000000000000e+00,0.000000000000000000e+00
6.550218340611313472e-03,8.832271762208068200e-01,8.063829787234042534e-01,9.978768577494692149e-01,4.366812227074245989e-03,2.159827213822906877e-03,2.136752136752129161e-03,4.264392324093813080e-03,9.616204690831556823e-01,0.000000000000000000e+00,6.382978723404209020e-03,0.000000000000000000e+00,1.273885350318471055e-02,0.000000000000000000e+00,0.000000000000000000e+00,4.246284501061570182e-03,0.000000000000000000e+00,8.510638297872352709e-03,0.000000000000000000e+00,0.000000000000000000e+00,4.395604395604379988e-03,1.508620689655171265e-02,0.000000000000000000e+00,8.832271762208068200e-01,0.000000000000000000e+00,0.000000000000000000e+00,6.451612903225822926e-03,8.025477707006369865e-01,2.136752136752129161e-03,2.141327623126354496e-03,0.000000000000000000e+00,9.633620689655172376e-01,4.264392324093813080e-03,4.255319148936176354e-03,2.159827213822906877e-03,0.000000000000000000e+00,0.000000000000000000e+00,0.000000000000000000e+00,6.369426751592355274e-03,0.000000000000000000e+00,7.983014861995754163e-01,1.061571125265392546e-02,4.282655246252708992e-03,0.000000000000000000e+00,4.255319148936176354e-03,0.000000000000000000e+00,6.369426751592355274e-03,2.127659574468032666e-03,0.000000000000000000e+00,4.291845493562207459e-03,6.382978723404209020e-03,7.974413646055437122e-01,2.136752136752129161e-03,1.000000000000000000e+00,4.255319148936176354e-03,0.000000000000000000e+00,2.127659574468032666e-03,0.000000000000000000e+00,0.000000000000000000e+00,2.136752136752129161e-03,0.000000000000000000e+00,2.145922746781159240e-03,2.132196162046962051e-03,4.329004329004293439e-03,2.217294900221711274e-03,2.192982456140302183e-03,0.000000000000000000e+00,4.291845493562207459e-03,2.159827213822906877e-03,2.141327623126354496e-03,6.410256410256387483e-03,6.382978723404209020e-03,2.123142250530785091e-03,4.255319148936176354e-03,8.733624454148491978e-03,1.061571125265392546e-02,1.702127659574470542e-02,4.246284501061570182e-03,4.255319148936176354e-03,2.136752136752129161e-03,8.131634819532909120e-01,8.510638297872352709e-03,2.145922746781159240e-03,1.486199575371549564e-02,0.000000000000000000e+00,2.132196162046962051e-03,1.492537313432840129e-02,1.486199575371549564e-02,0.000000000000000000e+00,6.369426751592355274e-03,0.000000000000000000e+00,4.273504273504258322e-03,6.382978723404209020e-03,8.510638297872352709e-03,2.127659574468032666e-03,6.382978723404209020e-03,2.127659574468032666e-03,4.246284501061570182e-03,2.123142250530785091e-03,0.000000000000000000e+00,0.000000000000000000e+00,0.000000000000000000e+00
0.000000000000000000e+00,4.246284501061570182e-03,4.246284501061570182e-03,2.118644067796604524e-03,0.000000000000000000e+00,0.000000000000000000e+00,0.000000000000000000e+00,0.000000000000000000e+00,6.382978723404209020e-03,0.000000000000000000e+00,2.118644067796604524e-03,0.000000000000000000e+00,6.342494714587698645e-03,2.114164904862603223e-03,6.355932203389813573e-03,0.000000000000000000e+00,0.000000000000000000e+00,0.000000000000000000e+00,2.127659574468032666e-03,0.000000000000000000e+00,0.000000000000000000e+00,4.291845493562207459e-03,0.000000000000000000e+00,6.355932203389813573e-03,4.255319148936176354e-03,0.000000000000000000e+00,0.000000000000000000e+00,2.118644067796604524e-03,0.000000000000000000e+00,0.000000000000000000e+00,2.132196162046962051e-03,4.310344827586187755e-03,0.000000000000000000e+00,8.474576271186418097e-03,0.000000000000000000e+00,0.000000000000000000e+00,0.000000000000000000e+00,0.000000000000000000e+00,2.114164904862603223e-03,0.000000000000000000e+00,4.237288135593209049e-03,0.000000000000000000e+00,2.132196162046962051e-03,0.000000000000000000e+00,2.118644067796604524e-03,0.000000000000000000e+00,0.000000000000000000e+00,6.355932203389813573e-03,0.000000000000000000e+00,8.760683760683762866e-02,2.114164904862603223e-03,4.264392324093813080e-03,2.127659574468032666e-03,4.255319148936176354e-03,1.000000000000000000e+00,0.000000000000000000e+00,8.474576271186418097e-03,4.282655246252708992e-03,0.000000000000000000e+00,2.127659574468032666e-03,2.114164904862603223e-03,0.000000000000000000e+00,8.474576271186418097e-03,2.155172413793149389e-03,9.292035398230091836e-02,0.000000000000000000e+00,0.000000000000000000e+00,9.296375266524520287e-01,2.150537634408644649e-03,0.000000000000000000e+00,2.127659574468032666e-03,0.000000000000000000e+00,0.000000000000000000e+00,9.175475687103593625e-01,0.000000000000000000e+00,0.000000000000000000e+00,1.057082452431290509e-02,0.000000000000000000e+00,0.000000000000000000e+00,2.127659574468032666e-03,4.237288135593209049e-03,6.342494714587698645e-03,2.132196162046962051e-03,6.342494714587698645e-03,4.219409282700370412e-03,0.000000000000000000e+00,2.123142250530785091e-03,6.342494714587698645e-03,0.000000000000000000e+00,0.000000000000000000e+00,2.114164904862603223e-03,2.127659574468032666e-03,0.000000000000000000e+00,2.118644067796604524e-03,0.000000000000000000e+00,0.000000000000000000e+00,2.118644067796604524e-03,0.000000000000000000e+00,0.000000000000000000e+00,0.000000000000000000e+00,0.000000000000000000e+00,0.000000000000000000e+00
0.000000000000000000e+00,0.000000000000000000e+00,0.000000000000000000e+00,0.000000000000000000e+00,0.000000000000000000e+00,0.000000000000000000e+00,0.000000000000000000e+00,0.000000000000000000e+00,0.000000000000000000e+00,2.132196162046962051e-03,0.000000000000000000e+00,9.850427350427350959e-01,0.000000000000000000e+00,0.000000000000000000e+00,2.127659574468032666e-03,0.000000000000000000e+00,1.000000000000000000e+00,0.000000000000000000e+00,0.000000000000000000e+00,2.141327623126354496e-03,0.000000000000000000e+00,0.000000000000000000e+00,0.000000000000000000e+00,0.000000000000000000e+00,0.000000000000000000e+00,0.000000000000000000e+00,0.000000000000000000e+00,0.000000000000000000e+00,2.136752136752129161e-03,0.000000000000000000e+00,0.000000000000000000e+00,0.000000000000000000e+00,0.000000000000000000e+00,0.000000000000000000e+00,0.000000000000000000e+00,6.423982869379063487e-03,0.000000000000000000e+00,9.872611464968152895e-01,0.000000000000000000e+00,0.000000000000000000e+00,2.127659574468032666e-03,0.000000000000000000e+00,0.000000000000000000e+00,0.000000000000000000e+00,0.000000000000000000e+00,0.000000000000000000e+00,0.000000000000000000e+00,0.000000000000000000e+00,0.000000000000000000e+00,0.000000000000000000e+00,0.000000000000000000e+00,0.000000000000000000e+00,0.000000000000000000e+00,0.000000000000000000e+00,0.000000000000000000e+00,1.000000000000000000e+00,2.127659574468032666e-03,0.000000000000000000e+00,0.000000000000000000e+00,0.000000000000000000e+00,0.000000000000000000e+00,0.000000000000000000e+00,0.000000000000000000e+00,0.000000000000000000e+00,0.000000000000000000e+00,0.000000000000000000e+00,2.136752136752129161e-03,0.000000000000000000e+00,0.000000000000000000e+00,2.145922746781159240e-03,0.000000000000000000e+00,0.000000000000000000e+00,0.000000000000000000e+00,0.000000000000000000e+00,0.000000000000000000e+00,0.000000000000000000e+00,0.000000000000000000e+00,0.000000000000000000e+00,0.000000000000000000e+00,0.000000000000000000e+00,0.000000000000000000e+00,2.123142250530785091e-03,0.000000000000000000e+00,0.000000000000000000e+00,2.118644067796604524e-03,0.000000000000000000e+00,0.000000000000000000e+00,0.000000000000000000e+00,2.136752136752129161e-03,0.000000000000000000e+00,0.000000000000000000e+00,0.000000000000000000e+00,0.000000000000000000e+00,0.000000000000000000e+00,0.000000000000000000e+00,0.000000000000000000e+00,0.000000000000000000e+00,0.000000000000000000e+00,0.000000000000000000e+00,2.136752136752129161e-03,2.150537634408644649e-03,2.141327623126354496e-03
1.304347826086960094e-02,2.123142250530785091e-03,0.000000000000000000e+00,2.123142250530785091e-03,0.000000000000000000e+00,0.000000000000000000e+00,6.382978723404209020e-03,1.273885350318471055e-02,2.132196162046962051e-03,2.123142250530785091e-03,2.118644067796604524e-03,0.000000000000000000e+00,0.000000000000000000e+00,2.118644067796604524e-03,1.000000000000000000e+00,1.059322033898302262e-02,0.000000000000000000e+00,6.369426751592355274e-03,0.000000000000000000e+00,2.132196162046962051e-03,8.771929824561430777e-03,0.000000000000000000e+00,0.000000000000000000e+00,0.000000000000000000e+00,4.264392324093813080e-03,0.000000000000000000e+00,2.145922746781159240e-03,0.000000000000000000e+00,0.000000000000000000e+00,4.264392324093813080e-03,2.136752136752129161e-03,2.155172413793149389e-03,0.000000000000000000e+00,2.123142250530785091e-03,0.000000000000000000e+00,0.000000000000000000e+00,0.000000000000000000e+00,0.000000000000000000e+00,0.000000000000000000e+00,0.000000000000000000e+00,2.123142250530785091e-03,0.000000000000000000e+00,0.000000000000000000e+00,0.000000000000000000e+00,1.061571125265392546e-02,2.127659574468032666e-03,2.118644067796604524e-03,1.000000000000000000e+00,0.000000000000000000e+00,0.000000000000000000e+00,0.000000000000000000e+00,0.000000000000000000e+00,0.000000000000000000e+00,2.127659574468032666e-03,8.474576271186418097e-03,2.127659574468032666e-03,1.000000000000000000e+00,2.141327623126354496e-03,0.000000000000000000e+00,2.132196162046962051e-03,0.000000000000000000e+00,2.141327623126354496e-03,4.246284501061570182e-03,0.000000000000000000e+00,0.000000000000000000e+00,2.188183807439791906e-03,0.000000000000000000e+00,6.423982869379063487e-03,0.000000000000000000e+00,2.132196162046962051e-03,2.132196162046962051e-03,6.369426751592355274e-03,0.000000000000000000e+00,6.355932203389813573e-03,0.000000000000000000e+00,0.000000000000000000e+00,0.000000000000000000e+00,2.114164904862603223e-03,6.369426751592355274e-03,0.000000000000000000e+00,0.000000000000000000e+00,0.000000000000000000e+00,2.136752136752129161e-03,2.114164904862603223e-03,9.577167019027483796e-01,2.123142250530785091e-03,2.127659574468032666e-03,0.000000000000000000e+00,4.273504273504258322e-03,1.268498942917550831e-02,6.355932203389813573e-03,0.000000000000000000e+00,0.000000000000000000e+00,2.123142250530785091e-03,0.000000000000000000e+00,2.123142250530785091e-03,0.000000000000000000e+00,0.000000000000000000e+00,0.000000000000000000e+00,2.136752136752129161e-03,2.150537634408644649e-03,2.141327623126354496e-03
0.000000000000000000e+00,0.000000000000000000e+00,0.000000000000000000e+00,2.145922746781159240e-03,6.607929515418553557e-03,0.000000000000000000e+00,0.000000000000000000e+00,2.145922746781159240e-03,0.000000000000000000e+00,0.000000000000000000e+00,0.000000000000000000e+00,0.000000000000000000e+00,2.141327623126354496e-03,9.594017094017094349e-01,2.141327623126354496e-03,2.141327623126354496e-03,0.000000000000000000e+00,2.145922746781159240e-03,2.150537634408644649e-03,0.000000000000000000e+00,0.000000000000000000e+00,2.173913043478248319e-03,0.000000000000000000e+00,0.000000000000000000e+00,9.483870967741935276e-01,0.000000000000000000e+00,0.000000000000000000e+00,0.000000000000000000e+00,0.000000000000000000e+00,8.639308855291627509e-03,8.639308855291627509e-03,2.178649237472796152e-03,4.301075268817178276e-03,0.000000000000000000e+00,0.000000000000000000e+00,0.000000000000000000e+00,0.000000000000000000e+00,0.000000000000000000e+00,0.000000000000000000e+00,0.000000000000000000e+00,2.145922746781159240e-03,8.565310492505306961e-03,8.639308855291627509e-03,0.000000000000000000e+00,0.000000000000000000e+00,8.602150537634356553e-03,1.070663811563166146e-02,2.141327623126354496e-03,0.000000000000000000e+00,2.169197396963085112e-03,0.000000000000000000e+00,0.000000000000000000e+00,6.465517241379337143e-03,0.000000000000000000e+00,4.282655246252708992e-03,0.000000000000000000e+00,2.141327623126354496e-03,1.000000000000000000e+00,0.000000000000000000e+00,4.310344827586187755e-03,6.423982869379063487e-03,8.658008658008697900e-03,0.000000000000000000e+00,8.714596949891073585e-03,0.000000000000000000e+00,0.000000000000000000e+00,0.000000000000000000e+00,2.159827213822906877e-03,0.000000000000000000e+00,0.000000000000000000e+00,4.310344827586187755e-03,2.145922746781159240e-03,6.423982869379063487e-03,4.291845493562207459e-03,2.202643171806184519e-03,4.282655246252708992e-03,4.282655246252708992e-03,4.282655246252708992e-03,0.000000000000000000e+00,2.155172413793149389e-03,2.145922746781159240e-03,4.282655246252708992e-03,4.319654427645813755e-03,2.141327623126354496e-03,2.136752136752129161e-03,8.602150537634356553e-03,0.000000000000000000e+00,2.141327623126354496e-03,0.000000000000000000e+00,2.141327623126354496e-03,0.000000000000000000e+00,2.155172413793149389e-03,4.282655246252708992e-03,0.000000000000000000e+00,6.437768240343366699e-03,6.437768240343366699e-03,8.583690987124414917e-03,8.565310492505306961e-03,6.423982869379063487e-03,0.000000000000000000e+00,0.000000000000000000e+00,0.000000000000000000e+00
0.000000000000000000e+00,0.000000000000000000e+00,0.000000000000000000e+00,0.000000000000000000e+00,0.000000000000000000e+00,0.000000000000000000e+00,0.000000000000000000e+00,0.000000000000000000e+00,0.000000000000000000e+00,2.159827213822906877e-03,0.000000000000000000e+00,0.000000000000000000e+00,0.000000000000000000e+00,0.000000000000000000e+00,0.000000000000000000e+00,0.000000000000000000e+00,0.000000000000000000e+00,0.000000000000000000e+00,0.000000000000000000e+00,0.000000000000000000e+00,4.444444444444473064e-03,2.178649237472796152e-03,0.000000000000000000e+00,0.000000000000000000e+00,2.169197396963085112e-03,0.000000000000000000e+00,0.000000000000000000e+00,0.000000000000000000e+00,3.246753246753242284e-02,0.000000000000000000e+00,0.000000000000000000e+00,0.000000000000000000e+00,0.000000000000000000e+00,0.000000000000000000e+00,0.000000000000000000e+00,2.164502164502146719e-03,1.875000000000000000e-01,0.000000000000000000e+00,2.155172413793149389e-03,0.000000000000000000e+00,0.000000000000000000e+00,0.000000000000000000e+00,0.000000000000000000e+00,0.000000000000000000e+00,0.000000000000000000e+00,0.000000000000000000e+00,0.000000000000000000e+00,0.000000000000000000e+00,1.875000000000000000e-01,0.000000000000000000e+00,2.155172413793149389e-03,0.000000000000000000e+00,0.000000000000000000e+00,0.000000000000000000e+00,0.000000000000000000e+00,0.000000000000000000e+00,0.000000000000000000e+00,0.000000000000000000e+00,1.000000000000000000e+00,0.000000000000000000e+00,0.000000000000000000e+00,0.000000000000000000e+00,0.000000000000000000e+00,0.000000000000000000e+00,0.000000000000000000e+00,0.000000000000000000e+00,2.169197396963085112e-03,0.000000000000000000e+00,0.000000000000000000e+00,2.173913043478248319e-03,0.000000000000000000e+00,0.000000000000000000e+00,0.000000000000000000e+00,0.000000000000000000e+00,0.000000000000000000e+00,0.000000000000000000e+00,0.000000000000000000e+00,0.000000000000000000e+00,0.000000000000000000e+00,0.000000000000000000e+00,0.000000000000000000e+00,0.000000000000000000e+00,2.173913043478248319e-03,0.000000000000000000e+00,0.000000000000000000e+00,0.000000000000000000e+00,0.000000000000000000e+00,0.000000000000000000e+00,0.000000000000000000e+00,0.000000000000000000e+00,0.000000000000000000e+00,0.000000000000000000e+00,0.000000000000000000e+00,0.000000000000000000e+00,0.000000000000000000e+00,0.000000000000000000e+00,0.000000000000000000e+00,0.000000000000000000e+00,0.000000000000000000e+00,0.000000000000000000e+00,0.000000000000000000e+00,0.000000000000000000e+00
0.000000000000000000e+00,4.264392324093813080e-03,2.136752136752129161e-03,0.000000000000000000e+00,0.000000000000000000e+00,4.319654427645813755e-03,2.136752136752129161e-03,4.264392324093813080e-03,2.141327623126354496e-03,1.705756929637525232e-02,0.000000000000000000e+00,0.000000000000000000e+00,2.127659574468032666e-03,2.127659574468032666e-03,0.000000000000000000e+00,4.255319148936176354e-03,0.000000000000000000e+00,0.000000000000000000e+00,9.531914893617021711e-01,1.498929336188437045e-02,0.000000000000000000e+00,2.159827213822906877e-03,0.000000000000000000e+00,4.264392324093813080e-03,4.282655246252708992e-03,0.000000000000000000e+00,0.000000000000000000e+00,0.000000000000000000e+00,0.000000000000000000e+00,0.000000000000000000e+00,2.145922746781159240e-03,2.164502164502146719e-03,2.132196162046962051e-03,0.000000000000000000e+00,2.159827213822906877e-03,0.000000000000000000e+00,0.000000000000000000e+00,0.000000000000000000e+00,0.000000000000000000e+00,0.000000000000000000e+00,6.396588486140775132e-03,2.127659574468032666e-03,4.282655246252708992e-03,0.000000000000000000e+00,0.000000000000000000e+00,2.136752136752129161e-03,4.255319148936176354e-03,0.000000000000000000e+00,0.000000000000000000e+00,0.000000000000000000e+00,0.000000000000000000e+00,2.141327623126354496e-03,0.000000000000000000e+00,2.136752136752129161e-03,2.127659574468032666e-03,0.000000000000000000e+00,2.132196162046962051e-03,4.310344827586187755e-03,0.000000000000000000e+00,1.000000000000000000e+00,0.000000000000000000e+00,6.437768240343366699e-03,0.000000000000000000e+00,8.658008658008697900e-03,0.000000000000000000e+00,2.192982456140302183e-03,1.923076923076927347e-02,2.145922746781159240e-03,2.159827213822906877e-03,1.716738197424894086e-02,6.423982869379063487e-03,0.000000000000000000e+00,0.000000000000000000e+00,2.127659574468032666e-03,0.000000000000000000e+00,0.000000000000000000e+00,2.127659574468032666e-03,0.000000000000000000e+00,1.066098081023458821e-02,0.000000000000000000e+00,4.264392324093813080e-03,0.000000000000000000e+00,2.145922746781159240e-03,2.127659574468032666e-03,0.000000000000000000e+00,0.000000000000000000e+00,2.136752136752129161e-03,4.246284501061570182e-03,0.000000000000000000e+00,2.123142250530785091e-03,2.127659574468032666e-03,0.000000000000000000e+00,2.127659574468032666e-03,0.000000000000000000e+00,0.000000000000000000e+00,4.264392324093813080e-03,0.000000000000000000e+00,0.000000000000000000e+00,0.000000000000000000e+00,0.000000000000000000e+00,0.000000000000000000e+00,0.000000000000000000e+00
2.169197396963118418e-02,2.118644067796604524e-03,2.123142250530785091e-03,2.114164904862603223e-03,7.304347826086956541e-01,6.437768240343366699e-03,8.492569002123140365e-03,6.355932203389813573e-03,2.127659574468032666e-03,4.237288135593209049e-03,6.342494714587698645e-03,0.000000000000000000e+00,4.219409282700370412e-03,6.329113924050666640e-03,2.118644067796604524e-03,6.342494714587698645e-03,0.000000000000000000e+00,0.000000000000000000e+00,0.000000000000000000e+00,4.255319148936176354e-03,2.183406113537122994e-02,6.437768240343366699e-03,0.000000000000000000e+00,4.237288135593209049e-03,6.382978723404209020e-03,0.000000000000000000e+00,2.141327623126354496e-03,4.228329809725206445e-03,0.000000000000000000e+00,7.319148936170212227e-01,2.132196162046962051e-03,2.150537634408644649e-03,4.237288135593209049e-03,2.114164904862603223e-03,6.437768240343366699e-03,0.000000000000000000e+00,0.000000000000000000e+00,0.000000000000000000e+00,1.054852320675103705e-02,0.000000000000000000e+00,2.118644067796604524e-03,4.219409282700370412e-03,2.127659574468032666e-03,0.000000000000000000e+00,3.389830508474578341e-02,4.237288135593209049e-03,2.109704641350185206e-03,0.000000000000000000e+00,0.000000000000000000e+00,2.136752136752129161e-03,8.456659619450301868e-03,2.127659574468032666e-03,7.409766454352442189e-01,0.000000000000000000e+00,2.114164904862603223e-03,0.000000000000000000e+00,0.000000000000000000e+00,6.423982869379063487e-03,0.000000000000000000e+00,0.000000000000000000e+00,1.000000000000000000e+00,2.136752136752129161e-03,0.000000000000000000e+00,2.150537634408644649e-03,2.207505518763808183e-03,4.366812227074245989e-03,6.369426751592355274e-03,2.132196162046962051e-03,2.145922746781159240e-03,4.264392324093813080e-03,0.000000000000000000e+00,0.000000000000000000e+00,6.708860759493671111e-01,0.000000000000000000e+00,0.000000000000000000e+00,2.109704641350185206e-03,4.228329809725206445e-03,4.219409282700370412e-03,2.114164904862603223e-03,6.369426751592355274e-03,2.118644067796604524e-03,2.114164904862603223e-03,6.396588486140775132e-03,4.219409282700370412e-03,2.109704641350185206e-03,3.686440677966101864e-01,0.000000000000000000e+00,2.109704641350185206e-03,0.000000000000000000e+00,6.329113924050666640e-03,6.342494714587698645e-03,6.369426751592355274e-03,2.114164904862603223e-03,0.000000000000000000e+00,3.742071881606765515e-01,0.000000000000000000e+00,7.145877378435517846e-01,7.088607594936708889e-01,7.109704641350210741e-01,0.000000000000000000e+00,0.000000000000000000e+00,0.000000000000000000e+00
2.192982456140302183e-03,4.291845493562207459e-03,6.437768240343366699e-03,4.282655246252708992e-03,0.000000000000000000e+00,0.000000000000000000e+00,2.145922746781159240e-03,6.423982869379063487e-03,4.301075268817178276e-03,2.141327623126354496e-03,0.000000000000000000e+00,0.000000000000000000e+00,0.000000000000000000e+00,6.423982869379063487e-03,2.141327623126354496e-03,4.273504273504258322e-03,0.000000000000000000e+00,0.000000000000000000e+00,2.150537634408644649e-03,0.000000000000000000e+00,2.212389380530921379e-03,0.000000000000000000e+00,0.000000000000000000e+00,0.000000000000000000e+00,6.465517241379337143e-03,0.000000000000000000e+00,4.329004329004293439e-03,4.282655246252708992e-03,0.000000000000000000e+00,2.155172413793149389e-03,7.789699570815450391e-01,6.521739130434744958e-03,0.000000000000000000e+00,4.282655246252708992e-03,0.000000000000000000e+00,0.000000000000000000e+00,0.000000000000000000e+00,0.000000000000000000e+00,2.136752136752129161e-03,0.000000000000000000e+00,2.145922746781159240e-03,2.141327623126354496e-03,9.100642398286937773e-01,0.000000000000000000e+00,0.000000000000000000e+00,7.692307692307691624e-01,2.136752136752129161e-03,0.000000000000000000e+00,0.000000000000000000e+00,2.164502164502146719e-03,0.000000000000000000e+00,4.301075268817178276e-03,2.150537634408644649e-03,2.145922746781159240e-03,0.000000000000000000e+00,0.000000000000000000e+00,2.141327623126354496e-03,8.658008658008697900e-03,0.000000000000000000e+00,6.437768240343366699e-03,2.136752136752129161e-03,1.000000000000000000e+00,2.145922746781159240e-03,2.173913043478248319e-03,0.000000000000000000e+00,0.000000000000000000e+00,0.000000000000000000e+00,4.310344827586187755e-03,2.159827213822906877e-03,0.000000000000000000e+00,0.000000000000000000e+00,0.000000000000000000e+00,2.136752136752129161e-03,0.000000000000000000e+00,4.395604395604379988e-03,2.136752136752129161e-03,0.000000000000000000e+00,0.000000000000000000e+00,2.141327623126354496e-03,2.141327623126354496e-03,2.145922746781159240e-03,0.000000000000000000e+00,0.000000000000000000e+00,0.000000000000000000e+00,0.000000000000000000e+00,2.145922746781159240e-03,0.000000000000000000e+00,0.000000000000000000e+00,4.319654427645813755e-03,0.000000000000000000e+00,2.141327623126354496e-03,2.141327623126354496e-03,0.000000000000000000e+00,0.000000000000000000e+00,2.145922746781159240e-03,2.141327623126354496e-03,2.141327623126354496e-03,2.141327623126354496e-03,2.136752136752129161e-03,0.000000000000000000e+00,0.000000000000000000e+00,0.000000000000000000e+00
0.000000000000000000e+00,4.255319148936176354e-03,4.255319148936176354e-03,2.123142250530785091e-03,0.000000000000000000e+00,0.000000000000000000e+00,4.246284501061570182e-03,0.000000000000000000e+00,4.264392324093813080e-03,4.255319148936176354e-03,0.000000000000000000e+00,0.000000000000000000e+00,2.118644067796604524e-03,0.000000000000000000e+00,2.123142250530785091e-03,4.237288135593209049e-03,0.000000000000000000e+00,2.123142250530785091e-03,2.127659574468032666e-03,4.273504273504258322e-03,0.000000000000000000e+00,0.000000000000000000e+00,0.000000000000000000e+00,6.369426751592355274e-03,0.000000000000000000e+00,0.000000000000000000e+00,4.291845493562207459e-03,2.123142250530785091e-03,0.000000000000000000e+00,0.000000000000000000e+00,2.136752136752129161e-03,2.159827213822906877e-03,2.123142250530785091e-03,9.957716701902747936e-01,2.155172413793149389e-03,0.000000000000000000e+00,0.000000000000000000e+00,0.000000000000000000e+00,0.000000000000000000e+00,0.000000000000000000e+00,4.246284501061570182e-03,0.000000000000000000e+00,2.136752136752129161e-03,0.000000000000000000e+00,0.000000000000000000e+00,2.127659574468032666e-03,4.237288135593209049e-03,4.246284501061570182e-03,0.000000000000000000e+00,2.145922746781159240e-03,0.000000000000000000e+00,4.273504273504258322e-03,0.000000000000000000e+00,2.132196162046962051e-03,8.474576271186418097e-03,0.000000000000000000e+00,4.246284501061570182e-03,0.000000000000000000e+00,0.000000000000000000e+00,0.000000000000000000e+00,0.000000000000000000e+00,2.145922746781159240e-03,1.000000000000000000e+00,4.319654427645813755e-03,2.217294900221711274e-03,0.000000000000000000e+00,4.264392324093813080e-03,6.423982869379063487e-03,2.155172413793149389e-03,4.282655246252708992e-03,2.132196162046962051e-03,2.123142250530785091e-03,0.000000000000000000e+00,1.061571125265392546e-02,0.000000000000000000e+00,0.000000000000000000e+00,0.000000000000000000e+00,6.342494714587698645e-03,0.000000000000000000e+00,2.132196162046962051e-03,4.246284501061570182e-03,0.000000000000000000e+00,0.000000000000000000e+00,2.118644067796604524e-03,2.114164904862603223e-03,4.255319148936176354e-03,0.000000000000000000e+00,2.118644067796604524e-03,0.000000000000000000e+00,6.342494714587698645e-03,2.118644067796604524e-03,2.132196162046962051e-03,0.000000000000000000e+00,0.000000000000000000e+00,4.246284501061570182e-03,2.123142250530785091e-03,0.000000000000000000e+00,0.000000000000000000e+00,0.000000000000000000e+00,0.000000000000000000e+00,0.000000000000000000e+00,0.000000000000000000e+00
4.415011037527616367e-03,8.639308855291627509e-03,6.493506493506440158e-03,4.319654427645813755e-03,2.207505518763808183e-03,2.188183807439791906e-03,4.329004329004293439e-03,6.479481641468720632e-03,8.658008658008697900e-03,0.000000000000000000e+00,1.077586206896552490e-02,0.000000000000000000e+00,1.290322580645164585e-02,4.310344827586187755e-03,0.000000000000000000e+00,4.310344827586187755e-03,0.000000000000000000e+00,8.639308855291627509e-03,6.493506493506440158e-03,4.338394793926281245e-03,6.681514476614691667e-03,6.550218340611313472e-03,0.000000000000000000e+00,6.479481641468720632e-03,4.338394793926281245e-03,0.000000000000000000e+00,0.000000000000000000e+00,4.319654427645813755e-03,0.000000000000000000e+00,0.000000000000000000e+00,4.347826086956496638e-03,1.091703056768555946e-02,1.079913606911442336e-02,2.159827213822906877e-03,2.188183807439791906e-03,0.000000000000000000e+00,0.000000000000000000e+00,0.000000000000000000e+00,1.077586206896552490e-02,0.000000000000000000e+00,6.479481641468720632e-03,4.310344827586187755e-03,4.338394793926281245e-03,0.000000000000000000e+00,2.155172413793149389e-03,2.159827213822906877e-03,8.344086021505376927e-01,0.000000000000000000e+00,0.000000000000000000e+00,0.000000000000000000e+00,1.077586206896552490e-02,1.298701298701299134e-02,0.000000000000000000e+00,4.329004329004293439e-03,2.155172413793149389e-03,0.000000000000000000e+00,0.000000000000000000e+00,8.714596949891073585e-03,0.000000000000000000e+00,8.658008658008697900e-03,2.150537634408644649e-03,2.173913043478248319e-03,4.319654427645813755e-03,1.000000000000000000e+00,0.000000000000000000e+00,0.000000000000000000e+00,0.000000000000000000e+00,0.000000000000000000e+00,8.714596949891073585e-03,0.000000000000000000e+00,8.376623376623376638e-01,1.077586206896552490e-02,2.150537634408644649e-03,2.155172413793149389e-03,4.424778761061953780e-03,6.451612903225822926e-03,6.465517241379337143e-03,6.451612903225822926e-03,2.155172413793149389e-03,1.082251082251084462e-02,4.319654427645813755e-03,1.077586206896552490e-02,0.000000000000000000e+00,1.075268817204300120e-02,0.000000000000000000e+00,0.000000000000000000e+00,6.479481641468720632e-03,1.075268817204300120e-02,0.000000000000000000e+00,8.602150537634356553e-03,4.310344827586187755e-03,8.658008658008697900e-03,6.465517241379337143e-03,0.000000000000000000e+00,0.000000000000000000e+00,8.556034482758620996e-01,0.000000000000000000e+00,0.000000000000000000e+00,0.000000000000000000e+00,0.000000000000000000e+00,0.000000000000000000e+00,0.000000000000000000e+00
0.000000000000000000e+00,2.212389380530921379e-03,4.434589800443422547e-03,0.000000000000000000e+00,9.049773755656076446e-03,2.247191011235938340e-03,6.666666666666709595e-03,0.000000000000000000e+00,4.434589800443422547e-03,0.000000000000000000e+00,0.000000000000000000e+00,0.000000000000000000e+00,0.000000000000000000e+00,0.000000000000000000e+00,0.000000000000000000e+00,0.000000000000000000e+00,0.000000000000000000e+00,2.217294900221711274e-03,0.000000000000000000e+00,0.000000000000000000e+00,2.283105022831022346e-03,2.242152466367719477e-03,0.000000000000000000e+00,0.000000000000000000e+00,0.000000000000000000e+00,0.000000000000000000e+00,0.000000000000000000e+00,2.212389380530921379e-03,2.222222222222236532e-03,6.681514476614691667e-03,2.227171492204860215e-03,0.000000000000000000e+00,6.651884700665133821e-03,4.434589800443422547e-03,2.247191011235938340e-03,0.000000000000000000e+00,0.000000000000000000e+00,0.000000000000000000e+00,0.000000000000000000e+00,0.000000000000000000e+00,6.637168141592875159e-03,2.212389380530921379e-03,0.000000000000000000e+00,0.000000000000000000e+00,0.000000000000000000e+00,0.000000000000000000e+00,0.000000000000000000e+00,0.000000000000000000e+00,0.000000000000000000e+00,9.666666666666666741e-01,0.000000000000000000e+00,6.651884700665133821e-03,6.666666666666709595e-03,2.217294900221711274e-03,9.292035398230091836e-02,0.000000000000000000e+00,0.000000000000000000e+00,0.000000000000000000e+00,0.000000000000000000e+00,0.000000000000000000e+00,2.207505518763808183e-03,0.000000000000000000e+00,2.217294900221711274e-03,0.000000000000000000e+00,1.000000000000000000e+00,0.000000000000000000e+00,0.000000000000000000e+00,8.666666666666666963e-02,2.237136465324418566e-03,0.000000000000000000e+00,0.000000000000000000e+00,0.000000000000000000e+00,6.637168141592875159e-03,9.513274336283183974e-02,2.272727272727315118e-03,2.212389380530921379e-03,0.000000000000000000e+00,2.207505518763808183e-03,1.769911504424781512e-02,4.444444444444473064e-03,6.637168141592875159e-03,0.000000000000000000e+00,0.000000000000000000e+00,2.207505518763808183e-03,2.207505518763808183e-03,4.434589800443422547e-03,4.434589800443422547e-03,0.000000000000000000e+00,0.000000000000000000e+00,0.000000000000000000e+00,6.637168141592875159e-03,4.444444444444473064e-03,4.424778761061953780e-03,2.212389380530921379e-03,4.424778761061953780e-03,0.000000000000000000e+00,4.424778761061953780e-03,6.637168141592875159e-03,6.637168141592875159e-03,0.000000000000000000e+00,0.000000000000000000e+00,0.000000000000000000e+00
6.726457399103158430e-03,2.192982456140302183e-03,2.192982456140302183e-03,2.188183807439791906e-03,2.237136465324418566e-03,0.000000000000000000e+00,2.192982456140302183e-03,4.376367614879694834e-03,2.197802197802189994e-03,1.006564551422319820e-01,2.183406113537067483e-03,0.000000000000000000e+00,2.183406113537067483e-03,0.000000000000000000e+00,2.188183807439791906e-03,4.366812227074245989e-03,0.000000000000000000e+00,6.564551422319486740e-03,2.192982456140302183e-03,1.054945054945054528e-01,6.772009029345382736e-03,2.217294900221711274e-03,0.000000000000000000e+00,2.188183807439791906e-03,0.000000000000000000e+00,0.000000000000000000e+00,4.415011037527616367e-03,2.188183807439791906e-03,2.197802197802189994e-03,4.395604395604379988e-03,0.000000000000000000e+00,2.212389380530921379e-03,0.000000000000000000e+00,0.000000000000000000e+00,0.000000000000000000e+00,0.000000000000000000e+00,0.000000000000000000e+00,0.000000000000000000e+00,2.183406113537067483e-03,0.000000000000000000e+00,2.188183807439791906e-03,4.366812227074245989e-03,2.197802197802189994e-03,0.000000000000000000e+00,6.564551422319486740e-03,0.000000000000000000e+00,0.000000000000000000e+00,2.183406113537067483e-03,0.000000000000000000e+00,2.212389380530921379e-03,0.000000000000000000e+00,2.197802197802189994e-03,4.385964912280715389e-03,2.192982456140302183e-03,0.000000000000000000e+00,0.000000000000000000e+00,2.188183807439791906e-03,0.000000000000000000e+00,0.000000000000000000e+00,2.192982456140302183e-03,4.366812227074245989e-03,0.000000000000000000e+00,0.000000000000000000e+00,0.000000000000000000e+00,0.000000000000000000e+00,1.000000000000000000e+00,8.991228070175438791e-02,0.000000000000000000e+00,2.207505518763808183e-03,1.076923076923076428e-01,0.000000000000000000e+00,6.564551422319486740e-03,4.366812227074245989e-03,0.000000000000000000e+00,6.726457399103158430e-03,2.183406113537067483e-03,2.183406113537067483e-03,8.714596949891073585e-03,2.188183807439791906e-03,4.395604395604379988e-03,2.188183807439791906e-03,2.183406113537067483e-03,0.000000000000000000e+00,2.183406113537067483e-03,2.178649237472796152e-03,2.192982456140302183e-03,6.578947368421017572e-03,2.183406113537067483e-03,0.000000000000000000e+00,2.183406113537067483e-03,0.000000000000000000e+00,4.395604395604379988e-03,4.366812227074245989e-03,2.188183807439791906e-03,2.188183807439791906e-03,0.000000000000000000e+00,4.376367614879694834e-03,4.366812227074245989e-03,6.550218340611313472e-03,0.000000000000000000e+00,0.000000000000000000e+00,0.000000000000000000e+00
2.183406113537067483e-03,0.000000000000000000e+00,0.000000000000000000e+00,0.000000000000000000e+00,4.376367614879694834e-03,2.159827213822906877e-03,6.410256410256387483e-03,0.000000000000000000e+00,0.000000000000000000e+00,8.832271762208068200e-01,0.000000000000000000e+00,2.150537634408644649e-03,2.123142250530785091e-03,2.127659574468032666e-03,0.000000000000000000e+00,0.000000000000000000e+00,2.155172413793149389e-03,4.264392324093813080e-03,1.923076923076927347e-02,8.782051282051281937e-01,4.395604395604379988e-03,0.000000000000000000e+00,0.000000000000000000e+00,0.000000000000000000e+00,2.141327623126354496e-03,0.000000000000000000e+00,2.155172413793149389e-03,0.000000000000000000e+00,0.000000000000000000e+00,4.282655246252708992e-03,0.000000000000000000e+00,2.159827213822906877e-03,8.528784648187626161e-03,2.132196162046962051e-03,2.159827213822906877e-03,0.000000000000000000e+00,0.000000000000000000e+00,2.136752136752129161e-03,0.000000000000000000e+00,0.000000000000000000e+00,0.000000000000000000e+00,0.000000000000000000e+00,0.000000000000000000e+00,0.000000000000000000e+00,2.127659574468032666e-03,2.136752136752129161e-03,4.246284501061570182e-03,0.000000000000000000e+00,0.000000000000000000e+00,0.000000000000000000e+00,0.000000000000000000e+00,0.000000000000000000e+00,4.273504273504258322e-03,0.000000000000000000e+00,0.000000000000000000e+00,2.136752136752129161e-03,0.000000000000000000e+00,0.000000000000000000e+00,2.169197396963085112e-03,1.923076923076927347e-02,6.369426751592355274e-03,0.000000000000000000e+00,4.264392324093813080e-03,0.000000000000000000e+00,0.000000000000000000e+00,8.991228070175438791e-02,1.000000000000000000e+00,2.145922746781159240e-03,2.155172413793149389e-03,8.912579957356077109e-01,2.136752136752129161e-03,2.127659574468032666e-03,6.369426751592355274e-03,0.000000000000000000e+00,0.000000000000000000e+00,2.123142250530785091e-03,2.127659574468032666e-03,0.000000000000000000e+00,2.127659574468032666e-03,4.273504273504258322e-03,0.000000000000000000e+00,6.382978723404209020e-03,0.000000000000000000e+00,4.246284501061570182e-03,2.123142250530785091e-03,2.132196162046962051e-03,0.000000000000000000e+00,2.123142250530785091e-03,0.000000000000000000e+00,0.000000000000000000e+00,4.255319148936176354e-03,4.273504273504258322e-03,0.000000000000000000e+00,0.000000000000000000e+00,2.132196162046962051e-03,0.000000000000000000e+00,6.382978723404209020e-03,4.255319148936176354e-03,6.369426751592355274e-03,2.145922746781159240e-03,2.159827213822906877e-03,2.145922746781159240e-03
0.000000000000000000e+00,4.282655246252708992e-03,4.291845493562207459e-03,2.141327623126354496e-03,0.000000000000000000e+00,2.169197396963085112e-03,4.291845493562207459e-03,0.000000000000000000e+00,6.451612903225822926e-03,0.000000000000000000e+00,2.136752136752129161e-03,0.000000000000000000e+00,6.396588486140775132e-03,6.410256410256387483e-03,6.423982869379063487e-03,2.136752136752129161e-03,0.000000000000000000e+00,0.000000000000000000e+00,2.145922746781159240e-03,2.150537634408644649e-03,0.000000000000000000e+00,2.164502164502146719e-03,0.000000000000000000e+00,2.141327623126354496e-03,6.451612903225822926e-03,0.000000000000000000e+00,4.319654427645813755e-03,2.141327623126354496e-03,0.000000000000000000e+00,4.301075268817178276e-03,2.155172413793149389e-03,6.507592190889366357e-03,0.000000000000000000e+00,8.565310492505306961e-03,2.169197396963085112e-03,0.000000000000000000e+00,0.000000000000000000e+00,0.000000000000000000e+00,2.136752136752129161e-03,0.000000000000000000e+00,2.141327623126354496e-03,2.136752136752129161e-03,0.000000000000000000e+00,0.000000000000000000e+00,0.000000000000000000e+00,2.141327623126354496e-03,0.000000000000000000e+00,8.547008547008516643e-03,0.000000000000000000e+00,9.071274298056153373e-02,2.136752136752129161e-03,4.301075268817178276e-03,0.000000000000000000e+00,4.291845493562207459e-03,9.296375266524520287e-01,0.000000000000000000e+00,6.423982869379063487e-03,2.159827213822906877e-03,0.000000000000000000e+00,2.145922746781159240e-03,2.132196162046962051e-03,4.310344827586187755e-03,6.423982869379063487e-03,0.000000000000000000e+00,8.666666666666666963e-02,0.000000000000000000e+00,2.145922746781159240e-03,1.000000000000000000e+00,0.000000000000000000e+00,2.150537634408644649e-03,2.145922746781159240e-03,2.136752136752129161e-03,2.132196162046962051e-03,9.808102345415777856e-01,0.000000000000000000e+00,0.000000000000000000e+00,2.136752136752129161e-03,0.000000000000000000e+00,0.000000000000000000e+00,4.291845493562207459e-03,2.141327623126354496e-03,2.136752136752129161e-03,0.000000000000000000e+00,4.264392324093813080e-03,8.528784648187626161e-03,2.141327623126354496e-03,0.000000000000000000e+00,4.264392324093813080e-03,0.000000000000000000e+00,0.000000000000000000e+00,6.410256410256387483e-03,4.291845493562207459e-03,0.000000000000000000e+00,2.136752136752129161e-03,0.000000000000000000e+00,2.136752136752129161e-03,0.000000000000000000e+00,4.273504273504258322e-03,2.136752136752129161e-03,0.000000000000000000e+00,0.000000000000000000e+00,0.000000000000000000e+00
8.830022075055232733e-03,2.155172413793149389e-03,2.159827213822906877e-03,2.155172413793149389e-03,0.000000000000000000e+00,2.183406113537067483e-03,0.000000000000000000e+00,4.310344827586187755e-03,4.319654427645813755e-03,0.000000000000000000e+00,4.301075268817178276e-03,2.173913043478248319e-03,2.145922746781159240e-03,4.301075268817178276e-03,0.000000000000000000e+00,4.301075268817178276e-03,0.000000000000000000e+00,0.000000000000000000e+00,2.159827213822906877e-03,2.164502164502146719e-03,6.666666666666709595e-03,2.178649237472796152e-03,0.000000000000000000e+00,4.310344827586187755e-03,0.000000000000000000e+00,0.000000000000000000e+00,2.173913043478248319e-03,2.155172413793149389e-03,2.159827213822906877e-03,2.164502164502146719e-03,2.159827213822906877e-03,2.183406113537067483e-03,6.545064377682403567e-01,2.155172413793149389e-03,2.183406113537067483e-03,0.000000000000000000e+00,0.000000000000000000e+00,0.000000000000000000e+00,4.301075268817178276e-03,0.000000000000000000e+00,2.155172413793149389e-03,4.301075268817178276e-03,0.000000000000000000e+00,0.000000000000000000e+00,8.602150537634356553e-03,0.000000000000000000e+00,6.437768240343366699e-03,0.000000000000000000e+00,0.000000000000000000e+00,0.000000000000000000e+00,2.150537634408644649e-03,2.159827213822906877e-03,2.159827213822906877e-03,2.159827213822906877e-03,2.150537634408644649e-03,0.000000000000000000e+00,0.000000000000000000e+00,0.000000000000000000e+00,0.000000000000000000e+00,2.159827213822906877e-03,2.145922746781159240e-03,2.159827213822906877e-03,2.155172413793149389e-03,8.714596949891073585e-03,2.237136465324418566e-03,2.207505518763808183e-03,2.155172413793149389e-03,0.000000000000000000e+00,1.000000000000000000e+00,2.159827213822906877e-03,4.319654427645813755e-03,0.000000000000000000e+00,0.000000000000000000e+00,0.000000000000000000e+00,4.415011037527616367e-03,4.291845493562207459e-03,2.150537634408644649e-03,6.437768240343366699e-03,2.150537634408644649e-03,6.465517241379337143e-03,4.310344827586187755e-03,0.000000000000000000e+00,4.319654427645813755e-03,2.145922746781159240e-03,0.000000000000000000e+00,2.155172413793149389e-03,6.465517241379337143e-03,2.145922746781159240e-03,0.000000000000000000e+00,4.291845493562207459e-03,0.000000000000000000e+00,6.465517241379337143e-03,4.301075268817178276e-03,1.720430107526882413e-02,0.000000000000000000e+00,4.301075268817178276e-03,0.000000000000000000e+00,0.000000000000000000e+00,0.000000000000000000e+00,0.000000000000000000e+00,0.000000000000000000e+00,0.000000000000000000e+00
2.188183807439791906e-03,0.000000000000000000e+00,2.141327623126354496e-03,0.000000000000000000e+00,4.385964912280715389e-03,0.000000000000000000e+00,4.291845493562207459e-03,0.000000000000000000e+00,2.145922746781159240e-03,9.616204690831556823e-01,0.000000000000000000e+00,2.155172413793149389e-03,0.000000000000000000e+00,2.132196162046962051e-03,2.132196162046962051e-03,0.000000000000000000e+00,2.159827213822906877e-03,4.273504273504258322e-03,1.927194860813707944e-02,9.571734475374732432e-01,2.207505518763808183e-03,0.000000000000000000e+00,0.000000000000000000e+00,0.000000000000000000e+00,0.000000000000000000e+00,0.000000000000000000e+00,4.319654427645813755e-03,0.000000000000000000e+00,0.000000000000000000e+00,4.301075268817178276e-03,2.150537634408644649e-03,2.164502164502146719e-03,4.282655246252708992e-03,6.410256410256387483e-03,0.000000000000000000e+00,0.000000000000000000e+00,0.000000000000000000e+00,2.145922746781159240e-03,4.264392324093813080e-03,0.000000000000000000e+00,0.000000000000000000e+00,0.000000000000000000e+00,2.150537634408644649e-03,0.000000000000000000e+00,2.136752136752129161e-03,0.000000000000000000e+00,2.132196162046962051e-03,2.132196162046962051e-03,0.000000000000000000e+00,0.000000000000000000e+00,0.000000000000000000e+00,0.000000000000000000e+00,4.291845493562207459e-03,2.141327623126354496e-03,0.000000000000000000e+00,2.145922746781159240e-03,2.132196162046962051e-03,0.000000000000000000e+00,2.173913043478248319e-03,1.716738197424894086e-02,4.264392324093813080e-03,0.000000000000000000e+00,4.282655246252708992e-03,0.000000000000000000e+00,0.000000000000000000e+00,1.076923076923076428e-01,8.912579957356077109e-01,2.150537634408644649e-03,2.159827213822906877e-03,1.000000000000000000e+00,2.145922746781159240e-03,4.273504273504258322e-03,4.264392324093813080e-03,0.000000000000000000e+00,0.000000000000000000e+00,0.000000000000000000e+00,2.132196162046962051e-03,0.000000000000000000e+00,0.000000000000000000e+00,2.145922746781159240e-03,0.000000000000000000e+00,0.000000000000000000e+00,0.000000000000000000e+00,0.000000000000000000e+00,0.000000000000000000e+00,2.141327623126354496e-03,0.000000000000000000e+00,2.132196162046962051e-03,2.150537634408644649e-03,0.000000000000000000e+00,2.136752136752129161e-03,2.145922746781159240e-03,0.000000000000000000e+00,2.136752136752129161e-03,2.136752136752129161e-03,0.000000000000000000e+00,4.273504273504258322e-03,6.396588486140775132e-03,4.264392324093813080e-03,2.155172413793149389e-03,2.169197396963085112e-03,2.155172413793149389e-03
2.183406113537067483e-03,1.066098081023458821e-02,6.410256410256387483e-03,8.528784648187626161e-03,6.564551422319486740e-03,0.000000000000000000e+00,4.273504273504258322e-03,4.273504273504258322e-03,8.565310492505306961e-03,2.132196162046962051e-03,4.255319148936176354e-03,0.000000000000000000e+00,1.063829787234038537e-02,6.382978723404209020e-03,0.000000000000000000e+00,4.255319148936176354e-03,0.000000000000000000e+00,1.066098081023458821e-02,4.273504273504258322e-03,0.000000000000000000e+00,0.000000000000000000e+00,4.319654427645813755e-03,0.000000000000000000e+00,8.528784648187626161e-03,4.282655246252708992e-03,0.000000000000000000e+00,0.000000000000000000e+00,8.528784648187626161e-03,0.000000000000000000e+00,2.141327623126354496e-03,0.000000000000000000e+00,6.493506493506440158e-03,8.528784648187626161e-03,2.132196162046962051e-03,0.000000000000000000e+00,0.000000000000000000e+00,0.000000000000000000e+00,0.000000000000000000e+00,6.382978723404209020e-03,0.000000000000000000e+00,8.528784648187626161e-03,4.255319148936176354e-03,2.145922746781159240e-03,0.000000000000000000e+00,0.000000000000000000e+00,0.000000000000000000e+00,9.150743099787685964e-01,0.000000000000000000e+00,0.000000000000000000e+00,0.000000000000000000e+00,4.255319148936176354e-03,4.282655246252708992e-03,0.000000000000000000e+00,6.410256410256387483e-03,2.127659574468032666e-03,0.000000000000000000e+00,2.132196162046962051e-03,4.310344827586187755e-03,0.000000000000000000e+00,6.423982869379063487e-03,0.000000000000000000e+00,0.000000000000000000e+00,2.132196162046962051e-03,8.376623376623376638e-01,0.000000000000000000e+00,0.000000000000000000e+00,2.136752136752129161e-03,2.145922746781159240e-03,4.319654427645813755e-03,2.145922746781159240e-03,1.000000000000000000e+00,1.914893617021273808e-02,0.000000000000000000e+00,0.000000000000000000e+00,6.550218340611313472e-03,6.382978723404209020e-03,1.702127659574470542e-02,2.123142250530785091e-03,2.127659574468032666e-03,4.273504273504258322e-03,8.528784648187626161e-03,1.489361702127656173e-02,4.291845493562207459e-03,1.486199575371549564e-02,0.000000000000000000e+00,0.000000000000000000e+00,4.273504273504258322e-03,1.486199575371549564e-02,0.000000000000000000e+00,4.246284501061570182e-03,4.255319148936176354e-03,8.547008547008516643e-03,6.382978723404209020e-03,4.255319148936176354e-03,2.132196162046962051e-03,8.468085106382978733e-01,6.396588486140775132e-03,2.127659574468032666e-03,2.127659574468032666e-03,0.000000000000000000e+00,0.000000000000000000e+00,0.000000000000000000e+00
4.347826086956496638e-03,4.246284501061570182e-03,4.255319148936176354e-03,6.355932203389813573e-03,0.000000000000000000e+00,0.000000000000000000e+00,2.123142250530785091e-03,2.123142250530785091e-03,4.264392324093813080e-03,4.246284501061570182e-03,0.000000000000000000e+00,2.145922746781159240e-03,2.114164904862603223e-03,4.237288135593209049e-03,6.369426751592355274e-03,2.118644067796604524e-03,2.150537634408644649e-03,8.453389830508474256e-01,0.000000000000000000e+00,4.273504273504258322e-03,6.564551422319486740e-03,4.301075268817178276e-03,0.000000000000000000e+00,2.123142250530785091e-03,2.132196162046962051e-03,2.192982456140302183e-03,4.282655246252708992e-03,4.246284501061570182e-03,2.127659574468032666e-03,2.132196162046962051e-03,0.000000000000000000e+00,4.310344827586187755e-03,0.000000000000000000e+00,0.000000000000000000e+00,2.150537634408644649e-03,0.000000000000000000e+00,0.000000000000000000e+00,0.000000000000000000e+00,0.000000000000000000e+00,0.000000000000000000e+00,4.246284501061570182e-03,0.000000000000000000e+00,0.000000000000000000e+00,0.000000000000000000e+00,2.123142250530785091e-03,0.000000000000000000e+00,2.325581395348841340e-02,4.237288135593209049e-03,0.000000000000000000e+00,2.141327623126354496e-03,0.000000000000000000e+00,6.396588486140775132e-03,0.000000000000000000e+00,6.382978723404209020e-03,0.000000000000000000e+00,0.000000000000000000e+00,6.369426751592355274e-03,2.145922746781159240e-03,0.000000000000000000e+00,0.000000000000000000e+00,0.000000000000000000e+00,0.000000000000000000e+00,2.123142250530785091e-03,1.077586206896552490e-02,0.000000000000000000e+00,6.564551422319486740e-03,2.127659574468032666e-03,2.136752136752129161e-03,0.000000000000000000e+00,4.273504273504258322e-03,1.914893617021273808e-02,1.000000000000000000e+00,2.114164904862603223e-03,0.000000000000000000e+00,0.000000000000000000e+00,2.114164904862603223e-03,0.000000000000000000e+00,4.228329809725206445e-03,0.000000000000000000e+00,8.510638297872352709e-03,4.246284501061570182e-03,2.118644067796604524e-03,2.136752136752129161e-03,2.114164904862603223e-03,6.342494714587698645e-03,0.000000000000000000e+00,2.123142250530785091e-03,2.114164904862603223e-03,0.000000000000000000e+00,2.114164904862603223e-03,2.118644067796604524e-03,8.510638297872352709e-03,0.000000000000000000e+00,1.694915254237283619e-02,0.000000000000000000e+00,2.330508474576276079e-02,0.000000000000000000e+00,0.000000000000000000e+00,2.114164904862603223e-03,0.000000000000000000e+00,0.000000000000000000e+00,0.000000000000000000e+00
1.735357917570501396e-02,2.118644067796604524e-03,2.123142250530785091e-03,4.228329809725206445e-03,8.847826086956521729e-01,2.145922746781159240e-03,6.369426751592355274e-03,6.355932203389813573e-03,2.127659574468032666e-03,4.237288135593209049e-03,6.342494714587698645e-03,0.000000000000000000e+00,0.000000000000000000e+00,6.342494714587698645e-03,0.000000000000000000e+00,4.228329809725206445e-03,0.000000000000000000e+00,0.000000000000000000e+00,0.000000000000000000e+00,4.264392324093813080e-03,2.620087336244536491e-02,2.145922746781159240e-03,0.000000000000000000e+00,2.118644067796604524e-03,6.382978723404209020e-03,0.000000000000000000e+00,0.000000000000000000e+00,4.237288135593209049e-03,0.000000000000000000e+00,8.808510638297872841e-01,2.132196162046962051e-03,4.301075268817178276e-03,4.237288135593209049e-03,0.000000000000000000e+00,2.145922746781159240e-03,0.000000000000000000e+00,0.000000000000000000e+00,0.000000000000000000e+00,8.456659619450301868e-03,0.000000000000000000e+00,2.118644067796604524e-03,4.228329809725206445e-03,2.127659574468032666e-03,0.000000000000000000e+00,2.118644067796615627e-02,2.118644067796604524e-03,0.000000000000000000e+00,4.228329809725206445e-03,0.000000000000000000e+00,4.273504273504258322e-03,8.456659619450301868e-03,4.255319148936176354e-03,8.853503184713376051e-01,2.123142250530785091e-03,0.000000000000000000e+00,0.000000000000000000e+00,0.000000000000000000e+00,6.423982869379063487e-03,0.000000000000000000e+00,0.000000000000000000e+00,6.708860759493671111e-01,2.136752136752129161e-03,0.000000000000000000e+00,2.150537634408644649e-03,6.637168141592875159e-03,4.366812227074245989e-03,6.369426751592355274e-03,2.132196162046962051e-03,0.000000000000000000e+00,4.264392324093813080e-03,0.000000000000000000e+00,2.114164904862603223e-03,1.000000000000000000e+00,0.000000000000000000e+00,0.000000000000000000e+00,2.109704641350185206e-03,0.000000000000000000e+00,2.109704641350185206e-03,4.228329809725206445e-03,4.246284501061570182e-03,2.118644067796604524e-03,0.000000000000000000e+00,1.066098081023458821e-02,0.000000000000000000e+00,0.000000000000000000e+00,3.644067796610169774e-01,0.000000000000000000e+00,0.000000000000000000e+00,0.000000000000000000e+00,0.000000000000000000e+00,6.342494714587698645e-03,4.246284501061570182e-03,6.342494714587698645e-03,2.325581395348841340e-02,3.572938689217759478e-01,0.000000000000000000e+00,8.456659619450317411e-01,8.544303797468354444e-01,8.459915611814345926e-01,0.000000000000000000e+00,0.000000000000000000e+00,0.000000000000000000e+00
0.000000000000000000e+00,6.369426751592355274e-03,4.255319148936176354e-03,2.118644067796604524e-03,4.357298474945481281e-03,2.150537634408644649e-03,0.000000000000000000e+00,0.000000000000000000e+00,6.396588486140775132e-03,0.000000000000000000e+00,2.118644067796604524e-03,2.141327623126354496e-03,6.342494714587698645e-03,6.342494714587698645e-03,6.369426751592355274e-03,4.237288135593209049e-03,0.000000000000000000e+00,2.123142250530785091e-03,2.127659574468032666e-03,0.000000000000000000e+00,0.000000000000000000e+00,2.145922746781159240e-03,0.000000000000000000e+00,4.246284501061570182e-03,6.396588486140775132e-03,0.000000000000000000e+00,2.145922746781159240e-03,4.237288135593209049e-03,0.000000000000000000e+00,2.132196162046962051e-03,0.000000000000000000e+00,4.310344827586187755e-03,0.000000000000000000e+00,1.059322033898302262e-02,0.000000000000000000e+00,0.000000000000000000e+00,0.000000000000000000e+00,0.000000000000000000e+00,2.114164904862603223e-03,0.000000000000000000e+00,4.237288135593209049e-03,0.000000000000000000e+00,2.132196162046962051e-03,0.000000000000000000e+00,2.118644067796604524e-03,0.000000000000000000e+00,2.114164904862603223e-03,6.355932203389813573e-03,0.000000000000000000e+00,8.547008547008549950e-02,2.118644067796604524e-03,4.264392324093813080e-03,0.000000000000000000e+00,4.255319148936176354e-03,9.175475687103593625e-01,0.000000000000000000e+00,6.355932203389813573e-03,4.291845493562207459e-03,0.000000000000000000e+00,2.127659574468032666e-03,0.000000000000000000e+00,0.000000000000000000e+00,1.061571125265392546e-02,2.155172413793149389e-03,9.513274336283183974e-02,0.000000000000000000e+00,0.000000000000000000e+00,9.808102345415777856e-01,0.000000000000000000e+00,0.000000000000000000e+00,0.000000000000000000e+00,0.000000000000000000e+00,0.000000000000000000e+00,1.000000000000000000e+00,0.000000000000000000e+00,0.000000000000000000e+00,2.118644067796604524e-03,2.114164904862603223e-03,0.000000000000000000e+00,0.000000000000000000e+00,2.123142250530785091e-03,4.228329809725206445e-03,2.132196162046962051e-03,2.114164904862603223e-03,6.329113924050666640e-03,0.000000000000000000e+00,4.246284501061570182e-03,2.114164904862603223e-03,0.000000000000000000e+00,4.228329809725206445e-03,2.114164904862603223e-03,0.000000000000000000e+00,0.000000000000000000e+00,0.000000000000000000e+00,2.118644067796604524e-03,0.000000000000000000e+00,0.000000000000000000e+00,0.000000000000000000e+00,0.000000000000000000e+00,0.000000000000000000e+00,0.000000000000000000e+00,0.000000000000000000e+00
2.227171492204860215e-03,6.535947712418277433e-03,1.310043668122273797e-02,1.086956521739135262e-02,0.000000000000000000e+00,2.207505518763808183e-03,2.183406113537067483e-03,0.000000000000000000e+00,1.094091903719907055e-02,0.000000000000000000e+00,6.521739130434744958e-03,0.000000000000000000e+00,5.856832971800429721e-02,2.169197396963085112e-03,2.178649237472796152e-03,2.173913043478248319e-03,0.000000000000000000e+00,4.357298474945481281e-03,4.366812227074245989e-03,0.000000000000000000e+00,2.237136465324418566e-03,1.384615384615384137e-01,0.000000000000000000e+00,8.714596949891073585e-03,4.376367614879694834e-03,0.000000000000000000e+00,0.000000000000000000e+00,1.307189542483655487e-02,0.000000000000000000e+00,0.000000000000000000e+00,2.192982456140302183e-03,8.849557522123907560e-03,2.178649237472796152e-03,0.000000000000000000e+00,2.207505518763808183e-03,0.000000000000000000e+00,0.000000000000000000e+00,0.000000000000000000e+00,8.695652173912993277e-03,0.000000000000000000e+00,6.535947712418277433e-03,8.091106290672451795e-01,2.188183807439791906e-03,0.000000000000000000e+00,2.178649237472796152e-03,0.000000000000000000e+00,4.338394793926281245e-03,0.000000000000000000e+00,0.000000000000000000e+00,2.192982456140302183e-03,1.086956521739135262e-02,8.752735229759278646e-03,2.183406113537067483e-03,8.733624454148491978e-03,0.000000000000000000e+00,0.000000000000000000e+00,0.000000000000000000e+00,2.202643171806184519e-03,0.000000000000000000e+00,0.000000000000000000e+00,0.000000000000000000e+00,4.395604395604379988e-03,0.000000000000000000e+00,4.424778761061953780e-03,2.272727272727315118e-03,6.726457399103158430e-03,0.000000000000000000e+00,0.000000000000000000e+00,4.415011037527616367e-03,0.000000000000000000e+00,6.550218340611313472e-03,0.000000000000000000e+00,0.000000000000000000e+00,0.000000000000000000e+00,1.000000000000000000e+00,9.783080260303688158e-01,6.086956521739128601e-02,4.338394793926281245e-03,2.173913043478248319e-03,1.091703056768555946e-02,6.535947712418277433e-03,8.260869565217388022e-02,0.000000000000000000e+00,7.375271149674622606e-02,2.169197396963085112e-03,0.000000000000000000e+00,2.592592592592593004e-01,5.856832971800429721e-02,0.000000000000000000e+00,2.169197396963085112e-03,0.000000000000000000e+00,8.733624454148491978e-03,9.045553145336225898e-01,2.173913043478248319e-03,0.000000000000000000e+00,6.521739130434744958e-03,0.000000000000000000e+00,0.000000000000000000e+00,0.000000000000000000e+00,0.000000000000000000e+00,0.000000000000000000e+00,0.000000000000000000e+00
2.169197396963085112e-03,1.059322033898302262e-02,6.369426751592355274e-03,8.456659619450301868e-03,0.000000000000000000e+00,0.000000000000000000e+00,2.123142250530785091e-03,2.118644067796604524e-03,6.382978723404209020e-03,0.000000000000000000e+00,8.456659619450301868e-03,0.000000000000000000e+00,6.329113924050633333e-02,4.228329809725206445e-03,0.000000000000000000e+00,0.000000000000000000e+00,0.000000000000000000e+00,0.000000000000000000e+00,2.123142250530785091e-03,0.000000000000000000e+00,2.188183807439791906e-03,1.520342612419700590e-01,0.000000000000000000e+00,6.355932203389813573e-03,6.382978723404209020e-03,0.000000000000000000e+00,2.141327623126354496e-03,6.355932203389813573e-03,0.000000000000000000e+00,0.000000000000000000e+00,2.132196162046962051e-03,1.075268817204300120e-02,2.118644067796604524e-03,0.000000000000000000e+00,0.000000000000000000e+00,2.127659574468032666e-03,0.000000000000000000e+00,0.000000000000000000e+00,6.342494714587698645e-03,0.000000000000000000e+00,8.474576271186418097e-03,8.227848101265822223e-01,0.000000000000000000e+00,0.000000000000000000e+00,4.237288135593209049e-03,0.000000000000000000e+00,4.219409282700370412e-03,2.114164904862603223e-03,0.000000000000000000e+00,2.136752136752129161e-03,6.342494714587698645e-03,1.063829787234038537e-02,0.000000000000000000e+00,1.061571125265392546e-02,0.000000000000000000e+00,0.000000000000000000e+00,0.000000000000000000e+00,4.282655246252708992e-03,0.000000000000000000e+00,0.000000000000000000e+00,2.109704641350185206e-03,2.136752136752129161e-03,0.000000000000000000e+00,6.451612903225822926e-03,2.212389380530921379e-03,2.183406113537067483e-03,2.123142250530785091e-03,0.000000000000000000e+00,4.291845493562207459e-03,0.000000000000000000e+00,6.382978723404209020e-03,2.114164904862603223e-03,2.109704641350185206e-03,0.000000000000000000e+00,9.783080260303688158e-01,1.000000000000000000e+00,6.553911205073992274e-02,4.219409282700370412e-03,0.000000000000000000e+00,1.061571125265392546e-02,6.355932203389813573e-03,8.033826638477803428e-02,0.000000000000000000e+00,7.805907172995785182e-02,0.000000000000000000e+00,0.000000000000000000e+00,2.563559322033898136e-01,6.751054852320670374e-02,0.000000000000000000e+00,0.000000000000000000e+00,0.000000000000000000e+00,8.492569002123140365e-03,9.050632911392404445e-01,2.114164904862603223e-03,0.000000000000000000e+00,6.342494714587698645e-03,4.237288135593209049e-03,2.114164904862603223e-03,2.109704641350185206e-03,0.000000000000000000e+00,0.000000000000000000e+00,0.000000000000000000e+00
4.347826086956496638e-03,1.486199575371549564e-02,1.698513800424628073e-02,1.483050847457623167e-02,0.000000000000000000e+00,0.000000000000000000e+00,2.127659574468032666e-03,2.123142250530785091e-03,1.702127659574470542e-02,4.237288135593209049e-03,1.271186440677962715e-02,0.000000000000000000e+00,9.746835443037974445e-01,0.000000000000000000e+00,0.000000000000000000e+00,6.342494714587698645e-03,0.000000000000000000e+00,2.118644067796604524e-03,4.255319148936176354e-03,0.000000000000000000e+00,6.564551422319486740e-03,1.244635193133046824e-01,0.000000000000000000e+00,1.483050847457623167e-02,2.127659574468032666e-03,0.000000000000000000e+00,4.291845493562207459e-03,1.271186440677962715e-02,0.000000000000000000e+00,0.000000000000000000e+00,2.136752136752129161e-03,1.508620689655171265e-02,2.123142250530785091e-03,2.118644067796604524e-03,0.000000000000000000e+00,0.000000000000000000e+00,0.000000000000000000e+00,0.000000000000000000e+00,1.057082452431290509e-02,0.000000000000000000e+00,1.059322033898302262e-02,6.765327695560252597e-02,0.000000000000000000e+00,0.000000000000000000e+00,8.474576271186418097e-03,2.123142250530785091e-03,6.342494714587698645e-03,0.000000000000000000e+00,0.000000000000000000e+00,0.000000000000000000e+00,1.268498942917550831e-02,8.528784648187626161e-03,0.000000000000000000e+00,1.702127659574470542e-02,1.057082452431290509e-02,0.000000000000000000e+00,0.000000000000000000e+00,4.282655246252708992e-03,0.000000000000000000e+00,2.127659574468032666e-03,4.228329809725206445e-03,0.000000000000000000e+00,0.000000000000000000e+00,6.465517241379337143e-03,0.000000000000000000e+00,2.183406113537067483e-03,2.127659574468032666e-03,2.136752136752129161e-03,2.150537634408644649e-03,2.132196162046962051e-03,1.702127659574470542e-02,0.000000000000000000e+00,0.000000000000000000e+00,2.118644067796604524e-03,6.086956521739128601e-02,6.553911205073992274e-02,1.000000000000000000e+00,4.219409282700370412e-03,4.237288135593209049e-03,1.276595744680852906e-02,1.271186440677962715e-02,6.997885835095136731e-01,2.132196162046962051e-03,7.679324894514767408e-01,0.000000000000000000e+00,0.000000000000000000e+00,7.218683651804669310e-02,9.789029535864979259e-01,6.396588486140775132e-03,4.219409282700370412e-03,2.114164904862603223e-03,1.063829787234038537e-02,8.245243128964063750e-02,4.237288135593209049e-03,0.000000000000000000e+00,8.474576271186418097e-03,0.000000000000000000e+00,0.000000000000000000e+00,0.000000000000000000e+00,0.000000000000000000e+00,0.000000000000000000e+00,0.000000000000000000e+00
1.084598698481564760e-02,4.237288135593209049e-03,4.246284501061570182e-03,4.228329809725206445e-03,0.000000000000000000e+00,0.000000000000000000e+00,6.369426751592355274e-03,2.033898305084745894e-01,4.255319148936176354e-03,0.000000000000000000e+00,1.902748414376320696e-02,2.136752136752129161e-03,2.109704641350185206e-03,2.109704641350185206e-03,4.228329809725206445e-03,2.067510548523207037e-01,0.000000000000000000e+00,2.114164904862603223e-03,0.000000000000000000e+00,0.000000000000000000e+00,1.091703056768555946e-02,1.070663811563166146e-02,0.000000000000000000e+00,4.237288135593209049e-03,4.255319148936176354e-03,0.000000000000000000e+00,4.282655246252708992e-03,4.228329809725206445e-03,2.123142250530785091e-03,4.255319148936176354e-03,0.000000000000000000e+00,6.451612903225822926e-03,1.059322033898302262e-02,4.228329809725206445e-03,0.000000000000000000e+00,0.000000000000000000e+00,0.000000000000000000e+00,0.000000000000000000e+00,2.109704641350207410e-02,0.000000000000000000e+00,6.342494714587698645e-03,6.329113924050666640e-03,4.255319148936176354e-03,2.145922746781159240e-03,1.268498942917550831e-02,4.237288135593209049e-03,2.109704641350185206e-03,2.114164904862603223e-03,0.000000000000000000e+00,0.000000000000000000e+00,2.742616033755274074e-02,4.255319148936176354e-03,4.246284501061570182e-03,4.246284501061570182e-03,0.000000000000000000e+00,0.000000000000000000e+00,2.114164904862603223e-03,4.282655246252708992e-03,0.000000000000000000e+00,0.000000000000000000e+00,4.219409282700370412e-03,0.000000000000000000e+00,6.342494714587698645e-03,6.451612903225822926e-03,2.207505518763808183e-03,8.714596949891073585e-03,0.000000000000000000e+00,0.000000000000000000e+00,6.437768240343366699e-03,0.000000000000000000e+00,2.123142250530785091e-03,4.228329809725206445e-03,2.109704641350185206e-03,2.114164904862603223e-03,4.338394793926281245e-03,4.219409282700370412e-03,4.219409282700370412e-03,1.000000000000000000e+00,4.228329809725206445e-03,0.000000000000000000e+00,4.237288135593209049e-03,2.109704641350185206e-03,2.127659574468032666e-03,4.219409282700370412e-03,2.105263157894721182e-03,0.000000000000000000e+00,4.237288135593209049e-03,8.421052631578995751e-03,6.382978723404209020e-03,2.105263157894736725e-01,4.219409282700370412e-03,0.000000000000000000e+00,4.219409282700370412e-03,3.594080338266381069e-02,0.000000000000000000e+00,4.228329809725206445e-03,4.228329809725206445e-03,2.109704641350185206e-03,2.109704641350185206e-03,4.264392324093813080e-03,2.145922746781159240e-03,2.132196162046962051e-03
2.173913043478248319e-03,4.246284501061570182e-03,2.127659574468032666e-03,4.237288135593209049e-03,2.178649237472796152e-03,2.150537634408644649e-03,2.127659574468032666e-03,2.123142250530785091e-03,4.264392324093813080e-03,0.000000000000000000e+00,4.237288135593209049e-03,0.000000000000000000e+00,2.114164904862603223e-03,0.000000000000000000e+00,6.369426751592355274e-03,4.237288135593209049e-03,0.000000000000000000e+00,0.000000000000000000e+00,8.510638297872352709e-03,2.132196162046962051e-03,4.376367614879694834e-03,2.150537634408644649e-03,0.000000000000000000e+00,4.246284501061570182e-03,0.000000000000000000e+00,0.000000000000000000e+00,2.145922746781159240e-03,4.237288135593209049e-03,2.127659574468032666e-03,4.264392324093813080e-03,2.136752136752129161e-03,2.155172413793149389e-03,0.000000000000000000e+00,4.237288135593209049e-03,0.000000000000000000e+00,0.000000000000000000e+00,0.000000000000000000e+00,0.000000000000000000e+00,4.228329809725206445e-03,0.000000000000000000e+00,0.000000000000000000e+00,2.118644067796604524e-03,0.000000000000000000e+00,0.000000000000000000e+00,2.123142250530785091e-03,2.123142250530785091e-03,2.114164904862603223e-03,6.355932203389813573e-03,0.000000000000000000e+00,1.713062098501072494e-02,2.118644067796604524e-03,0.000000000000000000e+00,4.255319148936176354e-03,4.255319148936176354e-03,0.000000000000000000e+00,0.000000000000000000e+00,6.369426751592355274e-03,0.000000000000000000e+00,0.000000000000000000e+00,1.066098081023458821e-02,2.114164904862603223e-03,2.141327623126354496e-03,0.000000000000000000e+00,2.155172413793149389e-03,1.769911504424781512e-02,2.188183807439791906e-03,2.127659574468032666e-03,0.000000000000000000e+00,2.150537634408644649e-03,0.000000000000000000e+00,2.127659574468032666e-03,0.000000000000000000e+00,4.228329809725206445e-03,0.000000000000000000e+00,2.173913043478248319e-03,0.000000000000000000e+00,4.237288135593209049e-03,4.228329809725206445e-03,1.000000000000000000e+00,0.000000000000000000e+00,2.123142250530785091e-03,2.118644067796604524e-03,0.000000000000000000e+00,2.114164904862603223e-03,2.114164904862603223e-03,0.000000000000000000e+00,2.123142250530785091e-03,2.114164904862603223e-03,0.000000000000000000e+00,4.228329809725206445e-03,0.000000000000000000e+00,0.000000000000000000e+00,2.118644067796604524e-03,2.118644067796604524e-03,2.118644067796604524e-03,2.118644067796604524e-03,0.000000000000000000e+00,2.118644067796604524e-03,4.228329809725206445e-03,0.000000000000000000e+00,0.000000000000000000e+00,0.000000000000000000e+00
2.183406113537067483e-03,2.132196162046962051e-03,2.136752136752129161e-03,2.127659574468032666e-03,2.188183807439791906e-03,6.479481641468720632e-03,2.136752136752129161e-03,0.000000000000000000e+00,4.282655246252708992e-03,2.132196162046962051e-03,2.127659574468032666e-03,0.000000000000000000e+00,1.273885350318471055e-02,0.000000000000000000e+00,0.000000000000000000e+00,0.000000000000000000e+00,0.000000000000000000e+00,2.132196162046962051e-03,0.000000000000000000e+00,2.145922746781159240e-03,4.395604395604379988e-03,1.079913606911442336e-02,0.000000000000000000e+00,2.132196162046962051e-03,2.141327623126354496e-03,0.000000000000000000e+00,4.310344827586187755e-03,2.132196162046962051e-03,0.000000000000000000e+00,2.141327623126354496e-03,4.273504273504258322e-03,6.493506493506440158e-03,4.246284501061570182e-03,2.132196162046962051e-03,6.479481641468720632e-03,0.000000000000000000e+00,0.000000000000000000e+00,0.000000000000000000e+00,4.255319148936176354e-03,0.000000000000000000e+00,4.264392324093813080e-03,8.510638297872352709e-03,2.132196162046962051e-03,0.000000000000000000e+00,4.264392324093813080e-03,2.123142250530785091e-03,2.123142250530785091e-03,0.000000000000000000e+00,0.000000000000000000e+00,2.150537634408644649e-03,4.255319148936176354e-03,6.423982869379063487e-03,4.273504273504258322e-03,2.136752136752129161e-03,2.127659574468032666e-03,0.000000000000000000e+00,0.000000000000000000e+00,2.155172413793149389e-03,0.000000000000000000e+00,0.000000000000000000e+00,6.369426751592355274e-03,2.141327623126354496e-03,2.132196162046962051e-03,1.082251082251084462e-02,4.444444444444473064e-03,4.395604395604379988e-03,4.273504273504258322e-03,4.291845493562207459e-03,6.465517241379337143e-03,2.145922746781159240e-03,4.273504273504258322e-03,8.510638297872352709e-03,4.246284501061570182e-03,0.000000000000000000e+00,1.091703056768555946e-02,1.061571125265392546e-02,1.276595744680852906e-02,0.000000000000000000e+00,0.000000000000000000e+00,1.000000000000000000e+00,2.132196162046962051e-03,8.510638297872352709e-03,0.000000000000000000e+00,1.061571125265392546e-02,0.000000000000000000e+00,4.264392324093813080e-03,6.396588486140775132e-03,1.486199575371549564e-02,0.000000000000000000e+00,0.000000000000000000e+00,2.127659574468032666e-03,9.171974522292993814e-01,8.510638297872352709e-03,2.127659574468032666e-03,4.255319148936176354e-03,6.382978723404209020e-03,2.132196162046962051e-03,2.127659574468032666e-03,4.246284501061570182e-03,0.000000000000000000e+00,0.000000000000000000e+00,0.000000000000000000e+00
2.178649237472796152e-03,8.326271186440677985e-01,9.787685774946921491e-01,8.160676532769556291e-01,2.183406113537067483e-03,4.310344827586187755e-03,0.000000000000000000e+00,6.382978723404209020e-03,8.042553191489361097e-01,0.000000000000000000e+00,4.246284501061570182e-03,0.000000000000000000e+00,1.059322033898302262e-02,0.000000000000000000e+00,0.000000000000000000e+00,6.369426751592355274e-03,0.000000000000000000e+00,4.255319148936176354e-03,2.132196162046962051e-03,0.000000000000000000e+00,6.578947368421017572e-03,1.075268817204300120e-02,0.000000000000000000e+00,8.305084745762711940e-01,0.000000000000000000e+00,0.000000000000000000e+00,1.075268817204300120e-02,9.788135593220339548e-01,0.000000000000000000e+00,2.136752136752129161e-03,4.282655246252708992e-03,8.086021505376344010e-01,2.127659574468032666e-03,4.246284501061570182e-03,2.155172413793149389e-03,0.000000000000000000e+00,0.000000000000000000e+00,0.000000000000000000e+00,8.474576271186418097e-03,0.000000000000000000e+00,9.173728813559322015e-01,1.059322033898302262e-02,4.273504273504258322e-03,0.000000000000000000e+00,4.246284501061570182e-03,2.127659574468032666e-03,1.059322033898302262e-02,0.000000000000000000e+00,0.000000000000000000e+00,2.141327623126354496e-03,6.369426751592355274e-03,9.680851063829787329e-01,0.000000000000000000e+00,8.131634819532909120e-01,4.237288135593209049e-03,0.000000000000000000e+00,0.000000000000000000e+00,2.145922746781159240e-03,0.000000000000000000e+00,4.264392324093813080e-03,2.118644067796604524e-03,2.145922746781159240e-03,4.246284501061570182e-03,4.319654427645813755e-03,6.637168141592875159e-03,2.188183807439791906e-03,0.000000000000000000e+00,2.141327623126354496e-03,4.310344827586187755e-03,0.000000000000000000e+00,8.528784648187626161e-03,4.246284501061570182e-03,2.118644067796604524e-03,2.123142250530785091e-03,6.535947712418277433e-03,6.355932203389813573e-03,1.271186440677962715e-02,4.237288135593209049e-03,2.123142250530785091e-03,2.132196162046962051e-03,1.000000000000000000e+00,6.355932203389813573e-03,4.273504273504258322e-03,8.474576271186418097e-03,0.000000000000000000e+00,2.127659574468032666e-03,1.702127659574470542e-02,1.059322033898302262e-02,0.000000000000000000e+00,8.456659619450301868e-03,2.118644067796604524e-03,2.132196162046962051e-03,8.474576271186418097e-03,8.492569002123140365e-03,0.000000000000000000e+00,1.061571125265392546e-02,2.123142250530785091e-03,2.118644067796604524e-03,2.118644067796604524e-03,0.000000000000000000e+00,0.000000000000000000e+00,0.000000000000000000e+00
4.347826086956496638e-03,6.369426751592355274e-03,8.492569002123140365e-03,8.474576271186418097e-03,0.000000000000000000e+00,0.000000000000000000e+00,4.255319148936176354e-03,4.246284501061570182e-03,1.276595744680852906e-02,2.118644067796604524e-03,1.271186440677962715e-02,0.000000000000000000e+00,6.919831223628691852e-01,0.000000000000000000e+00,0.000000000000000000e+00,4.228329809725206445e-03,0.000000000000000000e+00,2.118644067796604524e-03,0.000000000000000000e+00,0.000000000000000000e+00,6.564551422319486740e-03,1.137339055793991083e-01,0.000000000000000000e+00,1.059322033898302262e-02,2.127659574468032666e-03,0.000000000000000000e+00,2.145922746781159240e-03,6.355932203389813573e-03,0.000000000000000000e+00,0.000000000000000000e+00,0.000000000000000000e+00,1.508620689655171265e-02,2.123142250530785091e-03,0.000000000000000000e+00,0.000000000000000000e+00,0.000000000000000000e+00,0.000000000000000000e+00,0.000000000000000000e+00,8.456659619450301868e-03,0.000000000000000000e+00,8.474576271186418097e-03,6.765327695560252597e-02,0.000000000000000000e+00,0.000000000000000000e+00,4.237288135593209049e-03,0.000000000000000000e+00,8.456659619450301868e-03,0.000000000000000000e+00,0.000000000000000000e+00,4.282655246252708992e-03,1.268498942917550831e-02,8.528784648187626161e-03,0.000000000000000000e+00,8.510638297872352709e-03,6.342494714587698645e-03,2.123142250530785091e-03,0.000000000000000000e+00,4.282655246252708992e-03,0.000000000000000000e+00,0.000000000000000000e+00,2.114164904862603223e-03,0.000000000000000000e+00,0.000000000000000000e+00,1.077586206896552490e-02,0.000000000000000000e+00,2.183406113537067483e-03,6.382978723404209020e-03,2.136752136752129161e-03,0.000000000000000000e+00,0.000000000000000000e+00,1.489361702127656173e-02,2.118644067796604524e-03,0.000000000000000000e+00,4.228329809725206445e-03,8.260869565217388022e-02,8.033826638477803428e-02,6.997885835095136731e-01,2.109704641350185206e-03,2.118644067796604524e-03,8.510638297872352709e-03,6.355932203389813573e-03,1.000000000000000000e+00,0.000000000000000000e+00,8.016877637130801482e-01,0.000000000000000000e+00,2.118644067796604524e-03,7.643312101910826328e-02,7.067510548523205927e-01,4.264392324093813080e-03,4.219409282700370412e-03,0.000000000000000000e+00,1.063829787234038537e-02,8.033826638477803428e-02,1.057082452431290509e-02,0.000000000000000000e+00,1.271186440677962715e-02,0.000000000000000000e+00,0.000000000000000000e+00,0.000000000000000000e+00,0.000000000000000000e+00,0.000000000000000000e+00,0.000000000000000000e+00
8.733624454148491978e-03,2.141327623126354496e-03,2.145922746781159240e-03,2.136752136752129161e-03,2.188183807439791906e-03,2.169197396963085112e-03,2.141327623126354496e-03,0.000000000000000000e+00,2.150537634408644649e-03,0.000000000000000000e+00,2.136752136752129161e-03,0.000000000000000000e+00,0.000000000000000000e+00,6.396588486140775132e-03,2.136752136752129161e-03,4.264392324093813080e-03,0.000000000000000000e+00,2.136752136752129161e-03,4.291845493562207459e-03,0.000000000000000000e+00,6.607929515418553557e-03,0.000000000000000000e+00,0.000000000000000000e+00,4.273504273504258322e-03,6.437768240343366699e-03,0.000000000000000000e+00,6.479481641468720632e-03,2.136752136752129161e-03,4.291845493562207459e-03,8.565310492505306961e-03,2.145922746781159240e-03,2.173913043478248319e-03,0.000000000000000000e+00,0.000000000000000000e+00,2.169197396963085112e-03,0.000000000000000000e+00,0.000000000000000000e+00,0.000000000000000000e+00,4.264392324093813080e-03,0.000000000000000000e+00,2.136752136752129161e-03,2.132196162046962051e-03,0.000000000000000000e+00,0.000000000000000000e+00,6.410256410256387483e-03,0.000000000000000000e+00,2.132196162046962051e-03,2.136752136752129161e-03,0.000000000000000000e+00,0.000000000000000000e+00,4.264392324093813080e-03,2.150537634408644649e-03,4.291845493562207459e-03,2.145922746781159240e-03,2.132196162046962051e-03,0.000000000000000000e+00,2.136752136752129161e-03,4.319654427645813755e-03,2.173913043478248319e-03,2.145922746781159240e-03,6.396588486140775132e-03,0.000000000000000000e+00,0.000000000000000000e+00,0.000000000000000000e+00,0.000000000000000000e+00,0.000000000000000000e+00,0.000000000000000000e+00,0.000000000000000000e+00,4.319654427645813755e-03,0.000000000000000000e+00,4.291845493562207459e-03,2.136752136752129161e-03,1.066098081023458821e-02,2.132196162046962051e-03,0.000000000000000000e+00,0.000000000000000000e+00,2.132196162046962051e-03,2.127659574468032666e-03,0.000000000000000000e+00,0.000000000000000000e+00,4.273504273504258322e-03,0.000000000000000000e+00,1.000000000000000000e+00,0.000000000000000000e+00,4.255319148936176354e-03,4.282655246252708992e-03,0.000000000000000000e+00,2.127659574468032666e-03,0.000000000000000000e+00,2.127659574468032666e-03,0.000000000000000000e+00,0.000000000000000000e+00,2.132196162046962051e-03,8.547008547008516643e-03,4.273504273504258322e-03,2.136752136752129161e-03,4.273504273504258322e-03,4.264392324093813080e-03,8.528784648187626161e-03,0.000000000000000000e+00,0.000000000000000000e+00,0.000000000000000000e+00
8.676789587852451469e-03,1.483050847457623167e-02,1.273885350318471055e-02,1.479915433403800051e-02,0.000000000000000000e+00,0.000000000000000000e+00,2.123142250530785091e-03,4.237288135593209049e-03,1.489361702127656173e-02,0.000000000000000000e+00,1.057082452431290509e-02,0.000000000000000000e+00,7.679324894514767408e-01,2.109704641350185206e-03,0.000000000000000000e+00,2.114164904862603223e-03,0.000000000000000000e+00,0.000000000000000000e+00,2.123142250530785091e-03,0.000000000000000000e+00,4.366812227074245989e-03,1.241970021413276726e-01,0.000000000000000000e+00,1.271186440677962715e-02,2.127659574468032666e-03,0.000000000000000000e+00,2.141327623126354496e-03,1.479915433403800051e-02,0.000000000000000000e+00,0.000000000000000000e+00,0.000000000000000000e+00,1.505376344086017948e-02,4.237288135593209049e-03,2.114164904862603223e-03,0.000000000000000000e+00,0.000000000000000000e+00,0.000000000000000000e+00,0.000000000000000000e+00,8.438818565400851845e-03,0.000000000000000000e+00,1.059322033898302262e-02,7.805907172995785182e-02,0.000000000000000000e+00,0.000000000000000000e+00,8.474576271186418097e-03,0.000000000000000000e+00,1.476793248945151849e-02,0.000000000000000000e+00,0.000000000000000000e+00,0.000000000000000000e+00,8.456659619450301868e-03,1.276595744680852906e-02,0.000000000000000000e+00,1.486199575371549564e-02,6.342494714587698645e-03,0.000000000000000000e+00,2.114164904862603223e-03,2.141327623126354496e-03,0.000000000000000000e+00,2.127659574468032666e-03,4.219409282700370412e-03,0.000000000000000000e+00,2.118644067796604524e-03,1.075268817204300120e-02,2.207505518763808183e-03,2.183406113537067483e-03,4.246284501061570182e-03,4.264392324093813080e-03,2.145922746781159240e-03,0.000000000000000000e+00,1.486199575371549564e-02,2.114164904862603223e-03,0.000000000000000000e+00,2.114164904862603223e-03,7.375271149674622606e-02,7.805907172995785182e-02,7.679324894514767408e-01,4.219409282700370412e-03,2.114164904862603223e-03,1.061571125265392546e-02,8.474576271186418097e-03,8.016877637130801482e-01,0.000000000000000000e+00,1.000000000000000000e+00,2.105263157894721182e-03,2.118644067796604524e-03,8.686440677966100754e-02,7.747368421052631682e-01,4.255319148936176354e-03,2.109704641350185206e-03,4.219409282700370412e-03,1.061571125265392546e-02,1.035940803382663367e-01,4.228329809725206445e-03,0.000000000000000000e+00,1.057082452431290509e-02,2.114164904862603223e-03,0.000000000000000000e+00,0.000000000000000000e+00,0.000000000000000000e+00,0.000000000000000000e+00,0.000000000000000000e+00
1.518438177874181783e-02,2.118644067796604524e-03,2.118644067796604524e-03,0.000000000000000000e+00,0.000000000000000000e+00,2.145922746781159240e-03,0.000000000000000000e+00,1.271186440677962715e-02,2.123142250530785091e-03,0.000000000000000000e+00,0.000000000000000000e+00,0.000000000000000000e+00,0.000000000000000000e+00,4.219409282700370412e-03,9.577167019027483796e-01,1.265822784810122226e-02,0.000000000000000000e+00,6.342494714587698645e-03,2.123142250530785091e-03,0.000000000000000000e+00,1.310043668122273797e-02,0.000000000000000000e+00,0.000000000000000000e+00,0.000000000000000000e+00,4.246284501061570182e-03,0.000000000000000000e+00,2.141327623126354496e-03,0.000000000000000000e+00,0.000000000000000000e+00,0.000000000000000000e+00,0.000000000000000000e+00,2.150537634408644649e-03,0.000000000000000000e+00,4.228329809725206445e-03,0.000000000000000000e+00,0.000000000000000000e+00,0.000000000000000000e+00,0.000000000000000000e+00,0.000000000000000000e+00,0.000000000000000000e+00,2.114164904862603223e-03,0.000000000000000000e+00,2.127659574468032666e-03,0.000000000000000000e+00,1.479915433403800051e-02,2.118644067796604524e-03,2.109704641350185206e-03,9.578059071729957408e-01,0.000000000000000000e+00,0.000000000000000000e+00,0.000000000000000000e+00,2.127659574468032666e-03,0.000000000000000000e+00,0.000000000000000000e+00,4.219409282700370412e-03,2.118644067796604524e-03,9.577167019027483796e-01,2.136752136752129161e-03,0.000000000000000000e+00,0.000000000000000000e+00,2.109704641350185206e-03,0.000000000000000000e+00,2.114164904862603223e-03,0.000000000000000000e+00,2.207505518763808183e-03,2.178649237472796152e-03,2.123142250530785091e-03,8.528784648187626161e-03,0.000000000000000000e+00,0.000000000000000000e+00,0.000000000000000000e+00,6.342494714587698645e-03,0.000000000000000000e+00,6.329113924050666640e-03,2.169197396963085112e-03,0.000000000000000000e+00,0.000000000000000000e+00,2.105263157894721182e-03,2.114164904862603223e-03,0.000000000000000000e+00,0.000000000000000000e+00,0.000000000000000000e+00,4.255319148936176354e-03,2.105263157894721182e-03,1.000000000000000000e+00,2.114164904862603223e-03,2.118644067796604524e-03,0.000000000000000000e+00,4.255319148936176354e-03,1.263157894736843812e-02,2.109704641350185206e-03,0.000000000000000000e+00,0.000000000000000000e+00,2.114164904862603223e-03,0.000000000000000000e+00,0.000000000000000000e+00,0.000000000000000000e+00,0.000000000000000000e+00,0.000000000000000000e+00,2.127659574468032666e-03,4.282655246252708992e-03,2.132196162046962051e-03
2.178649237472796152e-03,0.000000000000000000e+00,2.132196162046962051e-03,0.000000000000000000e+00,3.973799126637554968e-01,0.000000000000000000e+00,2.132196162046962051e-03,0.000000000000000000e+00,2.136752136752129161e-03,2.127659574468032666e-03,6.369426751592355274e-03,0.000000000000000000e+00,0.000000000000000000e+00,6.355932203389813573e-03,0.000000000000000000e+00,2.123142250530785091e-03,0.000000000000000000e+00,0.000000000000000000e+00,0.000000000000000000e+00,2.136752136752129161e-03,6.578947368421017572e-03,0.000000000000000000e+00,0.000000000000000000e+00,2.127659574468032666e-03,8.547008547008516643e-03,0.000000000000000000e+00,2.150537634408644649e-03,4.246284501061570182e-03,2.132196162046962051e-03,3.867521367521367104e-01,2.141327623126354496e-03,0.000000000000000000e+00,0.000000000000000000e+00,4.246284501061570182e-03,0.000000000000000000e+00,0.000000000000000000e+00,0.000000000000000000e+00,0.000000000000000000e+00,8.474576271186418097e-03,0.000000000000000000e+00,2.127659574468032666e-03,6.355932203389813573e-03,2.136752136752129161e-03,0.000000000000000000e+00,8.492569002123140365e-03,2.127659574468032666e-03,2.118644067796604524e-03,0.000000000000000000e+00,0.000000000000000000e+00,8.583690987124414917e-03,6.369426751592355274e-03,0.000000000000000000e+00,3.880597014925373234e-01,2.132196162046962051e-03,0.000000000000000000e+00,0.000000000000000000e+00,2.123142250530785091e-03,8.602150537634356553e-03,0.000000000000000000e+00,0.000000000000000000e+00,3.686440677966101864e-01,2.145922746781159240e-03,4.255319148936176354e-03,0.000000000000000000e+00,4.434589800443422547e-03,2.192982456140302183e-03,2.132196162046962051e-03,2.141327623126354496e-03,2.155172413793149389e-03,2.141327623126354496e-03,0.000000000000000000e+00,0.000000000000000000e+00,3.644067796610169774e-01,0.000000000000000000e+00,0.000000000000000000e+00,0.000000000000000000e+00,0.000000000000000000e+00,0.000000000000000000e+00,0.000000000000000000e+00,4.264392324093813080e-03,2.127659574468032666e-03,2.118644067796604524e-03,4.282655246252708992e-03,2.118644067796604524e-03,2.114164904862603223e-03,1.000000000000000000e+00,0.000000000000000000e+00,2.118644067796604524e-03,2.136752136752129161e-03,2.118644067796604524e-03,2.123142250530785091e-03,6.396588486140775132e-03,8.492569002123140365e-03,2.123142250530785091e-03,9.894291754756870949e-01,2.123142250530785091e-03,3.715498938428875020e-01,3.728813559322033955e-01,3.792372881355932090e-01,0.000000000000000000e+00,0.000000000000000000e+00,0.000000000000000000e+00
2.178649237472796152e-03,2.127659574468088177e-02,1.918976545842221437e-02,1.910828025477706582e-02,0.000000000000000000e+00,0.000000000000000000e+00,0.000000000000000000e+00,0.000000000000000000e+00,1.923076923076927347e-02,0.000000000000000000e+00,2.123142250530785091e-03,0.000000000000000000e+00,8.262711864406779849e-02,2.118644067796604524e-03,0.000000000000000000e+00,2.123142250530785091e-03,0.000000000000000000e+00,0.000000000000000000e+00,0.000000000000000000e+00,0.000000000000000000e+00,2.192982456140302183e-03,1.376344086021505930e-01,0.000000000000000000e+00,1.702127659574470542e-02,2.136752136752129161e-03,0.000000000000000000e+00,0.000000000000000000e+00,1.914893617021273808e-02,0.000000000000000000e+00,0.000000000000000000e+00,2.141327623126354496e-03,2.807775377969767838e-02,2.127659574468032666e-03,2.127659574468032666e-03,0.000000000000000000e+00,0.000000000000000000e+00,0.000000000000000000e+00,0.000000000000000000e+00,6.369426751592355274e-03,0.000000000000000000e+00,2.553191489361705813e-02,2.521186440677966045e-01,0.000000000000000000e+00,0.000000000000000000e+00,2.127659574468032666e-03,0.000000000000000000e+00,4.237288135593209049e-03,2.123142250530785091e-03,0.000000000000000000e+00,2.145922746781159240e-03,6.369426751592355274e-03,1.923076923076927347e-02,0.000000000000000000e+00,1.492537313432840129e-02,2.123142250530785091e-03,0.000000000000000000e+00,2.127659574468032666e-03,0.000000000000000000e+00,0.000000000000000000e+00,2.136752136752129161e-03,0.000000000000000000e+00,0.000000000000000000e+00,0.000000000000000000e+00,6.479481641468720632e-03,4.434589800443422547e-03,6.578947368421017572e-03,0.000000000000000000e+00,0.000000000000000000e+00,6.465517241379337143e-03,0.000000000000000000e+00,4.273504273504258322e-03,2.123142250530785091e-03,0.000000000000000000e+00,4.246284501061570182e-03,2.592592592592593004e-01,2.563559322033898136e-01,7.218683651804669310e-02,4.237288135593209049e-03,2.123142250530785091e-03,6.396588486140775132e-03,1.702127659574470542e-02,7.643312101910826328e-02,0.000000000000000000e+00,8.686440677966100754e-02,2.118644067796604524e-03,0.000000000000000000e+00,1.000000000000000000e+00,7.838983050847458944e-02,0.000000000000000000e+00,0.000000000000000000e+00,2.123142250530785091e-03,6.396588486140775132e-03,2.669491525423728362e-01,2.123142250530785091e-03,0.000000000000000000e+00,4.246284501061570182e-03,0.000000000000000000e+00,0.000000000000000000e+00,0.000000000000000000e+00,0.000000000000000000e+00,0.000000000000000000e+00,0.000000000000000000e+00
8.676789587852451469e-03,1.694915254237283619e-02,1.273885350318471055e-02,1.268498942917550831e-02,0.000000000000000000e+00,0.000000000000000000e+00,2.123142250530785091e-03,6.355932203389813573e-03,1.914893617021273808e-02,0.000000000000000000e+00,8.456659619450301868e-03,2.136752136752129161e-03,9.746835443037974445e-01,2.109704641350185206e-03,2.114164904862603223e-03,2.114164904862603223e-03,0.000000000000000000e+00,2.114164904862603223e-03,2.123142250530785091e-03,0.000000000000000000e+00,4.366812227074245989e-03,1.134903640256959001e-01,0.000000000000000000e+00,1.694915254237283619e-02,2.127659574468032666e-03,0.000000000000000000e+00,4.282655246252708992e-03,1.479915433403800051e-02,0.000000000000000000e+00,0.000000000000000000e+00,2.132196162046962051e-03,1.290322580645164585e-02,2.118644067796604524e-03,0.000000000000000000e+00,0.000000000000000000e+00,0.000000000000000000e+00,0.000000000000000000e+00,0.000000000000000000e+00,1.054852320675103705e-02,0.000000000000000000e+00,1.479915433403800051e-02,6.540084388185651854e-02,0.000000000000000000e+00,0.000000000000000000e+00,6.342494714587698645e-03,2.118644067796604524e-03,1.054852320675103705e-02,0.000000000000000000e+00,0.000000000000000000e+00,0.000000000000000000e+00,1.265822784810122226e-02,1.276595744680852906e-02,0.000000000000000000e+00,1.486199575371549564e-02,6.342494714587698645e-03,0.000000000000000000e+00,0.000000000000000000e+00,2.141327623126354496e-03,0.000000000000000000e+00,4.246284501061570182e-03,2.109704641350185206e-03,0.000000000000000000e+00,2.118644067796604524e-03,1.075268817204300120e-02,0.000000000000000000e+00,2.183406113537067483e-03,2.123142250530785091e-03,4.264392324093813080e-03,2.145922746781159240e-03,2.132196162046962051e-03,1.486199575371549564e-02,2.114164904862603223e-03,0.000000000000000000e+00,2.114164904862603223e-03,5.856832971800429721e-02,6.751054852320670374e-02,9.789029535864979259e-01,8.421052631578995751e-03,2.114164904862603223e-03,1.486199575371549564e-02,1.059322033898302262e-02,7.067510548523205927e-01,2.127659574468032666e-03,7.747368421052631682e-01,0.000000000000000000e+00,2.118644067796604524e-03,7.838983050847458944e-02,1.000000000000000000e+00,8.510638297872352709e-03,2.109704641350185206e-03,4.219409282700370412e-03,1.273885350318471055e-02,8.227848101265822223e-02,4.228329809725206445e-03,0.000000000000000000e+00,8.456659619450301868e-03,0.000000000000000000e+00,0.000000000000000000e+00,0.000000000000000000e+00,0.000000000000000000e+00,0.000000000000000000e+00,0.000000000000000000e+00
0.000000000000000000e+00,0.000000000000000000e+00,2.141327623126354496e-03,0.000000000000000000e+00,0.000000000000000000e+00,0.000000000000000000e+00,0.000000000000000000e+00,2.141327623126354496e-03,0.000000000000000000e+00,0.000000000000000000e+00,0.000000000000000000e+00,0.000000000000000000e+00,6.396588486140775132e-03,0.000000000000000000e+00,4.273504273504258322e-03,4.264392324093813080e-03,0.000000000000000000e+00,0.000000000000000000e+00,0.000000000000000000e+00,0.000000000000000000e+00,0.000000000000000000e+00,4.329004329004293439e-03,0.000000000000000000e+00,0.000000000000000000e+00,0.000000000000000000e+00,0.000000000000000000e+00,0.000000000000000000e+00,0.000000000000000000e+00,2.145922746781159240e-03,0.000000000000000000e+00,4.301075268817178276e-03,0.000000000000000000e+00,0.000000000000000000e+00,0.000000000000000000e+00,0.000000000000000000e+00,2.150537634408644649e-03,0.000000000000000000e+00,2.136752136752129161e-03,0.000000000000000000e+00,0.000000000000000000e+00,0.000000000000000000e+00,0.000000000000000000e+00,4.301075268817178276e-03,8.639308855291627509e-03,0.000000000000000000e+00,4.282655246252708992e-03,0.000000000000000000e+00,4.273504273504258322e-03,0.000000000000000000e+00,0.000000000000000000e+00,0.000000000000000000e+00,0.000000000000000000e+00,0.000000000000000000e+00,0.000000000000000000e+00,0.000000000000000000e+00,2.136752136752129161e-03,4.273504273504258322e-03,0.000000000000000000e+00,0.000000000000000000e+00,0.000000000000000000e+00,0.000000000000000000e+00,4.319654427645813755e-03,0.000000000000000000e+00,0.000000000000000000e+00,0.000000000000000000e+00,0.000000000000000000e+00,0.000000000000000000e+00,0.000000000000000000e+00,0.000000000000000000e+00,2.150537634408644649e-03,0.000000000000000000e+00,0.000000000000000000e+00,0.000000000000000000e+00,0.000000000000000000e+00,0.000000000000000000e+00,0.000000000000000000e+00,6.396588486140775132e-03,6.382978723404209020e-03,0.000000000000000000e+00,0.000000000000000000e+00,0.000000000000000000e+00,4.264392324093813080e-03,0.000000000000000000e+00,4.255319148936176354e-03,4.255319148936176354e-03,2.136752136752129161e-03,0.000000000000000000e+00,8.510638297872352709e-03,1.000000000000000000e+00,0.000000000000000000e+00,0.000000000000000000e+00,0.000000000000000000e+00,0.000000000000000000e+00,0.000000000000000000e+00,0.000000000000000000e+00,0.000000000000000000e+00,0.000000000000000000e+00,0.000000000000000000e+00,0.000000000000000000e+00,8.614072494669509084e-01,8.626609442060085842e-01,8.592750533049040573e-01
4.338394793926281245e-03,6.355932203389813573e-03,6.369426751592355274e-03,4.228329809725206445e-03,2.173913043478248319e-03,4.291845493562207459e-03,2.123142250530785091e-03,9.300847457627118287e-01,4.255319148936176354e-03,0.000000000000000000e+00,1.479915433403800051e-02,0.000000000000000000e+00,2.109704641350185206e-03,2.109704641350185206e-03,1.057082452431290509e-02,9.282700421940928148e-01,2.141327623126354496e-03,4.228329809725206445e-03,6.369426751592355274e-03,0.000000000000000000e+00,4.366812227074245989e-03,8.565310492505306961e-03,0.000000000000000000e+00,6.355932203389813573e-03,0.000000000000000000e+00,0.000000000000000000e+00,4.282655246252708992e-03,4.228329809725206445e-03,2.123142250530785091e-03,0.000000000000000000e+00,2.132196162046962051e-03,6.451612903225822926e-03,2.118644067796615627e-02,2.114164904862603223e-03,2.145922746781159240e-03,0.000000000000000000e+00,0.000000000000000000e+00,0.000000000000000000e+00,8.438818565400851845e-03,0.000000000000000000e+00,8.456659619450301868e-03,0.000000000000000000e+00,2.127659574468032666e-03,2.145922746781159240e-03,6.342494714587698645e-03,8.474576271186418097e-03,4.219409282700370412e-03,1.479915433403800051e-02,0.000000000000000000e+00,0.000000000000000000e+00,1.687763713080170369e-02,6.382978723404209020e-03,2.123142250530785091e-03,6.369426751592355274e-03,0.000000000000000000e+00,0.000000000000000000e+00,1.268498942917550831e-02,2.141327623126354496e-03,0.000000000000000000e+00,2.123142250530785091e-03,6.329113924050666640e-03,0.000000000000000000e+00,6.342494714587698645e-03,8.602150537634356553e-03,0.000000000000000000e+00,2.183406113537067483e-03,0.000000000000000000e+00,0.000000000000000000e+00,4.291845493562207459e-03,0.000000000000000000e+00,4.246284501061570182e-03,2.114164904862603223e-03,0.000000000000000000e+00,4.228329809725206445e-03,2.169197396963085112e-03,0.000000000000000000e+00,4.219409282700370412e-03,2.105263157894736725e-01,4.228329809725206445e-03,0.000000000000000000e+00,8.456659619450301868e-03,4.219409282700370412e-03,2.127659574468032666e-03,2.109704641350185206e-03,1.263157894736843812e-02,2.118644067796604524e-03,0.000000000000000000e+00,2.109704641350185206e-03,0.000000000000000000e+00,1.000000000000000000e+00,4.219409282700370412e-03,0.000000000000000000e+00,0.000000000000000000e+00,4.651162790697671578e-02,0.000000000000000000e+00,4.228329809725206445e-03,2.114164904862603223e-03,2.109704641350185206e-03,0.000000000000000000e+00,0.000000000000000000e+00,0.000000000000000000e+00,0.000000000000000000e+00
2.173913043478248319e-03,0.000000000000000000e+00,0.000000000000000000e+00,0.000000000000000000e+00,8.714596949891073585e-03,0.000000000000000000e+00,3.545647558386412213e-01,2.123142250530785091e-03,2.127659574468032666e-03,4.246284501061570182e-03,4.237288135593209049e-03,0.000000000000000000e+00,2.114164904862603223e-03,2.114164904862603223e-03,4.237288135593209049e-03,4.228329809725206445e-03,0.000000000000000000e+00,4.237288135593209049e-03,2.123142250530785091e-03,4.264392324093813080e-03,2.188183807439791906e-03,2.145922746781159240e-03,0.000000000000000000e+00,4.237288135593209049e-03,0.000000000000000000e+00,0.000000000000000000e+00,4.282655246252708992e-03,0.000000000000000000e+00,0.000000000000000000e+00,8.528784648187626161e-03,0.000000000000000000e+00,2.155172413793149389e-03,2.123142250530785091e-03,0.000000000000000000e+00,2.150537634408644649e-03,0.000000000000000000e+00,0.000000000000000000e+00,0.000000000000000000e+00,4.228329809725206445e-03,0.000000000000000000e+00,0.000000000000000000e+00,0.000000000000000000e+00,2.132196162046962051e-03,0.000000000000000000e+00,2.118644067796604524e-03,0.000000000000000000e+00,4.228329809725206445e-03,4.237288135593209049e-03,0.000000000000000000e+00,6.423982869379063487e-03,4.228329809725206445e-03,4.264392324093813080e-03,6.382978723404209020e-03,0.000000000000000000e+00,2.114164904862603223e-03,0.000000000000000000e+00,6.355932203389813573e-03,0.000000000000000000e+00,0.000000000000000000e+00,2.127659574468032666e-03,6.342494714587698645e-03,2.141327623126354496e-03,2.118644067796604524e-03,4.310344827586187755e-03,6.637168141592875159e-03,0.000000000000000000e+00,4.255319148936176354e-03,6.410256410256387483e-03,0.000000000000000000e+00,2.136752136752129161e-03,4.255319148936176354e-03,2.118644067796604524e-03,6.342494714587698645e-03,2.114164904862603223e-03,0.000000000000000000e+00,0.000000000000000000e+00,2.114164904862603223e-03,4.219409282700370412e-03,0.000000000000000000e+00,2.127659574468032666e-03,2.118644067796604524e-03,0.000000000000000000e+00,0.000000000000000000e+00,4.219409282700370412e-03,2.109704641350185206e-03,2.123142250530785091e-03,2.123142250530785091e-03,4.219409282700370412e-03,0.000000000000000000e+00,4.219409282700370412e-03,1.000000000000000000e+00,2.127659574468032666e-03,0.000000000000000000e+00,1.906779661016944072e-02,4.237288135593209049e-03,2.118644067796604524e-03,1.059322033898302262e-02,8.456659619450301868e-03,6.342494714587698645e-03,0.000000000000000000e+00,2.145922746781159240e-03,0.000000000000000000e+00
2.183406113537067483e-03,4.264392324093813080e-03,4.273504273504258322e-03,6.382978723404209020e-03,2.188183807439791906e-03,6.479481641468720632e-03,4.273504273504258322e-03,0.000000000000000000e+00,6.423982869379063487e-03,2.132196162046962051e-03,4.255319148936176354e-03,0.000000000000000000e+00,1.273885350318471055e-02,0.000000000000000000e+00,0.000000000000000000e+00,0.000000000000000000e+00,0.000000000000000000e+00,4.264392324093813080e-03,0.000000000000000000e+00,2.145922746781159240e-03,2.202643171806184519e-03,1.079913606911442336e-02,0.000000000000000000e+00,4.264392324093813080e-03,2.141327623126354496e-03,0.000000000000000000e+00,4.310344827586187755e-03,4.264392324093813080e-03,0.000000000000000000e+00,2.141327623126354496e-03,4.273504273504258322e-03,6.493506493506440158e-03,4.246284501061570182e-03,2.132196162046962051e-03,6.479481641468720632e-03,0.000000000000000000e+00,0.000000000000000000e+00,0.000000000000000000e+00,6.382978723404209020e-03,0.000000000000000000e+00,4.264392324093813080e-03,6.382978723404209020e-03,4.264392324093813080e-03,0.000000000000000000e+00,4.264392324093813080e-03,2.123142250530785091e-03,4.246284501061570182e-03,0.000000000000000000e+00,0.000000000000000000e+00,0.000000000000000000e+00,6.382978723404209020e-03,6.423982869379063487e-03,4.273504273504258322e-03,4.273504273504258322e-03,2.127659574468032666e-03,0.000000000000000000e+00,0.000000000000000000e+00,2.155172413793149389e-03,0.000000000000000000e+00,0.000000000000000000e+00,6.369426751592355274e-03,2.141327623126354496e-03,2.132196162046962051e-03,8.658008658008697900e-03,4.444444444444473064e-03,4.395604395604379988e-03,4.273504273504258322e-03,4.291845493562207459e-03,6.465517241379337143e-03,2.145922746781159240e-03,8.547008547008516643e-03,8.510638297872352709e-03,4.246284501061570182e-03,0.000000000000000000e+00,8.733624454148491978e-03,8.492569002123140365e-03,1.063829787234038537e-02,0.000000000000000000e+00,0.000000000000000000e+00,9.171974522292993814e-01,2.132196162046962051e-03,1.063829787234038537e-02,0.000000000000000000e+00,1.061571125265392546e-02,0.000000000000000000e+00,6.396588486140775132e-03,6.396588486140775132e-03,1.273885350318471055e-02,0.000000000000000000e+00,0.000000000000000000e+00,2.127659574468032666e-03,1.000000000000000000e+00,6.382978723404209020e-03,0.000000000000000000e+00,6.382978723404209020e-03,6.382978723404209020e-03,2.132196162046962051e-03,2.127659574468032666e-03,4.246284501061570182e-03,0.000000000000000000e+00,0.000000000000000000e+00,0.000000000000000000e+00
2.173913043478248319e-03,6.369426751592355274e-03,6.382978723404209020e-03,6.355932203389813573e-03,6.535947712418277433e-03,2.150537634408644649e-03,2.127659574468032666e-03,0.000000000000000000e+00,8.528784648187626161e-03,0.000000000000000000e+00,4.237288135593209049e-03,0.000000000000000000e+00,8.456659619450312970e-02,4.228329809725206445e-03,0.000000000000000000e+00,2.118644067796604524e-03,0.000000000000000000e+00,2.118644067796604524e-03,2.127659574468032666e-03,0.000000000000000000e+00,2.188183807439791906e-03,1.351931330472102566e-01,0.000000000000000000e+00,8.492569002123140365e-03,4.255319148936176354e-03,0.000000000000000000e+00,2.145922746781159240e-03,1.059322033898302262e-02,0.000000000000000000e+00,8.528784648187626161e-03,0.000000000000000000e+00,8.620689655172375510e-03,6.369426751592355274e-03,0.000000000000000000e+00,0.000000000000000000e+00,0.000000000000000000e+00,0.000000000000000000e+00,0.000000000000000000e+00,8.456659619450301868e-03,0.000000000000000000e+00,1.059322033898302262e-02,8.287526427061311374e-01,0.000000000000000000e+00,0.000000000000000000e+00,4.237288135593209049e-03,0.000000000000000000e+00,2.114164904862603223e-03,0.000000000000000000e+00,0.000000000000000000e+00,0.000000000000000000e+00,8.456659619450301868e-03,8.528784648187626161e-03,8.510638297872352709e-03,6.382978723404209020e-03,0.000000000000000000e+00,0.000000000000000000e+00,0.000000000000000000e+00,4.282655246252708992e-03,0.000000000000000000e+00,2.127659574468032666e-03,2.114164904862603223e-03,0.000000000000000000e+00,0.000000000000000000e+00,6.465517241379337143e-03,4.424778761061953780e-03,4.366812227074245989e-03,0.000000000000000000e+00,0.000000000000000000e+00,4.301075268817178276e-03,0.000000000000000000e+00,6.382978723404209020e-03,0.000000000000000000e+00,6.342494714587698645e-03,0.000000000000000000e+00,9.045553145336225898e-01,9.050632911392404445e-01,8.245243128964063750e-02,4.219409282700370412e-03,2.118644067796604524e-03,8.510638297872352709e-03,8.474576271186418097e-03,8.033826638477803428e-02,2.132196162046962051e-03,1.035940803382663367e-01,0.000000000000000000e+00,8.492569002123140365e-03,2.669491525423728362e-01,8.227848101265822223e-02,0.000000000000000000e+00,0.000000000000000000e+00,0.000000000000000000e+00,6.382978723404209020e-03,1.000000000000000000e+00,2.118644067796604524e-03,6.355932203389813573e-03,4.237288135593209049e-03,4.237288135593209049e-03,4.228329809725206445e-03,4.228329809725206445e-03,0.000000000000000000e+00,0.000000000000000000e+00,0.000000000000000000e+00
0.000000000000000000e+00,6.369426751592355274e-03,8.510638297872352709e-03,8.474576271186418097e-03,2.178649237472796152e-03,4.301075268817178276e-03,8.510638297872352709e-03,5.319148936170214892e-02,8.528784648187626161e-03,2.123142250530785091e-03,1.906779661016944072e-02,0.000000000000000000e+00,4.228329809725206445e-03,0.000000000000000000e+00,2.123142250530785091e-03,4.872881355932201508e-02,0.000000000000000000e+00,1.486199575371549564e-02,0.000000000000000000e+00,2.136752136752129161e-03,2.192982456140302183e-03,4.301075268817178276e-03,0.000000000000000000e+00,6.369426751592355274e-03,0.000000000000000000e+00,0.000000000000000000e+00,2.145922746781159240e-03,6.369426751592355274e-03,2.127659574468032666e-03,0.000000000000000000e+00,0.000000000000000000e+00,8.620689655172375510e-03,4.246284501061570182e-03,2.123142250530785091e-03,6.451612903225822926e-03,0.000000000000000000e+00,0.000000000000000000e+00,0.000000000000000000e+00,1.483050847457623167e-02,0.000000000000000000e+00,8.492569002123140365e-03,2.118644067796604524e-03,0.000000000000000000e+00,0.000000000000000000e+00,2.123142250530785091e-03,0.000000000000000000e+00,2.114164904862603223e-03,2.118644067796604524e-03,0.000000000000000000e+00,0.000000000000000000e+00,1.483050847457623167e-02,8.528784648187626161e-03,0.000000000000000000e+00,8.510638297872352709e-03,2.118644067796604524e-03,0.000000000000000000e+00,2.123142250530785091e-03,0.000000000000000000e+00,0.000000000000000000e+00,0.000000000000000000e+00,0.000000000000000000e+00,0.000000000000000000e+00,0.000000000000000000e+00,0.000000000000000000e+00,2.212389380530921379e-03,2.188183807439791906e-03,0.000000000000000000e+00,2.136752136752129161e-03,1.720430107526882413e-02,2.136752136752129161e-03,4.255319148936176354e-03,1.694915254237283619e-02,2.325581395348841340e-02,0.000000000000000000e+00,2.173913043478248319e-03,2.114164904862603223e-03,4.237288135593209049e-03,3.594080338266381069e-02,2.118644067796604524e-03,2.127659574468032666e-03,8.492569002123140365e-03,1.057082452431290509e-02,8.547008547008516643e-03,4.228329809725206445e-03,2.114164904862603223e-03,2.123142250530785091e-03,2.123142250530785091e-03,4.228329809725206445e-03,0.000000000000000000e+00,4.651162790697671578e-02,1.906779661016944072e-02,0.000000000000000000e+00,2.118644067796604524e-03,1.000000000000000000e+00,2.118644067796604524e-03,2.118644067796604524e-03,0.000000000000000000e+00,0.000000000000000000e+00,0.000000000000000000e+00,0.000000000000000000e+00,0.000000000000000000e+00,0.000000000000000000e+00
6.521739130434744958e-03,4.246284501061570182e-03,0.000000000000000000e+00,2.123142250530785091e-03,3.943355119825707744e-01,2.155172413793149389e-03,2.127659574468032666e-03,0.000000000000000000e+00,0.000000000000000000e+00,2.123142250530785091e-03,8.474576271186418097e-03,0.000000000000000000e+00,0.000000000000000000e+00,6.355932203389813573e-03,0.000000000000000000e+00,0.000000000000000000e+00,0.000000000000000000e+00,0.000000000000000000e+00,2.127659574468032666e-03,2.136752136752129161e-03,6.578947368421017572e-03,0.000000000000000000e+00,0.000000000000000000e+00,0.000000000000000000e+00,8.528784648187626161e-03,0.000000000000000000e+00,0.000000000000000000e+00,2.123142250530785091e-03,2.127659574468032666e-03,3.837953091684435103e-01,2.136752136752129161e-03,4.310344827586187755e-03,0.000000000000000000e+00,4.246284501061570182e-03,0.000000000000000000e+00,0.000000000000000000e+00,0.000000000000000000e+00,2.127659574468032666e-03,6.355932203389813573e-03,0.000000000000000000e+00,0.000000000000000000e+00,6.355932203389813573e-03,2.136752136752129161e-03,0.000000000000000000e+00,2.123142250530785091e-03,2.127659574468032666e-03,4.228329809725206445e-03,0.000000000000000000e+00,0.000000000000000000e+00,4.282655246252708992e-03,6.355932203389813573e-03,2.136752136752129161e-03,3.914893617021276695e-01,2.127659574468032666e-03,0.000000000000000000e+00,0.000000000000000000e+00,0.000000000000000000e+00,6.437768240343366699e-03,0.000000000000000000e+00,0.000000000000000000e+00,3.742071881606765515e-01,2.145922746781159240e-03,4.246284501061570182e-03,0.000000000000000000e+00,4.424778761061953780e-03,2.188183807439791906e-03,2.132196162046962051e-03,0.000000000000000000e+00,0.000000000000000000e+00,2.136752136752129161e-03,2.132196162046962051e-03,0.000000000000000000e+00,3.572938689217759478e-01,2.118644067796604524e-03,0.000000000000000000e+00,0.000000000000000000e+00,0.000000000000000000e+00,0.000000000000000000e+00,2.118644067796604524e-03,4.255319148936176354e-03,0.000000000000000000e+00,0.000000000000000000e+00,4.273504273504258322e-03,0.000000000000000000e+00,0.000000000000000000e+00,9.894291754756870949e-01,0.000000000000000000e+00,0.000000000000000000e+00,0.000000000000000000e+00,0.000000000000000000e+00,4.237288135593209049e-03,6.382978723404209020e-03,6.355932203389813573e-03,2.118644067796604524e-03,1.000000000000000000e+00,2.118644067796604524e-03,3.694267515923567169e-01,3.686440677966101864e-01,3.699788583509513451e-01,0.000000000000000000e+00,0.000000000000000000e+00,2.136752136752129161e-03
0.000000000000000000e+00,8.492569002123140365e-03,1.063829787234038537e-02,6.355932203389813573e-03,2.178649237472796152e-03,0.000000000000000000e+00,4.255319148936176354e-03,6.369426751592355274e-03,1.066098081023458821e-02,2.123142250530785091e-03,4.237288135593209049e-03,0.000000000000000000e+00,1.268498942917550831e-02,1.057082452431290509e-02,0.000000000000000000e+00,2.118644067796604524e-03,0.000000000000000000e+00,1.486199575371549564e-02,4.255319148936176354e-03,2.132196162046962051e-03,6.564551422319486740e-03,6.437768240343366699e-03,0.000000000000000000e+00,1.061571125265392546e-02,8.528784648187626161e-03,0.000000000000000000e+00,0.000000000000000000e+00,1.061571125265392546e-02,0.000000000000000000e+00,0.000000000000000000e+00,0.000000000000000000e+00,8.620689655172375510e-03,8.492569002123140365e-03,2.118644067796604524e-03,0.000000000000000000e+00,0.000000000000000000e+00,0.000000000000000000e+00,0.000000000000000000e+00,4.237288135593209049e-03,0.000000000000000000e+00,1.273885350318471055e-02,6.342494714587698645e-03,0.000000000000000000e+00,0.000000000000000000e+00,0.000000000000000000e+00,0.000000000000000000e+00,8.414376321353065347e-01,4.237288135593209049e-03,0.000000000000000000e+00,0.000000000000000000e+00,4.237288135593209049e-03,8.528784648187626161e-03,2.127659574468032666e-03,6.382978723404209020e-03,0.000000000000000000e+00,0.000000000000000000e+00,2.123142250530785091e-03,6.437768240343366699e-03,0.000000000000000000e+00,4.264392324093813080e-03,0.000000000000000000e+00,2.141327623126354496e-03,2.123142250530785091e-03,8.556034482758620996e-01,0.000000000000000000e+00,0.000000000000000000e+00,0.000000000000000000e+00,2.136752136752129161e-03,4.301075268817178276e-03,0.000000000000000000e+00,8.468085106382978733e-01,2.330508474576276079e-02,0.000000000000000000e+00,0.000000000000000000e+00,6.521739130434744958e-03,6.342494714587698645e-03,8.474576271186418097e-03,4.228329809725206445e-03,2.118644067796604524e-03,6.382978723404209020e-03,1.061571125265392546e-02,1.271186440677962715e-02,2.136752136752129161e-03,1.057082452431290509e-02,0.000000000000000000e+00,2.123142250530785091e-03,4.246284501061570182e-03,8.456659619450301868e-03,0.000000000000000000e+00,4.228329809725206445e-03,2.118644067796604524e-03,6.382978723404209020e-03,4.237288135593209049e-03,2.118644067796604524e-03,2.118644067796604524e-03,1.000000000000000000e+00,4.246284501061570182e-03,4.228329809725206445e-03,0.000000000000000000e+00,0.000000000000000000e+00,0.000000000000000000e+00,0.000000000000000000e+00
1.739130434782609758e-02,4.246284501061570182e-03,0.000000000000000000e+00,2.123142250530785091e-03,9.106753812636165790e-01,2.150537634408644649e-03,6.382978723404209020e-03,4.246284501061570182e-03,2.132196162046962051e-03,4.246284501061570182e-03,8.474576271186418097e-03,0.000000000000000000e+00,2.114164904862603223e-03,6.355932203389813573e-03,0.000000000000000000e+00,4.237288135593209049e-03,0.000000000000000000e+00,0.000000000000000000e+00,0.000000000000000000e+00,6.396588486140775132e-03,1.973684210526316374e-02,4.301075268817178276e-03,0.000000000000000000e+00,2.123142250530785091e-03,8.528784648187626161e-03,0.000000000000000000e+00,0.000000000000000000e+00,2.123142250530785091e-03,0.000000000000000000e+00,9.125799573560767763e-01,4.273504273504258322e-03,2.155172413793149389e-03,4.246284501061570182e-03,0.000000000000000000e+00,0.000000000000000000e+00,0.000000000000000000e+00,0.000000000000000000e+00,2.127659574468032666e-03,4.237288135593209049e-03,0.000000000000000000e+00,2.123142250530785091e-03,2.118644067796604524e-03,2.132196162046962051e-03,0.000000000000000000e+00,2.547770700636942109e-02,2.127659574468032666e-03,2.114164904862603223e-03,0.000000000000000000e+00,0.000000000000000000e+00,6.423982869379063487e-03,4.237288135593209049e-03,4.264392324093813080e-03,9.106382978723404076e-01,2.127659574468032666e-03,2.118644067796604524e-03,0.000000000000000000e+00,0.000000000000000000e+00,8.583690987124414917e-03,0.000000000000000000e+00,0.000000000000000000e+00,7.145877378435517846e-01,2.141327623126354496e-03,0.000000000000000000e+00,0.000000000000000000e+00,4.424778761061953780e-03,4.376367614879694834e-03,6.382978723404209020e-03,0.000000000000000000e+00,0.000000000000000000e+00,4.273504273504258322e-03,6.396588486140775132e-03,0.000000000000000000e+00,8.456659619450317411e-01,0.000000000000000000e+00,0.000000000000000000e+00,4.237288135593209049e-03,0.000000000000000000e+00,4.228329809725206445e-03,0.000000000000000000e+00,2.132196162046962051e-03,2.123142250530785091e-03,0.000000000000000000e+00,4.273504273504258322e-03,2.114164904862603223e-03,0.000000000000000000e+00,3.715498938428875020e-01,0.000000000000000000e+00,0.000000000000000000e+00,0.000000000000000000e+00,2.114164904862603223e-03,1.059322033898302262e-02,2.132196162046962051e-03,4.237288135593209049e-03,0.000000000000000000e+00,3.694267515923567169e-01,4.246284501061570182e-03,1.000000000000000000e+00,9.936575052854123014e-01,9.915433403805496981e-01,0.000000000000000000e+00,0.000000000000000000e+00,2.136752136752129161e-03
1.952277657266809907e-02,2.123142250530785091e-03,2.123142250530785091e-03,2.118644067796604524e-03,9.108695652173912638e-01,2.150537634408644649e-03,6.369426751592355274e-03,4.246284501061570182e-03,2.127659574468032666e-03,6.355932203389813573e-03,6.342494714587698645e-03,0.000000000000000000e+00,2.109704641350185206e-03,8.456659619450301868e-03,0.000000000000000000e+00,4.228329809725206445e-03,0.000000000000000000e+00,0.000000000000000000e+00,0.000000000000000000e+00,4.264392324093813080e-03,1.531728665207876539e-02,4.291845493562207459e-03,0.000000000000000000e+00,2.118644067796604524e-03,6.382978723404209020e-03,0.000000000000000000e+00,0.000000000000000000e+00,2.118644067796604524e-03,0.000000000000000000e+00,9.170212765957447276e-01,4.264392324093813080e-03,2.155172413793149389e-03,4.237288135593209049e-03,0.000000000000000000e+00,2.145922746781159240e-03,0.000000000000000000e+00,0.000000000000000000e+00,0.000000000000000000e+00,6.342494714587698645e-03,0.000000000000000000e+00,2.118644067796604524e-03,2.114164904862603223e-03,2.132196162046962051e-03,0.000000000000000000e+00,2.330508474576276079e-02,2.123142250530785091e-03,0.000000000000000000e+00,0.000000000000000000e+00,0.000000000000000000e+00,1.068376068376064580e-02,4.228329809725206445e-03,2.132196162046962051e-03,9.108280254777070262e-01,4.246284501061570182e-03,0.000000000000000000e+00,0.000000000000000000e+00,0.000000000000000000e+00,8.565310492505306961e-03,0.000000000000000000e+00,0.000000000000000000e+00,7.088607594936708889e-01,2.141327623126354496e-03,0.000000000000000000e+00,0.000000000000000000e+00,6.637168141592875159e-03,4.366812227074245989e-03,4.255319148936176354e-03,4.273504273504258322e-03,0.000000000000000000e+00,6.396588486140775132e-03,2.127659574468032666e-03,0.000000000000000000e+00,8.544303797468354444e-01,0.000000000000000000e+00,0.000000000000000000e+00,2.114164904862603223e-03,0.000000000000000000e+00,2.109704641350185206e-03,2.118644067796604524e-03,2.127659574468032666e-03,2.118644067796604524e-03,0.000000000000000000e+00,4.264392324093813080e-03,0.000000000000000000e+00,0.000000000000000000e+00,3.728813559322033955e-01,0.000000000000000000e+00,0.000000000000000000e+00,0.000000000000000000e+00,2.109704641350185206e-03,8.456659619450301868e-03,2.127659574468032666e-03,4.228329809725206445e-03,0.000000000000000000e+00,3.686440677966101864e-01,4.228329809725206445e-03,9.936575052854123014e-01,1.000000000000000000e+00,9.894514767932489629e-01,0.000000000000000000e+00,0.000000000000000000e+00,2.132196162046962051e-03
1.952277657266809907e-02,2.118644067796604524e-03,2.123142250530785091e-03,2.118644067796604524e-03,9.065217391304347672e-01,4.291845493562207459e-03,6.369426751592355274e-03,4.246284501061570182e-03,2.127659574468032666e-03,4.237288135593209049e-03,4.228329809725206445e-03,0.000000000000000000e+00,0.000000000000000000e+00,6.342494714587698645e-03,0.000000000000000000e+00,4.228329809725206445e-03,0.000000000000000000e+00,0.000000000000000000e+00,0.000000000000000000e+00,4.264392324093813080e-03,2.188183807439825213e-02,4.291845493562207459e-03,0.000000000000000000e+00,2.118644067796604524e-03,6.382978723404209020e-03,0.000000000000000000e+00,0.000000000000000000e+00,0.000000000000000000e+00,0.000000000000000000e+00,9.063829787234042312e-01,2.132196162046962051e-03,4.301075268817178276e-03,2.118644067796604524e-03,0.000000000000000000e+00,4.291845493562207459e-03,0.000000000000000000e+00,0.000000000000000000e+00,0.000000000000000000e+00,6.342494714587698645e-03,0.000000000000000000e+00,2.118644067796604524e-03,2.114164904862603223e-03,4.255319148936176354e-03,0.000000000000000000e+00,2.330508474576276079e-02,4.237288135593209049e-03,0.000000000000000000e+00,4.228329809725206445e-03,0.000000000000000000e+00,4.273504273504258322e-03,6.342494714587698645e-03,4.255319148936176354e-03,9.065817409766454560e-01,2.123142250530785091e-03,0.000000000000000000e+00,0.000000000000000000e+00,0.000000000000000000e+00,6.423982869379063487e-03,0.000000000000000000e+00,0.000000000000000000e+00,7.109704641350210741e-01,2.136752136752129161e-03,0.000000000000000000e+00,0.000000000000000000e+00,6.637168141592875159e-03,6.550218340611313472e-03,6.369426751592355274e-03,2.136752136752129161e-03,0.000000000000000000e+00,4.264392324093813080e-03,2.127659574468032666e-03,2.114164904862603223e-03,8.459915611814345926e-01,0.000000000000000000e+00,0.000000000000000000e+00,2.109704641350185206e-03,0.000000000000000000e+00,2.109704641350185206e-03,4.228329809725206445e-03,4.246284501061570182e-03,2.118644067796604524e-03,0.000000000000000000e+00,8.528784648187626161e-03,0.000000000000000000e+00,0.000000000000000000e+00,3.792372881355932090e-01,0.000000000000000000e+00,0.000000000000000000e+00,0.000000000000000000e+00,0.000000000000000000e+00,6.342494714587698645e-03,4.246284501061570182e-03,4.228329809725206445e-03,0.000000000000000000e+00,3.699788583509513451e-01,0.000000000000000000e+00,9.915433403805496981e-01,9.894514767932489629e-01,1.000000000000000000e+00,0.000000000000000000e+00,0.000000000000000000e+00,0.000000000000000000e+00
0.000000000000000000e+00,0.000000000000000000e+00,0.000000000000000000e+00,0.000000000000000000e+00,0.000000000000000000e+00,0.000000000000000000e+00,0.000000000000000000e+00,0.000000000000000000e+00,0.000000000000000000e+00,2.141327623126354496e-03,0.000000000000000000e+00,0.000000000000000000e+00,0.000000000000000000e+00,0.000000000000000000e+00,2.141327623126354496e-03,0.000000000000000000e+00,0.000000000000000000e+00,0.000000000000000000e+00,0.000000000000000000e+00,2.150537634408644649e-03,0.000000000000000000e+00,0.000000000000000000e+00,0.000000000000000000e+00,0.000000000000000000e+00,2.145922746781159240e-03,0.000000000000000000e+00,0.000000000000000000e+00,0.000000000000000000e+00,0.000000000000000000e+00,0.000000000000000000e+00,0.000000000000000000e+00,0.000000000000000000e+00,0.000000000000000000e+00,0.000000000000000000e+00,0.000000000000000000e+00,0.000000000000000000e+00,0.000000000000000000e+00,4.273504273504258322e-03,0.000000000000000000e+00,0.000000000000000000e+00,0.000000000000000000e+00,0.000000000000000000e+00,0.000000000000000000e+00,8.658008658008697900e-03,0.000000000000000000e+00,0.000000000000000000e+00,0.000000000000000000e+00,2.136752136752129161e-03,0.000000000000000000e+00,0.000000000000000000e+00,0.000000000000000000e+00,0.000000000000000000e+00,0.000000000000000000e+00,0.000000000000000000e+00,0.000000000000000000e+00,2.136752136752129161e-03,2.136752136752129161e-03,0.000000000000000000e+00,0.000000000000000000e+00,0.000000000000000000e+00,0.000000000000000000e+00,0.000000000000000000e+00,0.000000000000000000e+00,0.000000000000000000e+00,0.000000000000000000e+00,0.000000000000000000e+00,2.145922746781159240e-03,0.000000000000000000e+00,0.000000000000000000e+00,2.155172413793149389e-03,0.000000000000000000e+00,0.000000000000000000e+00,0.000000000000000000e+00,0.000000000000000000e+00,0.000000000000000000e+00,0.000000000000000000e+00,0.000000000000000000e+00,4.264392324093813080e-03,0.000000000000000000e+00,0.000000000000000000e+00,0.000000000000000000e+00,0.000000000000000000e+00,0.000000000000000000e+00,0.000000000000000000e+00,2.127659574468032666e-03,0.000000000000000000e+00,0.000000000000000000e+00,0.000000000000000000e+00,8.614072494669509084e-01,0.000000000000000000e+00,0.000000000000000000e+00,0.000000000000000000e+00,0.000000000000000000e+00,0.000000000000000000e+00,0.000000000000000000e+00,0.000000000000000000e+00,0.000000000000000000e+00,0.000000000000000000e+00,0.000000000000000000e+00,1.000000000000000000e+00,9.978540772532188408e-01,9.957356076759061869e-01
0.000000000000000000e+00,0.000000000000000000e+00,0.000000000000000000e+00,0.000000000000000000e+00,0.000000000000000000e+00,0.000000000000000000e+00,0.000000000000000000e+00,0.000000000000000000e+00,0.000000000000000000e+00,2.155172413793149389e-03,0.000000000000000000e+00,0.000000000000000000e+00,0.000000000000000000e+00,0.000000000000000000e+00,2.150537634408644649e-03,0.000000000000000000e+00,0.000000000000000000e+00,0.000000000000000000e+00,0.000000000000000000e+00,2.164502164502146719e-03,0.000000000000000000e+00,0.000000000000000000e+00,0.000000000000000000e+00,0.000000000000000000e+00,2.159827213822906877e-03,2.217294900221711274e-03,0.000000000000000000e+00,0.000000000000000000e+00,0.000000000000000000e+00,0.000000000000000000e+00,0.000000000000000000e+00,0.000000000000000000e+00,0.000000000000000000e+00,0.000000000000000000e+00,0.000000000000000000e+00,2.164502164502146719e-03,0.000000000000000000e+00,2.150537634408644649e-03,0.000000000000000000e+00,0.000000000000000000e+00,0.000000000000000000e+00,0.000000000000000000e+00,0.000000000000000000e+00,4.347826086956496638e-03,0.000000000000000000e+00,0.000000000000000000e+00,0.000000000000000000e+00,2.150537634408644649e-03,0.000000000000000000e+00,0.000000000000000000e+00,2.145922746781159240e-03,0.000000000000000000e+00,0.000000000000000000e+00,0.000000000000000000e+00,0.000000000000000000e+00,2.150537634408644649e-03,2.150537634408644649e-03,0.000000000000000000e+00,0.000000000000000000e+00,0.000000000000000000e+00,0.000000000000000000e+00,0.000000000000000000e+00,0.000000000000000000e+00,0.000000000000000000e+00,0.000000000000000000e+00,0.000000000000000000e+00,2.159827213822906877e-03,0.000000000000000000e+00,0.000000000000000000e+00,2.169197396963085112e-03,0.000000000000000000e+00,0.000000000000000000e+00,0.000000000000000000e+00,0.000000000000000000e+00,0.000000000000000000e+00,0.000000000000000000e+00,0.000000000000000000e+00,2.145922746781159240e-03,0.000000000000000000e+00,0.000000000000000000e+00,0.000000000000000000e+00,0.000000000000000000e+00,0.000000000000000000e+00,0.000000000000000000e+00,4.282655246252708992e-03,0.000000000000000000e+00,0.000000000000000000e+00,0.000000000000000000e+00,8.626609442060085842e-01,0.000000000000000000e+00,2.145922746781159240e-03,0.000000000000000000e+00,0.000000000000000000e+00,0.000000000000000000e+00,0.000000000000000000e+00,0.000000000000000000e+00,0.000000000000000000e+00,0.000000000000000000e+00,0.000000000000000000e+00,9.978540772532188408e-01,1.000000000000000000e+00,9.957081545064377925e-01
0.000000000000000000e+00,0.000000000000000000e+00,0.000000000000000000e+00,0.000000000000000000e+00,0.000000000000000000e+00,0.000000000000000000e+00,0.000000000000000000e+00,2.141327623126354496e-03,0.000000000000000000e+00,2.141327623126354496e-03,0.000000000000000000e+00,0.000000000000000000e+00,0.000000000000000000e+00,2.132196162046962051e-03,0.000000000000000000e+00,0.000000000000000000e+00,0.000000000000000000e+00,0.000000000000000000e+00,0.000000000000000000e+00,4.301075268817178276e-03,0.000000000000000000e+00,0.000000000000000000e+00,0.000000000000000000e+00,0.000000000000000000e+00,0.000000000000000000e+00,0.000000000000000000e+00,0.000000000000000000e+00,0.000000000000000000e+00,0.000000000000000000e+00,0.000000000000000000e+00,0.000000000000000000e+00,0.000000000000000000e+00,0.000000000000000000e+00,0.000000000000000000e+00,0.000000000000000000e+00,0.000000000000000000e+00,0.000000000000000000e+00,2.141327623126354496e-03,0.000000000000000000e+00,0.000000000000000000e+00,0.000000000000000000e+00,0.000000000000000000e+00,0.000000000000000000e+00,6.493506493506440158e-03,0.000000000000000000e+00,0.000000000000000000e+00,0.000000000000000000e+00,2.136752136752129161e-03,0.000000000000000000e+00,0.000000000000000000e+00,0.000000000000000000e+00,0.000000000000000000e+00,0.000000000000000000e+00,0.000000000000000000e+00,0.000000000000000000e+00,2.141327623126354496e-03,2.141327623126354496e-03,0.000000000000000000e+00,0.000000000000000000e+00,0.000000000000000000e+00,0.000000000000000000e+00,0.000000000000000000e+00,0.000000000000000000e+00,0.000000000000000000e+00,0.000000000000000000e+00,0.000000000000000000e+00,2.145922746781159240e-03,0.000000000000000000e+00,0.000000000000000000e+00,2.155172413793149389e-03,0.000000000000000000e+00,0.000000000000000000e+00,0.000000000000000000e+00,0.000000000000000000e+00,0.000000000000000000e+00,0.000000000000000000e+00,0.000000000000000000e+00,2.132196162046962051e-03,0.000000000000000000e+00,0.000000000000000000e+00,0.000000000000000000e+00,0.000000000000000000e+00,0.000000000000000000e+00,0.000000000000000000e+00,2.132196162046962051e-03,0.000000000000000000e+00,0.000000000000000000e+00,0.000000000000000000e+00,8.592750533049040573e-01,0.000000000000000000e+00,0.000000000000000000e+00,0.000000000000000000e+00,0.000000000000000000e+00,0.000000000000000000e+00,2.136752136752129161e-03,0.000000000000000000e+00,2.136752136752129161e-03,2.132196162046962051e-03,0.000000000000000000e+00,9.957356076759061869e-01,9.957081545064377925e-01,1.000000000000000000e+00
