1.000000000000000000e+00,0.000000000000000000e+00,0.000000000000000000e+00,1.347708894878707486e-02,2.739726027397249020e-03,0.000000000000000000e+00,0.000000000000000000e+00,9.539295392953929253e-01,9.513513513513514042e-01,0.000000000000000000e+00,0.000000000000000000e+00,5.089058524173073472e-03,0.000000000000000000e+00,2.739726027397249020e-03,0.000000000000000000e+00,7.633587786259554697e-03,2.849002849002801874e-03,2.538071065989799813e-03,0.000000000000000000e+00,0.000000000000000000e+00,0.000000000000000000e+00,0.000000000000000000e+00,2.557544757033292093e-03,0.000000000000000000e+00,2.849002849002801874e-03,0.000000000000000000e+00,0.000000000000000000e+00,0.000000000000000000e+00,2.551020408163240383e-03,0.000000000000000000e+00,0.000000000000000000e+00,0.000000000000000000e+00,0.000000000000000000e+00,8.042895442359254687e-03,0.000000000000000000e+00,0.000000000000000000e+00,0.000000000000000000e+00,0.000000000000000000e+00,0.000000000000000000e+00,0.000000000000000000e+00,0.000000000000000000e+00,2.544529262086481225e-03,0.000000000000000000e+00,0.000000000000000000e+00,0.000000000000000000e+00,0.000000000000000000e+00,0.000000000000000000e+00,0.000000000000000000e+00,0.000000000000000000e+00,0.000000000000000000e+00,0.000000000000000000e+00,8.086253369272267122e-03,1.078167115902961548e-02,0.000000000000000000e+00,0.000000000000000000e+00,0.000000000000000000e+00,2.898550724637627418e-03,0.000000000000000000e+00,0.000000000000000000e+00,0.000000000000000000e+00,0.000000000000000000e+00,0.000000000000000000e+00,2.544529262086481225e-03,0.000000000000000000e+00,0.000000000000000000e+00,0.000000000000000000e+00,1.272264631043251715e-02,0.000000000000000000e+00,0.000000000000000000e+00,0.000000000000000000e+00,0.000000000000000000e+00,0.000000000000000000e+00,0.000000000000000000e+00,0.000000000000000000e+00,0.000000000000000000e+00,2.762430939226567794e-03,0.000000000000000000e+00,0.000000000000000000e+00,0.000000000000000000e+00,7.633587786259554697e-03,2.570694087403624373e-03,0.000000000000000000e+00,2.551020408163240383e-03,0.000000000000000000e+00,8.042895442359254687e-03,0.000000000000000000e+00,2.583979328165342260e-03,0.000000000000000000e+00,0.000000000000000000e+00,0.000000000000000000e+00,0.000000000000000000e+00,0.000000000000000000e+00,0.000000000000000000e+00,0.000000000000000000e+00,0.000000000000000000e+00,0.000000000000000000e+00,0.000000000000000000e+00,0.000000000000000000e+00,0.000000000000000000e+00,2.557544757033292093e-03,0.000000000000000000e+00,2.688172043010750301e-03,0.000000000000000000e+00,0.000000000000000000e+00,0.000000000000000000e+00,0.000000000000000000e+00,0.000000000000000000e+00,0.000000000000000000e+00,0.000000000000000000e+00,0.000000000000000000e+00,0.000000000000000000e+00,0.000000000000000000e+00,2.544529262086481225e-03,0.000000000000000000e+00,0.000000000000000000e+00,0.000000000000000000e+00,0.000000000000000000e+00,5.347593582887721908e-03,2.570694087403624373e-03,0.000000000000000000e+00,0.000000000000000000e+00,2.551020408163240383e-03,0.000000000000000000e+00,0.000000000000000000e+00,5.089058524173073472e-03,0.000000000000000000e+00,2.570694087403624373e-03,0.000000000000000000e+00,0.000000000000000000e+00
0.000000000000000000e+00,1.000000000000000000e+00,0.000000000000000000e+00,0.000000000000000000e+00,0.000000000000000000e+00,0.000000000000000000e+00,0.000000000000000000e+00,0.000000000000000000e+00,0.000000000000000000e+00,0.000000000000000000e+00,0.000000000000000000e+00,0.000000000000000000e+00,0.000000000000000000e+00,0.000000000000000000e+00,0.000000000000000000e+00,0.000000000000000000e+00,0.000000000000000000e+00,0.000000000000000000e+00,0.000000000000000000e+00,0.000000000000000000e+00,0.000000000000000000e+00,0.000000000000000000e+00,0.000000000000000000e+00,0.000000000000000000e+00,0.000000000000000000e+00,0.000000000000000000e+00,0.000000000000000000e+00,0.000000000000000000e+00,0.000000000000000000e+00,0.000000000000000000e+00,0.000000000000000000e+00,9.024390243902439268e-01,3.623188405797117539e-03,0.000000000000000000e+00,0.000000000000000000e+00,0.000000000000000000e+00,0.000000000000000000e+00,0.000000000000000000e+00,0.000000000000000000e+00,0.000000000000000000e+00,0.000000000000000000e+00,0.000000000000000000e+00,0.000000000000000000e+00,0.000000000000000000e+00,0.000000000000000000e+00,0.000000000000000000e+00,0.000000000000000000e+00,0.000000000000000000e+00,0.000000000000000000e+00,0.000000000000000000e+00,0.000000000000000000e+00,0.000000000000000000e+00,0.000000000000000000e+00,0.000000000000000000e+00,0.000000000000000000e+00,0.000000000000000000e+00,0.000000000000000000e+00,0.000000000000000000e+00,3.610108303249148776e-03,0.000000000000000000e+00,0.000000000000000000e+00,0.000000000000000000e+00,0.000000000000000000e+00,0.000000000000000000e+00,0.000000000000000000e+00,0.000000000000000000e+00,0.000000000000000000e+00,0.000000000000000000e+00,0.000000000000000000e+00,0.000000000000000000e+00,0.000000000000000000e+00,0.000000000000000000e+00,0.000000000000000000e+00,0.000000000000000000e+00,0.000000000000000000e+00,0.000000000000000000e+00,0.000000000000000000e+00,0.000000000000000000e+00,0.000000000000000000e+00,0.000000000000000000e+00,0.000000000000000000e+00,0.000000000000000000e+00,0.000000000000000000e+00,0.000000000000000000e+00,0.000000000000000000e+00,0.000000000000000000e+00,0.000000000000000000e+00,0.000000000000000000e+00,0.000000000000000000e+00,0.000000000000000000e+00,0.000000000000000000e+00,0.000000000000000000e+00,0.000000000000000000e+00,0.000000000000000000e+00,0.000000000000000000e+00,0.000000000000000000e+00,0.000000000000000000e+00,0.000000000000000000e+00,0.000000000000000000e+00,0.000000000000000000e+00,0.000000000000000000e+00,0.000000000000000000e+00,0.000000000000000000e+00,0.000000000000000000e+00,0.000000000000000000e+00,0.000000000000000000e+00,0.000000000000000000e+00,0.000000000000000000e+00,0.000000000000000000e+00,0.000000000000000000e+00,0.000000000000000000e+00,0.000000000000000000e+00,0.000000000000000000e+00,0.000000000000000000e+00,0.000000000000000000e+00,0.000000000000000000e+00,0.000000000000000000e+00,0.000000000000000000e+00,0.000000000000000000e+00,0.000000000000000000e+00,0.000000000000000000e+00,0.000000000000000000e+00,0.000000000000000000e+00,0.000000000000000000e+00,0.000000000000000000e+00,0.000000000000000000e+00,0.000000000000000000e+00,0.000000000000000000e+00,0.000000000000000000e+00
0.000000000000000000e+00,0.000000000000000000e+00,1.000000000000000000e+00,0.000000000000000000e+00,0.000000000000000000e+00,2.689075630252101279e-01,0.000000000000000000e+00,2.801120448179261757e-03,0.000000000000000000e+00,0.000000000000000000e+00,0.000000000000000000e+00,0.000000000000000000e+00,0.000000000000000000e+00,7.548746518105849956e-01,0.000000000000000000e+00,0.000000000000000000e+00,5.882352941176449690e-03,0.000000000000000000e+00,5.882352941176449690e-03,2.100840336134454089e-01,0.000000000000000000e+00,1.876750700280112039e-01,0.000000000000000000e+00,0.000000000000000000e+00,0.000000000000000000e+00,0.000000000000000000e+00,0.000000000000000000e+00,0.000000000000000000e+00,0.000000000000000000e+00,0.000000000000000000e+00,2.409972299168975374e-01,0.000000000000000000e+00,3.831417624521105125e-03,0.000000000000000000e+00,9.916897506925207439e-01,6.944444444444444198e-01,1.176470588235289938e-02,0.000000000000000000e+00,3.030303030303049816e-03,2.633053221288514933e-01,5.617977528089901362e-03,0.000000000000000000e+00,2.808988764044895170e-03,0.000000000000000000e+00,0.000000000000000000e+00,0.000000000000000000e+00,0.000000000000000000e+00,3.021148036253751279e-03,1.983240223463687002e-01,2.923976608187106585e-03,1.949152542372881713e-01,0.000000000000000000e+00,0.000000000000000000e+00,5.540166204986096687e-03,0.000000000000000000e+00,7.506925207756232066e-01,6.006006006005981668e-03,2.857142857142891401e-03,0.000000000000000000e+00,0.000000000000000000e+00,0.000000000000000000e+00,2.923976608187106585e-03,0.000000000000000000e+00,0.000000000000000000e+00,6.869806094182825396e-01,0.000000000000000000e+00,0.000000000000000000e+00,9.075630252100840289e-01,2.853107344632768161e-01,0.000000000000000000e+00,2.801120448179261757e-03,9.348441926345608666e-01,0.000000000000000000e+00,0.000000000000000000e+00,0.000000000000000000e+00,1.898016997167139008e-01,0.000000000000000000e+00,2.820512820512820484e-01,9.331476323119777261e-01,0.000000000000000000e+00,1.480446927374301502e-01,0.000000000000000000e+00,0.000000000000000000e+00,2.801120448179261757e-03,0.000000000000000000e+00,0.000000000000000000e+00,2.808988764044895170e-03,2.770083102493048344e-03,1.162790697674420670e-02,0.000000000000000000e+00,0.000000000000000000e+00,2.777777777777767909e-03,2.416666666666666963e-01,0.000000000000000000e+00,0.000000000000000000e+00,0.000000000000000000e+00,2.770083102493048344e-03,2.770083102493048344e-03,0.000000000000000000e+00,6.500000000000000222e-01,0.000000000000000000e+00,2.801120448179261757e-03,2.215909090909090606e-01,2.096317280453258158e-01,2.262569832402234749e-01,0.000000000000000000e+00,0.000000000000000000e+00,0.000000000000000000e+00,0.000000000000000000e+00,0.000000000000000000e+00,0.000000000000000000e+00,0.000000000000000000e+00,0.000000000000000000e+00,2.318435754189943632e-01,0.000000000000000000e+00,5.763688760806906508e-03,0.000000000000000000e+00,0.000000000000000000e+00,0.000000000000000000e+00,0.000000000000000000e+00,2.793296089385499670e-03,0.000000000000000000e+00,2.770083102493048344e-03,0.000000000000000000e+00,0.000000000000000000e+00,0.000000000000000000e+00,2.793296089385499670e-03,0.000000000000000000e+00,0.000000000000000000e+00
1.347708894878707486e-02,0.000000000000000000e+00,0.000000000000000000e+00,1.000000000000000000e+00,0.000000000000000000e+00,0.000000000000000000e+00,0.000000000000000000e+00,1.373626373626368746e-02,5.494505494505474985e-03,0.000000000000000000e+00,2.777777777777767909e-03,2.204301075268817467e-01,0.000000000000000000e+00,0.000000000000000000e+00,0.000000000000000000e+00,9.112903225806451291e-01,2.890173410404650589e-03,0.000000000000000000e+00,0.000000000000000000e+00,0.000000000000000000e+00,0.000000000000000000e+00,0.000000000000000000e+00,2.702702702702675097e-03,3.891050583657573725e-03,0.000000000000000000e+00,2.777777777777767909e-03,2.695417789757459381e-03,0.000000000000000000e+00,2.614555256064690081e-01,0.000000000000000000e+00,0.000000000000000000e+00,0.000000000000000000e+00,0.000000000000000000e+00,9.972972972972973249e-01,0.000000000000000000e+00,0.000000000000000000e+00,2.865329512893977082e-03,0.000000000000000000e+00,0.000000000000000000e+00,0.000000000000000000e+00,0.000000000000000000e+00,2.688172043010750301e-03,5.509641873278181556e-03,0.000000000000000000e+00,0.000000000000000000e+00,0.000000000000000000e+00,2.754820936639146289e-03,0.000000000000000000e+00,0.000000000000000000e+00,2.865329512893977082e-03,0.000000000000000000e+00,2.336956521739130821e-01,2.336956521739130821e-01,0.000000000000000000e+00,0.000000000000000000e+00,0.000000000000000000e+00,2.941176470588224845e-03,0.000000000000000000e+00,0.000000000000000000e+00,0.000000000000000000e+00,0.000000000000000000e+00,5.730659025787954164e-03,2.392473118279569988e-01,0.000000000000000000e+00,0.000000000000000000e+00,2.717391304347782643e-03,9.112903225806451291e-01,2.801120448179261757e-03,2.801120448179261757e-03,0.000000000000000000e+00,0.000000000000000000e+00,0.000000000000000000e+00,0.000000000000000000e+00,0.000000000000000000e+00,0.000000000000000000e+00,0.000000000000000000e+00,0.000000000000000000e+00,0.000000000000000000e+00,0.000000000000000000e+00,9.517426273458444719e-01,0.000000000000000000e+00,0.000000000000000000e+00,0.000000000000000000e+00,0.000000000000000000e+00,3.051771117166212077e-01,0.000000000000000000e+00,0.000000000000000000e+00,0.000000000000000000e+00,0.000000000000000000e+00,0.000000000000000000e+00,0.000000000000000000e+00,0.000000000000000000e+00,0.000000000000000000e+00,0.000000000000000000e+00,0.000000000000000000e+00,0.000000000000000000e+00,0.000000000000000000e+00,0.000000000000000000e+00,0.000000000000000000e+00,0.000000000000000000e+00,0.000000000000000000e+00,0.000000000000000000e+00,0.000000000000000000e+00,0.000000000000000000e+00,0.000000000000000000e+00,0.000000000000000000e+00,2.801120448179261757e-03,0.000000000000000000e+00,0.000000000000000000e+00,0.000000000000000000e+00,0.000000000000000000e+00,0.000000000000000000e+00,0.000000000000000000e+00,0.000000000000000000e+00,0.000000000000000000e+00,2.824858757062176373e-03,0.000000000000000000e+00,5.853658536585366612e-01,0.000000000000000000e+00,0.000000000000000000e+00,0.000000000000000000e+00,0.000000000000000000e+00,0.000000000000000000e+00,0.000000000000000000e+00,5.779569892473117587e-01,0.000000000000000000e+00,0.000000000000000000e+00,0.000000000000000000e+00,0.000000000000000000e+00
2.739726027397249020e-03,0.000000000000000000e+00,0.000000000000000000e+00,0.000000000000000000e+00,1.000000000000000000e+00,0.000000000000000000e+00,0.000000000000000000e+00,0.000000000000000000e+00,0.000000000000000000e+00,8.919667590027701154e-01,8.416666666666666741e-01,2.739726027397249020e-03,0.000000000000000000e+00,0.000000000000000000e+00,2.801120448179261757e-03,0.000000000000000000e+00,6.849710982658959724e-01,2.732240437158472979e-03,6.220930232558139483e-01,0.000000000000000000e+00,1.098901098901094997e-02,0.000000000000000000e+00,3.214285714285713969e-01,0.000000000000000000e+00,2.906976744186051675e-03,8.523676880222841312e-01,0.000000000000000000e+00,0.000000000000000000e+00,0.000000000000000000e+00,0.000000000000000000e+00,0.000000000000000000e+00,0.000000000000000000e+00,0.000000000000000000e+00,0.000000000000000000e+00,0.000000000000000000e+00,0.000000000000000000e+00,6.308139534883721034e-01,2.754820936639146289e-03,6.298507462686566694e-01,0.000000000000000000e+00,2.777777777777767909e-03,0.000000000000000000e+00,8.867403314917127188e-01,0.000000000000000000e+00,0.000000000000000000e+00,0.000000000000000000e+00,8.356545961002770362e-03,6.160714285714286031e-01,0.000000000000000000e+00,6.867816091954023205e-01,0.000000000000000000e+00,0.000000000000000000e+00,2.777777777777767909e-03,0.000000000000000000e+00,0.000000000000000000e+00,0.000000000000000000e+00,6.083086053412463112e-01,2.849002849002801874e-03,0.000000000000000000e+00,0.000000000000000000e+00,2.747252747252737493e-03,6.896551724137931494e-01,2.739726027397249020e-03,0.000000000000000000e+00,0.000000000000000000e+00,7.734806629834256597e-02,0.000000000000000000e+00,0.000000000000000000e+00,0.000000000000000000e+00,0.000000000000000000e+00,5.571030640668550582e-03,0.000000000000000000e+00,0.000000000000000000e+00,0.000000000000000000e+00,0.000000000000000000e+00,0.000000000000000000e+00,8.011049723756902274e-02,0.000000000000000000e+00,0.000000000000000000e+00,0.000000000000000000e+00,2.770083102493048344e-03,2.762430939226567794e-03,8.241758241758212478e-03,2.793296089385499670e-03,0.000000000000000000e+00,2.747252747252737493e-03,0.000000000000000000e+00,3.123287671232877205e-01,6.475644699140401528e-01,0.000000000000000000e+00,5.555555555555535818e-03,2.747252747252737493e-03,0.000000000000000000e+00,2.785515320334219780e-03,0.000000000000000000e+00,0.000000000000000000e+00,0.000000000000000000e+00,0.000000000000000000e+00,0.000000000000000000e+00,2.754820936639146289e-03,0.000000000000000000e+00,0.000000000000000000e+00,1.139601139601142954e-02,0.000000000000000000e+00,0.000000000000000000e+00,0.000000000000000000e+00,2.840909090909060630e-03,1.666666666666671848e-02,0.000000000000000000e+00,2.793296089385499670e-03,2.770083102493048344e-03,0.000000000000000000e+00,0.000000000000000000e+00,0.000000000000000000e+00,0.000000000000000000e+00,6.809116809116808611e-01,8.356545961002770362e-03,0.000000000000000000e+00,1.104972375690604913e-02,0.000000000000000000e+00,9.560439560439560891e-01,8.241758241758212478e-03,1.643835616438360514e-02,0.000000000000000000e+00,0.000000000000000000e+00,0.000000000000000000e+00,0.000000000000000000e+00,0.000000000000000000e+00,0.000000000000000000e+00
0.000000000000000000e+00,0.000000000000000000e+00,2.689075630252101279e-01,0.000000000000000000e+00,0.000000000000000000e+00,1.000000000000000000e+00,0.000000000000000000e+00,0.000000000000000000e+00,0.000000000000000000e+00,0.000000000000000000e+00,0.000000000000000000e+00,0.000000000000000000e+00,1.453488372093025838e-02,2.194444444444444420e-01,0.000000000000000000e+00,0.000000000000000000e+00,1.169590643274853736e-02,0.000000000000000000e+00,8.746355685131157465e-03,5.555555555555555802e-01,0.000000000000000000e+00,5.666666666666666519e-01,0.000000000000000000e+00,0.000000000000000000e+00,1.449275362318835914e-02,2.816901408450700472e-03,0.000000000000000000e+00,0.000000000000000000e+00,0.000000000000000000e+00,0.000000000000000000e+00,9.670329670329670391e-01,0.000000000000000000e+00,0.000000000000000000e+00,0.000000000000000000e+00,2.506963788300835549e-01,2.027777777777777235e-01,1.749271137026242595e-02,0.000000000000000000e+00,6.024096385542132559e-03,1.000000000000000000e+00,2.785515320334219780e-03,0.000000000000000000e+00,0.000000000000000000e+00,2.754820936639146289e-03,0.000000000000000000e+00,0.000000000000000000e+00,0.000000000000000000e+00,1.501501501501500968e-02,5.552486187845304677e-01,2.906976744186051675e-03,5.837988826815643240e-01,0.000000000000000000e+00,0.000000000000000000e+00,0.000000000000000000e+00,0.000000000000000000e+00,2.225274725274725141e-01,1.492537313432840129e-02,1.988636363636364646e-02,0.000000000000000000e+00,0.000000000000000000e+00,2.754820936639146289e-03,5.813953488372103351e-03,0.000000000000000000e+00,1.392757660167132094e-02,2.203856749311294827e-01,0.000000000000000000e+00,0.000000000000000000e+00,2.140845070422535690e-01,2.507042253521126751e-01,0.000000000000000000e+00,0.000000000000000000e+00,2.108262108262107803e-01,0.000000000000000000e+00,0.000000000000000000e+00,2.801120448179261757e-03,5.798319327731091821e-01,0.000000000000000000e+00,2.386363636363636465e-01,2.430167597765363618e-01,0.000000000000000000e+00,5.552486187845304677e-01,0.000000000000000000e+00,0.000000000000000000e+00,0.000000000000000000e+00,0.000000000000000000e+00,0.000000000000000000e+00,1.392757660167132094e-02,0.000000000000000000e+00,2.305475504322762603e-02,0.000000000000000000e+00,2.785515320334219780e-03,0.000000000000000000e+00,8.126721763085399397e-01,0.000000000000000000e+00,0.000000000000000000e+00,0.000000000000000000e+00,2.747252747252737493e-03,2.747252747252737493e-03,0.000000000000000000e+00,2.093663911845730086e-01,0.000000000000000000e+00,0.000000000000000000e+00,5.734463276836158085e-01,6.704225352112676006e-01,8.033240997229916802e-01,2.762430939226567794e-03,1.420454545454541417e-02,0.000000000000000000e+00,0.000000000000000000e+00,0.000000000000000000e+00,1.388888888888883955e-02,2.785515320334219780e-03,0.000000000000000000e+00,8.005540166204986319e-01,0.000000000000000000e+00,2.873563218390828844e-03,0.000000000000000000e+00,0.000000000000000000e+00,0.000000000000000000e+00,0.000000000000000000e+00,0.000000000000000000e+00,0.000000000000000000e+00,0.000000000000000000e+00,0.000000000000000000e+00,0.000000000000000000e+00,1.388888888888883955e-02,1.388888888888883955e-02,1.388888888888883955e-02,1.388888888888883955e-02
0.000000000000000000e+00,0.000000000000000000e+00,0.000000000000000000e+00,0.000000000000000000e+00,0.000000000000000000e+00,0.000000000000000000e+00,1.000000000000000000e+00,0.000000000000000000e+00,0.000000000000000000e+00,0.000000000000000000e+00,0.000000000000000000e+00,0.000000000000000000e+00,0.000000000000000000e+00,0.000000000000000000e+00,0.000000000000000000e+00,0.000000000000000000e+00,0.000000000000000000e+00,0.000000000000000000e+00,0.000000000000000000e+00,0.000000000000000000e+00,0.000000000000000000e+00,0.000000000000000000e+00,0.000000000000000000e+00,0.000000000000000000e+00,0.000000000000000000e+00,0.000000000000000000e+00,0.000000000000000000e+00,0.000000000000000000e+00,0.000000000000000000e+00,2.840909090909060630e-03,0.000000000000000000e+00,0.000000000000000000e+00,0.000000000000000000e+00,0.000000000000000000e+00,0.000000000000000000e+00,0.000000000000000000e+00,2.710027100271017453e-03,0.000000000000000000e+00,0.000000000000000000e+00,0.000000000000000000e+00,0.000000000000000000e+00,0.000000000000000000e+00,2.724795640327015711e-03,5.128205128205109986e-03,0.000000000000000000e+00,0.000000000000000000e+00,0.000000000000000000e+00,0.000000000000000000e+00,0.000000000000000000e+00,0.000000000000000000e+00,0.000000000000000000e+00,0.000000000000000000e+00,0.000000000000000000e+00,0.000000000000000000e+00,0.000000000000000000e+00,0.000000000000000000e+00,0.000000000000000000e+00,2.793296089385499670e-03,0.000000000000000000e+00,0.000000000000000000e+00,7.692307692307664979e-03,0.000000000000000000e+00,0.000000000000000000e+00,0.000000000000000000e+00,0.000000000000000000e+00,0.000000000000000000e+00,0.000000000000000000e+00,0.000000000000000000e+00,0.000000000000000000e+00,0.000000000000000000e+00,0.000000000000000000e+00,0.000000000000000000e+00,0.000000000000000000e+00,0.000000000000000000e+00,2.604166666666629659e-03,0.000000000000000000e+00,0.000000000000000000e+00,0.000000000000000000e+00,0.000000000000000000e+00,2.551020408163240383e-03,0.000000000000000000e+00,0.000000000000000000e+00,0.000000000000000000e+00,2.710027100271017453e-03,0.000000000000000000e+00,0.000000000000000000e+00,0.000000000000000000e+00,2.557544757033292093e-03,0.000000000000000000e+00,0.000000000000000000e+00,2.590673575129542883e-03,0.000000000000000000e+00,0.000000000000000000e+00,0.000000000000000000e+00,0.000000000000000000e+00,0.000000000000000000e+00,2.557544757033292093e-03,0.000000000000000000e+00,0.000000000000000000e+00,0.000000000000000000e+00,0.000000000000000000e+00,0.000000000000000000e+00,0.000000000000000000e+00,0.000000000000000000e+00,0.000000000000000000e+00,0.000000000000000000e+00,0.000000000000000000e+00,0.000000000000000000e+00,2.570694087403624373e-03,0.000000000000000000e+00,0.000000000000000000e+00,2.590673575129542883e-03,2.557544757033292093e-03,0.000000000000000000e+00,0.000000000000000000e+00,2.777777777777767909e-03,0.000000000000000000e+00,0.000000000000000000e+00,0.000000000000000000e+00,0.000000000000000000e+00,0.000000000000000000e+00,0.000000000000000000e+00,0.000000000000000000e+00,2.570694087403624373e-03,0.000000000000000000e+00,0.000000000000000000e+00,0.000000000000000000e+00,2.583979328165342260e-03,0.000000000000000000e+00
9.539295392953929253e-01,0.000000000000000000e+00,2.801120448179261757e-03,1.373626373626368746e-02,0.000000000000000000e+00,0.000000000000000000e+00,0.000000000000000000e+00,1.000000000000000000e+00,9.972826086956522174e-01,2.785515320334219780e-03,0.000000000000000000e+00,5.434782608695676309e-03,0.000000000000000000e+00,0.000000000000000000e+00,0.000000000000000000e+00,1.084010840108395879e-02,0.000000000000000000e+00,2.710027100271017453e-03,0.000000000000000000e+00,0.000000000000000000e+00,0.000000000000000000e+00,0.000000000000000000e+00,2.724795640327015711e-03,3.921568627450966460e-03,0.000000000000000000e+00,0.000000000000000000e+00,0.000000000000000000e+00,0.000000000000000000e+00,8.152173913043458953e-03,0.000000000000000000e+00,0.000000000000000000e+00,0.000000000000000000e+00,0.000000000000000000e+00,5.509641873278181556e-03,0.000000000000000000e+00,0.000000000000000000e+00,0.000000000000000000e+00,0.000000000000000000e+00,0.000000000000000000e+00,0.000000000000000000e+00,0.000000000000000000e+00,2.710027100271017453e-03,0.000000000000000000e+00,0.000000000000000000e+00,0.000000000000000000e+00,0.000000000000000000e+00,0.000000000000000000e+00,0.000000000000000000e+00,0.000000000000000000e+00,0.000000000000000000e+00,0.000000000000000000e+00,8.241758241758212478e-03,8.241758241758212478e-03,2.710027100271017453e-03,0.000000000000000000e+00,0.000000000000000000e+00,0.000000000000000000e+00,0.000000000000000000e+00,0.000000000000000000e+00,0.000000000000000000e+00,2.717391304347782643e-03,0.000000000000000000e+00,5.434782608695676309e-03,0.000000000000000000e+00,0.000000000000000000e+00,0.000000000000000000e+00,1.084010840108395879e-02,0.000000000000000000e+00,0.000000000000000000e+00,0.000000000000000000e+00,0.000000000000000000e+00,0.000000000000000000e+00,0.000000000000000000e+00,0.000000000000000000e+00,0.000000000000000000e+00,0.000000000000000000e+00,0.000000000000000000e+00,0.000000000000000000e+00,0.000000000000000000e+00,8.130081300813052358e-03,2.739726027397249020e-03,0.000000000000000000e+00,0.000000000000000000e+00,0.000000000000000000e+00,8.264462809917327846e-03,0.000000000000000000e+00,0.000000000000000000e+00,0.000000000000000000e+00,0.000000000000000000e+00,0.000000000000000000e+00,0.000000000000000000e+00,0.000000000000000000e+00,0.000000000000000000e+00,0.000000000000000000e+00,0.000000000000000000e+00,0.000000000000000000e+00,0.000000000000000000e+00,0.000000000000000000e+00,0.000000000000000000e+00,0.000000000000000000e+00,0.000000000000000000e+00,0.000000000000000000e+00,0.000000000000000000e+00,0.000000000000000000e+00,0.000000000000000000e+00,0.000000000000000000e+00,0.000000000000000000e+00,2.754820936639146289e-03,0.000000000000000000e+00,0.000000000000000000e+00,0.000000000000000000e+00,0.000000000000000000e+00,0.000000000000000000e+00,0.000000000000000000e+00,0.000000000000000000e+00,0.000000000000000000e+00,0.000000000000000000e+00,8.241758241758212478e-03,0.000000000000000000e+00,0.000000000000000000e+00,0.000000000000000000e+00,2.717391304347782643e-03,0.000000000000000000e+00,0.000000000000000000e+00,8.130081300813052358e-03,0.000000000000000000e+00,0.000000000000000000e+00,0.000000000000000000e+00,0.000000000000000000e+00
9.513513513513514042e-01,0.000000000000000000e+00,0.000000000000000000e+00,5.494505494505474985e-03,0.000000000000000000e+00,0.000000000000000000e+00,0.000000000000000000e+00,9.972826086956522174e-01,1.000000000000000000e+00,0.000000000000000000e+00,2.777777777777767909e-03,2.710027100271017453e-03,0.000000000000000000e+00,0.000000000000000000e+00,0.000000000000000000e+00,1.621621621621616161e-02,2.890173410404650589e-03,2.702702702702675097e-03,0.000000000000000000e+00,0.000000000000000000e+00,0.000000000000000000e+00,0.000000000000000000e+00,0.000000000000000000e+00,0.000000000000000000e+00,2.873563218390828844e-03,0.000000000000000000e+00,2.710027100271017453e-03,0.000000000000000000e+00,5.420054200542034906e-03,0.000000000000000000e+00,0.000000000000000000e+00,0.000000000000000000e+00,0.000000000000000000e+00,1.098901098901094997e-02,0.000000000000000000e+00,2.762430939226567794e-03,2.873563218390828844e-03,0.000000000000000000e+00,0.000000000000000000e+00,0.000000000000000000e+00,0.000000000000000000e+00,0.000000000000000000e+00,2.762430939226567794e-03,0.000000000000000000e+00,0.000000000000000000e+00,0.000000000000000000e+00,0.000000000000000000e+00,0.000000000000000000e+00,0.000000000000000000e+00,0.000000000000000000e+00,2.801120448179261757e-03,5.479452054794498039e-03,2.747252747252737493e-03,0.000000000000000000e+00,0.000000000000000000e+00,0.000000000000000000e+00,2.949852507374672861e-03,0.000000000000000000e+00,0.000000000000000000e+00,0.000000000000000000e+00,0.000000000000000000e+00,0.000000000000000000e+00,5.420054200542034906e-03,0.000000000000000000e+00,0.000000000000000000e+00,0.000000000000000000e+00,1.084010840108395879e-02,0.000000000000000000e+00,0.000000000000000000e+00,0.000000000000000000e+00,0.000000000000000000e+00,0.000000000000000000e+00,0.000000000000000000e+00,0.000000000000000000e+00,0.000000000000000000e+00,0.000000000000000000e+00,0.000000000000000000e+00,0.000000000000000000e+00,0.000000000000000000e+00,5.405405405405350194e-03,0.000000000000000000e+00,0.000000000000000000e+00,0.000000000000000000e+00,0.000000000000000000e+00,5.494505494505474985e-03,0.000000000000000000e+00,0.000000000000000000e+00,0.000000000000000000e+00,0.000000000000000000e+00,0.000000000000000000e+00,0.000000000000000000e+00,0.000000000000000000e+00,0.000000000000000000e+00,0.000000000000000000e+00,2.824858757062176373e-03,0.000000000000000000e+00,0.000000000000000000e+00,2.702702702702675097e-03,0.000000000000000000e+00,0.000000000000000000e+00,0.000000000000000000e+00,0.000000000000000000e+00,0.000000000000000000e+00,0.000000000000000000e+00,2.762430939226567794e-03,0.000000000000000000e+00,0.000000000000000000e+00,0.000000000000000000e+00,0.000000000000000000e+00,0.000000000000000000e+00,0.000000000000000000e+00,0.000000000000000000e+00,0.000000000000000000e+00,0.000000000000000000e+00,0.000000000000000000e+00,2.832861189801749724e-03,0.000000000000000000e+00,8.241758241758212478e-03,0.000000000000000000e+00,0.000000000000000000e+00,0.000000000000000000e+00,0.000000000000000000e+00,0.000000000000000000e+00,0.000000000000000000e+00,8.130081300813052358e-03,0.000000000000000000e+00,0.000000000000000000e+00,0.000000000000000000e+00,0.000000000000000000e+00
0.000000000000000000e+00,0.000000000000000000e+00,0.000000000000000000e+00,0.000000000000000000e+00,8.919667590027701154e-01,0.000000000000000000e+00,0.000000000000000000e+00,2.785515320334219780e-03,0.000000000000000000e+00,1.000000000000000000e+00,8.249999999999999556e-01,0.000000000000000000e+00,0.000000000000000000e+00,0.000000000000000000e+00,0.000000000000000000e+00,0.000000000000000000e+00,6.849710982658959724e-01,0.000000000000000000e+00,6.133720930232557933e-01,0.000000000000000000e+00,1.373626373626368746e-02,0.000000000000000000e+00,3.186813186813186594e-01,0.000000000000000000e+00,0.000000000000000000e+00,8.272980501392757091e-01,0.000000000000000000e+00,0.000000000000000000e+00,0.000000000000000000e+00,0.000000000000000000e+00,0.000000000000000000e+00,0.000000000000000000e+00,0.000000000000000000e+00,0.000000000000000000e+00,0.000000000000000000e+00,0.000000000000000000e+00,6.075581395348836899e-01,0.000000000000000000e+00,6.208955223880596730e-01,0.000000000000000000e+00,0.000000000000000000e+00,0.000000000000000000e+00,9.972602739726027510e-01,0.000000000000000000e+00,0.000000000000000000e+00,0.000000000000000000e+00,1.392757660167132094e-02,6.011904761904761640e-01,0.000000000000000000e+00,6.695402298850574585e-01,0.000000000000000000e+00,0.000000000000000000e+00,2.777777777777767909e-03,0.000000000000000000e+00,0.000000000000000000e+00,0.000000000000000000e+00,5.828402366863905115e-01,2.849002849002801874e-03,0.000000000000000000e+00,0.000000000000000000e+00,0.000000000000000000e+00,6.685878962536022652e-01,0.000000000000000000e+00,0.000000000000000000e+00,0.000000000000000000e+00,7.438016528925617266e-02,0.000000000000000000e+00,0.000000000000000000e+00,0.000000000000000000e+00,0.000000000000000000e+00,1.392757660167132094e-02,0.000000000000000000e+00,0.000000000000000000e+00,2.824858757062176373e-03,0.000000000000000000e+00,0.000000000000000000e+00,7.458563535911599818e-02,2.857142857142891401e-03,0.000000000000000000e+00,5.464480874316945958e-03,0.000000000000000000e+00,0.000000000000000000e+00,8.219178082191747059e-03,2.785515320334219780e-03,0.000000000000000000e+00,2.747252747252737493e-03,0.000000000000000000e+00,3.205479452054794676e-01,6.275071633237823132e-01,0.000000000000000000e+00,0.000000000000000000e+00,0.000000000000000000e+00,0.000000000000000000e+00,2.785515320334219780e-03,2.857142857142891401e-03,0.000000000000000000e+00,0.000000000000000000e+00,0.000000000000000000e+00,0.000000000000000000e+00,0.000000000000000000e+00,0.000000000000000000e+00,0.000000000000000000e+00,1.139601139601142954e-02,0.000000000000000000e+00,0.000000000000000000e+00,0.000000000000000000e+00,0.000000000000000000e+00,1.666666666666671848e-02,0.000000000000000000e+00,5.571030640668550582e-03,0.000000000000000000e+00,0.000000000000000000e+00,0.000000000000000000e+00,0.000000000000000000e+00,0.000000000000000000e+00,6.846590909090908283e-01,1.388888888888883955e-02,0.000000000000000000e+00,1.104972375690604913e-02,0.000000000000000000e+00,8.870523415977961124e-01,1.648351648351653598e-02,1.095890410958899608e-02,2.747252747252737493e-03,0.000000000000000000e+00,0.000000000000000000e+00,0.000000000000000000e+00,0.000000000000000000e+00,0.000000000000000000e+00
0.000000000000000000e+00,0.000000000000000000e+00,0.000000000000000000e+00,2.777777777777767909e-03,8.416666666666666741e-01,0.000000000000000000e+00,0.000000000000000000e+00,0.000000000000000000e+00,2.777777777777767909e-03,8.249999999999999556e-01,1.000000000000000000e+00,0.000000000000000000e+00,0.000000000000000000e+00,0.000000000000000000e+00,0.000000000000000000e+00,2.739726027397249020e-03,6.473988439306358478e-01,0.000000000000000000e+00,5.860058309037901036e-01,0.000000000000000000e+00,1.101928374655647414e-02,0.000000000000000000e+00,3.085399449035812758e-01,0.000000000000000000e+00,0.000000000000000000e+00,9.972451790633608537e-01,0.000000000000000000e+00,0.000000000000000000e+00,0.000000000000000000e+00,0.000000000000000000e+00,0.000000000000000000e+00,0.000000000000000000e+00,0.000000000000000000e+00,0.000000000000000000e+00,0.000000000000000000e+00,0.000000000000000000e+00,5.801749271137026653e-01,0.000000000000000000e+00,5.970149253731342753e-01,0.000000000000000000e+00,0.000000000000000000e+00,0.000000000000000000e+00,8.259668508287292266e-01,0.000000000000000000e+00,0.000000000000000000e+00,0.000000000000000000e+00,1.114206128133710116e-02,5.833333333333332593e-01,0.000000000000000000e+00,6.321839080459770166e-01,0.000000000000000000e+00,2.777777777777767909e-03,2.777777777777767909e-03,1.917808219178085416e-02,0.000000000000000000e+00,0.000000000000000000e+00,5.739644970414201630e-01,0.000000000000000000e+00,0.000000000000000000e+00,0.000000000000000000e+00,0.000000000000000000e+00,6.522988505747127075e-01,0.000000000000000000e+00,0.000000000000000000e+00,0.000000000000000000e+00,8.011049723756902274e-02,0.000000000000000000e+00,2.840909090909060630e-03,0.000000000000000000e+00,0.000000000000000000e+00,1.111111111111107164e-02,2.865329512893977082e-03,0.000000000000000000e+00,0.000000000000000000e+00,0.000000000000000000e+00,0.000000000000000000e+00,8.839779005524861510e-02,0.000000000000000000e+00,0.000000000000000000e+00,2.739726027397249020e-03,0.000000000000000000e+00,2.762430939226567794e-03,1.098901098901094997e-02,0.000000000000000000e+00,0.000000000000000000e+00,0.000000000000000000e+00,2.785515320334219780e-03,3.131868131868131844e-01,5.919540229885057459e-01,0.000000000000000000e+00,0.000000000000000000e+00,0.000000000000000000e+00,0.000000000000000000e+00,0.000000000000000000e+00,2.857142857142891401e-03,0.000000000000000000e+00,0.000000000000000000e+00,0.000000000000000000e+00,0.000000000000000000e+00,0.000000000000000000e+00,0.000000000000000000e+00,0.000000000000000000e+00,1.139601139601142954e-02,0.000000000000000000e+00,0.000000000000000000e+00,0.000000000000000000e+00,0.000000000000000000e+00,8.333333333333303727e-03,0.000000000000000000e+00,2.785515320334219780e-03,0.000000000000000000e+00,0.000000000000000000e+00,0.000000000000000000e+00,0.000000000000000000e+00,0.000000000000000000e+00,6.410256410256409687e-01,1.392757660167132094e-02,0.000000000000000000e+00,1.385041551246535274e-02,2.762430939226567794e-03,8.397790055248618435e-01,1.648351648351653598e-02,8.241758241758212478e-03,0.000000000000000000e+00,0.000000000000000000e+00,0.000000000000000000e+00,2.770083102493048344e-03,0.000000000000000000e+00,0.000000000000000000e+00
5.089058524173073472e-03,0.000000000000000000e+00,0.000000000000000000e+00,2.204301075268817467e-01,2.739726027397249020e-03,0.000000000000000000e+00,0.000000000000000000e+00,5.434782608695676309e-03,2.710027100271017453e-03,0.000000000000000000e+00,0.000000000000000000e+00,1.000000000000000000e+00,2.857142857142891401e-03,0.000000000000000000e+00,0.000000000000000000e+00,2.258883248730964022e-01,0.000000000000000000e+00,2.538071065989799813e-03,0.000000000000000000e+00,0.000000000000000000e+00,0.000000000000000000e+00,0.000000000000000000e+00,2.557544757033292093e-03,0.000000000000000000e+00,0.000000000000000000e+00,0.000000000000000000e+00,0.000000000000000000e+00,0.000000000000000000e+00,9.287531806615776375e-01,0.000000000000000000e+00,0.000000000000000000e+00,0.000000000000000000e+00,0.000000000000000000e+00,2.359249329758713598e-01,0.000000000000000000e+00,2.710027100271017453e-03,0.000000000000000000e+00,0.000000000000000000e+00,2.949852507374672861e-03,0.000000000000000000e+00,0.000000000000000000e+00,0.000000000000000000e+00,0.000000000000000000e+00,0.000000000000000000e+00,0.000000000000000000e+00,2.564102564102554993e-03,0.000000000000000000e+00,0.000000000000000000e+00,0.000000000000000000e+00,2.824858757062176373e-03,0.000000000000000000e+00,8.897849462365591267e-01,8.894878706199460527e-01,0.000000000000000000e+00,0.000000000000000000e+00,0.000000000000000000e+00,0.000000000000000000e+00,0.000000000000000000e+00,0.000000000000000000e+00,0.000000000000000000e+00,0.000000000000000000e+00,2.824858757062176373e-03,8.982188295165394187e-01,2.590673575129542883e-03,0.000000000000000000e+00,0.000000000000000000e+00,2.213740458015267532e-01,2.762430939226567794e-03,0.000000000000000000e+00,0.000000000000000000e+00,0.000000000000000000e+00,0.000000000000000000e+00,0.000000000000000000e+00,0.000000000000000000e+00,0.000000000000000000e+00,0.000000000000000000e+00,0.000000000000000000e+00,0.000000000000000000e+00,0.000000000000000000e+00,2.411167512690355341e-01,0.000000000000000000e+00,0.000000000000000000e+00,2.551020408163240383e-03,2.695417789757459381e-03,2.895442359249329467e-01,0.000000000000000000e+00,0.000000000000000000e+00,0.000000000000000000e+00,0.000000000000000000e+00,0.000000000000000000e+00,0.000000000000000000e+00,0.000000000000000000e+00,0.000000000000000000e+00,0.000000000000000000e+00,0.000000000000000000e+00,0.000000000000000000e+00,0.000000000000000000e+00,0.000000000000000000e+00,0.000000000000000000e+00,0.000000000000000000e+00,0.000000000000000000e+00,2.688172043010750301e-03,0.000000000000000000e+00,0.000000000000000000e+00,0.000000000000000000e+00,0.000000000000000000e+00,0.000000000000000000e+00,0.000000000000000000e+00,0.000000000000000000e+00,0.000000000000000000e+00,0.000000000000000000e+00,0.000000000000000000e+00,5.089058524173073472e-03,0.000000000000000000e+00,0.000000000000000000e+00,0.000000000000000000e+00,0.000000000000000000e+00,2.032085561497326553e-01,2.570694087403624373e-03,0.000000000000000000e+00,2.570694087403624373e-03,2.551020408163240383e-03,0.000000000000000000e+00,0.000000000000000000e+00,1.882951653944020531e-01,0.000000000000000000e+00,0.000000000000000000e+00,0.000000000000000000e+00,0.000000000000000000e+00
0.000000000000000000e+00,0.000000000000000000e+00,0.000000000000000000e+00,0.000000000000000000e+00,0.000000000000000000e+00,1.453488372093025838e-02,0.000000000000000000e+00,0.000000000000000000e+00,0.000000000000000000e+00,0.000000000000000000e+00,0.000000000000000000e+00,2.857142857142891401e-03,1.000000000000000000e+00,0.000000000000000000e+00,0.000000000000000000e+00,0.000000000000000000e+00,0.000000000000000000e+00,0.000000000000000000e+00,9.118541033434679477e-03,0.000000000000000000e+00,0.000000000000000000e+00,0.000000000000000000e+00,0.000000000000000000e+00,0.000000000000000000e+00,9.971346704871060229e-01,0.000000000000000000e+00,0.000000000000000000e+00,0.000000000000000000e+00,0.000000000000000000e+00,2.654867256637172268e-02,1.719197707736386249e-02,0.000000000000000000e+00,0.000000000000000000e+00,2.881844380403508765e-03,0.000000000000000000e+00,0.000000000000000000e+00,3.030303030303049816e-03,0.000000000000000000e+00,6.230529595015577016e-03,1.453488372093025838e-02,4.610951008645536309e-02,0.000000000000000000e+00,0.000000000000000000e+00,0.000000000000000000e+00,0.000000000000000000e+00,0.000000000000000000e+00,0.000000000000000000e+00,0.000000000000000000e+00,0.000000000000000000e+00,0.000000000000000000e+00,0.000000000000000000e+00,0.000000000000000000e+00,0.000000000000000000e+00,0.000000000000000000e+00,0.000000000000000000e+00,0.000000000000000000e+00,0.000000000000000000e+00,7.902298850574712707e-01,0.000000000000000000e+00,0.000000000000000000e+00,0.000000000000000000e+00,0.000000000000000000e+00,2.857142857142891401e-03,7.421203438395416185e-01,0.000000000000000000e+00,0.000000000000000000e+00,0.000000000000000000e+00,2.932551319648091237e-03,1.173020527859236495e-02,0.000000000000000000e+00,0.000000000000000000e+00,2.958579881656819843e-03,0.000000000000000000e+00,0.000000000000000000e+00,0.000000000000000000e+00,0.000000000000000000e+00,0.000000000000000000e+00,1.179941002949858042e-02,0.000000000000000000e+00,0.000000000000000000e+00,2.881844380403508765e-03,0.000000000000000000e+00,0.000000000000000000e+00,2.890173410404650589e-03,2.873563218390828844e-03,0.000000000000000000e+00,7.471264367816091712e-01,0.000000000000000000e+00,9.009009009009028013e-03,0.000000000000000000e+00,4.626436781609195581e-01,0.000000000000000000e+00,0.000000000000000000e+00,0.000000000000000000e+00,4.215116279069767158e-01,0.000000000000000000e+00,2.857142857142891401e-03,2.857142857142891401e-03,0.000000000000000000e+00,0.000000000000000000e+00,0.000000000000000000e+00,0.000000000000000000e+00,0.000000000000000000e+00,5.865102639296182474e-03,0.000000000000000000e+00,0.000000000000000000e+00,7.579250720461094826e-01,2.881844380403508765e-03,2.865329512893977082e-03,0.000000000000000000e+00,7.593123209169054810e-01,2.898550724637627418e-03,5.714285714285671780e-03,0.000000000000000000e+00,0.000000000000000000e+00,0.000000000000000000e+00,0.000000000000000000e+00,0.000000000000000000e+00,0.000000000000000000e+00,2.865329512893977082e-03,0.000000000000000000e+00,0.000000000000000000e+00,0.000000000000000000e+00,0.000000000000000000e+00,0.000000000000000000e+00,8.028571428571428248e-01,8.000000000000000444e-01,7.971428571428571530e-01,8.028571428571428248e-01
2.739726027397249020e-03,0.000000000000000000e+00,7.548746518105849956e-01,0.000000000000000000e+00,0.000000000000000000e+00,2.194444444444444420e-01,0.000000000000000000e+00,0.000000000000000000e+00,0.000000000000000000e+00,0.000000000000000000e+00,0.000000000000000000e+00,0.000000000000000000e+00,0.000000000000000000e+00,1.000000000000000000e+00,0.000000000000000000e+00,0.000000000000000000e+00,8.746355685131157465e-03,0.000000000000000000e+00,1.162790697674420670e-02,1.777777777777778123e-01,0.000000000000000000e+00,1.772853185595567593e-01,0.000000000000000000e+00,0.000000000000000000e+00,0.000000000000000000e+00,2.808988764044895170e-03,0.000000000000000000e+00,0.000000000000000000e+00,0.000000000000000000e+00,0.000000000000000000e+00,2.335164835164834640e-01,0.000000000000000000e+00,0.000000000000000000e+00,0.000000000000000000e+00,7.541436464088397962e-01,7.079889807162533799e-01,8.746355685131157465e-03,0.000000000000000000e+00,9.009009009009028013e-03,2.249999999999999778e-01,0.000000000000000000e+00,0.000000000000000000e+00,0.000000000000000000e+00,0.000000000000000000e+00,0.000000000000000000e+00,0.000000000000000000e+00,0.000000000000000000e+00,8.982035928143727865e-03,1.740331491712707734e-01,8.695652173912993277e-03,1.932773109243697274e-01,0.000000000000000000e+00,2.770083102493048344e-03,5.479452054794498039e-03,0.000000000000000000e+00,9.890410958904110039e-01,8.928571428571396851e-03,5.665722379603388426e-03,0.000000000000000000e+00,0.000000000000000000e+00,0.000000000000000000e+00,5.797101449275365859e-03,2.739726027397249020e-03,2.777777777777767909e-03,7.123287671232876317e-01,0.000000000000000000e+00,0.000000000000000000e+00,7.002801120448178818e-01,2.941176470588234837e-01,0.000000000000000000e+00,0.000000000000000000e+00,7.053824362606232468e-01,0.000000000000000000e+00,0.000000000000000000e+00,0.000000000000000000e+00,1.690140845070422504e-01,0.000000000000000000e+00,2.788732394366196798e-01,7.091412742382271484e-01,0.000000000000000000e+00,1.381215469613259472e-01,0.000000000000000000e+00,0.000000000000000000e+00,2.777777777777767909e-03,0.000000000000000000e+00,0.000000000000000000e+00,0.000000000000000000e+00,0.000000000000000000e+00,8.620689655172375510e-03,0.000000000000000000e+00,0.000000000000000000e+00,0.000000000000000000e+00,2.362637362637363125e-01,0.000000000000000000e+00,2.840909090909060630e-03,0.000000000000000000e+00,2.739726027397249020e-03,2.739726027397249020e-03,0.000000000000000000e+00,7.060439560439559781e-01,0.000000000000000000e+00,0.000000000000000000e+00,1.943661971830985546e-01,1.887323943661971537e-01,2.216066481994459769e-01,0.000000000000000000e+00,2.824858757062176373e-03,0.000000000000000000e+00,0.000000000000000000e+00,0.000000000000000000e+00,0.000000000000000000e+00,0.000000000000000000e+00,5.479452054794498039e-03,2.132963988919667209e-01,0.000000000000000000e+00,5.714285714285671780e-03,2.777777777777767909e-03,0.000000000000000000e+00,2.762430939226567794e-03,2.754820936639146289e-03,0.000000000000000000e+00,0.000000000000000000e+00,0.000000000000000000e+00,0.000000000000000000e+00,0.000000000000000000e+00,0.000000000000000000e+00,0.000000000000000000e+00,0.000000000000000000e+00,0.000000000000000000e+00
0.000000000000000000e+00,0.000000000000000000e+00,0.000000000000000000e+00,0.000000000000000000e+00,2.801120448179261757e-03,0.000000000000000000e+00,0.000000000000000000e+00,0.000000000000000000e+00,0.000000000000000000e+00,0.000000000000000000e+00,0.000000000000000000e+00,0.000000000000000000e+00,0.000000000000000000e+00,0.000000000000000000e+00,1.000000000000000000e+00,0.000000000000000000e+00,0.000000000000000000e+00,0.000000000000000000e+00,0.000000000000000000e+00,0.000000000000000000e+00,0.000000000000000000e+00,0.000000000000000000e+00,0.000000000000000000e+00,0.000000000000000000e+00,0.000000000000000000e+00,0.000000000000000000e+00,0.000000000000000000e+00,2.777777777777767909e-03,0.000000000000000000e+00,0.000000000000000000e+00,0.000000000000000000e+00,0.000000000000000000e+00,0.000000000000000000e+00,0.000000000000000000e+00,0.000000000000000000e+00,0.000000000000000000e+00,0.000000000000000000e+00,2.739726027397249020e-03,3.003003003003046345e-03,0.000000000000000000e+00,0.000000000000000000e+00,0.000000000000000000e+00,2.777777777777767909e-03,0.000000000000000000e+00,0.000000000000000000e+00,0.000000000000000000e+00,0.000000000000000000e+00,0.000000000000000000e+00,0.000000000000000000e+00,0.000000000000000000e+00,0.000000000000000000e+00,0.000000000000000000e+00,0.000000000000000000e+00,2.717391304347782643e-03,0.000000000000000000e+00,0.000000000000000000e+00,0.000000000000000000e+00,0.000000000000000000e+00,0.000000000000000000e+00,9.917808219178082529e-01,0.000000000000000000e+00,0.000000000000000000e+00,0.000000000000000000e+00,0.000000000000000000e+00,0.000000000000000000e+00,0.000000000000000000e+00,0.000000000000000000e+00,0.000000000000000000e+00,0.000000000000000000e+00,0.000000000000000000e+00,0.000000000000000000e+00,0.000000000000000000e+00,0.000000000000000000e+00,9.889196675900276956e-01,0.000000000000000000e+00,0.000000000000000000e+00,0.000000000000000000e+00,0.000000000000000000e+00,0.000000000000000000e+00,0.000000000000000000e+00,0.000000000000000000e+00,0.000000000000000000e+00,0.000000000000000000e+00,0.000000000000000000e+00,0.000000000000000000e+00,0.000000000000000000e+00,0.000000000000000000e+00,0.000000000000000000e+00,2.849002849002801874e-03,0.000000000000000000e+00,0.000000000000000000e+00,0.000000000000000000e+00,0.000000000000000000e+00,7.438016528925617266e-02,0.000000000000000000e+00,0.000000000000000000e+00,0.000000000000000000e+00,0.000000000000000000e+00,2.717391304347782643e-03,0.000000000000000000e+00,0.000000000000000000e+00,0.000000000000000000e+00,0.000000000000000000e+00,0.000000000000000000e+00,0.000000000000000000e+00,0.000000000000000000e+00,0.000000000000000000e+00,2.762430939226567794e-03,2.732240437158472979e-03,5.801104972375692448e-02,0.000000000000000000e+00,2.754820936639146289e-03,0.000000000000000000e+00,0.000000000000000000e+00,0.000000000000000000e+00,2.840909090909060630e-03,2.762430939226567794e-03,0.000000000000000000e+00,2.739726027397249020e-03,0.000000000000000000e+00,0.000000000000000000e+00,0.000000000000000000e+00,0.000000000000000000e+00,0.000000000000000000e+00,0.000000000000000000e+00,0.000000000000000000e+00,0.000000000000000000e+00,0.000000000000000000e+00,0.000000000000000000e+00
7.633587786259554697e-03,0.000000000000000000e+00,0.000000000000000000e+00,9.112903225806451291e-01,0.000000000000000000e+00,0.000000000000000000e+00,0.000000000000000000e+00,1.084010840108395879e-02,1.621621621621616161e-02,0.000000000000000000e+00,2.739726027397249020e-03,2.258883248730964022e-01,0.000000000000000000e+00,0.000000000000000000e+00,0.000000000000000000e+00,1.000000000000000000e+00,0.000000000000000000e+00,0.000000000000000000e+00,0.000000000000000000e+00,0.000000000000000000e+00,0.000000000000000000e+00,0.000000000000000000e+00,0.000000000000000000e+00,0.000000000000000000e+00,0.000000000000000000e+00,0.000000000000000000e+00,2.551020408163240383e-03,0.000000000000000000e+00,2.264631043256997156e-01,0.000000000000000000e+00,0.000000000000000000e+00,0.000000000000000000e+00,0.000000000000000000e+00,9.090909090909090606e-01,0.000000000000000000e+00,0.000000000000000000e+00,0.000000000000000000e+00,0.000000000000000000e+00,2.941176470588224845e-03,0.000000000000000000e+00,0.000000000000000000e+00,0.000000000000000000e+00,5.420054200542034906e-03,0.000000000000000000e+00,0.000000000000000000e+00,2.564102564102554993e-03,0.000000000000000000e+00,2.923976608187106585e-03,0.000000000000000000e+00,0.000000000000000000e+00,0.000000000000000000e+00,2.231182795698924970e-01,2.210242587601077835e-01,0.000000000000000000e+00,0.000000000000000000e+00,0.000000000000000000e+00,0.000000000000000000e+00,2.777777777777767909e-03,0.000000000000000000e+00,0.000000000000000000e+00,0.000000000000000000e+00,0.000000000000000000e+00,2.290076335877863078e-01,0.000000000000000000e+00,0.000000000000000000e+00,2.564102564102554993e-03,1.000000000000000000e+00,0.000000000000000000e+00,0.000000000000000000e+00,0.000000000000000000e+00,0.000000000000000000e+00,0.000000000000000000e+00,0.000000000000000000e+00,0.000000000000000000e+00,0.000000000000000000e+00,0.000000000000000000e+00,2.564102564102554993e-03,2.793296089385499670e-03,0.000000000000000000e+00,9.137055837563451410e-01,0.000000000000000000e+00,0.000000000000000000e+00,0.000000000000000000e+00,0.000000000000000000e+00,3.002680965147452863e-01,0.000000000000000000e+00,0.000000000000000000e+00,0.000000000000000000e+00,0.000000000000000000e+00,0.000000000000000000e+00,0.000000000000000000e+00,0.000000000000000000e+00,0.000000000000000000e+00,0.000000000000000000e+00,0.000000000000000000e+00,0.000000000000000000e+00,0.000000000000000000e+00,0.000000000000000000e+00,0.000000000000000000e+00,0.000000000000000000e+00,0.000000000000000000e+00,0.000000000000000000e+00,0.000000000000000000e+00,0.000000000000000000e+00,0.000000000000000000e+00,0.000000000000000000e+00,0.000000000000000000e+00,0.000000000000000000e+00,2.551020408163240383e-03,0.000000000000000000e+00,0.000000000000000000e+00,2.577319587628856823e-03,0.000000000000000000e+00,0.000000000000000000e+00,0.000000000000000000e+00,0.000000000000000000e+00,0.000000000000000000e+00,5.920000000000000817e-01,0.000000000000000000e+00,0.000000000000000000e+00,0.000000000000000000e+00,0.000000000000000000e+00,2.544529262086481225e-03,0.000000000000000000e+00,5.736040609137056379e-01,0.000000000000000000e+00,0.000000000000000000e+00,2.570694087403624373e-03,2.570694087403624373e-03
2.849002849002801874e-03,0.000000000000000000e+00,5.882352941176449690e-03,2.890173410404650589e-03,6.849710982658959724e-01,1.169590643274853736e-02,0.000000000000000000e+00,0.000000000000000000e+00,2.890173410404650589e-03,6.849710982658959724e-01,6.473988439306358478e-01,0.000000000000000000e+00,0.000000000000000000e+00,8.746355685131157465e-03,0.000000000000000000e+00,0.000000000000000000e+00,1.000000000000000000e+00,0.000000000000000000e+00,6.893491124260355818e-01,5.780346820809301178e-03,5.714285714285671780e-03,8.670520231213840745e-03,3.008595988538681487e-01,0.000000000000000000e+00,0.000000000000000000e+00,6.637681159420290022e-01,0.000000000000000000e+00,0.000000000000000000e+00,0.000000000000000000e+00,0.000000000000000000e+00,5.730659025787954164e-03,0.000000000000000000e+00,0.000000000000000000e+00,0.000000000000000000e+00,5.830903790087438310e-03,2.906976744186051675e-03,6.970588235294117307e-01,0.000000000000000000e+00,6.816816816816817504e-01,1.169590643274853736e-02,0.000000000000000000e+00,0.000000000000000000e+00,6.743515850144092827e-01,0.000000000000000000e+00,0.000000000000000000e+00,0.000000000000000000e+00,1.445086705202314192e-02,6.656716417910447658e-01,5.763688760806906508e-03,9.942693409742120458e-01,1.176470588235289938e-02,2.890173410404650589e-03,2.890173410404650589e-03,2.849002849002801874e-03,0.000000000000000000e+00,8.571428571428563181e-03,6.706231454005935344e-01,0.000000000000000000e+00,0.000000000000000000e+00,0.000000000000000000e+00,0.000000000000000000e+00,9.942693409742120458e-01,2.849002849002801874e-03,2.890173410404650589e-03,5.730659025787954164e-03,6.034482758620685061e-02,0.000000000000000000e+00,5.899705014749234699e-03,2.949852507374672861e-03,0.000000000000000000e+00,1.734104046242779251e-02,5.952380952380931234e-03,0.000000000000000000e+00,0.000000000000000000e+00,0.000000000000000000e+00,8.849557522123907560e-03,5.747126436781613279e-02,0.000000000000000000e+00,8.771929824561430777e-03,0.000000000000000000e+00,5.763688760806906508e-03,0.000000000000000000e+00,1.428571428571423496e-02,0.000000000000000000e+00,0.000000000000000000e+00,5.714285714285671780e-03,2.890173410404650589e-03,2.621082621082621023e-01,7.055393586005831441e-01,0.000000000000000000e+00,2.890173410404650589e-03,0.000000000000000000e+00,5.730659025787954164e-03,0.000000000000000000e+00,0.000000000000000000e+00,0.000000000000000000e+00,0.000000000000000000e+00,0.000000000000000000e+00,0.000000000000000000e+00,5.730659025787954164e-03,0.000000000000000000e+00,0.000000000000000000e+00,2.071005917159762788e-02,5.899705014749234699e-03,8.720930232558155026e-03,0.000000000000000000e+00,0.000000000000000000e+00,1.734104046242779251e-02,0.000000000000000000e+00,0.000000000000000000e+00,0.000000000000000000e+00,0.000000000000000000e+00,2.849002849002801874e-03,1.162790697674420670e-02,0.000000000000000000e+00,7.275362318840579157e-01,1.734104046242779251e-02,2.881844380403508765e-03,1.436781609195403320e-02,0.000000000000000000e+00,6.781609195402298340e-01,8.571428571428563181e-03,1.428571428571423496e-02,0.000000000000000000e+00,0.000000000000000000e+00,0.000000000000000000e+00,0.000000000000000000e+00,0.000000000000000000e+00,0.000000000000000000e+00
2.538071065989799813e-03,0.000000000000000000e+00,0.000000000000000000e+00,0.000000000000000000e+00,2.732240437158472979e-03,0.000000000000000000e+00,0.000000000000000000e+00,2.710027100271017453e-03,2.702702702702675097e-03,0.000000000000000000e+00,0.000000000000000000e+00,2.538071065989799813e-03,0.000000000000000000e+00,0.000000000000000000e+00,0.000000000000000000e+00,0.000000000000000000e+00,0.000000000000000000e+00,1.000000000000000000e+00,0.000000000000000000e+00,0.000000000000000000e+00,0.000000000000000000e+00,0.000000000000000000e+00,0.000000000000000000e+00,0.000000000000000000e+00,0.000000000000000000e+00,0.000000000000000000e+00,0.000000000000000000e+00,0.000000000000000000e+00,0.000000000000000000e+00,0.000000000000000000e+00,0.000000000000000000e+00,0.000000000000000000e+00,0.000000000000000000e+00,0.000000000000000000e+00,0.000000000000000000e+00,0.000000000000000000e+00,2.695417789757459381e-03,2.557544757033292093e-03,0.000000000000000000e+00,0.000000000000000000e+00,0.000000000000000000e+00,3.265822784810126223e-01,0.000000000000000000e+00,0.000000000000000000e+00,0.000000000000000000e+00,0.000000000000000000e+00,0.000000000000000000e+00,2.923976608187106585e-03,0.000000000000000000e+00,0.000000000000000000e+00,0.000000000000000000e+00,0.000000000000000000e+00,0.000000000000000000e+00,0.000000000000000000e+00,0.000000000000000000e+00,0.000000000000000000e+00,0.000000000000000000e+00,0.000000000000000000e+00,0.000000000000000000e+00,0.000000000000000000e+00,0.000000000000000000e+00,0.000000000000000000e+00,2.538071065989799813e-03,0.000000000000000000e+00,0.000000000000000000e+00,0.000000000000000000e+00,2.538071065989799813e-03,0.000000000000000000e+00,0.000000000000000000e+00,0.000000000000000000e+00,0.000000000000000000e+00,2.785515320334219780e-03,0.000000000000000000e+00,0.000000000000000000e+00,0.000000000000000000e+00,0.000000000000000000e+00,0.000000000000000000e+00,0.000000000000000000e+00,0.000000000000000000e+00,0.000000000000000000e+00,0.000000000000000000e+00,0.000000000000000000e+00,0.000000000000000000e+00,0.000000000000000000e+00,0.000000000000000000e+00,0.000000000000000000e+00,2.577319587628856823e-03,0.000000000000000000e+00,0.000000000000000000e+00,0.000000000000000000e+00,0.000000000000000000e+00,0.000000000000000000e+00,0.000000000000000000e+00,0.000000000000000000e+00,0.000000000000000000e+00,0.000000000000000000e+00,0.000000000000000000e+00,0.000000000000000000e+00,0.000000000000000000e+00,0.000000000000000000e+00,0.000000000000000000e+00,0.000000000000000000e+00,0.000000000000000000e+00,0.000000000000000000e+00,0.000000000000000000e+00,0.000000000000000000e+00,2.754820936639146289e-03,0.000000000000000000e+00,0.000000000000000000e+00,0.000000000000000000e+00,0.000000000000000000e+00,0.000000000000000000e+00,0.000000000000000000e+00,0.000000000000000000e+00,0.000000000000000000e+00,0.000000000000000000e+00,0.000000000000000000e+00,0.000000000000000000e+00,0.000000000000000000e+00,0.000000000000000000e+00,0.000000000000000000e+00,0.000000000000000000e+00,0.000000000000000000e+00,0.000000000000000000e+00,0.000000000000000000e+00,0.000000000000000000e+00,2.564102564102554993e-03,0.000000000000000000e+00,0.000000000000000000e+00
0.000000000000000000e+00,0.000000000000000000e+00,5.882352941176449690e-03,0.000000000000000000e+00,6.220930232558139483e-01,8.746355685131157465e-03,0.000000000000000000e+00,0.000000000000000000e+00,0.000000000000000000e+00,6.133720930232557933e-01,5.860058309037901036e-01,0.000000000000000000e+00,9.118541033434679477e-03,1.162790697674420670e-02,0.000000000000000000e+00,0.000000000000000000e+00,6.893491124260355818e-01,0.000000000000000000e+00,1.000000000000000000e+00,1.092896174863389192e-02,5.405405405405350194e-03,1.366120218579236489e-02,2.737127371273713194e-01,0.000000000000000000e+00,6.079027355623045636e-03,5.772594752186588352e-01,0.000000000000000000e+00,0.000000000000000000e+00,0.000000000000000000e+00,0.000000000000000000e+00,1.084010840108395879e-02,0.000000000000000000e+00,0.000000000000000000e+00,0.000000000000000000e+00,2.881844380403508765e-03,5.763688760806906508e-03,7.362637362637363125e-01,2.717391304347782643e-03,9.911764705882353255e-01,5.830903790087438310e-03,2.732240437158472979e-03,0.000000000000000000e+00,6.195965417867435043e-01,0.000000000000000000e+00,0.000000000000000000e+00,0.000000000000000000e+00,5.763688760806906508e-03,6.994047619047618625e-01,8.174386920980936111e-03,6.774193548387097419e-01,1.461988304093564395e-02,0.000000000000000000e+00,0.000000000000000000e+00,0.000000000000000000e+00,0.000000000000000000e+00,1.084010840108395879e-02,6.941176470588235059e-01,8.875739644970459530e-03,0.000000000000000000e+00,0.000000000000000000e+00,0.000000000000000000e+00,6.803519061583578331e-01,0.000000000000000000e+00,8.241758241758212478e-03,8.130081300813052358e-03,6.521739130434778264e-02,0.000000000000000000e+00,5.882352941176449690e-03,2.941176470588224845e-03,0.000000000000000000e+00,8.620689655172375510e-03,5.934718100890190584e-03,0.000000000000000000e+00,2.941176470588224845e-03,0.000000000000000000e+00,8.797653958944273711e-03,7.336956521739135262e-02,2.976190476190465617e-03,8.771929824561430777e-03,0.000000000000000000e+00,5.449591280653920400e-03,2.717391304347782643e-03,8.108108108108136314e-03,2.865329512893977082e-03,0.000000000000000000e+00,2.710027100271017453e-03,1.095890410958899608e-02,2.533692722371967410e-01,7.615176151761517964e-01,0.000000000000000000e+00,8.219178082191747059e-03,0.000000000000000000e+00,1.084010840108395879e-02,0.000000000000000000e+00,1.183431952662716835e-02,0.000000000000000000e+00,2.695417789757459381e-03,0.000000000000000000e+00,0.000000000000000000e+00,1.084010840108395879e-02,0.000000000000000000e+00,0.000000000000000000e+00,2.046783625730996814e-02,5.882352941176449690e-03,1.440922190201732178e-02,0.000000000000000000e+00,8.823529411764674535e-03,2.857142857142891401e-03,0.000000000000000000e+00,0.000000000000000000e+00,8.174386920980936111e-03,0.000000000000000000e+00,2.695417789757459381e-03,1.440922190201732178e-02,0.000000000000000000e+00,6.763005780346820206e-01,2.857142857142891401e-03,2.840909090909060630e-03,5.449591280653920400e-03,0.000000000000000000e+00,6.212534059945504783e-01,5.420054200542034906e-03,5.405405405405350194e-03,0.000000000000000000e+00,0.000000000000000000e+00,8.196721311475418936e-03,8.174386920980936111e-03,8.196721311475418936e-03,8.196721311475418936e-03
0.000000000000000000e+00,0.000000000000000000e+00,2.100840336134454089e-01,0.000000000000000000e+00,0.000000000000000000e+00,5.555555555555555802e-01,0.000000000000000000e+00,0.000000000000000000e+00,0.000000000000000000e+00,0.000000000000000000e+00,0.000000000000000000e+00,0.000000000000000000e+00,0.000000000000000000e+00,1.777777777777778123e-01,0.000000000000000000e+00,0.000000000000000000e+00,5.780346820809301178e-03,0.000000000000000000e+00,1.092896174863389192e-02,1.000000000000000000e+00,0.000000000000000000e+00,4.255874673629242988e-01,0.000000000000000000e+00,0.000000000000000000e+00,2.890173410404650589e-03,0.000000000000000000e+00,0.000000000000000000e+00,0.000000000000000000e+00,0.000000000000000000e+00,2.865329512893977082e-03,5.466321243523315498e-01,0.000000000000000000e+00,0.000000000000000000e+00,0.000000000000000000e+00,2.005494505494505031e-01,1.895604395604395531e-01,5.494505494505474985e-03,0.000000000000000000e+00,1.194029850746269883e-02,5.512465373961219495e-01,1.308900523560208029e-02,0.000000000000000000e+00,0.000000000000000000e+00,2.590673575129542883e-03,0.000000000000000000e+00,0.000000000000000000e+00,0.000000000000000000e+00,5.952380952380931234e-03,9.974093264248704571e-01,5.747126436781657688e-03,4.317548746518106162e-01,0.000000000000000000e+00,0.000000000000000000e+00,0.000000000000000000e+00,0.000000000000000000e+00,1.839378238341968785e-01,8.823529411764674535e-03,0.000000000000000000e+00,0.000000000000000000e+00,0.000000000000000000e+00,0.000000000000000000e+00,5.747126436781657688e-03,0.000000000000000000e+00,2.631578947368429233e-03,1.662337662337662891e-01,0.000000000000000000e+00,0.000000000000000000e+00,1.848739495798319421e-01,1.994382022471909988e-01,0.000000000000000000e+00,0.000000000000000000e+00,1.694915254237288060e-01,0.000000000000000000e+00,0.000000000000000000e+00,0.000000000000000000e+00,4.217877094972066754e-01,0.000000000000000000e+00,1.926345609065155395e-01,1.671309192200557403e-01,0.000000000000000000e+00,4.140625000000000000e-01,0.000000000000000000e+00,0.000000000000000000e+00,2.739726027397249020e-03,0.000000000000000000e+00,0.000000000000000000e+00,0.000000000000000000e+00,0.000000000000000000e+00,5.405405405405350194e-03,0.000000000000000000e+00,5.249343832021025058e-03,0.000000000000000000e+00,6.113989637305698999e-01,0.000000000000000000e+00,0.000000000000000000e+00,0.000000000000000000e+00,2.590673575129542883e-03,2.590673575129542883e-03,0.000000000000000000e+00,1.632124352331606465e-01,0.000000000000000000e+00,0.000000000000000000e+00,7.972222222222222765e-01,4.525139664804469497e-01,5.796703296703296093e-01,0.000000000000000000e+00,0.000000000000000000e+00,0.000000000000000000e+00,0.000000000000000000e+00,0.000000000000000000e+00,0.000000000000000000e+00,2.624671916010457018e-03,2.590673575129542883e-03,5.824175824175823468e-01,0.000000000000000000e+00,5.617977528089901362e-03,0.000000000000000000e+00,0.000000000000000000e+00,0.000000000000000000e+00,0.000000000000000000e+00,0.000000000000000000e+00,0.000000000000000000e+00,0.000000000000000000e+00,0.000000000000000000e+00,0.000000000000000000e+00,0.000000000000000000e+00,0.000000000000000000e+00,0.000000000000000000e+00,0.000000000000000000e+00
0.000000000000000000e+00,0.000000000000000000e+00,0.000000000000000000e+00,0.000000000000000000e+00,1.098901098901094997e-02,0.000000000000000000e+00,0.000000000000000000e+00,0.000000000000000000e+00,0.000000000000000000e+00,1.373626373626368746e-02,1.101928374655647414e-02,0.000000000000000000e+00,0.000000000000000000e+00,0.000000000000000000e+00,0.000000000000000000e+00,0.000000000000000000e+00,5.714285714285671780e-03,0.000000000000000000e+00,5.405405405405350194e-03,0.000000000000000000e+00,1.000000000000000000e+00,0.000000000000000000e+00,1.025641025641021997e-02,0.000000000000000000e+00,2.857142857142891401e-03,8.264462809917327846e-03,2.557544757033292093e-03,2.739726027397249020e-03,0.000000000000000000e+00,0.000000000000000000e+00,0.000000000000000000e+00,0.000000000000000000e+00,0.000000000000000000e+00,0.000000000000000000e+00,0.000000000000000000e+00,0.000000000000000000e+00,2.710027100271017453e-03,0.000000000000000000e+00,5.917159763313639687e-03,0.000000000000000000e+00,0.000000000000000000e+00,0.000000000000000000e+00,1.902173913043481157e-02,0.000000000000000000e+00,0.000000000000000000e+00,0.000000000000000000e+00,9.864498644986450238e-01,8.823529411764674535e-03,0.000000000000000000e+00,1.988636363636364646e-02,0.000000000000000000e+00,0.000000000000000000e+00,2.702702702702675097e-03,0.000000000000000000e+00,5.128205128205109986e-03,0.000000000000000000e+00,5.813953488372103351e-03,0.000000000000000000e+00,0.000000000000000000e+00,2.747252747252737493e-03,2.557544757033292093e-03,2.272727272727270709e-02,0.000000000000000000e+00,2.597402597402598268e-03,0.000000000000000000e+00,0.000000000000000000e+00,2.551020408163240383e-03,0.000000000000000000e+00,0.000000000000000000e+00,7.692307692307664979e-03,9.864864864864865135e-01,0.000000000000000000e+00,5.390835579514807741e-03,0.000000000000000000e+00,0.000000000000000000e+00,0.000000000000000000e+00,0.000000000000000000e+00,0.000000000000000000e+00,2.754820936639146289e-03,0.000000000000000000e+00,0.000000000000000000e+00,0.000000000000000000e+00,0.000000000000000000e+00,0.000000000000000000e+00,2.688172043010750301e-03,0.000000000000000000e+00,0.000000000000000000e+00,1.020408163265307255e-02,2.666666666666706043e-03,2.551020408163240383e-03,0.000000000000000000e+00,2.564102564102554993e-03,0.000000000000000000e+00,0.000000000000000000e+00,0.000000000000000000e+00,0.000000000000000000e+00,0.000000000000000000e+00,0.000000000000000000e+00,2.551020408163240383e-03,0.000000000000000000e+00,0.000000000000000000e+00,4.462365591397849940e-01,0.000000000000000000e+00,0.000000000000000000e+00,0.000000000000000000e+00,0.000000000000000000e+00,0.000000000000000000e+00,9.839142091152814906e-01,0.000000000000000000e+00,2.702702702702675097e-03,2.577319587628856823e-03,0.000000000000000000e+00,2.551020408163240383e-03,0.000000000000000000e+00,1.081081081081081141e-02,1.388888888888883955e-02,9.811827956989247479e-01,0.000000000000000000e+00,9.717223650385604650e-01,0.000000000000000000e+00,1.030927835051542729e-02,9.770408163265306145e-01,9.770992366412213359e-01,2.564102564102554993e-03,0.000000000000000000e+00,0.000000000000000000e+00,0.000000000000000000e+00,0.000000000000000000e+00,0.000000000000000000e+00
0.000000000000000000e+00,0.000000000000000000e+00,1.876750700280112039e-01,0.000000000000000000e+00,0.000000000000000000e+00,5.666666666666666519e-01,0.000000000000000000e+00,0.000000000000000000e+00,0.000000000000000000e+00,0.000000000000000000e+00,0.000000000000000000e+00,0.000000000000000000e+00,0.000000000000000000e+00,1.772853185595567593e-01,0.000000000000000000e+00,0.000000000000000000e+00,8.670520231213840745e-03,0.000000000000000000e+00,1.366120218579236489e-02,4.255874673629242988e-01,0.000000000000000000e+00,1.000000000000000000e+00,0.000000000000000000e+00,0.000000000000000000e+00,0.000000000000000000e+00,0.000000000000000000e+00,0.000000000000000000e+00,0.000000000000000000e+00,0.000000000000000000e+00,2.865329512893977082e-03,5.762273901808785403e-01,0.000000000000000000e+00,0.000000000000000000e+00,0.000000000000000000e+00,1.895604395604395531e-01,1.703296703296702796e-01,2.191780821917810318e-02,0.000000000000000000e+00,1.194029850746269883e-02,5.623268698060941428e-01,0.000000000000000000e+00,0.000000000000000000e+00,0.000000000000000000e+00,0.000000000000000000e+00,0.000000000000000000e+00,0.000000000000000000e+00,0.000000000000000000e+00,2.380952380952383596e-02,4.140625000000000000e-01,8.595988538681931246e-03,9.944903581267217074e-01,0.000000000000000000e+00,0.000000000000000000e+00,0.000000000000000000e+00,0.000000000000000000e+00,1.989664082687337965e-01,2.352941176470590978e-02,5.633802816901400945e-03,0.000000000000000000e+00,0.000000000000000000e+00,0.000000000000000000e+00,1.146131805157590833e-02,0.000000000000000000e+00,0.000000000000000000e+00,1.709844559585492751e-01,0.000000000000000000e+00,0.000000000000000000e+00,1.782729805013927304e-01,1.680672268907562605e-01,0.000000000000000000e+00,0.000000000000000000e+00,1.807909604519774005e-01,0.000000000000000000e+00,0.000000000000000000e+00,0.000000000000000000e+00,9.917127071823204076e-01,0.000000000000000000e+00,1.869688385269121511e-01,1.754874651810585107e-01,0.000000000000000000e+00,3.870129870129870309e-01,0.000000000000000000e+00,0.000000000000000000e+00,0.000000000000000000e+00,0.000000000000000000e+00,2.590673575129542883e-03,0.000000000000000000e+00,0.000000000000000000e+00,2.156334231805934198e-02,0.000000000000000000e+00,0.000000000000000000e+00,0.000000000000000000e+00,6.056701030927835738e-01,0.000000000000000000e+00,0.000000000000000000e+00,0.000000000000000000e+00,0.000000000000000000e+00,0.000000000000000000e+00,0.000000000000000000e+00,1.709844559585492751e-01,0.000000000000000000e+00,0.000000000000000000e+00,4.122562674094707447e-01,4.413407821229050620e-01,5.412087912087912844e-01,2.590673575129542883e-03,0.000000000000000000e+00,0.000000000000000000e+00,0.000000000000000000e+00,0.000000000000000000e+00,0.000000000000000000e+00,0.000000000000000000e+00,0.000000000000000000e+00,5.384615384615384359e-01,0.000000000000000000e+00,5.617977528089901362e-03,0.000000000000000000e+00,0.000000000000000000e+00,0.000000000000000000e+00,0.000000000000000000e+00,0.000000000000000000e+00,0.000000000000000000e+00,0.000000000000000000e+00,0.000000000000000000e+00,2.577319587628856823e-03,0.000000000000000000e+00,0.000000000000000000e+00,0.000000000000000000e+00,0.000000000000000000e+00
2.557544757033292093e-03,0.000000000000000000e+00,0.000000000000000000e+00,2.702702702702675097e-03,3.214285714285713969e-01,0.000000000000000000e+00,0.000000000000000000e+00,2.724795640327015711e-03,0.000000000000000000e+00,3.186813186813186594e-01,3.085399449035812758e-01,2.557544757033292093e-03,0.000000000000000000e+00,0.000000000000000000e+00,0.000000000000000000e+00,0.000000000000000000e+00,3.008595988538681487e-01,0.000000000000000000e+00,2.737127371273713194e-01,0.000000000000000000e+00,1.025641025641021997e-02,0.000000000000000000e+00,1.000000000000000000e+00,0.000000000000000000e+00,0.000000000000000000e+00,3.057851239669421295e-01,0.000000000000000000e+00,0.000000000000000000e+00,0.000000000000000000e+00,0.000000000000000000e+00,0.000000000000000000e+00,0.000000000000000000e+00,0.000000000000000000e+00,0.000000000000000000e+00,0.000000000000000000e+00,0.000000000000000000e+00,2.439024390243902385e-01,0.000000000000000000e+00,2.603550295857988139e-01,0.000000000000000000e+00,0.000000000000000000e+00,0.000000000000000000e+00,3.160762942779291595e-01,0.000000000000000000e+00,0.000000000000000000e+00,2.577319587628856823e-03,5.464480874316945958e-03,2.470588235294117752e-01,0.000000000000000000e+00,2.670454545454545858e-01,0.000000000000000000e+00,0.000000000000000000e+00,0.000000000000000000e+00,0.000000000000000000e+00,0.000000000000000000e+00,0.000000000000000000e+00,2.478134110787172384e-01,0.000000000000000000e+00,0.000000000000000000e+00,0.000000000000000000e+00,2.564102564102554993e-03,2.698863636363636465e-01,2.557544757033292093e-03,0.000000000000000000e+00,0.000000000000000000e+00,8.505154639175260822e-02,0.000000000000000000e+00,0.000000000000000000e+00,0.000000000000000000e+00,0.000000000000000000e+00,1.086956521739135262e-02,0.000000000000000000e+00,0.000000000000000000e+00,0.000000000000000000e+00,0.000000000000000000e+00,0.000000000000000000e+00,9.020618556701032187e-02,0.000000000000000000e+00,0.000000000000000000e+00,0.000000000000000000e+00,2.583979328165342260e-03,2.570694087403624373e-03,7.692307692307664979e-03,0.000000000000000000e+00,0.000000000000000000e+00,0.000000000000000000e+00,0.000000000000000000e+00,9.566326530612244694e-01,2.513368983957219305e-01,0.000000000000000000e+00,2.590673575129542883e-03,0.000000000000000000e+00,0.000000000000000000e+00,0.000000000000000000e+00,2.793296089385499670e-03,0.000000000000000000e+00,0.000000000000000000e+00,0.000000000000000000e+00,0.000000000000000000e+00,0.000000000000000000e+00,0.000000000000000000e+00,0.000000000000000000e+00,8.310249307479256053e-03,0.000000000000000000e+00,0.000000000000000000e+00,0.000000000000000000e+00,0.000000000000000000e+00,8.108108108108136314e-03,0.000000000000000000e+00,0.000000000000000000e+00,2.583979328165342260e-03,0.000000000000000000e+00,0.000000000000000000e+00,0.000000000000000000e+00,0.000000000000000000e+00,2.722222222222222543e-01,8.108108108108136314e-03,0.000000000000000000e+00,5.167958656330795542e-03,0.000000000000000000e+00,3.402061855670103219e-01,1.025641025641021997e-02,1.534526854219953051e-02,0.000000000000000000e+00,0.000000000000000000e+00,0.000000000000000000e+00,0.000000000000000000e+00,2.583979328165342260e-03,0.000000000000000000e+00
0.000000000000000000e+00,0.000000000000000000e+00,0.000000000000000000e+00,3.891050583657573725e-03,0.000000000000000000e+00,0.000000000000000000e+00,0.000000000000000000e+00,3.921568627450966460e-03,0.000000000000000000e+00,0.000000000000000000e+00,0.000000000000000000e+00,0.000000000000000000e+00,0.000000000000000000e+00,0.000000000000000000e+00,0.000000000000000000e+00,0.000000000000000000e+00,0.000000000000000000e+00,0.000000000000000000e+00,0.000000000000000000e+00,0.000000000000000000e+00,0.000000000000000000e+00,0.000000000000000000e+00,0.000000000000000000e+00,1.000000000000000000e+00,0.000000000000000000e+00,0.000000000000000000e+00,0.000000000000000000e+00,0.000000000000000000e+00,0.000000000000000000e+00,0.000000000000000000e+00,0.000000000000000000e+00,0.000000000000000000e+00,0.000000000000000000e+00,0.000000000000000000e+00,0.000000000000000000e+00,0.000000000000000000e+00,0.000000000000000000e+00,0.000000000000000000e+00,0.000000000000000000e+00,0.000000000000000000e+00,0.000000000000000000e+00,0.000000000000000000e+00,0.000000000000000000e+00,0.000000000000000000e+00,0.000000000000000000e+00,0.000000000000000000e+00,0.000000000000000000e+00,0.000000000000000000e+00,0.000000000000000000e+00,0.000000000000000000e+00,0.000000000000000000e+00,0.000000000000000000e+00,0.000000000000000000e+00,0.000000000000000000e+00,0.000000000000000000e+00,0.000000000000000000e+00,0.000000000000000000e+00,0.000000000000000000e+00,0.000000000000000000e+00,0.000000000000000000e+00,0.000000000000000000e+00,0.000000000000000000e+00,0.000000000000000000e+00,0.000000000000000000e+00,0.000000000000000000e+00,0.000000000000000000e+00,0.000000000000000000e+00,0.000000000000000000e+00,0.000000000000000000e+00,0.000000000000000000e+00,0.000000000000000000e+00,0.000000000000000000e+00,0.000000000000000000e+00,0.000000000000000000e+00,0.000000000000000000e+00,0.000000000000000000e+00,0.000000000000000000e+00,0.000000000000000000e+00,0.000000000000000000e+00,0.000000000000000000e+00,0.000000000000000000e+00,0.000000000000000000e+00,0.000000000000000000e+00,0.000000000000000000e+00,0.000000000000000000e+00,0.000000000000000000e+00,0.000000000000000000e+00,0.000000000000000000e+00,0.000000000000000000e+00,0.000000000000000000e+00,0.000000000000000000e+00,0.000000000000000000e+00,0.000000000000000000e+00,0.000000000000000000e+00,0.000000000000000000e+00,0.000000000000000000e+00,0.000000000000000000e+00,0.000000000000000000e+00,0.000000000000000000e+00,0.000000000000000000e+00,0.000000000000000000e+00,0.000000000000000000e+00,0.000000000000000000e+00,0.000000000000000000e+00,0.000000000000000000e+00,0.000000000000000000e+00,0.000000000000000000e+00,0.000000000000000000e+00,0.000000000000000000e+00,3.891050583657573725e-03,3.663003663003649990e-03,0.000000000000000000e+00,0.000000000000000000e+00,0.000000000000000000e+00,0.000000000000000000e+00,0.000000000000000000e+00,0.000000000000000000e+00,0.000000000000000000e+00,0.000000000000000000e+00,0.000000000000000000e+00,3.676470588235281056e-03,0.000000000000000000e+00,3.649635036496401419e-03,3.649635036496401419e-03,0.000000000000000000e+00,0.000000000000000000e+00,0.000000000000000000e+00,0.000000000000000000e+00,0.000000000000000000e+00
2.849002849002801874e-03,0.000000000000000000e+00,0.000000000000000000e+00,0.000000000000000000e+00,2.906976744186051675e-03,1.449275362318835914e-02,0.000000000000000000e+00,0.000000000000000000e+00,2.873563218390828844e-03,0.000000000000000000e+00,0.000000000000000000e+00,0.000000000000000000e+00,9.971346704871060229e-01,0.000000000000000000e+00,0.000000000000000000e+00,0.000000000000000000e+00,0.000000000000000000e+00,0.000000000000000000e+00,6.079027355623045636e-03,2.890173410404650589e-03,2.857142857142891401e-03,0.000000000000000000e+00,0.000000000000000000e+00,0.000000000000000000e+00,1.000000000000000000e+00,0.000000000000000000e+00,0.000000000000000000e+00,0.000000000000000000e+00,0.000000000000000000e+00,2.949852507374628452e-02,1.714285714285712636e-02,0.000000000000000000e+00,0.000000000000000000e+00,0.000000000000000000e+00,0.000000000000000000e+00,2.890173410404650589e-03,0.000000000000000000e+00,0.000000000000000000e+00,6.230529595015577016e-03,1.449275362318835914e-02,3.458213256484155007e-02,2.849002849002801874e-03,0.000000000000000000e+00,0.000000000000000000e+00,0.000000000000000000e+00,2.873563218390828844e-03,0.000000000000000000e+00,0.000000000000000000e+00,0.000000000000000000e+00,0.000000000000000000e+00,0.000000000000000000e+00,0.000000000000000000e+00,2.873563218390828844e-03,0.000000000000000000e+00,0.000000000000000000e+00,2.857142857142891401e-03,0.000000000000000000e+00,7.936962750716332060e-01,0.000000000000000000e+00,2.898550724637627418e-03,0.000000000000000000e+00,0.000000000000000000e+00,0.000000000000000000e+00,7.478510028653295727e-01,0.000000000000000000e+00,0.000000000000000000e+00,2.849002849002801874e-03,0.000000000000000000e+00,1.461988304093564395e-02,0.000000000000000000e+00,0.000000000000000000e+00,0.000000000000000000e+00,0.000000000000000000e+00,0.000000000000000000e+00,0.000000000000000000e+00,0.000000000000000000e+00,0.000000000000000000e+00,1.176470588235289938e-02,0.000000000000000000e+00,0.000000000000000000e+00,0.000000000000000000e+00,0.000000000000000000e+00,0.000000000000000000e+00,2.881844380403508765e-03,0.000000000000000000e+00,0.000000000000000000e+00,7.535816618911175269e-01,0.000000000000000000e+00,8.982035928143727865e-03,0.000000000000000000e+00,4.699140401146131296e-01,0.000000000000000000e+00,0.000000000000000000e+00,0.000000000000000000e+00,4.405797101449275832e-01,0.000000000000000000e+00,2.849002849002801874e-03,2.849002849002801874e-03,0.000000000000000000e+00,0.000000000000000000e+00,0.000000000000000000e+00,0.000000000000000000e+00,0.000000000000000000e+00,2.932551319648091237e-03,0.000000000000000000e+00,0.000000000000000000e+00,7.614942528735632044e-01,0.000000000000000000e+00,2.857142857142891401e-03,0.000000000000000000e+00,7.399999999999999911e-01,2.890173410404650589e-03,2.857142857142891401e-03,0.000000000000000000e+00,0.000000000000000000e+00,0.000000000000000000e+00,0.000000000000000000e+00,0.000000000000000000e+00,0.000000000000000000e+00,0.000000000000000000e+00,0.000000000000000000e+00,0.000000000000000000e+00,0.000000000000000000e+00,0.000000000000000000e+00,0.000000000000000000e+00,8.005698005698005382e-01,8.034188034188034511e-01,8.034188034188034511e-01,8.062678062678062529e-01
0.000000000000000000e+00,0.000000000000000000e+00,0.000000000000000000e+00,2.777777777777767909e-03,8.523676880222841312e-01,2.816901408450700472e-03,0.000000000000000000e+00,0.000000000000000000e+00,0.000000000000000000e+00,8.272980501392757091e-01,9.972451790633608537e-01,0.000000000000000000e+00,0.000000000000000000e+00,2.808988764044895170e-03,0.000000000000000000e+00,0.000000000000000000e+00,6.637681159420290022e-01,0.000000000000000000e+00,5.772594752186588352e-01,0.000000000000000000e+00,8.264462809917327846e-03,0.000000000000000000e+00,3.057851239669421295e-01,0.000000000000000000e+00,0.000000000000000000e+00,1.000000000000000000e+00,2.747252747252737493e-03,0.000000000000000000e+00,0.000000000000000000e+00,0.000000000000000000e+00,0.000000000000000000e+00,0.000000000000000000e+00,0.000000000000000000e+00,0.000000000000000000e+00,0.000000000000000000e+00,2.801120448179261757e-03,5.830903790087462735e-01,0.000000000000000000e+00,5.778443113772455675e-01,0.000000000000000000e+00,0.000000000000000000e+00,0.000000000000000000e+00,8.310249307479224967e-01,0.000000000000000000e+00,0.000000000000000000e+00,0.000000000000000000e+00,8.356545961002770362e-03,5.803571428571427937e-01,0.000000000000000000e+00,6.368876080691643349e-01,0.000000000000000000e+00,5.555555555555535818e-03,2.785515320334219780e-03,1.373626373626368746e-02,0.000000000000000000e+00,0.000000000000000000e+00,5.667655786350147551e-01,0.000000000000000000e+00,0.000000000000000000e+00,0.000000000000000000e+00,0.000000000000000000e+00,6.455331412103746391e-01,0.000000000000000000e+00,2.785515320334219780e-03,0.000000000000000000e+00,8.287292817679559054e-02,0.000000000000000000e+00,0.000000000000000000e+00,0.000000000000000000e+00,0.000000000000000000e+00,1.114206128133710116e-02,0.000000000000000000e+00,0.000000000000000000e+00,0.000000000000000000e+00,0.000000000000000000e+00,0.000000000000000000e+00,8.310249307479222747e-02,0.000000000000000000e+00,0.000000000000000000e+00,2.739726027397249020e-03,0.000000000000000000e+00,2.762430939226567794e-03,1.373626373626368746e-02,2.793296089385499670e-03,0.000000000000000000e+00,0.000000000000000000e+00,0.000000000000000000e+00,3.159340659340659219e-01,5.919540229885057459e-01,0.000000000000000000e+00,0.000000000000000000e+00,0.000000000000000000e+00,0.000000000000000000e+00,0.000000000000000000e+00,0.000000000000000000e+00,0.000000000000000000e+00,0.000000000000000000e+00,0.000000000000000000e+00,0.000000000000000000e+00,0.000000000000000000e+00,0.000000000000000000e+00,0.000000000000000000e+00,1.139601139601142954e-02,0.000000000000000000e+00,0.000000000000000000e+00,2.754820936639146289e-03,0.000000000000000000e+00,1.114206128133710116e-02,2.754820936639146289e-03,0.000000000000000000e+00,0.000000000000000000e+00,0.000000000000000000e+00,0.000000000000000000e+00,0.000000000000000000e+00,0.000000000000000000e+00,6.599999999999999201e-01,8.356545961002770362e-03,0.000000000000000000e+00,1.385041551246535274e-02,0.000000000000000000e+00,8.425414364640884113e-01,1.377410468319562042e-02,1.098901098901094997e-02,0.000000000000000000e+00,0.000000000000000000e+00,0.000000000000000000e+00,0.000000000000000000e+00,0.000000000000000000e+00,0.000000000000000000e+00
0.000000000000000000e+00,0.000000000000000000e+00,0.000000000000000000e+00,2.695417789757459381e-03,0.000000000000000000e+00,0.000000000000000000e+00,0.000000000000000000e+00,0.000000000000000000e+00,2.710027100271017453e-03,0.000000000000000000e+00,0.000000000000000000e+00,0.000000000000000000e+00,0.000000000000000000e+00,0.000000000000000000e+00,0.000000000000000000e+00,2.551020408163240383e-03,0.000000000000000000e+00,0.000000000000000000e+00,0.000000000000000000e+00,0.000000000000000000e+00,2.557544757033292093e-03,0.000000000000000000e+00,0.000000000000000000e+00,0.000000000000000000e+00,0.000000000000000000e+00,2.747252747252737493e-03,1.000000000000000000e+00,0.000000000000000000e+00,0.000000000000000000e+00,2.832861189801749724e-03,0.000000000000000000e+00,0.000000000000000000e+00,0.000000000000000000e+00,2.688172043010750301e-03,0.000000000000000000e+00,0.000000000000000000e+00,0.000000000000000000e+00,0.000000000000000000e+00,0.000000000000000000e+00,0.000000000000000000e+00,0.000000000000000000e+00,0.000000000000000000e+00,0.000000000000000000e+00,0.000000000000000000e+00,0.000000000000000000e+00,2.570694087403624373e-03,2.717391304347782643e-03,2.932551319648091237e-03,0.000000000000000000e+00,2.832861189801749724e-03,0.000000000000000000e+00,0.000000000000000000e+00,0.000000000000000000e+00,0.000000000000000000e+00,0.000000000000000000e+00,0.000000000000000000e+00,0.000000000000000000e+00,0.000000000000000000e+00,0.000000000000000000e+00,0.000000000000000000e+00,0.000000000000000000e+00,2.832861189801749724e-03,5.102040816326480765e-03,2.597402597402598268e-03,0.000000000000000000e+00,0.000000000000000000e+00,2.551020408163240383e-03,0.000000000000000000e+00,0.000000000000000000e+00,0.000000000000000000e+00,0.000000000000000000e+00,0.000000000000000000e+00,0.000000000000000000e+00,0.000000000000000000e+00,0.000000000000000000e+00,0.000000000000000000e+00,0.000000000000000000e+00,0.000000000000000000e+00,0.000000000000000000e+00,2.544529262086481225e-03,2.577319587628856823e-03,0.000000000000000000e+00,0.000000000000000000e+00,0.000000000000000000e+00,0.000000000000000000e+00,0.000000000000000000e+00,0.000000000000000000e+00,2.551020408163240383e-03,0.000000000000000000e+00,0.000000000000000000e+00,2.583979328165342260e-03,9.079283887468030390e-01,0.000000000000000000e+00,0.000000000000000000e+00,2.785515320334219780e-03,0.000000000000000000e+00,0.000000000000000000e+00,0.000000000000000000e+00,0.000000000000000000e+00,2.564102564102554993e-03,0.000000000000000000e+00,0.000000000000000000e+00,0.000000000000000000e+00,0.000000000000000000e+00,0.000000000000000000e+00,0.000000000000000000e+00,0.000000000000000000e+00,0.000000000000000000e+00,0.000000000000000000e+00,0.000000000000000000e+00,0.000000000000000000e+00,0.000000000000000000e+00,5.115089514066473164e-03,0.000000000000000000e+00,0.000000000000000000e+00,0.000000000000000000e+00,0.000000000000000000e+00,0.000000000000000000e+00,2.577319587628856823e-03,0.000000000000000000e+00,0.000000000000000000e+00,2.557544757033292093e-03,2.551020408163240383e-03,0.000000000000000000e+00,0.000000000000000000e+00,0.000000000000000000e+00,0.000000000000000000e+00,2.577319587628856823e-03,0.000000000000000000e+00
0.000000000000000000e+00,0.000000000000000000e+00,0.000000000000000000e+00,0.000000000000000000e+00,0.000000000000000000e+00,0.000000000000000000e+00,0.000000000000000000e+00,0.000000000000000000e+00,0.000000000000000000e+00,0.000000000000000000e+00,0.000000000000000000e+00,0.000000000000000000e+00,0.000000000000000000e+00,0.000000000000000000e+00,2.777777777777767909e-03,0.000000000000000000e+00,0.000000000000000000e+00,0.000000000000000000e+00,0.000000000000000000e+00,0.000000000000000000e+00,2.739726027397249020e-03,0.000000000000000000e+00,0.000000000000000000e+00,0.000000000000000000e+00,0.000000000000000000e+00,0.000000000000000000e+00,0.000000000000000000e+00,1.000000000000000000e+00,0.000000000000000000e+00,0.000000000000000000e+00,0.000000000000000000e+00,0.000000000000000000e+00,0.000000000000000000e+00,0.000000000000000000e+00,0.000000000000000000e+00,0.000000000000000000e+00,0.000000000000000000e+00,0.000000000000000000e+00,0.000000000000000000e+00,0.000000000000000000e+00,0.000000000000000000e+00,0.000000000000000000e+00,0.000000000000000000e+00,0.000000000000000000e+00,0.000000000000000000e+00,2.754820936639146289e-03,2.770083102493048344e-03,0.000000000000000000e+00,0.000000000000000000e+00,0.000000000000000000e+00,0.000000000000000000e+00,0.000000000000000000e+00,0.000000000000000000e+00,0.000000000000000000e+00,9.562841530054644323e-01,0.000000000000000000e+00,0.000000000000000000e+00,0.000000000000000000e+00,0.000000000000000000e+00,2.785515320334219780e-03,0.000000000000000000e+00,0.000000000000000000e+00,0.000000000000000000e+00,0.000000000000000000e+00,0.000000000000000000e+00,0.000000000000000000e+00,0.000000000000000000e+00,0.000000000000000000e+00,0.000000000000000000e+00,9.562841530054644323e-01,2.770083102493048344e-03,0.000000000000000000e+00,9.972677595628415270e-01,0.000000000000000000e+00,0.000000000000000000e+00,0.000000000000000000e+00,0.000000000000000000e+00,0.000000000000000000e+00,0.000000000000000000e+00,0.000000000000000000e+00,0.000000000000000000e+00,2.754820936639146289e-03,2.739726027397249020e-03,0.000000000000000000e+00,0.000000000000000000e+00,0.000000000000000000e+00,0.000000000000000000e+00,0.000000000000000000e+00,0.000000000000000000e+00,9.564032697547684148e-01,0.000000000000000000e+00,0.000000000000000000e+00,0.000000000000000000e+00,0.000000000000000000e+00,0.000000000000000000e+00,0.000000000000000000e+00,0.000000000000000000e+00,0.000000000000000000e+00,9.509536784741143833e-01,0.000000000000000000e+00,0.000000000000000000e+00,2.770083102493048344e-03,0.000000000000000000e+00,0.000000000000000000e+00,0.000000000000000000e+00,0.000000000000000000e+00,0.000000000000000000e+00,8.287292817679592360e-03,0.000000000000000000e+00,0.000000000000000000e+00,0.000000000000000000e+00,0.000000000000000000e+00,0.000000000000000000e+00,0.000000000000000000e+00,9.671232876712329007e-01,0.000000000000000000e+00,5.540166204986096687e-03,0.000000000000000000e+00,2.754820936639146289e-03,0.000000000000000000e+00,0.000000000000000000e+00,2.739726027397249020e-03,2.732240437158472979e-03,9.479452054794520466e-01,0.000000000000000000e+00,0.000000000000000000e+00,0.000000000000000000e+00,0.000000000000000000e+00,0.000000000000000000e+00
2.551020408163240383e-03,0.000000000000000000e+00,0.000000000000000000e+00,2.614555256064690081e-01,0.000000000000000000e+00,0.000000000000000000e+00,0.000000000000000000e+00,8.152173913043458953e-03,5.420054200542034906e-03,0.000000000000000000e+00,0.000000000000000000e+00,9.287531806615776375e-01,0.000000000000000000e+00,0.000000000000000000e+00,0.000000000000000000e+00,2.264631043256997156e-01,0.000000000000000000e+00,0.000000000000000000e+00,0.000000000000000000e+00,0.000000000000000000e+00,0.000000000000000000e+00,0.000000000000000000e+00,0.000000000000000000e+00,0.000000000000000000e+00,0.000000000000000000e+00,0.000000000000000000e+00,0.000000000000000000e+00,0.000000000000000000e+00,1.000000000000000000e+00,0.000000000000000000e+00,0.000000000000000000e+00,0.000000000000000000e+00,0.000000000000000000e+00,2.278820375335121051e-01,0.000000000000000000e+00,0.000000000000000000e+00,2.710027100271017453e-03,0.000000000000000000e+00,0.000000000000000000e+00,0.000000000000000000e+00,0.000000000000000000e+00,2.544529262086481225e-03,2.717391304347782643e-03,0.000000000000000000e+00,0.000000000000000000e+00,0.000000000000000000e+00,0.000000000000000000e+00,2.932551319648091237e-03,0.000000000000000000e+00,0.000000000000000000e+00,2.762430939226567794e-03,9.245283018867924696e-01,9.245283018867924696e-01,0.000000000000000000e+00,0.000000000000000000e+00,0.000000000000000000e+00,0.000000000000000000e+00,2.785515320334219780e-03,0.000000000000000000e+00,0.000000000000000000e+00,0.000000000000000000e+00,0.000000000000000000e+00,9.312977099236641187e-01,0.000000000000000000e+00,0.000000000000000000e+00,0.000000000000000000e+00,2.391857506361323438e-01,0.000000000000000000e+00,0.000000000000000000e+00,0.000000000000000000e+00,0.000000000000000000e+00,2.793296089385499670e-03,0.000000000000000000e+00,0.000000000000000000e+00,0.000000000000000000e+00,0.000000000000000000e+00,0.000000000000000000e+00,0.000000000000000000e+00,0.000000000000000000e+00,2.417302798982188250e-01,0.000000000000000000e+00,0.000000000000000000e+00,0.000000000000000000e+00,2.702702702702675097e-03,3.083109919571045410e-01,0.000000000000000000e+00,0.000000000000000000e+00,0.000000000000000000e+00,0.000000000000000000e+00,0.000000000000000000e+00,0.000000000000000000e+00,2.557544757033292093e-03,0.000000000000000000e+00,0.000000000000000000e+00,0.000000000000000000e+00,0.000000000000000000e+00,0.000000000000000000e+00,0.000000000000000000e+00,0.000000000000000000e+00,0.000000000000000000e+00,0.000000000000000000e+00,0.000000000000000000e+00,0.000000000000000000e+00,0.000000000000000000e+00,0.000000000000000000e+00,0.000000000000000000e+00,0.000000000000000000e+00,2.688172043010750301e-03,0.000000000000000000e+00,0.000000000000000000e+00,0.000000000000000000e+00,0.000000000000000000e+00,5.102040816326480765e-03,0.000000000000000000e+00,0.000000000000000000e+00,0.000000000000000000e+00,0.000000000000000000e+00,2.192513368983957101e-01,0.000000000000000000e+00,2.577319587628856823e-03,0.000000000000000000e+00,0.000000000000000000e+00,0.000000000000000000e+00,0.000000000000000000e+00,2.213740458015267532e-01,0.000000000000000000e+00,0.000000000000000000e+00,0.000000000000000000e+00,0.000000000000000000e+00
0.000000000000000000e+00,0.000000000000000000e+00,0.000000000000000000e+00,0.000000000000000000e+00,0.000000000000000000e+00,0.000000000000000000e+00,2.840909090909060630e-03,0.000000000000000000e+00,0.000000000000000000e+00,0.000000000000000000e+00,0.000000000000000000e+00,0.000000000000000000e+00,2.654867256637172268e-02,0.000000000000000000e+00,0.000000000000000000e+00,0.000000000000000000e+00,0.000000000000000000e+00,0.000000000000000000e+00,0.000000000000000000e+00,2.865329512893977082e-03,0.000000000000000000e+00,2.865329512893977082e-03,0.000000000000000000e+00,0.000000000000000000e+00,2.949852507374628452e-02,0.000000000000000000e+00,2.832861189801749724e-03,0.000000000000000000e+00,0.000000000000000000e+00,1.000000000000000000e+00,0.000000000000000000e+00,0.000000000000000000e+00,0.000000000000000000e+00,2.857142857142891401e-03,2.873563218390828844e-03,2.865329512893977082e-03,2.985074626865702463e-03,0.000000000000000000e+00,6.134969325153338815e-03,0.000000000000000000e+00,1.452991452991453381e-01,0.000000000000000000e+00,0.000000000000000000e+00,0.000000000000000000e+00,0.000000000000000000e+00,0.000000000000000000e+00,0.000000000000000000e+00,3.058103975535186869e-03,0.000000000000000000e+00,0.000000000000000000e+00,0.000000000000000000e+00,0.000000000000000000e+00,0.000000000000000000e+00,0.000000000000000000e+00,0.000000000000000000e+00,0.000000000000000000e+00,0.000000000000000000e+00,3.757225433526012459e-02,0.000000000000000000e+00,0.000000000000000000e+00,0.000000000000000000e+00,2.958579881656819843e-03,0.000000000000000000e+00,2.857142857142858094e-02,0.000000000000000000e+00,0.000000000000000000e+00,0.000000000000000000e+00,2.906976744186051675e-03,0.000000000000000000e+00,0.000000000000000000e+00,0.000000000000000000e+00,2.941176470588224845e-03,0.000000000000000000e+00,0.000000000000000000e+00,0.000000000000000000e+00,0.000000000000000000e+00,0.000000000000000000e+00,0.000000000000000000e+00,2.881844380403508765e-03,0.000000000000000000e+00,0.000000000000000000e+00,0.000000000000000000e+00,0.000000000000000000e+00,0.000000000000000000e+00,0.000000000000000000e+00,0.000000000000000000e+00,2.285714285714290916e-02,0.000000000000000000e+00,0.000000000000000000e+00,0.000000000000000000e+00,5.714285714285716189e-02,0.000000000000000000e+00,0.000000000000000000e+00,0.000000000000000000e+00,4.637681159420292687e-02,0.000000000000000000e+00,0.000000000000000000e+00,0.000000000000000000e+00,0.000000000000000000e+00,0.000000000000000000e+00,0.000000000000000000e+00,0.000000000000000000e+00,0.000000000000000000e+00,2.906976744186051675e-03,2.865329512893977082e-03,0.000000000000000000e+00,3.746397694524494781e-02,0.000000000000000000e+00,2.840909090909060630e-03,0.000000000000000000e+00,3.133903133903137572e-02,0.000000000000000000e+00,0.000000000000000000e+00,2.865329512893977082e-03,0.000000000000000000e+00,0.000000000000000000e+00,0.000000000000000000e+00,2.849002849002801874e-03,0.000000000000000000e+00,0.000000000000000000e+00,0.000000000000000000e+00,0.000000000000000000e+00,2.832861189801749724e-03,0.000000000000000000e+00,0.000000000000000000e+00,3.133903133903137572e-02,3.133903133903137572e-02,3.418803418803417760e-02,3.133903133903137572e-02
0.000000000000000000e+00,0.000000000000000000e+00,2.409972299168975374e-01,0.000000000000000000e+00,0.000000000000000000e+00,9.670329670329670391e-01,0.000000000000000000e+00,0.000000000000000000e+00,0.000000000000000000e+00,0.000000000000000000e+00,0.000000000000000000e+00,0.000000000000000000e+00,1.719197707736386249e-02,2.335164835164834640e-01,0.000000000000000000e+00,0.000000000000000000e+00,5.730659025787954164e-03,0.000000000000000000e+00,1.084010840108395879e-02,5.466321243523315498e-01,0.000000000000000000e+00,5.762273901808785403e-01,0.000000000000000000e+00,0.000000000000000000e+00,1.714285714285712636e-02,0.000000000000000000e+00,0.000000000000000000e+00,0.000000000000000000e+00,0.000000000000000000e+00,0.000000000000000000e+00,1.000000000000000000e+00,0.000000000000000000e+00,0.000000000000000000e+00,0.000000000000000000e+00,2.391304347826086474e-01,2.038043478260869179e-01,1.630434782608691791e-02,0.000000000000000000e+00,1.183431952662716835e-02,9.671232876712329007e-01,2.590673575129542883e-03,0.000000000000000000e+00,0.000000000000000000e+00,2.564102564102554993e-03,0.000000000000000000e+00,0.000000000000000000e+00,0.000000000000000000e+00,1.764705882352946009e-02,5.541237113402062153e-01,5.681818181818232283e-03,5.840220385674931292e-01,0.000000000000000000e+00,0.000000000000000000e+00,0.000000000000000000e+00,0.000000000000000000e+00,2.225063938618926374e-01,1.749271137026242595e-02,1.675977653631288700e-02,0.000000000000000000e+00,0.000000000000000000e+00,0.000000000000000000e+00,5.681818181818232283e-03,0.000000000000000000e+00,1.562500000000000000e-02,2.153846153846153966e-01,0.000000000000000000e+00,0.000000000000000000e+00,2.188365650969529286e-01,2.333333333333332815e-01,0.000000000000000000e+00,0.000000000000000000e+00,1.983240223463687002e-01,0.000000000000000000e+00,0.000000000000000000e+00,2.604166666666629659e-03,5.580110497237569245e-01,0.000000000000000000e+00,2.268907563025209795e-01,2.066115702479338623e-01,0.000000000000000000e+00,5.360824742268041065e-01,0.000000000000000000e+00,0.000000000000000000e+00,2.702702702702675097e-03,0.000000000000000000e+00,2.564102564102554993e-03,1.298701298701299134e-02,0.000000000000000000e+00,2.139037433155077661e-02,0.000000000000000000e+00,5.181347150259085765e-03,0.000000000000000000e+00,8.158567774936060779e-01,0.000000000000000000e+00,0.000000000000000000e+00,0.000000000000000000e+00,5.115089514066473164e-03,2.551020408163240383e-03,0.000000000000000000e+00,2.051282051282051766e-01,0.000000000000000000e+00,0.000000000000000000e+00,5.619834710743801809e-01,6.537396121883656264e-01,8.021680216802168362e-01,2.564102564102554993e-03,1.662049861495840108e-02,2.695417789757459381e-03,0.000000000000000000e+00,0.000000000000000000e+00,1.288659793814428411e-02,0.000000000000000000e+00,0.000000000000000000e+00,7.994579945799458187e-01,0.000000000000000000e+00,2.777777777777767909e-03,0.000000000000000000e+00,0.000000000000000000e+00,0.000000000000000000e+00,0.000000000000000000e+00,0.000000000000000000e+00,0.000000000000000000e+00,0.000000000000000000e+00,0.000000000000000000e+00,0.000000000000000000e+00,1.291989664082682232e-02,1.291989664082682232e-02,1.291989664082682232e-02,1.291989664082682232e-02
0.000000000000000000e+00,9.024390243902439268e-01,0.000000000000000000e+00,0.000000000000000000e+00,0.000000000000000000e+00,0.000000000000000000e+00,0.000000000000000000e+00,0.000000000000000000e+00,0.000000000000000000e+00,0.000000000000000000e+00,0.000000000000000000e+00,0.000000000000000000e+00,0.000000000000000000e+00,0.000000000000000000e+00,0.000000000000000000e+00,0.000000000000000000e+00,0.000000000000000000e+00,0.000000000000000000e+00,0.000000000000000000e+00,0.000000000000000000e+00,0.000000000000000000e+00,0.000000000000000000e+00,0.000000000000000000e+00,0.000000000000000000e+00,0.000000000000000000e+00,0.000000000000000000e+00,0.000000000000000000e+00,0.000000000000000000e+00,0.000000000000000000e+00,0.000000000000000000e+00,0.000000000000000000e+00,1.000000000000000000e+00,3.610108303249148776e-03,0.000000000000000000e+00,0.000000000000000000e+00,0.000000000000000000e+00,0.000000000000000000e+00,0.000000000000000000e+00,0.000000000000000000e+00,0.000000000000000000e+00,0.000000000000000000e+00,0.000000000000000000e+00,0.000000000000000000e+00,0.000000000000000000e+00,0.000000000000000000e+00,0.000000000000000000e+00,0.000000000000000000e+00,0.000000000000000000e+00,0.000000000000000000e+00,0.000000000000000000e+00,0.000000000000000000e+00,0.000000000000000000e+00,0.000000000000000000e+00,0.000000000000000000e+00,0.000000000000000000e+00,0.000000000000000000e+00,0.000000000000000000e+00,0.000000000000000000e+00,3.571428571428558740e-03,0.000000000000000000e+00,0.000000000000000000e+00,0.000000000000000000e+00,0.000000000000000000e+00,0.000000000000000000e+00,0.000000000000000000e+00,0.000000000000000000e+00,0.000000000000000000e+00,0.000000000000000000e+00,0.000000000000000000e+00,0.000000000000000000e+00,0.000000000000000000e+00,0.000000000000000000e+00,0.000000000000000000e+00,0.000000000000000000e+00,0.000000000000000000e+00,0.000000000000000000e+00,0.000000000000000000e+00,0.000000000000000000e+00,0.000000000000000000e+00,0.000000000000000000e+00,0.000000000000000000e+00,0.000000000000000000e+00,0.000000000000000000e+00,0.000000000000000000e+00,0.000000000000000000e+00,0.000000000000000000e+00,0.000000000000000000e+00,0.000000000000000000e+00,0.000000000000000000e+00,0.000000000000000000e+00,0.000000000000000000e+00,0.000000000000000000e+00,0.000000000000000000e+00,0.000000000000000000e+00,0.000000000000000000e+00,0.000000000000000000e+00,0.000000000000000000e+00,0.000000000000000000e+00,0.000000000000000000e+00,0.000000000000000000e+00,4.132231404958663923e-03,0.000000000000000000e+00,0.000000000000000000e+00,0.000000000000000000e+00,0.000000000000000000e+00,0.000000000000000000e+00,0.000000000000000000e+00,0.000000000000000000e+00,0.000000000000000000e+00,0.000000000000000000e+00,0.000000000000000000e+00,0.000000000000000000e+00,0.000000000000000000e+00,0.000000000000000000e+00,0.000000000000000000e+00,0.000000000000000000e+00,0.000000000000000000e+00,0.000000000000000000e+00,0.000000000000000000e+00,0.000000000000000000e+00,0.000000000000000000e+00,0.000000000000000000e+00,0.000000000000000000e+00,0.000000000000000000e+00,0.000000000000000000e+00,0.000000000000000000e+00,0.000000000000000000e+00,0.000000000000000000e+00,0.000000000000000000e+00
0.000000000000000000e+00,3.623188405797117539e-03,3.831417624521105125e-03,0.000000000000000000e+00,0.000000000000000000e+00,0.000000000000000000e+00,0.000000000000000000e+00,0.000000000000000000e+00,0.000000000000000000e+00,0.000000000000000000e+00,0.000000000000000000e+00,0.000000000000000000e+00,0.000000000000000000e+00,0.000000000000000000e+00,0.000000000000000000e+00,0.000000000000000000e+00,0.000000000000000000e+00,0.000000000000000000e+00,0.000000000000000000e+00,0.000000000000000000e+00,0.000000000000000000e+00,0.000000000000000000e+00,0.000000000000000000e+00,0.000000000000000000e+00,0.000000000000000000e+00,0.000000000000000000e+00,0.000000000000000000e+00,0.000000000000000000e+00,0.000000000000000000e+00,0.000000000000000000e+00,0.000000000000000000e+00,3.610108303249148776e-03,1.000000000000000000e+00,0.000000000000000000e+00,0.000000000000000000e+00,0.000000000000000000e+00,0.000000000000000000e+00,0.000000000000000000e+00,0.000000000000000000e+00,0.000000000000000000e+00,0.000000000000000000e+00,0.000000000000000000e+00,0.000000000000000000e+00,0.000000000000000000e+00,0.000000000000000000e+00,0.000000000000000000e+00,3.759398496240629051e-03,0.000000000000000000e+00,0.000000000000000000e+00,0.000000000000000000e+00,0.000000000000000000e+00,0.000000000000000000e+00,0.000000000000000000e+00,0.000000000000000000e+00,0.000000000000000000e+00,0.000000000000000000e+00,0.000000000000000000e+00,0.000000000000000000e+00,7.220216606498186529e-03,0.000000000000000000e+00,0.000000000000000000e+00,0.000000000000000000e+00,0.000000000000000000e+00,0.000000000000000000e+00,0.000000000000000000e+00,0.000000000000000000e+00,0.000000000000000000e+00,0.000000000000000000e+00,0.000000000000000000e+00,0.000000000000000000e+00,0.000000000000000000e+00,0.000000000000000000e+00,3.717472118959119776e-03,0.000000000000000000e+00,0.000000000000000000e+00,0.000000000000000000e+00,0.000000000000000000e+00,0.000000000000000000e+00,0.000000000000000000e+00,0.000000000000000000e+00,0.000000000000000000e+00,0.000000000000000000e+00,0.000000000000000000e+00,0.000000000000000000e+00,0.000000000000000000e+00,0.000000000000000000e+00,0.000000000000000000e+00,0.000000000000000000e+00,0.000000000000000000e+00,0.000000000000000000e+00,0.000000000000000000e+00,0.000000000000000000e+00,0.000000000000000000e+00,0.000000000000000000e+00,0.000000000000000000e+00,7.380073800738018441e-03,0.000000000000000000e+00,0.000000000000000000e+00,0.000000000000000000e+00,0.000000000000000000e+00,1.265822784810122226e-02,0.000000000000000000e+00,0.000000000000000000e+00,0.000000000000000000e+00,0.000000000000000000e+00,0.000000000000000000e+00,0.000000000000000000e+00,0.000000000000000000e+00,0.000000000000000000e+00,0.000000000000000000e+00,0.000000000000000000e+00,0.000000000000000000e+00,0.000000000000000000e+00,0.000000000000000000e+00,0.000000000000000000e+00,0.000000000000000000e+00,0.000000000000000000e+00,0.000000000000000000e+00,0.000000000000000000e+00,0.000000000000000000e+00,0.000000000000000000e+00,0.000000000000000000e+00,0.000000000000000000e+00,0.000000000000000000e+00,0.000000000000000000e+00,0.000000000000000000e+00,0.000000000000000000e+00,0.000000000000000000e+00,0.000000000000000000e+00
8.042895442359254687e-03,0.000000000000000000e+00,0.000000000000000000e+00,9.972972972972973249e-01,0.000000000000000000e+00,0.000000000000000000e+00,0.000000000000000000e+00,5.509641873278181556e-03,1.098901098901094997e-02,0.000000000000000000e+00,0.000000000000000000e+00,2.359249329758713598e-01,2.881844380403508765e-03,0.000000000000000000e+00,0.000000000000000000e+00,9.090909090909090606e-01,0.000000000000000000e+00,0.000000000000000000e+00,0.000000000000000000e+00,0.000000000000000000e+00,0.000000000000000000e+00,0.000000000000000000e+00,0.000000000000000000e+00,0.000000000000000000e+00,0.000000000000000000e+00,0.000000000000000000e+00,2.688172043010750301e-03,0.000000000000000000e+00,2.278820375335121051e-01,2.857142857142891401e-03,0.000000000000000000e+00,0.000000000000000000e+00,0.000000000000000000e+00,1.000000000000000000e+00,2.754820936639146289e-03,0.000000000000000000e+00,0.000000000000000000e+00,2.695417789757459381e-03,0.000000000000000000e+00,0.000000000000000000e+00,0.000000000000000000e+00,0.000000000000000000e+00,0.000000000000000000e+00,0.000000000000000000e+00,0.000000000000000000e+00,0.000000000000000000e+00,0.000000000000000000e+00,0.000000000000000000e+00,0.000000000000000000e+00,2.865329512893977082e-03,0.000000000000000000e+00,2.397820163487738299e-01,2.343324250681199095e-01,0.000000000000000000e+00,0.000000000000000000e+00,2.688172043010750301e-03,0.000000000000000000e+00,0.000000000000000000e+00,3.610108303249148776e-03,0.000000000000000000e+00,0.000000000000000000e+00,0.000000000000000000e+00,2.386058981233244447e-01,0.000000000000000000e+00,0.000000000000000000e+00,0.000000000000000000e+00,9.117647058823529216e-01,0.000000000000000000e+00,0.000000000000000000e+00,0.000000000000000000e+00,0.000000000000000000e+00,0.000000000000000000e+00,0.000000000000000000e+00,0.000000000000000000e+00,0.000000000000000000e+00,0.000000000000000000e+00,0.000000000000000000e+00,0.000000000000000000e+00,0.000000000000000000e+00,9.491978609625668639e-01,0.000000000000000000e+00,0.000000000000000000e+00,0.000000000000000000e+00,0.000000000000000000e+00,2.961956521739130821e-01,0.000000000000000000e+00,0.000000000000000000e+00,0.000000000000000000e+00,0.000000000000000000e+00,0.000000000000000000e+00,0.000000000000000000e+00,0.000000000000000000e+00,0.000000000000000000e+00,0.000000000000000000e+00,0.000000000000000000e+00,0.000000000000000000e+00,0.000000000000000000e+00,0.000000000000000000e+00,0.000000000000000000e+00,0.000000000000000000e+00,0.000000000000000000e+00,2.739726027397249020e-03,0.000000000000000000e+00,0.000000000000000000e+00,0.000000000000000000e+00,0.000000000000000000e+00,0.000000000000000000e+00,2.732240437158472979e-03,0.000000000000000000e+00,0.000000000000000000e+00,0.000000000000000000e+00,0.000000000000000000e+00,0.000000000000000000e+00,0.000000000000000000e+00,0.000000000000000000e+00,0.000000000000000000e+00,0.000000000000000000e+00,5.972972972972973027e-01,0.000000000000000000e+00,0.000000000000000000e+00,0.000000000000000000e+00,0.000000000000000000e+00,2.680965147453084896e-03,0.000000000000000000e+00,5.935828877005346893e-01,0.000000000000000000e+00,0.000000000000000000e+00,0.000000000000000000e+00,0.000000000000000000e+00
0.000000000000000000e+00,0.000000000000000000e+00,9.916897506925207439e-01,0.000000000000000000e+00,0.000000000000000000e+00,2.506963788300835549e-01,0.000000000000000000e+00,0.000000000000000000e+00,0.000000000000000000e+00,0.000000000000000000e+00,0.000000000000000000e+00,0.000000000000000000e+00,0.000000000000000000e+00,7.541436464088397962e-01,0.000000000000000000e+00,0.000000000000000000e+00,5.830903790087438310e-03,0.000000000000000000e+00,2.881844380403508765e-03,2.005494505494505031e-01,0.000000000000000000e+00,1.895604395604395531e-01,0.000000000000000000e+00,0.000000000000000000e+00,0.000000000000000000e+00,0.000000000000000000e+00,0.000000000000000000e+00,0.000000000000000000e+00,0.000000000000000000e+00,2.873563218390828844e-03,2.391304347826086474e-01,0.000000000000000000e+00,0.000000000000000000e+00,2.754820936639146289e-03,1.000000000000000000e+00,6.840659340659340781e-01,1.445086705202314192e-02,0.000000000000000000e+00,6.024096385542132559e-03,2.144846796657381427e-01,2.754820936639146289e-03,0.000000000000000000e+00,0.000000000000000000e+00,0.000000000000000000e+00,0.000000000000000000e+00,0.000000000000000000e+00,0.000000000000000000e+00,5.988023952095855584e-03,1.917808219178082085e-01,5.797101449275365859e-03,1.876750700280112039e-01,2.762430939226567794e-03,0.000000000000000000e+00,2.717391304347782643e-03,0.000000000000000000e+00,7.445652173913043237e-01,2.976190476190465617e-03,2.832861189801749724e-03,0.000000000000000000e+00,0.000000000000000000e+00,0.000000000000000000e+00,2.898550724637627418e-03,0.000000000000000000e+00,0.000000000000000000e+00,6.983695652173913526e-01,0.000000000000000000e+00,0.000000000000000000e+00,9.083333333333333259e-01,2.893258426966291985e-01,0.000000000000000000e+00,0.000000000000000000e+00,9.239436619718309762e-01,0.000000000000000000e+00,0.000000000000000000e+00,0.000000000000000000e+00,1.910112359550562022e-01,0.000000000000000000e+00,2.937853107344632342e-01,9.309392265193370264e-01,0.000000000000000000e+00,1.506849315068493622e-01,0.000000000000000000e+00,0.000000000000000000e+00,0.000000000000000000e+00,0.000000000000000000e+00,0.000000000000000000e+00,2.754820936639146289e-03,0.000000000000000000e+00,1.139601139601142954e-02,0.000000000000000000e+00,0.000000000000000000e+00,0.000000000000000000e+00,2.506811989100817817e-01,0.000000000000000000e+00,2.832861189801749724e-03,0.000000000000000000e+00,2.717391304347782643e-03,2.717391304347782643e-03,0.000000000000000000e+00,6.413043478260869179e-01,0.000000000000000000e+00,0.000000000000000000e+00,2.050561797752809001e-01,2.078651685393257953e-01,2.314049586776859568e-01,0.000000000000000000e+00,0.000000000000000000e+00,0.000000000000000000e+00,0.000000000000000000e+00,0.000000000000000000e+00,0.000000000000000000e+00,0.000000000000000000e+00,0.000000000000000000e+00,2.265193370165745623e-01,0.000000000000000000e+00,2.849002849002801874e-03,0.000000000000000000e+00,0.000000000000000000e+00,0.000000000000000000e+00,0.000000000000000000e+00,2.739726027397249020e-03,0.000000000000000000e+00,0.000000000000000000e+00,0.000000000000000000e+00,0.000000000000000000e+00,0.000000000000000000e+00,0.000000000000000000e+00,2.739726027397249020e-03,2.739726027397249020e-03
0.000000000000000000e+00,0.000000000000000000e+00,6.944444444444444198e-01,0.000000000000000000e+00,0.000000000000000000e+00,2.027777777777777235e-01,0.000000000000000000e+00,0.000000000000000000e+00,2.762430939226567794e-03,0.000000000000000000e+00,0.000000000000000000e+00,2.710027100271017453e-03,0.000000000000000000e+00,7.079889807162533799e-01,0.000000000000000000e+00,0.000000000000000000e+00,2.906976744186051675e-03,0.000000000000000000e+00,5.763688760806906508e-03,1.895604395604395531e-01,0.000000000000000000e+00,1.703296703296702796e-01,0.000000000000000000e+00,0.000000000000000000e+00,2.890173410404650589e-03,2.801120448179261757e-03,0.000000000000000000e+00,0.000000000000000000e+00,0.000000000000000000e+00,2.865329512893977082e-03,2.038043478260869179e-01,0.000000000000000000e+00,0.000000000000000000e+00,0.000000000000000000e+00,6.840659340659340781e-01,1.000000000000000000e+00,8.645533141210415273e-03,0.000000000000000000e+00,8.982035928143727865e-03,2.027777777777777235e-01,0.000000000000000000e+00,2.710027100271017453e-03,0.000000000000000000e+00,0.000000000000000000e+00,0.000000000000000000e+00,0.000000000000000000e+00,2.770083102493048344e-03,5.970149253731293904e-03,1.698630136986301054e-01,8.645533141210415273e-03,1.815642458100558132e-01,2.754820936639146289e-03,0.000000000000000000e+00,5.420054200542034906e-03,0.000000000000000000e+00,7.046070460704607630e-01,8.875739644970459530e-03,2.824858757062176373e-03,0.000000000000000000e+00,0.000000000000000000e+00,2.717391304347782643e-03,5.780346820809301178e-03,2.710027100271017453e-03,0.000000000000000000e+00,9.837398373983740063e-01,0.000000000000000000e+00,2.710027100271017453e-03,6.434540389972145391e-01,2.569832402234636382e-01,0.000000000000000000e+00,0.000000000000000000e+00,6.676056338028169002e-01,0.000000000000000000e+00,0.000000000000000000e+00,0.000000000000000000e+00,1.708683473389355223e-01,0.000000000000000000e+00,2.619718309859154770e-01,6.759002770083102352e-01,0.000000000000000000e+00,1.287671232876712590e-01,0.000000000000000000e+00,0.000000000000000000e+00,5.509641873278181556e-03,0.000000000000000000e+00,2.717391304347782643e-03,0.000000000000000000e+00,0.000000000000000000e+00,8.522727272727292913e-03,0.000000000000000000e+00,0.000000000000000000e+00,0.000000000000000000e+00,2.179836512261580372e-01,0.000000000000000000e+00,0.000000000000000000e+00,0.000000000000000000e+00,2.710027100271017453e-03,0.000000000000000000e+00,0.000000000000000000e+00,6.385869565217391353e-01,0.000000000000000000e+00,0.000000000000000000e+00,1.825842696629212947e-01,1.708683473389355223e-01,2.148760330578511901e-01,0.000000000000000000e+00,2.808988764044895170e-03,2.754820936639146289e-03,0.000000000000000000e+00,0.000000000000000000e+00,0.000000000000000000e+00,0.000000000000000000e+00,2.710027100271017453e-03,2.121212121212121549e-01,0.000000000000000000e+00,2.840909090909060630e-03,0.000000000000000000e+00,0.000000000000000000e+00,0.000000000000000000e+00,0.000000000000000000e+00,0.000000000000000000e+00,2.717391304347782643e-03,0.000000000000000000e+00,0.000000000000000000e+00,0.000000000000000000e+00,0.000000000000000000e+00,0.000000000000000000e+00,0.000000000000000000e+00,0.000000000000000000e+00
0.000000000000000000e+00,0.000000000000000000e+00,1.176470588235289938e-02,2.865329512893977082e-03,6.308139534883721034e-01,1.749271137026242595e-02,2.710027100271017453e-03,0.000000000000000000e+00,2.873563218390828844e-03,6.075581395348836899e-01,5.801749271137026653e-01,0.000000000000000000e+00,3.030303030303049816e-03,8.746355685131157465e-03,0.000000000000000000e+00,0.000000000000000000e+00,6.970588235294117307e-01,2.695417789757459381e-03,7.362637362637363125e-01,5.494505494505474985e-03,2.710027100271017453e-03,2.191780821917810318e-02,2.439024390243902385e-01,0.000000000000000000e+00,0.000000000000000000e+00,5.830903790087462735e-01,0.000000000000000000e+00,0.000000000000000000e+00,2.710027100271017453e-03,2.985074626865702463e-03,1.630434782608691791e-02,0.000000000000000000e+00,0.000000000000000000e+00,0.000000000000000000e+00,1.445086705202314192e-02,8.645533141210415273e-03,1.000000000000000000e+00,0.000000000000000000e+00,7.395209580838323360e-01,1.749271137026242595e-02,0.000000000000000000e+00,0.000000000000000000e+00,6.195965417867435043e-01,0.000000000000000000e+00,0.000000000000000000e+00,0.000000000000000000e+00,8.670520231213840745e-03,8.794117647058823373e-01,8.196721311475418936e-03,6.967930029154518756e-01,2.639296187683282113e-02,2.865329512893977082e-03,2.865329512893977082e-03,0.000000000000000000e+00,0.000000000000000000e+00,1.084010840108395879e-02,8.808139534883721034e-01,0.000000000000000000e+00,3.546099290780091451e-03,0.000000000000000000e+00,0.000000000000000000e+00,6.967930029154518756e-01,0.000000000000000000e+00,0.000000000000000000e+00,5.434782608695676309e-03,5.722070844686644175e-02,0.000000000000000000e+00,8.823529411764674535e-03,5.882352941176449690e-03,0.000000000000000000e+00,8.620689655172375510e-03,1.186943620178038117e-02,0.000000000000000000e+00,0.000000000000000000e+00,0.000000000000000000e+00,2.346041055718472990e-02,5.449591280653953707e-02,5.952380952380931234e-03,5.847953216374324192e-03,2.695417789757459381e-03,1.639344262295083787e-02,2.717391304347782643e-03,8.130081300813052358e-03,0.000000000000000000e+00,0.000000000000000000e+00,0.000000000000000000e+00,5.479452054794498039e-03,2.324324324324323898e-01,8.921832884097035121e-01,0.000000000000000000e+00,2.739726027397249020e-03,0.000000000000000000e+00,2.445652173913048788e-02,0.000000000000000000e+00,0.000000000000000000e+00,0.000000000000000000e+00,0.000000000000000000e+00,0.000000000000000000e+00,0.000000000000000000e+00,1.086956521739135262e-02,0.000000000000000000e+00,0.000000000000000000e+00,1.173020527859236495e-02,2.058823529411768494e-02,2.017291066282422829e-02,0.000000000000000000e+00,0.000000000000000000e+00,2.857142857142891401e-03,0.000000000000000000e+00,0.000000000000000000e+00,0.000000000000000000e+00,0.000000000000000000e+00,0.000000000000000000e+00,2.017291066282422829e-02,0.000000000000000000e+00,6.705202312138728304e-01,2.865329512893977082e-03,0.000000000000000000e+00,5.464480874316945958e-03,0.000000000000000000e+00,6.294277929155314144e-01,2.710027100271017453e-03,2.710027100271017453e-03,0.000000000000000000e+00,2.702702702702675097e-03,0.000000000000000000e+00,0.000000000000000000e+00,0.000000000000000000e+00,0.000000000000000000e+00
0.000000000000000000e+00,0.000000000000000000e+00,0.000000000000000000e+00,0.000000000000000000e+00,2.754820936639146289e-03,0.000000000000000000e+00,0.000000000000000000e+00,0.000000000000000000e+00,0.000000000000000000e+00,0.000000000000000000e+00,0.000000000000000000e+00,0.000000000000000000e+00,0.000000000000000000e+00,0.000000000000000000e+00,2.739726027397249020e-03,0.000000000000000000e+00,0.000000000000000000e+00,2.557544757033292093e-03,2.717391304347782643e-03,0.000000000000000000e+00,0.000000000000000000e+00,0.000000000000000000e+00,0.000000000000000000e+00,0.000000000000000000e+00,0.000000000000000000e+00,0.000000000000000000e+00,0.000000000000000000e+00,0.000000000000000000e+00,0.000000000000000000e+00,0.000000000000000000e+00,0.000000000000000000e+00,0.000000000000000000e+00,0.000000000000000000e+00,2.695417789757459381e-03,0.000000000000000000e+00,0.000000000000000000e+00,0.000000000000000000e+00,1.000000000000000000e+00,0.000000000000000000e+00,0.000000000000000000e+00,0.000000000000000000e+00,0.000000000000000000e+00,0.000000000000000000e+00,0.000000000000000000e+00,0.000000000000000000e+00,0.000000000000000000e+00,0.000000000000000000e+00,0.000000000000000000e+00,0.000000000000000000e+00,2.849002849002801874e-03,0.000000000000000000e+00,0.000000000000000000e+00,0.000000000000000000e+00,0.000000000000000000e+00,2.570694087403624373e-03,0.000000000000000000e+00,2.923976608187106585e-03,0.000000000000000000e+00,0.000000000000000000e+00,2.754820936639146289e-03,0.000000000000000000e+00,2.849002849002801874e-03,0.000000000000000000e+00,0.000000000000000000e+00,0.000000000000000000e+00,2.583979328165342260e-03,0.000000000000000000e+00,0.000000000000000000e+00,0.000000000000000000e+00,2.570694087403624373e-03,0.000000000000000000e+00,0.000000000000000000e+00,2.702702702702675097e-03,5.571030640668550582e-03,0.000000000000000000e+00,0.000000000000000000e+00,0.000000000000000000e+00,0.000000000000000000e+00,0.000000000000000000e+00,2.557544757033292093e-03,0.000000000000000000e+00,2.583979328165342260e-03,0.000000000000000000e+00,0.000000000000000000e+00,0.000000000000000000e+00,2.570694087403624373e-03,0.000000000000000000e+00,0.000000000000000000e+00,2.680965147453084896e-03,2.557544757033292093e-03,0.000000000000000000e+00,0.000000000000000000e+00,0.000000000000000000e+00,5.434782608695676309e-03,0.000000000000000000e+00,0.000000000000000000e+00,0.000000000000000000e+00,0.000000000000000000e+00,0.000000000000000000e+00,0.000000000000000000e+00,0.000000000000000000e+00,0.000000000000000000e+00,0.000000000000000000e+00,0.000000000000000000e+00,0.000000000000000000e+00,0.000000000000000000e+00,0.000000000000000000e+00,0.000000000000000000e+00,0.000000000000000000e+00,5.434782608695676309e-03,0.000000000000000000e+00,0.000000000000000000e+00,0.000000000000000000e+00,0.000000000000000000e+00,0.000000000000000000e+00,0.000000000000000000e+00,0.000000000000000000e+00,0.000000000000000000e+00,0.000000000000000000e+00,0.000000000000000000e+00,0.000000000000000000e+00,0.000000000000000000e+00,0.000000000000000000e+00,0.000000000000000000e+00,0.000000000000000000e+00,0.000000000000000000e+00,0.000000000000000000e+00,0.000000000000000000e+00,0.000000000000000000e+00
0.000000000000000000e+00,0.000000000000000000e+00,3.030303030303049816e-03,0.000000000000000000e+00,6.298507462686566694e-01,6.024096385542132559e-03,0.000000000000000000e+00,0.000000000000000000e+00,0.000000000000000000e+00,6.208955223880596730e-01,5.970149253731342753e-01,2.949852507374672861e-03,6.230529595015577016e-03,9.009009009009028013e-03,3.003003003003046345e-03,2.941176470588224845e-03,6.816816816816817504e-01,0.000000000000000000e+00,9.911764705882353255e-01,1.194029850746269883e-02,5.917159763313639687e-03,1.194029850746269883e-02,2.603550295857988139e-01,0.000000000000000000e+00,6.230529595015577016e-03,5.778443113772455675e-01,0.000000000000000000e+00,0.000000000000000000e+00,0.000000000000000000e+00,6.134969325153338815e-03,1.183431952662716835e-02,0.000000000000000000e+00,0.000000000000000000e+00,0.000000000000000000e+00,6.024096385542132559e-03,8.982035928143727865e-03,7.395209580838323360e-01,0.000000000000000000e+00,1.000000000000000000e+00,6.024096385542132559e-03,2.985074626865702463e-03,0.000000000000000000e+00,6.369047619047618625e-01,2.949852507374672861e-03,0.000000000000000000e+00,0.000000000000000000e+00,2.985074626865702463e-03,7.259036144578312477e-01,1.186943620178038117e-02,6.865671641791044610e-01,9.090909090909038426e-03,0.000000000000000000e+00,2.976190476190465617e-03,0.000000000000000000e+00,0.000000000000000000e+00,8.875739644970459530e-03,7.117117117117117697e-01,9.146341463414642270e-03,0.000000000000000000e+00,0.000000000000000000e+00,0.000000000000000000e+00,6.865671641791044610e-01,0.000000000000000000e+00,8.982035928143727865e-03,5.917159763313639687e-03,5.934718100890212789e-02,2.949852507374672861e-03,3.048780487804880757e-03,0.000000000000000000e+00,0.000000000000000000e+00,5.970149253731293904e-03,6.153846153846176392e-03,0.000000000000000000e+00,0.000000000000000000e+00,0.000000000000000000e+00,2.127659574468088177e-02,5.341246290801182628e-02,9.174311926605449585e-03,3.021148036253751279e-03,2.941176470588224845e-03,2.976190476190465617e-03,0.000000000000000000e+00,1.179941002949858042e-02,0.000000000000000000e+00,2.985074626865702463e-03,0.000000000000000000e+00,1.197604790419160015e-02,2.772861356932153631e-01,7.633136094674556338e-01,0.000000000000000000e+00,5.988023952095855584e-03,0.000000000000000000e+00,1.775147928994080804e-02,0.000000000000000000e+00,9.174311926605449585e-03,0.000000000000000000e+00,0.000000000000000000e+00,0.000000000000000000e+00,0.000000000000000000e+00,1.183431952662716835e-02,0.000000000000000000e+00,0.000000000000000000e+00,2.127659574468088177e-02,1.219512195121952303e-02,1.501501501501500968e-02,2.958579881656819843e-03,1.215805471124620230e-02,5.970149253731293904e-03,0.000000000000000000e+00,0.000000000000000000e+00,1.190476190476186247e-02,0.000000000000000000e+00,0.000000000000000000e+00,1.201201201201196334e-02,0.000000000000000000e+00,6.746268656716418732e-01,5.970149253731293904e-03,0.000000000000000000e+00,8.902077151335285876e-03,0.000000000000000000e+00,6.428571428571427937e-01,8.875739644970459530e-03,2.949852507374672861e-03,0.000000000000000000e+00,0.000000000000000000e+00,8.955223880596996366e-03,8.928571428571396851e-03,8.928571428571396851e-03,1.190476190476186247e-02
0.000000000000000000e+00,0.000000000000000000e+00,2.633053221288514933e-01,0.000000000000000000e+00,0.000000000000000000e+00,1.000000000000000000e+00,0.000000000000000000e+00,0.000000000000000000e+00,0.000000000000000000e+00,0.000000000000000000e+00,0.000000000000000000e+00,0.000000000000000000e+00,1.453488372093025838e-02,2.249999999999999778e-01,0.000000000000000000e+00,0.000000000000000000e+00,1.169590643274853736e-02,0.000000000000000000e+00,5.830903790087438310e-03,5.512465373961219495e-01,0.000000000000000000e+00,5.623268698060941428e-01,0.000000000000000000e+00,0.000000000000000000e+00,1.449275362318835914e-02,0.000000000000000000e+00,0.000000000000000000e+00,0.000000000000000000e+00,0.000000000000000000e+00,0.000000000000000000e+00,9.671232876712329007e-01,0.000000000000000000e+00,0.000000000000000000e+00,0.000000000000000000e+00,2.144846796657381427e-01,2.027777777777777235e-01,1.749271137026242595e-02,0.000000000000000000e+00,6.024096385542132559e-03,1.000000000000000000e+00,0.000000000000000000e+00,0.000000000000000000e+00,0.000000000000000000e+00,0.000000000000000000e+00,0.000000000000000000e+00,0.000000000000000000e+00,0.000000000000000000e+00,1.501501501501500968e-02,5.441988950276243076e-01,5.797101449275365859e-03,5.793871866295264850e-01,0.000000000000000000e+00,0.000000000000000000e+00,2.747252747252737493e-03,0.000000000000000000e+00,2.335164835164834640e-01,1.194029850746269883e-02,1.988636363636364646e-02,0.000000000000000000e+00,0.000000000000000000e+00,0.000000000000000000e+00,5.813953488372103351e-03,0.000000000000000000e+00,1.392757660167132094e-02,1.950549450549450281e-01,0.000000000000000000e+00,0.000000000000000000e+00,2.309859154929577718e-01,2.443820224719100986e-01,0.000000000000000000e+00,0.000000000000000000e+00,2.507122507122506727e-01,0.000000000000000000e+00,0.000000000000000000e+00,0.000000000000000000e+00,5.686274509803921351e-01,0.000000000000000000e+00,2.386363636363636465e-01,2.234636871508379752e-01,0.000000000000000000e+00,5.359116022099448262e-01,0.000000000000000000e+00,0.000000000000000000e+00,0.000000000000000000e+00,0.000000000000000000e+00,2.754820936639146289e-03,1.114206128133710116e-02,0.000000000000000000e+00,1.724137931034486204e-02,0.000000000000000000e+00,2.785515320334219780e-03,0.000000000000000000e+00,8.214285714285713969e-01,2.785515320334219780e-03,0.000000000000000000e+00,0.000000000000000000e+00,2.747252747252737493e-03,2.739726027397249020e-03,0.000000000000000000e+00,1.955922865013773881e-01,0.000000000000000000e+00,0.000000000000000000e+00,5.621468926553672141e-01,6.563380281690140983e-01,8.005540166204986319e-01,2.754820936639146289e-03,1.699716713881016528e-02,0.000000000000000000e+00,0.000000000000000000e+00,0.000000000000000000e+00,1.385041551246535274e-02,0.000000000000000000e+00,0.000000000000000000e+00,7.922437673130193758e-01,0.000000000000000000e+00,0.000000000000000000e+00,0.000000000000000000e+00,0.000000000000000000e+00,0.000000000000000000e+00,0.000000000000000000e+00,0.000000000000000000e+00,0.000000000000000000e+00,0.000000000000000000e+00,0.000000000000000000e+00,0.000000000000000000e+00,1.388888888888883955e-02,1.385041551246535274e-02,1.385041551246535274e-02,1.385041551246535274e-02
0.000000000000000000e+00,0.000000000000000000e+00,5.617977528089901362e-03,0.000000000000000000e+00,2.777777777777767909e-03,2.785515320334219780e-03,0.000000000000000000e+00,0.000000000000000000e+00,0.000000000000000000e+00,0.000000000000000000e+00,0.000000000000000000e+00,0.000000000000000000e+00,4.610951008645536309e-02,0.000000000000000000e+00,0.000000000000000000e+00,0.000000000000000000e+00,0.000000000000000000e+00,0.000000000000000000e+00,2.732240437158472979e-03,1.308900523560208029e-02,0.000000000000000000e+00,0.000000000000000000e+00,0.000000000000000000e+00,0.000000000000000000e+00,3.458213256484155007e-02,0.000000000000000000e+00,0.000000000000000000e+00,0.000000000000000000e+00,0.000000000000000000e+00,1.452991452991453381e-01,2.590673575129542883e-03,0.000000000000000000e+00,0.000000000000000000e+00,0.000000000000000000e+00,2.754820936639146289e-03,0.000000000000000000e+00,0.000000000000000000e+00,0.000000000000000000e+00,2.985074626865702463e-03,0.000000000000000000e+00,1.000000000000000000e+00,2.577319587628856823e-03,0.000000000000000000e+00,2.583979328165342260e-03,0.000000000000000000e+00,0.000000000000000000e+00,0.000000000000000000e+00,0.000000000000000000e+00,1.562500000000000000e-02,2.865329512893977082e-03,0.000000000000000000e+00,0.000000000000000000e+00,2.732240437158472979e-03,0.000000000000000000e+00,0.000000000000000000e+00,0.000000000000000000e+00,0.000000000000000000e+00,3.651685393258430334e-02,0.000000000000000000e+00,0.000000000000000000e+00,0.000000000000000000e+00,2.865329512893977082e-03,0.000000000000000000e+00,3.664921465968584702e-02,2.590673575129542883e-03,0.000000000000000000e+00,0.000000000000000000e+00,0.000000000000000000e+00,1.680672268907568156e-02,0.000000000000000000e+00,0.000000000000000000e+00,2.824858757062176373e-03,0.000000000000000000e+00,0.000000000000000000e+00,1.049868766404205012e-02,0.000000000000000000e+00,0.000000000000000000e+00,1.416430594900852658e-02,5.571030640668550582e-03,0.000000000000000000e+00,2.604166666666629659e-03,0.000000000000000000e+00,0.000000000000000000e+00,0.000000000000000000e+00,2.717391304347782643e-03,0.000000000000000000e+00,3.916449086161877258e-02,0.000000000000000000e+00,0.000000000000000000e+00,0.000000000000000000e+00,5.989583333333337034e-02,1.036269430051817153e-02,2.590673575129542883e-03,0.000000000000000000e+00,4.775280898876399505e-02,0.000000000000000000e+00,0.000000000000000000e+00,2.577319587628856823e-03,0.000000000000000000e+00,2.590673575129542883e-03,0.000000000000000000e+00,2.724795640327015711e-03,1.671309192200554072e-02,1.955307262569827564e-02,0.000000000000000000e+00,0.000000000000000000e+00,3.351955307262566297e-02,0.000000000000000000e+00,0.000000000000000000e+00,0.000000000000000000e+00,3.636363636363637575e-02,0.000000000000000000e+00,2.577319587628856823e-03,0.000000000000000000e+00,0.000000000000000000e+00,0.000000000000000000e+00,0.000000000000000000e+00,0.000000000000000000e+00,0.000000000000000000e+00,0.000000000000000000e+00,2.604166666666629659e-03,0.000000000000000000e+00,0.000000000000000000e+00,0.000000000000000000e+00,0.000000000000000000e+00,4.155844155844157228e-02,3.896103896103897402e-02,3.376623376623377748e-02,4.155844155844157228e-02
2.544529262086481225e-03,0.000000000000000000e+00,0.000000000000000000e+00,2.688172043010750301e-03,0.000000000000000000e+00,0.000000000000000000e+00,0.000000000000000000e+00,2.710027100271017453e-03,0.000000000000000000e+00,0.000000000000000000e+00,0.000000000000000000e+00,0.000000000000000000e+00,0.000000000000000000e+00,0.000000000000000000e+00,0.000000000000000000e+00,0.000000000000000000e+00,0.000000000000000000e+00,3.265822784810126223e-01,0.000000000000000000e+00,0.000000000000000000e+00,0.000000000000000000e+00,0.000000000000000000e+00,0.000000000000000000e+00,0.000000000000000000e+00,2.849002849002801874e-03,0.000000000000000000e+00,0.000000000000000000e+00,0.000000000000000000e+00,2.544529262086481225e-03,0.000000000000000000e+00,0.000000000000000000e+00,0.000000000000000000e+00,0.000000000000000000e+00,0.000000000000000000e+00,0.000000000000000000e+00,2.710027100271017453e-03,0.000000000000000000e+00,0.000000000000000000e+00,0.000000000000000000e+00,0.000000000000000000e+00,2.577319587628856823e-03,1.000000000000000000e+00,0.000000000000000000e+00,0.000000000000000000e+00,0.000000000000000000e+00,0.000000000000000000e+00,0.000000000000000000e+00,0.000000000000000000e+00,0.000000000000000000e+00,0.000000000000000000e+00,0.000000000000000000e+00,0.000000000000000000e+00,0.000000000000000000e+00,0.000000000000000000e+00,0.000000000000000000e+00,0.000000000000000000e+00,0.000000000000000000e+00,0.000000000000000000e+00,0.000000000000000000e+00,0.000000000000000000e+00,0.000000000000000000e+00,0.000000000000000000e+00,0.000000000000000000e+00,0.000000000000000000e+00,0.000000000000000000e+00,0.000000000000000000e+00,0.000000000000000000e+00,2.762430939226567794e-03,0.000000000000000000e+00,0.000000000000000000e+00,2.702702702702675097e-03,0.000000000000000000e+00,0.000000000000000000e+00,0.000000000000000000e+00,2.590673575129542883e-03,0.000000000000000000e+00,0.000000000000000000e+00,0.000000000000000000e+00,0.000000000000000000e+00,0.000000000000000000e+00,0.000000000000000000e+00,0.000000000000000000e+00,0.000000000000000000e+00,0.000000000000000000e+00,2.680965147453084896e-03,0.000000000000000000e+00,0.000000000000000000e+00,0.000000000000000000e+00,0.000000000000000000e+00,0.000000000000000000e+00,2.577319587628856823e-03,0.000000000000000000e+00,0.000000000000000000e+00,2.695417789757459381e-03,0.000000000000000000e+00,0.000000000000000000e+00,0.000000000000000000e+00,0.000000000000000000e+00,0.000000000000000000e+00,0.000000000000000000e+00,0.000000000000000000e+00,0.000000000000000000e+00,0.000000000000000000e+00,0.000000000000000000e+00,0.000000000000000000e+00,0.000000000000000000e+00,0.000000000000000000e+00,0.000000000000000000e+00,2.551020408163240383e-03,0.000000000000000000e+00,2.570694087403624373e-03,0.000000000000000000e+00,0.000000000000000000e+00,0.000000000000000000e+00,0.000000000000000000e+00,0.000000000000000000e+00,2.688172043010750301e-03,0.000000000000000000e+00,0.000000000000000000e+00,0.000000000000000000e+00,0.000000000000000000e+00,0.000000000000000000e+00,0.000000000000000000e+00,0.000000000000000000e+00,0.000000000000000000e+00,0.000000000000000000e+00,0.000000000000000000e+00,2.570694087403624373e-03,0.000000000000000000e+00
0.000000000000000000e+00,0.000000000000000000e+00,2.808988764044895170e-03,5.509641873278181556e-03,8.867403314917127188e-01,0.000000000000000000e+00,2.724795640327015711e-03,0.000000000000000000e+00,2.762430939226567794e-03,9.972602739726027510e-01,8.259668508287292266e-01,0.000000000000000000e+00,0.000000000000000000e+00,0.000000000000000000e+00,2.777777777777767909e-03,5.420054200542034906e-03,6.743515850144092827e-01,0.000000000000000000e+00,6.195965417867435043e-01,0.000000000000000000e+00,1.902173913043481157e-02,0.000000000000000000e+00,3.160762942779291595e-01,0.000000000000000000e+00,0.000000000000000000e+00,8.310249307479224967e-01,0.000000000000000000e+00,0.000000000000000000e+00,2.717391304347782643e-03,0.000000000000000000e+00,0.000000000000000000e+00,0.000000000000000000e+00,0.000000000000000000e+00,0.000000000000000000e+00,0.000000000000000000e+00,0.000000000000000000e+00,6.195965417867435043e-01,0.000000000000000000e+00,6.369047619047618625e-01,0.000000000000000000e+00,0.000000000000000000e+00,0.000000000000000000e+00,1.000000000000000000e+00,0.000000000000000000e+00,0.000000000000000000e+00,0.000000000000000000e+00,1.381215469613261693e-02,5.976331360946744997e-01,0.000000000000000000e+00,6.828571428571428292e-01,0.000000000000000000e+00,0.000000000000000000e+00,0.000000000000000000e+00,0.000000000000000000e+00,0.000000000000000000e+00,0.000000000000000000e+00,5.982404692082111675e-01,0.000000000000000000e+00,0.000000000000000000e+00,0.000000000000000000e+00,0.000000000000000000e+00,6.828571428571428292e-01,0.000000000000000000e+00,0.000000000000000000e+00,0.000000000000000000e+00,8.196721311475407834e-02,2.717391304347782643e-03,0.000000000000000000e+00,0.000000000000000000e+00,0.000000000000000000e+00,1.381215469613261693e-02,0.000000000000000000e+00,0.000000000000000000e+00,0.000000000000000000e+00,0.000000000000000000e+00,0.000000000000000000e+00,8.196721311475407834e-02,0.000000000000000000e+00,0.000000000000000000e+00,0.000000000000000000e+00,0.000000000000000000e+00,0.000000000000000000e+00,1.086956521739135262e-02,0.000000000000000000e+00,0.000000000000000000e+00,0.000000000000000000e+00,2.754820936639146289e-03,3.279132791327913354e-01,6.278409090909091717e-01,0.000000000000000000e+00,0.000000000000000000e+00,0.000000000000000000e+00,0.000000000000000000e+00,0.000000000000000000e+00,2.832861189801749724e-03,0.000000000000000000e+00,0.000000000000000000e+00,0.000000000000000000e+00,0.000000000000000000e+00,0.000000000000000000e+00,0.000000000000000000e+00,2.754820936639146289e-03,1.129943502824859447e-02,0.000000000000000000e+00,0.000000000000000000e+00,0.000000000000000000e+00,0.000000000000000000e+00,1.101928374655647414e-02,0.000000000000000000e+00,2.762430939226567794e-03,0.000000000000000000e+00,0.000000000000000000e+00,0.000000000000000000e+00,0.000000000000000000e+00,0.000000000000000000e+00,6.788732394366197020e-01,1.101928374655647414e-02,0.000000000000000000e+00,1.912568306010931085e-02,0.000000000000000000e+00,8.879781420765027189e-01,1.902173913043481157e-02,1.086956521739135262e-02,0.000000000000000000e+00,2.717391304347782643e-03,0.000000000000000000e+00,2.739726027397249020e-03,0.000000000000000000e+00,0.000000000000000000e+00
0.000000000000000000e+00,0.000000000000000000e+00,0.000000000000000000e+00,0.000000000000000000e+00,0.000000000000000000e+00,2.754820936639146289e-03,5.128205128205109986e-03,0.000000000000000000e+00,0.000000000000000000e+00,0.000000000000000000e+00,0.000000000000000000e+00,0.000000000000000000e+00,0.000000000000000000e+00,0.000000000000000000e+00,0.000000000000000000e+00,0.000000000000000000e+00,0.000000000000000000e+00,0.000000000000000000e+00,0.000000000000000000e+00,2.590673575129542883e-03,0.000000000000000000e+00,0.000000000000000000e+00,0.000000000000000000e+00,0.000000000000000000e+00,0.000000000000000000e+00,0.000000000000000000e+00,0.000000000000000000e+00,0.000000000000000000e+00,0.000000000000000000e+00,0.000000000000000000e+00,2.564102564102554993e-03,0.000000000000000000e+00,0.000000000000000000e+00,0.000000000000000000e+00,0.000000000000000000e+00,0.000000000000000000e+00,0.000000000000000000e+00,0.000000000000000000e+00,2.949852507374672861e-03,0.000000000000000000e+00,2.583979328165342260e-03,0.000000000000000000e+00,0.000000000000000000e+00,1.000000000000000000e+00,0.000000000000000000e+00,2.570694087403624373e-03,0.000000000000000000e+00,0.000000000000000000e+00,0.000000000000000000e+00,2.832861189801749724e-03,0.000000000000000000e+00,0.000000000000000000e+00,0.000000000000000000e+00,0.000000000000000000e+00,0.000000000000000000e+00,0.000000000000000000e+00,0.000000000000000000e+00,0.000000000000000000e+00,0.000000000000000000e+00,0.000000000000000000e+00,9.898218829516539641e-01,2.832861189801749724e-03,0.000000000000000000e+00,0.000000000000000000e+00,0.000000000000000000e+00,0.000000000000000000e+00,0.000000000000000000e+00,0.000000000000000000e+00,0.000000000000000000e+00,0.000000000000000000e+00,0.000000000000000000e+00,2.793296089385499670e-03,0.000000000000000000e+00,0.000000000000000000e+00,0.000000000000000000e+00,0.000000000000000000e+00,0.000000000000000000e+00,0.000000000000000000e+00,0.000000000000000000e+00,0.000000000000000000e+00,0.000000000000000000e+00,0.000000000000000000e+00,0.000000000000000000e+00,5.405405405405350194e-03,0.000000000000000000e+00,0.000000000000000000e+00,0.000000000000000000e+00,2.551020408163240383e-03,0.000000000000000000e+00,0.000000000000000000e+00,0.000000000000000000e+00,0.000000000000000000e+00,0.000000000000000000e+00,0.000000000000000000e+00,0.000000000000000000e+00,0.000000000000000000e+00,7.653061224489832171e-03,1.275510204081631294e-02,0.000000000000000000e+00,0.000000000000000000e+00,0.000000000000000000e+00,0.000000000000000000e+00,2.762430939226567794e-03,0.000000000000000000e+00,0.000000000000000000e+00,0.000000000000000000e+00,0.000000000000000000e+00,0.000000000000000000e+00,1.278772378516623842e-02,0.000000000000000000e+00,0.000000000000000000e+00,1.550387596899227560e-02,2.551020408163240383e-03,0.000000000000000000e+00,0.000000000000000000e+00,0.000000000000000000e+00,2.695417789757459381e-03,0.000000000000000000e+00,0.000000000000000000e+00,0.000000000000000000e+00,0.000000000000000000e+00,0.000000000000000000e+00,0.000000000000000000e+00,0.000000000000000000e+00,0.000000000000000000e+00,0.000000000000000000e+00,0.000000000000000000e+00,0.000000000000000000e+00,0.000000000000000000e+00
0.000000000000000000e+00,0.000000000000000000e+00,0.000000000000000000e+00,0.000000000000000000e+00,0.000000000000000000e+00,0.000000000000000000e+00,0.000000000000000000e+00,0.000000000000000000e+00,0.000000000000000000e+00,0.000000000000000000e+00,0.000000000000000000e+00,0.000000000000000000e+00,0.000000000000000000e+00,0.000000000000000000e+00,0.000000000000000000e+00,0.000000000000000000e+00,0.000000000000000000e+00,0.000000000000000000e+00,0.000000000000000000e+00,0.000000000000000000e+00,0.000000000000000000e+00,0.000000000000000000e+00,0.000000000000000000e+00,0.000000000000000000e+00,0.000000000000000000e+00,0.000000000000000000e+00,0.000000000000000000e+00,0.000000000000000000e+00,0.000000000000000000e+00,0.000000000000000000e+00,0.000000000000000000e+00,0.000000000000000000e+00,0.000000000000000000e+00,0.000000000000000000e+00,0.000000000000000000e+00,0.000000000000000000e+00,0.000000000000000000e+00,0.000000000000000000e+00,0.000000000000000000e+00,0.000000000000000000e+00,0.000000000000000000e+00,0.000000000000000000e+00,0.000000000000000000e+00,0.000000000000000000e+00,1.000000000000000000e+00,0.000000000000000000e+00,0.000000000000000000e+00,0.000000000000000000e+00,0.000000000000000000e+00,0.000000000000000000e+00,0.000000000000000000e+00,0.000000000000000000e+00,0.000000000000000000e+00,0.000000000000000000e+00,0.000000000000000000e+00,0.000000000000000000e+00,0.000000000000000000e+00,4.237288135593209049e-03,0.000000000000000000e+00,0.000000000000000000e+00,0.000000000000000000e+00,0.000000000000000000e+00,0.000000000000000000e+00,4.219409282700370412e-03,0.000000000000000000e+00,0.000000000000000000e+00,0.000000000000000000e+00,0.000000000000000000e+00,0.000000000000000000e+00,0.000000000000000000e+00,0.000000000000000000e+00,0.000000000000000000e+00,0.000000000000000000e+00,0.000000000000000000e+00,0.000000000000000000e+00,0.000000000000000000e+00,0.000000000000000000e+00,0.000000000000000000e+00,0.000000000000000000e+00,0.000000000000000000e+00,0.000000000000000000e+00,0.000000000000000000e+00,0.000000000000000000e+00,0.000000000000000000e+00,0.000000000000000000e+00,0.000000000000000000e+00,0.000000000000000000e+00,0.000000000000000000e+00,0.000000000000000000e+00,0.000000000000000000e+00,0.000000000000000000e+00,0.000000000000000000e+00,0.000000000000000000e+00,0.000000000000000000e+00,4.273504273504258322e-03,0.000000000000000000e+00,0.000000000000000000e+00,0.000000000000000000e+00,0.000000000000000000e+00,0.000000000000000000e+00,0.000000000000000000e+00,0.000000000000000000e+00,0.000000000000000000e+00,0.000000000000000000e+00,0.000000000000000000e+00,0.000000000000000000e+00,0.000000000000000000e+00,0.000000000000000000e+00,0.000000000000000000e+00,0.000000000000000000e+00,0.000000000000000000e+00,0.000000000000000000e+00,0.000000000000000000e+00,0.000000000000000000e+00,0.000000000000000000e+00,0.000000000000000000e+00,0.000000000000000000e+00,0.000000000000000000e+00,0.000000000000000000e+00,0.000000000000000000e+00,4.201680672268892636e-03,0.000000000000000000e+00,4.184100418409997246e-03,0.000000000000000000e+00,0.000000000000000000e+00,0.000000000000000000e+00,4.201680672268892636e-03,0.000000000000000000e+00,0.000000000000000000e+00
0.000000000000000000e+00,0.000000000000000000e+00,0.000000000000000000e+00,0.000000000000000000e+00,0.000000000000000000e+00,0.000000000000000000e+00,0.000000000000000000e+00,0.000000000000000000e+00,0.000000000000000000e+00,0.000000000000000000e+00,0.000000000000000000e+00,2.564102564102554993e-03,0.000000000000000000e+00,0.000000000000000000e+00,0.000000000000000000e+00,2.564102564102554993e-03,0.000000000000000000e+00,0.000000000000000000e+00,0.000000000000000000e+00,0.000000000000000000e+00,0.000000000000000000e+00,0.000000000000000000e+00,2.577319587628856823e-03,0.000000000000000000e+00,2.873563218390828844e-03,0.000000000000000000e+00,2.570694087403624373e-03,2.754820936639146289e-03,0.000000000000000000e+00,0.000000000000000000e+00,0.000000000000000000e+00,0.000000000000000000e+00,0.000000000000000000e+00,0.000000000000000000e+00,0.000000000000000000e+00,0.000000000000000000e+00,0.000000000000000000e+00,0.000000000000000000e+00,0.000000000000000000e+00,0.000000000000000000e+00,0.000000000000000000e+00,0.000000000000000000e+00,0.000000000000000000e+00,2.570694087403624373e-03,0.000000000000000000e+00,1.000000000000000000e+00,2.739726027397249020e-03,0.000000000000000000e+00,0.000000000000000000e+00,2.849002849002801874e-03,0.000000000000000000e+00,2.717391304347782643e-03,2.717391304347782643e-03,0.000000000000000000e+00,2.577319587628856823e-03,0.000000000000000000e+00,0.000000000000000000e+00,0.000000000000000000e+00,0.000000000000000000e+00,0.000000000000000000e+00,2.577319587628856823e-03,2.849002849002801874e-03,0.000000000000000000e+00,0.000000000000000000e+00,2.577319587628856823e-03,2.590673575129542883e-03,5.128205128205109986e-03,0.000000000000000000e+00,0.000000000000000000e+00,0.000000000000000000e+00,0.000000000000000000e+00,0.000000000000000000e+00,2.710027100271017453e-03,0.000000000000000000e+00,0.000000000000000000e+00,0.000000000000000000e+00,0.000000000000000000e+00,0.000000000000000000e+00,2.770083102493048344e-03,0.000000000000000000e+00,0.000000000000000000e+00,2.583979328165342260e-03,5.141388174807248745e-03,2.717391304347782643e-03,2.710027100271017453e-03,0.000000000000000000e+00,2.604166666666629659e-03,0.000000000000000000e+00,0.000000000000000000e+00,2.564102564102554993e-03,0.000000000000000000e+00,0.000000000000000000e+00,0.000000000000000000e+00,0.000000000000000000e+00,0.000000000000000000e+00,0.000000000000000000e+00,0.000000000000000000e+00,0.000000000000000000e+00,2.564102564102554993e-03,0.000000000000000000e+00,0.000000000000000000e+00,2.710027100271017453e-03,0.000000000000000000e+00,2.785515320334219780e-03,0.000000000000000000e+00,0.000000000000000000e+00,0.000000000000000000e+00,0.000000000000000000e+00,0.000000000000000000e+00,0.000000000000000000e+00,0.000000000000000000e+00,0.000000000000000000e+00,0.000000000000000000e+00,0.000000000000000000e+00,2.717391304347782643e-03,0.000000000000000000e+00,2.717391304347782643e-03,0.000000000000000000e+00,0.000000000000000000e+00,0.000000000000000000e+00,0.000000000000000000e+00,2.570694087403624373e-03,0.000000000000000000e+00,0.000000000000000000e+00,2.564102564102554993e-03,0.000000000000000000e+00,0.000000000000000000e+00,0.000000000000000000e+00,0.000000000000000000e+00
0.000000000000000000e+00,0.000000000000000000e+00,0.000000000000000000e+00,2.754820936639146289e-03,8.356545961002770362e-03,0.000000000000000000e+00,0.000000000000000000e+00,0.000000000000000000e+00,0.000000000000000000e+00,1.392757660167132094e-02,1.114206128133710116e-02,0.000000000000000000e+00,0.000000000000000000e+00,0.000000000000000000e+00,0.000000000000000000e+00,0.000000000000000000e+00,1.445086705202314192e-02,0.000000000000000000e+00,5.763688760806906508e-03,0.000000000000000000e+00,9.864498644986450238e-01,0.000000000000000000e+00,5.464480874316945958e-03,0.000000000000000000e+00,0.000000000000000000e+00,8.356545961002770362e-03,2.717391304347782643e-03,2.770083102493048344e-03,0.000000000000000000e+00,0.000000000000000000e+00,0.000000000000000000e+00,0.000000000000000000e+00,3.759398496240629051e-03,0.000000000000000000e+00,0.000000000000000000e+00,2.770083102493048344e-03,8.670520231213840745e-03,0.000000000000000000e+00,2.985074626865702463e-03,0.000000000000000000e+00,0.000000000000000000e+00,0.000000000000000000e+00,1.381215469613261693e-02,0.000000000000000000e+00,0.000000000000000000e+00,2.739726027397249020e-03,1.000000000000000000e+00,5.952380952380931234e-03,0.000000000000000000e+00,1.436781609195403320e-02,0.000000000000000000e+00,0.000000000000000000e+00,0.000000000000000000e+00,0.000000000000000000e+00,5.449591280653920400e-03,0.000000000000000000e+00,5.899705014749234699e-03,0.000000000000000000e+00,0.000000000000000000e+00,0.000000000000000000e+00,0.000000000000000000e+00,1.149425287356320435e-02,0.000000000000000000e+00,0.000000000000000000e+00,0.000000000000000000e+00,0.000000000000000000e+00,0.000000000000000000e+00,2.816901408450700472e-03,0.000000000000000000e+00,5.449591280653920400e-03,1.000000000000000000e+00,0.000000000000000000e+00,8.219178082191747059e-03,5.602240896358523514e-03,0.000000000000000000e+00,0.000000000000000000e+00,0.000000000000000000e+00,2.832861189801749724e-03,2.793296089385499670e-03,2.710027100271017453e-03,0.000000000000000000e+00,0.000000000000000000e+00,0.000000000000000000e+00,0.000000000000000000e+00,0.000000000000000000e+00,0.000000000000000000e+00,0.000000000000000000e+00,1.086956521739135262e-02,1.136363636363635354e-02,2.710027100271017453e-03,0.000000000000000000e+00,0.000000000000000000e+00,0.000000000000000000e+00,0.000000000000000000e+00,0.000000000000000000e+00,0.000000000000000000e+00,0.000000000000000000e+00,0.000000000000000000e+00,2.717391304347782643e-03,0.000000000000000000e+00,0.000000000000000000e+00,4.575342465753424737e-01,0.000000000000000000e+00,0.000000000000000000e+00,0.000000000000000000e+00,0.000000000000000000e+00,2.808988764044895170e-03,9.972752043596729843e-01,2.724795640327015711e-03,0.000000000000000000e+00,0.000000000000000000e+00,0.000000000000000000e+00,0.000000000000000000e+00,0.000000000000000000e+00,1.373626373626368746e-02,1.699716713881016528e-02,9.945504087193460796e-01,0.000000000000000000e+00,9.809264305177112231e-01,0.000000000000000000e+00,5.479452054794498039e-03,9.918699186991869476e-01,9.891598915989160412e-01,2.732240437158472979e-03,0.000000000000000000e+00,0.000000000000000000e+00,0.000000000000000000e+00,0.000000000000000000e+00,0.000000000000000000e+00
0.000000000000000000e+00,0.000000000000000000e+00,3.021148036253751279e-03,0.000000000000000000e+00,6.160714285714286031e-01,1.501501501501500968e-02,0.000000000000000000e+00,0.000000000000000000e+00,0.000000000000000000e+00,6.011904761904761640e-01,5.833333333333332593e-01,0.000000000000000000e+00,0.000000000000000000e+00,8.982035928143727865e-03,0.000000000000000000e+00,2.923976608187106585e-03,6.656716417910447658e-01,2.923976608187106585e-03,6.994047619047618625e-01,5.952380952380931234e-03,8.823529411764674535e-03,2.380952380952383596e-02,2.470588235294117752e-01,0.000000000000000000e+00,0.000000000000000000e+00,5.803571428571427937e-01,2.932551319648091237e-03,0.000000000000000000e+00,2.932551319648091237e-03,3.058103975535186869e-03,1.764705882352946009e-02,0.000000000000000000e+00,0.000000000000000000e+00,0.000000000000000000e+00,5.988023952095855584e-03,5.970149253731293904e-03,8.794117647058823373e-01,0.000000000000000000e+00,7.259036144578312477e-01,1.501501501501500968e-02,0.000000000000000000e+00,0.000000000000000000e+00,5.976331360946744997e-01,0.000000000000000000e+00,0.000000000000000000e+00,0.000000000000000000e+00,5.952380952380931234e-03,1.000000000000000000e+00,2.958579881656819843e-03,6.715976331360946627e-01,2.114803625377648100e-02,2.958579881656819843e-03,2.967359050445095292e-03,0.000000000000000000e+00,0.000000000000000000e+00,5.882352941176449690e-03,9.941348973607038175e-01,0.000000000000000000e+00,0.000000000000000000e+00,0.000000000000000000e+00,0.000000000000000000e+00,6.745562130177514826e-01,0.000000000000000000e+00,0.000000000000000000e+00,2.941176470588224845e-03,5.899705014749268006e-02,0.000000000000000000e+00,6.060606060606099632e-03,3.021148036253751279e-03,0.000000000000000000e+00,5.934718100890190584e-03,3.058103975535186869e-03,0.000000000000000000e+00,0.000000000000000000e+00,0.000000000000000000e+00,1.818181818181818787e-02,5.604719764011800720e-02,0.000000000000000000e+00,6.024096385542132559e-03,2.923976608187106585e-03,1.183431952662716835e-02,2.949852507374672861e-03,8.797653958944273711e-03,0.000000000000000000e+00,2.967359050445095292e-03,0.000000000000000000e+00,2.976190476190465617e-03,2.551319648093841597e-01,8.099415204678362956e-01,0.000000000000000000e+00,2.976190476190465617e-03,0.000000000000000000e+00,1.764705882352946009e-02,2.976190476190465617e-03,0.000000000000000000e+00,0.000000000000000000e+00,0.000000000000000000e+00,0.000000000000000000e+00,0.000000000000000000e+00,8.823529411764674535e-03,0.000000000000000000e+00,0.000000000000000000e+00,1.818181818181818787e-02,1.823708206686924793e-02,2.089552238805969520e-02,0.000000000000000000e+00,0.000000000000000000e+00,5.934718100890190584e-03,0.000000000000000000e+00,2.976190476190465617e-03,2.958579881656819843e-03,0.000000000000000000e+00,0.000000000000000000e+00,2.089552238805969520e-02,0.000000000000000000e+00,6.517857142857143016e-01,5.952380952380931234e-03,0.000000000000000000e+00,8.849557522123907560e-03,0.000000000000000000e+00,6.153846153846154188e-01,8.823529411764674535e-03,5.865102639296182474e-03,0.000000000000000000e+00,2.932551319648091237e-03,0.000000000000000000e+00,0.000000000000000000e+00,0.000000000000000000e+00,0.000000000000000000e+00
0.000000000000000000e+00,0.000000000000000000e+00,1.983240223463687002e-01,0.000000000000000000e+00,0.000000000000000000e+00,5.552486187845304677e-01,0.000000000000000000e+00,0.000000000000000000e+00,0.000000000000000000e+00,0.000000000000000000e+00,0.000000000000000000e+00,0.000000000000000000e+00,0.000000000000000000e+00,1.740331491712707734e-01,0.000000000000000000e+00,0.000000000000000000e+00,5.763688760806906508e-03,0.000000000000000000e+00,8.174386920980936111e-03,9.974093264248704571e-01,0.000000000000000000e+00,4.140625000000000000e-01,0.000000000000000000e+00,0.000000000000000000e+00,0.000000000000000000e+00,0.000000000000000000e+00,0.000000000000000000e+00,0.000000000000000000e+00,0.000000000000000000e+00,0.000000000000000000e+00,5.541237113402062153e-01,0.000000000000000000e+00,0.000000000000000000e+00,0.000000000000000000e+00,1.917808219178082085e-01,1.698630136986301054e-01,8.196721311475418936e-03,0.000000000000000000e+00,1.186943620178038117e-02,5.441988950276243076e-01,1.562500000000000000e-02,0.000000000000000000e+00,0.000000000000000000e+00,0.000000000000000000e+00,0.000000000000000000e+00,0.000000000000000000e+00,0.000000000000000000e+00,2.958579881656819843e-03,1.000000000000000000e+00,5.714285714285671780e-03,4.166666666666666297e-01,0.000000000000000000e+00,0.000000000000000000e+00,0.000000000000000000e+00,0.000000000000000000e+00,1.829896907216495006e-01,0.000000000000000000e+00,0.000000000000000000e+00,0.000000000000000000e+00,0.000000000000000000e+00,0.000000000000000000e+00,5.714285714285671780e-03,0.000000000000000000e+00,0.000000000000000000e+00,1.550387596899225340e-01,0.000000000000000000e+00,0.000000000000000000e+00,1.955307262569832005e-01,2.011173184357541999e-01,0.000000000000000000e+00,0.000000000000000000e+00,1.690140845070422504e-01,0.000000000000000000e+00,0.000000000000000000e+00,0.000000000000000000e+00,4.206128133704735150e-01,0.000000000000000000e+00,1.949152542372881713e-01,1.828254847645429670e-01,0.000000000000000000e+00,4.077922077922078170e-01,0.000000000000000000e+00,0.000000000000000000e+00,2.724795640327015711e-03,0.000000000000000000e+00,0.000000000000000000e+00,0.000000000000000000e+00,0.000000000000000000e+00,1.078167115902961548e-02,0.000000000000000000e+00,2.610966057441266308e-03,0.000000000000000000e+00,6.253229974160205984e-01,0.000000000000000000e+00,2.808988764044895170e-03,0.000000000000000000e+00,2.577319587628856823e-03,5.154639175257713646e-03,0.000000000000000000e+00,1.623711340206185350e-01,0.000000000000000000e+00,0.000000000000000000e+00,8.066298342541435851e-01,4.416666666666666519e-01,5.874316939890710243e-01,0.000000000000000000e+00,0.000000000000000000e+00,0.000000000000000000e+00,0.000000000000000000e+00,0.000000000000000000e+00,0.000000000000000000e+00,2.617801047120393854e-03,2.577319587628856823e-03,5.628415300546447675e-01,0.000000000000000000e+00,8.379888268156387987e-03,0.000000000000000000e+00,0.000000000000000000e+00,0.000000000000000000e+00,0.000000000000000000e+00,0.000000000000000000e+00,0.000000000000000000e+00,0.000000000000000000e+00,0.000000000000000000e+00,0.000000000000000000e+00,0.000000000000000000e+00,0.000000000000000000e+00,0.000000000000000000e+00,0.000000000000000000e+00
0.000000000000000000e+00,0.000000000000000000e+00,2.923976608187106585e-03,2.865329512893977082e-03,6.867816091954023205e-01,2.906976744186051675e-03,0.000000000000000000e+00,0.000000000000000000e+00,0.000000000000000000e+00,6.695402298850574585e-01,6.321839080459770166e-01,2.824858757062176373e-03,0.000000000000000000e+00,8.695652173912993277e-03,0.000000000000000000e+00,0.000000000000000000e+00,9.942693409742120458e-01,0.000000000000000000e+00,6.774193548387097419e-01,5.747126436781657688e-03,1.988636363636364646e-02,8.595988538681931246e-03,2.670454545454545858e-01,0.000000000000000000e+00,0.000000000000000000e+00,6.368876080691643349e-01,2.832861189801749724e-03,0.000000000000000000e+00,0.000000000000000000e+00,0.000000000000000000e+00,5.681818181818232283e-03,0.000000000000000000e+00,0.000000000000000000e+00,2.865329512893977082e-03,5.797101449275365859e-03,8.645533141210415273e-03,6.967930029154518756e-01,2.849002849002801874e-03,6.865671641791044610e-01,5.797101449275365859e-03,2.865329512893977082e-03,0.000000000000000000e+00,6.828571428571428292e-01,2.832861189801749724e-03,0.000000000000000000e+00,2.849002849002801874e-03,1.436781609195403320e-02,6.715976331360946627e-01,5.714285714285671780e-03,1.000000000000000000e+00,1.169590643274853736e-02,0.000000000000000000e+00,0.000000000000000000e+00,2.824858757062176373e-03,0.000000000000000000e+00,5.681818181818232283e-03,6.647058823529412575e-01,2.932551319648091237e-03,0.000000000000000000e+00,0.000000000000000000e+00,0.000000000000000000e+00,1.000000000000000000e+00,0.000000000000000000e+00,0.000000000000000000e+00,2.840909090909060630e-03,5.413105413105412378e-02,2.824858757062176373e-03,5.865102639296182474e-03,5.847953216374324192e-03,0.000000000000000000e+00,1.146131805157590833e-02,5.917159763313639687e-03,0.000000000000000000e+00,0.000000000000000000e+00,0.000000000000000000e+00,8.797653958944273711e-03,5.128205128205132191e-02,2.958579881656819843e-03,5.813953488372103351e-03,2.824858757062176373e-03,2.857142857142891401e-03,2.849002849002801874e-03,1.133144475920677685e-02,0.000000000000000000e+00,0.000000000000000000e+00,2.840909090909060630e-03,0.000000000000000000e+00,2.768361581920903980e-01,7.080924855491329550e-01,0.000000000000000000e+00,0.000000000000000000e+00,0.000000000000000000e+00,1.139601139601142954e-02,2.873563218390828844e-03,0.000000000000000000e+00,0.000000000000000000e+00,0.000000000000000000e+00,0.000000000000000000e+00,0.000000000000000000e+00,8.522727272727292913e-03,0.000000000000000000e+00,0.000000000000000000e+00,1.764705882352946009e-02,1.173020527859236495e-02,8.670520231213840745e-03,0.000000000000000000e+00,0.000000000000000000e+00,1.724137931034486204e-02,0.000000000000000000e+00,0.000000000000000000e+00,0.000000000000000000e+00,0.000000000000000000e+00,0.000000000000000000e+00,5.780346820809301178e-03,0.000000000000000000e+00,7.406340057636887630e-01,1.436781609195403320e-02,0.000000000000000000e+00,1.428571428571423496e-02,0.000000000000000000e+00,6.780626780626780592e-01,2.272727272727270709e-02,1.133144475920677685e-02,0.000000000000000000e+00,0.000000000000000000e+00,2.857142857142891401e-03,0.000000000000000000e+00,2.857142857142891401e-03,2.857142857142891401e-03
0.000000000000000000e+00,0.000000000000000000e+00,1.949152542372881713e-01,0.000000000000000000e+00,0.000000000000000000e+00,5.837988826815643240e-01,0.000000000000000000e+00,0.000000000000000000e+00,2.801120448179261757e-03,0.000000000000000000e+00,0.000000000000000000e+00,0.000000000000000000e+00,0.000000000000000000e+00,1.932773109243697274e-01,0.000000000000000000e+00,0.000000000000000000e+00,1.176470588235289938e-02,0.000000000000000000e+00,1.461988304093564395e-02,4.317548746518106162e-01,0.000000000000000000e+00,9.944903581267217074e-01,0.000000000000000000e+00,0.000000000000000000e+00,0.000000000000000000e+00,0.000000000000000000e+00,0.000000000000000000e+00,0.000000000000000000e+00,2.762430939226567794e-03,0.000000000000000000e+00,5.840220385674931292e-01,0.000000000000000000e+00,0.000000000000000000e+00,0.000000000000000000e+00,1.876750700280112039e-01,1.815642458100558132e-01,2.639296187683282113e-02,0.000000000000000000e+00,9.090909090909038426e-03,5.793871866295264850e-01,0.000000000000000000e+00,0.000000000000000000e+00,0.000000000000000000e+00,0.000000000000000000e+00,0.000000000000000000e+00,0.000000000000000000e+00,0.000000000000000000e+00,2.114803625377648100e-02,4.166666666666666297e-01,1.169590643274853736e-02,1.000000000000000000e+00,0.000000000000000000e+00,2.785515320334219780e-03,0.000000000000000000e+00,0.000000000000000000e+00,1.878453038674032793e-01,2.402402402402403769e-02,5.714285714285671780e-03,0.000000000000000000e+00,0.000000000000000000e+00,0.000000000000000000e+00,8.771929824561430777e-03,0.000000000000000000e+00,0.000000000000000000e+00,1.795580110497237980e-01,0.000000000000000000e+00,0.000000000000000000e+00,1.836158192090395769e-01,1.728045325779037356e-01,0.000000000000000000e+00,0.000000000000000000e+00,1.891117478510028205e-01,0.000000000000000000e+00,0.000000000000000000e+00,0.000000000000000000e+00,9.916666666666666963e-01,0.000000000000000000e+00,1.805157593123208892e-01,1.830985915492957528e-01,0.000000000000000000e+00,3.944444444444444864e-01,0.000000000000000000e+00,0.000000000000000000e+00,0.000000000000000000e+00,0.000000000000000000e+00,0.000000000000000000e+00,0.000000000000000000e+00,0.000000000000000000e+00,2.601156069364163326e-02,0.000000000000000000e+00,0.000000000000000000e+00,0.000000000000000000e+00,5.922865013774104570e-01,0.000000000000000000e+00,2.865329512893977082e-03,0.000000000000000000e+00,0.000000000000000000e+00,0.000000000000000000e+00,0.000000000000000000e+00,1.767955801104972302e-01,0.000000000000000000e+00,0.000000000000000000e+00,4.289772727272727071e-01,4.573863636363636465e-01,5.515320334261838431e-01,2.770083102493048344e-03,0.000000000000000000e+00,0.000000000000000000e+00,0.000000000000000000e+00,0.000000000000000000e+00,0.000000000000000000e+00,0.000000000000000000e+00,0.000000000000000000e+00,5.418994413407820510e-01,0.000000000000000000e+00,5.763688760806906508e-03,0.000000000000000000e+00,2.793296089385499670e-03,0.000000000000000000e+00,0.000000000000000000e+00,0.000000000000000000e+00,0.000000000000000000e+00,0.000000000000000000e+00,0.000000000000000000e+00,0.000000000000000000e+00,0.000000000000000000e+00,0.000000000000000000e+00,0.000000000000000000e+00,0.000000000000000000e+00
8.086253369272267122e-03,0.000000000000000000e+00,0.000000000000000000e+00,2.336956521739130821e-01,0.000000000000000000e+00,0.000000000000000000e+00,0.000000000000000000e+00,8.241758241758212478e-03,5.479452054794498039e-03,0.000000000000000000e+00,2.777777777777767909e-03,8.897849462365591267e-01,0.000000000000000000e+00,0.000000000000000000e+00,0.000000000000000000e+00,2.231182795698924970e-01,2.890173410404650589e-03,0.000000000000000000e+00,0.000000000000000000e+00,0.000000000000000000e+00,0.000000000000000000e+00,0.000000000000000000e+00,0.000000000000000000e+00,0.000000000000000000e+00,0.000000000000000000e+00,5.555555555555535818e-03,0.000000000000000000e+00,0.000000000000000000e+00,9.245283018867924696e-01,0.000000000000000000e+00,0.000000000000000000e+00,0.000000000000000000e+00,0.000000000000000000e+00,2.397820163487738299e-01,2.762430939226567794e-03,2.754820936639146289e-03,2.865329512893977082e-03,0.000000000000000000e+00,0.000000000000000000e+00,0.000000000000000000e+00,0.000000000000000000e+00,0.000000000000000000e+00,0.000000000000000000e+00,0.000000000000000000e+00,0.000000000000000000e+00,2.717391304347782643e-03,0.000000000000000000e+00,2.958579881656819843e-03,0.000000000000000000e+00,0.000000000000000000e+00,0.000000000000000000e+00,1.000000000000000000e+00,9.946091644204851923e-01,0.000000000000000000e+00,0.000000000000000000e+00,0.000000000000000000e+00,0.000000000000000000e+00,0.000000000000000000e+00,0.000000000000000000e+00,0.000000000000000000e+00,0.000000000000000000e+00,0.000000000000000000e+00,8.921832884097035121e-01,0.000000000000000000e+00,0.000000000000000000e+00,0.000000000000000000e+00,2.264150943396225912e-01,0.000000000000000000e+00,0.000000000000000000e+00,0.000000000000000000e+00,0.000000000000000000e+00,2.824858757062176373e-03,0.000000000000000000e+00,0.000000000000000000e+00,0.000000000000000000e+00,0.000000000000000000e+00,0.000000000000000000e+00,0.000000000000000000e+00,2.777777777777767909e-03,2.311827956989247479e-01,0.000000000000000000e+00,0.000000000000000000e+00,0.000000000000000000e+00,0.000000000000000000e+00,3.079019073569482234e-01,0.000000000000000000e+00,0.000000000000000000e+00,0.000000000000000000e+00,0.000000000000000000e+00,0.000000000000000000e+00,0.000000000000000000e+00,2.710027100271017453e-03,0.000000000000000000e+00,0.000000000000000000e+00,2.816901408450700472e-03,0.000000000000000000e+00,2.695417789757459381e-03,2.695417789757459381e-03,0.000000000000000000e+00,0.000000000000000000e+00,0.000000000000000000e+00,0.000000000000000000e+00,0.000000000000000000e+00,0.000000000000000000e+00,0.000000000000000000e+00,0.000000000000000000e+00,2.801120448179261757e-03,2.739726027397249020e-03,0.000000000000000000e+00,0.000000000000000000e+00,2.724795640327015711e-03,0.000000000000000000e+00,8.086253369272267122e-03,2.754820936639146289e-03,0.000000000000000000e+00,0.000000000000000000e+00,0.000000000000000000e+00,2.173913043478260532e-01,2.717391304347782643e-03,0.000000000000000000e+00,2.724795640327015711e-03,0.000000000000000000e+00,0.000000000000000000e+00,0.000000000000000000e+00,2.156334231805929758e-01,0.000000000000000000e+00,0.000000000000000000e+00,0.000000000000000000e+00,0.000000000000000000e+00
1.078167115902961548e-02,0.000000000000000000e+00,0.000000000000000000e+00,2.336956521739130821e-01,2.777777777777767909e-03,0.000000000000000000e+00,0.000000000000000000e+00,8.241758241758212478e-03,2.747252747252737493e-03,2.777777777777767909e-03,2.777777777777767909e-03,8.894878706199460527e-01,0.000000000000000000e+00,2.770083102493048344e-03,0.000000000000000000e+00,2.210242587601077835e-01,2.890173410404650589e-03,0.000000000000000000e+00,0.000000000000000000e+00,0.000000000000000000e+00,2.702702702702675097e-03,0.000000000000000000e+00,0.000000000000000000e+00,0.000000000000000000e+00,2.873563218390828844e-03,2.785515320334219780e-03,0.000000000000000000e+00,0.000000000000000000e+00,9.245283018867924696e-01,0.000000000000000000e+00,0.000000000000000000e+00,0.000000000000000000e+00,0.000000000000000000e+00,2.343324250681199095e-01,0.000000000000000000e+00,0.000000000000000000e+00,2.865329512893977082e-03,0.000000000000000000e+00,2.976190476190465617e-03,0.000000000000000000e+00,2.732240437158472979e-03,0.000000000000000000e+00,0.000000000000000000e+00,0.000000000000000000e+00,0.000000000000000000e+00,2.717391304347782643e-03,0.000000000000000000e+00,2.967359050445095292e-03,0.000000000000000000e+00,0.000000000000000000e+00,2.785515320334219780e-03,9.946091644204851923e-01,1.000000000000000000e+00,0.000000000000000000e+00,0.000000000000000000e+00,0.000000000000000000e+00,0.000000000000000000e+00,2.808988764044895170e-03,0.000000000000000000e+00,0.000000000000000000e+00,2.702702702702675097e-03,0.000000000000000000e+00,8.948787061994609715e-01,0.000000000000000000e+00,0.000000000000000000e+00,0.000000000000000000e+00,2.237196765498652429e-01,2.801120448179261757e-03,0.000000000000000000e+00,0.000000000000000000e+00,0.000000000000000000e+00,0.000000000000000000e+00,0.000000000000000000e+00,0.000000000000000000e+00,0.000000000000000000e+00,0.000000000000000000e+00,0.000000000000000000e+00,2.824858757062176373e-03,0.000000000000000000e+00,2.311827956989247479e-01,0.000000000000000000e+00,0.000000000000000000e+00,0.000000000000000000e+00,0.000000000000000000e+00,2.997275204359672873e-01,0.000000000000000000e+00,0.000000000000000000e+00,0.000000000000000000e+00,0.000000000000000000e+00,0.000000000000000000e+00,0.000000000000000000e+00,2.710027100271017453e-03,0.000000000000000000e+00,0.000000000000000000e+00,0.000000000000000000e+00,0.000000000000000000e+00,5.390835579514807741e-03,2.695417789757459381e-03,2.695417789757459381e-03,2.710027100271017453e-03,0.000000000000000000e+00,0.000000000000000000e+00,0.000000000000000000e+00,0.000000000000000000e+00,0.000000000000000000e+00,0.000000000000000000e+00,0.000000000000000000e+00,0.000000000000000000e+00,0.000000000000000000e+00,0.000000000000000000e+00,0.000000000000000000e+00,0.000000000000000000e+00,5.405405405405350194e-03,0.000000000000000000e+00,0.000000000000000000e+00,0.000000000000000000e+00,0.000000000000000000e+00,2.234332425068119576e-01,0.000000000000000000e+00,0.000000000000000000e+00,0.000000000000000000e+00,2.702702702702675097e-03,0.000000000000000000e+00,0.000000000000000000e+00,2.183288409703504351e-01,0.000000000000000000e+00,2.724795640327015711e-03,0.000000000000000000e+00,0.000000000000000000e+00
0.000000000000000000e+00,0.000000000000000000e+00,5.540166204986096687e-03,0.000000000000000000e+00,0.000000000000000000e+00,0.000000000000000000e+00,0.000000000000000000e+00,2.710027100271017453e-03,0.000000000000000000e+00,0.000000000000000000e+00,1.917808219178085416e-02,0.000000000000000000e+00,0.000000000000000000e+00,5.479452054794498039e-03,2.717391304347782643e-03,0.000000000000000000e+00,2.849002849002801874e-03,0.000000000000000000e+00,0.000000000000000000e+00,0.000000000000000000e+00,0.000000000000000000e+00,0.000000000000000000e+00,0.000000000000000000e+00,0.000000000000000000e+00,0.000000000000000000e+00,1.373626373626368746e-02,0.000000000000000000e+00,0.000000000000000000e+00,0.000000000000000000e+00,0.000000000000000000e+00,0.000000000000000000e+00,0.000000000000000000e+00,0.000000000000000000e+00,0.000000000000000000e+00,2.717391304347782643e-03,5.420054200542034906e-03,0.000000000000000000e+00,0.000000000000000000e+00,0.000000000000000000e+00,2.747252747252737493e-03,0.000000000000000000e+00,0.000000000000000000e+00,0.000000000000000000e+00,0.000000000000000000e+00,0.000000000000000000e+00,0.000000000000000000e+00,0.000000000000000000e+00,0.000000000000000000e+00,0.000000000000000000e+00,2.824858757062176373e-03,0.000000000000000000e+00,0.000000000000000000e+00,0.000000000000000000e+00,1.000000000000000000e+00,0.000000000000000000e+00,2.557544757033292093e-03,0.000000000000000000e+00,0.000000000000000000e+00,0.000000000000000000e+00,2.732240437158472979e-03,0.000000000000000000e+00,2.824858757062176373e-03,0.000000000000000000e+00,0.000000000000000000e+00,2.557544757033292093e-03,0.000000000000000000e+00,0.000000000000000000e+00,5.524861878453024566e-03,2.770083102493048344e-03,0.000000000000000000e+00,0.000000000000000000e+00,5.586592178770999340e-03,0.000000000000000000e+00,0.000000000000000000e+00,0.000000000000000000e+00,0.000000000000000000e+00,0.000000000000000000e+00,2.801120448179261757e-03,5.494505494505474985e-03,2.538071065989799813e-03,2.570694087403624373e-03,2.564102564102554993e-03,0.000000000000000000e+00,5.390835579514807741e-03,0.000000000000000000e+00,0.000000000000000000e+00,0.000000000000000000e+00,0.000000000000000000e+00,0.000000000000000000e+00,0.000000000000000000e+00,2.577319587628856823e-03,0.000000000000000000e+00,0.000000000000000000e+00,2.695417789757459381e-03,2.777777777777767909e-03,0.000000000000000000e+00,2.544529262086481225e-03,2.544529262086481225e-03,0.000000000000000000e+00,5.115089514066473164e-03,0.000000000000000000e+00,2.688172043010750301e-03,2.754820936639146289e-03,2.762430939226567794e-03,0.000000000000000000e+00,0.000000000000000000e+00,0.000000000000000000e+00,0.000000000000000000e+00,5.115089514066473164e-03,2.695417789757459381e-03,2.570694087403624373e-03,2.583979328165342260e-03,5.089058524173073472e-03,2.710027100271017453e-03,0.000000000000000000e+00,0.000000000000000000e+00,0.000000000000000000e+00,0.000000000000000000e+00,0.000000000000000000e+00,0.000000000000000000e+00,0.000000000000000000e+00,2.551020408163240383e-03,5.089058524173073472e-03,0.000000000000000000e+00,0.000000000000000000e+00,0.000000000000000000e+00,0.000000000000000000e+00,2.570694087403624373e-03,2.570694087403624373e-03
0.000000000000000000e+00,0.000000000000000000e+00,0.000000000000000000e+00,0.000000000000000000e+00,0.000000000000000000e+00,0.000000000000000000e+00,0.000000000000000000e+00,0.000000000000000000e+00,0.000000000000000000e+00,0.000000000000000000e+00,0.000000000000000000e+00,0.000000000000000000e+00,0.000000000000000000e+00,0.000000000000000000e+00,0.000000000000000000e+00,0.000000000000000000e+00,0.000000000000000000e+00,0.000000000000000000e+00,0.000000000000000000e+00,0.000000000000000000e+00,5.128205128205109986e-03,0.000000000000000000e+00,0.000000000000000000e+00,0.000000000000000000e+00,0.000000000000000000e+00,0.000000000000000000e+00,0.000000000000000000e+00,9.562841530054644323e-01,0.000000000000000000e+00,0.000000000000000000e+00,0.000000000000000000e+00,0.000000000000000000e+00,0.000000000000000000e+00,0.000000000000000000e+00,0.000000000000000000e+00,0.000000000000000000e+00,0.000000000000000000e+00,2.570694087403624373e-03,0.000000000000000000e+00,0.000000000000000000e+00,0.000000000000000000e+00,0.000000000000000000e+00,0.000000000000000000e+00,0.000000000000000000e+00,0.000000000000000000e+00,2.577319587628856823e-03,5.449591280653920400e-03,0.000000000000000000e+00,0.000000000000000000e+00,0.000000000000000000e+00,0.000000000000000000e+00,0.000000000000000000e+00,0.000000000000000000e+00,0.000000000000000000e+00,1.000000000000000000e+00,0.000000000000000000e+00,0.000000000000000000e+00,0.000000000000000000e+00,0.000000000000000000e+00,0.000000000000000000e+00,0.000000000000000000e+00,0.000000000000000000e+00,0.000000000000000000e+00,0.000000000000000000e+00,0.000000000000000000e+00,2.570694087403624373e-03,0.000000000000000000e+00,0.000000000000000000e+00,0.000000000000000000e+00,9.923469387755101678e-01,2.710027100271017453e-03,0.000000000000000000e+00,9.543010752688172449e-01,0.000000000000000000e+00,0.000000000000000000e+00,0.000000000000000000e+00,0.000000000000000000e+00,0.000000000000000000e+00,0.000000000000000000e+00,0.000000000000000000e+00,0.000000000000000000e+00,2.577319587628856823e-03,0.000000000000000000e+00,0.000000000000000000e+00,0.000000000000000000e+00,0.000000000000000000e+00,0.000000000000000000e+00,0.000000000000000000e+00,0.000000000000000000e+00,9.719387755102041337e-01,0.000000000000000000e+00,0.000000000000000000e+00,0.000000000000000000e+00,0.000000000000000000e+00,0.000000000000000000e+00,0.000000000000000000e+00,0.000000000000000000e+00,0.000000000000000000e+00,9.540816326530612290e-01,0.000000000000000000e+00,0.000000000000000000e+00,1.081081081081081141e-02,0.000000000000000000e+00,0.000000000000000000e+00,0.000000000000000000e+00,0.000000000000000000e+00,0.000000000000000000e+00,5.390835579514807741e-03,0.000000000000000000e+00,0.000000000000000000e+00,0.000000000000000000e+00,0.000000000000000000e+00,0.000000000000000000e+00,0.000000000000000000e+00,9.433962264150943522e-01,0.000000000000000000e+00,5.405405405405350194e-03,0.000000000000000000e+00,2.583979328165342260e-03,0.000000000000000000e+00,0.000000000000000000e+00,5.128205128205109986e-03,5.115089514066473164e-03,9.615384615384615641e-01,0.000000000000000000e+00,0.000000000000000000e+00,0.000000000000000000e+00,0.000000000000000000e+00,0.000000000000000000e+00
0.000000000000000000e+00,0.000000000000000000e+00,7.506925207756232066e-01,0.000000000000000000e+00,0.000000000000000000e+00,2.225274725274725141e-01,0.000000000000000000e+00,0.000000000000000000e+00,0.000000000000000000e+00,0.000000000000000000e+00,0.000000000000000000e+00,0.000000000000000000e+00,0.000000000000000000e+00,9.890410958904110039e-01,0.000000000000000000e+00,0.000000000000000000e+00,8.571428571428563181e-03,0.000000000000000000e+00,1.084010840108395879e-02,1.839378238341968785e-01,0.000000000000000000e+00,1.989664082687337965e-01,0.000000000000000000e+00,0.000000000000000000e+00,2.857142857142891401e-03,0.000000000000000000e+00,0.000000000000000000e+00,0.000000000000000000e+00,0.000000000000000000e+00,0.000000000000000000e+00,2.225063938618926374e-01,0.000000000000000000e+00,0.000000000000000000e+00,2.688172043010750301e-03,7.445652173913043237e-01,7.046070460704607630e-01,1.084010840108395879e-02,0.000000000000000000e+00,8.875739644970459530e-03,2.335164835164834640e-01,0.000000000000000000e+00,0.000000000000000000e+00,0.000000000000000000e+00,0.000000000000000000e+00,0.000000000000000000e+00,0.000000000000000000e+00,0.000000000000000000e+00,5.882352941176449690e-03,1.829896907216495006e-01,5.681818181818232283e-03,1.878453038674032793e-01,0.000000000000000000e+00,0.000000000000000000e+00,2.557544757033292093e-03,0.000000000000000000e+00,1.000000000000000000e+00,5.830903790087438310e-03,0.000000000000000000e+00,0.000000000000000000e+00,0.000000000000000000e+00,0.000000000000000000e+00,5.681818181818232283e-03,0.000000000000000000e+00,0.000000000000000000e+00,7.058823529411764053e-01,0.000000000000000000e+00,0.000000000000000000e+00,6.878453038674032793e-01,2.853185595567867550e-01,0.000000000000000000e+00,0.000000000000000000e+00,6.955307262569832005e-01,0.000000000000000000e+00,0.000000000000000000e+00,0.000000000000000000e+00,2.022160664819944165e-01,0.000000000000000000e+00,2.829131652661064367e-01,6.950549450549450281e-01,0.000000000000000000e+00,1.288659793814432852e-01,2.570694087403624373e-03,0.000000000000000000e+00,2.710027100271017453e-03,0.000000000000000000e+00,0.000000000000000000e+00,2.590673575129542883e-03,0.000000000000000000e+00,1.333333333333330817e-02,0.000000000000000000e+00,0.000000000000000000e+00,2.564102564102554993e-03,2.384615384615385025e-01,0.000000000000000000e+00,0.000000000000000000e+00,0.000000000000000000e+00,5.115089514066473164e-03,7.653061224489832171e-03,0.000000000000000000e+00,6.982097186700767510e-01,0.000000000000000000e+00,0.000000000000000000e+00,1.933701657458563039e-01,1.911357340720221121e-01,2.336956521739130821e-01,0.000000000000000000e+00,0.000000000000000000e+00,2.695417789757459381e-03,0.000000000000000000e+00,0.000000000000000000e+00,0.000000000000000000e+00,0.000000000000000000e+00,2.557544757033292093e-03,2.201086956521739468e-01,0.000000000000000000e+00,5.555555555555535818e-03,0.000000000000000000e+00,2.680965147453084896e-03,0.000000000000000000e+00,0.000000000000000000e+00,0.000000000000000000e+00,0.000000000000000000e+00,0.000000000000000000e+00,0.000000000000000000e+00,0.000000000000000000e+00,0.000000000000000000e+00,0.000000000000000000e+00,0.000000000000000000e+00,0.000000000000000000e+00
2.898550724637627418e-03,0.000000000000000000e+00,6.006006006005981668e-03,2.941176470588224845e-03,6.083086053412463112e-01,1.492537313432840129e-02,0.000000000000000000e+00,0.000000000000000000e+00,2.949852507374672861e-03,5.828402366863905115e-01,5.739644970414201630e-01,0.000000000000000000e+00,0.000000000000000000e+00,8.928571428571396851e-03,0.000000000000000000e+00,0.000000000000000000e+00,6.706231454005935344e-01,0.000000000000000000e+00,6.941176470588235059e-01,8.823529411764674535e-03,5.813953488372103351e-03,2.352941176470590978e-02,2.478134110787172384e-01,0.000000000000000000e+00,0.000000000000000000e+00,5.667655786350147551e-01,0.000000000000000000e+00,0.000000000000000000e+00,0.000000000000000000e+00,0.000000000000000000e+00,1.749271137026242595e-02,0.000000000000000000e+00,0.000000000000000000e+00,0.000000000000000000e+00,2.976190476190465617e-03,8.875739644970459530e-03,8.808139534883721034e-01,2.923976608187106585e-03,7.117117117117117697e-01,1.194029850746269883e-02,0.000000000000000000e+00,0.000000000000000000e+00,5.982404692082111675e-01,0.000000000000000000e+00,0.000000000000000000e+00,0.000000000000000000e+00,5.899705014749234699e-03,9.941348973607038175e-01,0.000000000000000000e+00,6.647058823529412575e-01,2.402402402402403769e-02,0.000000000000000000e+00,0.000000000000000000e+00,0.000000000000000000e+00,0.000000000000000000e+00,5.830903790087438310e-03,1.000000000000000000e+00,0.000000000000000000e+00,3.831417624521105125e-03,0.000000000000000000e+00,2.906976744186051675e-03,6.755162241887905372e-01,2.898550724637627418e-03,0.000000000000000000e+00,2.915451895043719155e-03,5.263157894736847364e-02,2.898550724637627418e-03,3.012048192771121791e-03,3.003003003003046345e-03,0.000000000000000000e+00,5.899705014749234699e-03,6.079027355623045636e-03,0.000000000000000000e+00,0.000000000000000000e+00,0.000000000000000000e+00,2.108433734939763049e-02,4.970760233918125603e-02,3.030303030303049816e-03,5.970149253731293904e-03,0.000000000000000000e+00,8.797653958944273711e-03,2.923976608187106585e-03,8.720930232558155026e-03,0.000000000000000000e+00,0.000000000000000000e+00,2.906976744186051675e-03,2.949852507374672861e-03,2.463768115942028825e-01,8.115942028985507761e-01,0.000000000000000000e+00,5.882352941176449690e-03,0.000000000000000000e+00,1.749271137026242595e-02,0.000000000000000000e+00,0.000000000000000000e+00,0.000000000000000000e+00,2.898550724637627418e-03,0.000000000000000000e+00,0.000000000000000000e+00,5.830903790087438310e-03,0.000000000000000000e+00,0.000000000000000000e+00,1.807228915662650870e-02,1.506024096385538691e-02,1.775147928994080804e-02,0.000000000000000000e+00,3.003003003003046345e-03,2.941176470588224845e-03,0.000000000000000000e+00,0.000000000000000000e+00,0.000000000000000000e+00,0.000000000000000000e+00,2.898550724637627418e-03,1.775147928994080804e-02,0.000000000000000000e+00,6.588235294117646967e-01,2.949852507374672861e-03,0.000000000000000000e+00,2.923976608187106585e-03,0.000000000000000000e+00,6.023391812865497297e-01,5.813953488372103351e-03,2.906976744186051675e-03,0.000000000000000000e+00,0.000000000000000000e+00,0.000000000000000000e+00,0.000000000000000000e+00,0.000000000000000000e+00,0.000000000000000000e+00
0.000000000000000000e+00,0.000000000000000000e+00,2.857142857142891401e-03,0.000000000000000000e+00,2.849002849002801874e-03,1.988636363636364646e-02,2.793296089385499670e-03,0.000000000000000000e+00,0.000000000000000000e+00,2.849002849002801874e-03,0.000000000000000000e+00,0.000000000000000000e+00,7.902298850574712707e-01,5.665722379603388426e-03,0.000000000000000000e+00,2.777777777777767909e-03,0.000000000000000000e+00,0.000000000000000000e+00,8.875739644970459530e-03,0.000000000000000000e+00,0.000000000000000000e+00,5.633802816901400945e-03,0.000000000000000000e+00,0.000000000000000000e+00,7.936962750716332060e-01,0.000000000000000000e+00,0.000000000000000000e+00,0.000000000000000000e+00,2.785515320334219780e-03,3.757225433526012459e-02,1.675977653631288700e-02,0.000000000000000000e+00,0.000000000000000000e+00,0.000000000000000000e+00,2.832861189801749724e-03,2.824858757062176373e-03,0.000000000000000000e+00,0.000000000000000000e+00,9.146341463414642270e-03,1.988636363636364646e-02,3.651685393258430334e-02,0.000000000000000000e+00,0.000000000000000000e+00,0.000000000000000000e+00,4.237288135593209049e-03,0.000000000000000000e+00,0.000000000000000000e+00,0.000000000000000000e+00,0.000000000000000000e+00,2.932551319648091237e-03,5.714285714285671780e-03,0.000000000000000000e+00,2.808988764044895170e-03,0.000000000000000000e+00,0.000000000000000000e+00,0.000000000000000000e+00,0.000000000000000000e+00,1.000000000000000000e+00,0.000000000000000000e+00,0.000000000000000000e+00,0.000000000000000000e+00,0.000000000000000000e+00,0.000000000000000000e+00,9.108635097493036348e-01,0.000000000000000000e+00,0.000000000000000000e+00,0.000000000000000000e+00,2.873563218390828844e-03,1.146131805157590833e-02,0.000000000000000000e+00,0.000000000000000000e+00,2.898550724637627418e-03,0.000000000000000000e+00,0.000000000000000000e+00,5.665722379603388426e-03,5.730659025787954164e-03,0.000000000000000000e+00,1.445086705202314192e-02,5.681818181818232283e-03,2.777777777777767909e-03,0.000000000000000000e+00,0.000000000000000000e+00,0.000000000000000000e+00,0.000000000000000000e+00,0.000000000000000000e+00,0.000000000000000000e+00,9.162011173184357871e-01,0.000000000000000000e+00,8.746355685131157465e-03,0.000000000000000000e+00,4.537815126050420700e-01,0.000000000000000000e+00,0.000000000000000000e+00,0.000000000000000000e+00,4.488636363636363535e-01,0.000000000000000000e+00,0.000000000000000000e+00,0.000000000000000000e+00,0.000000000000000000e+00,2.793296089385499670e-03,0.000000000000000000e+00,0.000000000000000000e+00,5.747126436781657688e-03,5.747126436781657688e-03,2.824858757062176373e-03,0.000000000000000000e+00,9.213483146067416030e-01,0.000000000000000000e+00,0.000000000000000000e+00,0.000000000000000000e+00,9.275766016713091755e-01,0.000000000000000000e+00,0.000000000000000000e+00,2.824858757062176373e-03,0.000000000000000000e+00,0.000000000000000000e+00,0.000000000000000000e+00,0.000000000000000000e+00,0.000000000000000000e+00,0.000000000000000000e+00,0.000000000000000000e+00,0.000000000000000000e+00,0.000000000000000000e+00,0.000000000000000000e+00,0.000000000000000000e+00,9.637883008356545878e-01,9.611111111111111382e-01,9.638888888888889062e-01,9.638888888888889062e-01
0.000000000000000000e+00,3.610108303249148776e-03,0.000000000000000000e+00,0.000000000000000000e+00,0.000000000000000000e+00,0.000000000000000000e+00,0.000000000000000000e+00,0.000000000000000000e+00,0.000000000000000000e+00,0.000000000000000000e+00,0.000000000000000000e+00,0.000000000000000000e+00,0.000000000000000000e+00,0.000000000000000000e+00,0.000000000000000000e+00,0.000000000000000000e+00,0.000000000000000000e+00,0.000000000000000000e+00,0.000000000000000000e+00,0.000000000000000000e+00,0.000000000000000000e+00,0.000000000000000000e+00,0.000000000000000000e+00,0.000000000000000000e+00,0.000000000000000000e+00,0.000000000000000000e+00,0.000000000000000000e+00,0.000000000000000000e+00,0.000000000000000000e+00,0.000000000000000000e+00,0.000000000000000000e+00,3.571428571428558740e-03,7.220216606498186529e-03,3.610108303249148776e-03,0.000000000000000000e+00,0.000000000000000000e+00,3.546099290780091451e-03,0.000000000000000000e+00,0.000000000000000000e+00,0.000000000000000000e+00,0.000000000000000000e+00,0.000000000000000000e+00,0.000000000000000000e+00,0.000000000000000000e+00,0.000000000000000000e+00,0.000000000000000000e+00,0.000000000000000000e+00,0.000000000000000000e+00,0.000000000000000000e+00,0.000000000000000000e+00,0.000000000000000000e+00,0.000000000000000000e+00,0.000000000000000000e+00,0.000000000000000000e+00,0.000000000000000000e+00,0.000000000000000000e+00,3.831417624521105125e-03,0.000000000000000000e+00,1.000000000000000000e+00,0.000000000000000000e+00,0.000000000000000000e+00,3.773584905660376521e-03,0.000000000000000000e+00,0.000000000000000000e+00,0.000000000000000000e+00,0.000000000000000000e+00,0.000000000000000000e+00,0.000000000000000000e+00,0.000000000000000000e+00,0.000000000000000000e+00,0.000000000000000000e+00,0.000000000000000000e+00,0.000000000000000000e+00,0.000000000000000000e+00,0.000000000000000000e+00,0.000000000000000000e+00,0.000000000000000000e+00,0.000000000000000000e+00,0.000000000000000000e+00,0.000000000000000000e+00,0.000000000000000000e+00,0.000000000000000000e+00,0.000000000000000000e+00,0.000000000000000000e+00,0.000000000000000000e+00,0.000000000000000000e+00,0.000000000000000000e+00,0.000000000000000000e+00,0.000000000000000000e+00,0.000000000000000000e+00,0.000000000000000000e+00,0.000000000000000000e+00,0.000000000000000000e+00,0.000000000000000000e+00,0.000000000000000000e+00,0.000000000000000000e+00,0.000000000000000000e+00,0.000000000000000000e+00,0.000000000000000000e+00,0.000000000000000000e+00,0.000000000000000000e+00,0.000000000000000000e+00,0.000000000000000000e+00,0.000000000000000000e+00,0.000000000000000000e+00,0.000000000000000000e+00,0.000000000000000000e+00,0.000000000000000000e+00,0.000000000000000000e+00,0.000000000000000000e+00,0.000000000000000000e+00,0.000000000000000000e+00,0.000000000000000000e+00,0.000000000000000000e+00,0.000000000000000000e+00,0.000000000000000000e+00,0.000000000000000000e+00,0.000000000000000000e+00,0.000000000000000000e+00,0.000000000000000000e+00,0.000000000000000000e+00,3.424657534246589030e-03,0.000000000000000000e+00,0.000000000000000000e+00,0.000000000000000000e+00,0.000000000000000000e+00,0.000000000000000000e+00,0.000000000000000000e+00,0.000000000000000000e+00
0.000000000000000000e+00,0.000000000000000000e+00,0.000000000000000000e+00,0.000000000000000000e+00,0.000000000000000000e+00,0.000000000000000000e+00,0.000000000000000000e+00,0.000000000000000000e+00,0.000000000000000000e+00,0.000000000000000000e+00,0.000000000000000000e+00,0.000000000000000000e+00,0.000000000000000000e+00,0.000000000000000000e+00,9.917808219178082529e-01,0.000000000000000000e+00,0.000000000000000000e+00,0.000000000000000000e+00,0.000000000000000000e+00,0.000000000000000000e+00,2.747252747252737493e-03,0.000000000000000000e+00,0.000000000000000000e+00,0.000000000000000000e+00,2.898550724637627418e-03,0.000000000000000000e+00,0.000000000000000000e+00,2.785515320334219780e-03,0.000000000000000000e+00,0.000000000000000000e+00,0.000000000000000000e+00,0.000000000000000000e+00,0.000000000000000000e+00,0.000000000000000000e+00,0.000000000000000000e+00,0.000000000000000000e+00,0.000000000000000000e+00,2.754820936639146289e-03,0.000000000000000000e+00,0.000000000000000000e+00,0.000000000000000000e+00,0.000000000000000000e+00,0.000000000000000000e+00,0.000000000000000000e+00,0.000000000000000000e+00,0.000000000000000000e+00,0.000000000000000000e+00,0.000000000000000000e+00,0.000000000000000000e+00,0.000000000000000000e+00,0.000000000000000000e+00,0.000000000000000000e+00,0.000000000000000000e+00,2.732240437158472979e-03,0.000000000000000000e+00,0.000000000000000000e+00,0.000000000000000000e+00,0.000000000000000000e+00,0.000000000000000000e+00,1.000000000000000000e+00,0.000000000000000000e+00,0.000000000000000000e+00,2.739726027397249020e-03,0.000000000000000000e+00,0.000000000000000000e+00,2.754820936639146289e-03,0.000000000000000000e+00,0.000000000000000000e+00,0.000000000000000000e+00,0.000000000000000000e+00,0.000000000000000000e+00,0.000000000000000000e+00,0.000000000000000000e+00,9.944598337950139033e-01,0.000000000000000000e+00,0.000000000000000000e+00,0.000000000000000000e+00,2.857142857142891401e-03,0.000000000000000000e+00,0.000000000000000000e+00,0.000000000000000000e+00,5.509641873278181556e-03,0.000000000000000000e+00,2.785515320334219780e-03,0.000000000000000000e+00,0.000000000000000000e+00,0.000000000000000000e+00,0.000000000000000000e+00,2.873563218390828844e-03,2.732240437158472979e-03,0.000000000000000000e+00,0.000000000000000000e+00,0.000000000000000000e+00,7.202216066481992307e-02,0.000000000000000000e+00,0.000000000000000000e+00,0.000000000000000000e+00,0.000000000000000000e+00,0.000000000000000000e+00,0.000000000000000000e+00,0.000000000000000000e+00,0.000000000000000000e+00,0.000000000000000000e+00,0.000000000000000000e+00,0.000000000000000000e+00,0.000000000000000000e+00,0.000000000000000000e+00,0.000000000000000000e+00,2.754820936639146289e-03,6.371191135734066702e-02,0.000000000000000000e+00,2.777777777777767909e-03,0.000000000000000000e+00,0.000000000000000000e+00,2.770083102493048344e-03,0.000000000000000000e+00,0.000000000000000000e+00,0.000000000000000000e+00,0.000000000000000000e+00,0.000000000000000000e+00,0.000000000000000000e+00,0.000000000000000000e+00,2.739726027397249020e-03,0.000000000000000000e+00,0.000000000000000000e+00,0.000000000000000000e+00,0.000000000000000000e+00,0.000000000000000000e+00,0.000000000000000000e+00
0.000000000000000000e+00,0.000000000000000000e+00,0.000000000000000000e+00,0.000000000000000000e+00,2.747252747252737493e-03,2.754820936639146289e-03,7.692307692307664979e-03,2.717391304347782643e-03,0.000000000000000000e+00,0.000000000000000000e+00,0.000000000000000000e+00,0.000000000000000000e+00,0.000000000000000000e+00,0.000000000000000000e+00,0.000000000000000000e+00,0.000000000000000000e+00,0.000000000000000000e+00,0.000000000000000000e+00,0.000000000000000000e+00,0.000000000000000000e+00,2.557544757033292093e-03,0.000000000000000000e+00,2.564102564102554993e-03,0.000000000000000000e+00,0.000000000000000000e+00,0.000000000000000000e+00,0.000000000000000000e+00,0.000000000000000000e+00,0.000000000000000000e+00,0.000000000000000000e+00,0.000000000000000000e+00,0.000000000000000000e+00,0.000000000000000000e+00,0.000000000000000000e+00,0.000000000000000000e+00,2.717391304347782643e-03,0.000000000000000000e+00,0.000000000000000000e+00,0.000000000000000000e+00,0.000000000000000000e+00,0.000000000000000000e+00,0.000000000000000000e+00,0.000000000000000000e+00,9.898218829516539641e-01,0.000000000000000000e+00,2.577319587628856823e-03,0.000000000000000000e+00,0.000000000000000000e+00,0.000000000000000000e+00,0.000000000000000000e+00,0.000000000000000000e+00,0.000000000000000000e+00,2.702702702702675097e-03,0.000000000000000000e+00,0.000000000000000000e+00,0.000000000000000000e+00,2.906976744186051675e-03,0.000000000000000000e+00,0.000000000000000000e+00,0.000000000000000000e+00,1.000000000000000000e+00,0.000000000000000000e+00,2.551020408163240383e-03,0.000000000000000000e+00,0.000000000000000000e+00,0.000000000000000000e+00,2.551020408163240383e-03,2.770083102493048344e-03,0.000000000000000000e+00,0.000000000000000000e+00,0.000000000000000000e+00,0.000000000000000000e+00,0.000000000000000000e+00,0.000000000000000000e+00,0.000000000000000000e+00,0.000000000000000000e+00,0.000000000000000000e+00,0.000000000000000000e+00,0.000000000000000000e+00,0.000000000000000000e+00,0.000000000000000000e+00,0.000000000000000000e+00,0.000000000000000000e+00,8.108108108108136314e-03,0.000000000000000000e+00,0.000000000000000000e+00,0.000000000000000000e+00,0.000000000000000000e+00,0.000000000000000000e+00,0.000000000000000000e+00,0.000000000000000000e+00,0.000000000000000000e+00,0.000000000000000000e+00,0.000000000000000000e+00,0.000000000000000000e+00,0.000000000000000000e+00,1.020408163265307255e-02,1.275510204081631294e-02,0.000000000000000000e+00,0.000000000000000000e+00,0.000000000000000000e+00,0.000000000000000000e+00,5.524861878453024566e-03,0.000000000000000000e+00,0.000000000000000000e+00,0.000000000000000000e+00,0.000000000000000000e+00,0.000000000000000000e+00,1.025641025641021997e-02,2.702702702702675097e-03,0.000000000000000000e+00,1.036269430051817153e-02,1.020408163265307255e-02,0.000000000000000000e+00,0.000000000000000000e+00,0.000000000000000000e+00,0.000000000000000000e+00,0.000000000000000000e+00,2.577319587628856823e-03,0.000000000000000000e+00,0.000000000000000000e+00,0.000000000000000000e+00,0.000000000000000000e+00,0.000000000000000000e+00,0.000000000000000000e+00,0.000000000000000000e+00,0.000000000000000000e+00,0.000000000000000000e+00,0.000000000000000000e+00
0.000000000000000000e+00,0.000000000000000000e+00,2.923976608187106585e-03,5.730659025787954164e-03,6.896551724137931494e-01,5.813953488372103351e-03,0.000000000000000000e+00,0.000000000000000000e+00,0.000000000000000000e+00,6.685878962536022652e-01,6.522988505747127075e-01,2.824858757062176373e-03,0.000000000000000000e+00,5.797101449275365859e-03,0.000000000000000000e+00,0.000000000000000000e+00,9.942693409742120458e-01,0.000000000000000000e+00,6.803519061583578331e-01,5.747126436781657688e-03,2.272727272727270709e-02,1.146131805157590833e-02,2.698863636363636465e-01,0.000000000000000000e+00,0.000000000000000000e+00,6.455331412103746391e-01,2.832861189801749724e-03,0.000000000000000000e+00,0.000000000000000000e+00,2.958579881656819843e-03,5.681818181818232283e-03,0.000000000000000000e+00,0.000000000000000000e+00,0.000000000000000000e+00,2.898550724637627418e-03,5.780346820809301178e-03,6.967930029154518756e-01,2.849002849002801874e-03,6.865671641791044610e-01,5.813953488372103351e-03,2.865329512893977082e-03,0.000000000000000000e+00,6.828571428571428292e-01,2.832861189801749724e-03,0.000000000000000000e+00,2.849002849002801874e-03,1.149425287356320435e-02,6.745562130177514826e-01,5.714285714285671780e-03,1.000000000000000000e+00,8.771929824561430777e-03,0.000000000000000000e+00,0.000000000000000000e+00,2.824858757062176373e-03,0.000000000000000000e+00,5.681818181818232283e-03,6.755162241887905372e-01,0.000000000000000000e+00,3.773584905660376521e-03,0.000000000000000000e+00,0.000000000000000000e+00,1.000000000000000000e+00,0.000000000000000000e+00,0.000000000000000000e+00,2.840909090909060630e-03,5.698005698005692565e-02,0.000000000000000000e+00,5.865102639296182474e-03,2.932551319648091237e-03,0.000000000000000000e+00,1.432664756446988541e-02,8.875739644970459530e-03,0.000000000000000000e+00,0.000000000000000000e+00,0.000000000000000000e+00,1.466275659824045619e-02,5.698005698005692565e-02,2.958579881656819843e-03,5.813953488372103351e-03,2.824858757062176373e-03,2.857142857142891401e-03,0.000000000000000000e+00,1.133144475920677685e-02,0.000000000000000000e+00,0.000000000000000000e+00,2.840909090909060630e-03,0.000000000000000000e+00,2.747875354107648382e-01,7.080924855491329550e-01,0.000000000000000000e+00,0.000000000000000000e+00,0.000000000000000000e+00,5.698005698005714770e-03,0.000000000000000000e+00,0.000000000000000000e+00,0.000000000000000000e+00,0.000000000000000000e+00,0.000000000000000000e+00,0.000000000000000000e+00,8.522727272727292913e-03,0.000000000000000000e+00,0.000000000000000000e+00,1.764705882352946009e-02,8.823529411764674535e-03,8.670520231213840745e-03,0.000000000000000000e+00,0.000000000000000000e+00,1.436781609195403320e-02,0.000000000000000000e+00,2.873563218390828844e-03,0.000000000000000000e+00,0.000000000000000000e+00,0.000000000000000000e+00,5.780346820809301178e-03,0.000000000000000000e+00,7.406340057636887630e-01,1.149425287356320435e-02,2.865329512893977082e-03,1.142857142857145458e-02,0.000000000000000000e+00,6.780626780626780592e-01,1.704545454545458583e-02,1.416430594900852658e-02,0.000000000000000000e+00,0.000000000000000000e+00,0.000000000000000000e+00,0.000000000000000000e+00,2.857142857142891401e-03,2.857142857142891401e-03
2.544529262086481225e-03,0.000000000000000000e+00,0.000000000000000000e+00,2.392473118279569988e-01,2.739726027397249020e-03,0.000000000000000000e+00,0.000000000000000000e+00,5.434782608695676309e-03,5.420054200542034906e-03,0.000000000000000000e+00,0.000000000000000000e+00,8.982188295165394187e-01,2.857142857142891401e-03,2.739726027397249020e-03,0.000000000000000000e+00,2.290076335877863078e-01,2.849002849002801874e-03,2.538071065989799813e-03,0.000000000000000000e+00,0.000000000000000000e+00,0.000000000000000000e+00,0.000000000000000000e+00,2.557544757033292093e-03,0.000000000000000000e+00,0.000000000000000000e+00,0.000000000000000000e+00,5.102040816326480765e-03,0.000000000000000000e+00,9.312977099236641187e-01,0.000000000000000000e+00,0.000000000000000000e+00,0.000000000000000000e+00,0.000000000000000000e+00,2.386058981233244447e-01,0.000000000000000000e+00,2.710027100271017453e-03,0.000000000000000000e+00,0.000000000000000000e+00,0.000000000000000000e+00,0.000000000000000000e+00,0.000000000000000000e+00,0.000000000000000000e+00,0.000000000000000000e+00,0.000000000000000000e+00,0.000000000000000000e+00,0.000000000000000000e+00,0.000000000000000000e+00,0.000000000000000000e+00,0.000000000000000000e+00,0.000000000000000000e+00,0.000000000000000000e+00,8.921832884097035121e-01,8.948787061994609715e-01,0.000000000000000000e+00,0.000000000000000000e+00,0.000000000000000000e+00,2.898550724637627418e-03,0.000000000000000000e+00,0.000000000000000000e+00,2.739726027397249020e-03,2.551020408163240383e-03,0.000000000000000000e+00,1.000000000000000000e+00,0.000000000000000000e+00,0.000000000000000000e+00,2.570694087403624373e-03,2.239185750636132344e-01,0.000000000000000000e+00,0.000000000000000000e+00,0.000000000000000000e+00,0.000000000000000000e+00,0.000000000000000000e+00,0.000000000000000000e+00,0.000000000000000000e+00,0.000000000000000000e+00,2.762430939226567794e-03,0.000000000000000000e+00,0.000000000000000000e+00,0.000000000000000000e+00,2.436548223350253339e-01,2.570694087403624373e-03,0.000000000000000000e+00,2.551020408163240383e-03,5.390835579514807741e-03,2.895442359249329467e-01,0.000000000000000000e+00,0.000000000000000000e+00,0.000000000000000000e+00,0.000000000000000000e+00,0.000000000000000000e+00,0.000000000000000000e+00,0.000000000000000000e+00,0.000000000000000000e+00,0.000000000000000000e+00,0.000000000000000000e+00,0.000000000000000000e+00,0.000000000000000000e+00,0.000000000000000000e+00,0.000000000000000000e+00,0.000000000000000000e+00,0.000000000000000000e+00,0.000000000000000000e+00,0.000000000000000000e+00,2.762430939226567794e-03,0.000000000000000000e+00,0.000000000000000000e+00,2.762430939226567794e-03,0.000000000000000000e+00,0.000000000000000000e+00,0.000000000000000000e+00,0.000000000000000000e+00,0.000000000000000000e+00,5.089058524173073472e-03,0.000000000000000000e+00,0.000000000000000000e+00,0.000000000000000000e+00,0.000000000000000000e+00,2.005347593582887944e-01,2.570694087403624373e-03,0.000000000000000000e+00,2.570694087403624373e-03,2.551020408163240383e-03,0.000000000000000000e+00,0.000000000000000000e+00,2.010178117048345703e-01,0.000000000000000000e+00,0.000000000000000000e+00,0.000000000000000000e+00,0.000000000000000000e+00
0.000000000000000000e+00,0.000000000000000000e+00,0.000000000000000000e+00,0.000000000000000000e+00,0.000000000000000000e+00,1.392757660167132094e-02,0.000000000000000000e+00,0.000000000000000000e+00,0.000000000000000000e+00,0.000000000000000000e+00,0.000000000000000000e+00,2.590673575129542883e-03,7.421203438395416185e-01,2.777777777777767909e-03,0.000000000000000000e+00,0.000000000000000000e+00,2.890173410404650589e-03,0.000000000000000000e+00,8.241758241758212478e-03,2.631578947368429233e-03,2.597402597402598268e-03,0.000000000000000000e+00,0.000000000000000000e+00,0.000000000000000000e+00,7.478510028653295727e-01,2.785515320334219780e-03,2.597402597402598268e-03,0.000000000000000000e+00,0.000000000000000000e+00,2.857142857142858094e-02,1.562500000000000000e-02,0.000000000000000000e+00,0.000000000000000000e+00,0.000000000000000000e+00,0.000000000000000000e+00,0.000000000000000000e+00,0.000000000000000000e+00,0.000000000000000000e+00,8.982035928143727865e-03,1.392757660167132094e-02,3.664921465968584702e-02,0.000000000000000000e+00,0.000000000000000000e+00,0.000000000000000000e+00,4.219409282700370412e-03,0.000000000000000000e+00,0.000000000000000000e+00,0.000000000000000000e+00,0.000000000000000000e+00,0.000000000000000000e+00,0.000000000000000000e+00,0.000000000000000000e+00,0.000000000000000000e+00,0.000000000000000000e+00,0.000000000000000000e+00,0.000000000000000000e+00,0.000000000000000000e+00,9.108635097493036348e-01,0.000000000000000000e+00,0.000000000000000000e+00,0.000000000000000000e+00,0.000000000000000000e+00,0.000000000000000000e+00,1.000000000000000000e+00,0.000000000000000000e+00,0.000000000000000000e+00,2.590673575129542883e-03,0.000000000000000000e+00,5.617977528089901362e-03,0.000000000000000000e+00,0.000000000000000000e+00,0.000000000000000000e+00,0.000000000000000000e+00,0.000000000000000000e+00,0.000000000000000000e+00,0.000000000000000000e+00,0.000000000000000000e+00,5.681818181818232283e-03,0.000000000000000000e+00,0.000000000000000000e+00,0.000000000000000000e+00,0.000000000000000000e+00,2.597402597402598268e-03,0.000000000000000000e+00,2.724795640327015711e-03,2.597402597402598268e-03,8.854166666666666297e-01,0.000000000000000000e+00,8.130081300813052358e-03,0.000000000000000000e+00,4.621409921671018051e-01,0.000000000000000000e+00,0.000000000000000000e+00,0.000000000000000000e+00,4.369747899159663884e-01,0.000000000000000000e+00,2.590673575129542883e-03,0.000000000000000000e+00,0.000000000000000000e+00,0.000000000000000000e+00,0.000000000000000000e+00,0.000000000000000000e+00,0.000000000000000000e+00,5.602240896358523514e-03,0.000000000000000000e+00,0.000000000000000000e+00,8.864265927977839077e-01,0.000000000000000000e+00,0.000000000000000000e+00,0.000000000000000000e+00,8.963730569948186178e-01,0.000000000000000000e+00,2.590673575129542883e-03,0.000000000000000000e+00,0.000000000000000000e+00,0.000000000000000000e+00,2.732240437158472979e-03,0.000000000000000000e+00,2.617801047120393854e-03,2.610966057441266308e-03,0.000000000000000000e+00,0.000000000000000000e+00,0.000000000000000000e+00,0.000000000000000000e+00,0.000000000000000000e+00,9.376623376623376416e-01,9.274611398963730213e-01,9.274611398963730213e-01,9.274611398963730213e-01
0.000000000000000000e+00,0.000000000000000000e+00,6.869806094182825396e-01,0.000000000000000000e+00,0.000000000000000000e+00,2.203856749311294827e-01,0.000000000000000000e+00,0.000000000000000000e+00,0.000000000000000000e+00,0.000000000000000000e+00,0.000000000000000000e+00,0.000000000000000000e+00,0.000000000000000000e+00,7.123287671232876317e-01,0.000000000000000000e+00,0.000000000000000000e+00,5.730659025787954164e-03,0.000000000000000000e+00,8.130081300813052358e-03,1.662337662337662891e-01,0.000000000000000000e+00,1.709844559585492751e-01,0.000000000000000000e+00,0.000000000000000000e+00,0.000000000000000000e+00,0.000000000000000000e+00,0.000000000000000000e+00,0.000000000000000000e+00,0.000000000000000000e+00,0.000000000000000000e+00,2.153846153846153966e-01,0.000000000000000000e+00,0.000000000000000000e+00,0.000000000000000000e+00,6.983695652173913526e-01,9.837398373983740063e-01,5.434782608695676309e-03,0.000000000000000000e+00,5.917159763313639687e-03,1.950549450549450281e-01,2.590673575129542883e-03,0.000000000000000000e+00,0.000000000000000000e+00,0.000000000000000000e+00,0.000000000000000000e+00,2.577319587628856823e-03,0.000000000000000000e+00,2.941176470588224845e-03,1.550387596899225340e-01,2.840909090909060630e-03,1.795580110497237980e-01,0.000000000000000000e+00,0.000000000000000000e+00,2.557544757033292093e-03,0.000000000000000000e+00,7.058823529411764053e-01,2.915451895043719155e-03,0.000000000000000000e+00,0.000000000000000000e+00,0.000000000000000000e+00,0.000000000000000000e+00,2.840909090909060630e-03,0.000000000000000000e+00,0.000000000000000000e+00,1.000000000000000000e+00,0.000000000000000000e+00,0.000000000000000000e+00,6.481994459833795297e-01,2.361111111111111605e-01,0.000000000000000000e+00,0.000000000000000000e+00,6.648044692737430372e-01,0.000000000000000000e+00,0.000000000000000000e+00,0.000000000000000000e+00,1.772853185595567593e-01,0.000000000000000000e+00,2.577030812324929698e-01,6.694214876033057759e-01,0.000000000000000000e+00,1.343669250645994628e-01,0.000000000000000000e+00,0.000000000000000000e+00,5.420054200542034906e-03,0.000000000000000000e+00,0.000000000000000000e+00,0.000000000000000000e+00,2.557544757033292093e-03,1.336898395721930477e-02,0.000000000000000000e+00,0.000000000000000000e+00,0.000000000000000000e+00,2.153846153846153966e-01,0.000000000000000000e+00,0.000000000000000000e+00,0.000000000000000000e+00,2.557544757033292093e-03,7.672634271099765257e-03,0.000000000000000000e+00,6.512820512820512997e-01,0.000000000000000000e+00,0.000000000000000000e+00,1.850828729281768226e-01,1.662049861495844549e-01,2.065217391304348116e-01,0.000000000000000000e+00,0.000000000000000000e+00,0.000000000000000000e+00,7.692307692307664979e-03,0.000000000000000000e+00,0.000000000000000000e+00,2.590673575129542883e-03,2.557544757033292093e-03,1.961852861035422446e-01,0.000000000000000000e+00,2.785515320334219780e-03,2.702702702702675097e-03,0.000000000000000000e+00,0.000000000000000000e+00,0.000000000000000000e+00,0.000000000000000000e+00,0.000000000000000000e+00,0.000000000000000000e+00,0.000000000000000000e+00,0.000000000000000000e+00,0.000000000000000000e+00,0.000000000000000000e+00,0.000000000000000000e+00,0.000000000000000000e+00
0.000000000000000000e+00,0.000000000000000000e+00,0.000000000000000000e+00,2.717391304347782643e-03,7.734806629834256597e-02,0.000000000000000000e+00,0.000000000000000000e+00,0.000000000000000000e+00,0.000000000000000000e+00,7.438016528925617266e-02,8.011049723756902274e-02,0.000000000000000000e+00,0.000000000000000000e+00,0.000000000000000000e+00,0.000000000000000000e+00,2.564102564102554993e-03,6.034482758620685061e-02,0.000000000000000000e+00,6.521739130434778264e-02,0.000000000000000000e+00,0.000000000000000000e+00,0.000000000000000000e+00,8.505154639175260822e-02,0.000000000000000000e+00,0.000000000000000000e+00,8.287292817679559054e-02,0.000000000000000000e+00,0.000000000000000000e+00,0.000000000000000000e+00,0.000000000000000000e+00,0.000000000000000000e+00,0.000000000000000000e+00,0.000000000000000000e+00,0.000000000000000000e+00,0.000000000000000000e+00,0.000000000000000000e+00,5.722070844686644175e-02,2.583979328165342260e-03,5.934718100890212789e-02,0.000000000000000000e+00,0.000000000000000000e+00,0.000000000000000000e+00,8.196721311475407834e-02,0.000000000000000000e+00,0.000000000000000000e+00,2.590673575129542883e-03,0.000000000000000000e+00,5.899705014749268006e-02,0.000000000000000000e+00,5.413105413105412378e-02,0.000000000000000000e+00,0.000000000000000000e+00,0.000000000000000000e+00,0.000000000000000000e+00,2.570694087403624373e-03,0.000000000000000000e+00,5.263157894736847364e-02,0.000000000000000000e+00,0.000000000000000000e+00,2.754820936639146289e-03,0.000000000000000000e+00,5.698005698005692565e-02,2.570694087403624373e-03,0.000000000000000000e+00,0.000000000000000000e+00,1.000000000000000000e+00,2.570694087403624373e-03,0.000000000000000000e+00,0.000000000000000000e+00,0.000000000000000000e+00,2.724795640327015711e-03,0.000000000000000000e+00,0.000000000000000000e+00,0.000000000000000000e+00,0.000000000000000000e+00,0.000000000000000000e+00,1.000000000000000000e+00,0.000000000000000000e+00,0.000000000000000000e+00,0.000000000000000000e+00,0.000000000000000000e+00,5.167958656330795542e-03,5.141388174807248745e-03,0.000000000000000000e+00,2.702702702702675097e-03,0.000000000000000000e+00,0.000000000000000000e+00,9.487179487179486781e-02,7.238605898123329219e-02,2.564102564102554993e-03,0.000000000000000000e+00,0.000000000000000000e+00,0.000000000000000000e+00,2.717391304347782643e-03,0.000000000000000000e+00,0.000000000000000000e+00,0.000000000000000000e+00,0.000000000000000000e+00,0.000000000000000000e+00,0.000000000000000000e+00,0.000000000000000000e+00,0.000000000000000000e+00,0.000000000000000000e+00,0.000000000000000000e+00,0.000000000000000000e+00,0.000000000000000000e+00,0.000000000000000000e+00,0.000000000000000000e+00,0.000000000000000000e+00,2.717391304347782643e-03,0.000000000000000000e+00,0.000000000000000000e+00,0.000000000000000000e+00,0.000000000000000000e+00,5.420054200542034906e-03,5.292479108635095297e-02,2.710027100271017453e-03,0.000000000000000000e+00,2.590673575129542883e-03,0.000000000000000000e+00,8.785529715762274705e-02,0.000000000000000000e+00,2.570694087403624373e-03,2.577319587628856823e-03,2.564102564102554993e-03,0.000000000000000000e+00,0.000000000000000000e+00,0.000000000000000000e+00,0.000000000000000000e+00
1.272264631043251715e-02,0.000000000000000000e+00,0.000000000000000000e+00,9.112903225806451291e-01,0.000000000000000000e+00,0.000000000000000000e+00,0.000000000000000000e+00,1.084010840108395879e-02,1.084010840108395879e-02,0.000000000000000000e+00,0.000000000000000000e+00,2.213740458015267532e-01,0.000000000000000000e+00,0.000000000000000000e+00,0.000000000000000000e+00,1.000000000000000000e+00,0.000000000000000000e+00,2.538071065989799813e-03,0.000000000000000000e+00,0.000000000000000000e+00,2.551020408163240383e-03,0.000000000000000000e+00,0.000000000000000000e+00,0.000000000000000000e+00,2.849002849002801874e-03,0.000000000000000000e+00,2.551020408163240383e-03,0.000000000000000000e+00,2.391857506361323438e-01,0.000000000000000000e+00,0.000000000000000000e+00,0.000000000000000000e+00,0.000000000000000000e+00,9.117647058823529216e-01,0.000000000000000000e+00,2.710027100271017453e-03,0.000000000000000000e+00,0.000000000000000000e+00,2.949852507374672861e-03,0.000000000000000000e+00,0.000000000000000000e+00,0.000000000000000000e+00,2.717391304347782643e-03,0.000000000000000000e+00,0.000000000000000000e+00,5.128205128205109986e-03,0.000000000000000000e+00,0.000000000000000000e+00,0.000000000000000000e+00,2.824858757062176373e-03,0.000000000000000000e+00,2.264150943396225912e-01,2.237196765498652429e-01,0.000000000000000000e+00,0.000000000000000000e+00,0.000000000000000000e+00,2.898550724637627418e-03,0.000000000000000000e+00,0.000000000000000000e+00,0.000000000000000000e+00,2.551020408163240383e-03,0.000000000000000000e+00,2.239185750636132344e-01,2.590673575129542883e-03,0.000000000000000000e+00,2.570694087403624373e-03,1.000000000000000000e+00,2.762430939226567794e-03,0.000000000000000000e+00,0.000000000000000000e+00,2.702702702702675097e-03,0.000000000000000000e+00,0.000000000000000000e+00,0.000000000000000000e+00,0.000000000000000000e+00,0.000000000000000000e+00,0.000000000000000000e+00,0.000000000000000000e+00,2.747252747252737493e-03,9.162436548223350519e-01,0.000000000000000000e+00,0.000000000000000000e+00,2.551020408163240383e-03,2.695417789757459381e-03,2.841823056300267769e-01,0.000000000000000000e+00,0.000000000000000000e+00,0.000000000000000000e+00,0.000000000000000000e+00,0.000000000000000000e+00,0.000000000000000000e+00,0.000000000000000000e+00,0.000000000000000000e+00,0.000000000000000000e+00,0.000000000000000000e+00,0.000000000000000000e+00,0.000000000000000000e+00,0.000000000000000000e+00,0.000000000000000000e+00,0.000000000000000000e+00,0.000000000000000000e+00,2.688172043010750301e-03,0.000000000000000000e+00,0.000000000000000000e+00,2.710027100271017453e-03,0.000000000000000000e+00,0.000000000000000000e+00,0.000000000000000000e+00,0.000000000000000000e+00,0.000000000000000000e+00,0.000000000000000000e+00,0.000000000000000000e+00,2.544529262086481225e-03,0.000000000000000000e+00,0.000000000000000000e+00,0.000000000000000000e+00,0.000000000000000000e+00,5.989304812834224112e-01,2.570694087403624373e-03,0.000000000000000000e+00,0.000000000000000000e+00,2.551020408163240383e-03,0.000000000000000000e+00,2.557544757033292093e-03,5.648854961832061594e-01,0.000000000000000000e+00,2.570694087403624373e-03,0.000000000000000000e+00,0.000000000000000000e+00
0.000000000000000000e+00,0.000000000000000000e+00,9.075630252100840289e-01,2.801120448179261757e-03,0.000000000000000000e+00,2.140845070422535690e-01,0.000000000000000000e+00,0.000000000000000000e+00,0.000000000000000000e+00,0.000000000000000000e+00,2.840909090909060630e-03,2.762430939226567794e-03,2.932551319648091237e-03,7.002801120448178818e-01,0.000000000000000000e+00,0.000000000000000000e+00,5.899705014749234699e-03,0.000000000000000000e+00,5.882352941176449690e-03,1.848739495798319421e-01,0.000000000000000000e+00,1.782729805013927304e-01,0.000000000000000000e+00,0.000000000000000000e+00,0.000000000000000000e+00,0.000000000000000000e+00,0.000000000000000000e+00,0.000000000000000000e+00,0.000000000000000000e+00,2.906976744186051675e-03,2.188365650969529286e-01,0.000000000000000000e+00,0.000000000000000000e+00,0.000000000000000000e+00,9.083333333333333259e-01,6.434540389972145391e-01,8.823529411764674535e-03,0.000000000000000000e+00,3.048780487804880757e-03,2.309859154929577718e-01,0.000000000000000000e+00,2.762430939226567794e-03,0.000000000000000000e+00,0.000000000000000000e+00,0.000000000000000000e+00,0.000000000000000000e+00,2.816901408450700472e-03,6.060606060606099632e-03,1.955307262569832005e-01,5.865102639296182474e-03,1.836158192090395769e-01,0.000000000000000000e+00,2.801120448179261757e-03,5.524861878453024566e-03,0.000000000000000000e+00,6.878453038674032793e-01,3.012048192771121791e-03,2.873563218390828844e-03,0.000000000000000000e+00,0.000000000000000000e+00,2.770083102493048344e-03,5.865102639296182474e-03,0.000000000000000000e+00,0.000000000000000000e+00,6.481994459833795297e-01,0.000000000000000000e+00,2.762430939226567794e-03,1.000000000000000000e+00,2.670454545454545858e-01,0.000000000000000000e+00,0.000000000000000000e+00,9.403409090909090606e-01,0.000000000000000000e+00,0.000000000000000000e+00,0.000000000000000000e+00,1.728045325779037356e-01,0.000000000000000000e+00,2.636103151862464467e-01,9.470752089136490470e-01,0.000000000000000000e+00,1.424581005586592619e-01,0.000000000000000000e+00,0.000000000000000000e+00,0.000000000000000000e+00,0.000000000000000000e+00,0.000000000000000000e+00,0.000000000000000000e+00,0.000000000000000000e+00,1.159420289855073172e-02,0.000000000000000000e+00,0.000000000000000000e+00,0.000000000000000000e+00,2.299168975069252330e-01,0.000000000000000000e+00,0.000000000000000000e+00,0.000000000000000000e+00,5.524861878453024566e-03,5.524861878453024566e-03,0.000000000000000000e+00,6.066481994459833604e-01,0.000000000000000000e+00,0.000000000000000000e+00,2.022792022792022637e-01,1.737891737891738009e-01,2.268907563025209795e-01,0.000000000000000000e+00,0.000000000000000000e+00,0.000000000000000000e+00,0.000000000000000000e+00,0.000000000000000000e+00,0.000000000000000000e+00,0.000000000000000000e+00,2.762430939226567794e-03,2.100840336134454089e-01,0.000000000000000000e+00,2.890173410404650589e-03,0.000000000000000000e+00,0.000000000000000000e+00,2.785515320334219780e-03,0.000000000000000000e+00,0.000000000000000000e+00,0.000000000000000000e+00,0.000000000000000000e+00,0.000000000000000000e+00,0.000000000000000000e+00,0.000000000000000000e+00,0.000000000000000000e+00,0.000000000000000000e+00,0.000000000000000000e+00
0.000000000000000000e+00,0.000000000000000000e+00,2.853107344632768161e-01,2.801120448179261757e-03,0.000000000000000000e+00,2.507042253521126751e-01,0.000000000000000000e+00,0.000000000000000000e+00,0.000000000000000000e+00,0.000000000000000000e+00,0.000000000000000000e+00,0.000000000000000000e+00,1.173020527859236495e-02,2.941176470588234837e-01,0.000000000000000000e+00,0.000000000000000000e+00,2.949852507374672861e-03,0.000000000000000000e+00,2.941176470588224845e-03,1.994382022471909988e-01,0.000000000000000000e+00,1.680672268907562605e-01,0.000000000000000000e+00,0.000000000000000000e+00,1.461988304093564395e-02,0.000000000000000000e+00,0.000000000000000000e+00,0.000000000000000000e+00,0.000000000000000000e+00,0.000000000000000000e+00,2.333333333333332815e-01,0.000000000000000000e+00,0.000000000000000000e+00,0.000000000000000000e+00,2.893258426966291985e-01,2.569832402234636382e-01,5.882352941176449690e-03,0.000000000000000000e+00,0.000000000000000000e+00,2.443820224719100986e-01,1.680672268907568156e-02,0.000000000000000000e+00,0.000000000000000000e+00,0.000000000000000000e+00,0.000000000000000000e+00,0.000000000000000000e+00,0.000000000000000000e+00,3.021148036253751279e-03,2.011173184357541999e-01,5.847953216374324192e-03,1.728045325779037356e-01,0.000000000000000000e+00,0.000000000000000000e+00,2.770083102493048344e-03,0.000000000000000000e+00,2.853185595567867550e-01,3.003003003003046345e-03,1.146131805157590833e-02,0.000000000000000000e+00,0.000000000000000000e+00,0.000000000000000000e+00,2.932551319648091237e-03,0.000000000000000000e+00,5.617977528089901362e-03,2.361111111111111605e-01,0.000000000000000000e+00,0.000000000000000000e+00,2.670454545454545858e-01,1.000000000000000000e+00,0.000000000000000000e+00,0.000000000000000000e+00,2.693409742120344008e-01,0.000000000000000000e+00,0.000000000000000000e+00,0.000000000000000000e+00,1.875000000000000000e-01,0.000000000000000000e+00,9.943820224719100986e-01,2.724719101123596054e-01,0.000000000000000000e+00,1.648044692737430372e-01,0.000000000000000000e+00,0.000000000000000000e+00,0.000000000000000000e+00,0.000000000000000000e+00,0.000000000000000000e+00,1.400560224089630879e-02,0.000000000000000000e+00,5.813953488372103351e-03,0.000000000000000000e+00,1.123595505617980272e-02,0.000000000000000000e+00,2.527777777777777679e-01,0.000000000000000000e+00,5.747126436781657688e-03,0.000000000000000000e+00,2.770083102493048344e-03,2.770083102493048344e-03,0.000000000000000000e+00,2.500000000000000000e-01,0.000000000000000000e+00,2.808988764044895170e-03,2.017045454545454142e-01,2.108262108262107803e-01,2.380952380952381375e-01,0.000000000000000000e+00,1.428571428571423496e-02,0.000000000000000000e+00,0.000000000000000000e+00,0.000000000000000000e+00,1.120448179271704703e-02,0.000000000000000000e+00,2.770083102493048344e-03,2.380952380952381375e-01,0.000000000000000000e+00,0.000000000000000000e+00,2.808988764044895170e-03,0.000000000000000000e+00,0.000000000000000000e+00,2.785515320334219780e-03,0.000000000000000000e+00,0.000000000000000000e+00,0.000000000000000000e+00,0.000000000000000000e+00,0.000000000000000000e+00,1.400560224089630879e-02,1.396648044692738733e-02,1.120448179271704703e-02,1.120448179271704703e-02
0.000000000000000000e+00,0.000000000000000000e+00,0.000000000000000000e+00,0.000000000000000000e+00,0.000000000000000000e+00,0.000000000000000000e+00,0.000000000000000000e+00,0.000000000000000000e+00,0.000000000000000000e+00,0.000000000000000000e+00,0.000000000000000000e+00,0.000000000000000000e+00,0.000000000000000000e+00,0.000000000000000000e+00,0.000000000000000000e+00,0.000000000000000000e+00,0.000000000000000000e+00,0.000000000000000000e+00,0.000000000000000000e+00,0.000000000000000000e+00,7.692307692307664979e-03,0.000000000000000000e+00,0.000000000000000000e+00,0.000000000000000000e+00,0.000000000000000000e+00,0.000000000000000000e+00,0.000000000000000000e+00,9.562841530054644323e-01,0.000000000000000000e+00,0.000000000000000000e+00,0.000000000000000000e+00,0.000000000000000000e+00,0.000000000000000000e+00,0.000000000000000000e+00,0.000000000000000000e+00,0.000000000000000000e+00,0.000000000000000000e+00,2.570694087403624373e-03,0.000000000000000000e+00,0.000000000000000000e+00,0.000000000000000000e+00,0.000000000000000000e+00,0.000000000000000000e+00,0.000000000000000000e+00,0.000000000000000000e+00,0.000000000000000000e+00,5.449591280653920400e-03,0.000000000000000000e+00,0.000000000000000000e+00,0.000000000000000000e+00,0.000000000000000000e+00,0.000000000000000000e+00,0.000000000000000000e+00,0.000000000000000000e+00,9.923469387755101678e-01,0.000000000000000000e+00,0.000000000000000000e+00,0.000000000000000000e+00,0.000000000000000000e+00,0.000000000000000000e+00,0.000000000000000000e+00,0.000000000000000000e+00,0.000000000000000000e+00,0.000000000000000000e+00,0.000000000000000000e+00,0.000000000000000000e+00,0.000000000000000000e+00,0.000000000000000000e+00,0.000000000000000000e+00,1.000000000000000000e+00,2.710027100271017453e-03,0.000000000000000000e+00,9.543010752688172449e-01,0.000000000000000000e+00,0.000000000000000000e+00,0.000000000000000000e+00,0.000000000000000000e+00,0.000000000000000000e+00,0.000000000000000000e+00,0.000000000000000000e+00,0.000000000000000000e+00,2.577319587628856823e-03,0.000000000000000000e+00,0.000000000000000000e+00,0.000000000000000000e+00,0.000000000000000000e+00,0.000000000000000000e+00,0.000000000000000000e+00,0.000000000000000000e+00,9.693877551020407823e-01,0.000000000000000000e+00,0.000000000000000000e+00,0.000000000000000000e+00,0.000000000000000000e+00,0.000000000000000000e+00,0.000000000000000000e+00,0.000000000000000000e+00,0.000000000000000000e+00,9.489795918367347483e-01,0.000000000000000000e+00,0.000000000000000000e+00,1.081081081081081141e-02,0.000000000000000000e+00,0.000000000000000000e+00,0.000000000000000000e+00,0.000000000000000000e+00,0.000000000000000000e+00,5.390835579514807741e-03,0.000000000000000000e+00,0.000000000000000000e+00,0.000000000000000000e+00,0.000000000000000000e+00,0.000000000000000000e+00,0.000000000000000000e+00,9.460916442048517006e-01,0.000000000000000000e+00,5.405405405405350194e-03,0.000000000000000000e+00,2.583979328165342260e-03,0.000000000000000000e+00,0.000000000000000000e+00,5.128205128205109986e-03,5.115089514066473164e-03,9.589743589743590091e-01,0.000000000000000000e+00,0.000000000000000000e+00,0.000000000000000000e+00,0.000000000000000000e+00,0.000000000000000000e+00
0.000000000000000000e+00,0.000000000000000000e+00,2.801120448179261757e-03,0.000000000000000000e+00,5.571030640668550582e-03,0.000000000000000000e+00,0.000000000000000000e+00,0.000000000000000000e+00,0.000000000000000000e+00,1.392757660167132094e-02,1.111111111111107164e-02,0.000000000000000000e+00,0.000000000000000000e+00,0.000000000000000000e+00,0.000000000000000000e+00,0.000000000000000000e+00,1.734104046242779251e-02,0.000000000000000000e+00,8.620689655172375510e-03,0.000000000000000000e+00,9.864864864864865135e-01,0.000000000000000000e+00,1.086956521739135262e-02,0.000000000000000000e+00,0.000000000000000000e+00,1.114206128133710116e-02,0.000000000000000000e+00,2.770083102493048344e-03,0.000000000000000000e+00,0.000000000000000000e+00,0.000000000000000000e+00,0.000000000000000000e+00,0.000000000000000000e+00,0.000000000000000000e+00,0.000000000000000000e+00,0.000000000000000000e+00,8.620689655172375510e-03,0.000000000000000000e+00,5.970149253731293904e-03,0.000000000000000000e+00,0.000000000000000000e+00,2.702702702702675097e-03,1.381215469613261693e-02,0.000000000000000000e+00,0.000000000000000000e+00,0.000000000000000000e+00,1.000000000000000000e+00,5.934718100890190584e-03,0.000000000000000000e+00,1.146131805157590833e-02,0.000000000000000000e+00,0.000000000000000000e+00,0.000000000000000000e+00,0.000000000000000000e+00,2.710027100271017453e-03,0.000000000000000000e+00,5.899705014749234699e-03,0.000000000000000000e+00,0.000000000000000000e+00,0.000000000000000000e+00,0.000000000000000000e+00,1.432664756446988541e-02,0.000000000000000000e+00,0.000000000000000000e+00,0.000000000000000000e+00,2.724795640327015711e-03,2.702702702702675097e-03,0.000000000000000000e+00,0.000000000000000000e+00,2.710027100271017453e-03,1.000000000000000000e+00,0.000000000000000000e+00,1.095890410958899608e-02,2.801120448179261757e-03,0.000000000000000000e+00,0.000000000000000000e+00,2.724795640327015711e-03,0.000000000000000000e+00,0.000000000000000000e+00,2.702702702702675097e-03,2.732240437158472979e-03,0.000000000000000000e+00,0.000000000000000000e+00,2.754820936639146289e-03,0.000000000000000000e+00,0.000000000000000000e+00,0.000000000000000000e+00,1.351351351351348651e-02,2.832861189801749724e-03,5.405405405405350194e-03,0.000000000000000000e+00,0.000000000000000000e+00,0.000000000000000000e+00,0.000000000000000000e+00,0.000000000000000000e+00,0.000000000000000000e+00,2.702702702702675097e-03,0.000000000000000000e+00,2.702702702702675097e-03,2.717391304347782643e-03,0.000000000000000000e+00,4.672131147540983243e-01,0.000000000000000000e+00,0.000000000000000000e+00,0.000000000000000000e+00,0.000000000000000000e+00,2.808988764044895170e-03,9.972752043596729843e-01,0.000000000000000000e+00,0.000000000000000000e+00,0.000000000000000000e+00,0.000000000000000000e+00,0.000000000000000000e+00,0.000000000000000000e+00,1.373626373626368746e-02,8.498583569405138149e-03,9.945504087193460796e-01,0.000000000000000000e+00,9.809782608695651884e-01,2.724795640327015711e-03,5.464480874316945958e-03,9.918918918918918637e-01,9.892183288409703845e-01,2.717391304347782643e-03,2.702702702702675097e-03,2.732240437158472979e-03,0.000000000000000000e+00,2.732240437158472979e-03,2.732240437158472979e-03
0.000000000000000000e+00,0.000000000000000000e+00,9.348441926345608666e-01,0.000000000000000000e+00,0.000000000000000000e+00,2.108262108262107803e-01,0.000000000000000000e+00,0.000000000000000000e+00,0.000000000000000000e+00,0.000000000000000000e+00,2.865329512893977082e-03,0.000000000000000000e+00,2.958579881656819843e-03,7.053824362606232468e-01,0.000000000000000000e+00,0.000000000000000000e+00,5.952380952380931234e-03,2.785515320334219780e-03,5.934718100890190584e-03,1.694915254237288060e-01,0.000000000000000000e+00,1.807909604519774005e-01,0.000000000000000000e+00,0.000000000000000000e+00,0.000000000000000000e+00,0.000000000000000000e+00,0.000000000000000000e+00,0.000000000000000000e+00,2.793296089385499670e-03,2.941176470588224845e-03,1.983240223463687002e-01,0.000000000000000000e+00,0.000000000000000000e+00,0.000000000000000000e+00,9.239436619718309762e-01,6.676056338028169002e-01,1.186943620178038117e-02,0.000000000000000000e+00,6.153846153846176392e-03,2.507122507122506727e-01,2.824858757062176373e-03,0.000000000000000000e+00,0.000000000000000000e+00,2.793296089385499670e-03,0.000000000000000000e+00,0.000000000000000000e+00,0.000000000000000000e+00,3.058103975535186869e-03,1.690140845070422504e-01,5.917159763313639687e-03,1.891117478510028205e-01,2.824858757062176373e-03,0.000000000000000000e+00,5.586592178770999340e-03,0.000000000000000000e+00,6.955307262569832005e-01,6.079027355623045636e-03,2.898550724637627418e-03,0.000000000000000000e+00,0.000000000000000000e+00,0.000000000000000000e+00,8.875739644970459530e-03,0.000000000000000000e+00,0.000000000000000000e+00,6.648044692737430372e-01,0.000000000000000000e+00,0.000000000000000000e+00,9.403409090909090606e-01,2.693409742120344008e-01,0.000000000000000000e+00,0.000000000000000000e+00,1.000000000000000000e+00,0.000000000000000000e+00,0.000000000000000000e+00,0.000000000000000000e+00,1.695402298850574585e-01,0.000000000000000000e+00,2.630057803468207611e-01,9.887323943661971981e-01,2.785515320334219780e-03,1.295774647887324438e-01,0.000000000000000000e+00,0.000000000000000000e+00,0.000000000000000000e+00,0.000000000000000000e+00,0.000000000000000000e+00,0.000000000000000000e+00,2.793296089385499670e-03,1.461988304093564395e-02,0.000000000000000000e+00,0.000000000000000000e+00,0.000000000000000000e+00,2.044817927170868854e-01,0.000000000000000000e+00,0.000000000000000000e+00,0.000000000000000000e+00,2.793296089385499670e-03,2.793296089385499670e-03,0.000000000000000000e+00,6.190476190476190688e-01,0.000000000000000000e+00,2.832861189801749724e-03,1.930835734870316456e-01,1.839080459770114917e-01,2.231638418079096020e-01,0.000000000000000000e+00,0.000000000000000000e+00,0.000000000000000000e+00,0.000000000000000000e+00,0.000000000000000000e+00,2.816901408450700472e-03,0.000000000000000000e+00,0.000000000000000000e+00,2.118644067796610075e-01,0.000000000000000000e+00,5.830903790087438310e-03,0.000000000000000000e+00,0.000000000000000000e+00,0.000000000000000000e+00,0.000000000000000000e+00,0.000000000000000000e+00,0.000000000000000000e+00,2.793296089385499670e-03,0.000000000000000000e+00,0.000000000000000000e+00,0.000000000000000000e+00,2.816901408450700472e-03,2.816901408450700472e-03,2.816901408450700472e-03
0.000000000000000000e+00,0.000000000000000000e+00,0.000000000000000000e+00,0.000000000000000000e+00,0.000000000000000000e+00,0.000000000000000000e+00,0.000000000000000000e+00,0.000000000000000000e+00,0.000000000000000000e+00,0.000000000000000000e+00,0.000000000000000000e+00,0.000000000000000000e+00,0.000000000000000000e+00,0.000000000000000000e+00,0.000000000000000000e+00,0.000000000000000000e+00,0.000000000000000000e+00,0.000000000000000000e+00,0.000000000000000000e+00,0.000000000000000000e+00,5.390835579514807741e-03,0.000000000000000000e+00,0.000000000000000000e+00,0.000000000000000000e+00,0.000000000000000000e+00,0.000000000000000000e+00,0.000000000000000000e+00,9.972677595628415270e-01,0.000000000000000000e+00,0.000000000000000000e+00,0.000000000000000000e+00,0.000000000000000000e+00,3.717472118959119776e-03,0.000000000000000000e+00,0.000000000000000000e+00,0.000000000000000000e+00,0.000000000000000000e+00,2.702702702702675097e-03,0.000000000000000000e+00,0.000000000000000000e+00,0.000000000000000000e+00,0.000000000000000000e+00,0.000000000000000000e+00,0.000000000000000000e+00,0.000000000000000000e+00,2.710027100271017453e-03,8.219178082191747059e-03,0.000000000000000000e+00,0.000000000000000000e+00,0.000000000000000000e+00,0.000000000000000000e+00,0.000000000000000000e+00,0.000000000000000000e+00,0.000000000000000000e+00,9.543010752688172449e-01,0.000000000000000000e+00,0.000000000000000000e+00,0.000000000000000000e+00,0.000000000000000000e+00,0.000000000000000000e+00,0.000000000000000000e+00,0.000000000000000000e+00,0.000000000000000000e+00,0.000000000000000000e+00,0.000000000000000000e+00,0.000000000000000000e+00,0.000000000000000000e+00,0.000000000000000000e+00,0.000000000000000000e+00,9.543010752688172449e-01,1.095890410958899608e-02,0.000000000000000000e+00,1.000000000000000000e+00,2.785515320334219780e-03,0.000000000000000000e+00,0.000000000000000000e+00,0.000000000000000000e+00,0.000000000000000000e+00,0.000000000000000000e+00,2.680965147453084896e-03,0.000000000000000000e+00,0.000000000000000000e+00,2.695417789757459381e-03,0.000000000000000000e+00,0.000000000000000000e+00,0.000000000000000000e+00,0.000000000000000000e+00,2.688172043010750301e-03,0.000000000000000000e+00,9.544235924932975568e-01,0.000000000000000000e+00,0.000000000000000000e+00,0.000000000000000000e+00,0.000000000000000000e+00,0.000000000000000000e+00,0.000000000000000000e+00,0.000000000000000000e+00,0.000000000000000000e+00,9.517426273458444719e-01,0.000000000000000000e+00,0.000000000000000000e+00,5.464480874316945958e-03,0.000000000000000000e+00,0.000000000000000000e+00,0.000000000000000000e+00,0.000000000000000000e+00,0.000000000000000000e+00,2.724795640327015711e-03,0.000000000000000000e+00,0.000000000000000000e+00,0.000000000000000000e+00,0.000000000000000000e+00,0.000000000000000000e+00,0.000000000000000000e+00,9.675675675675675658e-01,0.000000000000000000e+00,2.724795640327015711e-03,0.000000000000000000e+00,5.420054200542034906e-03,0.000000000000000000e+00,0.000000000000000000e+00,2.695417789757459381e-03,2.688172043010750301e-03,9.460916442048517006e-01,0.000000000000000000e+00,0.000000000000000000e+00,0.000000000000000000e+00,0.000000000000000000e+00,0.000000000000000000e+00
0.000000000000000000e+00,0.000000000000000000e+00,0.000000000000000000e+00,0.000000000000000000e+00,0.000000000000000000e+00,0.000000000000000000e+00,0.000000000000000000e+00,0.000000000000000000e+00,0.000000000000000000e+00,2.824858757062176373e-03,0.000000000000000000e+00,0.000000000000000000e+00,0.000000000000000000e+00,0.000000000000000000e+00,9.889196675900276956e-01,0.000000000000000000e+00,0.000000000000000000e+00,0.000000000000000000e+00,2.941176470588224845e-03,0.000000000000000000e+00,0.000000000000000000e+00,0.000000000000000000e+00,0.000000000000000000e+00,0.000000000000000000e+00,0.000000000000000000e+00,0.000000000000000000e+00,0.000000000000000000e+00,0.000000000000000000e+00,0.000000000000000000e+00,0.000000000000000000e+00,0.000000000000000000e+00,0.000000000000000000e+00,0.000000000000000000e+00,0.000000000000000000e+00,0.000000000000000000e+00,0.000000000000000000e+00,0.000000000000000000e+00,5.571030640668550582e-03,0.000000000000000000e+00,0.000000000000000000e+00,0.000000000000000000e+00,0.000000000000000000e+00,0.000000000000000000e+00,0.000000000000000000e+00,0.000000000000000000e+00,0.000000000000000000e+00,5.602240896358523514e-03,0.000000000000000000e+00,0.000000000000000000e+00,0.000000000000000000e+00,0.000000000000000000e+00,0.000000000000000000e+00,0.000000000000000000e+00,0.000000000000000000e+00,0.000000000000000000e+00,0.000000000000000000e+00,0.000000000000000000e+00,0.000000000000000000e+00,0.000000000000000000e+00,9.944598337950139033e-01,0.000000000000000000e+00,0.000000000000000000e+00,0.000000000000000000e+00,0.000000000000000000e+00,0.000000000000000000e+00,0.000000000000000000e+00,0.000000000000000000e+00,0.000000000000000000e+00,0.000000000000000000e+00,0.000000000000000000e+00,2.801120448179261757e-03,0.000000000000000000e+00,2.785515320334219780e-03,1.000000000000000000e+00,0.000000000000000000e+00,0.000000000000000000e+00,0.000000000000000000e+00,0.000000000000000000e+00,0.000000000000000000e+00,0.000000000000000000e+00,0.000000000000000000e+00,2.793296089385499670e-03,0.000000000000000000e+00,0.000000000000000000e+00,0.000000000000000000e+00,0.000000000000000000e+00,0.000000000000000000e+00,0.000000000000000000e+00,0.000000000000000000e+00,0.000000000000000000e+00,0.000000000000000000e+00,0.000000000000000000e+00,0.000000000000000000e+00,6.424581005586593729e-02,0.000000000000000000e+00,0.000000000000000000e+00,2.770083102493048344e-03,2.770083102493048344e-03,0.000000000000000000e+00,0.000000000000000000e+00,0.000000000000000000e+00,2.801120448179261757e-03,0.000000000000000000e+00,0.000000000000000000e+00,0.000000000000000000e+00,0.000000000000000000e+00,0.000000000000000000e+00,0.000000000000000000e+00,0.000000000000000000e+00,6.703910614525143696e-02,0.000000000000000000e+00,0.000000000000000000e+00,0.000000000000000000e+00,0.000000000000000000e+00,2.793296089385499670e-03,0.000000000000000000e+00,0.000000000000000000e+00,0.000000000000000000e+00,0.000000000000000000e+00,0.000000000000000000e+00,0.000000000000000000e+00,0.000000000000000000e+00,2.770083102493048344e-03,0.000000000000000000e+00,0.000000000000000000e+00,0.000000000000000000e+00,0.000000000000000000e+00,0.000000000000000000e+00,0.000000000000000000e+00
0.000000000000000000e+00,0.000000000000000000e+00,0.000000000000000000e+00,0.000000000000000000e+00,0.000000000000000000e+00,2.801120448179261757e-03,2.604166666666629659e-03,0.000000000000000000e+00,0.000000000000000000e+00,0.000000000000000000e+00,0.000000000000000000e+00,0.000000000000000000e+00,0.000000000000000000e+00,0.000000000000000000e+00,0.000000000000000000e+00,0.000000000000000000e+00,0.000000000000000000e+00,0.000000000000000000e+00,0.000000000000000000e+00,0.000000000000000000e+00,0.000000000000000000e+00,0.000000000000000000e+00,0.000000000000000000e+00,0.000000000000000000e+00,0.000000000000000000e+00,0.000000000000000000e+00,0.000000000000000000e+00,0.000000000000000000e+00,0.000000000000000000e+00,0.000000000000000000e+00,2.604166666666629659e-03,0.000000000000000000e+00,0.000000000000000000e+00,0.000000000000000000e+00,0.000000000000000000e+00,0.000000000000000000e+00,0.000000000000000000e+00,0.000000000000000000e+00,0.000000000000000000e+00,0.000000000000000000e+00,1.049868766404205012e-02,2.590673575129542883e-03,0.000000000000000000e+00,0.000000000000000000e+00,0.000000000000000000e+00,0.000000000000000000e+00,0.000000000000000000e+00,0.000000000000000000e+00,0.000000000000000000e+00,0.000000000000000000e+00,0.000000000000000000e+00,0.000000000000000000e+00,0.000000000000000000e+00,0.000000000000000000e+00,0.000000000000000000e+00,0.000000000000000000e+00,0.000000000000000000e+00,5.665722379603388426e-03,0.000000000000000000e+00,0.000000000000000000e+00,0.000000000000000000e+00,0.000000000000000000e+00,0.000000000000000000e+00,0.000000000000000000e+00,0.000000000000000000e+00,0.000000000000000000e+00,0.000000000000000000e+00,0.000000000000000000e+00,0.000000000000000000e+00,0.000000000000000000e+00,0.000000000000000000e+00,0.000000000000000000e+00,0.000000000000000000e+00,0.000000000000000000e+00,1.000000000000000000e+00,2.816901408450700472e-03,0.000000000000000000e+00,2.849002849002801874e-03,0.000000000000000000e+00,0.000000000000000000e+00,2.624671916010457018e-03,0.000000000000000000e+00,0.000000000000000000e+00,0.000000000000000000e+00,0.000000000000000000e+00,2.642487046632124859e-01,0.000000000000000000e+00,0.000000000000000000e+00,2.710027100271017453e-03,0.000000000000000000e+00,0.000000000000000000e+00,0.000000000000000000e+00,2.610966057441266308e-03,0.000000000000000000e+00,2.832861189801749724e-03,0.000000000000000000e+00,5.194805194805196535e-03,7.772020725388628648e-03,0.000000000000000000e+00,0.000000000000000000e+00,0.000000000000000000e+00,0.000000000000000000e+00,0.000000000000000000e+00,0.000000000000000000e+00,0.000000000000000000e+00,8.290155440414508359e-01,0.000000000000000000e+00,0.000000000000000000e+00,0.000000000000000000e+00,0.000000000000000000e+00,0.000000000000000000e+00,0.000000000000000000e+00,2.597402597402598268e-03,0.000000000000000000e+00,0.000000000000000000e+00,0.000000000000000000e+00,0.000000000000000000e+00,0.000000000000000000e+00,0.000000000000000000e+00,2.624671916010457018e-03,0.000000000000000000e+00,0.000000000000000000e+00,0.000000000000000000e+00,0.000000000000000000e+00,0.000000000000000000e+00,0.000000000000000000e+00,0.000000000000000000e+00,0.000000000000000000e+00,0.000000000000000000e+00
2.762430939226567794e-03,0.000000000000000000e+00,1.898016997167139008e-01,0.000000000000000000e+00,0.000000000000000000e+00,5.798319327731091821e-01,0.000000000000000000e+00,0.000000000000000000e+00,0.000000000000000000e+00,0.000000000000000000e+00,0.000000000000000000e+00,0.000000000000000000e+00,0.000000000000000000e+00,1.690140845070422504e-01,0.000000000000000000e+00,0.000000000000000000e+00,8.849557522123907560e-03,0.000000000000000000e+00,8.797653958944273711e-03,4.217877094972066754e-01,0.000000000000000000e+00,9.917127071823204076e-01,0.000000000000000000e+00,0.000000000000000000e+00,0.000000000000000000e+00,0.000000000000000000e+00,0.000000000000000000e+00,0.000000000000000000e+00,0.000000000000000000e+00,0.000000000000000000e+00,5.580110497237569245e-01,0.000000000000000000e+00,0.000000000000000000e+00,0.000000000000000000e+00,1.910112359550562022e-01,1.708683473389355223e-01,2.346041055718472990e-02,0.000000000000000000e+00,2.127659574468088177e-02,5.686274509803921351e-01,0.000000000000000000e+00,0.000000000000000000e+00,0.000000000000000000e+00,0.000000000000000000e+00,0.000000000000000000e+00,0.000000000000000000e+00,0.000000000000000000e+00,1.818181818181818787e-02,4.206128133704735150e-01,8.797653958944273711e-03,9.916666666666666963e-01,0.000000000000000000e+00,0.000000000000000000e+00,0.000000000000000000e+00,0.000000000000000000e+00,2.022160664819944165e-01,2.108433734939763049e-02,5.730659025787954164e-03,0.000000000000000000e+00,0.000000000000000000e+00,0.000000000000000000e+00,1.466275659824045619e-02,2.762430939226567794e-03,0.000000000000000000e+00,1.772853185595567593e-01,0.000000000000000000e+00,0.000000000000000000e+00,1.728045325779037356e-01,1.875000000000000000e-01,0.000000000000000000e+00,0.000000000000000000e+00,1.695402298850574585e-01,0.000000000000000000e+00,0.000000000000000000e+00,2.816901408450700472e-03,1.000000000000000000e+00,0.000000000000000000e+00,1.867816091954023205e-01,1.807909604519774005e-01,0.000000000000000000e+00,3.844011142061281028e-01,0.000000000000000000e+00,0.000000000000000000e+00,0.000000000000000000e+00,0.000000000000000000e+00,2.770083102493048344e-03,0.000000000000000000e+00,0.000000000000000000e+00,2.318840579710146343e-02,0.000000000000000000e+00,0.000000000000000000e+00,0.000000000000000000e+00,6.104972375690607134e-01,0.000000000000000000e+00,0.000000000000000000e+00,0.000000000000000000e+00,0.000000000000000000e+00,0.000000000000000000e+00,0.000000000000000000e+00,1.772853185595567593e-01,0.000000000000000000e+00,0.000000000000000000e+00,4.301994301994301884e-01,4.615384615384615641e-01,5.391061452513966623e-01,0.000000000000000000e+00,0.000000000000000000e+00,0.000000000000000000e+00,0.000000000000000000e+00,0.000000000000000000e+00,0.000000000000000000e+00,0.000000000000000000e+00,0.000000000000000000e+00,5.294117647058823595e-01,0.000000000000000000e+00,5.780346820809301178e-03,0.000000000000000000e+00,0.000000000000000000e+00,0.000000000000000000e+00,0.000000000000000000e+00,0.000000000000000000e+00,0.000000000000000000e+00,0.000000000000000000e+00,0.000000000000000000e+00,2.762430939226567794e-03,0.000000000000000000e+00,0.000000000000000000e+00,0.000000000000000000e+00,0.000000000000000000e+00
0.000000000000000000e+00,0.000000000000000000e+00,0.000000000000000000e+00,0.000000000000000000e+00,8.011049723756902274e-02,0.000000000000000000e+00,0.000000000000000000e+00,0.000000000000000000e+00,0.000000000000000000e+00,7.458563535911599818e-02,8.839779005524861510e-02,0.000000000000000000e+00,0.000000000000000000e+00,0.000000000000000000e+00,0.000000000000000000e+00,2.564102564102554993e-03,5.747126436781613279e-02,0.000000000000000000e+00,7.336956521739135262e-02,0.000000000000000000e+00,0.000000000000000000e+00,0.000000000000000000e+00,9.020618556701032187e-02,0.000000000000000000e+00,0.000000000000000000e+00,8.310249307479222747e-02,0.000000000000000000e+00,0.000000000000000000e+00,0.000000000000000000e+00,0.000000000000000000e+00,0.000000000000000000e+00,0.000000000000000000e+00,0.000000000000000000e+00,0.000000000000000000e+00,0.000000000000000000e+00,0.000000000000000000e+00,5.449591280653953707e-02,0.000000000000000000e+00,5.341246290801182628e-02,0.000000000000000000e+00,0.000000000000000000e+00,0.000000000000000000e+00,8.196721311475407834e-02,0.000000000000000000e+00,0.000000000000000000e+00,0.000000000000000000e+00,0.000000000000000000e+00,5.604719764011800720e-02,0.000000000000000000e+00,5.128205128205132191e-02,0.000000000000000000e+00,0.000000000000000000e+00,0.000000000000000000e+00,0.000000000000000000e+00,0.000000000000000000e+00,0.000000000000000000e+00,4.970760233918125603e-02,0.000000000000000000e+00,0.000000000000000000e+00,0.000000000000000000e+00,0.000000000000000000e+00,5.698005698005692565e-02,0.000000000000000000e+00,0.000000000000000000e+00,0.000000000000000000e+00,1.000000000000000000e+00,0.000000000000000000e+00,0.000000000000000000e+00,0.000000000000000000e+00,0.000000000000000000e+00,2.724795640327015711e-03,0.000000000000000000e+00,0.000000000000000000e+00,0.000000000000000000e+00,0.000000000000000000e+00,0.000000000000000000e+00,1.000000000000000000e+00,0.000000000000000000e+00,0.000000000000000000e+00,0.000000000000000000e+00,0.000000000000000000e+00,5.167958656330795542e-03,2.577319587628856823e-03,0.000000000000000000e+00,0.000000000000000000e+00,0.000000000000000000e+00,0.000000000000000000e+00,9.768637532133672696e-02,7.506702412868637708e-02,0.000000000000000000e+00,0.000000000000000000e+00,0.000000000000000000e+00,0.000000000000000000e+00,2.717391304347782643e-03,0.000000000000000000e+00,0.000000000000000000e+00,0.000000000000000000e+00,0.000000000000000000e+00,2.564102564102554993e-03,0.000000000000000000e+00,0.000000000000000000e+00,0.000000000000000000e+00,0.000000000000000000e+00,0.000000000000000000e+00,0.000000000000000000e+00,0.000000000000000000e+00,0.000000000000000000e+00,0.000000000000000000e+00,0.000000000000000000e+00,2.717391304347782643e-03,0.000000000000000000e+00,0.000000000000000000e+00,0.000000000000000000e+00,0.000000000000000000e+00,0.000000000000000000e+00,5.849582172701950356e-02,2.710027100271017453e-03,0.000000000000000000e+00,2.597402597402598268e-03,0.000000000000000000e+00,9.326424870466321071e-02,0.000000000000000000e+00,2.570694087403624373e-03,0.000000000000000000e+00,2.570694087403624373e-03,0.000000000000000000e+00,0.000000000000000000e+00,0.000000000000000000e+00,0.000000000000000000e+00
0.000000000000000000e+00,0.000000000000000000e+00,2.820512820512820484e-01,0.000000000000000000e+00,0.000000000000000000e+00,2.386363636363636465e-01,0.000000000000000000e+00,0.000000000000000000e+00,0.000000000000000000e+00,2.857142857142891401e-03,0.000000000000000000e+00,0.000000000000000000e+00,1.179941002949858042e-02,2.788732394366196798e-01,0.000000000000000000e+00,2.793296089385499670e-03,0.000000000000000000e+00,0.000000000000000000e+00,2.976190476190465617e-03,1.926345609065155395e-01,0.000000000000000000e+00,1.869688385269121511e-01,0.000000000000000000e+00,0.000000000000000000e+00,1.176470588235289938e-02,0.000000000000000000e+00,0.000000000000000000e+00,0.000000000000000000e+00,0.000000000000000000e+00,0.000000000000000000e+00,2.268907563025209795e-01,0.000000000000000000e+00,0.000000000000000000e+00,0.000000000000000000e+00,2.937853107344632342e-01,2.619718309859154770e-01,5.952380952380931234e-03,0.000000000000000000e+00,9.174311926605449585e-03,2.386363636363636465e-01,1.416430594900852658e-02,0.000000000000000000e+00,0.000000000000000000e+00,0.000000000000000000e+00,0.000000000000000000e+00,0.000000000000000000e+00,2.832861189801749724e-03,0.000000000000000000e+00,1.949152542372881713e-01,2.958579881656819843e-03,1.805157593123208892e-01,0.000000000000000000e+00,2.824858757062176373e-03,2.801120448179261757e-03,0.000000000000000000e+00,2.829131652661064367e-01,3.030303030303049816e-03,1.445086705202314192e-02,0.000000000000000000e+00,2.857142857142891401e-03,0.000000000000000000e+00,2.958579881656819843e-03,0.000000000000000000e+00,5.681818181818232283e-03,2.577030812324929698e-01,0.000000000000000000e+00,0.000000000000000000e+00,2.636103151862464467e-01,9.943820224719100986e-01,0.000000000000000000e+00,0.000000000000000000e+00,2.630057803468207611e-01,0.000000000000000000e+00,0.000000000000000000e+00,2.849002849002801874e-03,1.867816091954023205e-01,0.000000000000000000e+00,1.000000000000000000e+00,2.556818181818182323e-01,0.000000000000000000e+00,1.807909604519774005e-01,0.000000000000000000e+00,0.000000000000000000e+00,2.824858757062176373e-03,0.000000000000000000e+00,0.000000000000000000e+00,1.412429378531077084e-02,0.000000000000000000e+00,5.865102639296182474e-03,0.000000000000000000e+00,1.699716713881016528e-02,0.000000000000000000e+00,2.331460674157302959e-01,0.000000000000000000e+00,5.780346820809301178e-03,0.000000000000000000e+00,2.801120448179261757e-03,2.801120448179261757e-03,0.000000000000000000e+00,2.689075630252101279e-01,0.000000000000000000e+00,0.000000000000000000e+00,2.085714285714285188e-01,1.977077363896848627e-01,2.422535211267605737e-01,0.000000000000000000e+00,1.149425287356320435e-02,0.000000000000000000e+00,0.000000000000000000e+00,0.000000000000000000e+00,1.129943502824859447e-02,0.000000000000000000e+00,2.801120448179261757e-03,2.309859154929577718e-01,0.000000000000000000e+00,0.000000000000000000e+00,0.000000000000000000e+00,0.000000000000000000e+00,0.000000000000000000e+00,0.000000000000000000e+00,0.000000000000000000e+00,0.000000000000000000e+00,0.000000000000000000e+00,0.000000000000000000e+00,0.000000000000000000e+00,1.129943502824859447e-02,1.412429378531077084e-02,1.129943502824859447e-02,1.129943502824859447e-02
0.000000000000000000e+00,0.000000000000000000e+00,9.331476323119777261e-01,0.000000000000000000e+00,0.000000000000000000e+00,2.430167597765363618e-01,0.000000000000000000e+00,0.000000000000000000e+00,0.000000000000000000e+00,0.000000000000000000e+00,0.000000000000000000e+00,0.000000000000000000e+00,0.000000000000000000e+00,7.091412742382271484e-01,0.000000000000000000e+00,0.000000000000000000e+00,8.771929824561430777e-03,0.000000000000000000e+00,8.771929824561430777e-03,1.671309192200557403e-01,2.754820936639146289e-03,1.754874651810585107e-01,0.000000000000000000e+00,0.000000000000000000e+00,0.000000000000000000e+00,0.000000000000000000e+00,0.000000000000000000e+00,0.000000000000000000e+00,0.000000000000000000e+00,2.881844380403508765e-03,2.066115702479338623e-01,0.000000000000000000e+00,0.000000000000000000e+00,0.000000000000000000e+00,9.309392265193370264e-01,6.759002770083102352e-01,5.847953216374324192e-03,0.000000000000000000e+00,3.021148036253751279e-03,2.234636871508379752e-01,5.571030640668550582e-03,0.000000000000000000e+00,0.000000000000000000e+00,0.000000000000000000e+00,0.000000000000000000e+00,2.770083102493048344e-03,2.793296089385499670e-03,6.024096385542132559e-03,1.828254847645429670e-01,5.813953488372103351e-03,1.830985915492957528e-01,2.777777777777767909e-03,0.000000000000000000e+00,5.494505494505474985e-03,0.000000000000000000e+00,6.950549450549450281e-01,5.970149253731293904e-03,5.681818181818232283e-03,0.000000000000000000e+00,0.000000000000000000e+00,0.000000000000000000e+00,5.813953488372103351e-03,0.000000000000000000e+00,0.000000000000000000e+00,6.694214876033057759e-01,0.000000000000000000e+00,2.747252747252737493e-03,9.470752089136490470e-01,2.724719101123596054e-01,0.000000000000000000e+00,0.000000000000000000e+00,9.887323943661971981e-01,0.000000000000000000e+00,0.000000000000000000e+00,0.000000000000000000e+00,1.807909604519774005e-01,0.000000000000000000e+00,2.556818181818182323e-01,1.000000000000000000e+00,0.000000000000000000e+00,1.329639889196675417e-01,0.000000000000000000e+00,0.000000000000000000e+00,2.785515320334219780e-03,2.777777777777767909e-03,0.000000000000000000e+00,0.000000000000000000e+00,0.000000000000000000e+00,5.763688760806906508e-03,0.000000000000000000e+00,0.000000000000000000e+00,0.000000000000000000e+00,2.121212121212121549e-01,0.000000000000000000e+00,0.000000000000000000e+00,0.000000000000000000e+00,2.747252747252737493e-03,2.747252747252737493e-03,2.747252747252737493e-03,6.143250688705234053e-01,0.000000000000000000e+00,0.000000000000000000e+00,1.898016997167139008e-01,1.836158192090395769e-01,2.138888888888889062e-01,0.000000000000000000e+00,0.000000000000000000e+00,0.000000000000000000e+00,0.000000000000000000e+00,0.000000000000000000e+00,0.000000000000000000e+00,0.000000000000000000e+00,2.747252747252737493e-03,2.194444444444444420e-01,0.000000000000000000e+00,2.873563218390828844e-03,0.000000000000000000e+00,2.777777777777767909e-03,2.770083102493048344e-03,0.000000000000000000e+00,0.000000000000000000e+00,0.000000000000000000e+00,0.000000000000000000e+00,0.000000000000000000e+00,0.000000000000000000e+00,0.000000000000000000e+00,0.000000000000000000e+00,0.000000000000000000e+00,0.000000000000000000e+00
7.633587786259554697e-03,0.000000000000000000e+00,0.000000000000000000e+00,9.517426273458444719e-01,0.000000000000000000e+00,0.000000000000000000e+00,2.551020408163240383e-03,8.130081300813052358e-03,5.405405405405350194e-03,5.464480874316945958e-03,2.739726027397249020e-03,2.411167512690355341e-01,0.000000000000000000e+00,0.000000000000000000e+00,0.000000000000000000e+00,9.137055837563451410e-01,0.000000000000000000e+00,0.000000000000000000e+00,0.000000000000000000e+00,0.000000000000000000e+00,0.000000000000000000e+00,0.000000000000000000e+00,0.000000000000000000e+00,0.000000000000000000e+00,0.000000000000000000e+00,2.739726027397249020e-03,2.544529262086481225e-03,0.000000000000000000e+00,2.417302798982188250e-01,0.000000000000000000e+00,0.000000000000000000e+00,0.000000000000000000e+00,0.000000000000000000e+00,9.491978609625668639e-01,0.000000000000000000e+00,0.000000000000000000e+00,2.695417789757459381e-03,2.557544757033292093e-03,2.941176470588224845e-03,0.000000000000000000e+00,0.000000000000000000e+00,0.000000000000000000e+00,0.000000000000000000e+00,0.000000000000000000e+00,0.000000000000000000e+00,0.000000000000000000e+00,2.710027100271017453e-03,2.923976608187106585e-03,0.000000000000000000e+00,2.824858757062176373e-03,0.000000000000000000e+00,2.311827956989247479e-01,2.311827956989247479e-01,2.538071065989799813e-03,0.000000000000000000e+00,0.000000000000000000e+00,0.000000000000000000e+00,2.777777777777767909e-03,0.000000000000000000e+00,0.000000000000000000e+00,0.000000000000000000e+00,2.824858757062176373e-03,2.436548223350253339e-01,0.000000000000000000e+00,0.000000000000000000e+00,0.000000000000000000e+00,9.162436548223350519e-01,0.000000000000000000e+00,0.000000000000000000e+00,0.000000000000000000e+00,2.702702702702675097e-03,2.785515320334219780e-03,2.680965147453084896e-03,0.000000000000000000e+00,0.000000000000000000e+00,0.000000000000000000e+00,0.000000000000000000e+00,0.000000000000000000e+00,0.000000000000000000e+00,1.000000000000000000e+00,0.000000000000000000e+00,0.000000000000000000e+00,0.000000000000000000e+00,0.000000000000000000e+00,2.887700534759358728e-01,0.000000000000000000e+00,0.000000000000000000e+00,0.000000000000000000e+00,0.000000000000000000e+00,0.000000000000000000e+00,0.000000000000000000e+00,0.000000000000000000e+00,0.000000000000000000e+00,0.000000000000000000e+00,0.000000000000000000e+00,0.000000000000000000e+00,0.000000000000000000e+00,2.538071065989799813e-03,0.000000000000000000e+00,0.000000000000000000e+00,3.875968992248068901e-03,0.000000000000000000e+00,0.000000000000000000e+00,0.000000000000000000e+00,0.000000000000000000e+00,0.000000000000000000e+00,0.000000000000000000e+00,2.680965147453084896e-03,0.000000000000000000e+00,0.000000000000000000e+00,0.000000000000000000e+00,0.000000000000000000e+00,0.000000000000000000e+00,0.000000000000000000e+00,0.000000000000000000e+00,0.000000000000000000e+00,0.000000000000000000e+00,5.866666666666666696e-01,2.570694087403624373e-03,0.000000000000000000e+00,2.564102564102554993e-03,0.000000000000000000e+00,0.000000000000000000e+00,0.000000000000000000e+00,5.888324873096446588e-01,0.000000000000000000e+00,0.000000000000000000e+00,0.000000000000000000e+00,0.000000000000000000e+00
2.570694087403624373e-03,0.000000000000000000e+00,1.480446927374301502e-01,0.000000000000000000e+00,2.770083102493048344e-03,5.552486187845304677e-01,0.000000000000000000e+00,2.739726027397249020e-03,0.000000000000000000e+00,0.000000000000000000e+00,0.000000000000000000e+00,0.000000000000000000e+00,2.881844380403508765e-03,1.381215469613259472e-01,0.000000000000000000e+00,0.000000000000000000e+00,5.763688760806906508e-03,0.000000000000000000e+00,5.449591280653920400e-03,4.140625000000000000e-01,0.000000000000000000e+00,3.870129870129870309e-01,2.583979328165342260e-03,0.000000000000000000e+00,0.000000000000000000e+00,0.000000000000000000e+00,2.577319587628856823e-03,0.000000000000000000e+00,0.000000000000000000e+00,0.000000000000000000e+00,5.360824742268041065e-01,0.000000000000000000e+00,0.000000000000000000e+00,0.000000000000000000e+00,1.506849315068493622e-01,1.287671232876712590e-01,1.639344262295083787e-02,0.000000000000000000e+00,2.976190476190465617e-03,5.359116022099448262e-01,2.604166666666629659e-03,0.000000000000000000e+00,0.000000000000000000e+00,0.000000000000000000e+00,0.000000000000000000e+00,0.000000000000000000e+00,0.000000000000000000e+00,1.183431952662716835e-02,4.077922077922078170e-01,2.857142857142891401e-03,3.944444444444444864e-01,0.000000000000000000e+00,0.000000000000000000e+00,2.570694087403624373e-03,0.000000000000000000e+00,1.288659793814432852e-01,8.797653958944273711e-03,0.000000000000000000e+00,0.000000000000000000e+00,0.000000000000000000e+00,0.000000000000000000e+00,2.857142857142891401e-03,2.570694087403624373e-03,0.000000000000000000e+00,1.343669250645994628e-01,0.000000000000000000e+00,0.000000000000000000e+00,1.424581005586592619e-01,1.648044692737430372e-01,0.000000000000000000e+00,2.732240437158472979e-03,1.295774647887324438e-01,0.000000000000000000e+00,0.000000000000000000e+00,2.624671916010457018e-03,3.844011142061281028e-01,0.000000000000000000e+00,1.807909604519774005e-01,1.329639889196675417e-01,0.000000000000000000e+00,1.000000000000000000e+00,0.000000000000000000e+00,0.000000000000000000e+00,0.000000000000000000e+00,2.710027100271017453e-03,2.577319587628856823e-03,0.000000000000000000e+00,0.000000000000000000e+00,1.612903225806450180e-02,0.000000000000000000e+00,0.000000000000000000e+00,0.000000000000000000e+00,5.644329896907216426e-01,0.000000000000000000e+00,0.000000000000000000e+00,0.000000000000000000e+00,2.570694087403624373e-03,2.570694087403624373e-03,0.000000000000000000e+00,1.262886597938144284e-01,0.000000000000000000e+00,2.717391304347782643e-03,4.000000000000000222e-01,4.707520891364902482e-01,6.174863387978142271e-01,0.000000000000000000e+00,0.000000000000000000e+00,0.000000000000000000e+00,0.000000000000000000e+00,0.000000000000000000e+00,0.000000000000000000e+00,0.000000000000000000e+00,5.141388174807248745e-03,6.202185792349727000e-01,0.000000000000000000e+00,0.000000000000000000e+00,0.000000000000000000e+00,0.000000000000000000e+00,0.000000000000000000e+00,0.000000000000000000e+00,0.000000000000000000e+00,0.000000000000000000e+00,0.000000000000000000e+00,0.000000000000000000e+00,0.000000000000000000e+00,2.597402597402598268e-03,0.000000000000000000e+00,0.000000000000000000e+00,0.000000000000000000e+00
0.000000000000000000e+00,0.000000000000000000e+00,0.000000000000000000e+00,0.000000000000000000e+00,2.762430939226567794e-03,0.000000000000000000e+00,0.000000000000000000e+00,0.000000000000000000e+00,0.000000000000000000e+00,0.000000000000000000e+00,2.762430939226567794e-03,0.000000000000000000e+00,0.000000000000000000e+00,0.000000000000000000e+00,0.000000000000000000e+00,0.000000000000000000e+00,0.000000000000000000e+00,0.000000000000000000e+00,2.717391304347782643e-03,0.000000000000000000e+00,0.000000000000000000e+00,0.000000000000000000e+00,2.570694087403624373e-03,0.000000000000000000e+00,0.000000000000000000e+00,2.762430939226567794e-03,0.000000000000000000e+00,2.754820936639146289e-03,0.000000000000000000e+00,0.000000000000000000e+00,0.000000000000000000e+00,0.000000000000000000e+00,0.000000000000000000e+00,0.000000000000000000e+00,0.000000000000000000e+00,0.000000000000000000e+00,2.717391304347782643e-03,2.583979328165342260e-03,0.000000000000000000e+00,0.000000000000000000e+00,0.000000000000000000e+00,0.000000000000000000e+00,0.000000000000000000e+00,0.000000000000000000e+00,0.000000000000000000e+00,2.583979328165342260e-03,0.000000000000000000e+00,2.949852507374672861e-03,0.000000000000000000e+00,2.849002849002801874e-03,0.000000000000000000e+00,0.000000000000000000e+00,0.000000000000000000e+00,2.564102564102554993e-03,2.577319587628856823e-03,2.570694087403624373e-03,2.923976608187106585e-03,0.000000000000000000e+00,0.000000000000000000e+00,5.509641873278181556e-03,0.000000000000000000e+00,0.000000000000000000e+00,0.000000000000000000e+00,0.000000000000000000e+00,0.000000000000000000e+00,5.167958656330795542e-03,0.000000000000000000e+00,0.000000000000000000e+00,0.000000000000000000e+00,2.577319587628856823e-03,0.000000000000000000e+00,0.000000000000000000e+00,0.000000000000000000e+00,2.793296089385499670e-03,0.000000000000000000e+00,0.000000000000000000e+00,5.167958656330795542e-03,0.000000000000000000e+00,0.000000000000000000e+00,0.000000000000000000e+00,0.000000000000000000e+00,1.000000000000000000e+00,0.000000000000000000e+00,0.000000000000000000e+00,0.000000000000000000e+00,0.000000000000000000e+00,0.000000000000000000e+00,2.564102564102554993e-03,0.000000000000000000e+00,2.564102564102554993e-03,0.000000000000000000e+00,0.000000000000000000e+00,0.000000000000000000e+00,0.000000000000000000e+00,0.000000000000000000e+00,0.000000000000000000e+00,0.000000000000000000e+00,0.000000000000000000e+00,2.564102564102554993e-03,0.000000000000000000e+00,0.000000000000000000e+00,0.000000000000000000e+00,0.000000000000000000e+00,0.000000000000000000e+00,0.000000000000000000e+00,0.000000000000000000e+00,0.000000000000000000e+00,0.000000000000000000e+00,0.000000000000000000e+00,0.000000000000000000e+00,0.000000000000000000e+00,0.000000000000000000e+00,0.000000000000000000e+00,0.000000000000000000e+00,5.420054200542034906e-03,2.785515320334219780e-03,0.000000000000000000e+00,0.000000000000000000e+00,0.000000000000000000e+00,0.000000000000000000e+00,0.000000000000000000e+00,0.000000000000000000e+00,0.000000000000000000e+00,2.577319587628856823e-03,0.000000000000000000e+00,0.000000000000000000e+00,0.000000000000000000e+00,0.000000000000000000e+00,0.000000000000000000e+00
2.551020408163240383e-03,0.000000000000000000e+00,0.000000000000000000e+00,0.000000000000000000e+00,8.241758241758212478e-03,0.000000000000000000e+00,0.000000000000000000e+00,0.000000000000000000e+00,0.000000000000000000e+00,8.219178082191747059e-03,1.098901098901094997e-02,2.551020408163240383e-03,0.000000000000000000e+00,0.000000000000000000e+00,0.000000000000000000e+00,0.000000000000000000e+00,1.428571428571423496e-02,0.000000000000000000e+00,8.108108108108136314e-03,0.000000000000000000e+00,0.000000000000000000e+00,0.000000000000000000e+00,7.692307692307664979e-03,0.000000000000000000e+00,0.000000000000000000e+00,1.373626373626368746e-02,0.000000000000000000e+00,2.739726027397249020e-03,0.000000000000000000e+00,0.000000000000000000e+00,0.000000000000000000e+00,0.000000000000000000e+00,0.000000000000000000e+00,0.000000000000000000e+00,0.000000000000000000e+00,0.000000000000000000e+00,8.130081300813052358e-03,0.000000000000000000e+00,1.179941002949858042e-02,0.000000000000000000e+00,0.000000000000000000e+00,0.000000000000000000e+00,1.086956521739135262e-02,0.000000000000000000e+00,0.000000000000000000e+00,5.141388174807248745e-03,0.000000000000000000e+00,8.797653958944273711e-03,0.000000000000000000e+00,1.133144475920677685e-02,0.000000000000000000e+00,0.000000000000000000e+00,0.000000000000000000e+00,0.000000000000000000e+00,0.000000000000000000e+00,0.000000000000000000e+00,8.720930232558155026e-03,0.000000000000000000e+00,0.000000000000000000e+00,0.000000000000000000e+00,0.000000000000000000e+00,1.133144475920677685e-02,2.551020408163240383e-03,2.597402597402598268e-03,0.000000000000000000e+00,5.141388174807248745e-03,2.551020408163240383e-03,0.000000000000000000e+00,0.000000000000000000e+00,0.000000000000000000e+00,0.000000000000000000e+00,0.000000000000000000e+00,2.695417789757459381e-03,0.000000000000000000e+00,0.000000000000000000e+00,0.000000000000000000e+00,2.577319587628856823e-03,0.000000000000000000e+00,0.000000000000000000e+00,0.000000000000000000e+00,0.000000000000000000e+00,0.000000000000000000e+00,1.000000000000000000e+00,0.000000000000000000e+00,0.000000000000000000e+00,0.000000000000000000e+00,0.000000000000000000e+00,5.102040816326480765e-03,8.000000000000007105e-03,2.551020408163240383e-03,0.000000000000000000e+00,0.000000000000000000e+00,0.000000000000000000e+00,0.000000000000000000e+00,0.000000000000000000e+00,0.000000000000000000e+00,0.000000000000000000e+00,0.000000000000000000e+00,2.551020408163240383e-03,0.000000000000000000e+00,0.000000000000000000e+00,0.000000000000000000e+00,0.000000000000000000e+00,0.000000000000000000e+00,0.000000000000000000e+00,0.000000000000000000e+00,0.000000000000000000e+00,0.000000000000000000e+00,0.000000000000000000e+00,2.702702702702675097e-03,0.000000000000000000e+00,0.000000000000000000e+00,0.000000000000000000e+00,0.000000000000000000e+00,2.695417789757459381e-03,8.310249307479256053e-03,0.000000000000000000e+00,0.000000000000000000e+00,0.000000000000000000e+00,0.000000000000000000e+00,1.288659793814428411e-02,0.000000000000000000e+00,0.000000000000000000e+00,2.564102564102554993e-03,0.000000000000000000e+00,0.000000000000000000e+00,0.000000000000000000e+00,2.577319587628856823e-03,2.577319587628856823e-03
0.000000000000000000e+00,0.000000000000000000e+00,2.801120448179261757e-03,0.000000000000000000e+00,2.793296089385499670e-03,0.000000000000000000e+00,2.710027100271017453e-03,0.000000000000000000e+00,0.000000000000000000e+00,2.785515320334219780e-03,0.000000000000000000e+00,2.695417789757459381e-03,2.890173410404650589e-03,2.777777777777767909e-03,0.000000000000000000e+00,0.000000000000000000e+00,0.000000000000000000e+00,0.000000000000000000e+00,2.865329512893977082e-03,2.739726027397249020e-03,0.000000000000000000e+00,0.000000000000000000e+00,0.000000000000000000e+00,0.000000000000000000e+00,2.881844380403508765e-03,2.793296089385499670e-03,0.000000000000000000e+00,0.000000000000000000e+00,2.702702702702675097e-03,0.000000000000000000e+00,2.702702702702675097e-03,0.000000000000000000e+00,0.000000000000000000e+00,0.000000000000000000e+00,0.000000000000000000e+00,5.509641873278181556e-03,0.000000000000000000e+00,0.000000000000000000e+00,0.000000000000000000e+00,0.000000000000000000e+00,0.000000000000000000e+00,0.000000000000000000e+00,0.000000000000000000e+00,5.405405405405350194e-03,0.000000000000000000e+00,2.717391304347782643e-03,0.000000000000000000e+00,0.000000000000000000e+00,2.724795640327015711e-03,0.000000000000000000e+00,0.000000000000000000e+00,0.000000000000000000e+00,0.000000000000000000e+00,5.390835579514807741e-03,0.000000000000000000e+00,2.710027100271017453e-03,0.000000000000000000e+00,0.000000000000000000e+00,0.000000000000000000e+00,2.785515320334219780e-03,8.108108108108136314e-03,0.000000000000000000e+00,5.390835579514807741e-03,0.000000000000000000e+00,5.420054200542034906e-03,0.000000000000000000e+00,2.695417789757459381e-03,0.000000000000000000e+00,0.000000000000000000e+00,0.000000000000000000e+00,2.754820936639146289e-03,0.000000000000000000e+00,0.000000000000000000e+00,0.000000000000000000e+00,0.000000000000000000e+00,0.000000000000000000e+00,0.000000000000000000e+00,2.824858757062176373e-03,2.785515320334219780e-03,0.000000000000000000e+00,0.000000000000000000e+00,0.000000000000000000e+00,0.000000000000000000e+00,1.000000000000000000e+00,0.000000000000000000e+00,2.702702702702675097e-03,0.000000000000000000e+00,2.702702702702675097e-03,0.000000000000000000e+00,0.000000000000000000e+00,0.000000000000000000e+00,0.000000000000000000e+00,0.000000000000000000e+00,0.000000000000000000e+00,0.000000000000000000e+00,0.000000000000000000e+00,3.908355795148248379e-01,3.736559139784946248e-01,0.000000000000000000e+00,0.000000000000000000e+00,0.000000000000000000e+00,0.000000000000000000e+00,2.793296089385499670e-03,2.793296089385499670e-03,0.000000000000000000e+00,0.000000000000000000e+00,0.000000000000000000e+00,2.732240437158472979e-03,9.919137466307277329e-01,0.000000000000000000e+00,0.000000000000000000e+00,5.040871934604904681e-01,5.876010781671159311e-01,0.000000000000000000e+00,0.000000000000000000e+00,0.000000000000000000e+00,0.000000000000000000e+00,2.724795640327015711e-03,2.717391304347782643e-03,2.717391304347782643e-03,2.724795640327015711e-03,0.000000000000000000e+00,0.000000000000000000e+00,0.000000000000000000e+00,0.000000000000000000e+00,0.000000000000000000e+00,0.000000000000000000e+00,0.000000000000000000e+00,0.000000000000000000e+00
8.042895442359254687e-03,0.000000000000000000e+00,0.000000000000000000e+00,3.051771117166212077e-01,0.000000000000000000e+00,0.000000000000000000e+00,0.000000000000000000e+00,8.264462809917327846e-03,5.494505494505474985e-03,0.000000000000000000e+00,0.000000000000000000e+00,2.895442359249329467e-01,2.873563218390828844e-03,0.000000000000000000e+00,0.000000000000000000e+00,3.002680965147452863e-01,0.000000000000000000e+00,0.000000000000000000e+00,0.000000000000000000e+00,0.000000000000000000e+00,2.688172043010750301e-03,0.000000000000000000e+00,0.000000000000000000e+00,0.000000000000000000e+00,0.000000000000000000e+00,0.000000000000000000e+00,0.000000000000000000e+00,0.000000000000000000e+00,3.083109919571045410e-01,0.000000000000000000e+00,0.000000000000000000e+00,0.000000000000000000e+00,0.000000000000000000e+00,2.961956521739130821e-01,0.000000000000000000e+00,0.000000000000000000e+00,0.000000000000000000e+00,0.000000000000000000e+00,2.985074626865702463e-03,0.000000000000000000e+00,2.717391304347782643e-03,2.680965147453084896e-03,0.000000000000000000e+00,0.000000000000000000e+00,0.000000000000000000e+00,2.710027100271017453e-03,0.000000000000000000e+00,2.967359050445095292e-03,0.000000000000000000e+00,0.000000000000000000e+00,0.000000000000000000e+00,3.079019073569482234e-01,2.997275204359672873e-01,0.000000000000000000e+00,0.000000000000000000e+00,0.000000000000000000e+00,0.000000000000000000e+00,0.000000000000000000e+00,0.000000000000000000e+00,0.000000000000000000e+00,0.000000000000000000e+00,0.000000000000000000e+00,2.895442359249329467e-01,2.724795640327015711e-03,0.000000000000000000e+00,2.702702702702675097e-03,2.841823056300267769e-01,0.000000000000000000e+00,0.000000000000000000e+00,0.000000000000000000e+00,0.000000000000000000e+00,0.000000000000000000e+00,0.000000000000000000e+00,0.000000000000000000e+00,0.000000000000000000e+00,0.000000000000000000e+00,0.000000000000000000e+00,0.000000000000000000e+00,2.777777777777767909e-03,2.887700534759358728e-01,2.710027100271017453e-03,0.000000000000000000e+00,0.000000000000000000e+00,0.000000000000000000e+00,1.000000000000000000e+00,0.000000000000000000e+00,0.000000000000000000e+00,0.000000000000000000e+00,2.808988764044895170e-03,0.000000000000000000e+00,2.717391304347782643e-03,0.000000000000000000e+00,0.000000000000000000e+00,0.000000000000000000e+00,0.000000000000000000e+00,0.000000000000000000e+00,0.000000000000000000e+00,0.000000000000000000e+00,0.000000000000000000e+00,2.695417789757459381e-03,0.000000000000000000e+00,0.000000000000000000e+00,0.000000000000000000e+00,0.000000000000000000e+00,0.000000000000000000e+00,0.000000000000000000e+00,2.785515320334219780e-03,0.000000000000000000e+00,2.688172043010750301e-03,0.000000000000000000e+00,2.710027100271017453e-03,0.000000000000000000e+00,0.000000000000000000e+00,0.000000000000000000e+00,0.000000000000000000e+00,0.000000000000000000e+00,0.000000000000000000e+00,2.459459459459459874e-01,0.000000000000000000e+00,0.000000000000000000e+00,0.000000000000000000e+00,0.000000000000000000e+00,0.000000000000000000e+00,2.695417789757459381e-03,2.707774798927613524e-01,0.000000000000000000e+00,2.710027100271017453e-03,2.710027100271017453e-03,0.000000000000000000e+00
0.000000000000000000e+00,0.000000000000000000e+00,0.000000000000000000e+00,0.000000000000000000e+00,2.747252747252737493e-03,0.000000000000000000e+00,0.000000000000000000e+00,0.000000000000000000e+00,0.000000000000000000e+00,2.747252747252737493e-03,0.000000000000000000e+00,0.000000000000000000e+00,0.000000000000000000e+00,0.000000000000000000e+00,0.000000000000000000e+00,0.000000000000000000e+00,5.714285714285671780e-03,0.000000000000000000e+00,2.710027100271017453e-03,0.000000000000000000e+00,0.000000000000000000e+00,2.590673575129542883e-03,0.000000000000000000e+00,0.000000000000000000e+00,0.000000000000000000e+00,0.000000000000000000e+00,0.000000000000000000e+00,0.000000000000000000e+00,0.000000000000000000e+00,0.000000000000000000e+00,2.564102564102554993e-03,0.000000000000000000e+00,0.000000000000000000e+00,0.000000000000000000e+00,0.000000000000000000e+00,2.717391304347782643e-03,0.000000000000000000e+00,2.570694087403624373e-03,0.000000000000000000e+00,2.754820936639146289e-03,0.000000000000000000e+00,0.000000000000000000e+00,0.000000000000000000e+00,0.000000000000000000e+00,0.000000000000000000e+00,0.000000000000000000e+00,0.000000000000000000e+00,0.000000000000000000e+00,0.000000000000000000e+00,2.840909090909060630e-03,0.000000000000000000e+00,0.000000000000000000e+00,0.000000000000000000e+00,0.000000000000000000e+00,0.000000000000000000e+00,0.000000000000000000e+00,2.906976744186051675e-03,0.000000000000000000e+00,0.000000000000000000e+00,0.000000000000000000e+00,0.000000000000000000e+00,2.840909090909060630e-03,0.000000000000000000e+00,2.597402597402598268e-03,0.000000000000000000e+00,0.000000000000000000e+00,0.000000000000000000e+00,0.000000000000000000e+00,0.000000000000000000e+00,0.000000000000000000e+00,0.000000000000000000e+00,0.000000000000000000e+00,0.000000000000000000e+00,0.000000000000000000e+00,2.642487046632124859e-01,2.770083102493048344e-03,0.000000000000000000e+00,0.000000000000000000e+00,0.000000000000000000e+00,0.000000000000000000e+00,2.577319587628856823e-03,0.000000000000000000e+00,0.000000000000000000e+00,2.702702702702675097e-03,0.000000000000000000e+00,1.000000000000000000e+00,0.000000000000000000e+00,0.000000000000000000e+00,2.666666666666706043e-03,0.000000000000000000e+00,0.000000000000000000e+00,0.000000000000000000e+00,2.564102564102554993e-03,0.000000000000000000e+00,0.000000000000000000e+00,0.000000000000000000e+00,0.000000000000000000e+00,0.000000000000000000e+00,0.000000000000000000e+00,0.000000000000000000e+00,0.000000000000000000e+00,0.000000000000000000e+00,0.000000000000000000e+00,0.000000000000000000e+00,2.717391304347782643e-03,2.959183673469387710e-01,0.000000000000000000e+00,0.000000000000000000e+00,0.000000000000000000e+00,0.000000000000000000e+00,0.000000000000000000e+00,2.590673575129542883e-03,2.551020408163240383e-03,2.717391304347782643e-03,0.000000000000000000e+00,0.000000000000000000e+00,2.695417789757459381e-03,0.000000000000000000e+00,0.000000000000000000e+00,0.000000000000000000e+00,2.577319587628856823e-03,0.000000000000000000e+00,0.000000000000000000e+00,0.000000000000000000e+00,0.000000000000000000e+00,5.154639175257713646e-03,0.000000000000000000e+00,2.577319587628856823e-03,2.577319587628856823e-03
2.583979328165342260e-03,0.000000000000000000e+00,2.808988764044895170e-03,0.000000000000000000e+00,0.000000000000000000e+00,1.392757660167132094e-02,0.000000000000000000e+00,0.000000000000000000e+00,0.000000000000000000e+00,0.000000000000000000e+00,2.785515320334219780e-03,0.000000000000000000e+00,7.471264367816091712e-01,0.000000000000000000e+00,0.000000000000000000e+00,0.000000000000000000e+00,2.890173410404650589e-03,2.577319587628856823e-03,1.095890410958899608e-02,0.000000000000000000e+00,0.000000000000000000e+00,0.000000000000000000e+00,0.000000000000000000e+00,0.000000000000000000e+00,7.535816618911175269e-01,0.000000000000000000e+00,0.000000000000000000e+00,0.000000000000000000e+00,0.000000000000000000e+00,2.285714285714290916e-02,1.298701298701299134e-02,0.000000000000000000e+00,0.000000000000000000e+00,0.000000000000000000e+00,2.754820936639146289e-03,0.000000000000000000e+00,5.479452054794498039e-03,0.000000000000000000e+00,1.197604790419160015e-02,1.114206128133710116e-02,3.916449086161877258e-02,0.000000000000000000e+00,2.754820936639146289e-03,0.000000000000000000e+00,0.000000000000000000e+00,2.604166666666629659e-03,0.000000000000000000e+00,2.976190476190465617e-03,0.000000000000000000e+00,0.000000000000000000e+00,0.000000000000000000e+00,0.000000000000000000e+00,0.000000000000000000e+00,0.000000000000000000e+00,0.000000000000000000e+00,2.590673575129542883e-03,2.949852507374672861e-03,9.162011173184357871e-01,0.000000000000000000e+00,0.000000000000000000e+00,0.000000000000000000e+00,0.000000000000000000e+00,0.000000000000000000e+00,8.854166666666666297e-01,0.000000000000000000e+00,0.000000000000000000e+00,0.000000000000000000e+00,0.000000000000000000e+00,1.400560224089630879e-02,0.000000000000000000e+00,0.000000000000000000e+00,0.000000000000000000e+00,0.000000000000000000e+00,0.000000000000000000e+00,0.000000000000000000e+00,0.000000000000000000e+00,0.000000000000000000e+00,1.412429378531077084e-02,0.000000000000000000e+00,0.000000000000000000e+00,0.000000000000000000e+00,0.000000000000000000e+00,0.000000000000000000e+00,0.000000000000000000e+00,0.000000000000000000e+00,0.000000000000000000e+00,1.000000000000000000e+00,0.000000000000000000e+00,1.081081081081081141e-02,0.000000000000000000e+00,4.505208333333333703e-01,0.000000000000000000e+00,0.000000000000000000e+00,0.000000000000000000e+00,4.397759103641456502e-01,0.000000000000000000e+00,0.000000000000000000e+00,0.000000000000000000e+00,0.000000000000000000e+00,0.000000000000000000e+00,0.000000000000000000e+00,0.000000000000000000e+00,0.000000000000000000e+00,5.602240896358523514e-03,0.000000000000000000e+00,0.000000000000000000e+00,9.584487534626038308e-01,0.000000000000000000e+00,0.000000000000000000e+00,0.000000000000000000e+00,9.586563307493539687e-01,2.617801047120393854e-03,0.000000000000000000e+00,0.000000000000000000e+00,0.000000000000000000e+00,0.000000000000000000e+00,0.000000000000000000e+00,0.000000000000000000e+00,0.000000000000000000e+00,2.610966057441266308e-03,0.000000000000000000e+00,0.000000000000000000e+00,0.000000000000000000e+00,2.597402597402598268e-03,0.000000000000000000e+00,9.328165374677002131e-01,9.302325581395348708e-01,9.302325581395348708e-01,9.224806201550387330e-01
0.000000000000000000e+00,0.000000000000000000e+00,2.770083102493048344e-03,0.000000000000000000e+00,3.123287671232877205e-01,0.000000000000000000e+00,2.557544757033292093e-03,0.000000000000000000e+00,0.000000000000000000e+00,3.205479452054794676e-01,3.131868131868131844e-01,0.000000000000000000e+00,0.000000000000000000e+00,0.000000000000000000e+00,0.000000000000000000e+00,0.000000000000000000e+00,2.621082621082621023e-01,0.000000000000000000e+00,2.533692722371967410e-01,0.000000000000000000e+00,1.020408163265307255e-02,0.000000000000000000e+00,9.566326530612244694e-01,0.000000000000000000e+00,0.000000000000000000e+00,3.159340659340659219e-01,2.551020408163240383e-03,0.000000000000000000e+00,0.000000000000000000e+00,0.000000000000000000e+00,0.000000000000000000e+00,0.000000000000000000e+00,0.000000000000000000e+00,0.000000000000000000e+00,0.000000000000000000e+00,0.000000000000000000e+00,2.324324324324323898e-01,0.000000000000000000e+00,2.772861356932153631e-01,0.000000000000000000e+00,0.000000000000000000e+00,0.000000000000000000e+00,3.279132791327913354e-01,2.551020408163240383e-03,0.000000000000000000e+00,0.000000000000000000e+00,1.086956521739135262e-02,2.551319648093841597e-01,0.000000000000000000e+00,2.768361581920903980e-01,0.000000000000000000e+00,0.000000000000000000e+00,0.000000000000000000e+00,0.000000000000000000e+00,0.000000000000000000e+00,0.000000000000000000e+00,2.463768115942028825e-01,0.000000000000000000e+00,0.000000000000000000e+00,0.000000000000000000e+00,0.000000000000000000e+00,2.747875354107648382e-01,0.000000000000000000e+00,0.000000000000000000e+00,2.557544757033292093e-03,9.487179487179486781e-02,0.000000000000000000e+00,0.000000000000000000e+00,0.000000000000000000e+00,0.000000000000000000e+00,1.351351351351348651e-02,2.793296089385499670e-03,2.688172043010750301e-03,0.000000000000000000e+00,0.000000000000000000e+00,0.000000000000000000e+00,9.768637532133672696e-02,0.000000000000000000e+00,0.000000000000000000e+00,0.000000000000000000e+00,0.000000000000000000e+00,2.564102564102554993e-03,5.102040816326480765e-03,2.702702702702675097e-03,0.000000000000000000e+00,0.000000000000000000e+00,0.000000000000000000e+00,1.000000000000000000e+00,2.500000000000000000e-01,0.000000000000000000e+00,2.583979328165342260e-03,0.000000000000000000e+00,0.000000000000000000e+00,0.000000000000000000e+00,0.000000000000000000e+00,0.000000000000000000e+00,0.000000000000000000e+00,2.544529262086481225e-03,0.000000000000000000e+00,0.000000000000000000e+00,0.000000000000000000e+00,2.688172043010750301e-03,5.524861878453024566e-03,0.000000000000000000e+00,0.000000000000000000e+00,0.000000000000000000e+00,2.762430939226567794e-03,8.064516129032250902e-03,2.557544757033292093e-03,0.000000000000000000e+00,0.000000000000000000e+00,0.000000000000000000e+00,0.000000000000000000e+00,0.000000000000000000e+00,0.000000000000000000e+00,2.686980609418282429e-01,8.086253369272267122e-03,2.673796791443860954e-03,1.542416452442163521e-02,0.000000000000000000e+00,3.213367609254498269e-01,1.020408163265307255e-02,1.020408163265307255e-02,0.000000000000000000e+00,2.544529262086481225e-03,0.000000000000000000e+00,0.000000000000000000e+00,0.000000000000000000e+00,0.000000000000000000e+00
0.000000000000000000e+00,0.000000000000000000e+00,1.162790697674420670e-02,0.000000000000000000e+00,6.475644699140401528e-01,2.305475504322762603e-02,0.000000000000000000e+00,0.000000000000000000e+00,0.000000000000000000e+00,6.275071633237823132e-01,5.919540229885057459e-01,0.000000000000000000e+00,9.009009009009028013e-03,8.620689655172375510e-03,2.849002849002801874e-03,0.000000000000000000e+00,7.055393586005831441e-01,0.000000000000000000e+00,7.615176151761517964e-01,5.405405405405350194e-03,2.666666666666706043e-03,2.156334231805934198e-02,2.513368983957219305e-01,0.000000000000000000e+00,8.982035928143727865e-03,5.919540229885057459e-01,0.000000000000000000e+00,0.000000000000000000e+00,0.000000000000000000e+00,0.000000000000000000e+00,2.139037433155077661e-02,0.000000000000000000e+00,0.000000000000000000e+00,0.000000000000000000e+00,1.139601139601142954e-02,8.522727272727292913e-03,8.921832884097035121e-01,2.680965147453084896e-03,7.633136094674556338e-01,1.724137931034486204e-02,0.000000000000000000e+00,0.000000000000000000e+00,6.278409090909091717e-01,0.000000000000000000e+00,0.000000000000000000e+00,0.000000000000000000e+00,1.136363636363635354e-02,8.099415204678362956e-01,1.078167115902961548e-02,7.080924855491329550e-01,2.601156069364163326e-02,0.000000000000000000e+00,0.000000000000000000e+00,0.000000000000000000e+00,0.000000000000000000e+00,1.333333333333330817e-02,8.115942028985507761e-01,8.746355685131157465e-03,0.000000000000000000e+00,2.873563218390828844e-03,0.000000000000000000e+00,7.080924855491329550e-01,0.000000000000000000e+00,8.130081300813052358e-03,1.336898395721930477e-02,7.238605898123329219e-02,0.000000000000000000e+00,1.159420289855073172e-02,5.813953488372103351e-03,0.000000000000000000e+00,2.832861189801749724e-03,1.461988304093564395e-02,0.000000000000000000e+00,0.000000000000000000e+00,2.710027100271017453e-03,2.318840579710146343e-02,7.506702412868637708e-02,5.865102639296182474e-03,5.763688760806906508e-03,0.000000000000000000e+00,1.612903225806450180e-02,0.000000000000000000e+00,8.000000000000007105e-03,0.000000000000000000e+00,2.808988764044895170e-03,2.666666666666706043e-03,1.081081081081081141e-02,2.500000000000000000e-01,1.000000000000000000e+00,0.000000000000000000e+00,1.347708894878707486e-02,0.000000000000000000e+00,1.604278074866305470e-02,0.000000000000000000e+00,5.830903790087438310e-03,0.000000000000000000e+00,0.000000000000000000e+00,0.000000000000000000e+00,0.000000000000000000e+00,1.336898395721930477e-02,0.000000000000000000e+00,0.000000000000000000e+00,1.734104046242779251e-02,2.608695652173909085e-02,1.988636363636364646e-02,2.666666666666706043e-03,8.695652173912993277e-03,5.633802816901400945e-03,0.000000000000000000e+00,0.000000000000000000e+00,1.075268817204300120e-02,0.000000000000000000e+00,0.000000000000000000e+00,1.988636363636364646e-02,0.000000000000000000e+00,6.685714285714285943e-01,5.633802816901400945e-03,2.801120448179261757e-03,5.376344086021500601e-03,0.000000000000000000e+00,6.568364611260053554e-01,8.000000000000007105e-03,2.666666666666706043e-03,0.000000000000000000e+00,0.000000000000000000e+00,1.075268817204300120e-02,1.075268817204300120e-02,8.064516129032250902e-03,1.075268817204300120e-02
0.000000000000000000e+00,0.000000000000000000e+00,0.000000000000000000e+00,0.000000000000000000e+00,0.000000000000000000e+00,0.000000000000000000e+00,0.000000000000000000e+00,0.000000000000000000e+00,0.000000000000000000e+00,0.000000000000000000e+00,0.000000000000000000e+00,0.000000000000000000e+00,0.000000000000000000e+00,0.000000000000000000e+00,0.000000000000000000e+00,0.000000000000000000e+00,0.000000000000000000e+00,0.000000000000000000e+00,0.000000000000000000e+00,0.000000000000000000e+00,2.551020408163240383e-03,0.000000000000000000e+00,0.000000000000000000e+00,0.000000000000000000e+00,0.000000000000000000e+00,0.000000000000000000e+00,0.000000000000000000e+00,9.564032697547684148e-01,0.000000000000000000e+00,0.000000000000000000e+00,0.000000000000000000e+00,0.000000000000000000e+00,0.000000000000000000e+00,0.000000000000000000e+00,0.000000000000000000e+00,0.000000000000000000e+00,0.000000000000000000e+00,2.557544757033292093e-03,0.000000000000000000e+00,0.000000000000000000e+00,0.000000000000000000e+00,0.000000000000000000e+00,0.000000000000000000e+00,0.000000000000000000e+00,0.000000000000000000e+00,2.564102564102554993e-03,2.710027100271017453e-03,0.000000000000000000e+00,0.000000000000000000e+00,0.000000000000000000e+00,0.000000000000000000e+00,0.000000000000000000e+00,0.000000000000000000e+00,0.000000000000000000e+00,9.719387755102041337e-01,0.000000000000000000e+00,0.000000000000000000e+00,0.000000000000000000e+00,0.000000000000000000e+00,2.732240437158472979e-03,0.000000000000000000e+00,0.000000000000000000e+00,0.000000000000000000e+00,0.000000000000000000e+00,0.000000000000000000e+00,2.564102564102554993e-03,0.000000000000000000e+00,0.000000000000000000e+00,0.000000000000000000e+00,9.693877551020407823e-01,5.405405405405350194e-03,0.000000000000000000e+00,9.544235924932975568e-01,0.000000000000000000e+00,0.000000000000000000e+00,0.000000000000000000e+00,0.000000000000000000e+00,0.000000000000000000e+00,0.000000000000000000e+00,0.000000000000000000e+00,0.000000000000000000e+00,2.564102564102554993e-03,2.551020408163240383e-03,0.000000000000000000e+00,0.000000000000000000e+00,0.000000000000000000e+00,0.000000000000000000e+00,0.000000000000000000e+00,0.000000000000000000e+00,1.000000000000000000e+00,0.000000000000000000e+00,0.000000000000000000e+00,0.000000000000000000e+00,0.000000000000000000e+00,0.000000000000000000e+00,0.000000000000000000e+00,0.000000000000000000e+00,0.000000000000000000e+00,9.543147208121827152e-01,0.000000000000000000e+00,0.000000000000000000e+00,8.064516129032250902e-03,0.000000000000000000e+00,0.000000000000000000e+00,0.000000000000000000e+00,0.000000000000000000e+00,0.000000000000000000e+00,5.361930294906169792e-03,0.000000000000000000e+00,0.000000000000000000e+00,0.000000000000000000e+00,2.577319587628856823e-03,0.000000000000000000e+00,0.000000000000000000e+00,9.463806970509383021e-01,0.000000000000000000e+00,5.376344086021500601e-03,0.000000000000000000e+00,2.570694087403624373e-03,0.000000000000000000e+00,0.000000000000000000e+00,7.653061224489832171e-03,1.017811704834603592e-02,9.642857142857143016e-01,0.000000000000000000e+00,0.000000000000000000e+00,0.000000000000000000e+00,0.000000000000000000e+00,0.000000000000000000e+00
0.000000000000000000e+00,0.000000000000000000e+00,0.000000000000000000e+00,0.000000000000000000e+00,5.555555555555535818e-03,2.785515320334219780e-03,2.590673575129542883e-03,0.000000000000000000e+00,0.000000000000000000e+00,0.000000000000000000e+00,0.000000000000000000e+00,0.000000000000000000e+00,4.626436781609195581e-01,0.000000000000000000e+00,0.000000000000000000e+00,0.000000000000000000e+00,2.890173410404650589e-03,0.000000000000000000e+00,8.219178082191747059e-03,5.249343832021025058e-03,0.000000000000000000e+00,0.000000000000000000e+00,2.590673575129542883e-03,0.000000000000000000e+00,4.699140401146131296e-01,0.000000000000000000e+00,2.583979328165342260e-03,0.000000000000000000e+00,0.000000000000000000e+00,5.714285714285716189e-02,5.181347150259085765e-03,0.000000000000000000e+00,0.000000000000000000e+00,0.000000000000000000e+00,0.000000000000000000e+00,0.000000000000000000e+00,2.739726027397249020e-03,0.000000000000000000e+00,5.988023952095855584e-03,2.785515320334219780e-03,5.989583333333337034e-02,2.577319587628856823e-03,0.000000000000000000e+00,0.000000000000000000e+00,0.000000000000000000e+00,0.000000000000000000e+00,0.000000000000000000e+00,2.976190476190465617e-03,2.610966057441266308e-03,0.000000000000000000e+00,0.000000000000000000e+00,0.000000000000000000e+00,0.000000000000000000e+00,2.577319587628856823e-03,0.000000000000000000e+00,0.000000000000000000e+00,5.882352941176449690e-03,4.537815126050420700e-01,0.000000000000000000e+00,0.000000000000000000e+00,0.000000000000000000e+00,0.000000000000000000e+00,0.000000000000000000e+00,4.621409921671018051e-01,0.000000000000000000e+00,0.000000000000000000e+00,0.000000000000000000e+00,0.000000000000000000e+00,1.123595505617980272e-02,0.000000000000000000e+00,0.000000000000000000e+00,0.000000000000000000e+00,0.000000000000000000e+00,0.000000000000000000e+00,0.000000000000000000e+00,0.000000000000000000e+00,0.000000000000000000e+00,1.699716713881016528e-02,0.000000000000000000e+00,0.000000000000000000e+00,0.000000000000000000e+00,0.000000000000000000e+00,0.000000000000000000e+00,0.000000000000000000e+00,2.717391304347782643e-03,0.000000000000000000e+00,4.505208333333333703e-01,2.583979328165342260e-03,1.347708894878707486e-02,0.000000000000000000e+00,1.000000000000000000e+00,0.000000000000000000e+00,0.000000000000000000e+00,0.000000000000000000e+00,5.335195530726257740e-01,0.000000000000000000e+00,2.577319587628856823e-03,0.000000000000000000e+00,0.000000000000000000e+00,2.590673575129542883e-03,0.000000000000000000e+00,0.000000000000000000e+00,5.586592178770999340e-03,5.602240896358523514e-03,0.000000000000000000e+00,0.000000000000000000e+00,4.444444444444444198e-01,0.000000000000000000e+00,0.000000000000000000e+00,0.000000000000000000e+00,4.404145077720207357e-01,0.000000000000000000e+00,0.000000000000000000e+00,0.000000000000000000e+00,0.000000000000000000e+00,0.000000000000000000e+00,0.000000000000000000e+00,0.000000000000000000e+00,0.000000000000000000e+00,0.000000000000000000e+00,2.597402597402598268e-03,0.000000000000000000e+00,0.000000000000000000e+00,0.000000000000000000e+00,2.577319587628856823e-03,4.818652849740933108e-01,4.870466321243522856e-01,4.818652849740933108e-01,4.715025906735751393e-01
0.000000000000000000e+00,0.000000000000000000e+00,2.777777777777767909e-03,0.000000000000000000e+00,2.747252747252737493e-03,0.000000000000000000e+00,0.000000000000000000e+00,0.000000000000000000e+00,0.000000000000000000e+00,0.000000000000000000e+00,0.000000000000000000e+00,0.000000000000000000e+00,0.000000000000000000e+00,0.000000000000000000e+00,0.000000000000000000e+00,0.000000000000000000e+00,0.000000000000000000e+00,0.000000000000000000e+00,0.000000000000000000e+00,0.000000000000000000e+00,2.564102564102554993e-03,0.000000000000000000e+00,0.000000000000000000e+00,0.000000000000000000e+00,0.000000000000000000e+00,0.000000000000000000e+00,9.079283887468030390e-01,0.000000000000000000e+00,2.557544757033292093e-03,0.000000000000000000e+00,0.000000000000000000e+00,0.000000000000000000e+00,0.000000000000000000e+00,0.000000000000000000e+00,0.000000000000000000e+00,0.000000000000000000e+00,0.000000000000000000e+00,0.000000000000000000e+00,0.000000000000000000e+00,0.000000000000000000e+00,1.036269430051817153e-02,0.000000000000000000e+00,0.000000000000000000e+00,0.000000000000000000e+00,0.000000000000000000e+00,0.000000000000000000e+00,0.000000000000000000e+00,0.000000000000000000e+00,0.000000000000000000e+00,0.000000000000000000e+00,0.000000000000000000e+00,2.710027100271017453e-03,2.710027100271017453e-03,0.000000000000000000e+00,0.000000000000000000e+00,2.564102564102554993e-03,0.000000000000000000e+00,0.000000000000000000e+00,0.000000000000000000e+00,0.000000000000000000e+00,0.000000000000000000e+00,0.000000000000000000e+00,0.000000000000000000e+00,0.000000000000000000e+00,0.000000000000000000e+00,0.000000000000000000e+00,0.000000000000000000e+00,0.000000000000000000e+00,0.000000000000000000e+00,0.000000000000000000e+00,0.000000000000000000e+00,0.000000000000000000e+00,0.000000000000000000e+00,0.000000000000000000e+00,0.000000000000000000e+00,0.000000000000000000e+00,0.000000000000000000e+00,0.000000000000000000e+00,0.000000000000000000e+00,0.000000000000000000e+00,0.000000000000000000e+00,0.000000000000000000e+00,0.000000000000000000e+00,0.000000000000000000e+00,0.000000000000000000e+00,0.000000000000000000e+00,0.000000000000000000e+00,0.000000000000000000e+00,0.000000000000000000e+00,0.000000000000000000e+00,0.000000000000000000e+00,1.000000000000000000e+00,0.000000000000000000e+00,0.000000000000000000e+00,0.000000000000000000e+00,0.000000000000000000e+00,0.000000000000000000e+00,0.000000000000000000e+00,0.000000000000000000e+00,0.000000000000000000e+00,0.000000000000000000e+00,2.702702702702675097e-03,0.000000000000000000e+00,0.000000000000000000e+00,0.000000000000000000e+00,0.000000000000000000e+00,0.000000000000000000e+00,0.000000000000000000e+00,0.000000000000000000e+00,0.000000000000000000e+00,0.000000000000000000e+00,2.590673575129542883e-03,5.115089514066473164e-03,0.000000000000000000e+00,0.000000000000000000e+00,0.000000000000000000e+00,0.000000000000000000e+00,2.680965147453084896e-03,0.000000000000000000e+00,2.583979328165342260e-03,0.000000000000000000e+00,2.564102564102554993e-03,0.000000000000000000e+00,0.000000000000000000e+00,0.000000000000000000e+00,0.000000000000000000e+00,0.000000000000000000e+00,0.000000000000000000e+00,0.000000000000000000e+00
0.000000000000000000e+00,0.000000000000000000e+00,2.416666666666666963e-01,0.000000000000000000e+00,0.000000000000000000e+00,8.126721763085399397e-01,0.000000000000000000e+00,0.000000000000000000e+00,0.000000000000000000e+00,0.000000000000000000e+00,0.000000000000000000e+00,0.000000000000000000e+00,0.000000000000000000e+00,2.362637362637363125e-01,0.000000000000000000e+00,0.000000000000000000e+00,5.730659025787954164e-03,0.000000000000000000e+00,1.084010840108395879e-02,6.113989637305698999e-01,0.000000000000000000e+00,6.056701030927835738e-01,0.000000000000000000e+00,0.000000000000000000e+00,0.000000000000000000e+00,0.000000000000000000e+00,0.000000000000000000e+00,0.000000000000000000e+00,0.000000000000000000e+00,0.000000000000000000e+00,8.158567774936060779e-01,0.000000000000000000e+00,0.000000000000000000e+00,0.000000000000000000e+00,2.506811989100817817e-01,2.179836512261580372e-01,2.445652173913048788e-02,0.000000000000000000e+00,1.775147928994080804e-02,8.214285714285713969e-01,2.590673575129542883e-03,0.000000000000000000e+00,0.000000000000000000e+00,0.000000000000000000e+00,0.000000000000000000e+00,0.000000000000000000e+00,0.000000000000000000e+00,1.764705882352946009e-02,6.253229974160205984e-01,1.139601139601142954e-02,5.922865013774104570e-01,0.000000000000000000e+00,0.000000000000000000e+00,0.000000000000000000e+00,0.000000000000000000e+00,2.384615384615385025e-01,1.749271137026242595e-02,0.000000000000000000e+00,0.000000000000000000e+00,0.000000000000000000e+00,0.000000000000000000e+00,5.698005698005714770e-03,0.000000000000000000e+00,0.000000000000000000e+00,2.153846153846153966e-01,0.000000000000000000e+00,0.000000000000000000e+00,2.299168975069252330e-01,2.527777777777777679e-01,0.000000000000000000e+00,0.000000000000000000e+00,2.044817927170868854e-01,0.000000000000000000e+00,0.000000000000000000e+00,2.610966057441266308e-03,6.104972375690607134e-01,0.000000000000000000e+00,2.331460674157302959e-01,2.121212121212121549e-01,0.000000000000000000e+00,5.644329896907216426e-01,0.000000000000000000e+00,0.000000000000000000e+00,0.000000000000000000e+00,0.000000000000000000e+00,2.564102564102554993e-03,0.000000000000000000e+00,0.000000000000000000e+00,1.604278074866305470e-02,0.000000000000000000e+00,0.000000000000000000e+00,0.000000000000000000e+00,1.000000000000000000e+00,0.000000000000000000e+00,0.000000000000000000e+00,0.000000000000000000e+00,5.115089514066473164e-03,5.115089514066473164e-03,0.000000000000000000e+00,2.153846153846153966e-01,0.000000000000000000e+00,0.000000000000000000e+00,6.325966850828729227e-01,6.592797783933517231e-01,8.179347826086956763e-01,2.564102564102554993e-03,0.000000000000000000e+00,0.000000000000000000e+00,2.564102564102554993e-03,0.000000000000000000e+00,0.000000000000000000e+00,5.194805194805196535e-03,5.115089514066473164e-03,8.016304347826086474e-01,0.000000000000000000e+00,2.785515320334219780e-03,0.000000000000000000e+00,0.000000000000000000e+00,0.000000000000000000e+00,0.000000000000000000e+00,0.000000000000000000e+00,0.000000000000000000e+00,0.000000000000000000e+00,2.570694087403624373e-03,0.000000000000000000e+00,0.000000000000000000e+00,0.000000000000000000e+00,0.000000000000000000e+00,0.000000000000000000e+00
0.000000000000000000e+00,0.000000000000000000e+00,0.000000000000000000e+00,0.000000000000000000e+00,2.785515320334219780e-03,0.000000000000000000e+00,0.000000000000000000e+00,0.000000000000000000e+00,0.000000000000000000e+00,2.785515320334219780e-03,0.000000000000000000e+00,0.000000000000000000e+00,0.000000000000000000e+00,0.000000000000000000e+00,7.438016528925617266e-02,0.000000000000000000e+00,0.000000000000000000e+00,0.000000000000000000e+00,0.000000000000000000e+00,0.000000000000000000e+00,0.000000000000000000e+00,0.000000000000000000e+00,0.000000000000000000e+00,0.000000000000000000e+00,0.000000000000000000e+00,0.000000000000000000e+00,0.000000000000000000e+00,0.000000000000000000e+00,0.000000000000000000e+00,0.000000000000000000e+00,0.000000000000000000e+00,0.000000000000000000e+00,0.000000000000000000e+00,0.000000000000000000e+00,0.000000000000000000e+00,0.000000000000000000e+00,0.000000000000000000e+00,5.434782608695676309e-03,0.000000000000000000e+00,2.785515320334219780e-03,0.000000000000000000e+00,2.695417789757459381e-03,0.000000000000000000e+00,0.000000000000000000e+00,0.000000000000000000e+00,0.000000000000000000e+00,0.000000000000000000e+00,2.976190476190465617e-03,0.000000000000000000e+00,2.873563218390828844e-03,0.000000000000000000e+00,0.000000000000000000e+00,0.000000000000000000e+00,2.695417789757459381e-03,0.000000000000000000e+00,0.000000000000000000e+00,0.000000000000000000e+00,0.000000000000000000e+00,0.000000000000000000e+00,7.202216066481992307e-02,0.000000000000000000e+00,0.000000000000000000e+00,0.000000000000000000e+00,0.000000000000000000e+00,0.000000000000000000e+00,2.717391304347782643e-03,0.000000000000000000e+00,0.000000000000000000e+00,0.000000000000000000e+00,0.000000000000000000e+00,0.000000000000000000e+00,0.000000000000000000e+00,0.000000000000000000e+00,6.424581005586593729e-02,0.000000000000000000e+00,0.000000000000000000e+00,2.717391304347782643e-03,0.000000000000000000e+00,0.000000000000000000e+00,0.000000000000000000e+00,0.000000000000000000e+00,0.000000000000000000e+00,0.000000000000000000e+00,0.000000000000000000e+00,0.000000000000000000e+00,0.000000000000000000e+00,0.000000000000000000e+00,0.000000000000000000e+00,0.000000000000000000e+00,0.000000000000000000e+00,0.000000000000000000e+00,0.000000000000000000e+00,0.000000000000000000e+00,1.000000000000000000e+00,0.000000000000000000e+00,0.000000000000000000e+00,0.000000000000000000e+00,0.000000000000000000e+00,2.695417789757459381e-03,0.000000000000000000e+00,0.000000000000000000e+00,0.000000000000000000e+00,0.000000000000000000e+00,0.000000000000000000e+00,2.747252747252737493e-03,0.000000000000000000e+00,0.000000000000000000e+00,2.732240437158472979e-03,0.000000000000000000e+00,9.729729729729730270e-01,0.000000000000000000e+00,0.000000000000000000e+00,0.000000000000000000e+00,0.000000000000000000e+00,2.724795640327015711e-03,0.000000000000000000e+00,2.732240437158472979e-03,0.000000000000000000e+00,0.000000000000000000e+00,0.000000000000000000e+00,0.000000000000000000e+00,0.000000000000000000e+00,0.000000000000000000e+00,0.000000000000000000e+00,0.000000000000000000e+00,0.000000000000000000e+00,0.000000000000000000e+00,0.000000000000000000e+00,0.000000000000000000e+00
0.000000000000000000e+00,0.000000000000000000e+00,0.000000000000000000e+00,0.000000000000000000e+00,0.000000000000000000e+00,0.000000000000000000e+00,0.000000000000000000e+00,0.000000000000000000e+00,2.824858757062176373e-03,2.857142857142891401e-03,2.857142857142891401e-03,0.000000000000000000e+00,4.215116279069767158e-01,2.840909090909060630e-03,0.000000000000000000e+00,0.000000000000000000e+00,0.000000000000000000e+00,0.000000000000000000e+00,1.183431952662716835e-02,0.000000000000000000e+00,0.000000000000000000e+00,0.000000000000000000e+00,2.793296089385499670e-03,0.000000000000000000e+00,4.405797101449275832e-01,0.000000000000000000e+00,2.785515320334219780e-03,0.000000000000000000e+00,0.000000000000000000e+00,4.637681159420292687e-02,0.000000000000000000e+00,0.000000000000000000e+00,0.000000000000000000e+00,0.000000000000000000e+00,2.832861189801749724e-03,0.000000000000000000e+00,0.000000000000000000e+00,0.000000000000000000e+00,9.174311926605449585e-03,0.000000000000000000e+00,4.775280898876399505e-02,0.000000000000000000e+00,2.832861189801749724e-03,0.000000000000000000e+00,4.273504273504258322e-03,0.000000000000000000e+00,0.000000000000000000e+00,0.000000000000000000e+00,2.808988764044895170e-03,0.000000000000000000e+00,2.865329512893977082e-03,2.816901408450700472e-03,0.000000000000000000e+00,2.777777777777767909e-03,0.000000000000000000e+00,0.000000000000000000e+00,0.000000000000000000e+00,4.488636363636363535e-01,0.000000000000000000e+00,0.000000000000000000e+00,0.000000000000000000e+00,0.000000000000000000e+00,0.000000000000000000e+00,4.369747899159663884e-01,0.000000000000000000e+00,0.000000000000000000e+00,0.000000000000000000e+00,0.000000000000000000e+00,5.747126436781657688e-03,0.000000000000000000e+00,0.000000000000000000e+00,0.000000000000000000e+00,0.000000000000000000e+00,0.000000000000000000e+00,2.832861189801749724e-03,0.000000000000000000e+00,0.000000000000000000e+00,5.780346820809301178e-03,0.000000000000000000e+00,0.000000000000000000e+00,0.000000000000000000e+00,0.000000000000000000e+00,0.000000000000000000e+00,0.000000000000000000e+00,0.000000000000000000e+00,0.000000000000000000e+00,4.397759103641456502e-01,0.000000000000000000e+00,5.830903790087438310e-03,0.000000000000000000e+00,5.335195530726257740e-01,0.000000000000000000e+00,0.000000000000000000e+00,0.000000000000000000e+00,1.000000000000000000e+00,0.000000000000000000e+00,0.000000000000000000e+00,0.000000000000000000e+00,0.000000000000000000e+00,0.000000000000000000e+00,0.000000000000000000e+00,0.000000000000000000e+00,5.730659025787954164e-03,5.730659025787954164e-03,0.000000000000000000e+00,0.000000000000000000e+00,4.382022471910111960e-01,0.000000000000000000e+00,0.000000000000000000e+00,0.000000000000000000e+00,4.189944134078211757e-01,0.000000000000000000e+00,0.000000000000000000e+00,0.000000000000000000e+00,0.000000000000000000e+00,0.000000000000000000e+00,2.808988764044895170e-03,0.000000000000000000e+00,0.000000000000000000e+00,0.000000000000000000e+00,0.000000000000000000e+00,0.000000000000000000e+00,0.000000000000000000e+00,0.000000000000000000e+00,0.000000000000000000e+00,4.692737430167597257e-01,4.623955431754874779e-01,4.651810584958216976e-01,4.608938547486033377e-01
0.000000000000000000e+00,0.000000000000000000e+00,0.000000000000000000e+00,0.000000000000000000e+00,0.000000000000000000e+00,0.000000000000000000e+00,0.000000000000000000e+00,0.000000000000000000e+00,0.000000000000000000e+00,0.000000000000000000e+00,0.000000000000000000e+00,0.000000000000000000e+00,0.000000000000000000e+00,0.000000000000000000e+00,0.000000000000000000e+00,0.000000000000000000e+00,0.000000000000000000e+00,0.000000000000000000e+00,0.000000000000000000e+00,0.000000000000000000e+00,0.000000000000000000e+00,0.000000000000000000e+00,0.000000000000000000e+00,0.000000000000000000e+00,0.000000000000000000e+00,0.000000000000000000e+00,0.000000000000000000e+00,0.000000000000000000e+00,0.000000000000000000e+00,0.000000000000000000e+00,0.000000000000000000e+00,0.000000000000000000e+00,7.380073800738018441e-03,0.000000000000000000e+00,0.000000000000000000e+00,0.000000000000000000e+00,0.000000000000000000e+00,0.000000000000000000e+00,0.000000000000000000e+00,0.000000000000000000e+00,0.000000000000000000e+00,0.000000000000000000e+00,0.000000000000000000e+00,0.000000000000000000e+00,0.000000000000000000e+00,0.000000000000000000e+00,0.000000000000000000e+00,0.000000000000000000e+00,0.000000000000000000e+00,0.000000000000000000e+00,0.000000000000000000e+00,0.000000000000000000e+00,0.000000000000000000e+00,0.000000000000000000e+00,0.000000000000000000e+00,0.000000000000000000e+00,0.000000000000000000e+00,0.000000000000000000e+00,0.000000000000000000e+00,0.000000000000000000e+00,0.000000000000000000e+00,0.000000000000000000e+00,0.000000000000000000e+00,0.000000000000000000e+00,0.000000000000000000e+00,0.000000000000000000e+00,0.000000000000000000e+00,0.000000000000000000e+00,0.000000000000000000e+00,0.000000000000000000e+00,0.000000000000000000e+00,0.000000000000000000e+00,0.000000000000000000e+00,0.000000000000000000e+00,0.000000000000000000e+00,0.000000000000000000e+00,0.000000000000000000e+00,0.000000000000000000e+00,0.000000000000000000e+00,0.000000000000000000e+00,0.000000000000000000e+00,0.000000000000000000e+00,0.000000000000000000e+00,0.000000000000000000e+00,0.000000000000000000e+00,0.000000000000000000e+00,0.000000000000000000e+00,0.000000000000000000e+00,0.000000000000000000e+00,0.000000000000000000e+00,0.000000000000000000e+00,0.000000000000000000e+00,0.000000000000000000e+00,0.000000000000000000e+00,0.000000000000000000e+00,1.000000000000000000e+00,0.000000000000000000e+00,0.000000000000000000e+00,0.000000000000000000e+00,0.000000000000000000e+00,4.184100418409997246e-03,0.000000000000000000e+00,0.000000000000000000e+00,0.000000000000000000e+00,0.000000000000000000e+00,0.000000000000000000e+00,0.000000000000000000e+00,0.000000000000000000e+00,0.000000000000000000e+00,0.000000000000000000e+00,0.000000000000000000e+00,0.000000000000000000e+00,0.000000000000000000e+00,0.000000000000000000e+00,0.000000000000000000e+00,0.000000000000000000e+00,0.000000000000000000e+00,0.000000000000000000e+00,0.000000000000000000e+00,0.000000000000000000e+00,0.000000000000000000e+00,0.000000000000000000e+00,0.000000000000000000e+00,0.000000000000000000e+00,0.000000000000000000e+00,0.000000000000000000e+00,0.000000000000000000e+00,0.000000000000000000e+00,0.000000000000000000e+00
0.000000000000000000e+00,0.000000000000000000e+00,2.770083102493048344e-03,0.000000000000000000e+00,0.000000000000000000e+00,2.747252747252737493e-03,2.557544757033292093e-03,0.000000000000000000e+00,0.000000000000000000e+00,0.000000000000000000e+00,0.000000000000000000e+00,0.000000000000000000e+00,2.857142857142891401e-03,2.739726027397249020e-03,0.000000000000000000e+00,0.000000000000000000e+00,0.000000000000000000e+00,0.000000000000000000e+00,2.695417789757459381e-03,2.590673575129542883e-03,0.000000000000000000e+00,0.000000000000000000e+00,0.000000000000000000e+00,0.000000000000000000e+00,2.849002849002801874e-03,0.000000000000000000e+00,0.000000000000000000e+00,0.000000000000000000e+00,0.000000000000000000e+00,0.000000000000000000e+00,5.115089514066473164e-03,0.000000000000000000e+00,0.000000000000000000e+00,0.000000000000000000e+00,2.717391304347782643e-03,2.710027100271017453e-03,0.000000000000000000e+00,0.000000000000000000e+00,0.000000000000000000e+00,2.747252747252737493e-03,0.000000000000000000e+00,0.000000000000000000e+00,0.000000000000000000e+00,7.653061224489832171e-03,0.000000000000000000e+00,0.000000000000000000e+00,0.000000000000000000e+00,0.000000000000000000e+00,2.577319587628856823e-03,0.000000000000000000e+00,0.000000000000000000e+00,2.695417789757459381e-03,5.390835579514807741e-03,2.544529262086481225e-03,0.000000000000000000e+00,5.115089514066473164e-03,2.898550724637627418e-03,0.000000000000000000e+00,0.000000000000000000e+00,0.000000000000000000e+00,1.020408163265307255e-02,0.000000000000000000e+00,0.000000000000000000e+00,2.590673575129542883e-03,2.557544757033292093e-03,0.000000000000000000e+00,0.000000000000000000e+00,5.524861878453024566e-03,2.770083102493048344e-03,0.000000000000000000e+00,2.702702702702675097e-03,2.793296089385499670e-03,0.000000000000000000e+00,2.770083102493048344e-03,5.194805194805196535e-03,0.000000000000000000e+00,0.000000000000000000e+00,2.801120448179261757e-03,2.747252747252737493e-03,0.000000000000000000e+00,2.570694087403624373e-03,0.000000000000000000e+00,0.000000000000000000e+00,3.908355795148248379e-01,0.000000000000000000e+00,0.000000000000000000e+00,0.000000000000000000e+00,0.000000000000000000e+00,0.000000000000000000e+00,0.000000000000000000e+00,2.577319587628856823e-03,0.000000000000000000e+00,5.115089514066473164e-03,0.000000000000000000e+00,0.000000000000000000e+00,0.000000000000000000e+00,1.000000000000000000e+00,9.974619289340102002e-01,0.000000000000000000e+00,2.557544757033292093e-03,0.000000000000000000e+00,2.688172043010750301e-03,5.509641873278181556e-03,8.287292817679592360e-03,5.420054200542034906e-03,2.551020408163240383e-03,2.762430939226567794e-03,0.000000000000000000e+00,3.826530612244898322e-01,0.000000000000000000e+00,2.570694087403624373e-03,3.195876288659793563e-01,3.740458015267175140e-01,5.420054200542034906e-03,0.000000000000000000e+00,0.000000000000000000e+00,2.688172043010750301e-03,0.000000000000000000e+00,0.000000000000000000e+00,5.154639175257713646e-03,0.000000000000000000e+00,0.000000000000000000e+00,0.000000000000000000e+00,0.000000000000000000e+00,0.000000000000000000e+00,0.000000000000000000e+00,0.000000000000000000e+00,2.570694087403624373e-03,0.000000000000000000e+00
0.000000000000000000e+00,0.000000000000000000e+00,2.770083102493048344e-03,0.000000000000000000e+00,0.000000000000000000e+00,2.747252747252737493e-03,0.000000000000000000e+00,0.000000000000000000e+00,2.702702702702675097e-03,0.000000000000000000e+00,0.000000000000000000e+00,0.000000000000000000e+00,2.857142857142891401e-03,2.739726027397249020e-03,0.000000000000000000e+00,0.000000000000000000e+00,0.000000000000000000e+00,0.000000000000000000e+00,0.000000000000000000e+00,2.590673575129542883e-03,0.000000000000000000e+00,0.000000000000000000e+00,0.000000000000000000e+00,0.000000000000000000e+00,2.849002849002801874e-03,0.000000000000000000e+00,0.000000000000000000e+00,0.000000000000000000e+00,0.000000000000000000e+00,0.000000000000000000e+00,2.551020408163240383e-03,0.000000000000000000e+00,0.000000000000000000e+00,0.000000000000000000e+00,2.717391304347782643e-03,0.000000000000000000e+00,0.000000000000000000e+00,0.000000000000000000e+00,0.000000000000000000e+00,2.739726027397249020e-03,2.577319587628856823e-03,0.000000000000000000e+00,0.000000000000000000e+00,1.275510204081631294e-02,0.000000000000000000e+00,0.000000000000000000e+00,0.000000000000000000e+00,0.000000000000000000e+00,5.154639175257713646e-03,0.000000000000000000e+00,0.000000000000000000e+00,2.695417789757459381e-03,2.695417789757459381e-03,2.544529262086481225e-03,0.000000000000000000e+00,7.653061224489832171e-03,0.000000000000000000e+00,0.000000000000000000e+00,0.000000000000000000e+00,0.000000000000000000e+00,1.275510204081631294e-02,0.000000000000000000e+00,0.000000000000000000e+00,0.000000000000000000e+00,7.672634271099765257e-03,0.000000000000000000e+00,0.000000000000000000e+00,5.524861878453024566e-03,2.770083102493048344e-03,0.000000000000000000e+00,0.000000000000000000e+00,2.793296089385499670e-03,0.000000000000000000e+00,2.770083102493048344e-03,7.772020725388628648e-03,0.000000000000000000e+00,0.000000000000000000e+00,2.801120448179261757e-03,2.747252747252737493e-03,2.538071065989799813e-03,2.570694087403624373e-03,0.000000000000000000e+00,0.000000000000000000e+00,3.736559139784946248e-01,0.000000000000000000e+00,0.000000000000000000e+00,0.000000000000000000e+00,2.544529262086481225e-03,0.000000000000000000e+00,0.000000000000000000e+00,0.000000000000000000e+00,0.000000000000000000e+00,5.115089514066473164e-03,0.000000000000000000e+00,0.000000000000000000e+00,0.000000000000000000e+00,9.974619289340102002e-01,1.000000000000000000e+00,0.000000000000000000e+00,5.115089514066473164e-03,0.000000000000000000e+00,0.000000000000000000e+00,5.509641873278181556e-03,5.524861878453024566e-03,5.420054200542034906e-03,0.000000000000000000e+00,2.762430939226567794e-03,0.000000000000000000e+00,3.801020408163264808e-01,0.000000000000000000e+00,0.000000000000000000e+00,3.092783505154639290e-01,3.715012722646310328e-01,5.420054200542034906e-03,0.000000000000000000e+00,0.000000000000000000e+00,0.000000000000000000e+00,0.000000000000000000e+00,0.000000000000000000e+00,5.154639175257713646e-03,0.000000000000000000e+00,0.000000000000000000e+00,0.000000000000000000e+00,0.000000000000000000e+00,0.000000000000000000e+00,2.570694087403624373e-03,0.000000000000000000e+00,0.000000000000000000e+00,2.570694087403624373e-03
0.000000000000000000e+00,0.000000000000000000e+00,0.000000000000000000e+00,0.000000000000000000e+00,0.000000000000000000e+00,0.000000000000000000e+00,0.000000000000000000e+00,0.000000000000000000e+00,0.000000000000000000e+00,0.000000000000000000e+00,0.000000000000000000e+00,0.000000000000000000e+00,0.000000000000000000e+00,0.000000000000000000e+00,2.717391304347782643e-03,0.000000000000000000e+00,0.000000000000000000e+00,0.000000000000000000e+00,0.000000000000000000e+00,0.000000000000000000e+00,2.551020408163240383e-03,0.000000000000000000e+00,0.000000000000000000e+00,0.000000000000000000e+00,0.000000000000000000e+00,0.000000000000000000e+00,0.000000000000000000e+00,9.509536784741143833e-01,0.000000000000000000e+00,0.000000000000000000e+00,0.000000000000000000e+00,0.000000000000000000e+00,0.000000000000000000e+00,0.000000000000000000e+00,0.000000000000000000e+00,0.000000000000000000e+00,0.000000000000000000e+00,0.000000000000000000e+00,0.000000000000000000e+00,0.000000000000000000e+00,0.000000000000000000e+00,0.000000000000000000e+00,0.000000000000000000e+00,0.000000000000000000e+00,0.000000000000000000e+00,2.564102564102554993e-03,2.717391304347782643e-03,0.000000000000000000e+00,0.000000000000000000e+00,0.000000000000000000e+00,0.000000000000000000e+00,0.000000000000000000e+00,2.695417789757459381e-03,0.000000000000000000e+00,9.540816326530612290e-01,0.000000000000000000e+00,0.000000000000000000e+00,0.000000000000000000e+00,0.000000000000000000e+00,0.000000000000000000e+00,0.000000000000000000e+00,0.000000000000000000e+00,0.000000000000000000e+00,0.000000000000000000e+00,0.000000000000000000e+00,0.000000000000000000e+00,0.000000000000000000e+00,0.000000000000000000e+00,0.000000000000000000e+00,9.489795918367347483e-01,2.702702702702675097e-03,0.000000000000000000e+00,9.517426273458444719e-01,0.000000000000000000e+00,0.000000000000000000e+00,0.000000000000000000e+00,2.564102564102554993e-03,0.000000000000000000e+00,2.747252747252737493e-03,0.000000000000000000e+00,0.000000000000000000e+00,2.564102564102554993e-03,2.551020408163240383e-03,0.000000000000000000e+00,0.000000000000000000e+00,0.000000000000000000e+00,0.000000000000000000e+00,0.000000000000000000e+00,0.000000000000000000e+00,9.543147208121827152e-01,0.000000000000000000e+00,0.000000000000000000e+00,0.000000000000000000e+00,2.695417789757459381e-03,0.000000000000000000e+00,0.000000000000000000e+00,0.000000000000000000e+00,0.000000000000000000e+00,1.000000000000000000e+00,0.000000000000000000e+00,0.000000000000000000e+00,8.064516129032250902e-03,0.000000000000000000e+00,0.000000000000000000e+00,0.000000000000000000e+00,0.000000000000000000e+00,0.000000000000000000e+00,8.064516129032250902e-03,0.000000000000000000e+00,0.000000000000000000e+00,0.000000000000000000e+00,0.000000000000000000e+00,0.000000000000000000e+00,0.000000000000000000e+00,9.354838709677419928e-01,0.000000000000000000e+00,8.064516129032250902e-03,0.000000000000000000e+00,5.141388174807248745e-03,0.000000000000000000e+00,0.000000000000000000e+00,2.551020408163240383e-03,5.102040816326480765e-03,9.515306122448979886e-01,0.000000000000000000e+00,0.000000000000000000e+00,0.000000000000000000e+00,0.000000000000000000e+00,0.000000000000000000e+00
2.557544757033292093e-03,0.000000000000000000e+00,6.500000000000000222e-01,0.000000000000000000e+00,2.754820936639146289e-03,2.093663911845730086e-01,0.000000000000000000e+00,0.000000000000000000e+00,0.000000000000000000e+00,0.000000000000000000e+00,0.000000000000000000e+00,0.000000000000000000e+00,0.000000000000000000e+00,7.060439560439559781e-01,0.000000000000000000e+00,0.000000000000000000e+00,5.730659025787954164e-03,0.000000000000000000e+00,1.084010840108395879e-02,1.632124352331606465e-01,0.000000000000000000e+00,1.709844559585492751e-01,0.000000000000000000e+00,0.000000000000000000e+00,0.000000000000000000e+00,0.000000000000000000e+00,2.564102564102554993e-03,0.000000000000000000e+00,0.000000000000000000e+00,0.000000000000000000e+00,2.051282051282051766e-01,0.000000000000000000e+00,0.000000000000000000e+00,0.000000000000000000e+00,6.413043478260869179e-01,6.385869565217391353e-01,1.086956521739135262e-02,0.000000000000000000e+00,1.183431952662716835e-02,1.955922865013773881e-01,2.590673575129542883e-03,0.000000000000000000e+00,0.000000000000000000e+00,0.000000000000000000e+00,0.000000000000000000e+00,0.000000000000000000e+00,0.000000000000000000e+00,8.823529411764674535e-03,1.623711340206185350e-01,8.522727272727292913e-03,1.767955801104972302e-01,0.000000000000000000e+00,2.710027100271017453e-03,5.115089514066473164e-03,0.000000000000000000e+00,6.982097186700767510e-01,5.830903790087438310e-03,2.793296089385499670e-03,0.000000000000000000e+00,0.000000000000000000e+00,0.000000000000000000e+00,8.522727272727292913e-03,0.000000000000000000e+00,0.000000000000000000e+00,6.512820512820512997e-01,0.000000000000000000e+00,0.000000000000000000e+00,6.066481994459833604e-01,2.500000000000000000e-01,0.000000000000000000e+00,2.717391304347782643e-03,6.190476190476190688e-01,0.000000000000000000e+00,0.000000000000000000e+00,0.000000000000000000e+00,1.772853185595567593e-01,0.000000000000000000e+00,2.689075630252101279e-01,6.143250688705234053e-01,0.000000000000000000e+00,1.262886597938144284e-01,0.000000000000000000e+00,0.000000000000000000e+00,0.000000000000000000e+00,2.695417789757459381e-03,0.000000000000000000e+00,0.000000000000000000e+00,0.000000000000000000e+00,1.336898395721930477e-02,0.000000000000000000e+00,2.590673575129542883e-03,0.000000000000000000e+00,2.153846153846153966e-01,0.000000000000000000e+00,0.000000000000000000e+00,0.000000000000000000e+00,2.557544757033292093e-03,5.115089514066473164e-03,0.000000000000000000e+00,1.000000000000000000e+00,0.000000000000000000e+00,0.000000000000000000e+00,1.740331491712707734e-01,1.795580110497237980e-01,2.010869565217391353e-01,0.000000000000000000e+00,0.000000000000000000e+00,0.000000000000000000e+00,0.000000000000000000e+00,0.000000000000000000e+00,0.000000000000000000e+00,2.597402597402598268e-03,2.557544757033292093e-03,2.065217391304348116e-01,0.000000000000000000e+00,5.571030640668550582e-03,0.000000000000000000e+00,0.000000000000000000e+00,0.000000000000000000e+00,0.000000000000000000e+00,0.000000000000000000e+00,2.564102564102554993e-03,0.000000000000000000e+00,0.000000000000000000e+00,0.000000000000000000e+00,0.000000000000000000e+00,0.000000000000000000e+00,2.583979328165342260e-03,2.583979328165342260e-03
0.000000000000000000e+00,0.000000000000000000e+00,0.000000000000000000e+00,0.000000000000000000e+00,0.000000000000000000e+00,0.000000000000000000e+00,0.000000000000000000e+00,0.000000000000000000e+00,0.000000000000000000e+00,0.000000000000000000e+00,0.000000000000000000e+00,0.000000000000000000e+00,0.000000000000000000e+00,0.000000000000000000e+00,0.000000000000000000e+00,0.000000000000000000e+00,0.000000000000000000e+00,0.000000000000000000e+00,0.000000000000000000e+00,0.000000000000000000e+00,0.000000000000000000e+00,0.000000000000000000e+00,0.000000000000000000e+00,0.000000000000000000e+00,0.000000000000000000e+00,0.000000000000000000e+00,0.000000000000000000e+00,0.000000000000000000e+00,0.000000000000000000e+00,0.000000000000000000e+00,0.000000000000000000e+00,4.132231404958663923e-03,1.265822784810122226e-02,0.000000000000000000e+00,0.000000000000000000e+00,0.000000000000000000e+00,0.000000000000000000e+00,0.000000000000000000e+00,0.000000000000000000e+00,0.000000000000000000e+00,0.000000000000000000e+00,0.000000000000000000e+00,0.000000000000000000e+00,0.000000000000000000e+00,0.000000000000000000e+00,0.000000000000000000e+00,0.000000000000000000e+00,0.000000000000000000e+00,0.000000000000000000e+00,0.000000000000000000e+00,0.000000000000000000e+00,0.000000000000000000e+00,0.000000000000000000e+00,0.000000000000000000e+00,0.000000000000000000e+00,0.000000000000000000e+00,0.000000000000000000e+00,0.000000000000000000e+00,0.000000000000000000e+00,0.000000000000000000e+00,0.000000000000000000e+00,0.000000000000000000e+00,0.000000000000000000e+00,0.000000000000000000e+00,0.000000000000000000e+00,0.000000000000000000e+00,0.000000000000000000e+00,0.000000000000000000e+00,0.000000000000000000e+00,0.000000000000000000e+00,0.000000000000000000e+00,0.000000000000000000e+00,0.000000000000000000e+00,0.000000000000000000e+00,0.000000000000000000e+00,0.000000000000000000e+00,0.000000000000000000e+00,0.000000000000000000e+00,0.000000000000000000e+00,3.875968992248068901e-03,0.000000000000000000e+00,0.000000000000000000e+00,0.000000000000000000e+00,0.000000000000000000e+00,0.000000000000000000e+00,0.000000000000000000e+00,0.000000000000000000e+00,0.000000000000000000e+00,0.000000000000000000e+00,0.000000000000000000e+00,0.000000000000000000e+00,0.000000000000000000e+00,0.000000000000000000e+00,0.000000000000000000e+00,0.000000000000000000e+00,4.184100418409997246e-03,0.000000000000000000e+00,0.000000000000000000e+00,0.000000000000000000e+00,0.000000000000000000e+00,1.000000000000000000e+00,0.000000000000000000e+00,0.000000000000000000e+00,0.000000000000000000e+00,0.000000000000000000e+00,0.000000000000000000e+00,0.000000000000000000e+00,0.000000000000000000e+00,0.000000000000000000e+00,0.000000000000000000e+00,0.000000000000000000e+00,0.000000000000000000e+00,0.000000000000000000e+00,0.000000000000000000e+00,0.000000000000000000e+00,0.000000000000000000e+00,0.000000000000000000e+00,0.000000000000000000e+00,0.000000000000000000e+00,0.000000000000000000e+00,0.000000000000000000e+00,0.000000000000000000e+00,0.000000000000000000e+00,0.000000000000000000e+00,0.000000000000000000e+00,0.000000000000000000e+00,0.000000000000000000e+00,0.000000000000000000e+00,0.000000000000000000e+00
2.688172043010750301e-03,0.000000000000000000e+00,2.801120448179261757e-03,0.000000000000000000e+00,0.000000000000000000e+00,0.000000000000000000e+00,0.000000000000000000e+00,0.000000000000000000e+00,0.000000000000000000e+00,0.000000000000000000e+00,0.000000000000000000e+00,2.688172043010750301e-03,0.000000000000000000e+00,0.000000000000000000e+00,0.000000000000000000e+00,0.000000000000000000e+00,0.000000000000000000e+00,0.000000000000000000e+00,0.000000000000000000e+00,0.000000000000000000e+00,4.462365591397849940e-01,0.000000000000000000e+00,0.000000000000000000e+00,0.000000000000000000e+00,0.000000000000000000e+00,0.000000000000000000e+00,0.000000000000000000e+00,2.770083102493048344e-03,0.000000000000000000e+00,0.000000000000000000e+00,0.000000000000000000e+00,0.000000000000000000e+00,0.000000000000000000e+00,2.739726027397249020e-03,0.000000000000000000e+00,0.000000000000000000e+00,0.000000000000000000e+00,0.000000000000000000e+00,0.000000000000000000e+00,0.000000000000000000e+00,2.724795640327015711e-03,0.000000000000000000e+00,2.754820936639146289e-03,0.000000000000000000e+00,0.000000000000000000e+00,2.710027100271017453e-03,4.575342465753424737e-01,0.000000000000000000e+00,0.000000000000000000e+00,0.000000000000000000e+00,0.000000000000000000e+00,0.000000000000000000e+00,0.000000000000000000e+00,2.688172043010750301e-03,1.081081081081081141e-02,0.000000000000000000e+00,0.000000000000000000e+00,0.000000000000000000e+00,0.000000000000000000e+00,0.000000000000000000e+00,0.000000000000000000e+00,0.000000000000000000e+00,0.000000000000000000e+00,0.000000000000000000e+00,0.000000000000000000e+00,0.000000000000000000e+00,2.688172043010750301e-03,0.000000000000000000e+00,2.808988764044895170e-03,1.081081081081081141e-02,4.672131147540983243e-01,2.832861189801749724e-03,5.464480874316945958e-03,2.801120448179261757e-03,0.000000000000000000e+00,0.000000000000000000e+00,0.000000000000000000e+00,0.000000000000000000e+00,0.000000000000000000e+00,0.000000000000000000e+00,2.717391304347782643e-03,0.000000000000000000e+00,0.000000000000000000e+00,0.000000000000000000e+00,0.000000000000000000e+00,0.000000000000000000e+00,0.000000000000000000e+00,2.688172043010750301e-03,0.000000000000000000e+00,8.064516129032250902e-03,0.000000000000000000e+00,2.702702702702675097e-03,0.000000000000000000e+00,0.000000000000000000e+00,0.000000000000000000e+00,0.000000000000000000e+00,2.688172043010750301e-03,0.000000000000000000e+00,8.064516129032250902e-03,0.000000000000000000e+00,0.000000000000000000e+00,1.000000000000000000e+00,0.000000000000000000e+00,0.000000000000000000e+00,0.000000000000000000e+00,0.000000000000000000e+00,0.000000000000000000e+00,4.498644986449864547e-01,0.000000000000000000e+00,0.000000000000000000e+00,0.000000000000000000e+00,0.000000000000000000e+00,0.000000000000000000e+00,0.000000000000000000e+00,5.449591280653920400e-03,0.000000000000000000e+00,4.498644986449864547e-01,0.000000000000000000e+00,4.432432432432432678e-01,0.000000000000000000e+00,2.710027100271017453e-03,4.489247311827957443e-01,4.516129032258064946e-01,8.108108108108136314e-03,2.688172043010750301e-03,0.000000000000000000e+00,0.000000000000000000e+00,2.717391304347782643e-03,2.717391304347782643e-03
0.000000000000000000e+00,0.000000000000000000e+00,2.215909090909090606e-01,0.000000000000000000e+00,1.139601139601142954e-02,5.734463276836158085e-01,0.000000000000000000e+00,0.000000000000000000e+00,0.000000000000000000e+00,1.139601139601142954e-02,1.139601139601142954e-02,0.000000000000000000e+00,0.000000000000000000e+00,1.943661971830985546e-01,0.000000000000000000e+00,0.000000000000000000e+00,2.071005917159762788e-02,0.000000000000000000e+00,2.046783625730996814e-02,7.972222222222222765e-01,0.000000000000000000e+00,4.122562674094707447e-01,8.310249307479256053e-03,0.000000000000000000e+00,0.000000000000000000e+00,1.139601139601142954e-02,0.000000000000000000e+00,0.000000000000000000e+00,0.000000000000000000e+00,0.000000000000000000e+00,5.619834710743801809e-01,0.000000000000000000e+00,0.000000000000000000e+00,0.000000000000000000e+00,2.050561797752809001e-01,1.825842696629212947e-01,1.173020527859236495e-02,0.000000000000000000e+00,2.127659574468088177e-02,5.621468926553672141e-01,1.671309192200554072e-02,0.000000000000000000e+00,1.129943502824859447e-02,2.762430939226567794e-03,0.000000000000000000e+00,0.000000000000000000e+00,0.000000000000000000e+00,1.818181818181818787e-02,8.066298342541435851e-01,1.764705882352946009e-02,4.289772727272727071e-01,0.000000000000000000e+00,0.000000000000000000e+00,2.754820936639146289e-03,0.000000000000000000e+00,1.933701657458563039e-01,1.807228915662650870e-02,5.747126436781657688e-03,0.000000000000000000e+00,0.000000000000000000e+00,5.524861878453024566e-03,1.764705882352946009e-02,0.000000000000000000e+00,0.000000000000000000e+00,1.850828729281768226e-01,0.000000000000000000e+00,0.000000000000000000e+00,2.022792022792022637e-01,2.017045454545454142e-01,0.000000000000000000e+00,0.000000000000000000e+00,1.930835734870316456e-01,0.000000000000000000e+00,0.000000000000000000e+00,0.000000000000000000e+00,4.301994301994301884e-01,0.000000000000000000e+00,2.085714285714285188e-01,1.898016997167139008e-01,0.000000000000000000e+00,4.000000000000000222e-01,0.000000000000000000e+00,0.000000000000000000e+00,2.793296089385499670e-03,0.000000000000000000e+00,0.000000000000000000e+00,0.000000000000000000e+00,5.524861878453024566e-03,1.734104046242779251e-02,0.000000000000000000e+00,5.586592178770999340e-03,0.000000000000000000e+00,6.325966850828729227e-01,0.000000000000000000e+00,5.730659025787954164e-03,0.000000000000000000e+00,5.509641873278181556e-03,5.509641873278181556e-03,0.000000000000000000e+00,1.740331491712707734e-01,0.000000000000000000e+00,0.000000000000000000e+00,1.000000000000000000e+00,4.774011299435028111e-01,6.011080332409972637e-01,0.000000000000000000e+00,2.849002849002801874e-03,0.000000000000000000e+00,0.000000000000000000e+00,0.000000000000000000e+00,0.000000000000000000e+00,2.793296089385499670e-03,2.754820936639146289e-03,5.844875346260387516e-01,0.000000000000000000e+00,1.719197707736386249e-02,0.000000000000000000e+00,0.000000000000000000e+00,0.000000000000000000e+00,0.000000000000000000e+00,1.114206128133710116e-02,0.000000000000000000e+00,0.000000000000000000e+00,0.000000000000000000e+00,0.000000000000000000e+00,0.000000000000000000e+00,0.000000000000000000e+00,0.000000000000000000e+00,0.000000000000000000e+00
0.000000000000000000e+00,0.000000000000000000e+00,2.096317280453258158e-01,0.000000000000000000e+00,0.000000000000000000e+00,6.704225352112676006e-01,0.000000000000000000e+00,0.000000000000000000e+00,0.000000000000000000e+00,0.000000000000000000e+00,0.000000000000000000e+00,0.000000000000000000e+00,5.865102639296182474e-03,1.887323943661971537e-01,0.000000000000000000e+00,0.000000000000000000e+00,5.899705014749234699e-03,0.000000000000000000e+00,5.882352941176449690e-03,4.525139664804469497e-01,0.000000000000000000e+00,4.413407821229050620e-01,0.000000000000000000e+00,0.000000000000000000e+00,2.932551319648091237e-03,0.000000000000000000e+00,0.000000000000000000e+00,0.000000000000000000e+00,0.000000000000000000e+00,2.906976744186051675e-03,6.537396121883656264e-01,0.000000000000000000e+00,0.000000000000000000e+00,0.000000000000000000e+00,2.078651685393257953e-01,1.708683473389355223e-01,2.058823529411768494e-02,0.000000000000000000e+00,1.219512195121952303e-02,6.563380281690140983e-01,1.955307262569827564e-02,0.000000000000000000e+00,0.000000000000000000e+00,0.000000000000000000e+00,0.000000000000000000e+00,2.785515320334219780e-03,0.000000000000000000e+00,1.823708206686924793e-02,4.416666666666666519e-01,1.173020527859236495e-02,4.573863636363636465e-01,0.000000000000000000e+00,0.000000000000000000e+00,2.762430939226567794e-03,0.000000000000000000e+00,1.911357340720221121e-01,1.506024096385538691e-02,5.747126436781657688e-03,0.000000000000000000e+00,0.000000000000000000e+00,0.000000000000000000e+00,8.823529411764674535e-03,2.762430939226567794e-03,5.602240896358523514e-03,1.662049861495844549e-01,0.000000000000000000e+00,0.000000000000000000e+00,1.737891737891738009e-01,2.108262108262107803e-01,0.000000000000000000e+00,0.000000000000000000e+00,1.839080459770114917e-01,0.000000000000000000e+00,0.000000000000000000e+00,0.000000000000000000e+00,4.615384615384615641e-01,0.000000000000000000e+00,1.977077363896848627e-01,1.836158192090395769e-01,0.000000000000000000e+00,4.707520891364902482e-01,0.000000000000000000e+00,0.000000000000000000e+00,2.793296089385499670e-03,0.000000000000000000e+00,0.000000000000000000e+00,5.602240896358523514e-03,0.000000000000000000e+00,2.608695652173909085e-02,0.000000000000000000e+00,5.602240896358523514e-03,0.000000000000000000e+00,6.592797783933517231e-01,0.000000000000000000e+00,5.730659025787954164e-03,0.000000000000000000e+00,8.287292817679592360e-03,5.524861878453024566e-03,0.000000000000000000e+00,1.795580110497237980e-01,0.000000000000000000e+00,0.000000000000000000e+00,4.774011299435028111e-01,1.000000000000000000e+00,6.583333333333333259e-01,0.000000000000000000e+00,5.681818181818232283e-03,0.000000000000000000e+00,2.777777777777767909e-03,0.000000000000000000e+00,2.793296089385499670e-03,2.801120448179261757e-03,5.524861878453024566e-03,6.500000000000000222e-01,0.000000000000000000e+00,5.763688760806906508e-03,0.000000000000000000e+00,0.000000000000000000e+00,0.000000000000000000e+00,0.000000000000000000e+00,0.000000000000000000e+00,0.000000000000000000e+00,0.000000000000000000e+00,0.000000000000000000e+00,0.000000000000000000e+00,2.793296089385499670e-03,2.793296089385499670e-03,2.793296089385499670e-03,2.793296089385499670e-03
0.000000000000000000e+00,0.000000000000000000e+00,2.262569832402234749e-01,0.000000000000000000e+00,0.000000000000000000e+00,8.033240997229916802e-01,0.000000000000000000e+00,0.000000000000000000e+00,2.762430939226567794e-03,0.000000000000000000e+00,0.000000000000000000e+00,0.000000000000000000e+00,0.000000000000000000e+00,2.216066481994459769e-01,0.000000000000000000e+00,0.000000000000000000e+00,8.720930232558155026e-03,0.000000000000000000e+00,1.440922190201732178e-02,5.796703296703296093e-01,0.000000000000000000e+00,5.412087912087912844e-01,0.000000000000000000e+00,0.000000000000000000e+00,0.000000000000000000e+00,0.000000000000000000e+00,0.000000000000000000e+00,0.000000000000000000e+00,0.000000000000000000e+00,2.865329512893977082e-03,8.021680216802168362e-01,0.000000000000000000e+00,0.000000000000000000e+00,0.000000000000000000e+00,2.314049586776859568e-01,2.148760330578511901e-01,2.017291066282422829e-02,0.000000000000000000e+00,1.501501501501500968e-02,8.005540166204986319e-01,0.000000000000000000e+00,0.000000000000000000e+00,0.000000000000000000e+00,0.000000000000000000e+00,0.000000000000000000e+00,0.000000000000000000e+00,0.000000000000000000e+00,2.089552238805969520e-02,5.874316939890710243e-01,8.670520231213840745e-03,5.515320334261838431e-01,0.000000000000000000e+00,0.000000000000000000e+00,0.000000000000000000e+00,0.000000000000000000e+00,2.336956521739130821e-01,1.775147928994080804e-02,2.824858757062176373e-03,0.000000000000000000e+00,0.000000000000000000e+00,0.000000000000000000e+00,8.670520231213840745e-03,0.000000000000000000e+00,0.000000000000000000e+00,2.065217391304348116e-01,0.000000000000000000e+00,2.710027100271017453e-03,2.268907563025209795e-01,2.380952380952381375e-01,0.000000000000000000e+00,0.000000000000000000e+00,2.231638418079096020e-01,0.000000000000000000e+00,0.000000000000000000e+00,0.000000000000000000e+00,5.391061452513966623e-01,0.000000000000000000e+00,2.422535211267605737e-01,2.138888888888889062e-01,0.000000000000000000e+00,6.174863387978142271e-01,0.000000000000000000e+00,0.000000000000000000e+00,0.000000000000000000e+00,0.000000000000000000e+00,2.717391304347782643e-03,0.000000000000000000e+00,0.000000000000000000e+00,1.988636363636364646e-02,0.000000000000000000e+00,0.000000000000000000e+00,0.000000000000000000e+00,8.179347826086956763e-01,2.747252747252737493e-03,0.000000000000000000e+00,0.000000000000000000e+00,5.420054200542034906e-03,5.420054200542034906e-03,0.000000000000000000e+00,2.010869565217391353e-01,0.000000000000000000e+00,0.000000000000000000e+00,6.011080332409972637e-01,6.583333333333333259e-01,1.000000000000000000e+00,0.000000000000000000e+00,0.000000000000000000e+00,0.000000000000000000e+00,2.724795640327015711e-03,0.000000000000000000e+00,0.000000000000000000e+00,2.747252747252737493e-03,5.420054200542034906e-03,9.755434782608695121e-01,0.000000000000000000e+00,0.000000000000000000e+00,0.000000000000000000e+00,0.000000000000000000e+00,0.000000000000000000e+00,0.000000000000000000e+00,0.000000000000000000e+00,0.000000000000000000e+00,0.000000000000000000e+00,0.000000000000000000e+00,0.000000000000000000e+00,0.000000000000000000e+00,0.000000000000000000e+00,0.000000000000000000e+00,0.000000000000000000e+00
0.000000000000000000e+00,0.000000000000000000e+00,0.000000000000000000e+00,0.000000000000000000e+00,0.000000000000000000e+00,2.762430939226567794e-03,0.000000000000000000e+00,0.000000000000000000e+00,0.000000000000000000e+00,0.000000000000000000e+00,0.000000000000000000e+00,0.000000000000000000e+00,0.000000000000000000e+00,0.000000000000000000e+00,0.000000000000000000e+00,0.000000000000000000e+00,0.000000000000000000e+00,0.000000000000000000e+00,0.000000000000000000e+00,0.000000000000000000e+00,0.000000000000000000e+00,2.590673575129542883e-03,0.000000000000000000e+00,0.000000000000000000e+00,0.000000000000000000e+00,2.754820936639146289e-03,0.000000000000000000e+00,0.000000000000000000e+00,0.000000000000000000e+00,0.000000000000000000e+00,2.564102564102554993e-03,0.000000000000000000e+00,0.000000000000000000e+00,0.000000000000000000e+00,0.000000000000000000e+00,0.000000000000000000e+00,0.000000000000000000e+00,0.000000000000000000e+00,2.958579881656819843e-03,2.754820936639146289e-03,0.000000000000000000e+00,0.000000000000000000e+00,0.000000000000000000e+00,0.000000000000000000e+00,0.000000000000000000e+00,0.000000000000000000e+00,0.000000000000000000e+00,0.000000000000000000e+00,0.000000000000000000e+00,0.000000000000000000e+00,2.770083102493048344e-03,0.000000000000000000e+00,0.000000000000000000e+00,0.000000000000000000e+00,0.000000000000000000e+00,0.000000000000000000e+00,0.000000000000000000e+00,0.000000000000000000e+00,0.000000000000000000e+00,0.000000000000000000e+00,0.000000000000000000e+00,0.000000000000000000e+00,0.000000000000000000e+00,0.000000000000000000e+00,0.000000000000000000e+00,0.000000000000000000e+00,0.000000000000000000e+00,0.000000000000000000e+00,0.000000000000000000e+00,0.000000000000000000e+00,0.000000000000000000e+00,0.000000000000000000e+00,0.000000000000000000e+00,0.000000000000000000e+00,8.290155440414508359e-01,0.000000000000000000e+00,0.000000000000000000e+00,0.000000000000000000e+00,0.000000000000000000e+00,0.000000000000000000e+00,0.000000000000000000e+00,0.000000000000000000e+00,0.000000000000000000e+00,0.000000000000000000e+00,0.000000000000000000e+00,2.959183673469387710e-01,0.000000000000000000e+00,0.000000000000000000e+00,2.666666666666706043e-03,0.000000000000000000e+00,0.000000000000000000e+00,0.000000000000000000e+00,2.564102564102554993e-03,0.000000000000000000e+00,0.000000000000000000e+00,0.000000000000000000e+00,2.551020408163240383e-03,0.000000000000000000e+00,0.000000000000000000e+00,0.000000000000000000e+00,0.000000000000000000e+00,0.000000000000000000e+00,0.000000000000000000e+00,0.000000000000000000e+00,0.000000000000000000e+00,1.000000000000000000e+00,8.310249307479256053e-03,2.695417789757459381e-03,0.000000000000000000e+00,0.000000000000000000e+00,0.000000000000000000e+00,0.000000000000000000e+00,5.115089514066473164e-03,2.724795640327015711e-03,0.000000000000000000e+00,0.000000000000000000e+00,0.000000000000000000e+00,0.000000000000000000e+00,0.000000000000000000e+00,5.167958656330795542e-03,2.577319587628856823e-03,0.000000000000000000e+00,0.000000000000000000e+00,0.000000000000000000e+00,0.000000000000000000e+00,0.000000000000000000e+00,0.000000000000000000e+00,0.000000000000000000e+00,0.000000000000000000e+00
0.000000000000000000e+00,0.000000000000000000e+00,0.000000000000000000e+00,2.801120448179261757e-03,2.840909090909060630e-03,1.420454545454541417e-02,0.000000000000000000e+00,0.000000000000000000e+00,0.000000000000000000e+00,0.000000000000000000e+00,0.000000000000000000e+00,0.000000000000000000e+00,7.579250720461094826e-01,2.824858757062176373e-03,0.000000000000000000e+00,0.000000000000000000e+00,0.000000000000000000e+00,2.754820936639146289e-03,8.823529411764674535e-03,0.000000000000000000e+00,0.000000000000000000e+00,0.000000000000000000e+00,0.000000000000000000e+00,0.000000000000000000e+00,7.614942528735632044e-01,0.000000000000000000e+00,0.000000000000000000e+00,0.000000000000000000e+00,0.000000000000000000e+00,3.746397694524494781e-02,1.662049861495840108e-02,0.000000000000000000e+00,0.000000000000000000e+00,0.000000000000000000e+00,0.000000000000000000e+00,2.808988764044895170e-03,0.000000000000000000e+00,0.000000000000000000e+00,1.215805471124620230e-02,1.699716713881016528e-02,3.351955307262566297e-02,0.000000000000000000e+00,0.000000000000000000e+00,0.000000000000000000e+00,0.000000000000000000e+00,0.000000000000000000e+00,2.808988764044895170e-03,0.000000000000000000e+00,0.000000000000000000e+00,0.000000000000000000e+00,0.000000000000000000e+00,2.801120448179261757e-03,0.000000000000000000e+00,0.000000000000000000e+00,0.000000000000000000e+00,0.000000000000000000e+00,3.003003003003046345e-03,9.213483146067416030e-01,0.000000000000000000e+00,0.000000000000000000e+00,0.000000000000000000e+00,0.000000000000000000e+00,2.762430939226567794e-03,8.864265927977839077e-01,0.000000000000000000e+00,0.000000000000000000e+00,0.000000000000000000e+00,0.000000000000000000e+00,1.428571428571423496e-02,0.000000000000000000e+00,2.808988764044895170e-03,0.000000000000000000e+00,0.000000000000000000e+00,0.000000000000000000e+00,0.000000000000000000e+00,0.000000000000000000e+00,0.000000000000000000e+00,1.149425287356320435e-02,0.000000000000000000e+00,0.000000000000000000e+00,0.000000000000000000e+00,0.000000000000000000e+00,0.000000000000000000e+00,0.000000000000000000e+00,2.785515320334219780e-03,0.000000000000000000e+00,9.584487534626038308e-01,2.762430939226567794e-03,8.695652173912993277e-03,0.000000000000000000e+00,4.444444444444444198e-01,0.000000000000000000e+00,0.000000000000000000e+00,0.000000000000000000e+00,4.382022471910111960e-01,0.000000000000000000e+00,2.762430939226567794e-03,2.762430939226567794e-03,0.000000000000000000e+00,0.000000000000000000e+00,0.000000000000000000e+00,0.000000000000000000e+00,2.849002849002801874e-03,5.681818181818232283e-03,0.000000000000000000e+00,8.310249307479256053e-03,1.000000000000000000e+00,0.000000000000000000e+00,5.540166204986096687e-03,0.000000000000000000e+00,9.613259668508287170e-01,0.000000000000000000e+00,2.762430939226567794e-03,0.000000000000000000e+00,0.000000000000000000e+00,0.000000000000000000e+00,0.000000000000000000e+00,0.000000000000000000e+00,0.000000000000000000e+00,2.770083102493048344e-03,2.785515320334219780e-03,0.000000000000000000e+00,0.000000000000000000e+00,0.000000000000000000e+00,0.000000000000000000e+00,9.337016574585634832e-01,9.337016574585634832e-01,9.337016574585634832e-01,9.309392265193370264e-01
0.000000000000000000e+00,0.000000000000000000e+00,0.000000000000000000e+00,0.000000000000000000e+00,1.666666666666671848e-02,0.000000000000000000e+00,0.000000000000000000e+00,2.754820936639146289e-03,0.000000000000000000e+00,1.666666666666671848e-02,8.333333333333303727e-03,0.000000000000000000e+00,2.881844380403508765e-03,0.000000000000000000e+00,2.762430939226567794e-03,0.000000000000000000e+00,1.734104046242779251e-02,0.000000000000000000e+00,2.857142857142891401e-03,0.000000000000000000e+00,9.839142091152814906e-01,0.000000000000000000e+00,8.108108108108136314e-03,0.000000000000000000e+00,0.000000000000000000e+00,1.114206128133710116e-02,0.000000000000000000e+00,8.287292817679592360e-03,2.688172043010750301e-03,0.000000000000000000e+00,2.695417789757459381e-03,0.000000000000000000e+00,0.000000000000000000e+00,2.732240437158472979e-03,0.000000000000000000e+00,2.754820936639146289e-03,2.857142857142891401e-03,0.000000000000000000e+00,5.970149253731293904e-03,0.000000000000000000e+00,0.000000000000000000e+00,0.000000000000000000e+00,1.101928374655647414e-02,0.000000000000000000e+00,0.000000000000000000e+00,0.000000000000000000e+00,9.972752043596729843e-01,5.934718100890190584e-03,0.000000000000000000e+00,1.724137931034486204e-02,0.000000000000000000e+00,2.739726027397249020e-03,0.000000000000000000e+00,0.000000000000000000e+00,5.390835579514807741e-03,2.695417789757459381e-03,2.941176470588224845e-03,0.000000000000000000e+00,0.000000000000000000e+00,0.000000000000000000e+00,0.000000000000000000e+00,1.436781609195403320e-02,0.000000000000000000e+00,0.000000000000000000e+00,0.000000000000000000e+00,0.000000000000000000e+00,0.000000000000000000e+00,0.000000000000000000e+00,0.000000000000000000e+00,5.390835579514807741e-03,9.972752043596729843e-01,0.000000000000000000e+00,2.724795640327015711e-03,0.000000000000000000e+00,0.000000000000000000e+00,0.000000000000000000e+00,0.000000000000000000e+00,0.000000000000000000e+00,0.000000000000000000e+00,2.680965147453084896e-03,0.000000000000000000e+00,0.000000000000000000e+00,0.000000000000000000e+00,2.732240437158472979e-03,0.000000000000000000e+00,0.000000000000000000e+00,0.000000000000000000e+00,8.064516129032250902e-03,5.633802816901400945e-03,5.361930294906169792e-03,0.000000000000000000e+00,0.000000000000000000e+00,0.000000000000000000e+00,2.732240437158472979e-03,0.000000000000000000e+00,0.000000000000000000e+00,0.000000000000000000e+00,0.000000000000000000e+00,8.064516129032250902e-03,0.000000000000000000e+00,0.000000000000000000e+00,4.498644986449864547e-01,0.000000000000000000e+00,0.000000000000000000e+00,0.000000000000000000e+00,2.695417789757459381e-03,0.000000000000000000e+00,1.000000000000000000e+00,2.695417789757459381e-03,0.000000000000000000e+00,0.000000000000000000e+00,0.000000000000000000e+00,0.000000000000000000e+00,0.000000000000000000e+00,8.174386920980936111e-03,8.426966292134796532e-03,9.919137466307277329e-01,0.000000000000000000e+00,9.838274932614555768e-01,0.000000000000000000e+00,5.420054200542034906e-03,9.892761394101876604e-01,9.865951742627345755e-01,5.405405405405350194e-03,0.000000000000000000e+00,0.000000000000000000e+00,0.000000000000000000e+00,0.000000000000000000e+00,0.000000000000000000e+00
0.000000000000000000e+00,0.000000000000000000e+00,0.000000000000000000e+00,0.000000000000000000e+00,0.000000000000000000e+00,0.000000000000000000e+00,2.570694087403624373e-03,0.000000000000000000e+00,0.000000000000000000e+00,0.000000000000000000e+00,0.000000000000000000e+00,0.000000000000000000e+00,2.865329512893977082e-03,0.000000000000000000e+00,2.732240437158472979e-03,2.551020408163240383e-03,0.000000000000000000e+00,0.000000000000000000e+00,0.000000000000000000e+00,0.000000000000000000e+00,0.000000000000000000e+00,0.000000000000000000e+00,0.000000000000000000e+00,0.000000000000000000e+00,2.857142857142891401e-03,2.754820936639146289e-03,0.000000000000000000e+00,0.000000000000000000e+00,0.000000000000000000e+00,2.840909090909060630e-03,0.000000000000000000e+00,0.000000000000000000e+00,0.000000000000000000e+00,0.000000000000000000e+00,0.000000000000000000e+00,0.000000000000000000e+00,0.000000000000000000e+00,0.000000000000000000e+00,0.000000000000000000e+00,0.000000000000000000e+00,0.000000000000000000e+00,2.551020408163240383e-03,0.000000000000000000e+00,1.278772378516623842e-02,0.000000000000000000e+00,0.000000000000000000e+00,2.724795640327015711e-03,0.000000000000000000e+00,0.000000000000000000e+00,0.000000000000000000e+00,0.000000000000000000e+00,0.000000000000000000e+00,0.000000000000000000e+00,5.115089514066473164e-03,0.000000000000000000e+00,0.000000000000000000e+00,0.000000000000000000e+00,0.000000000000000000e+00,0.000000000000000000e+00,2.754820936639146289e-03,1.025641025641021997e-02,0.000000000000000000e+00,0.000000000000000000e+00,0.000000000000000000e+00,7.692307692307664979e-03,0.000000000000000000e+00,0.000000000000000000e+00,0.000000000000000000e+00,0.000000000000000000e+00,0.000000000000000000e+00,0.000000000000000000e+00,0.000000000000000000e+00,0.000000000000000000e+00,0.000000000000000000e+00,0.000000000000000000e+00,0.000000000000000000e+00,0.000000000000000000e+00,0.000000000000000000e+00,0.000000000000000000e+00,0.000000000000000000e+00,0.000000000000000000e+00,0.000000000000000000e+00,0.000000000000000000e+00,9.919137466307277329e-01,2.688172043010750301e-03,0.000000000000000000e+00,0.000000000000000000e+00,2.557544757033292093e-03,0.000000000000000000e+00,0.000000000000000000e+00,0.000000000000000000e+00,0.000000000000000000e+00,2.564102564102554993e-03,0.000000000000000000e+00,0.000000000000000000e+00,0.000000000000000000e+00,3.826530612244898322e-01,3.801020408163264808e-01,0.000000000000000000e+00,0.000000000000000000e+00,0.000000000000000000e+00,0.000000000000000000e+00,0.000000000000000000e+00,2.777777777777767909e-03,2.724795640327015711e-03,0.000000000000000000e+00,5.540166204986096687e-03,2.695417789757459381e-03,1.000000000000000000e+00,0.000000000000000000e+00,0.000000000000000000e+00,5.167958656330748912e-01,5.714285714285713969e-01,2.724795640327015711e-03,0.000000000000000000e+00,0.000000000000000000e+00,0.000000000000000000e+00,0.000000000000000000e+00,0.000000000000000000e+00,0.000000000000000000e+00,2.577319587628856823e-03,0.000000000000000000e+00,0.000000000000000000e+00,0.000000000000000000e+00,0.000000000000000000e+00,0.000000000000000000e+00,0.000000000000000000e+00,0.000000000000000000e+00,0.000000000000000000e+00
0.000000000000000000e+00,0.000000000000000000e+00,0.000000000000000000e+00,0.000000000000000000e+00,2.793296089385499670e-03,0.000000000000000000e+00,0.000000000000000000e+00,0.000000000000000000e+00,0.000000000000000000e+00,5.571030640668550582e-03,2.785515320334219780e-03,0.000000000000000000e+00,0.000000000000000000e+00,0.000000000000000000e+00,5.801104972375692448e-02,0.000000000000000000e+00,0.000000000000000000e+00,0.000000000000000000e+00,0.000000000000000000e+00,0.000000000000000000e+00,2.702702702702675097e-03,0.000000000000000000e+00,0.000000000000000000e+00,3.891050583657573725e-03,0.000000000000000000e+00,0.000000000000000000e+00,0.000000000000000000e+00,0.000000000000000000e+00,0.000000000000000000e+00,0.000000000000000000e+00,0.000000000000000000e+00,0.000000000000000000e+00,0.000000000000000000e+00,0.000000000000000000e+00,0.000000000000000000e+00,0.000000000000000000e+00,0.000000000000000000e+00,5.434782608695676309e-03,0.000000000000000000e+00,0.000000000000000000e+00,0.000000000000000000e+00,0.000000000000000000e+00,2.762430939226567794e-03,0.000000000000000000e+00,0.000000000000000000e+00,0.000000000000000000e+00,0.000000000000000000e+00,2.976190476190465617e-03,0.000000000000000000e+00,0.000000000000000000e+00,0.000000000000000000e+00,0.000000000000000000e+00,0.000000000000000000e+00,2.695417789757459381e-03,0.000000000000000000e+00,0.000000000000000000e+00,0.000000000000000000e+00,0.000000000000000000e+00,0.000000000000000000e+00,6.371191135734066702e-02,2.702702702702675097e-03,2.873563218390828844e-03,0.000000000000000000e+00,0.000000000000000000e+00,0.000000000000000000e+00,2.717391304347782643e-03,0.000000000000000000e+00,0.000000000000000000e+00,0.000000000000000000e+00,0.000000000000000000e+00,0.000000000000000000e+00,0.000000000000000000e+00,0.000000000000000000e+00,6.703910614525143696e-02,0.000000000000000000e+00,0.000000000000000000e+00,2.717391304347782643e-03,0.000000000000000000e+00,0.000000000000000000e+00,0.000000000000000000e+00,0.000000000000000000e+00,0.000000000000000000e+00,2.702702702702675097e-03,0.000000000000000000e+00,0.000000000000000000e+00,0.000000000000000000e+00,0.000000000000000000e+00,0.000000000000000000e+00,0.000000000000000000e+00,0.000000000000000000e+00,0.000000000000000000e+00,0.000000000000000000e+00,0.000000000000000000e+00,9.729729729729730270e-01,0.000000000000000000e+00,0.000000000000000000e+00,0.000000000000000000e+00,0.000000000000000000e+00,0.000000000000000000e+00,0.000000000000000000e+00,0.000000000000000000e+00,0.000000000000000000e+00,0.000000000000000000e+00,0.000000000000000000e+00,0.000000000000000000e+00,0.000000000000000000e+00,0.000000000000000000e+00,0.000000000000000000e+00,0.000000000000000000e+00,1.000000000000000000e+00,0.000000000000000000e+00,0.000000000000000000e+00,0.000000000000000000e+00,0.000000000000000000e+00,0.000000000000000000e+00,2.816901408450700472e-03,0.000000000000000000e+00,0.000000000000000000e+00,0.000000000000000000e+00,0.000000000000000000e+00,2.717391304347782643e-03,0.000000000000000000e+00,0.000000000000000000e+00,0.000000000000000000e+00,0.000000000000000000e+00,0.000000000000000000e+00,0.000000000000000000e+00,0.000000000000000000e+00,0.000000000000000000e+00
0.000000000000000000e+00,0.000000000000000000e+00,0.000000000000000000e+00,0.000000000000000000e+00,2.770083102493048344e-03,1.388888888888883955e-02,0.000000000000000000e+00,0.000000000000000000e+00,0.000000000000000000e+00,0.000000000000000000e+00,0.000000000000000000e+00,0.000000000000000000e+00,7.593123209169054810e-01,0.000000000000000000e+00,0.000000000000000000e+00,0.000000000000000000e+00,0.000000000000000000e+00,0.000000000000000000e+00,8.174386920980936111e-03,0.000000000000000000e+00,2.577319587628856823e-03,0.000000000000000000e+00,2.583979328165342260e-03,3.663003663003649990e-03,7.399999999999999911e-01,0.000000000000000000e+00,0.000000000000000000e+00,0.000000000000000000e+00,0.000000000000000000e+00,3.133903133903137572e-02,1.288659793814428411e-02,0.000000000000000000e+00,0.000000000000000000e+00,0.000000000000000000e+00,0.000000000000000000e+00,0.000000000000000000e+00,0.000000000000000000e+00,0.000000000000000000e+00,1.190476190476186247e-02,1.385041551246535274e-02,3.636363636363637575e-02,2.570694087403624373e-03,0.000000000000000000e+00,0.000000000000000000e+00,0.000000000000000000e+00,0.000000000000000000e+00,0.000000000000000000e+00,2.958579881656819843e-03,0.000000000000000000e+00,0.000000000000000000e+00,0.000000000000000000e+00,2.724795640327015711e-03,0.000000000000000000e+00,2.570694087403624373e-03,0.000000000000000000e+00,0.000000000000000000e+00,0.000000000000000000e+00,9.275766016713091755e-01,0.000000000000000000e+00,0.000000000000000000e+00,0.000000000000000000e+00,0.000000000000000000e+00,0.000000000000000000e+00,8.963730569948186178e-01,0.000000000000000000e+00,0.000000000000000000e+00,0.000000000000000000e+00,0.000000000000000000e+00,1.120448179271704703e-02,0.000000000000000000e+00,0.000000000000000000e+00,2.816901408450700472e-03,0.000000000000000000e+00,0.000000000000000000e+00,0.000000000000000000e+00,0.000000000000000000e+00,0.000000000000000000e+00,1.129943502824859447e-02,0.000000000000000000e+00,0.000000000000000000e+00,0.000000000000000000e+00,0.000000000000000000e+00,0.000000000000000000e+00,0.000000000000000000e+00,2.710027100271017453e-03,0.000000000000000000e+00,9.586563307493539687e-01,0.000000000000000000e+00,1.075268817204300120e-02,0.000000000000000000e+00,4.404145077720207357e-01,0.000000000000000000e+00,0.000000000000000000e+00,0.000000000000000000e+00,4.189944134078211757e-01,0.000000000000000000e+00,2.570694087403624373e-03,0.000000000000000000e+00,0.000000000000000000e+00,0.000000000000000000e+00,0.000000000000000000e+00,0.000000000000000000e+00,0.000000000000000000e+00,2.793296089385499670e-03,0.000000000000000000e+00,0.000000000000000000e+00,9.613259668508287170e-01,0.000000000000000000e+00,0.000000000000000000e+00,0.000000000000000000e+00,1.000000000000000000e+00,0.000000000000000000e+00,2.570694087403624373e-03,0.000000000000000000e+00,0.000000000000000000e+00,0.000000000000000000e+00,0.000000000000000000e+00,0.000000000000000000e+00,2.597402597402598268e-03,0.000000000000000000e+00,0.000000000000000000e+00,0.000000000000000000e+00,0.000000000000000000e+00,0.000000000000000000e+00,2.570694087403624373e-03,9.458762886597937847e-01,9.357326478149100568e-01,9.383033419023136812e-01,9.434447300771208189e-01
0.000000000000000000e+00,0.000000000000000000e+00,0.000000000000000000e+00,0.000000000000000000e+00,0.000000000000000000e+00,2.785515320334219780e-03,2.590673575129542883e-03,0.000000000000000000e+00,0.000000000000000000e+00,0.000000000000000000e+00,0.000000000000000000e+00,0.000000000000000000e+00,2.898550724637627418e-03,0.000000000000000000e+00,2.754820936639146289e-03,2.577319587628856823e-03,0.000000000000000000e+00,0.000000000000000000e+00,0.000000000000000000e+00,2.624671916010457018e-03,0.000000000000000000e+00,0.000000000000000000e+00,0.000000000000000000e+00,0.000000000000000000e+00,2.890173410404650589e-03,0.000000000000000000e+00,0.000000000000000000e+00,0.000000000000000000e+00,0.000000000000000000e+00,0.000000000000000000e+00,0.000000000000000000e+00,0.000000000000000000e+00,0.000000000000000000e+00,0.000000000000000000e+00,0.000000000000000000e+00,0.000000000000000000e+00,0.000000000000000000e+00,0.000000000000000000e+00,0.000000000000000000e+00,0.000000000000000000e+00,0.000000000000000000e+00,0.000000000000000000e+00,0.000000000000000000e+00,1.550387596899227560e-02,0.000000000000000000e+00,0.000000000000000000e+00,0.000000000000000000e+00,0.000000000000000000e+00,2.617801047120393854e-03,0.000000000000000000e+00,0.000000000000000000e+00,0.000000000000000000e+00,0.000000000000000000e+00,2.583979328165342260e-03,0.000000000000000000e+00,0.000000000000000000e+00,0.000000000000000000e+00,0.000000000000000000e+00,0.000000000000000000e+00,2.777777777777767909e-03,1.036269430051817153e-02,0.000000000000000000e+00,0.000000000000000000e+00,0.000000000000000000e+00,2.590673575129542883e-03,0.000000000000000000e+00,0.000000000000000000e+00,0.000000000000000000e+00,0.000000000000000000e+00,0.000000000000000000e+00,0.000000000000000000e+00,0.000000000000000000e+00,0.000000000000000000e+00,0.000000000000000000e+00,0.000000000000000000e+00,0.000000000000000000e+00,0.000000000000000000e+00,0.000000000000000000e+00,0.000000000000000000e+00,0.000000000000000000e+00,0.000000000000000000e+00,0.000000000000000000e+00,0.000000000000000000e+00,5.040871934604904681e-01,0.000000000000000000e+00,2.590673575129542883e-03,2.617801047120393854e-03,0.000000000000000000e+00,0.000000000000000000e+00,2.577319587628856823e-03,0.000000000000000000e+00,2.590673575129542883e-03,5.194805194805196535e-03,0.000000000000000000e+00,0.000000000000000000e+00,0.000000000000000000e+00,3.195876288659793563e-01,3.092783505154639290e-01,0.000000000000000000e+00,2.597402597402598268e-03,0.000000000000000000e+00,0.000000000000000000e+00,2.793296089385499670e-03,2.801120448179261757e-03,2.747252747252737493e-03,0.000000000000000000e+00,0.000000000000000000e+00,0.000000000000000000e+00,5.167958656330748912e-01,0.000000000000000000e+00,0.000000000000000000e+00,1.000000000000000000e+00,5.386597938144329634e-01,2.747252747252737493e-03,0.000000000000000000e+00,0.000000000000000000e+00,0.000000000000000000e+00,2.710027100271017453e-03,0.000000000000000000e+00,2.610966057441266308e-03,0.000000000000000000e+00,0.000000000000000000e+00,2.583979328165342260e-03,0.000000000000000000e+00,0.000000000000000000e+00,0.000000000000000000e+00,0.000000000000000000e+00,0.000000000000000000e+00,0.000000000000000000e+00
2.544529262086481225e-03,0.000000000000000000e+00,0.000000000000000000e+00,0.000000000000000000e+00,0.000000000000000000e+00,0.000000000000000000e+00,2.557544757033292093e-03,0.000000000000000000e+00,0.000000000000000000e+00,0.000000000000000000e+00,0.000000000000000000e+00,5.089058524173073472e-03,5.714285714285671780e-03,5.479452054794498039e-03,0.000000000000000000e+00,0.000000000000000000e+00,2.849002849002801874e-03,0.000000000000000000e+00,2.695417789757459381e-03,2.590673575129542883e-03,2.551020408163240383e-03,0.000000000000000000e+00,0.000000000000000000e+00,0.000000000000000000e+00,2.857142857142891401e-03,0.000000000000000000e+00,5.115089514066473164e-03,0.000000000000000000e+00,5.102040816326480765e-03,0.000000000000000000e+00,0.000000000000000000e+00,0.000000000000000000e+00,0.000000000000000000e+00,0.000000000000000000e+00,0.000000000000000000e+00,2.710027100271017453e-03,0.000000000000000000e+00,0.000000000000000000e+00,0.000000000000000000e+00,0.000000000000000000e+00,2.577319587628856823e-03,0.000000000000000000e+00,0.000000000000000000e+00,2.551020408163240383e-03,0.000000000000000000e+00,0.000000000000000000e+00,0.000000000000000000e+00,0.000000000000000000e+00,2.577319587628856823e-03,0.000000000000000000e+00,0.000000000000000000e+00,8.086253369272267122e-03,5.405405405405350194e-03,5.089058524173073472e-03,0.000000000000000000e+00,2.557544757033292093e-03,2.898550724637627418e-03,0.000000000000000000e+00,0.000000000000000000e+00,0.000000000000000000e+00,1.020408163265307255e-02,0.000000000000000000e+00,5.089058524173073472e-03,2.590673575129542883e-03,2.557544757033292093e-03,0.000000000000000000e+00,2.544529262086481225e-03,2.762430939226567794e-03,2.770083102493048344e-03,0.000000000000000000e+00,0.000000000000000000e+00,0.000000000000000000e+00,0.000000000000000000e+00,0.000000000000000000e+00,2.597402597402598268e-03,0.000000000000000000e+00,0.000000000000000000e+00,2.801120448179261757e-03,2.747252747252737493e-03,0.000000000000000000e+00,5.141388174807248745e-03,0.000000000000000000e+00,0.000000000000000000e+00,5.876010781671159311e-01,0.000000000000000000e+00,2.551020408163240383e-03,0.000000000000000000e+00,0.000000000000000000e+00,0.000000000000000000e+00,0.000000000000000000e+00,0.000000000000000000e+00,5.115089514066473164e-03,5.115089514066473164e-03,0.000000000000000000e+00,0.000000000000000000e+00,0.000000000000000000e+00,3.740458015267175140e-01,3.715012722646310328e-01,0.000000000000000000e+00,2.557544757033292093e-03,0.000000000000000000e+00,0.000000000000000000e+00,2.754820936639146289e-03,5.524861878453024566e-03,5.420054200542034906e-03,5.115089514066473164e-03,2.762430939226567794e-03,0.000000000000000000e+00,5.714285714285713969e-01,0.000000000000000000e+00,2.570694087403624373e-03,5.386597938144329634e-01,1.000000000000000000e+00,5.434782608695676309e-03,0.000000000000000000e+00,0.000000000000000000e+00,0.000000000000000000e+00,0.000000000000000000e+00,0.000000000000000000e+00,2.577319587628856823e-03,0.000000000000000000e+00,0.000000000000000000e+00,0.000000000000000000e+00,0.000000000000000000e+00,0.000000000000000000e+00,0.000000000000000000e+00,2.570694087403624373e-03,0.000000000000000000e+00,0.000000000000000000e+00
0.000000000000000000e+00,0.000000000000000000e+00,2.318435754189943632e-01,0.000000000000000000e+00,0.000000000000000000e+00,8.005540166204986319e-01,0.000000000000000000e+00,0.000000000000000000e+00,0.000000000000000000e+00,0.000000000000000000e+00,0.000000000000000000e+00,0.000000000000000000e+00,0.000000000000000000e+00,2.132963988919667209e-01,0.000000000000000000e+00,0.000000000000000000e+00,1.162790697674420670e-02,0.000000000000000000e+00,1.440922190201732178e-02,5.824175824175823468e-01,0.000000000000000000e+00,5.384615384615384359e-01,0.000000000000000000e+00,0.000000000000000000e+00,0.000000000000000000e+00,0.000000000000000000e+00,0.000000000000000000e+00,0.000000000000000000e+00,0.000000000000000000e+00,2.865329512893977082e-03,7.994579945799458187e-01,0.000000000000000000e+00,0.000000000000000000e+00,0.000000000000000000e+00,2.265193370165745623e-01,2.121212121212121549e-01,2.017291066282422829e-02,0.000000000000000000e+00,1.201201201201196334e-02,7.922437673130193758e-01,0.000000000000000000e+00,0.000000000000000000e+00,0.000000000000000000e+00,0.000000000000000000e+00,0.000000000000000000e+00,0.000000000000000000e+00,0.000000000000000000e+00,2.089552238805969520e-02,5.628415300546447675e-01,5.780346820809301178e-03,5.418994413407820510e-01,2.754820936639146289e-03,0.000000000000000000e+00,2.710027100271017453e-03,0.000000000000000000e+00,2.201086956521739468e-01,1.775147928994080804e-02,2.824858757062176373e-03,0.000000000000000000e+00,0.000000000000000000e+00,0.000000000000000000e+00,5.780346820809301178e-03,0.000000000000000000e+00,0.000000000000000000e+00,1.961852861035422446e-01,0.000000000000000000e+00,0.000000000000000000e+00,2.100840336134454089e-01,2.380952380952381375e-01,0.000000000000000000e+00,0.000000000000000000e+00,2.118644067796610075e-01,0.000000000000000000e+00,0.000000000000000000e+00,0.000000000000000000e+00,5.294117647058823595e-01,0.000000000000000000e+00,2.309859154929577718e-01,2.194444444444444420e-01,0.000000000000000000e+00,6.202185792349727000e-01,0.000000000000000000e+00,0.000000000000000000e+00,0.000000000000000000e+00,0.000000000000000000e+00,2.717391304347782643e-03,0.000000000000000000e+00,0.000000000000000000e+00,1.988636363636364646e-02,0.000000000000000000e+00,0.000000000000000000e+00,0.000000000000000000e+00,8.016304347826086474e-01,0.000000000000000000e+00,0.000000000000000000e+00,0.000000000000000000e+00,5.420054200542034906e-03,5.420054200542034906e-03,0.000000000000000000e+00,2.065217391304348116e-01,0.000000000000000000e+00,0.000000000000000000e+00,5.844875346260387516e-01,6.500000000000000222e-01,9.755434782608695121e-01,2.724795640327015711e-03,0.000000000000000000e+00,0.000000000000000000e+00,2.724795640327015711e-03,0.000000000000000000e+00,0.000000000000000000e+00,2.747252747252737493e-03,5.434782608695676309e-03,1.000000000000000000e+00,0.000000000000000000e+00,0.000000000000000000e+00,0.000000000000000000e+00,0.000000000000000000e+00,0.000000000000000000e+00,0.000000000000000000e+00,0.000000000000000000e+00,0.000000000000000000e+00,0.000000000000000000e+00,0.000000000000000000e+00,0.000000000000000000e+00,0.000000000000000000e+00,0.000000000000000000e+00,0.000000000000000000e+00,0.000000000000000000e+00
0.000000000000000000e+00,0.000000000000000000e+00,0.000000000000000000e+00,0.000000000000000000e+00,0.000000000000000000e+00,0.000000000000000000e+00,0.000000000000000000e+00,0.000000000000000000e+00,0.000000000000000000e+00,0.000000000000000000e+00,0.000000000000000000e+00,0.000000000000000000e+00,0.000000000000000000e+00,0.000000000000000000e+00,0.000000000000000000e+00,0.000000000000000000e+00,0.000000000000000000e+00,0.000000000000000000e+00,0.000000000000000000e+00,0.000000000000000000e+00,1.081081081081081141e-02,0.000000000000000000e+00,0.000000000000000000e+00,0.000000000000000000e+00,0.000000000000000000e+00,0.000000000000000000e+00,0.000000000000000000e+00,9.671232876712329007e-01,0.000000000000000000e+00,0.000000000000000000e+00,0.000000000000000000e+00,0.000000000000000000e+00,0.000000000000000000e+00,0.000000000000000000e+00,0.000000000000000000e+00,0.000000000000000000e+00,0.000000000000000000e+00,0.000000000000000000e+00,0.000000000000000000e+00,0.000000000000000000e+00,0.000000000000000000e+00,0.000000000000000000e+00,0.000000000000000000e+00,0.000000000000000000e+00,0.000000000000000000e+00,2.717391304347782643e-03,1.373626373626368746e-02,0.000000000000000000e+00,0.000000000000000000e+00,0.000000000000000000e+00,0.000000000000000000e+00,0.000000000000000000e+00,0.000000000000000000e+00,0.000000000000000000e+00,9.433962264150943522e-01,0.000000000000000000e+00,0.000000000000000000e+00,0.000000000000000000e+00,0.000000000000000000e+00,2.770083102493048344e-03,0.000000000000000000e+00,0.000000000000000000e+00,0.000000000000000000e+00,0.000000000000000000e+00,0.000000000000000000e+00,5.420054200542034906e-03,0.000000000000000000e+00,0.000000000000000000e+00,0.000000000000000000e+00,9.460916442048517006e-01,1.373626373626368746e-02,0.000000000000000000e+00,9.675675675675675658e-01,2.793296089385499670e-03,0.000000000000000000e+00,0.000000000000000000e+00,0.000000000000000000e+00,0.000000000000000000e+00,0.000000000000000000e+00,0.000000000000000000e+00,0.000000000000000000e+00,5.420054200542034906e-03,2.695417789757459381e-03,0.000000000000000000e+00,0.000000000000000000e+00,0.000000000000000000e+00,0.000000000000000000e+00,0.000000000000000000e+00,0.000000000000000000e+00,9.463806970509383021e-01,0.000000000000000000e+00,0.000000000000000000e+00,0.000000000000000000e+00,2.724795640327015711e-03,0.000000000000000000e+00,0.000000000000000000e+00,0.000000000000000000e+00,0.000000000000000000e+00,9.354838709677419928e-01,0.000000000000000000e+00,0.000000000000000000e+00,5.449591280653920400e-03,0.000000000000000000e+00,0.000000000000000000e+00,0.000000000000000000e+00,0.000000000000000000e+00,0.000000000000000000e+00,8.174386920980936111e-03,0.000000000000000000e+00,0.000000000000000000e+00,0.000000000000000000e+00,0.000000000000000000e+00,0.000000000000000000e+00,0.000000000000000000e+00,1.000000000000000000e+00,0.000000000000000000e+00,8.174386920980936111e-03,0.000000000000000000e+00,1.084010840108395879e-02,0.000000000000000000e+00,0.000000000000000000e+00,1.078167115902961548e-02,8.086253369272267122e-03,9.405405405405404817e-01,0.000000000000000000e+00,0.000000000000000000e+00,0.000000000000000000e+00,0.000000000000000000e+00,0.000000000000000000e+00
0.000000000000000000e+00,0.000000000000000000e+00,5.763688760806906508e-03,2.824858757062176373e-03,6.809116809116808611e-01,2.873563218390828844e-03,2.777777777777767909e-03,0.000000000000000000e+00,2.832861189801749724e-03,6.846590909090908283e-01,6.410256410256409687e-01,0.000000000000000000e+00,0.000000000000000000e+00,5.714285714285671780e-03,2.840909090909060630e-03,0.000000000000000000e+00,7.275362318840579157e-01,0.000000000000000000e+00,6.763005780346820206e-01,5.617977528089901362e-03,1.388888888888883955e-02,5.617977528089901362e-03,2.722222222222222543e-01,0.000000000000000000e+00,0.000000000000000000e+00,6.599999999999999201e-01,0.000000000000000000e+00,0.000000000000000000e+00,0.000000000000000000e+00,0.000000000000000000e+00,2.777777777777767909e-03,0.000000000000000000e+00,0.000000000000000000e+00,0.000000000000000000e+00,2.849002849002801874e-03,2.840909090909060630e-03,6.705202312138728304e-01,0.000000000000000000e+00,6.746268656716418732e-01,0.000000000000000000e+00,0.000000000000000000e+00,0.000000000000000000e+00,6.788732394366197020e-01,0.000000000000000000e+00,0.000000000000000000e+00,0.000000000000000000e+00,1.699716713881016528e-02,6.517857142857143016e-01,8.379888268156387987e-03,7.406340057636887630e-01,5.763688760806906508e-03,0.000000000000000000e+00,0.000000000000000000e+00,0.000000000000000000e+00,0.000000000000000000e+00,5.555555555555535818e-03,6.588235294117646967e-01,0.000000000000000000e+00,0.000000000000000000e+00,0.000000000000000000e+00,0.000000000000000000e+00,7.406340057636887630e-01,0.000000000000000000e+00,0.000000000000000000e+00,2.785515320334219780e-03,5.292479108635095297e-02,0.000000000000000000e+00,2.890173410404650589e-03,0.000000000000000000e+00,0.000000000000000000e+00,8.498583569405138149e-03,5.830903790087438310e-03,0.000000000000000000e+00,0.000000000000000000e+00,0.000000000000000000e+00,5.780346820809301178e-03,5.849582172701950356e-02,0.000000000000000000e+00,2.873563218390828844e-03,0.000000000000000000e+00,0.000000000000000000e+00,2.785515320334219780e-03,8.310249307479256053e-03,0.000000000000000000e+00,0.000000000000000000e+00,0.000000000000000000e+00,0.000000000000000000e+00,2.686980609418282429e-01,6.685714285714285943e-01,0.000000000000000000e+00,0.000000000000000000e+00,0.000000000000000000e+00,2.785515320334219780e-03,0.000000000000000000e+00,0.000000000000000000e+00,0.000000000000000000e+00,0.000000000000000000e+00,0.000000000000000000e+00,0.000000000000000000e+00,5.571030640668550582e-03,0.000000000000000000e+00,0.000000000000000000e+00,1.719197707736386249e-02,5.763688760806906508e-03,0.000000000000000000e+00,0.000000000000000000e+00,0.000000000000000000e+00,8.426966292134796532e-03,0.000000000000000000e+00,2.816901408450700472e-03,0.000000000000000000e+00,0.000000000000000000e+00,0.000000000000000000e+00,0.000000000000000000e+00,0.000000000000000000e+00,1.000000000000000000e+00,1.404494382022469789e-02,0.000000000000000000e+00,1.396648044692738733e-02,0.000000000000000000e+00,6.963788300835653811e-01,1.939058171745156045e-02,8.310249307479256053e-03,2.777777777777767909e-03,0.000000000000000000e+00,0.000000000000000000e+00,0.000000000000000000e+00,0.000000000000000000e+00,0.000000000000000000e+00
0.000000000000000000e+00,0.000000000000000000e+00,0.000000000000000000e+00,0.000000000000000000e+00,8.356545961002770362e-03,0.000000000000000000e+00,0.000000000000000000e+00,0.000000000000000000e+00,0.000000000000000000e+00,1.388888888888883955e-02,1.392757660167132094e-02,0.000000000000000000e+00,0.000000000000000000e+00,2.777777777777767909e-03,2.762430939226567794e-03,0.000000000000000000e+00,1.734104046242779251e-02,0.000000000000000000e+00,2.857142857142891401e-03,0.000000000000000000e+00,9.811827956989247479e-01,0.000000000000000000e+00,8.108108108108136314e-03,0.000000000000000000e+00,0.000000000000000000e+00,8.356545961002770362e-03,0.000000000000000000e+00,5.540166204986096687e-03,0.000000000000000000e+00,0.000000000000000000e+00,0.000000000000000000e+00,0.000000000000000000e+00,0.000000000000000000e+00,0.000000000000000000e+00,0.000000000000000000e+00,0.000000000000000000e+00,2.865329512893977082e-03,0.000000000000000000e+00,5.970149253731293904e-03,0.000000000000000000e+00,0.000000000000000000e+00,2.688172043010750301e-03,1.101928374655647414e-02,2.695417789757459381e-03,0.000000000000000000e+00,2.717391304347782643e-03,9.945504087193460796e-01,5.952380952380931234e-03,0.000000000000000000e+00,1.436781609195403320e-02,0.000000000000000000e+00,0.000000000000000000e+00,0.000000000000000000e+00,0.000000000000000000e+00,5.405405405405350194e-03,0.000000000000000000e+00,2.949852507374672861e-03,0.000000000000000000e+00,0.000000000000000000e+00,0.000000000000000000e+00,0.000000000000000000e+00,1.149425287356320435e-02,0.000000000000000000e+00,2.732240437158472979e-03,2.702702702702675097e-03,2.710027100271017453e-03,0.000000000000000000e+00,0.000000000000000000e+00,2.808988764044895170e-03,5.405405405405350194e-03,9.945504087193460796e-01,0.000000000000000000e+00,2.724795640327015711e-03,0.000000000000000000e+00,0.000000000000000000e+00,0.000000000000000000e+00,2.710027100271017453e-03,0.000000000000000000e+00,0.000000000000000000e+00,0.000000000000000000e+00,0.000000000000000000e+00,0.000000000000000000e+00,0.000000000000000000e+00,0.000000000000000000e+00,0.000000000000000000e+00,2.695417789757459381e-03,0.000000000000000000e+00,8.086253369272267122e-03,5.633802816901400945e-03,5.376344086021500601e-03,0.000000000000000000e+00,0.000000000000000000e+00,0.000000000000000000e+00,2.732240437158472979e-03,2.808988764044895170e-03,0.000000000000000000e+00,2.688172043010750301e-03,0.000000000000000000e+00,8.064516129032250902e-03,0.000000000000000000e+00,0.000000000000000000e+00,4.498644986449864547e-01,0.000000000000000000e+00,0.000000000000000000e+00,0.000000000000000000e+00,0.000000000000000000e+00,0.000000000000000000e+00,9.919137466307277329e-01,0.000000000000000000e+00,0.000000000000000000e+00,0.000000000000000000e+00,0.000000000000000000e+00,0.000000000000000000e+00,0.000000000000000000e+00,8.174386920980936111e-03,1.404494382022469789e-02,1.000000000000000000e+00,0.000000000000000000e+00,9.810810810810810523e-01,2.710027100271017453e-03,5.434782608695676309e-03,9.865591397849462485e-01,9.839142091152814906e-01,8.108108108108136314e-03,2.688172043010750301e-03,0.000000000000000000e+00,0.000000000000000000e+00,2.717391304347782643e-03,0.000000000000000000e+00
5.347593582887721908e-03,0.000000000000000000e+00,0.000000000000000000e+00,5.853658536585366612e-01,0.000000000000000000e+00,0.000000000000000000e+00,0.000000000000000000e+00,8.241758241758212478e-03,8.241758241758212478e-03,0.000000000000000000e+00,0.000000000000000000e+00,2.032085561497326553e-01,0.000000000000000000e+00,0.000000000000000000e+00,0.000000000000000000e+00,5.920000000000000817e-01,2.881844380403508765e-03,0.000000000000000000e+00,2.840909090909060630e-03,0.000000000000000000e+00,0.000000000000000000e+00,0.000000000000000000e+00,0.000000000000000000e+00,0.000000000000000000e+00,0.000000000000000000e+00,0.000000000000000000e+00,0.000000000000000000e+00,0.000000000000000000e+00,2.192513368983957101e-01,2.849002849002801874e-03,0.000000000000000000e+00,0.000000000000000000e+00,0.000000000000000000e+00,5.972972972972973027e-01,0.000000000000000000e+00,0.000000000000000000e+00,0.000000000000000000e+00,0.000000000000000000e+00,0.000000000000000000e+00,0.000000000000000000e+00,0.000000000000000000e+00,0.000000000000000000e+00,0.000000000000000000e+00,0.000000000000000000e+00,0.000000000000000000e+00,0.000000000000000000e+00,0.000000000000000000e+00,0.000000000000000000e+00,0.000000000000000000e+00,0.000000000000000000e+00,2.793296089385499670e-03,2.173913043478260532e-01,2.234332425068119576e-01,0.000000000000000000e+00,0.000000000000000000e+00,2.680965147453084896e-03,0.000000000000000000e+00,0.000000000000000000e+00,0.000000000000000000e+00,0.000000000000000000e+00,0.000000000000000000e+00,2.865329512893977082e-03,2.005347593582887944e-01,0.000000000000000000e+00,0.000000000000000000e+00,0.000000000000000000e+00,5.989304812834224112e-01,0.000000000000000000e+00,0.000000000000000000e+00,0.000000000000000000e+00,0.000000000000000000e+00,0.000000000000000000e+00,0.000000000000000000e+00,0.000000000000000000e+00,0.000000000000000000e+00,0.000000000000000000e+00,0.000000000000000000e+00,0.000000000000000000e+00,2.777777777777767909e-03,5.866666666666666696e-01,0.000000000000000000e+00,0.000000000000000000e+00,0.000000000000000000e+00,2.724795640327015711e-03,2.459459459459459874e-01,0.000000000000000000e+00,0.000000000000000000e+00,2.673796791443860954e-03,2.801120448179261757e-03,0.000000000000000000e+00,0.000000000000000000e+00,2.680965147453084896e-03,0.000000000000000000e+00,0.000000000000000000e+00,0.000000000000000000e+00,0.000000000000000000e+00,0.000000000000000000e+00,0.000000000000000000e+00,0.000000000000000000e+00,0.000000000000000000e+00,0.000000000000000000e+00,0.000000000000000000e+00,0.000000000000000000e+00,0.000000000000000000e+00,0.000000000000000000e+00,0.000000000000000000e+00,0.000000000000000000e+00,0.000000000000000000e+00,0.000000000000000000e+00,0.000000000000000000e+00,0.000000000000000000e+00,2.710027100271017453e-03,0.000000000000000000e+00,0.000000000000000000e+00,0.000000000000000000e+00,0.000000000000000000e+00,0.000000000000000000e+00,1.000000000000000000e+00,2.695417789757459381e-03,0.000000000000000000e+00,2.695417789757459381e-03,0.000000000000000000e+00,0.000000000000000000e+00,0.000000000000000000e+00,9.679999999999999716e-01,2.702702702702675097e-03,0.000000000000000000e+00,0.000000000000000000e+00,2.702702702702675097e-03
2.570694087403624373e-03,0.000000000000000000e+00,0.000000000000000000e+00,0.000000000000000000e+00,1.104972375690604913e-02,0.000000000000000000e+00,0.000000000000000000e+00,0.000000000000000000e+00,0.000000000000000000e+00,1.104972375690604913e-02,1.385041551246535274e-02,2.570694087403624373e-03,0.000000000000000000e+00,2.762430939226567794e-03,2.739726027397249020e-03,0.000000000000000000e+00,1.436781609195403320e-02,0.000000000000000000e+00,5.449591280653920400e-03,0.000000000000000000e+00,9.717223650385604650e-01,0.000000000000000000e+00,5.167958656330795542e-03,0.000000000000000000e+00,0.000000000000000000e+00,1.385041551246535274e-02,2.577319587628856823e-03,2.754820936639146289e-03,0.000000000000000000e+00,0.000000000000000000e+00,0.000000000000000000e+00,0.000000000000000000e+00,0.000000000000000000e+00,0.000000000000000000e+00,0.000000000000000000e+00,0.000000000000000000e+00,5.464480874316945958e-03,0.000000000000000000e+00,8.902077151335285876e-03,0.000000000000000000e+00,0.000000000000000000e+00,0.000000000000000000e+00,1.912568306010931085e-02,0.000000000000000000e+00,0.000000000000000000e+00,0.000000000000000000e+00,9.809264305177112231e-01,8.849557522123907560e-03,0.000000000000000000e+00,1.428571428571423496e-02,0.000000000000000000e+00,2.717391304347782643e-03,0.000000000000000000e+00,0.000000000000000000e+00,2.583979328165342260e-03,0.000000000000000000e+00,2.923976608187106585e-03,0.000000000000000000e+00,0.000000000000000000e+00,0.000000000000000000e+00,2.577319587628856823e-03,1.142857142857145458e-02,2.570694087403624373e-03,2.617801047120393854e-03,0.000000000000000000e+00,2.590673575129542883e-03,2.570694087403624373e-03,2.785515320334219780e-03,0.000000000000000000e+00,2.583979328165342260e-03,9.809782608695651884e-01,0.000000000000000000e+00,5.420054200542034906e-03,0.000000000000000000e+00,0.000000000000000000e+00,0.000000000000000000e+00,2.597402597402598268e-03,0.000000000000000000e+00,2.770083102493048344e-03,2.570694087403624373e-03,0.000000000000000000e+00,0.000000000000000000e+00,0.000000000000000000e+00,2.717391304347782643e-03,0.000000000000000000e+00,0.000000000000000000e+00,0.000000000000000000e+00,1.542416452442163521e-02,5.376344086021500601e-03,2.570694087403624373e-03,0.000000000000000000e+00,0.000000000000000000e+00,0.000000000000000000e+00,0.000000000000000000e+00,0.000000000000000000e+00,0.000000000000000000e+00,0.000000000000000000e+00,0.000000000000000000e+00,5.141388174807248745e-03,0.000000000000000000e+00,0.000000000000000000e+00,4.432432432432432678e-01,0.000000000000000000e+00,0.000000000000000000e+00,0.000000000000000000e+00,0.000000000000000000e+00,0.000000000000000000e+00,9.838274932614555768e-01,0.000000000000000000e+00,0.000000000000000000e+00,2.597402597402598268e-03,0.000000000000000000e+00,0.000000000000000000e+00,0.000000000000000000e+00,1.084010840108395879e-02,1.396648044692738733e-02,9.810810810810810523e-01,2.695417789757459381e-03,1.000000000000000000e+00,0.000000000000000000e+00,7.792207792207794803e-03,9.742930591259639783e-01,9.717948717948717841e-01,2.583979328165342260e-03,0.000000000000000000e+00,0.000000000000000000e+00,0.000000000000000000e+00,2.597402597402598268e-03,0.000000000000000000e+00
0.000000000000000000e+00,0.000000000000000000e+00,0.000000000000000000e+00,0.000000000000000000e+00,0.000000000000000000e+00,0.000000000000000000e+00,0.000000000000000000e+00,0.000000000000000000e+00,0.000000000000000000e+00,0.000000000000000000e+00,2.762430939226567794e-03,0.000000000000000000e+00,2.865329512893977082e-03,2.754820936639146289e-03,0.000000000000000000e+00,0.000000000000000000e+00,0.000000000000000000e+00,0.000000000000000000e+00,0.000000000000000000e+00,0.000000000000000000e+00,0.000000000000000000e+00,0.000000000000000000e+00,0.000000000000000000e+00,0.000000000000000000e+00,0.000000000000000000e+00,0.000000000000000000e+00,0.000000000000000000e+00,0.000000000000000000e+00,2.577319587628856823e-03,0.000000000000000000e+00,0.000000000000000000e+00,0.000000000000000000e+00,0.000000000000000000e+00,0.000000000000000000e+00,0.000000000000000000e+00,0.000000000000000000e+00,0.000000000000000000e+00,0.000000000000000000e+00,0.000000000000000000e+00,0.000000000000000000e+00,0.000000000000000000e+00,0.000000000000000000e+00,0.000000000000000000e+00,0.000000000000000000e+00,0.000000000000000000e+00,0.000000000000000000e+00,0.000000000000000000e+00,0.000000000000000000e+00,0.000000000000000000e+00,0.000000000000000000e+00,0.000000000000000000e+00,0.000000000000000000e+00,0.000000000000000000e+00,0.000000000000000000e+00,0.000000000000000000e+00,0.000000000000000000e+00,0.000000000000000000e+00,0.000000000000000000e+00,0.000000000000000000e+00,0.000000000000000000e+00,0.000000000000000000e+00,0.000000000000000000e+00,0.000000000000000000e+00,2.610966057441266308e-03,0.000000000000000000e+00,0.000000000000000000e+00,0.000000000000000000e+00,0.000000000000000000e+00,2.785515320334219780e-03,0.000000000000000000e+00,2.724795640327015711e-03,0.000000000000000000e+00,0.000000000000000000e+00,0.000000000000000000e+00,2.624671916010457018e-03,0.000000000000000000e+00,0.000000000000000000e+00,0.000000000000000000e+00,0.000000000000000000e+00,0.000000000000000000e+00,0.000000000000000000e+00,0.000000000000000000e+00,0.000000000000000000e+00,2.717391304347782643e-03,0.000000000000000000e+00,0.000000000000000000e+00,2.610966057441266308e-03,0.000000000000000000e+00,0.000000000000000000e+00,0.000000000000000000e+00,0.000000000000000000e+00,2.583979328165342260e-03,0.000000000000000000e+00,0.000000000000000000e+00,0.000000000000000000e+00,0.000000000000000000e+00,5.154639175257713646e-03,5.154639175257713646e-03,0.000000000000000000e+00,0.000000000000000000e+00,0.000000000000000000e+00,0.000000000000000000e+00,0.000000000000000000e+00,0.000000000000000000e+00,0.000000000000000000e+00,5.167958656330795542e-03,2.770083102493048344e-03,0.000000000000000000e+00,0.000000000000000000e+00,0.000000000000000000e+00,0.000000000000000000e+00,2.610966057441266308e-03,2.577319587628856823e-03,0.000000000000000000e+00,0.000000000000000000e+00,0.000000000000000000e+00,2.710027100271017453e-03,0.000000000000000000e+00,0.000000000000000000e+00,1.000000000000000000e+00,0.000000000000000000e+00,0.000000000000000000e+00,2.577319587628856823e-03,0.000000000000000000e+00,5.154639175257713646e-03,0.000000000000000000e+00,0.000000000000000000e+00,0.000000000000000000e+00,0.000000000000000000e+00
0.000000000000000000e+00,0.000000000000000000e+00,2.793296089385499670e-03,0.000000000000000000e+00,9.560439560439560891e-01,0.000000000000000000e+00,0.000000000000000000e+00,0.000000000000000000e+00,0.000000000000000000e+00,8.870523415977961124e-01,8.397790055248618435e-01,2.570694087403624373e-03,0.000000000000000000e+00,0.000000000000000000e+00,0.000000000000000000e+00,0.000000000000000000e+00,6.781609195402298340e-01,0.000000000000000000e+00,6.212534059945504783e-01,0.000000000000000000e+00,1.030927835051542729e-02,0.000000000000000000e+00,3.402061855670103219e-01,3.676470588235281056e-03,0.000000000000000000e+00,8.425414364640884113e-01,0.000000000000000000e+00,0.000000000000000000e+00,0.000000000000000000e+00,0.000000000000000000e+00,0.000000000000000000e+00,0.000000000000000000e+00,0.000000000000000000e+00,0.000000000000000000e+00,2.739726027397249020e-03,0.000000000000000000e+00,6.294277929155314144e-01,0.000000000000000000e+00,6.428571428571427937e-01,0.000000000000000000e+00,2.604166666666629659e-03,0.000000000000000000e+00,8.879781420765027189e-01,0.000000000000000000e+00,4.201680672268892636e-03,0.000000000000000000e+00,5.479452054794498039e-03,6.153846153846154188e-01,0.000000000000000000e+00,6.780626780626780592e-01,0.000000000000000000e+00,2.724795640327015711e-03,0.000000000000000000e+00,0.000000000000000000e+00,0.000000000000000000e+00,0.000000000000000000e+00,6.023391812865497297e-01,0.000000000000000000e+00,0.000000000000000000e+00,0.000000000000000000e+00,0.000000000000000000e+00,6.780626780626780592e-01,2.570694087403624373e-03,0.000000000000000000e+00,0.000000000000000000e+00,8.785529715762274705e-02,0.000000000000000000e+00,0.000000000000000000e+00,0.000000000000000000e+00,0.000000000000000000e+00,5.464480874316945958e-03,0.000000000000000000e+00,0.000000000000000000e+00,0.000000000000000000e+00,0.000000000000000000e+00,0.000000000000000000e+00,9.326424870466321071e-02,0.000000000000000000e+00,0.000000000000000000e+00,2.564102564102554993e-03,0.000000000000000000e+00,0.000000000000000000e+00,1.288659793814428411e-02,2.724795640327015711e-03,0.000000000000000000e+00,2.577319587628856823e-03,0.000000000000000000e+00,3.213367609254498269e-01,6.568364611260053554e-01,0.000000000000000000e+00,2.597402597402598268e-03,0.000000000000000000e+00,0.000000000000000000e+00,0.000000000000000000e+00,0.000000000000000000e+00,0.000000000000000000e+00,0.000000000000000000e+00,0.000000000000000000e+00,0.000000000000000000e+00,0.000000000000000000e+00,0.000000000000000000e+00,2.710027100271017453e-03,1.114206128133710116e-02,0.000000000000000000e+00,0.000000000000000000e+00,2.577319587628856823e-03,2.785515320334219780e-03,5.420054200542034906e-03,2.577319587628856823e-03,2.717391304347782643e-03,0.000000000000000000e+00,0.000000000000000000e+00,0.000000000000000000e+00,0.000000000000000000e+00,0.000000000000000000e+00,6.963788300835653811e-01,5.434782608695676309e-03,2.695417789757459381e-03,7.792207792207794803e-03,0.000000000000000000e+00,1.000000000000000000e+00,5.154639175257713646e-03,2.570694087403624373e-03,0.000000000000000000e+00,0.000000000000000000e+00,2.597402597402598268e-03,0.000000000000000000e+00,0.000000000000000000e+00,2.597402597402598268e-03
2.551020408163240383e-03,0.000000000000000000e+00,0.000000000000000000e+00,0.000000000000000000e+00,8.241758241758212478e-03,0.000000000000000000e+00,0.000000000000000000e+00,2.717391304347782643e-03,0.000000000000000000e+00,1.648351648351653598e-02,1.648351648351653598e-02,2.551020408163240383e-03,0.000000000000000000e+00,0.000000000000000000e+00,0.000000000000000000e+00,0.000000000000000000e+00,8.571428571428563181e-03,0.000000000000000000e+00,5.420054200542034906e-03,0.000000000000000000e+00,9.770408163265306145e-01,0.000000000000000000e+00,1.025641025641021997e-02,0.000000000000000000e+00,0.000000000000000000e+00,1.377410468319562042e-02,2.557544757033292093e-03,2.739726027397249020e-03,0.000000000000000000e+00,0.000000000000000000e+00,0.000000000000000000e+00,0.000000000000000000e+00,0.000000000000000000e+00,0.000000000000000000e+00,0.000000000000000000e+00,2.717391304347782643e-03,2.710027100271017453e-03,0.000000000000000000e+00,8.875739644970459530e-03,0.000000000000000000e+00,0.000000000000000000e+00,0.000000000000000000e+00,1.902173913043481157e-02,0.000000000000000000e+00,0.000000000000000000e+00,2.570694087403624373e-03,9.918699186991869476e-01,8.823529411764674535e-03,0.000000000000000000e+00,2.272727272727270709e-02,0.000000000000000000e+00,0.000000000000000000e+00,2.702702702702675097e-03,2.551020408163240383e-03,5.128205128205109986e-03,0.000000000000000000e+00,5.813953488372103351e-03,0.000000000000000000e+00,3.424657534246589030e-03,0.000000000000000000e+00,0.000000000000000000e+00,1.704545454545458583e-02,2.551020408163240383e-03,0.000000000000000000e+00,0.000000000000000000e+00,0.000000000000000000e+00,2.551020408163240383e-03,0.000000000000000000e+00,0.000000000000000000e+00,5.128205128205109986e-03,9.918918918918918637e-01,0.000000000000000000e+00,2.695417789757459381e-03,0.000000000000000000e+00,0.000000000000000000e+00,0.000000000000000000e+00,0.000000000000000000e+00,0.000000000000000000e+00,0.000000000000000000e+00,0.000000000000000000e+00,0.000000000000000000e+00,0.000000000000000000e+00,0.000000000000000000e+00,0.000000000000000000e+00,0.000000000000000000e+00,0.000000000000000000e+00,0.000000000000000000e+00,1.020408163265307255e-02,8.000000000000007105e-03,7.653061224489832171e-03,0.000000000000000000e+00,2.564102564102554993e-03,0.000000000000000000e+00,0.000000000000000000e+00,0.000000000000000000e+00,0.000000000000000000e+00,0.000000000000000000e+00,0.000000000000000000e+00,2.551020408163240383e-03,2.564102564102554993e-03,0.000000000000000000e+00,4.489247311827957443e-01,0.000000000000000000e+00,0.000000000000000000e+00,0.000000000000000000e+00,0.000000000000000000e+00,0.000000000000000000e+00,9.892761394101876604e-01,0.000000000000000000e+00,0.000000000000000000e+00,0.000000000000000000e+00,0.000000000000000000e+00,0.000000000000000000e+00,0.000000000000000000e+00,1.078167115902961548e-02,1.939058171745156045e-02,9.865591397849462485e-01,0.000000000000000000e+00,9.742930591259639783e-01,0.000000000000000000e+00,5.154639175257713646e-03,1.000000000000000000e+00,9.898218829516539641e-01,5.128205128205109986e-03,0.000000000000000000e+00,0.000000000000000000e+00,0.000000000000000000e+00,2.577319587628856823e-03,0.000000000000000000e+00
0.000000000000000000e+00,0.000000000000000000e+00,2.770083102493048344e-03,0.000000000000000000e+00,1.643835616438360514e-02,0.000000000000000000e+00,0.000000000000000000e+00,0.000000000000000000e+00,0.000000000000000000e+00,1.095890410958899608e-02,8.241758241758212478e-03,0.000000000000000000e+00,0.000000000000000000e+00,0.000000000000000000e+00,0.000000000000000000e+00,2.544529262086481225e-03,1.428571428571423496e-02,0.000000000000000000e+00,5.405405405405350194e-03,0.000000000000000000e+00,9.770992366412213359e-01,0.000000000000000000e+00,1.534526854219953051e-02,3.649635036496401419e-03,0.000000000000000000e+00,1.098901098901094997e-02,2.551020408163240383e-03,2.732240437158472979e-03,0.000000000000000000e+00,2.832861189801749724e-03,0.000000000000000000e+00,0.000000000000000000e+00,0.000000000000000000e+00,2.680965147453084896e-03,0.000000000000000000e+00,0.000000000000000000e+00,2.710027100271017453e-03,0.000000000000000000e+00,2.949852507374672861e-03,0.000000000000000000e+00,0.000000000000000000e+00,0.000000000000000000e+00,1.086956521739135262e-02,0.000000000000000000e+00,4.184100418409997246e-03,0.000000000000000000e+00,9.891598915989160412e-01,5.865102639296182474e-03,0.000000000000000000e+00,1.133144475920677685e-02,0.000000000000000000e+00,0.000000000000000000e+00,0.000000000000000000e+00,5.089058524173073472e-03,5.115089514066473164e-03,0.000000000000000000e+00,2.906976744186051675e-03,0.000000000000000000e+00,0.000000000000000000e+00,2.739726027397249020e-03,0.000000000000000000e+00,1.416430594900852658e-02,0.000000000000000000e+00,0.000000000000000000e+00,0.000000000000000000e+00,2.570694087403624373e-03,0.000000000000000000e+00,0.000000000000000000e+00,0.000000000000000000e+00,5.115089514066473164e-03,9.892183288409703845e-01,2.793296089385499670e-03,2.688172043010750301e-03,2.770083102493048344e-03,0.000000000000000000e+00,0.000000000000000000e+00,2.570694087403624373e-03,0.000000000000000000e+00,0.000000000000000000e+00,0.000000000000000000e+00,0.000000000000000000e+00,0.000000000000000000e+00,0.000000000000000000e+00,0.000000000000000000e+00,0.000000000000000000e+00,0.000000000000000000e+00,0.000000000000000000e+00,1.020408163265307255e-02,2.666666666666706043e-03,1.017811704834603592e-02,0.000000000000000000e+00,0.000000000000000000e+00,0.000000000000000000e+00,0.000000000000000000e+00,0.000000000000000000e+00,0.000000000000000000e+00,0.000000000000000000e+00,0.000000000000000000e+00,5.102040816326480765e-03,0.000000000000000000e+00,0.000000000000000000e+00,4.516129032258064946e-01,0.000000000000000000e+00,0.000000000000000000e+00,0.000000000000000000e+00,0.000000000000000000e+00,0.000000000000000000e+00,9.865951742627345755e-01,0.000000000000000000e+00,0.000000000000000000e+00,0.000000000000000000e+00,2.583979328165342260e-03,0.000000000000000000e+00,0.000000000000000000e+00,8.086253369272267122e-03,8.310249307479256053e-03,9.839142091152814906e-01,0.000000000000000000e+00,9.717948717948717841e-01,2.577319587628856823e-03,2.570694087403624373e-03,9.898218829516539641e-01,1.000000000000000000e+00,1.023017902813294633e-02,2.551020408163240383e-03,0.000000000000000000e+00,0.000000000000000000e+00,0.000000000000000000e+00,0.000000000000000000e+00
0.000000000000000000e+00,0.000000000000000000e+00,0.000000000000000000e+00,0.000000000000000000e+00,0.000000000000000000e+00,0.000000000000000000e+00,2.570694087403624373e-03,0.000000000000000000e+00,0.000000000000000000e+00,2.747252747252737493e-03,0.000000000000000000e+00,0.000000000000000000e+00,0.000000000000000000e+00,0.000000000000000000e+00,0.000000000000000000e+00,0.000000000000000000e+00,0.000000000000000000e+00,0.000000000000000000e+00,0.000000000000000000e+00,0.000000000000000000e+00,2.564102564102554993e-03,0.000000000000000000e+00,0.000000000000000000e+00,3.649635036496401419e-03,0.000000000000000000e+00,0.000000000000000000e+00,0.000000000000000000e+00,9.479452054794520466e-01,0.000000000000000000e+00,0.000000000000000000e+00,0.000000000000000000e+00,0.000000000000000000e+00,0.000000000000000000e+00,0.000000000000000000e+00,0.000000000000000000e+00,0.000000000000000000e+00,0.000000000000000000e+00,0.000000000000000000e+00,0.000000000000000000e+00,0.000000000000000000e+00,0.000000000000000000e+00,0.000000000000000000e+00,0.000000000000000000e+00,0.000000000000000000e+00,0.000000000000000000e+00,0.000000000000000000e+00,2.732240437158472979e-03,0.000000000000000000e+00,0.000000000000000000e+00,0.000000000000000000e+00,0.000000000000000000e+00,0.000000000000000000e+00,0.000000000000000000e+00,0.000000000000000000e+00,9.615384615384615641e-01,0.000000000000000000e+00,0.000000000000000000e+00,0.000000000000000000e+00,0.000000000000000000e+00,0.000000000000000000e+00,0.000000000000000000e+00,0.000000000000000000e+00,0.000000000000000000e+00,0.000000000000000000e+00,0.000000000000000000e+00,2.577319587628856823e-03,2.557544757033292093e-03,0.000000000000000000e+00,0.000000000000000000e+00,9.589743589743590091e-01,2.717391304347782643e-03,0.000000000000000000e+00,9.460916442048517006e-01,0.000000000000000000e+00,0.000000000000000000e+00,0.000000000000000000e+00,0.000000000000000000e+00,0.000000000000000000e+00,0.000000000000000000e+00,0.000000000000000000e+00,0.000000000000000000e+00,2.577319587628856823e-03,2.564102564102554993e-03,0.000000000000000000e+00,2.695417789757459381e-03,0.000000000000000000e+00,2.597402597402598268e-03,0.000000000000000000e+00,0.000000000000000000e+00,9.642857142857143016e-01,0.000000000000000000e+00,0.000000000000000000e+00,2.570694087403624373e-03,0.000000000000000000e+00,0.000000000000000000e+00,0.000000000000000000e+00,0.000000000000000000e+00,0.000000000000000000e+00,9.515306122448979886e-01,0.000000000000000000e+00,0.000000000000000000e+00,8.108108108108136314e-03,0.000000000000000000e+00,0.000000000000000000e+00,0.000000000000000000e+00,0.000000000000000000e+00,0.000000000000000000e+00,5.405405405405350194e-03,0.000000000000000000e+00,0.000000000000000000e+00,0.000000000000000000e+00,0.000000000000000000e+00,0.000000000000000000e+00,0.000000000000000000e+00,9.405405405405404817e-01,2.777777777777767909e-03,8.108108108108136314e-03,0.000000000000000000e+00,2.583979328165342260e-03,0.000000000000000000e+00,0.000000000000000000e+00,5.128205128205109986e-03,1.023017902813294633e-02,1.000000000000000000e+00,0.000000000000000000e+00,0.000000000000000000e+00,0.000000000000000000e+00,0.000000000000000000e+00,0.000000000000000000e+00
5.089058524173073472e-03,0.000000000000000000e+00,0.000000000000000000e+00,5.779569892473117587e-01,0.000000000000000000e+00,0.000000000000000000e+00,0.000000000000000000e+00,8.130081300813052358e-03,8.130081300813052358e-03,0.000000000000000000e+00,0.000000000000000000e+00,1.882951653944020531e-01,0.000000000000000000e+00,0.000000000000000000e+00,0.000000000000000000e+00,5.736040609137056379e-01,0.000000000000000000e+00,0.000000000000000000e+00,0.000000000000000000e+00,0.000000000000000000e+00,0.000000000000000000e+00,2.577319587628856823e-03,0.000000000000000000e+00,0.000000000000000000e+00,0.000000000000000000e+00,0.000000000000000000e+00,0.000000000000000000e+00,0.000000000000000000e+00,2.213740458015267532e-01,0.000000000000000000e+00,0.000000000000000000e+00,0.000000000000000000e+00,0.000000000000000000e+00,5.935828877005346893e-01,0.000000000000000000e+00,0.000000000000000000e+00,2.702702702702675097e-03,0.000000000000000000e+00,0.000000000000000000e+00,0.000000000000000000e+00,0.000000000000000000e+00,0.000000000000000000e+00,2.717391304347782643e-03,0.000000000000000000e+00,0.000000000000000000e+00,2.564102564102554993e-03,0.000000000000000000e+00,2.932551319648091237e-03,0.000000000000000000e+00,0.000000000000000000e+00,0.000000000000000000e+00,2.156334231805929758e-01,2.183288409703504351e-01,0.000000000000000000e+00,0.000000000000000000e+00,0.000000000000000000e+00,0.000000000000000000e+00,0.000000000000000000e+00,0.000000000000000000e+00,0.000000000000000000e+00,0.000000000000000000e+00,0.000000000000000000e+00,2.010178117048345703e-01,0.000000000000000000e+00,0.000000000000000000e+00,2.564102564102554993e-03,5.648854961832061594e-01,0.000000000000000000e+00,0.000000000000000000e+00,0.000000000000000000e+00,2.702702702702675097e-03,0.000000000000000000e+00,0.000000000000000000e+00,0.000000000000000000e+00,0.000000000000000000e+00,2.762430939226567794e-03,2.570694087403624373e-03,0.000000000000000000e+00,0.000000000000000000e+00,5.888324873096446588e-01,0.000000000000000000e+00,0.000000000000000000e+00,0.000000000000000000e+00,0.000000000000000000e+00,2.707774798927613524e-01,0.000000000000000000e+00,0.000000000000000000e+00,2.544529262086481225e-03,0.000000000000000000e+00,0.000000000000000000e+00,2.577319587628856823e-03,0.000000000000000000e+00,0.000000000000000000e+00,0.000000000000000000e+00,0.000000000000000000e+00,0.000000000000000000e+00,0.000000000000000000e+00,0.000000000000000000e+00,0.000000000000000000e+00,0.000000000000000000e+00,0.000000000000000000e+00,2.688172043010750301e-03,0.000000000000000000e+00,0.000000000000000000e+00,0.000000000000000000e+00,0.000000000000000000e+00,0.000000000000000000e+00,0.000000000000000000e+00,0.000000000000000000e+00,0.000000000000000000e+00,2.570694087403624373e-03,0.000000000000000000e+00,0.000000000000000000e+00,0.000000000000000000e+00,0.000000000000000000e+00,0.000000000000000000e+00,2.688172043010750301e-03,9.679999999999999716e-01,0.000000000000000000e+00,5.154639175257713646e-03,0.000000000000000000e+00,0.000000000000000000e+00,2.551020408163240383e-03,0.000000000000000000e+00,1.000000000000000000e+00,0.000000000000000000e+00,0.000000000000000000e+00,2.570694087403624373e-03,0.000000000000000000e+00
0.000000000000000000e+00,0.000000000000000000e+00,0.000000000000000000e+00,0.000000000000000000e+00,0.000000000000000000e+00,1.388888888888883955e-02,0.000000000000000000e+00,0.000000000000000000e+00,0.000000000000000000e+00,0.000000000000000000e+00,0.000000000000000000e+00,0.000000000000000000e+00,8.028571428571428248e-01,0.000000000000000000e+00,0.000000000000000000e+00,0.000000000000000000e+00,0.000000000000000000e+00,0.000000000000000000e+00,8.196721311475418936e-03,0.000000000000000000e+00,0.000000000000000000e+00,0.000000000000000000e+00,0.000000000000000000e+00,0.000000000000000000e+00,8.005698005698005382e-01,0.000000000000000000e+00,0.000000000000000000e+00,0.000000000000000000e+00,0.000000000000000000e+00,3.133903133903137572e-02,1.291989664082682232e-02,0.000000000000000000e+00,0.000000000000000000e+00,0.000000000000000000e+00,0.000000000000000000e+00,0.000000000000000000e+00,0.000000000000000000e+00,0.000000000000000000e+00,8.955223880596996366e-03,1.388888888888883955e-02,4.155844155844157228e-02,0.000000000000000000e+00,0.000000000000000000e+00,0.000000000000000000e+00,0.000000000000000000e+00,0.000000000000000000e+00,0.000000000000000000e+00,0.000000000000000000e+00,0.000000000000000000e+00,2.857142857142891401e-03,0.000000000000000000e+00,0.000000000000000000e+00,0.000000000000000000e+00,0.000000000000000000e+00,0.000000000000000000e+00,0.000000000000000000e+00,0.000000000000000000e+00,9.637883008356545878e-01,0.000000000000000000e+00,0.000000000000000000e+00,0.000000000000000000e+00,0.000000000000000000e+00,0.000000000000000000e+00,9.376623376623376416e-01,0.000000000000000000e+00,0.000000000000000000e+00,0.000000000000000000e+00,0.000000000000000000e+00,1.400560224089630879e-02,0.000000000000000000e+00,2.732240437158472979e-03,0.000000000000000000e+00,0.000000000000000000e+00,0.000000000000000000e+00,0.000000000000000000e+00,0.000000000000000000e+00,0.000000000000000000e+00,1.129943502824859447e-02,0.000000000000000000e+00,0.000000000000000000e+00,2.597402597402598268e-03,0.000000000000000000e+00,0.000000000000000000e+00,0.000000000000000000e+00,0.000000000000000000e+00,5.154639175257713646e-03,9.328165374677002131e-01,0.000000000000000000e+00,1.075268817204300120e-02,0.000000000000000000e+00,4.818652849740933108e-01,0.000000000000000000e+00,0.000000000000000000e+00,0.000000000000000000e+00,4.692737430167597257e-01,0.000000000000000000e+00,0.000000000000000000e+00,2.570694087403624373e-03,0.000000000000000000e+00,0.000000000000000000e+00,0.000000000000000000e+00,0.000000000000000000e+00,0.000000000000000000e+00,2.793296089385499670e-03,0.000000000000000000e+00,0.000000000000000000e+00,9.337016574585634832e-01,0.000000000000000000e+00,0.000000000000000000e+00,0.000000000000000000e+00,9.458762886597937847e-01,0.000000000000000000e+00,0.000000000000000000e+00,0.000000000000000000e+00,0.000000000000000000e+00,0.000000000000000000e+00,0.000000000000000000e+00,2.702702702702675097e-03,0.000000000000000000e+00,0.000000000000000000e+00,2.597402597402598268e-03,0.000000000000000000e+00,0.000000000000000000e+00,0.000000000000000000e+00,0.000000000000000000e+00,1.000000000000000000e+00,9.897172236503856135e-01,9.897172236503856135e-01,9.922879177377892379e-01
2.570694087403624373e-03,0.000000000000000000e+00,2.793296089385499670e-03,0.000000000000000000e+00,0.000000000000000000e+00,1.388888888888883955e-02,0.000000000000000000e+00,0.000000000000000000e+00,0.000000000000000000e+00,0.000000000000000000e+00,2.770083102493048344e-03,0.000000000000000000e+00,8.000000000000000444e-01,0.000000000000000000e+00,0.000000000000000000e+00,0.000000000000000000e+00,0.000000000000000000e+00,2.564102564102554993e-03,8.174386920980936111e-03,0.000000000000000000e+00,0.000000000000000000e+00,0.000000000000000000e+00,0.000000000000000000e+00,0.000000000000000000e+00,8.034188034188034511e-01,0.000000000000000000e+00,0.000000000000000000e+00,0.000000000000000000e+00,0.000000000000000000e+00,3.133903133903137572e-02,1.291989664082682232e-02,0.000000000000000000e+00,0.000000000000000000e+00,0.000000000000000000e+00,0.000000000000000000e+00,0.000000000000000000e+00,0.000000000000000000e+00,0.000000000000000000e+00,8.928571428571396851e-03,1.385041551246535274e-02,3.896103896103897402e-02,0.000000000000000000e+00,2.739726027397249020e-03,0.000000000000000000e+00,4.201680672268892636e-03,0.000000000000000000e+00,0.000000000000000000e+00,0.000000000000000000e+00,0.000000000000000000e+00,0.000000000000000000e+00,0.000000000000000000e+00,0.000000000000000000e+00,2.724795640327015711e-03,0.000000000000000000e+00,0.000000000000000000e+00,0.000000000000000000e+00,0.000000000000000000e+00,9.611111111111111382e-01,0.000000000000000000e+00,0.000000000000000000e+00,0.000000000000000000e+00,0.000000000000000000e+00,0.000000000000000000e+00,9.274611398963730213e-01,0.000000000000000000e+00,0.000000000000000000e+00,2.570694087403624373e-03,0.000000000000000000e+00,1.396648044692738733e-02,0.000000000000000000e+00,0.000000000000000000e+00,2.816901408450700472e-03,0.000000000000000000e+00,0.000000000000000000e+00,0.000000000000000000e+00,0.000000000000000000e+00,0.000000000000000000e+00,1.412429378531077084e-02,0.000000000000000000e+00,0.000000000000000000e+00,0.000000000000000000e+00,0.000000000000000000e+00,0.000000000000000000e+00,0.000000000000000000e+00,2.710027100271017453e-03,0.000000000000000000e+00,9.302325581395348708e-01,0.000000000000000000e+00,1.075268817204300120e-02,0.000000000000000000e+00,4.870466321243522856e-01,0.000000000000000000e+00,0.000000000000000000e+00,0.000000000000000000e+00,4.623955431754874779e-01,0.000000000000000000e+00,0.000000000000000000e+00,0.000000000000000000e+00,0.000000000000000000e+00,0.000000000000000000e+00,0.000000000000000000e+00,0.000000000000000000e+00,0.000000000000000000e+00,2.793296089385499670e-03,0.000000000000000000e+00,0.000000000000000000e+00,9.337016574585634832e-01,0.000000000000000000e+00,0.000000000000000000e+00,0.000000000000000000e+00,9.357326478149100568e-01,0.000000000000000000e+00,2.570694087403624373e-03,0.000000000000000000e+00,0.000000000000000000e+00,0.000000000000000000e+00,0.000000000000000000e+00,0.000000000000000000e+00,0.000000000000000000e+00,0.000000000000000000e+00,0.000000000000000000e+00,0.000000000000000000e+00,0.000000000000000000e+00,0.000000000000000000e+00,0.000000000000000000e+00,9.897172236503856135e-01,1.000000000000000000e+00,9.974293059125963756e-01,9.897172236503856135e-01
0.000000000000000000e+00,0.000000000000000000e+00,0.000000000000000000e+00,0.000000000000000000e+00,0.000000000000000000e+00,1.388888888888883955e-02,2.583979328165342260e-03,0.000000000000000000e+00,0.000000000000000000e+00,0.000000000000000000e+00,0.000000000000000000e+00,0.000000000000000000e+00,7.971428571428571530e-01,0.000000000000000000e+00,0.000000000000000000e+00,2.570694087403624373e-03,0.000000000000000000e+00,0.000000000000000000e+00,8.196721311475418936e-03,0.000000000000000000e+00,0.000000000000000000e+00,0.000000000000000000e+00,2.583979328165342260e-03,0.000000000000000000e+00,8.034188034188034511e-01,0.000000000000000000e+00,2.577319587628856823e-03,0.000000000000000000e+00,0.000000000000000000e+00,3.418803418803417760e-02,1.291989664082682232e-02,0.000000000000000000e+00,0.000000000000000000e+00,0.000000000000000000e+00,2.739726027397249020e-03,0.000000000000000000e+00,0.000000000000000000e+00,0.000000000000000000e+00,8.928571428571396851e-03,1.385041551246535274e-02,3.376623376623377748e-02,2.570694087403624373e-03,0.000000000000000000e+00,0.000000000000000000e+00,0.000000000000000000e+00,0.000000000000000000e+00,0.000000000000000000e+00,0.000000000000000000e+00,0.000000000000000000e+00,2.857142857142891401e-03,0.000000000000000000e+00,0.000000000000000000e+00,0.000000000000000000e+00,2.570694087403624373e-03,0.000000000000000000e+00,0.000000000000000000e+00,0.000000000000000000e+00,9.638888888888889062e-01,0.000000000000000000e+00,0.000000000000000000e+00,0.000000000000000000e+00,2.857142857142891401e-03,0.000000000000000000e+00,9.274611398963730213e-01,0.000000000000000000e+00,0.000000000000000000e+00,0.000000000000000000e+00,0.000000000000000000e+00,1.120448179271704703e-02,0.000000000000000000e+00,2.732240437158472979e-03,2.816901408450700472e-03,0.000000000000000000e+00,0.000000000000000000e+00,0.000000000000000000e+00,0.000000000000000000e+00,0.000000000000000000e+00,1.129943502824859447e-02,0.000000000000000000e+00,0.000000000000000000e+00,0.000000000000000000e+00,0.000000000000000000e+00,2.577319587628856823e-03,0.000000000000000000e+00,2.710027100271017453e-03,2.577319587628856823e-03,9.302325581395348708e-01,0.000000000000000000e+00,8.064516129032250902e-03,0.000000000000000000e+00,4.818652849740933108e-01,0.000000000000000000e+00,0.000000000000000000e+00,0.000000000000000000e+00,4.651810584958216976e-01,0.000000000000000000e+00,2.570694087403624373e-03,0.000000000000000000e+00,0.000000000000000000e+00,2.583979328165342260e-03,0.000000000000000000e+00,2.717391304347782643e-03,0.000000000000000000e+00,2.793296089385499670e-03,0.000000000000000000e+00,0.000000000000000000e+00,9.337016574585634832e-01,0.000000000000000000e+00,0.000000000000000000e+00,0.000000000000000000e+00,9.383033419023136812e-01,0.000000000000000000e+00,0.000000000000000000e+00,0.000000000000000000e+00,0.000000000000000000e+00,0.000000000000000000e+00,2.717391304347782643e-03,0.000000000000000000e+00,2.597402597402598268e-03,0.000000000000000000e+00,0.000000000000000000e+00,2.577319587628856823e-03,0.000000000000000000e+00,0.000000000000000000e+00,2.570694087403624373e-03,9.897172236503856135e-01,9.974293059125963756e-01,1.000000000000000000e+00,9.897172236503856135e-01
0.000000000000000000e+00,0.000000000000000000e+00,0.000000000000000000e+00,0.000000000000000000e+00,0.000000000000000000e+00,1.388888888888883955e-02,0.000000000000000000e+00,0.000000000000000000e+00,0.000000000000000000e+00,0.000000000000000000e+00,0.000000000000000000e+00,0.000000000000000000e+00,8.028571428571428248e-01,0.000000000000000000e+00,0.000000000000000000e+00,2.570694087403624373e-03,0.000000000000000000e+00,0.000000000000000000e+00,8.196721311475418936e-03,0.000000000000000000e+00,0.000000000000000000e+00,0.000000000000000000e+00,0.000000000000000000e+00,0.000000000000000000e+00,8.062678062678062529e-01,0.000000000000000000e+00,0.000000000000000000e+00,0.000000000000000000e+00,0.000000000000000000e+00,3.133903133903137572e-02,1.291989664082682232e-02,0.000000000000000000e+00,0.000000000000000000e+00,0.000000000000000000e+00,2.739726027397249020e-03,0.000000000000000000e+00,0.000000000000000000e+00,0.000000000000000000e+00,1.190476190476186247e-02,1.385041551246535274e-02,4.155844155844157228e-02,0.000000000000000000e+00,0.000000000000000000e+00,0.000000000000000000e+00,0.000000000000000000e+00,0.000000000000000000e+00,0.000000000000000000e+00,0.000000000000000000e+00,0.000000000000000000e+00,2.857142857142891401e-03,0.000000000000000000e+00,0.000000000000000000e+00,0.000000000000000000e+00,2.570694087403624373e-03,0.000000000000000000e+00,0.000000000000000000e+00,0.000000000000000000e+00,9.638888888888889062e-01,0.000000000000000000e+00,0.000000000000000000e+00,0.000000000000000000e+00,2.857142857142891401e-03,0.000000000000000000e+00,9.274611398963730213e-01,0.000000000000000000e+00,0.000000000000000000e+00,0.000000000000000000e+00,0.000000000000000000e+00,1.120448179271704703e-02,0.000000000000000000e+00,2.732240437158472979e-03,2.816901408450700472e-03,0.000000000000000000e+00,0.000000000000000000e+00,0.000000000000000000e+00,0.000000000000000000e+00,0.000000000000000000e+00,1.129943502824859447e-02,0.000000000000000000e+00,0.000000000000000000e+00,0.000000000000000000e+00,0.000000000000000000e+00,2.577319587628856823e-03,0.000000000000000000e+00,0.000000000000000000e+00,2.577319587628856823e-03,9.224806201550387330e-01,0.000000000000000000e+00,1.075268817204300120e-02,0.000000000000000000e+00,4.715025906735751393e-01,0.000000000000000000e+00,0.000000000000000000e+00,0.000000000000000000e+00,4.608938547486033377e-01,0.000000000000000000e+00,0.000000000000000000e+00,2.570694087403624373e-03,0.000000000000000000e+00,2.583979328165342260e-03,0.000000000000000000e+00,2.717391304347782643e-03,0.000000000000000000e+00,2.793296089385499670e-03,0.000000000000000000e+00,0.000000000000000000e+00,9.309392265193370264e-01,0.000000000000000000e+00,0.000000000000000000e+00,0.000000000000000000e+00,9.434447300771208189e-01,0.000000000000000000e+00,0.000000000000000000e+00,0.000000000000000000e+00,0.000000000000000000e+00,0.000000000000000000e+00,0.000000000000000000e+00,2.702702702702675097e-03,0.000000000000000000e+00,0.000000000000000000e+00,2.597402597402598268e-03,0.000000000000000000e+00,0.000000000000000000e+00,0.000000000000000000e+00,0.000000000000000000e+00,9.922879177377892379e-01,9.897172236503856135e-01,9.897172236503856135e-01,1.000000000000000000e+00
