1.000000000000000000e+00,0.000000000000000000e+00,1.953125000000000000e-02,0.000000000000000000e+00,1.562500000000000000e-02,4.396887159533073852e-01,0.000000000000000000e+00,4.098360655737653957e-03,1.176470588235289938e-02,0.000000000000000000e+00,3.906250000000000000e-03,2.745098039215687624e-02,0.000000000000000000e+00,0.000000000000000000e+00,0.000000000000000000e+00,0.000000000000000000e+00,0.000000000000000000e+00,9.416342412451361721e-01,0.000000000000000000e+00,1.953125000000000000e-02,1.953125000000000000e-02,0.000000000000000000e+00,4.081632653061273430e-03,0.000000000000000000e+00,1.562500000000000000e-02,0.000000000000000000e+00,1.568627450980397686e-02,3.906250000000000000e-03,1.968503937007870519e-02,0.000000000000000000e+00,0.000000000000000000e+00,3.937007874015741038e-03,1.568627450980397686e-02,0.000000000000000000e+00,3.906250000000000000e-03,1.953125000000000000e-02,1.562500000000000000e-02,3.906250000000000000e-03,0.000000000000000000e+00,0.000000000000000000e+00,1.176470588235289938e-02,0.000000000000000000e+00,3.891050583657573725e-03,0.000000000000000000e+00,7.905138339920902979e-03,0.000000000000000000e+00,3.906250000000000000e-03,1.171875000000000000e-02,1.562500000000000000e-02,1.562500000000000000e-02,3.921568627450966460e-03,3.906250000000000000e-03,3.921568627450966460e-03,7.843137254901932920e-03,1.568627450980397686e-02,3.921568627450966460e-03,4.163424124513618318e-01,1.171875000000000000e-02,2.334630350194555337e-02,4.251968503937008093e-01,1.953125000000000000e-02,0.000000000000000000e+00,4.453125000000000000e-01,3.906250000000000000e-03,1.171875000000000000e-02,1.574803149606296415e-02,0.000000000000000000e+00,0.000000000000000000e+00,0.000000000000000000e+00
0.000000000000000000e+00,1.000000000000000000e+00,1.171875000000000000e-02,0.000000000000000000e+00,0.000000000000000000e+00,7.812500000000000000e-03,0.000000000000000000e+00,0.000000000000000000e+00,7.843137254901932920e-03,0.000000000000000000e+00,0.000000000000000000e+00,7.843137254901932920e-03,0.000000000000000000e+00,0.000000000000000000e+00,0.000000000000000000e+00,0.000000000000000000e+00,8.789062500000000000e-01,3.906250000000000000e-03,0.000000000000000000e+00,0.000000000000000000e+00,1.171875000000000000e-02,3.968253968253954156e-03,0.000000000000000000e+00,0.000000000000000000e+00,3.906250000000000000e-03,3.891050583657573725e-03,3.921568627450966460e-03,0.000000000000000000e+00,7.874015748031482076e-03,0.000000000000000000e+00,0.000000000000000000e+00,0.000000000000000000e+00,0.000000000000000000e+00,8.130081300813052358e-03,0.000000000000000000e+00,0.000000000000000000e+00,7.843137254901932920e-03,3.906250000000000000e-03,3.968253968253954156e-03,0.000000000000000000e+00,3.921568627450966460e-03,0.000000000000000000e+00,0.000000000000000000e+00,0.000000000000000000e+00,7.905138339920902979e-03,0.000000000000000000e+00,8.715953307392996230e-01,0.000000000000000000e+00,0.000000000000000000e+00,1.176470588235289938e-02,3.921568627450966460e-03,8.715953307392996230e-01,3.921568627450966460e-03,7.843137254901932920e-03,3.921568627450966460e-03,3.921568627450966460e-03,0.000000000000000000e+00,1.171875000000000000e-02,7.782101167315147450e-03,3.952569169960451489e-03,1.171875000000000000e-02,0.000000000000000000e+00,0.000000000000000000e+00,0.000000000000000000e+00,1.171875000000000000e-02,1.181102362204722311e-02,0.000000000000000000e+00,0.000000000000000000e+00,3.906250000000000000e-03
1.953125000000000000e-02,1.171875000000000000e-02,1.000000000000000000e+00,3.906250000000000000e-03,9.338521400778210246e-02,1.953125000000000000e-02,3.906250000000000000e-03,4.081632653061273430e-03,5.098039215686278602e-02,4.048582995951455210e-03,3.906250000000000000e-03,5.195312500000000000e-01,0.000000000000000000e+00,0.000000000000000000e+00,0.000000000000000000e+00,0.000000000000000000e+00,7.843137254901932920e-03,2.343750000000000000e-02,3.937007874015741038e-03,8.949416342412452874e-02,9.922178988326848526e-01,0.000000000000000000e+00,0.000000000000000000e+00,0.000000000000000000e+00,8.560311284046695501e-02,7.782101167315147450e-03,8.593750000000000000e-02,0.000000000000000000e+00,9.921875000000000000e-01,0.000000000000000000e+00,0.000000000000000000e+00,0.000000000000000000e+00,9.019607843137256165e-02,0.000000000000000000e+00,0.000000000000000000e+00,9.338521400778210246e-02,8.984375000000000000e-02,0.000000000000000000e+00,0.000000000000000000e+00,0.000000000000000000e+00,8.235294117647062873e-02,3.891050583657573725e-03,0.000000000000000000e+00,0.000000000000000000e+00,1.581027667984191698e-02,0.000000000000000000e+00,1.171875000000000000e-02,7.031250000000000000e-02,9.338521400778210246e-02,1.953125000000000000e-02,4.296875000000000000e-02,1.171875000000000000e-02,2.352941176470590978e-02,1.054687500000000000e-01,8.984375000000000000e-02,1.568627450980397686e-02,1.562500000000000000e-02,2.734375000000000000e-02,8.171206225680938129e-02,1.581027667984191698e-02,4.396887159533073852e-01,3.906250000000000000e-03,1.953125000000000000e-02,3.906250000000000000e-03,3.515625000000000000e-02,3.921568627450977562e-02,3.921568627450966460e-03,3.921568627450966460e-03,3.921568627450966460e-03
0.000000000000000000e+00,0.000000000000000000e+00,3.906250000000000000e-03,1.000000000000000000e+00,0.000000000000000000e+00,0.000000000000000000e+00,3.906250000000000000e-03,0.000000000000000000e+00,0.000000000000000000e+00,0.000000000000000000e+00,3.891050583657573725e-03,3.921568627450966460e-03,3.891050583657573725e-03,0.000000000000000000e+00,0.000000000000000000e+00,7.782101167315147450e-03,0.000000000000000000e+00,0.000000000000000000e+00,9.882352941176471006e-01,0.000000000000000000e+00,3.906250000000000000e-03,0.000000000000000000e+00,0.000000000000000000e+00,0.000000000000000000e+00,0.000000000000000000e+00,3.891050583657573725e-03,0.000000000000000000e+00,0.000000000000000000e+00,0.000000000000000000e+00,0.000000000000000000e+00,0.000000000000000000e+00,3.921568627450966460e-03,0.000000000000000000e+00,0.000000000000000000e+00,3.906250000000000000e-03,0.000000000000000000e+00,0.000000000000000000e+00,0.000000000000000000e+00,0.000000000000000000e+00,0.000000000000000000e+00,0.000000000000000000e+00,3.891050583657573725e-03,3.891050583657573725e-03,0.000000000000000000e+00,0.000000000000000000e+00,0.000000000000000000e+00,0.000000000000000000e+00,0.000000000000000000e+00,3.891050583657573725e-03,3.906250000000000000e-03,3.906250000000000000e-03,0.000000000000000000e+00,0.000000000000000000e+00,0.000000000000000000e+00,0.000000000000000000e+00,0.000000000000000000e+00,0.000000000000000000e+00,0.000000000000000000e+00,0.000000000000000000e+00,3.937007874015741038e-03,3.906250000000000000e-03,3.906250000000000000e-03,0.000000000000000000e+00,3.906250000000000000e-03,0.000000000000000000e+00,0.000000000000000000e+00,3.906250000000000000e-03,3.906250000000000000e-03,3.906250000000000000e-03
1.562500000000000000e-02,0.000000000000000000e+00,9.338521400778210246e-02,0.000000000000000000e+00,1.000000000000000000e+00,2.723735408560312710e-02,3.891050583657573725e-03,0.000000000000000000e+00,2.382812500000000000e-01,0.000000000000000000e+00,3.891050583657573725e-03,7.812500000000000000e-02,3.891050583657573725e-03,0.000000000000000000e+00,0.000000000000000000e+00,0.000000000000000000e+00,7.843137254901932920e-03,2.334630350194555337e-02,0.000000000000000000e+00,9.961240310077519311e-01,9.338521400778210246e-02,0.000000000000000000e+00,0.000000000000000000e+00,0.000000000000000000e+00,8.720930232558139483e-01,3.891050583657573725e-03,4.609375000000000000e-01,0.000000000000000000e+00,9.803921568627449457e-02,0.000000000000000000e+00,0.000000000000000000e+00,3.921568627450966460e-03,8.085937500000000000e-01,0.000000000000000000e+00,0.000000000000000000e+00,9.961240310077519311e-01,8.832684824902723442e-01,1.562500000000000000e-02,0.000000000000000000e+00,0.000000000000000000e+00,8.046875000000000000e-01,7.782101167315147450e-03,1.167315175097272117e-02,0.000000000000000000e+00,2.362204724409444623e-02,0.000000000000000000e+00,1.167315175097272117e-02,2.334630350194552006e-01,7.868217054263566546e-01,1.171875000000000000e-02,2.890625000000000000e-01,7.812500000000000000e-03,1.953125000000000000e-02,7.937743190661479264e-01,6.875000000000000000e-01,2.745098039215687624e-02,1.556420233463029490e-02,1.945525291828797965e-02,8.643410852713178105e-01,2.362204724409444623e-02,6.614785992217897537e-02,3.891050583657573725e-03,1.556420233463029490e-02,0.000000000000000000e+00,2.734375000000000000e-02,5.882352941176471894e-02,3.906250000000000000e-03,3.906250000000000000e-03,3.906250000000000000e-03
4.396887159533073852e-01,7.812500000000000000e-03,1.953125000000000000e-02,0.000000000000000000e+00,2.723735408560312710e-02,1.000000000000000000e+00,0.000000000000000000e+00,0.000000000000000000e+00,1.176470588235289938e-02,0.000000000000000000e+00,0.000000000000000000e+00,1.960784313725494332e-02,0.000000000000000000e+00,0.000000000000000000e+00,0.000000000000000000e+00,3.891050583657573725e-03,0.000000000000000000e+00,4.357976653696498115e-01,0.000000000000000000e+00,3.112840466926070082e-02,1.953125000000000000e-02,0.000000000000000000e+00,0.000000000000000000e+00,0.000000000000000000e+00,3.112840466926070082e-02,3.891050583657573725e-03,1.562500000000000000e-02,0.000000000000000000e+00,1.574803149606296415e-02,0.000000000000000000e+00,0.000000000000000000e+00,0.000000000000000000e+00,1.568627450980397686e-02,0.000000000000000000e+00,0.000000000000000000e+00,2.723735408560312710e-02,1.562500000000000000e-02,0.000000000000000000e+00,0.000000000000000000e+00,0.000000000000000000e+00,2.745098039215687624e-02,0.000000000000000000e+00,0.000000000000000000e+00,0.000000000000000000e+00,3.952569169960451489e-03,0.000000000000000000e+00,0.000000000000000000e+00,1.953125000000000000e-02,1.945525291828797965e-02,0.000000000000000000e+00,1.171875000000000000e-02,0.000000000000000000e+00,0.000000000000000000e+00,7.812500000000000000e-03,1.953125000000000000e-02,0.000000000000000000e+00,7.704280155642023731e-01,1.167315175097272117e-02,1.945525291828797965e-02,7.204724409448819422e-01,1.562500000000000000e-02,0.000000000000000000e+00,8.054474708171206476e-01,0.000000000000000000e+00,3.906250000000000000e-03,7.843137254901932920e-03,0.000000000000000000e+00,0.000000000000000000e+00,0.000000000000000000e+00
0.000000000000000000e+00,0.000000000000000000e+00,3.906250000000000000e-03,3.906250000000000000e-03,3.891050583657573725e-03,0.000000000000000000e+00,1.000000000000000000e+00,0.000000000000000000e+00,3.921568627450966460e-03,4.032258064516125451e-03,9.341085271317829397e-01,3.921568627450966460e-03,9.302325581395348708e-01,0.000000000000000000e+00,0.000000000000000000e+00,0.000000000000000000e+00,0.000000000000000000e+00,0.000000000000000000e+00,0.000000000000000000e+00,7.782101167315147450e-03,3.906250000000000000e-03,0.000000000000000000e+00,0.000000000000000000e+00,0.000000000000000000e+00,7.782101167315147450e-03,9.379844961240310086e-01,3.906250000000000000e-03,3.906250000000000000e-03,0.000000000000000000e+00,0.000000000000000000e+00,0.000000000000000000e+00,9.257812500000000000e-01,3.137254901960784270e-02,0.000000000000000000e+00,3.906250000000000000e-03,3.891050583657573725e-03,3.906250000000000000e-03,0.000000000000000000e+00,0.000000000000000000e+00,0.000000000000000000e+00,2.745098039215687624e-02,9.224806201550387330e-01,0.000000000000000000e+00,0.000000000000000000e+00,0.000000000000000000e+00,0.000000000000000000e+00,3.906250000000000000e-03,0.000000000000000000e+00,7.782101167315147450e-03,0.000000000000000000e+00,4.687500000000000000e-02,3.906250000000000000e-03,0.000000000000000000e+00,3.906250000000000000e-03,0.000000000000000000e+00,0.000000000000000000e+00,0.000000000000000000e+00,0.000000000000000000e+00,3.891050583657573725e-03,0.000000000000000000e+00,3.891050583657573725e-03,0.000000000000000000e+00,0.000000000000000000e+00,0.000000000000000000e+00,0.000000000000000000e+00,0.000000000000000000e+00,7.812500000000000000e-03,7.812500000000000000e-03,7.812500000000000000e-03
4.098360655737653957e-03,0.000000000000000000e+00,4.081632653061273430e-03,0.000000000000000000e+00,0.000000000000000000e+00,0.000000000000000000e+00,0.000000000000000000e+00,1.000000000000000000e+00,0.000000000000000000e+00,0.000000000000000000e+00,0.000000000000000000e+00,4.098360655737653957e-03,0.000000000000000000e+00,3.749999999999997780e-02,1.260504201680667791e-02,0.000000000000000000e+00,0.000000000000000000e+00,0.000000000000000000e+00,4.115226337448540939e-03,0.000000000000000000e+00,0.000000000000000000e+00,0.000000000000000000e+00,3.333333333333332593e-02,2.118644067796615627e-02,0.000000000000000000e+00,0.000000000000000000e+00,4.098360655737653957e-03,0.000000000000000000e+00,0.000000000000000000e+00,8.474576271186418097e-03,7.053941908713690090e-02,0.000000000000000000e+00,0.000000000000000000e+00,2.083333333333337034e-02,0.000000000000000000e+00,0.000000000000000000e+00,0.000000000000000000e+00,0.000000000000000000e+00,0.000000000000000000e+00,2.953586497890292595e-02,0.000000000000000000e+00,0.000000000000000000e+00,0.000000000000000000e+00,6.557377049180328488e-01,0.000000000000000000e+00,6.735537190082644399e-01,0.000000000000000000e+00,0.000000000000000000e+00,0.000000000000000000e+00,0.000000000000000000e+00,0.000000000000000000e+00,0.000000000000000000e+00,0.000000000000000000e+00,0.000000000000000000e+00,0.000000000000000000e+00,0.000000000000000000e+00,0.000000000000000000e+00,0.000000000000000000e+00,0.000000000000000000e+00,0.000000000000000000e+00,0.000000000000000000e+00,0.000000000000000000e+00,0.000000000000000000e+00,0.000000000000000000e+00,0.000000000000000000e+00,0.000000000000000000e+00,0.000000000000000000e+00,0.000000000000000000e+00,0.000000000000000000e+00
1.176470588235289938e-02,7.843137254901932920e-03,5.098039215686278602e-02,0.000000000000000000e+00,2.382812500000000000e-01,1.176470588235289938e-02,3.921568627450966460e-03,0.000000000000000000e+00,1.000000000000000000e+00,0.000000000000000000e+00,0.000000000000000000e+00,5.511811023622048555e-02,0.000000000000000000e+00,0.000000000000000000e+00,0.000000000000000000e+00,0.000000000000000000e+00,7.874015748031482076e-03,7.843137254901932920e-03,0.000000000000000000e+00,2.304687500000000000e-01,5.098039215686278602e-02,7.936507936507908312e-03,0.000000000000000000e+00,0.000000000000000000e+00,2.226562500000000000e-01,0.000000000000000000e+00,2.156862745098039325e-01,1.960784313725494332e-02,6.299212598425196763e-02,0.000000000000000000e+00,0.000000000000000000e+00,0.000000000000000000e+00,2.401574803149606474e-01,0.000000000000000000e+00,1.568627450980397686e-02,2.304687500000000000e-01,2.196078431372548989e-01,1.176470588235289938e-02,3.984063745019916780e-03,0.000000000000000000e+00,2.352941176470588758e-01,0.000000000000000000e+00,1.171875000000000000e-02,0.000000000000000000e+00,1.984126984126988180e-02,0.000000000000000000e+00,1.960784313725494332e-02,8.281250000000000000e-01,2.070312500000000000e-01,1.568627450980397686e-02,9.411764705882352811e-02,1.568627450980397686e-02,2.755905511811018727e-02,2.039215686274510331e-01,1.999999999999999556e-01,2.362204724409444623e-02,3.921568627450966460e-03,1.176470588235289938e-02,2.148437500000000000e-01,1.190476190476186247e-02,4.313725490196074208e-02,0.000000000000000000e+00,1.176470588235289938e-02,0.000000000000000000e+00,1.568627450980397686e-02,5.118110236220474452e-02,0.000000000000000000e+00,0.000000000000000000e+00,0.000000000000000000e+00
0.000000000000000000e+00,0.000000000000000000e+00,4.048582995951455210e-03,0.000000000000000000e+00,0.000000000000000000e+00,0.000000000000000000e+00,4.032258064516125451e-03,0.000000000000000000e+00,0.000000000000000000e+00,1.000000000000000000e+00,0.000000000000000000e+00,4.065040650406470668e-03,4.032258064516125451e-03,4.132231404958663923e-03,0.000000000000000000e+00,0.000000000000000000e+00,8.130081300813052358e-03,0.000000000000000000e+00,0.000000000000000000e+00,0.000000000000000000e+00,0.000000000000000000e+00,0.000000000000000000e+00,0.000000000000000000e+00,0.000000000000000000e+00,0.000000000000000000e+00,0.000000000000000000e+00,0.000000000000000000e+00,0.000000000000000000e+00,0.000000000000000000e+00,8.474576271186418097e-03,0.000000000000000000e+00,0.000000000000000000e+00,0.000000000000000000e+00,0.000000000000000000e+00,0.000000000000000000e+00,0.000000000000000000e+00,0.000000000000000000e+00,0.000000000000000000e+00,0.000000000000000000e+00,0.000000000000000000e+00,4.048582995951455210e-03,0.000000000000000000e+00,0.000000000000000000e+00,0.000000000000000000e+00,0.000000000000000000e+00,4.201680672268892636e-03,0.000000000000000000e+00,4.032258064516125451e-03,0.000000000000000000e+00,0.000000000000000000e+00,4.048582995951455210e-03,0.000000000000000000e+00,0.000000000000000000e+00,4.048582995951455210e-03,4.048582995951455210e-03,0.000000000000000000e+00,0.000000000000000000e+00,0.000000000000000000e+00,4.032258064516125451e-03,0.000000000000000000e+00,0.000000000000000000e+00,0.000000000000000000e+00,0.000000000000000000e+00,4.032258064516125451e-03,0.000000000000000000e+00,4.065040650406470668e-03,0.000000000000000000e+00,0.000000000000000000e+00,0.000000000000000000e+00
3.906250000000000000e-03,0.000000000000000000e+00,3.906250000000000000e-03,3.891050583657573725e-03,3.891050583657573725e-03,0.000000000000000000e+00,9.341085271317829397e-01,0.000000000000000000e+00,0.000000000000000000e+00,0.000000000000000000e+00,1.000000000000000000e+00,3.921568627450966460e-03,9.263565891472868019e-01,0.000000000000000000e+00,0.000000000000000000e+00,0.000000000000000000e+00,0.000000000000000000e+00,0.000000000000000000e+00,0.000000000000000000e+00,3.891050583657573725e-03,3.906250000000000000e-03,3.952569169960451489e-03,0.000000000000000000e+00,0.000000000000000000e+00,3.891050583657573725e-03,9.961240310077519311e-01,0.000000000000000000e+00,3.906250000000000000e-03,3.921568627450966460e-03,0.000000000000000000e+00,4.098360655737653957e-03,9.257812500000000000e-01,3.137254901960784270e-02,0.000000000000000000e+00,3.906250000000000000e-03,7.782101167315147450e-03,3.906250000000000000e-03,0.000000000000000000e+00,0.000000000000000000e+00,0.000000000000000000e+00,3.125000000000000000e-02,9.186046511627906641e-01,0.000000000000000000e+00,0.000000000000000000e+00,0.000000000000000000e+00,0.000000000000000000e+00,3.891050583657573725e-03,0.000000000000000000e+00,3.891050583657573725e-03,0.000000000000000000e+00,4.687500000000000000e-02,3.906250000000000000e-03,0.000000000000000000e+00,3.906250000000000000e-03,0.000000000000000000e+00,0.000000000000000000e+00,0.000000000000000000e+00,0.000000000000000000e+00,0.000000000000000000e+00,0.000000000000000000e+00,7.782101167315147450e-03,0.000000000000000000e+00,0.000000000000000000e+00,3.891050583657573725e-03,0.000000000000000000e+00,0.000000000000000000e+00,7.812500000000000000e-03,7.812500000000000000e-03,1.171875000000000000e-02
2.745098039215687624e-02,7.843137254901932920e-03,5.195312500000000000e-01,3.921568627450966460e-03,7.812500000000000000e-02,1.960784313725494332e-02,3.921568627450966460e-03,4.098360655737653957e-03,5.511811023622048555e-02,4.065040650406470668e-03,3.921568627450966460e-03,1.000000000000000000e+00,3.921568627450966460e-03,0.000000000000000000e+00,0.000000000000000000e+00,0.000000000000000000e+00,7.874015748031482076e-03,3.529411764705880916e-02,0.000000000000000000e+00,8.203125000000000000e-02,5.156250000000000000e-01,0.000000000000000000e+00,0.000000000000000000e+00,0.000000000000000000e+00,7.843137254901966227e-02,3.921568627450966460e-03,7.480314960629919074e-02,0.000000000000000000e+00,5.236220472440944462e-01,0.000000000000000000e+00,0.000000000000000000e+00,0.000000000000000000e+00,8.661417322834641386e-02,0.000000000000000000e+00,0.000000000000000000e+00,7.421875000000000000e-02,7.058823529411761832e-02,0.000000000000000000e+00,3.984063745019916780e-03,0.000000000000000000e+00,8.661417322834641386e-02,3.921568627450966460e-03,0.000000000000000000e+00,0.000000000000000000e+00,1.587301587301592765e-02,0.000000000000000000e+00,1.176470588235289938e-02,5.490196078431375248e-02,7.031250000000000000e-02,4.313725490196074208e-02,3.921568627450977562e-02,1.568627450980397686e-02,1.574803149606296415e-02,6.274509803921568540e-02,7.843137254901966227e-02,1.181102362204722311e-02,1.568627450980397686e-02,3.137254901960784270e-02,7.031250000000000000e-02,2.380952380952383596e-02,4.921875000000000000e-01,0.000000000000000000e+00,1.960784313725494332e-02,0.000000000000000000e+00,3.137254901960784270e-02,3.162055335968383396e-02,0.000000000000000000e+00,0.000000000000000000e+00,0.000000000000000000e+00
0.000000000000000000e+00,0.000000000000000000e+00,0.000000000000000000e+00,3.891050583657573725e-03,3.891050583657573725e-03,0.000000000000000000e+00,9.302325581395348708e-01,0.000000000000000000e+00,0.000000000000000000e+00,4.032258064516125451e-03,9.263565891472868019e-01,3.921568627450966460e-03,1.000000000000000000e+00,0.000000000000000000e+00,0.000000000000000000e+00,0.000000000000000000e+00,0.000000000000000000e+00,0.000000000000000000e+00,0.000000000000000000e+00,0.000000000000000000e+00,0.000000000000000000e+00,3.952569169960451489e-03,0.000000000000000000e+00,0.000000000000000000e+00,0.000000000000000000e+00,9.266409266409266765e-01,0.000000000000000000e+00,3.906250000000000000e-03,3.921568627450966460e-03,0.000000000000000000e+00,4.098360655737653957e-03,9.218750000000000000e-01,2.745098039215687624e-02,0.000000000000000000e+00,3.891050583657573725e-03,3.891050583657573725e-03,0.000000000000000000e+00,0.000000000000000000e+00,0.000000000000000000e+00,0.000000000000000000e+00,2.734375000000000000e-02,9.224806201550387330e-01,0.000000000000000000e+00,0.000000000000000000e+00,0.000000000000000000e+00,0.000000000000000000e+00,0.000000000000000000e+00,0.000000000000000000e+00,0.000000000000000000e+00,0.000000000000000000e+00,4.687500000000000000e-02,0.000000000000000000e+00,0.000000000000000000e+00,0.000000000000000000e+00,0.000000000000000000e+00,0.000000000000000000e+00,0.000000000000000000e+00,3.891050583657573725e-03,0.000000000000000000e+00,0.000000000000000000e+00,3.891050583657573725e-03,0.000000000000000000e+00,0.000000000000000000e+00,0.000000000000000000e+00,0.000000000000000000e+00,0.000000000000000000e+00,7.812500000000000000e-03,7.812500000000000000e-03,7.812500000000000000e-03
0.000000000000000000e+00,0.000000000000000000e+00,0.000000000000000000e+00,0.000000000000000000e+00,0.000000000000000000e+00,0.000000000000000000e+00,0.000000000000000000e+00,3.749999999999997780e-02,0.000000000000000000e+00,4.132231404958663923e-03,0.000000000000000000e+00,0.000000000000000000e+00,0.000000000000000000e+00,1.000000000000000000e+00,1.680672268907568156e-02,0.000000000000000000e+00,0.000000000000000000e+00,0.000000000000000000e+00,0.000000000000000000e+00,0.000000000000000000e+00,0.000000000000000000e+00,0.000000000000000000e+00,9.918699186991869476e-01,8.510638297872352709e-03,0.000000000000000000e+00,0.000000000000000000e+00,4.081632653061273430e-03,0.000000000000000000e+00,0.000000000000000000e+00,1.271186440677962715e-02,3.734439834024894100e-02,0.000000000000000000e+00,0.000000000000000000e+00,9.878048780487804770e-01,0.000000000000000000e+00,4.065040650406470668e-03,0.000000000000000000e+00,0.000000000000000000e+00,0.000000000000000000e+00,4.219409282700370412e-03,4.081632653061273430e-03,0.000000000000000000e+00,0.000000000000000000e+00,3.333333333333332593e-02,0.000000000000000000e+00,3.361344537815125211e-02,0.000000000000000000e+00,0.000000000000000000e+00,4.065040650406470668e-03,0.000000000000000000e+00,0.000000000000000000e+00,0.000000000000000000e+00,0.000000000000000000e+00,0.000000000000000000e+00,4.081632653061273430e-03,0.000000000000000000e+00,0.000000000000000000e+00,0.000000000000000000e+00,0.000000000000000000e+00,4.098360655737653957e-03,0.000000000000000000e+00,0.000000000000000000e+00,0.000000000000000000e+00,0.000000000000000000e+00,0.000000000000000000e+00,0.000000000000000000e+00,0.000000000000000000e+00,0.000000000000000000e+00,0.000000000000000000e+00
0.000000000000000000e+00,0.000000000000000000e+00,0.000000000000000000e+00,0.000000000000000000e+00,0.000000000000000000e+00,0.000000000000000000e+00,0.000000000000000000e+00,1.260504201680667791e-02,0.000000000000000000e+00,0.000000000000000000e+00,0.000000000000000000e+00,0.000000000000000000e+00,0.000000000000000000e+00,1.680672268907568156e-02,1.000000000000000000e+00,0.000000000000000000e+00,0.000000000000000000e+00,0.000000000000000000e+00,0.000000000000000000e+00,0.000000000000000000e+00,0.000000000000000000e+00,0.000000000000000000e+00,2.100840336134457420e-02,3.050847457627118287e-01,0.000000000000000000e+00,0.000000000000000000e+00,0.000000000000000000e+00,0.000000000000000000e+00,0.000000000000000000e+00,0.000000000000000000e+00,1.680672268907568156e-02,0.000000000000000000e+00,0.000000000000000000e+00,8.403361344537785271e-03,0.000000000000000000e+00,0.000000000000000000e+00,0.000000000000000000e+00,0.000000000000000000e+00,0.000000000000000000e+00,3.122362869198311852e-01,0.000000000000000000e+00,0.000000000000000000e+00,0.000000000000000000e+00,1.265822784810122226e-02,0.000000000000000000e+00,1.276595744680852906e-02,0.000000000000000000e+00,0.000000000000000000e+00,0.000000000000000000e+00,0.000000000000000000e+00,0.000000000000000000e+00,0.000000000000000000e+00,0.000000000000000000e+00,0.000000000000000000e+00,0.000000000000000000e+00,0.000000000000000000e+00,0.000000000000000000e+00,0.000000000000000000e+00,0.000000000000000000e+00,0.000000000000000000e+00,0.000000000000000000e+00,0.000000000000000000e+00,0.000000000000000000e+00,0.000000000000000000e+00,0.000000000000000000e+00,0.000000000000000000e+00,0.000000000000000000e+00,0.000000000000000000e+00,0.000000000000000000e+00
0.000000000000000000e+00,0.000000000000000000e+00,0.000000000000000000e+00,7.782101167315147450e-03,0.000000000000000000e+00,3.891050583657573725e-03,0.000000000000000000e+00,0.000000000000000000e+00,0.000000000000000000e+00,0.000000000000000000e+00,0.000000000000000000e+00,0.000000000000000000e+00,0.000000000000000000e+00,0.000000000000000000e+00,0.000000000000000000e+00,1.000000000000000000e+00,0.000000000000000000e+00,3.891050583657573725e-03,3.921568627450966460e-03,0.000000000000000000e+00,3.906250000000000000e-03,0.000000000000000000e+00,0.000000000000000000e+00,0.000000000000000000e+00,0.000000000000000000e+00,0.000000000000000000e+00,7.812500000000000000e-03,0.000000000000000000e+00,0.000000000000000000e+00,0.000000000000000000e+00,0.000000000000000000e+00,0.000000000000000000e+00,3.921568627450966460e-03,4.065040650406470668e-03,0.000000000000000000e+00,0.000000000000000000e+00,0.000000000000000000e+00,3.164062500000000000e-01,0.000000000000000000e+00,0.000000000000000000e+00,0.000000000000000000e+00,0.000000000000000000e+00,3.035019455252918608e-01,0.000000000000000000e+00,0.000000000000000000e+00,0.000000000000000000e+00,0.000000000000000000e+00,3.906250000000000000e-03,0.000000000000000000e+00,0.000000000000000000e+00,0.000000000000000000e+00,0.000000000000000000e+00,0.000000000000000000e+00,0.000000000000000000e+00,3.906250000000000000e-03,0.000000000000000000e+00,0.000000000000000000e+00,0.000000000000000000e+00,0.000000000000000000e+00,7.874015748031482076e-03,0.000000000000000000e+00,3.906250000000000000e-03,0.000000000000000000e+00,3.906250000000000000e-03,0.000000000000000000e+00,0.000000000000000000e+00,0.000000000000000000e+00,0.000000000000000000e+00,0.000000000000000000e+00
0.000000000000000000e+00,8.789062500000000000e-01,7.843137254901932920e-03,0.000000000000000000e+00,7.843137254901932920e-03,0.000000000000000000e+00,0.000000000000000000e+00,0.000000000000000000e+00,7.874015748031482076e-03,8.130081300813052358e-03,0.000000000000000000e+00,7.874015748031482076e-03,0.000000000000000000e+00,0.000000000000000000e+00,0.000000000000000000e+00,0.000000000000000000e+00,1.000000000000000000e+00,3.921568627450966460e-03,0.000000000000000000e+00,7.843137254901932920e-03,7.843137254901932920e-03,3.984063745019916780e-03,0.000000000000000000e+00,0.000000000000000000e+00,7.843137254901932920e-03,0.000000000000000000e+00,3.937007874015741038e-03,0.000000000000000000e+00,7.905138339920902979e-03,0.000000000000000000e+00,0.000000000000000000e+00,0.000000000000000000e+00,7.874015748031482076e-03,0.000000000000000000e+00,0.000000000000000000e+00,1.176470588235289938e-02,7.843137254901932920e-03,3.921568627450966460e-03,3.984063745019916780e-03,0.000000000000000000e+00,3.937007874015741038e-03,3.906250000000000000e-03,0.000000000000000000e+00,0.000000000000000000e+00,1.190476190476186247e-02,0.000000000000000000e+00,8.750000000000000000e-01,7.843137254901932920e-03,7.812500000000000000e-03,7.843137254901932920e-03,3.921568627450966460e-03,8.906250000000000000e-01,7.874015748031482076e-03,7.843137254901932920e-03,3.937007874015741038e-03,0.000000000000000000e+00,0.000000000000000000e+00,1.176470588235289938e-02,3.906250000000000000e-03,0.000000000000000000e+00,7.843137254901932920e-03,3.921568627450966460e-03,0.000000000000000000e+00,3.921568627450966460e-03,1.568627450980397686e-02,1.185770750988146549e-02,3.921568627450966460e-03,7.843137254901932920e-03,7.843137254901932920e-03
9.416342412451361721e-01,3.906250000000000000e-03,2.343750000000000000e-02,0.000000000000000000e+00,2.334630350194555337e-02,4.357976653696498115e-01,0.000000000000000000e+00,0.000000000000000000e+00,7.843137254901932920e-03,0.000000000000000000e+00,0.000000000000000000e+00,3.529411764705880916e-02,0.000000000000000000e+00,0.000000000000000000e+00,0.000000000000000000e+00,3.891050583657573725e-03,3.921568627450966460e-03,1.000000000000000000e+00,0.000000000000000000e+00,2.334630350194555337e-02,1.953125000000000000e-02,0.000000000000000000e+00,0.000000000000000000e+00,0.000000000000000000e+00,1.945525291828797965e-02,0.000000000000000000e+00,1.171875000000000000e-02,0.000000000000000000e+00,1.568627450980397686e-02,0.000000000000000000e+00,0.000000000000000000e+00,0.000000000000000000e+00,1.568627450980397686e-02,0.000000000000000000e+00,0.000000000000000000e+00,1.556420233463029490e-02,3.906250000000000000e-03,0.000000000000000000e+00,3.968253968253954156e-03,0.000000000000000000e+00,3.125000000000000000e-02,0.000000000000000000e+00,0.000000000000000000e+00,0.000000000000000000e+00,1.181102362204722311e-02,0.000000000000000000e+00,0.000000000000000000e+00,1.562500000000000000e-02,7.782101167315147450e-03,1.953125000000000000e-02,7.812500000000000000e-03,0.000000000000000000e+00,0.000000000000000000e+00,1.171875000000000000e-02,7.812500000000000000e-03,0.000000000000000000e+00,4.319066147859922378e-01,1.945525291828797965e-02,1.167315175097272117e-02,4.173228346456693272e-01,2.334630350194555337e-02,7.812500000000000000e-03,4.357976653696498115e-01,7.812500000000000000e-03,1.562500000000000000e-02,1.176470588235289938e-02,0.000000000000000000e+00,0.000000000000000000e+00,0.000000000000000000e+00
0.000000000000000000e+00,0.000000000000000000e+00,3.937007874015741038e-03,9.882352941176471006e-01,0.000000000000000000e+00,0.000000000000000000e+00,0.000000000000000000e+00,4.115226337448540939e-03,0.000000000000000000e+00,0.000000000000000000e+00,0.000000000000000000e+00,0.000000000000000000e+00,0.000000000000000000e+00,0.000000000000000000e+00,0.000000000000000000e+00,3.921568627450966460e-03,0.000000000000000000e+00,0.000000000000000000e+00,1.000000000000000000e+00,0.000000000000000000e+00,3.937007874015741038e-03,0.000000000000000000e+00,0.000000000000000000e+00,0.000000000000000000e+00,0.000000000000000000e+00,0.000000000000000000e+00,0.000000000000000000e+00,0.000000000000000000e+00,3.968253968253954156e-03,0.000000000000000000e+00,0.000000000000000000e+00,0.000000000000000000e+00,0.000000000000000000e+00,4.098360655737653957e-03,0.000000000000000000e+00,0.000000000000000000e+00,0.000000000000000000e+00,0.000000000000000000e+00,0.000000000000000000e+00,0.000000000000000000e+00,0.000000000000000000e+00,0.000000000000000000e+00,0.000000000000000000e+00,0.000000000000000000e+00,3.984063745019916780e-03,4.166666666666651864e-03,0.000000000000000000e+00,0.000000000000000000e+00,0.000000000000000000e+00,3.937007874015741038e-03,0.000000000000000000e+00,3.937007874015741038e-03,0.000000000000000000e+00,7.874015748031482076e-03,0.000000000000000000e+00,0.000000000000000000e+00,0.000000000000000000e+00,0.000000000000000000e+00,0.000000000000000000e+00,0.000000000000000000e+00,3.937007874015741038e-03,0.000000000000000000e+00,0.000000000000000000e+00,3.937007874015741038e-03,0.000000000000000000e+00,0.000000000000000000e+00,3.937007874015741038e-03,3.937007874015741038e-03,3.937007874015741038e-03
1.953125000000000000e-02,0.000000000000000000e+00,8.949416342412452874e-02,0.000000000000000000e+00,9.961240310077519311e-01,3.112840466926070082e-02,7.782101167315147450e-03,0.000000000000000000e+00,2.304687500000000000e-01,0.000000000000000000e+00,3.891050583657573725e-03,8.203125000000000000e-02,0.000000000000000000e+00,0.000000000000000000e+00,0.000000000000000000e+00,0.000000000000000000e+00,7.843137254901932920e-03,2.334630350194555337e-02,0.000000000000000000e+00,1.000000000000000000e+00,8.171206225680938129e-02,0.000000000000000000e+00,0.000000000000000000e+00,0.000000000000000000e+00,8.638132295719844755e-01,7.782101167315147450e-03,4.609375000000000000e-01,0.000000000000000000e+00,9.411764705882352811e-02,0.000000000000000000e+00,0.000000000000000000e+00,3.921568627450966460e-03,8.046875000000000000e-01,0.000000000000000000e+00,0.000000000000000000e+00,9.961240310077519311e-01,8.754863813229571967e-01,1.562500000000000000e-02,3.968253968253954156e-03,0.000000000000000000e+00,8.007812500000000000e-01,3.891050583657573725e-03,1.556420233463029490e-02,0.000000000000000000e+00,1.968503937007870519e-02,0.000000000000000000e+00,7.812500000000000000e-03,2.256809338521400532e-01,7.868217054263566546e-01,1.171875000000000000e-02,2.812500000000000000e-01,3.906250000000000000e-03,2.352941176470590978e-02,7.898832684824902417e-01,6.835937500000000000e-01,2.745098039215687624e-02,7.782101167315147450e-03,1.953125000000000000e-02,8.565891472868216727e-01,2.362204724409444623e-02,6.614785992217897537e-02,0.000000000000000000e+00,7.812500000000000000e-03,0.000000000000000000e+00,2.734375000000000000e-02,5.490196078431375248e-02,3.906250000000000000e-03,3.906250000000000000e-03,3.906250000000000000e-03
1.953125000000000000e-02,1.171875000000000000e-02,9.922178988326848526e-01,3.906250000000000000e-03,9.338521400778210246e-02,1.953125000000000000e-02,3.906250000000000000e-03,0.000000000000000000e+00,5.098039215686278602e-02,0.000000000000000000e+00,3.906250000000000000e-03,5.156250000000000000e-01,0.000000000000000000e+00,0.000000000000000000e+00,0.000000000000000000e+00,3.906250000000000000e-03,7.843137254901932920e-03,1.953125000000000000e-02,3.937007874015741038e-03,8.171206225680938129e-02,1.000000000000000000e+00,0.000000000000000000e+00,0.000000000000000000e+00,0.000000000000000000e+00,8.560311284046695501e-02,3.891050583657573725e-03,7.421875000000000000e-02,0.000000000000000000e+00,9.960937500000000000e-01,0.000000000000000000e+00,0.000000000000000000e+00,0.000000000000000000e+00,9.019607843137256165e-02,0.000000000000000000e+00,0.000000000000000000e+00,9.338521400778210246e-02,8.984375000000000000e-02,0.000000000000000000e+00,0.000000000000000000e+00,0.000000000000000000e+00,9.411764705882352811e-02,3.891050583657573725e-03,0.000000000000000000e+00,0.000000000000000000e+00,1.185770750988146549e-02,0.000000000000000000e+00,1.171875000000000000e-02,6.250000000000000000e-02,9.338521400778210246e-02,1.953125000000000000e-02,4.687500000000000000e-02,1.171875000000000000e-02,1.960784313725494332e-02,8.593750000000000000e-02,9.375000000000000000e-02,1.568627450980397686e-02,1.562500000000000000e-02,2.343750000000000000e-02,8.171206225680938129e-02,1.976284584980236847e-02,4.357976653696498115e-01,0.000000000000000000e+00,1.953125000000000000e-02,0.000000000000000000e+00,3.125000000000000000e-02,3.543307086614178036e-02,3.921568627450966460e-03,3.921568627450966460e-03,3.921568627450966460e-03
0.000000000000000000e+00,3.968253968253954156e-03,0.000000000000000000e+00,0.000000000000000000e+00,0.000000000000000000e+00,0.000000000000000000e+00,0.000000000000000000e+00,0.000000000000000000e+00,7.936507936507908312e-03,0.000000000000000000e+00,3.952569169960451489e-03,0.000000000000000000e+00,3.952569169960451489e-03,0.000000000000000000e+00,0.000000000000000000e+00,0.000000000000000000e+00,3.984063745019916780e-03,0.000000000000000000e+00,0.000000000000000000e+00,0.000000000000000000e+00,0.000000000000000000e+00,1.000000000000000000e+00,4.132231404958663923e-03,0.000000000000000000e+00,3.952569169960451489e-03,3.952569169960451489e-03,0.000000000000000000e+00,0.000000000000000000e+00,0.000000000000000000e+00,0.000000000000000000e+00,0.000000000000000000e+00,3.984063745019916780e-03,0.000000000000000000e+00,0.000000000000000000e+00,0.000000000000000000e+00,0.000000000000000000e+00,0.000000000000000000e+00,0.000000000000000000e+00,0.000000000000000000e+00,0.000000000000000000e+00,3.968253968253954156e-03,3.952569169960451489e-03,0.000000000000000000e+00,0.000000000000000000e+00,8.000000000000007105e-03,0.000000000000000000e+00,3.952569169960451489e-03,3.952569169960451489e-03,3.952569169960451489e-03,0.000000000000000000e+00,0.000000000000000000e+00,3.968253968253954156e-03,0.000000000000000000e+00,3.968253968253954156e-03,0.000000000000000000e+00,0.000000000000000000e+00,0.000000000000000000e+00,7.936507936507908312e-03,0.000000000000000000e+00,0.000000000000000000e+00,0.000000000000000000e+00,3.162055335968383396e-02,0.000000000000000000e+00,3.162055335968383396e-02,7.936507936507908312e-03,0.000000000000000000e+00,0.000000000000000000e+00,0.000000000000000000e+00,0.000000000000000000e+00
4.081632653061273430e-03,0.000000000000000000e+00,0.000000000000000000e+00,0.000000000000000000e+00,0.000000000000000000e+00,0.000000000000000000e+00,0.000000000000000000e+00,3.333333333333332593e-02,0.000000000000000000e+00,0.000000000000000000e+00,0.000000000000000000e+00,0.000000000000000000e+00,0.000000000000000000e+00,9.918699186991869476e-01,2.100840336134457420e-02,0.000000000000000000e+00,0.000000000000000000e+00,0.000000000000000000e+00,0.000000000000000000e+00,0.000000000000000000e+00,0.000000000000000000e+00,4.132231404958663923e-03,1.000000000000000000e+00,4.255319148936176354e-03,0.000000000000000000e+00,0.000000000000000000e+00,0.000000000000000000e+00,0.000000000000000000e+00,0.000000000000000000e+00,1.694915254237283619e-02,4.564315352697090322e-02,0.000000000000000000e+00,0.000000000000000000e+00,9.918699186991869476e-01,0.000000000000000000e+00,4.065040650406470668e-03,0.000000000000000000e+00,0.000000000000000000e+00,0.000000000000000000e+00,8.474576271186418097e-03,0.000000000000000000e+00,0.000000000000000000e+00,0.000000000000000000e+00,3.347280334728031104e-02,0.000000000000000000e+00,3.375527426160340738e-02,0.000000000000000000e+00,0.000000000000000000e+00,0.000000000000000000e+00,0.000000000000000000e+00,0.000000000000000000e+00,0.000000000000000000e+00,0.000000000000000000e+00,0.000000000000000000e+00,0.000000000000000000e+00,0.000000000000000000e+00,0.000000000000000000e+00,0.000000000000000000e+00,0.000000000000000000e+00,0.000000000000000000e+00,0.000000000000000000e+00,0.000000000000000000e+00,0.000000000000000000e+00,0.000000000000000000e+00,0.000000000000000000e+00,0.000000000000000000e+00,0.000000000000000000e+00,0.000000000000000000e+00,0.000000000000000000e+00
0.000000000000000000e+00,0.000000000000000000e+00,0.000000000000000000e+00,0.000000000000000000e+00,0.000000000000000000e+00,0.000000000000000000e+00,0.000000000000000000e+00,2.118644067796615627e-02,0.000000000000000000e+00,0.000000000000000000e+00,0.000000000000000000e+00,0.000000000000000000e+00,0.000000000000000000e+00,8.510638297872352709e-03,3.050847457627118287e-01,0.000000000000000000e+00,0.000000000000000000e+00,0.000000000000000000e+00,0.000000000000000000e+00,0.000000000000000000e+00,0.000000000000000000e+00,0.000000000000000000e+00,4.255319148936176354e-03,1.000000000000000000e+00,4.201680672268892636e-03,0.000000000000000000e+00,0.000000000000000000e+00,0.000000000000000000e+00,0.000000000000000000e+00,4.291845493562207459e-03,0.000000000000000000e+00,0.000000000000000000e+00,0.000000000000000000e+00,4.255319148936176354e-03,0.000000000000000000e+00,0.000000000000000000e+00,0.000000000000000000e+00,0.000000000000000000e+00,0.000000000000000000e+00,9.957983193277311074e-01,0.000000000000000000e+00,0.000000000000000000e+00,0.000000000000000000e+00,4.255319148936176354e-03,0.000000000000000000e+00,4.291845493562207459e-03,0.000000000000000000e+00,0.000000000000000000e+00,0.000000000000000000e+00,0.000000000000000000e+00,0.000000000000000000e+00,0.000000000000000000e+00,0.000000000000000000e+00,0.000000000000000000e+00,0.000000000000000000e+00,0.000000000000000000e+00,0.000000000000000000e+00,0.000000000000000000e+00,0.000000000000000000e+00,0.000000000000000000e+00,0.000000000000000000e+00,0.000000000000000000e+00,0.000000000000000000e+00,0.000000000000000000e+00,0.000000000000000000e+00,0.000000000000000000e+00,0.000000000000000000e+00,0.000000000000000000e+00,0.000000000000000000e+00
1.562500000000000000e-02,3.906250000000000000e-03,8.560311284046695501e-02,0.000000000000000000e+00,8.720930232558139483e-01,3.112840466926070082e-02,7.782101167315147450e-03,0.000000000000000000e+00,2.226562500000000000e-01,0.000000000000000000e+00,3.891050583657573725e-03,7.843137254901966227e-02,0.000000000000000000e+00,0.000000000000000000e+00,0.000000000000000000e+00,0.000000000000000000e+00,7.843137254901932920e-03,1.945525291828797965e-02,0.000000000000000000e+00,8.638132295719844755e-01,8.560311284046695501e-02,3.952569169960451489e-03,0.000000000000000000e+00,4.201680672268892636e-03,1.000000000000000000e+00,7.782101167315147450e-03,4.882812500000000000e-01,0.000000000000000000e+00,9.019607843137256165e-02,0.000000000000000000e+00,0.000000000000000000e+00,0.000000000000000000e+00,8.359375000000000000e-01,4.065040650406470668e-03,0.000000000000000000e+00,8.682170542635658794e-01,9.338521400778210246e-01,0.000000000000000000e+00,3.968253968253954156e-03,0.000000000000000000e+00,8.281250000000000000e-01,3.891050583657573725e-03,0.000000000000000000e+00,0.000000000000000000e+00,2.371541501976281996e-02,0.000000000000000000e+00,1.171875000000000000e-02,2.256809338521400532e-01,8.062015503875968880e-01,1.171875000000000000e-02,2.851562500000000000e-01,7.812500000000000000e-03,2.352941176470590978e-02,8.560311284046693281e-01,6.523437500000000000e-01,2.745098039215687624e-02,1.556420233463029490e-02,1.945525291828797965e-02,8.720930232558139483e-01,1.968503937007870519e-02,7.003891050583654909e-02,0.000000000000000000e+00,1.562500000000000000e-02,3.891050583657573725e-03,2.734375000000000000e-02,5.490196078431375248e-02,3.906250000000000000e-03,3.906250000000000000e-03,3.906250000000000000e-03
0.000000000000000000e+00,3.891050583657573725e-03,7.782101167315147450e-03,3.891050583657573725e-03,3.891050583657573725e-03,3.891050583657573725e-03,9.379844961240310086e-01,0.000000000000000000e+00,0.000000000000000000e+00,0.000000000000000000e+00,9.961240310077519311e-01,3.921568627450966460e-03,9.266409266409266765e-01,0.000000000000000000e+00,0.000000000000000000e+00,0.000000000000000000e+00,0.000000000000000000e+00,0.000000000000000000e+00,0.000000000000000000e+00,7.782101167315147450e-03,3.891050583657573725e-03,3.952569169960451489e-03,0.000000000000000000e+00,0.000000000000000000e+00,7.782101167315147450e-03,1.000000000000000000e+00,3.906250000000000000e-03,3.891050583657573725e-03,0.000000000000000000e+00,0.000000000000000000e+00,0.000000000000000000e+00,9.257812500000000000e-01,3.125000000000000000e-02,0.000000000000000000e+00,3.891050583657573725e-03,3.891050583657573725e-03,7.812500000000000000e-03,0.000000000000000000e+00,0.000000000000000000e+00,0.000000000000000000e+00,2.734375000000000000e-02,9.227799227799228232e-01,0.000000000000000000e+00,0.000000000000000000e+00,3.937007874015741038e-03,0.000000000000000000e+00,3.891050583657573725e-03,3.891050583657573725e-03,3.891050583657573725e-03,0.000000000000000000e+00,5.078125000000000000e-02,3.891050583657573725e-03,0.000000000000000000e+00,3.906250000000000000e-03,3.906250000000000000e-03,0.000000000000000000e+00,0.000000000000000000e+00,3.891050583657573725e-03,3.875968992248068901e-03,0.000000000000000000e+00,3.891050583657573725e-03,0.000000000000000000e+00,0.000000000000000000e+00,0.000000000000000000e+00,3.891050583657573725e-03,0.000000000000000000e+00,7.812500000000000000e-03,7.812500000000000000e-03,7.782101167315147450e-03
1.568627450980397686e-02,3.921568627450966460e-03,8.593750000000000000e-02,0.000000000000000000e+00,4.609375000000000000e-01,1.562500000000000000e-02,3.906250000000000000e-03,4.098360655737653957e-03,2.156862745098039325e-01,0.000000000000000000e+00,0.000000000000000000e+00,7.480314960629919074e-02,0.000000000000000000e+00,4.081632653061273430e-03,0.000000000000000000e+00,7.812500000000000000e-03,3.937007874015741038e-03,1.171875000000000000e-02,0.000000000000000000e+00,4.609375000000000000e-01,7.421875000000000000e-02,0.000000000000000000e+00,0.000000000000000000e+00,0.000000000000000000e+00,4.882812500000000000e-01,3.906250000000000000e-03,1.000000000000000000e+00,0.000000000000000000e+00,7.874015748031493178e-02,0.000000000000000000e+00,0.000000000000000000e+00,0.000000000000000000e+00,4.588235294117647411e-01,0.000000000000000000e+00,0.000000000000000000e+00,4.570312500000000000e-01,4.627450980392157076e-01,0.000000000000000000e+00,0.000000000000000000e+00,0.000000000000000000e+00,4.549019607843137747e-01,0.000000000000000000e+00,0.000000000000000000e+00,0.000000000000000000e+00,2.766798418972327145e-02,0.000000000000000000e+00,7.843137254901932920e-03,2.109375000000000000e-01,4.335937500000000000e-01,1.176470588235289938e-02,1.607843137254901800e-01,7.843137254901932920e-03,3.543307086614178036e-02,4.352941176470588314e-01,4.196078431372548545e-01,2.755905511811018727e-02,1.562500000000000000e-02,2.734375000000000000e-02,4.669260700389105123e-01,1.581027667984191698e-02,5.859375000000000000e-02,0.000000000000000000e+00,1.568627450980397686e-02,3.921568627450966460e-03,1.960784313725494332e-02,6.692913385826770867e-02,3.921568627450966460e-03,3.921568627450966460e-03,3.906250000000000000e-03
3.906250000000000000e-03,0.000000000000000000e+00,0.000000000000000000e+00,0.000000000000000000e+00,0.000000000000000000e+00,0.000000000000000000e+00,3.906250000000000000e-03,0.000000000000000000e+00,1.960784313725494332e-02,0.000000000000000000e+00,3.906250000000000000e-03,0.000000000000000000e+00,3.906250000000000000e-03,0.000000000000000000e+00,0.000000000000000000e+00,0.000000000000000000e+00,0.000000000000000000e+00,0.000000000000000000e+00,0.000000000000000000e+00,0.000000000000000000e+00,0.000000000000000000e+00,0.000000000000000000e+00,0.000000000000000000e+00,0.000000000000000000e+00,0.000000000000000000e+00,3.891050583657573725e-03,0.000000000000000000e+00,1.000000000000000000e+00,0.000000000000000000e+00,0.000000000000000000e+00,0.000000000000000000e+00,0.000000000000000000e+00,0.000000000000000000e+00,0.000000000000000000e+00,9.922480620155038622e-01,0.000000000000000000e+00,3.906250000000000000e-03,3.906250000000000000e-03,0.000000000000000000e+00,0.000000000000000000e+00,0.000000000000000000e+00,3.891050583657573725e-03,3.891050583657573725e-03,0.000000000000000000e+00,0.000000000000000000e+00,0.000000000000000000e+00,0.000000000000000000e+00,1.953125000000000000e-02,3.891050583657573725e-03,0.000000000000000000e+00,3.921568627450966460e-03,0.000000000000000000e+00,0.000000000000000000e+00,3.906250000000000000e-03,0.000000000000000000e+00,0.000000000000000000e+00,0.000000000000000000e+00,0.000000000000000000e+00,0.000000000000000000e+00,0.000000000000000000e+00,0.000000000000000000e+00,0.000000000000000000e+00,0.000000000000000000e+00,0.000000000000000000e+00,0.000000000000000000e+00,0.000000000000000000e+00,0.000000000000000000e+00,0.000000000000000000e+00,3.891050583657573725e-03
1.968503937007870519e-02,7.874015748031482076e-03,9.921875000000000000e-01,0.000000000000000000e+00,9.803921568627449457e-02,1.574803149606296415e-02,0.000000000000000000e+00,0.000000000000000000e+00,6.299212598425196763e-02,0.000000000000000000e+00,3.921568627450966460e-03,5.236220472440944462e-01,3.921568627450966460e-03,0.000000000000000000e+00,0.000000000000000000e+00,0.000000000000000000e+00,7.905138339920902979e-03,1.568627450980397686e-02,3.968253968253954156e-03,9.411764705882352811e-02,9.960937500000000000e-01,0.000000000000000000e+00,0.000000000000000000e+00,0.000000000000000000e+00,9.019607843137256165e-02,0.000000000000000000e+00,7.874015748031493178e-02,0.000000000000000000e+00,1.000000000000000000e+00,0.000000000000000000e+00,0.000000000000000000e+00,0.000000000000000000e+00,8.661417322834641386e-02,0.000000000000000000e+00,0.000000000000000000e+00,9.803921568627449457e-02,8.267716535433067282e-02,3.937007874015741038e-03,4.000000000000003553e-03,0.000000000000000000e+00,7.874015748031493178e-02,3.921568627450966460e-03,0.000000000000000000e+00,0.000000000000000000e+00,2.380952380952383596e-02,0.000000000000000000e+00,7.874015748031482076e-03,5.098039215686278602e-02,8.627450980392159519e-02,1.968503937007870519e-02,5.118110236220474452e-02,7.874015748031482076e-03,1.976284584980236847e-02,9.448818897637800696e-02,7.480314960629919074e-02,1.185770750988146549e-02,1.968503937007870519e-02,1.968503937007870519e-02,7.450980392156858478e-02,1.587301587301592765e-02,4.431372549019607643e-01,3.937007874015741038e-03,1.968503937007870519e-02,3.937007874015741038e-03,1.968503937007870519e-02,2.766798418972327145e-02,3.937007874015741038e-03,3.937007874015741038e-03,0.000000000000000000e+00
0.000000000000000000e+00,0.000000000000000000e+00,0.000000000000000000e+00,0.000000000000000000e+00,0.000000000000000000e+00,0.000000000000000000e+00,0.000000000000000000e+00,8.474576271186418097e-03,0.000000000000000000e+00,8.474576271186418097e-03,0.000000000000000000e+00,0.000000000000000000e+00,0.000000000000000000e+00,1.271186440677962715e-02,0.000000000000000000e+00,0.000000000000000000e+00,0.000000000000000000e+00,0.000000000000000000e+00,0.000000000000000000e+00,0.000000000000000000e+00,0.000000000000000000e+00,0.000000000000000000e+00,1.694915254237283619e-02,4.291845493562207459e-03,0.000000000000000000e+00,0.000000000000000000e+00,0.000000000000000000e+00,0.000000000000000000e+00,0.000000000000000000e+00,1.000000000000000000e+00,8.474576271186418097e-03,0.000000000000000000e+00,0.000000000000000000e+00,1.271186440677962715e-02,0.000000000000000000e+00,0.000000000000000000e+00,0.000000000000000000e+00,0.000000000000000000e+00,0.000000000000000000e+00,0.000000000000000000e+00,0.000000000000000000e+00,0.000000000000000000e+00,0.000000000000000000e+00,1.271186440677962715e-02,0.000000000000000000e+00,2.564102564102566095e-02,0.000000000000000000e+00,0.000000000000000000e+00,0.000000000000000000e+00,0.000000000000000000e+00,0.000000000000000000e+00,0.000000000000000000e+00,0.000000000000000000e+00,0.000000000000000000e+00,0.000000000000000000e+00,0.000000000000000000e+00,0.000000000000000000e+00,0.000000000000000000e+00,0.000000000000000000e+00,0.000000000000000000e+00,0.000000000000000000e+00,0.000000000000000000e+00,0.000000000000000000e+00,0.000000000000000000e+00,0.000000000000000000e+00,0.000000000000000000e+00,0.000000000000000000e+00,0.000000000000000000e+00,0.000000000000000000e+00
0.000000000000000000e+00,0.000000000000000000e+00,0.000000000000000000e+00,0.000000000000000000e+00,0.000000000000000000e+00,0.000000000000000000e+00,0.000000000000000000e+00,7.053941908713690090e-02,0.000000000000000000e+00,0.000000000000000000e+00,4.098360655737653957e-03,0.000000000000000000e+00,4.098360655737653957e-03,3.734439834024894100e-02,1.680672268907568156e-02,0.000000000000000000e+00,0.000000000000000000e+00,0.000000000000000000e+00,0.000000000000000000e+00,0.000000000000000000e+00,0.000000000000000000e+00,0.000000000000000000e+00,4.564315352697090322e-02,0.000000000000000000e+00,0.000000000000000000e+00,0.000000000000000000e+00,0.000000000000000000e+00,0.000000000000000000e+00,0.000000000000000000e+00,8.474576271186418097e-03,1.000000000000000000e+00,0.000000000000000000e+00,0.000000000000000000e+00,3.719008264462808633e-02,0.000000000000000000e+00,0.000000000000000000e+00,0.000000000000000000e+00,0.000000000000000000e+00,0.000000000000000000e+00,1.680672268907568156e-02,0.000000000000000000e+00,0.000000000000000000e+00,0.000000000000000000e+00,4.979253112033199535e-02,0.000000000000000000e+00,5.857740585774062758e-02,0.000000000000000000e+00,0.000000000000000000e+00,0.000000000000000000e+00,0.000000000000000000e+00,0.000000000000000000e+00,0.000000000000000000e+00,0.000000000000000000e+00,0.000000000000000000e+00,0.000000000000000000e+00,0.000000000000000000e+00,0.000000000000000000e+00,0.000000000000000000e+00,4.081632653061273430e-03,0.000000000000000000e+00,4.098360655737653957e-03,4.098360655737653957e-03,0.000000000000000000e+00,0.000000000000000000e+00,0.000000000000000000e+00,0.000000000000000000e+00,4.098360655737653957e-03,4.098360655737653957e-03,4.098360655737653957e-03
3.937007874015741038e-03,0.000000000000000000e+00,0.000000000000000000e+00,3.921568627450966460e-03,3.921568627450966460e-03,0.000000000000000000e+00,9.257812500000000000e-01,0.000000000000000000e+00,0.000000000000000000e+00,0.000000000000000000e+00,9.257812500000000000e-01,0.000000000000000000e+00,9.218750000000000000e-01,0.000000000000000000e+00,0.000000000000000000e+00,0.000000000000000000e+00,0.000000000000000000e+00,0.000000000000000000e+00,0.000000000000000000e+00,3.921568627450966460e-03,0.000000000000000000e+00,3.984063745019916780e-03,0.000000000000000000e+00,0.000000000000000000e+00,0.000000000000000000e+00,9.257812500000000000e-01,0.000000000000000000e+00,0.000000000000000000e+00,0.000000000000000000e+00,0.000000000000000000e+00,0.000000000000000000e+00,1.000000000000000000e+00,2.362204724409444623e-02,0.000000000000000000e+00,0.000000000000000000e+00,3.921568627450966460e-03,3.937007874015741038e-03,3.921568627450966460e-03,0.000000000000000000e+00,0.000000000000000000e+00,1.968503937007870519e-02,9.960937500000000000e-01,0.000000000000000000e+00,0.000000000000000000e+00,0.000000000000000000e+00,0.000000000000000000e+00,0.000000000000000000e+00,0.000000000000000000e+00,3.921568627450966460e-03,0.000000000000000000e+00,4.330708661417326244e-02,0.000000000000000000e+00,0.000000000000000000e+00,3.937007874015741038e-03,0.000000000000000000e+00,0.000000000000000000e+00,0.000000000000000000e+00,0.000000000000000000e+00,3.921568627450966460e-03,3.968253968253954156e-03,3.921568627450966460e-03,0.000000000000000000e+00,0.000000000000000000e+00,0.000000000000000000e+00,0.000000000000000000e+00,0.000000000000000000e+00,0.000000000000000000e+00,0.000000000000000000e+00,0.000000000000000000e+00
1.568627450980397686e-02,0.000000000000000000e+00,9.019607843137256165e-02,0.000000000000000000e+00,8.085937500000000000e-01,1.568627450980397686e-02,3.137254901960784270e-02,0.000000000000000000e+00,2.401574803149606474e-01,0.000000000000000000e+00,3.137254901960784270e-02,8.661417322834641386e-02,2.745098039215687624e-02,0.000000000000000000e+00,0.000000000000000000e+00,3.921568627450966460e-03,7.874015748031482076e-03,1.568627450980397686e-02,0.000000000000000000e+00,8.046875000000000000e-01,9.019607843137256165e-02,0.000000000000000000e+00,0.000000000000000000e+00,0.000000000000000000e+00,8.359375000000000000e-01,3.125000000000000000e-02,4.588235294117647411e-01,0.000000000000000000e+00,8.661417322834641386e-02,0.000000000000000000e+00,0.000000000000000000e+00,2.362204724409444623e-02,1.000000000000000000e+00,4.081632653061273430e-03,0.000000000000000000e+00,8.046875000000000000e-01,8.352941176470588536e-01,0.000000000000000000e+00,0.000000000000000000e+00,0.000000000000000000e+00,1.000000000000000000e+00,2.343750000000000000e-02,0.000000000000000000e+00,0.000000000000000000e+00,2.371541501976281996e-02,0.000000000000000000e+00,7.843137254901932920e-03,1.921568627450980227e-01,7.304687500000000000e-01,1.568627450980397686e-02,3.098039215686274606e-01,7.843137254901932920e-03,1.574803149606296415e-02,7.686274509803920907e-01,6.196078431372549211e-01,2.755905511811018727e-02,1.568627450980397686e-02,1.568627450980397686e-02,7.968750000000000000e-01,2.371541501976281996e-02,6.666666666666665186e-02,0.000000000000000000e+00,1.960784313725494332e-02,3.921568627450966460e-03,1.568627450980397686e-02,5.118110236220474452e-02,0.000000000000000000e+00,0.000000000000000000e+00,0.000000000000000000e+00
0.000000000000000000e+00,8.130081300813052358e-03,0.000000000000000000e+00,0.000000000000000000e+00,0.000000000000000000e+00,0.000000000000000000e+00,0.000000000000000000e+00,2.083333333333337034e-02,0.000000000000000000e+00,0.000000000000000000e+00,0.000000000000000000e+00,0.000000000000000000e+00,0.000000000000000000e+00,9.878048780487804770e-01,8.403361344537785271e-03,4.065040650406470668e-03,0.000000000000000000e+00,0.000000000000000000e+00,4.098360655737653957e-03,0.000000000000000000e+00,0.000000000000000000e+00,0.000000000000000000e+00,9.918699186991869476e-01,4.255319148936176354e-03,4.065040650406470668e-03,0.000000000000000000e+00,0.000000000000000000e+00,0.000000000000000000e+00,0.000000000000000000e+00,1.271186440677962715e-02,3.719008264462808633e-02,0.000000000000000000e+00,4.081632653061273430e-03,1.000000000000000000e+00,0.000000000000000000e+00,0.000000000000000000e+00,0.000000000000000000e+00,0.000000000000000000e+00,0.000000000000000000e+00,1.265822784810122226e-02,0.000000000000000000e+00,0.000000000000000000e+00,0.000000000000000000e+00,3.749999999999997780e-02,0.000000000000000000e+00,3.361344537815125211e-02,0.000000000000000000e+00,0.000000000000000000e+00,0.000000000000000000e+00,0.000000000000000000e+00,0.000000000000000000e+00,0.000000000000000000e+00,0.000000000000000000e+00,0.000000000000000000e+00,0.000000000000000000e+00,0.000000000000000000e+00,4.065040650406470668e-03,0.000000000000000000e+00,0.000000000000000000e+00,0.000000000000000000e+00,0.000000000000000000e+00,4.065040650406470668e-03,0.000000000000000000e+00,4.065040650406470668e-03,0.000000000000000000e+00,0.000000000000000000e+00,0.000000000000000000e+00,0.000000000000000000e+00,0.000000000000000000e+00
3.906250000000000000e-03,0.000000000000000000e+00,0.000000000000000000e+00,3.906250000000000000e-03,0.000000000000000000e+00,0.000000000000000000e+00,3.906250000000000000e-03,0.000000000000000000e+00,1.568627450980397686e-02,0.000000000000000000e+00,3.906250000000000000e-03,0.000000000000000000e+00,3.891050583657573725e-03,0.000000000000000000e+00,0.000000000000000000e+00,0.000000000000000000e+00,0.000000000000000000e+00,0.000000000000000000e+00,0.000000000000000000e+00,0.000000000000000000e+00,0.000000000000000000e+00,0.000000000000000000e+00,0.000000000000000000e+00,0.000000000000000000e+00,0.000000000000000000e+00,3.891050583657573725e-03,0.000000000000000000e+00,9.922480620155038622e-01,0.000000000000000000e+00,0.000000000000000000e+00,0.000000000000000000e+00,0.000000000000000000e+00,0.000000000000000000e+00,0.000000000000000000e+00,1.000000000000000000e+00,0.000000000000000000e+00,3.906250000000000000e-03,7.812500000000000000e-03,0.000000000000000000e+00,0.000000000000000000e+00,0.000000000000000000e+00,3.891050583657573725e-03,3.891050583657573725e-03,0.000000000000000000e+00,0.000000000000000000e+00,0.000000000000000000e+00,0.000000000000000000e+00,1.953125000000000000e-02,3.891050583657573725e-03,0.000000000000000000e+00,3.921568627450966460e-03,0.000000000000000000e+00,0.000000000000000000e+00,3.906250000000000000e-03,0.000000000000000000e+00,0.000000000000000000e+00,0.000000000000000000e+00,0.000000000000000000e+00,0.000000000000000000e+00,0.000000000000000000e+00,0.000000000000000000e+00,0.000000000000000000e+00,0.000000000000000000e+00,0.000000000000000000e+00,0.000000000000000000e+00,0.000000000000000000e+00,0.000000000000000000e+00,0.000000000000000000e+00,0.000000000000000000e+00
1.953125000000000000e-02,0.000000000000000000e+00,9.338521400778210246e-02,0.000000000000000000e+00,9.961240310077519311e-01,2.723735408560312710e-02,3.891050583657573725e-03,0.000000000000000000e+00,2.304687500000000000e-01,0.000000000000000000e+00,7.782101167315147450e-03,7.421875000000000000e-02,3.891050583657573725e-03,4.065040650406470668e-03,0.000000000000000000e+00,0.000000000000000000e+00,1.176470588235289938e-02,1.556420233463029490e-02,0.000000000000000000e+00,9.961240310077519311e-01,9.338521400778210246e-02,0.000000000000000000e+00,4.065040650406470668e-03,0.000000000000000000e+00,8.682170542635658794e-01,3.891050583657573725e-03,4.570312500000000000e-01,0.000000000000000000e+00,9.803921568627449457e-02,0.000000000000000000e+00,0.000000000000000000e+00,3.921568627450966460e-03,8.046875000000000000e-01,0.000000000000000000e+00,0.000000000000000000e+00,1.000000000000000000e+00,8.832684824902723442e-01,1.562500000000000000e-02,0.000000000000000000e+00,0.000000000000000000e+00,8.007812500000000000e-01,3.891050583657573725e-03,1.167315175097272117e-02,0.000000000000000000e+00,1.968503937007870519e-02,0.000000000000000000e+00,1.167315175097272117e-02,2.217898832684824795e-01,7.790697674418605168e-01,1.171875000000000000e-02,2.890625000000000000e-01,1.171875000000000000e-02,1.953125000000000000e-02,7.976653696498055002e-01,6.796875000000000000e-01,3.137254901960784270e-02,1.945525291828797965e-02,1.945525291828797965e-02,8.565891472868216727e-01,1.968503937007870519e-02,7.003891050583654909e-02,3.891050583657573725e-03,1.945525291828797965e-02,3.891050583657573725e-03,3.112840466926070082e-02,5.882352941176471894e-02,3.906250000000000000e-03,3.906250000000000000e-03,3.906250000000000000e-03
1.562500000000000000e-02,7.843137254901932920e-03,8.984375000000000000e-02,0.000000000000000000e+00,8.832684824902723442e-01,1.562500000000000000e-02,3.906250000000000000e-03,0.000000000000000000e+00,2.196078431372548989e-01,0.000000000000000000e+00,3.906250000000000000e-03,7.058823529411761832e-02,0.000000000000000000e+00,0.000000000000000000e+00,0.000000000000000000e+00,0.000000000000000000e+00,7.843137254901932920e-03,3.906250000000000000e-03,0.000000000000000000e+00,8.754863813229571967e-01,8.984375000000000000e-02,0.000000000000000000e+00,0.000000000000000000e+00,0.000000000000000000e+00,9.338521400778210246e-01,7.812500000000000000e-03,4.627450980392157076e-01,3.906250000000000000e-03,8.267716535433067282e-02,0.000000000000000000e+00,0.000000000000000000e+00,3.937007874015741038e-03,8.352941176470588536e-01,0.000000000000000000e+00,3.906250000000000000e-03,8.832684824902723442e-01,1.000000000000000000e+00,3.906250000000000000e-03,0.000000000000000000e+00,0.000000000000000000e+00,8.359375000000000000e-01,3.906250000000000000e-03,0.000000000000000000e+00,0.000000000000000000e+00,2.766798418972327145e-02,0.000000000000000000e+00,7.812500000000000000e-03,1.835937500000000000e-01,7.937743190661479264e-01,1.171875000000000000e-02,2.812500000000000000e-01,1.171875000000000000e-02,1.960784313725494332e-02,8.593750000000000000e-01,6.705882352941177071e-01,2.352941176470590978e-02,1.562500000000000000e-02,1.953125000000000000e-02,8.793774319066147704e-01,1.185770750988146549e-02,7.031250000000000000e-02,0.000000000000000000e+00,1.562500000000000000e-02,0.000000000000000000e+00,2.734375000000000000e-02,6.692913385826770867e-02,0.000000000000000000e+00,0.000000000000000000e+00,3.921568627450966460e-03
3.906250000000000000e-03,3.906250000000000000e-03,0.000000000000000000e+00,0.000000000000000000e+00,1.562500000000000000e-02,0.000000000000000000e+00,0.000000000000000000e+00,0.000000000000000000e+00,1.176470588235289938e-02,0.000000000000000000e+00,0.000000000000000000e+00,0.000000000000000000e+00,0.000000000000000000e+00,0.000000000000000000e+00,0.000000000000000000e+00,3.164062500000000000e-01,3.921568627450966460e-03,0.000000000000000000e+00,0.000000000000000000e+00,1.562500000000000000e-02,0.000000000000000000e+00,0.000000000000000000e+00,0.000000000000000000e+00,0.000000000000000000e+00,0.000000000000000000e+00,0.000000000000000000e+00,0.000000000000000000e+00,3.906250000000000000e-03,3.937007874015741038e-03,0.000000000000000000e+00,0.000000000000000000e+00,3.921568627450966460e-03,0.000000000000000000e+00,0.000000000000000000e+00,7.812500000000000000e-03,1.562500000000000000e-02,3.906250000000000000e-03,1.000000000000000000e+00,0.000000000000000000e+00,0.000000000000000000e+00,0.000000000000000000e+00,0.000000000000000000e+00,8.443579766536964959e-01,0.000000000000000000e+00,3.937007874015741038e-03,0.000000000000000000e+00,0.000000000000000000e+00,1.562500000000000000e-02,0.000000000000000000e+00,0.000000000000000000e+00,0.000000000000000000e+00,0.000000000000000000e+00,0.000000000000000000e+00,0.000000000000000000e+00,0.000000000000000000e+00,0.000000000000000000e+00,0.000000000000000000e+00,0.000000000000000000e+00,3.891050583657573725e-03,3.952569169960451489e-03,0.000000000000000000e+00,3.906250000000000000e-03,0.000000000000000000e+00,3.906250000000000000e-03,0.000000000000000000e+00,3.921568627450966460e-03,0.000000000000000000e+00,0.000000000000000000e+00,0.000000000000000000e+00
0.000000000000000000e+00,3.968253968253954156e-03,0.000000000000000000e+00,0.000000000000000000e+00,0.000000000000000000e+00,0.000000000000000000e+00,0.000000000000000000e+00,0.000000000000000000e+00,3.984063745019916780e-03,0.000000000000000000e+00,0.000000000000000000e+00,3.984063745019916780e-03,0.000000000000000000e+00,0.000000000000000000e+00,0.000000000000000000e+00,0.000000000000000000e+00,3.984063745019916780e-03,3.968253968253954156e-03,0.000000000000000000e+00,3.968253968253954156e-03,0.000000000000000000e+00,0.000000000000000000e+00,0.000000000000000000e+00,0.000000000000000000e+00,3.968253968253954156e-03,0.000000000000000000e+00,0.000000000000000000e+00,0.000000000000000000e+00,4.000000000000003553e-03,0.000000000000000000e+00,0.000000000000000000e+00,0.000000000000000000e+00,0.000000000000000000e+00,0.000000000000000000e+00,0.000000000000000000e+00,0.000000000000000000e+00,0.000000000000000000e+00,0.000000000000000000e+00,1.000000000000000000e+00,0.000000000000000000e+00,3.968253968253954156e-03,0.000000000000000000e+00,0.000000000000000000e+00,0.000000000000000000e+00,4.000000000000003553e-03,0.000000000000000000e+00,0.000000000000000000e+00,0.000000000000000000e+00,3.952569169960451489e-03,0.000000000000000000e+00,0.000000000000000000e+00,0.000000000000000000e+00,3.984063745019916780e-03,3.968253968253954156e-03,3.984063745019916780e-03,3.984063745019916780e-03,0.000000000000000000e+00,0.000000000000000000e+00,0.000000000000000000e+00,0.000000000000000000e+00,3.968253968253954156e-03,3.968253968253954156e-03,0.000000000000000000e+00,7.936507936507908312e-03,3.968253968253954156e-03,0.000000000000000000e+00,0.000000000000000000e+00,0.000000000000000000e+00,0.000000000000000000e+00
0.000000000000000000e+00,0.000000000000000000e+00,0.000000000000000000e+00,0.000000000000000000e+00,0.000000000000000000e+00,0.000000000000000000e+00,0.000000000000000000e+00,2.953586497890292595e-02,0.000000000000000000e+00,0.000000000000000000e+00,0.000000000000000000e+00,0.000000000000000000e+00,0.000000000000000000e+00,4.219409282700370412e-03,3.122362869198311852e-01,0.000000000000000000e+00,0.000000000000000000e+00,0.000000000000000000e+00,0.000000000000000000e+00,0.000000000000000000e+00,0.000000000000000000e+00,0.000000000000000000e+00,8.474576271186418097e-03,9.957983193277311074e-01,0.000000000000000000e+00,0.000000000000000000e+00,0.000000000000000000e+00,0.000000000000000000e+00,0.000000000000000000e+00,0.000000000000000000e+00,1.680672268907568156e-02,0.000000000000000000e+00,0.000000000000000000e+00,1.265822784810122226e-02,0.000000000000000000e+00,0.000000000000000000e+00,0.000000000000000000e+00,0.000000000000000000e+00,0.000000000000000000e+00,1.000000000000000000e+00,0.000000000000000000e+00,0.000000000000000000e+00,0.000000000000000000e+00,1.265822784810122226e-02,0.000000000000000000e+00,1.276595744680852906e-02,0.000000000000000000e+00,0.000000000000000000e+00,0.000000000000000000e+00,4.184100418409997246e-03,0.000000000000000000e+00,0.000000000000000000e+00,0.000000000000000000e+00,0.000000000000000000e+00,0.000000000000000000e+00,0.000000000000000000e+00,0.000000000000000000e+00,0.000000000000000000e+00,4.166666666666651864e-03,0.000000000000000000e+00,0.000000000000000000e+00,0.000000000000000000e+00,0.000000000000000000e+00,0.000000000000000000e+00,0.000000000000000000e+00,0.000000000000000000e+00,0.000000000000000000e+00,0.000000000000000000e+00,0.000000000000000000e+00
1.176470588235289938e-02,3.921568627450966460e-03,8.235294117647062873e-02,0.000000000000000000e+00,8.046875000000000000e-01,2.745098039215687624e-02,2.745098039215687624e-02,0.000000000000000000e+00,2.352941176470588758e-01,4.048582995951455210e-03,3.125000000000000000e-02,8.661417322834641386e-02,2.734375000000000000e-02,4.081632653061273430e-03,0.000000000000000000e+00,0.000000000000000000e+00,3.937007874015741038e-03,3.125000000000000000e-02,0.000000000000000000e+00,8.007812500000000000e-01,9.411764705882352811e-02,3.968253968253954156e-03,0.000000000000000000e+00,0.000000000000000000e+00,8.281250000000000000e-01,2.734375000000000000e-02,4.549019607843137747e-01,0.000000000000000000e+00,7.874015748031493178e-02,0.000000000000000000e+00,0.000000000000000000e+00,1.968503937007870519e-02,1.000000000000000000e+00,0.000000000000000000e+00,0.000000000000000000e+00,8.007812500000000000e-01,8.359375000000000000e-01,0.000000000000000000e+00,3.968253968253954156e-03,0.000000000000000000e+00,1.000000000000000000e+00,2.343750000000000000e-02,0.000000000000000000e+00,0.000000000000000000e+00,2.766798418972327145e-02,0.000000000000000000e+00,7.843137254901932920e-03,2.070312500000000000e-01,7.382812500000000000e-01,1.568627450980397686e-02,3.098039215686274606e-01,7.843137254901932920e-03,1.968503937007870519e-02,7.607843137254901578e-01,6.235294117647058876e-01,3.149606299212603933e-02,1.568627450980397686e-02,1.960784313725494332e-02,8.007812500000000000e-01,3.162055335968383396e-02,6.640625000000000000e-02,3.906250000000000000e-03,1.960784313725494332e-02,0.000000000000000000e+00,1.960784313725494332e-02,4.330708661417326244e-02,0.000000000000000000e+00,0.000000000000000000e+00,0.000000000000000000e+00
0.000000000000000000e+00,0.000000000000000000e+00,3.891050583657573725e-03,3.891050583657573725e-03,7.782101167315147450e-03,0.000000000000000000e+00,9.224806201550387330e-01,0.000000000000000000e+00,0.000000000000000000e+00,0.000000000000000000e+00,9.186046511627906641e-01,3.921568627450966460e-03,9.224806201550387330e-01,0.000000000000000000e+00,0.000000000000000000e+00,0.000000000000000000e+00,3.906250000000000000e-03,0.000000000000000000e+00,0.000000000000000000e+00,3.891050583657573725e-03,3.891050583657573725e-03,3.952569169960451489e-03,0.000000000000000000e+00,0.000000000000000000e+00,3.891050583657573725e-03,9.227799227799228232e-01,0.000000000000000000e+00,3.891050583657573725e-03,3.921568627450966460e-03,0.000000000000000000e+00,0.000000000000000000e+00,9.960937500000000000e-01,2.343750000000000000e-02,0.000000000000000000e+00,3.891050583657573725e-03,3.891050583657573725e-03,3.906250000000000000e-03,0.000000000000000000e+00,0.000000000000000000e+00,0.000000000000000000e+00,2.343750000000000000e-02,1.000000000000000000e+00,0.000000000000000000e+00,0.000000000000000000e+00,3.937007874015741038e-03,0.000000000000000000e+00,3.891050583657573725e-03,0.000000000000000000e+00,7.782101167315147450e-03,0.000000000000000000e+00,4.296875000000000000e-02,3.891050583657573725e-03,0.000000000000000000e+00,7.812500000000000000e-03,0.000000000000000000e+00,0.000000000000000000e+00,0.000000000000000000e+00,3.891050583657573725e-03,7.782101167315147450e-03,0.000000000000000000e+00,3.891050583657573725e-03,0.000000000000000000e+00,0.000000000000000000e+00,0.000000000000000000e+00,0.000000000000000000e+00,0.000000000000000000e+00,1.171875000000000000e-02,7.812500000000000000e-03,7.812500000000000000e-03
3.891050583657573725e-03,0.000000000000000000e+00,0.000000000000000000e+00,3.891050583657573725e-03,1.167315175097272117e-02,0.000000000000000000e+00,0.000000000000000000e+00,0.000000000000000000e+00,1.171875000000000000e-02,0.000000000000000000e+00,0.000000000000000000e+00,0.000000000000000000e+00,0.000000000000000000e+00,0.000000000000000000e+00,0.000000000000000000e+00,3.035019455252918608e-01,0.000000000000000000e+00,0.000000000000000000e+00,0.000000000000000000e+00,1.556420233463029490e-02,0.000000000000000000e+00,0.000000000000000000e+00,0.000000000000000000e+00,0.000000000000000000e+00,0.000000000000000000e+00,0.000000000000000000e+00,0.000000000000000000e+00,3.891050583657573725e-03,0.000000000000000000e+00,0.000000000000000000e+00,0.000000000000000000e+00,0.000000000000000000e+00,0.000000000000000000e+00,0.000000000000000000e+00,3.891050583657573725e-03,1.167315175097272117e-02,0.000000000000000000e+00,8.443579766536964959e-01,0.000000000000000000e+00,0.000000000000000000e+00,0.000000000000000000e+00,0.000000000000000000e+00,1.000000000000000000e+00,0.000000000000000000e+00,0.000000000000000000e+00,0.000000000000000000e+00,0.000000000000000000e+00,3.891050583657573725e-03,0.000000000000000000e+00,0.000000000000000000e+00,0.000000000000000000e+00,0.000000000000000000e+00,0.000000000000000000e+00,0.000000000000000000e+00,0.000000000000000000e+00,0.000000000000000000e+00,0.000000000000000000e+00,0.000000000000000000e+00,0.000000000000000000e+00,3.937007874015741038e-03,0.000000000000000000e+00,0.000000000000000000e+00,0.000000000000000000e+00,0.000000000000000000e+00,0.000000000000000000e+00,0.000000000000000000e+00,0.000000000000000000e+00,0.000000000000000000e+00,0.000000000000000000e+00
0.000000000000000000e+00,0.000000000000000000e+00,0.000000000000000000e+00,0.000000000000000000e+00,0.000000000000000000e+00,0.000000000000000000e+00,0.000000000000000000e+00,6.557377049180328488e-01,0.000000000000000000e+00,0.000000000000000000e+00,0.000000000000000000e+00,0.000000000000000000e+00,0.000000000000000000e+00,3.333333333333332593e-02,1.265822784810122226e-02,0.000000000000000000e+00,0.000000000000000000e+00,0.000000000000000000e+00,0.000000000000000000e+00,0.000000000000000000e+00,0.000000000000000000e+00,0.000000000000000000e+00,3.347280334728031104e-02,4.255319148936176354e-03,0.000000000000000000e+00,0.000000000000000000e+00,0.000000000000000000e+00,0.000000000000000000e+00,0.000000000000000000e+00,1.271186440677962715e-02,4.979253112033199535e-02,0.000000000000000000e+00,0.000000000000000000e+00,3.749999999999997780e-02,0.000000000000000000e+00,0.000000000000000000e+00,0.000000000000000000e+00,0.000000000000000000e+00,0.000000000000000000e+00,1.265822784810122226e-02,0.000000000000000000e+00,0.000000000000000000e+00,0.000000000000000000e+00,1.000000000000000000e+00,0.000000000000000000e+00,9.834710743801653443e-01,0.000000000000000000e+00,0.000000000000000000e+00,0.000000000000000000e+00,0.000000000000000000e+00,0.000000000000000000e+00,0.000000000000000000e+00,0.000000000000000000e+00,0.000000000000000000e+00,0.000000000000000000e+00,0.000000000000000000e+00,4.098360655737653957e-03,0.000000000000000000e+00,0.000000000000000000e+00,0.000000000000000000e+00,0.000000000000000000e+00,0.000000000000000000e+00,4.098360655737653957e-03,0.000000000000000000e+00,0.000000000000000000e+00,0.000000000000000000e+00,0.000000000000000000e+00,0.000000000000000000e+00,0.000000000000000000e+00
7.905138339920902979e-03,7.905138339920902979e-03,1.581027667984191698e-02,0.000000000000000000e+00,2.362204724409444623e-02,3.952569169960451489e-03,0.000000000000000000e+00,0.000000000000000000e+00,1.984126984126988180e-02,0.000000000000000000e+00,0.000000000000000000e+00,1.587301587301592765e-02,0.000000000000000000e+00,0.000000000000000000e+00,0.000000000000000000e+00,0.000000000000000000e+00,1.190476190476186247e-02,1.181102362204722311e-02,3.984063745019916780e-03,1.968503937007870519e-02,1.185770750988146549e-02,8.000000000000007105e-03,0.000000000000000000e+00,0.000000000000000000e+00,2.371541501976281996e-02,3.937007874015741038e-03,2.766798418972327145e-02,0.000000000000000000e+00,2.380952380952383596e-02,0.000000000000000000e+00,0.000000000000000000e+00,0.000000000000000000e+00,2.371541501976281996e-02,0.000000000000000000e+00,0.000000000000000000e+00,1.968503937007870519e-02,2.766798418972327145e-02,3.937007874015741038e-03,4.000000000000003553e-03,0.000000000000000000e+00,2.766798418972327145e-02,3.937007874015741038e-03,0.000000000000000000e+00,0.000000000000000000e+00,1.000000000000000000e+00,0.000000000000000000e+00,7.905138339920902979e-03,2.766798418972327145e-02,2.362204724409444623e-02,1.462450592885375933e-01,3.280632411067193610e-01,7.905138339920902979e-03,3.968253968253954156e-03,3.162055335968383396e-02,1.067193675889328563e-01,4.505928853754940233e-01,7.905138339920902979e-03,9.173228346456693272e-01,2.362204724409444623e-02,1.195219123505975034e-02,1.581027667984191698e-02,3.952569169960451489e-03,7.905138339920902979e-03,3.952569169960451489e-03,9.330708661417322913e-01,1.587301587301592765e-02,0.000000000000000000e+00,0.000000000000000000e+00,0.000000000000000000e+00
0.000000000000000000e+00,0.000000000000000000e+00,0.000000000000000000e+00,0.000000000000000000e+00,0.000000000000000000e+00,0.000000000000000000e+00,0.000000000000000000e+00,6.735537190082644399e-01,0.000000000000000000e+00,4.201680672268892636e-03,0.000000000000000000e+00,0.000000000000000000e+00,0.000000000000000000e+00,3.361344537815125211e-02,1.276595744680852906e-02,0.000000000000000000e+00,0.000000000000000000e+00,0.000000000000000000e+00,4.166666666666651864e-03,0.000000000000000000e+00,0.000000000000000000e+00,0.000000000000000000e+00,3.375527426160340738e-02,4.291845493562207459e-03,0.000000000000000000e+00,0.000000000000000000e+00,0.000000000000000000e+00,0.000000000000000000e+00,0.000000000000000000e+00,2.564102564102566095e-02,5.857740585774062758e-02,0.000000000000000000e+00,0.000000000000000000e+00,3.361344537815125211e-02,0.000000000000000000e+00,0.000000000000000000e+00,0.000000000000000000e+00,0.000000000000000000e+00,0.000000000000000000e+00,1.276595744680852906e-02,0.000000000000000000e+00,0.000000000000000000e+00,0.000000000000000000e+00,9.834710743801653443e-01,0.000000000000000000e+00,1.000000000000000000e+00,0.000000000000000000e+00,0.000000000000000000e+00,0.000000000000000000e+00,0.000000000000000000e+00,0.000000000000000000e+00,0.000000000000000000e+00,0.000000000000000000e+00,0.000000000000000000e+00,0.000000000000000000e+00,0.000000000000000000e+00,0.000000000000000000e+00,0.000000000000000000e+00,0.000000000000000000e+00,0.000000000000000000e+00,0.000000000000000000e+00,0.000000000000000000e+00,0.000000000000000000e+00,0.000000000000000000e+00,0.000000000000000000e+00,0.000000000000000000e+00,0.000000000000000000e+00,0.000000000000000000e+00,0.000000000000000000e+00
3.906250000000000000e-03,8.715953307392996230e-01,1.171875000000000000e-02,0.000000000000000000e+00,1.167315175097272117e-02,0.000000000000000000e+00,3.906250000000000000e-03,0.000000000000000000e+00,1.960784313725494332e-02,0.000000000000000000e+00,3.891050583657573725e-03,1.176470588235289938e-02,0.000000000000000000e+00,0.000000000000000000e+00,0.000000000000000000e+00,0.000000000000000000e+00,8.750000000000000000e-01,0.000000000000000000e+00,0.000000000000000000e+00,7.812500000000000000e-03,1.171875000000000000e-02,3.952569169960451489e-03,0.000000000000000000e+00,0.000000000000000000e+00,1.171875000000000000e-02,3.891050583657573725e-03,7.843137254901932920e-03,0.000000000000000000e+00,7.874015748031482076e-03,0.000000000000000000e+00,0.000000000000000000e+00,0.000000000000000000e+00,7.843137254901932920e-03,0.000000000000000000e+00,0.000000000000000000e+00,1.167315175097272117e-02,7.812500000000000000e-03,0.000000000000000000e+00,0.000000000000000000e+00,0.000000000000000000e+00,7.843137254901932920e-03,3.891050583657573725e-03,0.000000000000000000e+00,0.000000000000000000e+00,7.905138339920902979e-03,0.000000000000000000e+00,1.000000000000000000e+00,7.812500000000000000e-03,7.782101167315147450e-03,7.812500000000000000e-03,1.171875000000000000e-02,9.182879377431906187e-01,7.843137254901932920e-03,3.906250000000000000e-03,7.843137254901932920e-03,0.000000000000000000e+00,3.906250000000000000e-03,1.171875000000000000e-02,1.167315175097272117e-02,3.952569169960451489e-03,7.812500000000000000e-03,3.906250000000000000e-03,3.906250000000000000e-03,3.906250000000000000e-03,7.812500000000000000e-03,1.960784313725494332e-02,0.000000000000000000e+00,0.000000000000000000e+00,0.000000000000000000e+00
1.171875000000000000e-02,0.000000000000000000e+00,7.031250000000000000e-02,0.000000000000000000e+00,2.334630350194552006e-01,1.953125000000000000e-02,0.000000000000000000e+00,0.000000000000000000e+00,8.281250000000000000e-01,4.032258064516125451e-03,0.000000000000000000e+00,5.490196078431375248e-02,0.000000000000000000e+00,0.000000000000000000e+00,0.000000000000000000e+00,3.906250000000000000e-03,7.843137254901932920e-03,1.562500000000000000e-02,0.000000000000000000e+00,2.256809338521400532e-01,6.250000000000000000e-02,3.952569169960451489e-03,0.000000000000000000e+00,0.000000000000000000e+00,2.256809338521400532e-01,3.891050583657573725e-03,2.109375000000000000e-01,1.953125000000000000e-02,5.098039215686278602e-02,0.000000000000000000e+00,0.000000000000000000e+00,0.000000000000000000e+00,1.921568627450980227e-01,0.000000000000000000e+00,1.953125000000000000e-02,2.217898832684824795e-01,1.835937500000000000e-01,1.562500000000000000e-02,0.000000000000000000e+00,0.000000000000000000e+00,2.070312500000000000e-01,0.000000000000000000e+00,3.891050583657573725e-03,0.000000000000000000e+00,2.766798418972327145e-02,0.000000000000000000e+00,7.812500000000000000e-03,1.000000000000000000e+00,1.789883268482490575e-01,1.171875000000000000e-02,9.375000000000000000e-02,7.812500000000000000e-03,3.137254901960784270e-02,1.718750000000000000e-01,1.562500000000000000e-01,2.352941176470590978e-02,3.906250000000000000e-03,2.343750000000000000e-02,1.945525291828793524e-01,2.362204724409444623e-02,3.891050583657584827e-02,0.000000000000000000e+00,1.171875000000000000e-02,0.000000000000000000e+00,2.343750000000000000e-02,3.137254901960784270e-02,3.906250000000000000e-03,3.906250000000000000e-03,3.906250000000000000e-03
1.562500000000000000e-02,0.000000000000000000e+00,9.338521400778210246e-02,3.891050583657573725e-03,7.868217054263566546e-01,1.945525291828797965e-02,7.782101167315147450e-03,0.000000000000000000e+00,2.070312500000000000e-01,0.000000000000000000e+00,3.891050583657573725e-03,7.031250000000000000e-02,0.000000000000000000e+00,4.065040650406470668e-03,0.000000000000000000e+00,0.000000000000000000e+00,7.812500000000000000e-03,7.782101167315147450e-03,0.000000000000000000e+00,7.868217054263566546e-01,9.338521400778210246e-02,3.952569169960451489e-03,0.000000000000000000e+00,0.000000000000000000e+00,8.062015503875968880e-01,3.891050583657573725e-03,4.335937500000000000e-01,3.891050583657573725e-03,8.627450980392159519e-02,0.000000000000000000e+00,0.000000000000000000e+00,3.921568627450966460e-03,7.304687500000000000e-01,0.000000000000000000e+00,3.891050583657573725e-03,7.790697674418605168e-01,7.937743190661479264e-01,0.000000000000000000e+00,3.952569169960451489e-03,0.000000000000000000e+00,7.382812500000000000e-01,7.782101167315147450e-03,0.000000000000000000e+00,0.000000000000000000e+00,2.362204724409444623e-02,0.000000000000000000e+00,7.782101167315147450e-03,1.789883268482490575e-01,1.000000000000000000e+00,7.782101167315147450e-03,2.490272373540856066e-01,1.167315175097272117e-02,1.562500000000000000e-02,7.159533073929961189e-01,5.664062500000000000e-01,2.734375000000000000e-02,1.945525291828797965e-02,1.556420233463029490e-02,7.674418604651163101e-01,1.181102362204722311e-02,6.614785992217897537e-02,0.000000000000000000e+00,1.945525291828797965e-02,3.891050583657573725e-03,2.723735408560312710e-02,5.490196078431375248e-02,3.906250000000000000e-03,3.906250000000000000e-03,3.906250000000000000e-03
1.562500000000000000e-02,1.176470588235289938e-02,1.953125000000000000e-02,3.906250000000000000e-03,1.171875000000000000e-02,0.000000000000000000e+00,0.000000000000000000e+00,0.000000000000000000e+00,1.568627450980397686e-02,0.000000000000000000e+00,0.000000000000000000e+00,4.313725490196074208e-02,0.000000000000000000e+00,0.000000000000000000e+00,0.000000000000000000e+00,0.000000000000000000e+00,7.843137254901932920e-03,1.953125000000000000e-02,3.937007874015741038e-03,1.171875000000000000e-02,1.953125000000000000e-02,0.000000000000000000e+00,0.000000000000000000e+00,0.000000000000000000e+00,1.171875000000000000e-02,0.000000000000000000e+00,1.176470588235289938e-02,0.000000000000000000e+00,1.968503937007870519e-02,0.000000000000000000e+00,0.000000000000000000e+00,0.000000000000000000e+00,1.568627450980397686e-02,0.000000000000000000e+00,0.000000000000000000e+00,1.171875000000000000e-02,1.171875000000000000e-02,0.000000000000000000e+00,0.000000000000000000e+00,4.184100418409997246e-03,1.568627450980397686e-02,0.000000000000000000e+00,0.000000000000000000e+00,0.000000000000000000e+00,1.462450592885375933e-01,0.000000000000000000e+00,7.812500000000000000e-03,1.171875000000000000e-02,7.782101167315147450e-03,1.000000000000000000e+00,6.250000000000000000e-02,7.812500000000000000e-03,3.921568627450966460e-03,1.171875000000000000e-02,3.137254901960784270e-02,1.058823529411764275e-01,0.000000000000000000e+00,1.367187500000000000e-01,1.556420233463029490e-02,0.000000000000000000e+00,3.515625000000000000e-02,3.906250000000000000e-03,0.000000000000000000e+00,7.812500000000000000e-03,1.367187500000000000e-01,3.921568627450966460e-03,0.000000000000000000e+00,0.000000000000000000e+00,0.000000000000000000e+00
3.921568627450966460e-03,3.921568627450966460e-03,4.296875000000000000e-02,3.906250000000000000e-03,2.890625000000000000e-01,1.171875000000000000e-02,4.687500000000000000e-02,0.000000000000000000e+00,9.411764705882352811e-02,4.048582995951455210e-03,4.687500000000000000e-02,3.921568627450977562e-02,4.687500000000000000e-02,0.000000000000000000e+00,0.000000000000000000e+00,0.000000000000000000e+00,3.921568627450966460e-03,7.812500000000000000e-03,0.000000000000000000e+00,2.812500000000000000e-01,4.687500000000000000e-02,0.000000000000000000e+00,0.000000000000000000e+00,0.000000000000000000e+00,2.851562500000000000e-01,5.078125000000000000e-02,1.607843137254901800e-01,3.921568627450966460e-03,5.118110236220474452e-02,0.000000000000000000e+00,0.000000000000000000e+00,4.330708661417326244e-02,3.098039215686274606e-01,0.000000000000000000e+00,3.921568627450966460e-03,2.890625000000000000e-01,2.812500000000000000e-01,0.000000000000000000e+00,0.000000000000000000e+00,0.000000000000000000e+00,3.098039215686274606e-01,4.296875000000000000e-02,0.000000000000000000e+00,0.000000000000000000e+00,3.280632411067193610e-01,0.000000000000000000e+00,1.171875000000000000e-02,9.375000000000000000e-02,2.490272373540856066e-01,6.250000000000000000e-02,1.000000000000000000e+00,7.812500000000000000e-03,3.921568627450966460e-03,2.421875000000000000e-01,4.023437500000000000e-01,5.507812500000000000e-01,1.171875000000000000e-02,3.203125000000000000e-01,2.918287937743190286e-01,1.185770750988146549e-02,2.734375000000000000e-02,0.000000000000000000e+00,1.953125000000000000e-02,0.000000000000000000e+00,3.242187500000000000e-01,1.968503937007870519e-02,3.921568627450966460e-03,3.921568627450966460e-03,3.921568627450966460e-03
3.906250000000000000e-03,8.715953307392996230e-01,1.171875000000000000e-02,0.000000000000000000e+00,7.812500000000000000e-03,0.000000000000000000e+00,3.906250000000000000e-03,0.000000000000000000e+00,1.568627450980397686e-02,0.000000000000000000e+00,3.906250000000000000e-03,1.568627450980397686e-02,0.000000000000000000e+00,0.000000000000000000e+00,0.000000000000000000e+00,0.000000000000000000e+00,8.906250000000000000e-01,0.000000000000000000e+00,3.937007874015741038e-03,3.906250000000000000e-03,1.171875000000000000e-02,3.968253968253954156e-03,0.000000000000000000e+00,0.000000000000000000e+00,7.812500000000000000e-03,3.891050583657573725e-03,7.843137254901932920e-03,0.000000000000000000e+00,7.874015748031482076e-03,0.000000000000000000e+00,0.000000000000000000e+00,0.000000000000000000e+00,7.843137254901932920e-03,0.000000000000000000e+00,0.000000000000000000e+00,1.171875000000000000e-02,1.171875000000000000e-02,0.000000000000000000e+00,0.000000000000000000e+00,0.000000000000000000e+00,7.843137254901932920e-03,3.891050583657573725e-03,0.000000000000000000e+00,0.000000000000000000e+00,7.905138339920902979e-03,0.000000000000000000e+00,9.182879377431906187e-01,7.812500000000000000e-03,1.167315175097272117e-02,7.812500000000000000e-03,7.812500000000000000e-03,1.000000000000000000e+00,7.843137254901932920e-03,3.906250000000000000e-03,7.843137254901932920e-03,0.000000000000000000e+00,3.906250000000000000e-03,7.812500000000000000e-03,1.167315175097272117e-02,3.952569169960451489e-03,1.171875000000000000e-02,3.906250000000000000e-03,3.906250000000000000e-03,3.906250000000000000e-03,1.171875000000000000e-02,1.960784313725494332e-02,0.000000000000000000e+00,0.000000000000000000e+00,0.000000000000000000e+00
3.921568627450966460e-03,3.921568627450966460e-03,2.352941176470590978e-02,0.000000000000000000e+00,1.953125000000000000e-02,0.000000000000000000e+00,0.000000000000000000e+00,0.000000000000000000e+00,2.755905511811018727e-02,0.000000000000000000e+00,0.000000000000000000e+00,1.574803149606296415e-02,0.000000000000000000e+00,0.000000000000000000e+00,0.000000000000000000e+00,0.000000000000000000e+00,7.874015748031482076e-03,0.000000000000000000e+00,0.000000000000000000e+00,2.352941176470590978e-02,1.960784313725494332e-02,0.000000000000000000e+00,0.000000000000000000e+00,0.000000000000000000e+00,2.352941176470590978e-02,0.000000000000000000e+00,3.543307086614178036e-02,0.000000000000000000e+00,1.976284584980236847e-02,0.000000000000000000e+00,0.000000000000000000e+00,0.000000000000000000e+00,1.574803149606296415e-02,0.000000000000000000e+00,0.000000000000000000e+00,1.953125000000000000e-02,1.960784313725494332e-02,0.000000000000000000e+00,3.984063745019916780e-03,0.000000000000000000e+00,1.968503937007870519e-02,0.000000000000000000e+00,0.000000000000000000e+00,0.000000000000000000e+00,3.968253968253954156e-03,0.000000000000000000e+00,7.843137254901932920e-03,3.137254901960784270e-02,1.562500000000000000e-02,3.921568627450966460e-03,3.921568627450966460e-03,7.843137254901932920e-03,1.000000000000000000e+00,1.960784313725494332e-02,7.874015748031482076e-03,3.937007874015741038e-03,0.000000000000000000e+00,3.921568627450966460e-03,1.171875000000000000e-02,0.000000000000000000e+00,1.960784313725494332e-02,3.921568627450966460e-03,0.000000000000000000e+00,3.921568627450966460e-03,3.921568627450966460e-03,7.874015748031482076e-03,0.000000000000000000e+00,0.000000000000000000e+00,0.000000000000000000e+00
7.843137254901932920e-03,7.843137254901932920e-03,1.054687500000000000e-01,0.000000000000000000e+00,7.937743190661479264e-01,7.812500000000000000e-03,3.906250000000000000e-03,0.000000000000000000e+00,2.039215686274510331e-01,4.048582995951455210e-03,3.906250000000000000e-03,6.274509803921568540e-02,0.000000000000000000e+00,0.000000000000000000e+00,0.000000000000000000e+00,0.000000000000000000e+00,7.843137254901932920e-03,1.171875000000000000e-02,7.874015748031482076e-03,7.898832684824902417e-01,8.593750000000000000e-02,3.968253968253954156e-03,0.000000000000000000e+00,0.000000000000000000e+00,8.560311284046693281e-01,3.906250000000000000e-03,4.352941176470588314e-01,3.906250000000000000e-03,9.448818897637800696e-02,0.000000000000000000e+00,0.000000000000000000e+00,3.937007874015741038e-03,7.686274509803920907e-01,0.000000000000000000e+00,3.906250000000000000e-03,7.976653696498055002e-01,8.593750000000000000e-01,0.000000000000000000e+00,3.968253968253954156e-03,0.000000000000000000e+00,7.607843137254901578e-01,7.812500000000000000e-03,0.000000000000000000e+00,0.000000000000000000e+00,3.162055335968383396e-02,0.000000000000000000e+00,3.906250000000000000e-03,1.718750000000000000e-01,7.159533073929961189e-01,1.171875000000000000e-02,2.421875000000000000e-01,3.906250000000000000e-03,1.960784313725494332e-02,1.000000000000000000e+00,6.835937500000000000e-01,4.705882352941181956e-02,1.171875000000000000e-02,3.125000000000000000e-02,7.976653696498055002e-01,1.185770750988146549e-02,7.031250000000000000e-02,0.000000000000000000e+00,1.171875000000000000e-02,0.000000000000000000e+00,3.515625000000000000e-02,5.511811023622048555e-02,3.921568627450966460e-03,3.921568627450966460e-03,7.843137254901932920e-03
1.568627450980397686e-02,3.921568627450966460e-03,8.984375000000000000e-02,0.000000000000000000e+00,6.875000000000000000e-01,1.953125000000000000e-02,0.000000000000000000e+00,0.000000000000000000e+00,1.999999999999999556e-01,4.048582995951455210e-03,0.000000000000000000e+00,7.843137254901966227e-02,0.000000000000000000e+00,4.081632653061273430e-03,0.000000000000000000e+00,3.906250000000000000e-03,3.937007874015741038e-03,7.812500000000000000e-03,0.000000000000000000e+00,6.835937500000000000e-01,9.375000000000000000e-02,0.000000000000000000e+00,0.000000000000000000e+00,0.000000000000000000e+00,6.523437500000000000e-01,3.906250000000000000e-03,4.196078431372548545e-01,0.000000000000000000e+00,7.480314960629919074e-02,0.000000000000000000e+00,0.000000000000000000e+00,0.000000000000000000e+00,6.196078431372549211e-01,0.000000000000000000e+00,0.000000000000000000e+00,6.796875000000000000e-01,6.705882352941177071e-01,0.000000000000000000e+00,3.984063745019916780e-03,0.000000000000000000e+00,6.235294117647058876e-01,0.000000000000000000e+00,0.000000000000000000e+00,0.000000000000000000e+00,1.067193675889328563e-01,0.000000000000000000e+00,7.843137254901932920e-03,1.562500000000000000e-01,5.664062500000000000e-01,3.137254901960784270e-02,4.023437500000000000e-01,7.843137254901932920e-03,7.874015748031482076e-03,6.835937500000000000e-01,1.000000000000000000e+00,1.679687500000000000e-01,1.562500000000000000e-02,1.210937500000000000e-01,6.653696498054475494e-01,1.976284584980236847e-02,6.250000000000000000e-02,3.921568627450966460e-03,1.960784313725494332e-02,0.000000000000000000e+00,1.171875000000000000e-01,5.905511811023622659e-02,0.000000000000000000e+00,0.000000000000000000e+00,3.921568627450966460e-03
3.921568627450966460e-03,3.921568627450966460e-03,1.568627450980397686e-02,0.000000000000000000e+00,2.745098039215687624e-02,0.000000000000000000e+00,0.000000000000000000e+00,0.000000000000000000e+00,2.362204724409444623e-02,0.000000000000000000e+00,0.000000000000000000e+00,1.181102362204722311e-02,0.000000000000000000e+00,0.000000000000000000e+00,0.000000000000000000e+00,0.000000000000000000e+00,0.000000000000000000e+00,0.000000000000000000e+00,0.000000000000000000e+00,2.745098039215687624e-02,1.568627450980397686e-02,0.000000000000000000e+00,0.000000000000000000e+00,0.000000000000000000e+00,2.745098039215687624e-02,0.000000000000000000e+00,2.755905511811018727e-02,0.000000000000000000e+00,1.185770750988146549e-02,0.000000000000000000e+00,0.000000000000000000e+00,0.000000000000000000e+00,2.755905511811018727e-02,0.000000000000000000e+00,0.000000000000000000e+00,3.137254901960784270e-02,2.352941176470590978e-02,0.000000000000000000e+00,3.984063745019916780e-03,0.000000000000000000e+00,3.149606299212603933e-02,0.000000000000000000e+00,0.000000000000000000e+00,0.000000000000000000e+00,4.505928853754940233e-01,0.000000000000000000e+00,0.000000000000000000e+00,2.352941176470590978e-02,2.734375000000000000e-02,1.058823529411764275e-01,5.507812500000000000e-01,0.000000000000000000e+00,3.937007874015741038e-03,4.705882352941181956e-02,1.679687500000000000e-01,1.000000000000000000e+00,3.921568627450966460e-03,4.375000000000000000e-01,2.734375000000000000e-02,0.000000000000000000e+00,1.176470588235289938e-02,0.000000000000000000e+00,3.921568627450966460e-03,0.000000000000000000e+00,4.531250000000000000e-01,0.000000000000000000e+00,0.000000000000000000e+00,0.000000000000000000e+00,0.000000000000000000e+00
4.163424124513618318e-01,0.000000000000000000e+00,1.562500000000000000e-02,0.000000000000000000e+00,1.556420233463029490e-02,7.704280155642023731e-01,0.000000000000000000e+00,0.000000000000000000e+00,3.921568627450966460e-03,0.000000000000000000e+00,0.000000000000000000e+00,1.568627450980397686e-02,0.000000000000000000e+00,0.000000000000000000e+00,0.000000000000000000e+00,0.000000000000000000e+00,0.000000000000000000e+00,4.319066147859922378e-01,0.000000000000000000e+00,7.782101167315147450e-03,1.562500000000000000e-02,0.000000000000000000e+00,0.000000000000000000e+00,0.000000000000000000e+00,1.556420233463029490e-02,0.000000000000000000e+00,1.562500000000000000e-02,0.000000000000000000e+00,1.968503937007870519e-02,0.000000000000000000e+00,0.000000000000000000e+00,0.000000000000000000e+00,1.568627450980397686e-02,4.065040650406470668e-03,0.000000000000000000e+00,1.945525291828797965e-02,1.562500000000000000e-02,0.000000000000000000e+00,0.000000000000000000e+00,0.000000000000000000e+00,1.568627450980397686e-02,0.000000000000000000e+00,0.000000000000000000e+00,4.098360655737653957e-03,7.905138339920902979e-03,0.000000000000000000e+00,3.906250000000000000e-03,3.906250000000000000e-03,1.945525291828797965e-02,0.000000000000000000e+00,1.171875000000000000e-02,3.906250000000000000e-03,0.000000000000000000e+00,1.171875000000000000e-02,1.562500000000000000e-02,3.921568627450966460e-03,1.000000000000000000e+00,1.556420233463029490e-02,1.556420233463029490e-02,7.333333333333333925e-01,1.171875000000000000e-02,0.000000000000000000e+00,7.790697674418605168e-01,0.000000000000000000e+00,1.171875000000000000e-02,1.568627450980397686e-02,0.000000000000000000e+00,0.000000000000000000e+00,0.000000000000000000e+00
1.171875000000000000e-02,1.171875000000000000e-02,2.734375000000000000e-02,0.000000000000000000e+00,1.945525291828797965e-02,1.167315175097272117e-02,0.000000000000000000e+00,0.000000000000000000e+00,1.176470588235289938e-02,0.000000000000000000e+00,0.000000000000000000e+00,3.137254901960784270e-02,3.891050583657573725e-03,0.000000000000000000e+00,0.000000000000000000e+00,0.000000000000000000e+00,1.176470588235289938e-02,1.945525291828797965e-02,0.000000000000000000e+00,1.953125000000000000e-02,2.343750000000000000e-02,7.936507936507908312e-03,0.000000000000000000e+00,0.000000000000000000e+00,1.945525291828797965e-02,3.891050583657573725e-03,2.734375000000000000e-02,0.000000000000000000e+00,1.968503937007870519e-02,0.000000000000000000e+00,0.000000000000000000e+00,0.000000000000000000e+00,1.568627450980397686e-02,0.000000000000000000e+00,0.000000000000000000e+00,1.945525291828797965e-02,1.953125000000000000e-02,0.000000000000000000e+00,0.000000000000000000e+00,0.000000000000000000e+00,1.960784313725494332e-02,3.891050583657573725e-03,0.000000000000000000e+00,0.000000000000000000e+00,9.173228346456693272e-01,0.000000000000000000e+00,1.171875000000000000e-02,2.343750000000000000e-02,1.556420233463029490e-02,1.367187500000000000e-01,3.203125000000000000e-01,7.812500000000000000e-03,3.921568627450966460e-03,3.125000000000000000e-02,1.210937500000000000e-01,4.375000000000000000e-01,1.556420233463029490e-02,1.000000000000000000e+00,1.945525291828797965e-02,7.874015748031482076e-03,1.562500000000000000e-02,0.000000000000000000e+00,7.812500000000000000e-03,3.906250000000000000e-03,9.338521400778210246e-01,1.568627450980397686e-02,0.000000000000000000e+00,0.000000000000000000e+00,0.000000000000000000e+00
2.334630350194555337e-02,7.782101167315147450e-03,8.171206225680938129e-02,0.000000000000000000e+00,8.643410852713178105e-01,1.945525291828797965e-02,3.891050583657573725e-03,0.000000000000000000e+00,2.148437500000000000e-01,4.032258064516125451e-03,0.000000000000000000e+00,7.031250000000000000e-02,0.000000000000000000e+00,0.000000000000000000e+00,0.000000000000000000e+00,0.000000000000000000e+00,3.906250000000000000e-03,1.167315175097272117e-02,0.000000000000000000e+00,8.565891472868216727e-01,8.171206225680938129e-02,0.000000000000000000e+00,0.000000000000000000e+00,0.000000000000000000e+00,8.720930232558139483e-01,3.875968992248068901e-03,4.669260700389105123e-01,0.000000000000000000e+00,7.450980392156858478e-02,0.000000000000000000e+00,4.081632653061273430e-03,3.921568627450966460e-03,7.968750000000000000e-01,0.000000000000000000e+00,0.000000000000000000e+00,8.565891472868216727e-01,8.793774319066147704e-01,3.891050583657573725e-03,0.000000000000000000e+00,4.166666666666651864e-03,8.007812500000000000e-01,7.782101167315147450e-03,0.000000000000000000e+00,0.000000000000000000e+00,2.362204724409444623e-02,0.000000000000000000e+00,1.167315175097272117e-02,1.945525291828793524e-01,7.674418604651163101e-01,1.556420233463029490e-02,2.918287937743190286e-01,1.167315175097272117e-02,1.171875000000000000e-02,7.976653696498055002e-01,6.653696498054475494e-01,2.734375000000000000e-02,1.556420233463029490e-02,1.945525291828797965e-02,1.000000000000000000e+00,1.181102362204722311e-02,6.225680933852140164e-02,0.000000000000000000e+00,1.945525291828797965e-02,0.000000000000000000e+00,2.723735408560312710e-02,5.882352941176471894e-02,3.906250000000000000e-03,3.906250000000000000e-03,7.812500000000000000e-03
4.251968503937008093e-01,3.952569169960451489e-03,1.581027667984191698e-02,3.937007874015741038e-03,2.362204724409444623e-02,7.204724409448819422e-01,0.000000000000000000e+00,0.000000000000000000e+00,1.190476190476186247e-02,0.000000000000000000e+00,0.000000000000000000e+00,2.380952380952383596e-02,0.000000000000000000e+00,4.098360655737653957e-03,0.000000000000000000e+00,7.874015748031482076e-03,0.000000000000000000e+00,4.173228346456693272e-01,0.000000000000000000e+00,2.362204724409444623e-02,1.976284584980236847e-02,0.000000000000000000e+00,0.000000000000000000e+00,0.000000000000000000e+00,1.968503937007870519e-02,0.000000000000000000e+00,1.581027667984191698e-02,0.000000000000000000e+00,1.587301587301592765e-02,0.000000000000000000e+00,0.000000000000000000e+00,3.968253968253954156e-03,2.371541501976281996e-02,0.000000000000000000e+00,0.000000000000000000e+00,1.968503937007870519e-02,1.185770750988146549e-02,3.952569169960451489e-03,0.000000000000000000e+00,0.000000000000000000e+00,3.162055335968383396e-02,0.000000000000000000e+00,3.937007874015741038e-03,0.000000000000000000e+00,1.195219123505975034e-02,0.000000000000000000e+00,3.952569169960451489e-03,2.362204724409444623e-02,1.181102362204722311e-02,0.000000000000000000e+00,1.185770750988146549e-02,3.952569169960451489e-03,0.000000000000000000e+00,1.185770750988146549e-02,1.976284584980236847e-02,0.000000000000000000e+00,7.333333333333333925e-01,7.874015748031482076e-03,1.181102362204722311e-02,1.000000000000000000e+00,1.574803149606296415e-02,0.000000000000000000e+00,7.254901960784313486e-01,0.000000000000000000e+00,1.181102362204722311e-02,1.190476190476186247e-02,0.000000000000000000e+00,0.000000000000000000e+00,0.000000000000000000e+00
1.953125000000000000e-02,1.171875000000000000e-02,4.396887159533073852e-01,3.906250000000000000e-03,6.614785992217897537e-02,1.562500000000000000e-02,3.891050583657573725e-03,0.000000000000000000e+00,4.313725490196074208e-02,0.000000000000000000e+00,7.782101167315147450e-03,4.921875000000000000e-01,3.891050583657573725e-03,0.000000000000000000e+00,0.000000000000000000e+00,0.000000000000000000e+00,7.843137254901932920e-03,2.334630350194555337e-02,3.937007874015741038e-03,6.614785992217897537e-02,4.357976653696498115e-01,0.000000000000000000e+00,0.000000000000000000e+00,0.000000000000000000e+00,7.003891050583654909e-02,3.891050583657573725e-03,5.859375000000000000e-02,0.000000000000000000e+00,4.431372549019607643e-01,0.000000000000000000e+00,4.098360655737653957e-03,3.921568627450966460e-03,6.666666666666665186e-02,0.000000000000000000e+00,0.000000000000000000e+00,7.003891050583654909e-02,7.031250000000000000e-02,0.000000000000000000e+00,3.968253968253954156e-03,0.000000000000000000e+00,6.640625000000000000e-02,3.891050583657573725e-03,0.000000000000000000e+00,0.000000000000000000e+00,1.581027667984191698e-02,0.000000000000000000e+00,7.812500000000000000e-03,3.891050583657584827e-02,6.614785992217897537e-02,3.515625000000000000e-02,2.734375000000000000e-02,1.171875000000000000e-02,1.960784313725494332e-02,7.031250000000000000e-02,6.250000000000000000e-02,1.176470588235289938e-02,1.171875000000000000e-02,1.562500000000000000e-02,6.225680933852140164e-02,1.574803149606296415e-02,1.000000000000000000e+00,3.906250000000000000e-03,1.171875000000000000e-02,3.906250000000000000e-03,1.562500000000000000e-02,2.352941176470590978e-02,3.906250000000000000e-03,3.906250000000000000e-03,3.906250000000000000e-03
0.000000000000000000e+00,0.000000000000000000e+00,3.906250000000000000e-03,3.906250000000000000e-03,3.891050583657573725e-03,0.000000000000000000e+00,0.000000000000000000e+00,0.000000000000000000e+00,0.000000000000000000e+00,0.000000000000000000e+00,0.000000000000000000e+00,0.000000000000000000e+00,0.000000000000000000e+00,0.000000000000000000e+00,0.000000000000000000e+00,3.906250000000000000e-03,3.921568627450966460e-03,7.812500000000000000e-03,0.000000000000000000e+00,0.000000000000000000e+00,0.000000000000000000e+00,3.162055335968383396e-02,0.000000000000000000e+00,0.000000000000000000e+00,0.000000000000000000e+00,0.000000000000000000e+00,0.000000000000000000e+00,0.000000000000000000e+00,3.937007874015741038e-03,0.000000000000000000e+00,4.098360655737653957e-03,0.000000000000000000e+00,0.000000000000000000e+00,4.065040650406470668e-03,0.000000000000000000e+00,3.891050583657573725e-03,0.000000000000000000e+00,3.906250000000000000e-03,3.968253968253954156e-03,0.000000000000000000e+00,3.906250000000000000e-03,0.000000000000000000e+00,0.000000000000000000e+00,0.000000000000000000e+00,3.952569169960451489e-03,0.000000000000000000e+00,3.906250000000000000e-03,0.000000000000000000e+00,0.000000000000000000e+00,3.906250000000000000e-03,0.000000000000000000e+00,3.906250000000000000e-03,3.921568627450966460e-03,0.000000000000000000e+00,3.921568627450966460e-03,0.000000000000000000e+00,0.000000000000000000e+00,0.000000000000000000e+00,0.000000000000000000e+00,0.000000000000000000e+00,3.906250000000000000e-03,1.000000000000000000e+00,0.000000000000000000e+00,9.728682170542635177e-01,0.000000000000000000e+00,0.000000000000000000e+00,0.000000000000000000e+00,0.000000000000000000e+00,0.000000000000000000e+00
4.453125000000000000e-01,0.000000000000000000e+00,1.953125000000000000e-02,0.000000000000000000e+00,1.556420233463029490e-02,8.054474708171206476e-01,0.000000000000000000e+00,0.000000000000000000e+00,1.176470588235289938e-02,0.000000000000000000e+00,0.000000000000000000e+00,1.960784313725494332e-02,0.000000000000000000e+00,0.000000000000000000e+00,0.000000000000000000e+00,0.000000000000000000e+00,0.000000000000000000e+00,4.357976653696498115e-01,0.000000000000000000e+00,7.812500000000000000e-03,1.953125000000000000e-02,0.000000000000000000e+00,0.000000000000000000e+00,0.000000000000000000e+00,1.562500000000000000e-02,0.000000000000000000e+00,1.568627450980397686e-02,0.000000000000000000e+00,1.968503937007870519e-02,0.000000000000000000e+00,0.000000000000000000e+00,0.000000000000000000e+00,1.960784313725494332e-02,0.000000000000000000e+00,0.000000000000000000e+00,1.945525291828797965e-02,1.562500000000000000e-02,0.000000000000000000e+00,0.000000000000000000e+00,0.000000000000000000e+00,1.960784313725494332e-02,0.000000000000000000e+00,0.000000000000000000e+00,4.098360655737653957e-03,7.905138339920902979e-03,0.000000000000000000e+00,3.906250000000000000e-03,1.171875000000000000e-02,1.945525291828797965e-02,0.000000000000000000e+00,1.953125000000000000e-02,3.906250000000000000e-03,0.000000000000000000e+00,1.171875000000000000e-02,1.960784313725494332e-02,3.921568627450966460e-03,7.790697674418605168e-01,7.812500000000000000e-03,1.945525291828797965e-02,7.254901960784313486e-01,1.171875000000000000e-02,0.000000000000000000e+00,1.000000000000000000e+00,0.000000000000000000e+00,7.812500000000000000e-03,1.568627450980397686e-02,0.000000000000000000e+00,0.000000000000000000e+00,0.000000000000000000e+00
3.906250000000000000e-03,0.000000000000000000e+00,3.906250000000000000e-03,3.906250000000000000e-03,0.000000000000000000e+00,0.000000000000000000e+00,0.000000000000000000e+00,0.000000000000000000e+00,0.000000000000000000e+00,4.032258064516125451e-03,3.891050583657573725e-03,0.000000000000000000e+00,0.000000000000000000e+00,0.000000000000000000e+00,0.000000000000000000e+00,3.906250000000000000e-03,3.921568627450966460e-03,7.812500000000000000e-03,3.937007874015741038e-03,0.000000000000000000e+00,0.000000000000000000e+00,3.162055335968383396e-02,0.000000000000000000e+00,0.000000000000000000e+00,3.891050583657573725e-03,0.000000000000000000e+00,3.921568627450966460e-03,0.000000000000000000e+00,3.937007874015741038e-03,0.000000000000000000e+00,0.000000000000000000e+00,0.000000000000000000e+00,3.921568627450966460e-03,4.065040650406470668e-03,0.000000000000000000e+00,3.891050583657573725e-03,0.000000000000000000e+00,3.906250000000000000e-03,7.936507936507908312e-03,0.000000000000000000e+00,0.000000000000000000e+00,0.000000000000000000e+00,0.000000000000000000e+00,0.000000000000000000e+00,3.952569169960451489e-03,0.000000000000000000e+00,3.906250000000000000e-03,0.000000000000000000e+00,3.891050583657573725e-03,7.812500000000000000e-03,0.000000000000000000e+00,3.906250000000000000e-03,3.921568627450966460e-03,0.000000000000000000e+00,0.000000000000000000e+00,0.000000000000000000e+00,0.000000000000000000e+00,3.906250000000000000e-03,0.000000000000000000e+00,0.000000000000000000e+00,3.906250000000000000e-03,9.728682170542635177e-01,0.000000000000000000e+00,1.000000000000000000e+00,0.000000000000000000e+00,0.000000000000000000e+00,0.000000000000000000e+00,0.000000000000000000e+00,0.000000000000000000e+00
1.171875000000000000e-02,1.171875000000000000e-02,3.515625000000000000e-02,0.000000000000000000e+00,2.734375000000000000e-02,3.906250000000000000e-03,0.000000000000000000e+00,0.000000000000000000e+00,1.568627450980397686e-02,0.000000000000000000e+00,0.000000000000000000e+00,3.137254901960784270e-02,0.000000000000000000e+00,0.000000000000000000e+00,0.000000000000000000e+00,0.000000000000000000e+00,1.568627450980397686e-02,1.562500000000000000e-02,0.000000000000000000e+00,2.734375000000000000e-02,3.125000000000000000e-02,7.936507936507908312e-03,0.000000000000000000e+00,0.000000000000000000e+00,2.734375000000000000e-02,3.891050583657573725e-03,1.960784313725494332e-02,0.000000000000000000e+00,1.968503937007870519e-02,0.000000000000000000e+00,0.000000000000000000e+00,0.000000000000000000e+00,1.568627450980397686e-02,0.000000000000000000e+00,0.000000000000000000e+00,3.112840466926070082e-02,2.734375000000000000e-02,0.000000000000000000e+00,3.968253968253954156e-03,0.000000000000000000e+00,1.960784313725494332e-02,0.000000000000000000e+00,0.000000000000000000e+00,0.000000000000000000e+00,9.330708661417322913e-01,0.000000000000000000e+00,7.812500000000000000e-03,2.343750000000000000e-02,2.723735408560312710e-02,1.367187500000000000e-01,3.242187500000000000e-01,1.171875000000000000e-02,3.921568627450966460e-03,3.515625000000000000e-02,1.171875000000000000e-01,4.531250000000000000e-01,1.171875000000000000e-02,9.338521400778210246e-01,2.723735408560312710e-02,1.181102362204722311e-02,1.562500000000000000e-02,0.000000000000000000e+00,7.812500000000000000e-03,0.000000000000000000e+00,1.000000000000000000e+00,1.568627450980397686e-02,0.000000000000000000e+00,0.000000000000000000e+00,0.000000000000000000e+00
1.574803149606296415e-02,1.181102362204722311e-02,3.921568627450977562e-02,0.000000000000000000e+00,5.882352941176471894e-02,7.843137254901932920e-03,0.000000000000000000e+00,0.000000000000000000e+00,5.118110236220474452e-02,4.065040650406470668e-03,0.000000000000000000e+00,3.162055335968383396e-02,0.000000000000000000e+00,0.000000000000000000e+00,0.000000000000000000e+00,0.000000000000000000e+00,1.185770750988146549e-02,1.176470588235289938e-02,0.000000000000000000e+00,5.490196078431375248e-02,3.543307086614178036e-02,0.000000000000000000e+00,0.000000000000000000e+00,0.000000000000000000e+00,5.490196078431375248e-02,0.000000000000000000e+00,6.692913385826770867e-02,0.000000000000000000e+00,2.766798418972327145e-02,0.000000000000000000e+00,0.000000000000000000e+00,0.000000000000000000e+00,5.118110236220474452e-02,0.000000000000000000e+00,0.000000000000000000e+00,5.882352941176471894e-02,6.692913385826770867e-02,3.921568627450966460e-03,0.000000000000000000e+00,0.000000000000000000e+00,4.330708661417326244e-02,0.000000000000000000e+00,0.000000000000000000e+00,0.000000000000000000e+00,1.587301587301592765e-02,0.000000000000000000e+00,1.960784313725494332e-02,3.137254901960784270e-02,5.490196078431375248e-02,3.921568627450966460e-03,1.968503937007870519e-02,1.960784313725494332e-02,7.874015748031482076e-03,5.511811023622048555e-02,5.905511811023622659e-02,0.000000000000000000e+00,1.568627450980397686e-02,1.568627450980397686e-02,5.882352941176471894e-02,1.190476190476186247e-02,2.352941176470590978e-02,0.000000000000000000e+00,1.568627450980397686e-02,0.000000000000000000e+00,1.568627450980397686e-02,1.000000000000000000e+00,0.000000000000000000e+00,0.000000000000000000e+00,0.000000000000000000e+00
0.000000000000000000e+00,0.000000000000000000e+00,3.921568627450966460e-03,3.906250000000000000e-03,3.906250000000000000e-03,0.000000000000000000e+00,7.812500000000000000e-03,0.000000000000000000e+00,0.000000000000000000e+00,0.000000000000000000e+00,7.812500000000000000e-03,0.000000000000000000e+00,7.812500000000000000e-03,0.000000000000000000e+00,0.000000000000000000e+00,0.000000000000000000e+00,3.921568627450966460e-03,0.000000000000000000e+00,3.937007874015741038e-03,3.906250000000000000e-03,3.921568627450966460e-03,0.000000000000000000e+00,0.000000000000000000e+00,0.000000000000000000e+00,3.906250000000000000e-03,7.812500000000000000e-03,3.921568627450966460e-03,0.000000000000000000e+00,3.937007874015741038e-03,0.000000000000000000e+00,4.098360655737653957e-03,0.000000000000000000e+00,0.000000000000000000e+00,0.000000000000000000e+00,0.000000000000000000e+00,3.906250000000000000e-03,0.000000000000000000e+00,0.000000000000000000e+00,0.000000000000000000e+00,0.000000000000000000e+00,0.000000000000000000e+00,1.171875000000000000e-02,0.000000000000000000e+00,0.000000000000000000e+00,0.000000000000000000e+00,0.000000000000000000e+00,0.000000000000000000e+00,3.906250000000000000e-03,3.906250000000000000e-03,0.000000000000000000e+00,3.921568627450966460e-03,0.000000000000000000e+00,0.000000000000000000e+00,3.921568627450966460e-03,0.000000000000000000e+00,0.000000000000000000e+00,0.000000000000000000e+00,0.000000000000000000e+00,3.906250000000000000e-03,0.000000000000000000e+00,3.906250000000000000e-03,0.000000000000000000e+00,0.000000000000000000e+00,0.000000000000000000e+00,0.000000000000000000e+00,0.000000000000000000e+00,1.000000000000000000e+00,9.883268482490272788e-01,9.844357976653697051e-01
0.000000000000000000e+00,0.000000000000000000e+00,3.921568627450966460e-03,3.906250000000000000e-03,3.906250000000000000e-03,0.000000000000000000e+00,7.812500000000000000e-03,0.000000000000000000e+00,0.000000000000000000e+00,0.000000000000000000e+00,7.812500000000000000e-03,0.000000000000000000e+00,7.812500000000000000e-03,0.000000000000000000e+00,0.000000000000000000e+00,0.000000000000000000e+00,7.843137254901932920e-03,0.000000000000000000e+00,3.937007874015741038e-03,3.906250000000000000e-03,3.921568627450966460e-03,0.000000000000000000e+00,0.000000000000000000e+00,0.000000000000000000e+00,3.906250000000000000e-03,7.812500000000000000e-03,3.921568627450966460e-03,0.000000000000000000e+00,3.937007874015741038e-03,0.000000000000000000e+00,4.098360655737653957e-03,0.000000000000000000e+00,0.000000000000000000e+00,0.000000000000000000e+00,0.000000000000000000e+00,3.906250000000000000e-03,0.000000000000000000e+00,0.000000000000000000e+00,0.000000000000000000e+00,0.000000000000000000e+00,0.000000000000000000e+00,7.812500000000000000e-03,0.000000000000000000e+00,0.000000000000000000e+00,0.000000000000000000e+00,0.000000000000000000e+00,0.000000000000000000e+00,3.906250000000000000e-03,3.906250000000000000e-03,0.000000000000000000e+00,3.921568627450966460e-03,0.000000000000000000e+00,0.000000000000000000e+00,3.921568627450966460e-03,0.000000000000000000e+00,0.000000000000000000e+00,0.000000000000000000e+00,0.000000000000000000e+00,3.906250000000000000e-03,0.000000000000000000e+00,3.906250000000000000e-03,0.000000000000000000e+00,0.000000000000000000e+00,0.000000000000000000e+00,0.000000000000000000e+00,0.000000000000000000e+00,9.883268482490272788e-01,1.000000000000000000e+00,9.883268482490272788e-01
0.000000000000000000e+00,3.906250000000000000e-03,3.921568627450966460e-03,3.906250000000000000e-03,3.906250000000000000e-03,0.000000000000000000e+00,7.812500000000000000e-03,0.000000000000000000e+00,0.000000000000000000e+00,0.000000000000000000e+00,1.171875000000000000e-02,0.000000000000000000e+00,7.812500000000000000e-03,0.000000000000000000e+00,0.000000000000000000e+00,0.000000000000000000e+00,7.843137254901932920e-03,0.000000000000000000e+00,3.937007874015741038e-03,3.906250000000000000e-03,3.921568627450966460e-03,0.000000000000000000e+00,0.000000000000000000e+00,0.000000000000000000e+00,3.906250000000000000e-03,7.782101167315147450e-03,3.906250000000000000e-03,3.891050583657573725e-03,0.000000000000000000e+00,0.000000000000000000e+00,4.098360655737653957e-03,0.000000000000000000e+00,0.000000000000000000e+00,0.000000000000000000e+00,0.000000000000000000e+00,3.906250000000000000e-03,3.921568627450966460e-03,0.000000000000000000e+00,0.000000000000000000e+00,0.000000000000000000e+00,0.000000000000000000e+00,7.812500000000000000e-03,0.000000000000000000e+00,0.000000000000000000e+00,0.000000000000000000e+00,0.000000000000000000e+00,0.000000000000000000e+00,3.906250000000000000e-03,3.906250000000000000e-03,0.000000000000000000e+00,3.921568627450966460e-03,0.000000000000000000e+00,0.000000000000000000e+00,7.843137254901932920e-03,3.921568627450966460e-03,0.000000000000000000e+00,0.000000000000000000e+00,0.000000000000000000e+00,7.812500000000000000e-03,0.000000000000000000e+00,3.906250000000000000e-03,0.000000000000000000e+00,0.000000000000000000e+00,0.000000000000000000e+00,0.000000000000000000e+00,0.000000000000000000e+00,9.844357976653697051e-01,9.883268482490272788e-01,1.000000000000000000e+00
