species_name,sample 1,sample 2,pair_class,event_count,dedup_event_count,clonal_divergence,clonal_fraction,stratum,plot_dS,core_dS_thin_denominator,core_dS_naive,core_dN_naive,synonymous_diffs,synonymous_sites,nonsynonymous_diffs,nonsynonymous_sites,dS_region,dN,dS_for_dNdS,dS_method,dNdS,plot_valid
snv_table,GCF_000154465.1,GCF_042848495.1,close_recombination,23,23,2.4896265560165977e-05,0.9615023624185736,full_core,0.002356427655673998,0.002092827273852839,0.0022246274647634186,0.00037140459716356934,557.0,250379.0,351.0,945061.0,0.0022246274647634186,0.00037140459716356934,0.002092827273852839,poisson_thinned_full_core_4D,0.1774654802160636,True
snv_table,GCF_000154465.1,GCF_042854075.1,close_recombination,10,10,3.6585365853658535e-05,0.9817890111468972,full_core,0.0009897710356277663,0.000965824962185159,0.0009777979989064626,0.00020087815471212574,245.0,250563.0,190.0,945847.0,0.0009777979989064626,0.00020087815471212574,0.000965824962185159,poisson_thinned_full_core_4D,0.207986087103861,True
snv_table,GCF_000154465.1,GCF_934836185.1,close_recombination,70,70,0.0001214953271028,0.8571898584858345,full_core,0.00531229813066488,0.005232051935337616,0.005272175033001248,0.0012753895517962268,1314.0,249233.0,1200.0,940889.0,0.005272175033001248,0.0012753895517962268,0.005232051935337616,poisson_thinned_full_core_4D,0.24376469644388726,True
snv_table,GCF_000154465.1,GCF_934839055.1,close_recombination,69,69,0.0001220657276995,0.8518432608400054,full_core,0.005207041904289611,0.005303024243539189,0.0052550330739144,0.0012713925032341047,1314.0,250046.0,1200.0,943847.0,0.0052550330739144,0.0012713925032341047,0.005303024243539189,poisson_thinned_full_core_4D,0.23974857455782422,True
snv_table,GCF_000154465.1,GCF_934841355.1,close_recombination,68,68,0.0001220657276995,0.8526454570591606,full_core,0.0052255941909345556,0.005281697196051952,0.005253645693493254,0.0012635754726197,1311.0,249541.0,1190.0,941772.0,0.005253645693493254,0.0012635754726197,0.005281697196051952,poisson_thinned_full_core_4D,0.23923663658041922,True
snv_table,GCF_000154465.1,GCF_934842065.1,close_recombination,63,63,0.0001153846153846,0.8497822753253569,full_core,0.00529755705534553,0.005133546001000467,0.005215551528172999,0.001244552368396189,1272.0,243886.0,1146.0,920813.0,0.005215551528172999,0.001244552368396189,0.005133546001000467,poisson_thinned_full_core_4D,0.2424352227784928,True
snv_table,GCF_000154465.1,GCF_934842235.1,close_recombination,70,70,0.0001308411214953,0.8581365741205577,full_core,0.005004156743362263,0.005510195065724739,0.005257175904543501,0.0012801508513588433,1309.0,248993.0,1203.0,939733.0,0.005257175904543501,0.0012801508513588433,0.005510195065724739,poisson_thinned_full_core_4D,0.23232405315772048,True
snv_table,GCF_000154465.1,GCF_934842545.1,close_recombination,66,66,0.0001179245283018,0.8559890036370714,full_core,0.005311664983963638,0.005125148503610716,0.005218406743787177,0.0012711868956091445,1287.0,246627.0,1184.0,931413.0,0.005218406743787177,0.0012711868956091445,0.005125148503610716,poisson_thinned_full_core_4D,0.24802928046154782,True
snv_table,GCF_000154465.1,GCF_934879485.1,close_recombination,70,70,0.0001302325581395,0.8576047894606255,full_core,0.005274489559071882,0.0052664857812887685,0.005270487670180325,0.0012807301009741183,1317.0,249882.0,1208.0,943212.0,0.005270487670180325,0.0012807301009741183,0.0052664857812887685,poisson_thinned_full_core_4D,0.2431849537170324,True
snv_table,GCF_000154465.1,GCF_934882485.1,close_recombination,69,69,0.0001448598130841,0.8625909212002809,full_core,0.005247394466824358,0.0052958319542104285,0.005271613210517393,0.0012679013559916358,1306.0,247742.0,1186.0,935404.0,0.005271613210517393,0.0012679013559916358,0.0052958319542104285,poisson_thinned_full_core_4D,0.23941495254274378,True
snv_table,GCF_000154465.1,GCF_934883255.1,close_recombination,63,63,0.0001153846153846,0.8495036193567956,full_core,0.005353204954788782,0.0051728519547805845,0.005263028454784683,0.0012712149601700454,1284.0,243966.0,1171.0,921166.0,0.005263028454784683,0.0012712149601700454,0.0051728519547805845,poisson_thinned_full_core_4D,0.24574740806089165,True
snv_table,GCF_042848495.1,GCF_042854075.1,close_recombination,22,22,5.4166666666666664e-05,0.9565450129430187,full_core,0.002292991595027324,0.0020852641334569047,0.0021891278642421144,0.00043075027808264267,548.0,250328.0,407.0,944863.0,0.0021891278642421144,0.00043075027808264267,0.0020852641334569047,poisson_thinned_full_core_4D,0.20656868891163174,True
snv_table,GCF_042848495.1,GCF_934839055.1,close_recombination,78,78,0.0001190476190476,0.8403381526490226,full_core,0.0063083401380149545,0.006108202443280977,0.006208271290647966,0.0014676766487767064,1551.0,249828.0,1384.0,942987.0,0.006208271290647966,0.0014676766487767064,0.006108202443280977,poisson_thinned_full_core_4D,0.24027963421401508,True
snv_table,GCF_042848495.1,GCF_934841355.1,close_recombination,77,77,0.0001190476190476,0.8411177468584928,full_core,0.0063933130918527375,0.006024313841883821,0.006208813466868279,0.0014602853401805907,1548.0,249323.0,1374.0,940912.0,0.006208813466868279,0.0014602853401805907,0.006024313841883821,poisson_thinned_full_core_4D,0.24239861642466407,True
snv_table,GCF_042848495.1,GCF_934842065.1,close_recombination,72,72,0.0001176470588235,0.8344926929564286,full_core,0.006016358256487284,0.006377503908991296,0.0061969310827392895,0.0014435457309417722,1510.0,243669.0,1328.0,919957.0,0.0061969310827392895,0.0014435457309417722,0.006377503908991296,poisson_thinned_full_core_4D,0.22634964267236207,True
snv_table,GCF_042848495.1,GCF_934842235.1,close_recombination,77,77,0.0001196172248803,0.839071450105517,full_core,0.006351120490402974,0.006077781127524872,0.0062144508089639235,0.0014773031070229945,1546.0,248775.0,1387.0,938873.0,0.0062144508089639235,0.0014773031070229945,0.006077781127524872,poisson_thinned_full_core_4D,0.24306619077357505,True
snv_table,GCF_042848495.1,GCF_934842545.1,close_recombination,74,74,0.0001159420289855,0.8389269915993669,full_core,0.0061198814983158155,0.006257862911407816,0.006188872204861816,0.0014690126451147002,1525.0,246410.0,1367.0,930557.0,0.006188872204861816,0.0014690126451147002,0.006257862911407816,poisson_thinned_full_core_4D,0.23474669642199306,True
snv_table,GCF_042848495.1,GCF_934879485.1,close_recombination,77,77,0.0001285714285714,0.8409702640348629,full_core,0.006512753140220456,0.005935977954370674,0.006224365547295566,0.0014771550333633292,1554.0,249664.0,1392.0,942352.0,0.006224365547295566,0.0014771550333633292,0.005935977954370674,poisson_thinned_full_core_4D,0.2488477963897586,True
snv_table,GCF_042848495.1,GCF_934883255.1,close_recombination,72,72,0.0001176470588235,0.8342188070515161,full_core,0.006400026256517976,0.006088230105559408,0.006244128181038692,0.001471243385381013,1522.0,243749.0,1354.0,920310.0,0.006244128181038692,0.001471243385381013,0.006088230105559408,poisson_thinned_full_core_4D,0.2416537088566284,True
snv_table,GCF_042854075.1,GCF_934836185.1,close_recombination,66,66,0.000147619047619,0.841500317047525,full_core,0.005714881970028975,0.005401847704816714,0.005558364837422845,0.001299087874471116,1385.0,249174.0,1222.0,940660.0,0.005558364837422845,0.001299087874471116,0.005401847704816714,poisson_thinned_full_core_4D,0.24048954088667598,True
snv_table,GCF_042854075.1,GCF_934839055.1,close_recombination,66,66,0.0001421800947867,0.8402836947521272,full_core,0.005440282894710525,0.005640293295251353,0.005540288094980939,0.0012950155677403357,1385.0,249987.0,1222.0,943618.0,0.005540288094980939,0.0012950155677403357,0.005640293295251353,poisson_thinned_full_core_4D,0.22960074945581793,True
snv_table,GCF_042854075.1,GCF_934841355.1,close_recombination,66,66,0.0001421800947867,0.8423854225956181,full_core,0.005443278472996048,0.005635677122998854,0.00553947779799745,0.0012872486970855288,1382.0,249482.0,1212.0,941543.0,0.00553947779799745,0.0012872486970855288,0.005635677122998854,poisson_thinned_full_core_4D,0.22841065394473106,True
snv_table,GCF_042854075.1,GCF_934842065.1,close_recombination,63,63,0.0001553398058252,0.8440376002756041,full_core,0.005290614695605099,0.0057335498794232,0.005512082287514149,0.0012687543178924775,1344.0,243828.0,1168.0,920588.0,0.005512082287514149,0.0012687543178924775,0.0057335498794232,poisson_thinned_full_core_4D,0.2212859998734528,True
snv_table,GCF_042854075.1,GCF_934842235.1,close_recombination,67,67,0.0001516587677725,0.846609944804647,full_core,0.005431158459672042,0.005656117685812304,0.005543638072742173,0.0013038794938605902,1380.0,248934.0,1225.0,939504.0,0.005543638072742173,0.0013038794938605902,0.005656117685812304,poisson_thinned_full_core_4D,0.23052552409424157,True
snv_table,GCF_042854075.1,GCF_934842545.1,close_recombination,64,64,0.0001490384615384,0.8426444524656385,full_core,0.005637367227834805,0.005385916315514116,0.005511641771674461,0.0012951197824714236,1359.0,246569.0,1206.0,931188.0,0.005511641771674461,0.0012951197824714236,0.005385916315514116,poisson_thinned_full_core_4D,0.24046414882846118,True
snv_table,GCF_042854075.1,GCF_934879485.1,close_recombination,66,66,0.000147619047619,0.8402749146395648,full_core,0.005652001617144939,0.005459865584834063,0.0055559336009895,0.0013043713407346687,1388.0,249823.0,1230.0,942983.0,0.0055559336009895,0.0013043713407346687,0.005459865584834063,poisson_thinned_full_core_4D,0.2389017312729891,True
snv_table,GCF_042854075.1,GCF_934882485.1,close_recombination,68,68,0.000170616113744,0.8493921666000492,full_core,0.005515114077268121,0.005603937290811239,0.00555952568403968,0.001291736840698265,1377.0,247683.0,1208.0,935175.0,0.00555952568403968,0.001291736840698265,0.005603937290811239,poisson_thinned_full_core_4D,0.23050522760422795,True
snv_table,GCF_042854075.1,GCF_934883255.1,close_recombination,63,63,0.0001463414634146,0.8398658510585959,full_core,0.005641471374452663,0.0054774751135674106,0.005559473244010037,0.0012954141470517655,1356.0,243908.0,1193.0,920941.0,0.005559473244010037,0.0012954141470517655,0.0054774751135674106,poisson_thinned_full_core_4D,0.23649840851729192,True
snv_table,GCF_934835135.1,GCF_934839395.1,close_recombination,1,1,1.2048192771084337e-05,0.9999597099113618,full_core,3.2232070910556004e-05,4.0290088638195005e-05,3.6261079774375505e-05,2.5637519655431735e-05,9.0,248200.0,24.0,936128.0,3.6261079774375505e-05,2.5637519655431735e-05,4.0290088638195005e-05,poisson_thinned_full_core_4D,0.6363232378478156,True
snv_table,GCF_934835135.1,GCF_934855955.1,close_recombination,1,1,1.2048192771084337e-05,0.9999637387741288,full_core,2.417415058078397e-05,4.029025096797328e-05,3.223220077437862e-05,1.0682322678784694e-05,8.0,248199.0,10.0,936126.0,3.223220077437862e-05,1.0682322678784694e-05,4.029025096797328e-05,poisson_thinned_full_core_4D,0.2651341806551682,True
snv_table,GCF_934835135.1,GCF_934858995.1,close_recombination,1,1,8.064516129032258e-06,0.9999757777365104,full_core,1.6148175659854828e-05,4.8444526979564484e-05,3.2296351319709656e-05,1.177305404795058e-05,8.0,247706.0,11.0,934337.0,3.2296351319709656e-05,1.177305404795058e-05,4.8444526979564484e-05,poisson_thinned_full_core_4D,0.24302134383347052,True
snv_table,GCF_934835135.1,GCF_934859035.1,close_recombination,1,1,8.032128514056226e-06,0.9999596806709136,full_core,3.22554632690912e-05,3.22554632690912e-05,3.22554632690912e-05,1.1760328776027745e-05,8.0,248020.0,11.0,935348.0,3.22554632690912e-05,1.1760328776027745e-05,3.22554632690912e-05,poisson_thinned_full_core_4D,0.36459959287880017,True
snv_table,GCF_934835135.1,GCF_934871375.1,close_recombination,1,1,4.048582995951417e-06,0.9999594452104792,full_core,2.4332873712385434e-05,3.244383161651391e-05,2.8388352664449672e-05,8.603371661354084e-06,7.0,246580.0,8.0,929868.0,2.8388352664449672e-05,8.603371661354084e-06,3.244383161651391e-05,poisson_thinned_full_core_4D,0.2651774230320863,True
snv_table,GCF_934835135.1,GCF_934873145.1,close_recombination,1,1,4.032258064516129e-06,0.9999596546437504,full_core,3.227628499959655e-05,2.420721374969741e-05,2.8241749374646977e-05,8.557174763180188e-06,7.0,247860.0,8.0,934888.0,2.8241749374646977e-05,8.557174763180188e-06,2.420721374969741e-05,poisson_thinned_full_core_4D,0.35349688946697355,True
snv_table,GCF_934835135.1,GCF_934875975.1,close_recombination,1,1,4.016064257028113e-06,0.9999717795417804,full_core,1.6125976125492345e-05,4.0314940313730865e-05,2.8220458219611605e-05,8.550854604474875e-06,7.0,248047.0,8.0,935579.0,2.8220458219611605e-05,8.550854604474875e-06,4.0314940313730865e-05,poisson_thinned_full_core_4D,0.21210138320761796,True
snv_table,GCF_934835135.1,GCF_934882315.1,close_recombination,2,2,0.0,0.9998824049406144,full_core,5.6770028668864476e-05,2.4330012286656206e-05,4.055002047776034e-05,7.525069230636922e-06,10.0,246609.0,7.0,930224.0,4.055002047776034e-05,7.525069230636922e-06,2.4330012286656206e-05,poisson_thinned_full_core_4D,0.3092916329830234,True
snv_table,GCF_934835135.1,GCF_934882705.1,close_recombination,1,1,4.032258064516129e-06,0.9999596546437504,full_core,2.420721374969741e-05,3.227628499959655e-05,2.8241749374646977e-05,8.557174763180188e-06,7.0,247860.0,8.0,934888.0,2.8241749374646977e-05,8.557174763180188e-06,3.227628499959655e-05,poisson_thinned_full_core_4D,0.26512266710023014,True
snv_table,GCF_934835135.1,GCF_934883215.1,close_recombination,1,1,4.048582995951417e-06,0.99996350498157,full_core,1.6220008191104137e-05,4.055002047776034e-05,2.8385014334432238e-05,8.600079120727911e-06,7.0,246609.0,8.0,930224.0,2.8385014334432238e-05,8.600079120727911e-06,4.055002047776034e-05,poisson_thinned_full_core_4D,0.21208569118835896,True
snv_table,GCF_934836185.1,GCF_934842235.1,close_recombination,1,1,0.0,1.0,full_core,1.6117334192924492e-05,8.058667096462246e-06,1.2088000644693368e-05,3.2024765818899948e-06,3.0,248180.0,3.0,936775.0,1.2088000644693368e-05,3.2024765818899948e-06,8.058667096462246e-06,poisson_thinned_full_core_4D,0.3973953190467294,True
snv_table,GCF_934836185.1,GCF_934879485.1,close_recombination,1,1,0.0,1.00000401495168,full_core,2.4089710080339183e-05,0.0,1.2044855040169591e-05,8.508339235993679e-06,3.0,249069.0,8.0,940254.0,1.2044855040169591e-05,8.508339235993679e-06,0.0,poisson_thinned_full_core_4D,,False
snv_table,GCF_934836185.1,GCF_934882485.1,close_recombination,1,1,0.0,1.0,full_core,8.098477486232588e-06,1.6196954972465176e-05,1.2147716229348883e-05,4.289410838697778e-06,3.0,246960.0,4.0,932529.0,1.2147716229348883e-05,4.289410838697778e-06,1.6196954972465176e-05,poisson_thinned_full_core_4D,0.2648282251812008,True
snv_table,GCF_934836185.1,GCF_977051985.1,close_recombination,73,73,0.0001586538461538,0.8426765291149927,full_core,0.0056199875379389355,0.006375751241181082,0.005997869389560009,0.001286373597820832,1492.0,248755.0,1208.0,939074.0,0.005997869389560009,0.001286373597820832,0.006375751241181082,poisson_thinned_full_core_4D,0.20176031798607885,True
snv_table,GCF_934839055.1,GCF_934842235.1,close_recombination,1,1,0.0,0.9999879514685152,full_core,8.032354323213905e-06,1.606470864642781e-05,1.2048531484820859e-05,3.1923961380519785e-06,3.0,248993.0,3.0,939733.0,1.2048531484820859e-05,3.1923961380519785e-06,1.606470864642781e-05,poisson_thinned_full_core_4D,0.19872107290049407,True
snv_table,GCF_934839055.1,GCF_934879485.1,close_recombination,1,1,0.0,0.9999919962222168,full_core,1.600755556622726e-05,8.00377778311363e-06,1.2005666674670444e-05,8.481656297841843e-06,3.0,249882.0,8.0,943212.0,1.2005666674670444e-05,8.481656297841843e-06,8.00377778311363e-06,poisson_thinned_full_core_4D,1.0597066195086575,True
snv_table,GCF_934839055.1,GCF_934882485.1,close_recombination,1,1,0.0,0.9999919270854356,full_core,2.4218743693035496e-05,0.0,1.2109371846517748e-05,4.276227170292195e-06,3.0,247742.0,4.0,935404.0,1.2109371846517748e-05,4.276227170292195e-06,0.0,poisson_thinned_full_core_4D,,False
snv_table,GCF_934839055.1,GCF_977051985.1,close_recombination,74,74,0.0001611374407582,0.8475445569944865,full_core,0.0055936658545967435,0.006362995255802026,0.005978330555199384,0.0012855189632623946,1492.0,249568.0,1211.0,942032.0,0.005978330555199384,0.0012855189632623946,0.006362995255802026,poisson_thinned_full_core_4D,0.20203047646314187,True
snv_table,GCF_934839395.1,GCF_934855955.1,close_recombination,1,1,8.032128514056226e-06,0.9996421089034458,full_core,2.412748965533881e-05,1.6084993103559207e-05,2.0106241379449008e-05,2.345698362382675e-05,5.0,248679.0,22.0,937887.0,2.0106241379449008e-05,2.345698362382675e-05,1.6084993103559207e-05,poisson_thinned_full_core_4D,1.458314807647403,True
snv_table,GCF_934839395.1,GCF_934882315.1,close_recombination,1,1,1.2096774193548388e-05,0.9999554747805108,full_core,3.238197781024971e-05,4.0477472262812135e-05,3.642972503653092e-05,2.6828093091336778e-05,9.0,247051.0,25.0,931859.0,3.642972503653092e-05,2.6828093091336778e-05,4.0477472262812135e-05,poisson_thinned_full_core_4D,0.6627907226307842,True
snv_table,GCF_934841355.1,GCF_977051985.1,close_recombination,74,74,0.0001380952380952,0.8440836254281046,full_core,0.005958331827690183,0.0059824221180986336,0.005970376972894409,0.001276654144817263,1487.0,249063.0,1200.0,939957.0,0.005970376972894409,0.001276654144817263,0.0059824221180986336,poisson_thinned_full_core_4D,0.2134008800473973,True
snv_table,GCF_934842065.1,GCF_934842235.1,close_recombination,1,1,0.0,0.9999876458306738,full_core,8.23611288416319e-06,1.647222576832638e-05,1.2354169326244785e-05,3.272611838782414e-06,3.0,242833.0,3.0,916699.0,1.2354169326244785e-05,3.272611838782414e-06,1.647222576832638e-05,poisson_thinned_full_core_4D,0.19867453766176246,True
snv_table,GCF_934842065.1,GCF_934879485.1,close_recombination,1,1,0.0,0.9999917939291488,full_core,1.6412141702431457e-05,8.206070851215729e-06,1.2309106276823595e-05,8.693970079701971e-06,3.0,243722.0,8.0,920178.0,1.2309106276823595e-05,8.693970079701971e-06,8.206070851215729e-06,poisson_thinned_full_core_4D,1.059455887882562,True
snv_table,GCF_934842065.1,GCF_934882485.1,close_recombination,1,1,0.0,0.9999835006640982,full_core,1.6499335901729956e-05,8.249667950864978e-06,1.2374501926297466e-05,4.368982409384574e-06,3.0,242434.0,4.0,915545.0,1.2374501926297466e-05,4.368982409384574e-06,8.249667950864978e-06,poisson_thinned_full_core_4D,0.5295949407183699,True
snv_table,GCF_934842065.1,GCF_977051985.1,close_recombination,74,74,0.0001414634146341,0.8487395648458556,full_core,0.00629395911391573,0.005718793137448235,0.006006376125681982,0.0012861806311207835,1462.0,243408.0,1182.0,919000.0,0.006006376125681982,0.0012861806311207835,0.005718793137448235,poisson_thinned_full_core_4D,0.22490420622115495,True
snv_table,GCF_934842235.1,GCF_934842545.1,close_recombination,1,1,0.0,0.99998371163071,full_core,1.6288369289908542e-05,8.144184644954271e-06,1.2216276967431406e-05,3.235202453577541e-06,3.0,245574.0,3.0,927299.0,1.2216276967431406e-05,3.235202453577541e-06,8.144184644954271e-06,poisson_thinned_full_core_4D,0.3972408036674255,True
snv_table,GCF_934842235.1,GCF_934883255.1,close_recombination,1,1,0.0,0.9999876498993466,full_core,2.470020130664065e-05,0.0,1.2350100653320324e-05,4.361802820341703e-06,3.0,242913.0,4.0,917052.0,1.2350100653320324e-05,4.361802820341703e-06,0.0,poisson_thinned_full_core_4D,,False
snv_table,GCF_934842235.1,GCF_977051985.1,close_recombination,75,75,0.000170616113744,0.8494054684827878,full_core,0.005536889121381003,0.006462386576263002,0.005999637848822003,0.0012922238404636654,1491.0,248515.0,1212.0,937918.0,0.005999637848822003,0.0012922238404636654,0.006462386576263002,poisson_thinned_full_core_4D,0.1999607769071157,True
snv_table,GCF_934842545.1,GCF_934879485.1,close_recombination,1,1,0.0,0.999987827787538,full_core,2.4344424923822236e-05,0.0,1.2172212461911118e-05,8.594960345001709e-06,3.0,246463.0,8.0,930778.0,1.2172212461911118e-05,8.594960345001709e-06,0.0,poisson_thinned_full_core_4D,,False
snv_table,GCF_934842545.1,GCF_934882485.1,close_recombination,1,1,0.0,0.99998363030685,full_core,2.455453972515285e-05,0.0,1.2277269862576426e-05,4.33344564179955e-06,3.0,244354.0,4.0,923053.0,1.2277269862576426e-05,4.33344564179955e-06,0.0,poisson_thinned_full_core_4D,,False
snv_table,GCF_934842545.1,GCF_977051985.1,close_recombination,72,72,0.000159420289855,0.8436759848709522,full_core,0.0058013642143579704,0.006101995133029181,0.005951679673693576,0.0012822719449225473,1465.0,246149.0,1192.0,929600.0,0.005951679673693576,0.0012822719449225473,0.006101995133029181,poisson_thinned_full_core_4D,0.21013978493391486,True
snv_table,GCF_934855955.1,GCF_934858995.1,close_recombination,1,1,4.016064257028113e-06,0.9996534856921824,full_core,2.4175416824478414e-05,8.05847227482614e-06,1.611694454965228e-05,9.614377981792504e-06,4.0,248186.0,9.0,936098.0,1.611694454965228e-05,9.614377981792504e-06,8.05847227482614e-06,poisson_thinned_full_core_4D,1.193077006894577,True
snv_table,GCF_934855955.1,GCF_934859035.1,close_recombination,1,1,4.016064257028113e-06,0.9996338190261196,full_core,8.047933491877623e-06,2.414380047563287e-05,1.6095866983755246e-05,9.603605833870424e-06,4.0,248511.0,9.0,937148.0,1.6095866983755246e-05,9.603605833870424e-06,2.414380047563287e-05,poisson_thinned_full_core_4D,0.3977669482301621,True
snv_table,GCF_934855955.1,GCF_934864425.1,close_recombination,1,1,8.032128514056226e-06,0.999637330754352,full_core,2.4177949709864603e-05,1.6118633139909736e-05,2.014829142488717e-05,9.616730546689761e-06,5.0,248160.0,9.0,935869.0,2.014829142488717e-05,9.616730546689761e-06,1.6118633139909736e-05,poisson_thinned_full_core_4D,0.5966219631166327,True
snv_table,GCF_934855955.1,GCF_934871375.1,close_recombination,1,1,8.097165991902834e-06,0.9996680995053872,full_core,1.6190268029887235e-05,2.4285402044830854e-05,2.0237835037359042e-05,1.2880525611315113e-05,5.0,247062.0,12.0,931639.0,2.0237835037359042e-05,1.2880525611315113e-05,2.4285402044830854e-05,poisson_thinned_full_core_4D,0.5303814030971223,True
snv_table,GCF_934855955.1,GCF_934873145.1,close_recombination,1,1,8.032128514056226e-06,0.9996416189160784,full_core,3.2214030015422467e-05,8.053507503855617e-06,2.013376875963904e-05,1.2811656899557678e-05,5.0,248339.0,12.0,936647.0,2.013376875963904e-05,1.2811656899557678e-05,8.053507503855617e-06,poisson_thinned_full_core_4D,1.590817031389627,True
snv_table,GCF_934855955.1,GCF_934875975.1,close_recombination,1,1,8.032128514056226e-06,0.9996458581500918,full_core,8.04867840700557e-06,3.219471362802228e-05,2.0121696017513924e-05,1.280393336833075e-05,5.0,248488.0,12.0,937212.0,2.0121696017513924e-05,1.280393336833075e-05,3.219471362802228e-05,poisson_thinned_full_core_4D,0.39770297435372143,True
snv_table,GCF_934855955.1,GCF_934882315.1,close_recombination,1,1,1.2096774193548388e-05,0.999959522363894,full_core,4.0477636106051404e-05,2.4286581663630843e-05,3.238210888484113e-05,1.1804386295322137e-05,8.0,247050.0,11.0,931857.0,3.238210888484113e-05,1.1804386295322137e-05,2.4286581663630843e-05,poisson_thinned_full_core_4D,0.48604560570988903,True
snv_table,GCF_934855955.1,GCF_934882705.1,close_recombination,1,1,1.606425702811245e-05,0.999682142440422,full_core,4.8282160948583525e-05,4.0235134123819605e-05,4.425864753620156e-05,2.240193552722955e-05,11.0,248539.0,21.0,937419.0,4.425864753620156e-05,2.240193552722955e-05,4.0235134123819605e-05,poisson_thinned_full_core_4D,0.5567754654002105,True
snv_table,GCF_934855955.1,GCF_934883215.1,close_recombination,1,1,8.097165991902834e-06,0.9996438515832416,full_core,0.0,4.0471410995272936e-05,2.0235705497636468e-05,1.2875771339176787e-05,5.0,247088.0,12.0,931983.0,2.0235705497636468e-05,1.2875771339176787e-05,4.0471410995272936e-05,poisson_thinned_full_core_4D,0.3181448588654514,False
snv_table,GCF_934858995.1,GCF_934882315.1,close_recombination,1,1,8.064516129032258e-06,0.999959522363894,full_core,4.0477636106051404e-05,2.4286581663630843e-05,3.238210888484113e-05,1.2877512322169603e-05,8.0,247050.0,12.0,931857.0,3.238210888484113e-05,1.2877512322169603e-05,2.4286581663630843e-05,poisson_thinned_full_core_4D,0.5302315698653334,True
snv_table,GCF_934859035.1,GCF_934882315.1,close_recombination,1,1,8.097165991902834e-06,0.9999554423160274,full_core,8.101397085927468e-06,5.670977960149228e-05,3.240558834370987e-05,1.2888272638519395e-05,8.0,246871.0,12.0,931079.0,3.240558834370987e-05,1.2888272638519395e-05,5.670977960149228e-05,poisson_thinned_full_core_4D,0.22726719675313725,True
snv_table,GCF_934871375.1,GCF_934882315.1,close_recombination,1,1,4.065040650406504e-06,0.9999551808858702,full_core,3.259571936715411e-05,2.444678952536558e-05,2.8521254446259845e-05,9.723433149776522e-06,7.0,245431.0,9.0,925599.0,2.8521254446259845e-05,9.723433149776522e-06,2.444678952536558e-05,poisson_thinned_full_core_4D,0.3977386535638003,True
snv_table,GCF_934873145.1,GCF_934882315.1,close_recombination,1,1,4.032258064516129e-06,0.9999554747805108,full_core,3.238197781024971e-05,2.428648335768728e-05,2.833423058396849e-05,9.65811351288124e-06,7.0,247051.0,9.0,931859.0,2.833423058396849e-05,9.65811351288124e-06,2.428648335768728e-05,poisson_thinned_full_core_4D,0.39767443357847054,True
snv_table,GCF_934875975.1,GCF_934882315.1,close_recombination,1,1,4.032258064516129e-06,0.9999554747805108,full_core,4.0477472262812135e-05,1.6190988905124854e-05,2.833423058396849e-05,9.65811351288124e-06,7.0,247051.0,9.0,931859.0,2.833423058396849e-05,9.65811351288124e-06,1.6190988905124854e-05,poisson_thinned_full_core_4D,0.5965116503677058,True
snv_table,GCF_934879485.1,GCF_934883255.1,close_recombination,1,1,0.0,0.9999917966218488,full_core,0.0,2.4610134453367896e-05,1.2305067226683948e-05,7.604306644751779e-06,3.0,243802.0,7.0,920531.0,1.2305067226683948e-05,7.604306644751779e-06,2.4610134453367896e-05,poisson_thinned_full_core_4D,0.3089908614339622,False
snv_table,GCF_934879485.1,GCF_977051985.1,close_recombination,75,75,0.0001611374407582,0.8478613013424002,full_core,0.006006319064650126,0.005950185241616013,0.0059782521531330695,0.0012927595902685052,1491.0,249404.0,1217.0,941397.0,0.0059782521531330695,0.0012927595902685052,0.005950185241616013,poisson_thinned_full_core_4D,0.21726375529065112,True
snv_table,GCF_934882315.1,GCF_934882705.1,close_recombination,1,1,4.032258064516129e-06,0.9999554747805108,full_core,2.428648335768728e-05,3.238197781024971e-05,2.833423058396849e-05,9.65811351288124e-06,7.0,247051.0,9.0,931859.0,2.833423058396849e-05,9.65811351288124e-06,3.238197781024971e-05,poisson_thinned_full_core_4D,0.2982558251838529,True
snv_table,GCF_934882315.1,GCF_934883215.1,close_recombination,1,1,4.032258064516129e-06,0.9999554747805108,full_core,2.428648335768728e-05,3.238197781024971e-05,2.833423058396849e-05,9.65811351288124e-06,7.0,247051.0,9.0,931859.0,2.833423058396849e-05,9.65811351288124e-06,3.238197781024971e-05,poisson_thinned_full_core_4D,0.2982558251838529,True
snv_table,GCF_934882485.1,GCF_934883255.1,close_recombination,1,1,0.0,0.9999917239781182,full_core,2.4828065645405568e-05,0.0,1.2414032822702784e-05,5.478113293956655e-06,3.0,241662.0,5.0,912723.0,1.2414032822702784e-05,5.478113293956655e-06,0.0,poisson_thinned_full_core_4D,,False
snv_table,GCF_934882485.1,GCF_977051985.1,close_recombination,75,75,0.0001407766990291,0.8348566714119322,full_core,0.006203895431603468,0.005856089038436651,0.0060299922350200595,0.001299286945326048,1491.0,247264.0,1213.0,933589.0,0.0060299922350200595,0.001299286945326048,0.005856089038436651,poisson_thinned_full_core_4D,0.22186939727147786,True
snv_table,GCF_934883255.1,GCF_977051985.1,close_recombination,74,74,0.0001553398058252,0.8487892627152057,full_core,0.005823695623603627,0.006185109738467604,0.006004402681035616,0.0012835113389525026,1462.0,243488.0,1180.0,919353.0,0.006004402681035616,0.0012835113389525026,0.006185109738467604,poisson_thinned_full_core_4D,0.20751634057029678,True
snv_table,GCF_020555445.1,GCF_022136045.1,close_no_recombination,0,0,0.0,1.0000802310654686,full_core,0.0,0.0,0.0,0.0,0.0,249280.0,0.0,940672.0,0.0,0.0,0.0,poisson_thinned_full_core_4D,,False
snv_table,GCF_020555445.1,GCF_024462405.1,close_no_recombination,0,0,0.0,1.000096271099416,full_core,0.0,0.0,0.0,1.0629952228994684e-06,0.0,249296.0,1.0,940738.0,0.0,1.0629952228994684e-06,0.0,poisson_thinned_full_core_4D,,False
snv_table,GCF_020555445.1,GCF_024462435.1,close_no_recombination,0,0,0.0,1.000096271099416,full_core,0.0,0.0,0.0,0.0,0.0,249296.0,0.0,940738.0,0.0,0.0,0.0,poisson_thinned_full_core_4D,,False
snv_table,GCF_022136045.1,GCF_024462405.1,close_no_recombination,0,0,0.0,1.0000802310654686,full_core,0.0,0.0,0.0,1.063069805415703e-06,0.0,249280.0,1.0,940672.0,0.0,1.063069805415703e-06,0.0,poisson_thinned_full_core_4D,,False
snv_table,GCF_022136045.1,GCF_024462435.1,close_no_recombination,0,0,0.0,1.0000802310654686,full_core,0.0,0.0,0.0,0.0,0.0,249280.0,0.0,940672.0,0.0,0.0,0.0,poisson_thinned_full_core_4D,,False
snv_table,GCF_024462405.1,GCF_024462435.1,close_no_recombination,0,0,0.0,1.000096271099416,full_core,0.0,0.0,0.0,1.0629952228994684e-06,0.0,249296.0,1.0,940738.0,0.0,1.0629952228994684e-06,0.0,poisson_thinned_full_core_4D,,False
snv_table,GCF_934835135.1,GCF_934864425.1,close_no_recombination,0,0,2.0161290322580645e-05,1.0000403746770026,full_core,2.4224806201550387e-05,4.8449612403100775e-05,3.633720930232558e-05,1.1775940255302384e-05,9.0,247680.0,11.0,934108.0,3.633720930232558e-05,1.1775940255302384e-05,4.8449612403100775e-05,poisson_thinned_full_core_4D,0.24305540686944122,True
snv_table,GCF_934836185.1,GCF_934839055.1,close_no_recombination,0,0,0.0,1.0000682092660282,full_core,0.0,0.0,0.0,0.0,0.0,249233.0,0.0,940889.0,0.0,0.0,0.0,poisson_thinned_full_core_4D,,False
snv_table,GCF_934836185.1,GCF_934841355.1,close_no_recombination,0,0,0.0,1.0000482454729664,full_core,0.0,0.0,0.0,0.0,0.0,248728.0,0.0,938814.0,0.0,0.0,0.0,poisson_thinned_full_core_4D,,False
snv_table,GCF_934836185.1,GCF_934842065.1,close_no_recombination,0,0,0.0,1.0000699378376043,full_core,0.0,0.0,0.0,0.0,0.0,243073.0,0.0,917855.0,0.0,0.0,0.0,poisson_thinned_full_core_4D,,False
snv_table,GCF_934836185.1,GCF_934842545.1,close_no_recombination,0,0,0.0,1.00005271117923,full_core,0.0,0.0,0.0,0.0,0.0,246627.0,0.0,931413.0,0.0,0.0,0.0,poisson_thinned_full_core_4D,,False
snv_table,GCF_934836185.1,GCF_934883255.1,close_no_recombination,0,0,0.0,1.000061491790846,full_core,0.0,0.0,0.0,1.0856784893435227e-06,0.0,243935.0,1.0,921083.0,0.0,1.0856784893435227e-06,0.0,poisson_thinned_full_core_4D,,False
snv_table,GCF_934839055.1,GCF_934841355.1,close_no_recombination,0,0,0.0,1.0000360662175756,full_core,0.0,0.0,0.0,0.0,0.0,249541.0,0.0,941772.0,0.0,0.0,0.0,poisson_thinned_full_core_4D,,False
snv_table,GCF_934839055.1,GCF_934842065.1,close_no_recombination,0,0,0.0,1.0000574038690209,full_core,0.0,0.0,0.0,0.0,0.0,243886.0,0.0,920813.0,0.0,0.0,0.0,poisson_thinned_full_core_4D,,False
snv_table,GCF_934839055.1,GCF_934842545.1,close_no_recombination,0,0,0.0,1.00005271117923,full_core,0.0,0.0,0.0,0.0,0.0,246627.0,0.0,931413.0,0.0,0.0,0.0,poisson_thinned_full_core_4D,,False
snv_table,GCF_934839055.1,GCF_934883255.1,close_no_recombination,0,0,0.0,1.000057385045457,full_core,0.0,0.0,0.0,1.0855806662425665e-06,0.0,243966.0,1.0,921166.0,0.0,1.0855806662425665e-06,0.0,poisson_thinned_full_core_4D,,False
snv_table,GCF_934839395.1,GCF_934858995.1,close_no_recombination,0,0,1.2048192771084337e-05,1.000056409305924,full_core,0.0,2.4175416824478414e-05,1.2087708412239207e-05,2.0297020183784178e-05,3.0,248186.0,19.0,936098.0,1.2087708412239207e-05,2.0297020183784178e-05,2.4175416824478414e-05,poisson_thinned_full_core_4D,0.8395727085554434,False
snv_table,GCF_934839395.1,GCF_934859035.1,close_no_recombination,0,0,1.2048192771084337e-05,1.0000402414486922,full_core,8.048289738430583e-06,1.6096579476861166e-05,1.2072434607645876e-05,2.0275122744525984e-05,3.0,248500.0,19.0,937109.0,1.2072434607645876e-05,2.0275122744525984e-05,1.6096579476861166e-05,poisson_thinned_full_core_4D,1.259592000503677,True
snv_table,GCF_934839395.1,GCF_934864425.1,close_no_recombination,0,0,1.606425702811245e-05,1.00004029658285,full_core,1.6118633139909736e-05,1.6118633139909736e-05,1.6118633139909736e-05,2.0301986709678384e-05,4.0,248160.0,19.0,935869.0,1.6118633139909736e-05,2.0301986709678384e-05,1.6118633139909736e-05,poisson_thinned_full_core_4D,1.259535255468447,True
snv_table,GCF_934839395.1,GCF_934871375.1,close_no_recombination,0,0,8.064516129032258e-06,1.0000404759977333,full_core,8.095199546668826e-06,8.095199546668826e-06,8.095199546668826e-06,1.717421849255444e-05,2.0,247060.0,16.0,931629.0,8.095199546668826e-06,1.717421849255444e-05,8.095199546668826e-06,poisson_thinned_full_core_4D,2.12153121038525,True
snv_table,GCF_934839395.1,GCF_934873145.1,close_no_recombination,0,0,8.032128514056226e-06,1.0000402673753723,full_core,1.610695014898929e-05,0.0,8.053475074494645e-06,1.708217272425423e-05,2.0,248340.0,16.0,936649.0,8.053475074494645e-06,1.708217272425423e-05,0.0,poisson_thinned_full_core_4D,,False
snv_table,GCF_934839395.1,GCF_934875975.1,close_no_recombination,0,0,8.032128514056226e-06,1.000044267553091,full_core,8.04864601652387e-06,8.04864601652387e-06,8.04864601652387e-06,1.7071874726583257e-05,2.0,248489.0,16.0,937214.0,8.04864601652387e-06,1.7071874726583257e-05,8.04864601652387e-06,poisson_thinned_full_core_4D,2.1210865394669733,True
snv_table,GCF_934839395.1,GCF_934882705.1,close_no_recombination,0,0,8.032128514056226e-06,1.0000402673753723,full_core,8.053475074494645e-06,8.053475074494645e-06,8.053475074494645e-06,1.708217272425423e-05,2.0,248340.0,16.0,936649.0,8.053475074494645e-06,1.708217272425423e-05,8.053475074494645e-06,poisson_thinned_full_core_4D,2.1210933871706477,True
snv_table,GCF_934839395.1,GCF_934883215.1,close_no_recombination,0,0,8.064516129032258e-06,1.0000445183719229,full_core,8.094249440485007e-06,8.094249440485007e-06,8.094249440485007e-06,1.716765827776198e-05,2.0,247089.0,16.0,931985.0,8.094249440485007e-06,1.716765827776198e-05,8.094249440485007e-06,poisson_thinned_full_core_4D,2.1209697580969653,True
snv_table,GCF_934841355.1,GCF_934842065.1,close_no_recombination,0,0,0.0,1.0000697084138055,full_core,0.0,0.0,0.0,0.0,0.0,243873.0,0.0,920762.0,0.0,0.0,0.0,poisson_thinned_full_core_4D,,False
snv_table,GCF_934841355.1,GCF_934842235.1,close_no_recombination,0,0,0.0,1.000048292070442,full_core,0.0,0.0,0.0,0.0,0.0,248488.0,0.0,937658.0,0.0,0.0,0.0,poisson_thinned_full_core_4D,,False
snv_table,GCF_934841355.1,GCF_934842545.1,close_no_recombination,0,0,0.0,1.000073134461771,full_core,0.0,0.0,0.0,0.0,0.0,246122.0,0.0,929338.0,0.0,0.0,0.0,poisson_thinned_full_core_4D,,False
snv_table,GCF_934841355.1,GCF_934879485.1,close_no_recombination,0,0,0.0,1.00005212990773,full_core,0.0,0.0,0.0,5.312722802312522e-06,0.0,249377.0,5.0,941137.0,0.0,5.312722802312522e-06,0.0,poisson_thinned_full_core_4D,,False
snv_table,GCF_934841355.1,GCF_934882485.1,close_no_recombination,0,0,0.0,1.0000930281470817,full_core,0.0,0.0,0.0,1.0714335459414632e-06,0.0,247237.0,1.0,933329.0,0.0,1.0714335459414632e-06,0.0,poisson_thinned_full_core_4D,,False
snv_table,GCF_934841355.1,GCF_934883255.1,close_no_recombination,0,0,0.0,1.0000696855541846,full_core,0.0,0.0,0.0,1.0856407723248455e-06,0.0,243953.0,1.0,921115.0,0.0,1.0856407723248455e-06,0.0,poisson_thinned_full_core_4D,,False
snv_table,GCF_934842065.1,GCF_934842545.1,close_no_recombination,0,0,0.0,1.0000699378376043,full_core,0.0,0.0,0.0,0.0,0.0,243073.0,0.0,917855.0,0.0,0.0,0.0,poisson_thinned_full_core_4D,,False
snv_table,GCF_934842065.1,GCF_934883255.1,close_no_recombination,0,0,0.0,1.0000658154534685,full_core,0.0,0.0,0.0,1.0893981946493119e-06,0.0,243104.0,1.0,917938.0,0.0,1.0893981946493119e-06,0.0,poisson_thinned_full_core_4D,,False
snv_table,GCF_934842235.1,GCF_934879485.1,close_no_recombination,0,0,0.0,1.000068275011747,full_core,0.0,0.0,0.0,5.320660230086631e-06,0.0,248993.0,5.0,939733.0,0.0,5.320660230086631e-06,0.0,poisson_thinned_full_core_4D,,False
snv_table,GCF_934842235.1,GCF_934882485.1,close_no_recombination,0,0,0.0,1.000085127427652,full_core,0.0,0.0,0.0,1.0737793812883205e-06,0.0,246689.0,1.0,931290.0,0.0,1.0737793812883205e-06,0.0,poisson_thinned_full_core_4D,,False
snv_table,GCF_934842545.1,GCF_934883255.1,close_no_recombination,0,0,0.0,1.000061491790846,full_core,0.0,0.0,0.0,1.0856784893435227e-06,0.0,243935.0,1.0,921083.0,0.0,1.0856784893435227e-06,0.0,poisson_thinned_full_core_4D,,False
snv_table,GCF_934858995.1,GCF_934859035.1,close_no_recombination,0,0,0.0,1.000052417875302,full_core,0.0,0.0,0.0,0.0,0.0,248007.0,0.0,935320.0,0.0,0.0,0.0,poisson_thinned_full_core_4D,,False
snv_table,GCF_934858995.1,GCF_934864425.1,close_no_recombination,0,0,4.016064257028113e-06,1.000052417875302,full_core,8.064288507985663e-06,0.0,4.032144253992831e-06,0.0,1.0,248007.0,0.0,935320.0,4.032144253992831e-06,0.0,0.0,poisson_thinned_full_core_4D,,False
snv_table,GCF_934858995.1,GCF_934871375.1,close_no_recombination,0,0,4.048582995951417e-06,1.0000567799291062,full_core,8.111418443743257e-06,0.0,4.0557092218716285e-06,3.2263684641840837e-06,1.0,246566.0,3.0,929838.0,4.0557092218716285e-06,3.2263684641840837e-06,0.0,poisson_thinned_full_core_4D,,False
snv_table,GCF_934858995.1,GCF_934873145.1,close_no_recombination,0,0,4.016064257028113e-06,1.000056409305924,full_core,8.05847227482614e-06,0.0,4.02923613741307e-06,3.2047926605975015e-06,1.0,248186.0,3.0,936098.0,4.02923613741307e-06,3.2047926605975015e-06,0.0,poisson_thinned_full_core_4D,,False
snv_table,GCF_934858995.1,GCF_934875975.1,close_no_recombination,0,0,4.016064257028113e-06,1.000048358237826,full_core,0.0,8.059706304302271e-06,4.029853152151136e-06,3.2052240879000653e-06,1.0,248148.0,3.0,935972.0,4.029853152151136e-06,3.2052240879000653e-06,8.059706304302271e-06,poisson_thinned_full_core_4D,0.3976849734821127,False
snv_table,GCF_934858995.1,GCF_934882705.1,close_no_recombination,0,0,4.016064257028113e-06,1.000056409305924,full_core,8.05847227482614e-06,0.0,4.02923613741307e-06,3.2047926605975015e-06,1.0,248186.0,3.0,936098.0,4.02923613741307e-06,3.2047926605975015e-06,0.0,poisson_thinned_full_core_4D,,False
snv_table,GCF_934858995.1,GCF_934883215.1,close_no_recombination,0,0,4.032258064516129e-06,1.0000485656931943,full_core,8.094282199054588e-06,0.0,4.047141099527294e-06,3.2189428347941967e-06,1.0,247088.0,3.0,931983.0,4.047141099527294e-06,3.2189428347941967e-06,0.0,poisson_thinned_full_core_4D,,False
snv_table,GCF_934859035.1,GCF_934864425.1,close_no_recombination,0,0,4.016064257028113e-06,1.00004029658285,full_core,8.059316569954868e-06,0.0,4.029658284977434e-06,0.0,1.0,248160.0,0.0,935869.0,4.029658284977434e-06,0.0,0.0,poisson_thinned_full_core_4D,,False
snv_table,GCF_934859035.1,GCF_934871375.1,close_no_recombination,0,0,4.032258064516129e-06,1.0000445237777211,full_core,0.0,8.0952323129293e-06,4.04761615646465e-06,3.220172880348036e-06,1.0,247059.0,3.0,931627.0,4.04761615646465e-06,3.220172880348036e-06,8.0952323129293e-06,poisson_thinned_full_core_4D,0.39778634582295275,False
snv_table,GCF_934859035.1,GCF_934873145.1,close_no_recombination,0,0,4.016064257028113e-06,1.00004029658285,full_core,0.0,8.059316569954868e-06,4.029658284977434e-06,3.205576848896587e-06,1.0,248160.0,3.0,935869.0,4.029658284977434e-06,3.205576848896587e-06,8.059316569954868e-06,poisson_thinned_full_core_4D,0.39774797541108853,False
snv_table,GCF_934859035.1,GCF_934875975.1,close_no_recombination,0,0,4.016064257028113e-06,1.000044299642784,full_core,8.054480506143554e-06,0.0,4.027240253071777e-06,3.203642755389061e-06,1.0,248309.0,3.0,936434.0,4.027240253071777e-06,3.203642755389061e-06,0.0,poisson_thinned_full_core_4D,,False
snv_table,GCF_934859035.1,GCF_934882705.1,close_no_recombination,0,0,4.016064257028113e-06,1.00004029658285,full_core,0.0,8.059316569954868e-06,4.029658284977434e-06,3.205576848896587e-06,1.0,248160.0,3.0,935869.0,4.029658284977434e-06,3.205576848896587e-06,8.059316569954868e-06,poisson_thinned_full_core_4D,0.39774797541108853,False
snv_table,GCF_934859035.1,GCF_934883215.1,close_no_recombination,0,0,4.048582995951417e-06,1.0000445508264175,full_core,8.100150257787282e-06,0.0,4.050075128893641e-06,3.2216321862532953e-06,1.0,246909.0,3.0,931205.0,4.050075128893641e-06,3.2216321862532953e-06,0.0,poisson_thinned_full_core_4D,,False
snv_table,GCF_934864425.1,GCF_934871375.1,close_no_recombination,0,0,8.097165991902834e-06,1.000044585135316,full_core,8.106388239251942e-06,8.106388239251942e-06,8.106388239251942e-06,3.2244646582551133e-06,2.0,246719.0,3.0,930387.0,8.106388239251942e-06,3.2244646582551133e-06,8.106388239251942e-06,poisson_thinned_full_core_4D,0.3977683480100217,True
snv_table,GCF_934864425.1,GCF_934873145.1,close_no_recombination,0,0,8.032128514056226e-06,1.00004029658285,full_core,1.6118633139909736e-05,0.0,8.059316569954868e-06,3.205576848896587e-06,2.0,248160.0,3.0,935869.0,8.059316569954868e-06,3.205576848896587e-06,0.0,poisson_thinned_full_core_4D,,False
snv_table,GCF_934864425.1,GCF_934875975.1,close_no_recombination,0,0,8.064516129032258e-06,1.0000443603837577,full_core,0.0,1.613104863914441e-05,8.065524319572205e-06,3.207890555328627e-06,2.0,247969.0,3.0,935194.0,8.065524319572205e-06,3.207890555328627e-06,1.613104863914441e-05,poisson_thinned_full_core_4D,0.19886435327857108,False
snv_table,GCF_934864425.1,GCF_934882315.1,close_no_recombination,0,0,2.0242914979757085e-05,1.0000364562868866,full_core,3.240558834370987e-05,4.050698542963734e-05,3.645628688667361e-05,1.2888272638519395e-05,9.0,246871.0,12.0,931079.0,3.645628688667361e-05,1.2888272638519395e-05,4.050698542963734e-05,poisson_thinned_full_core_4D,0.3181740754543922,True
snv_table,GCF_934864425.1,GCF_934882705.1,close_no_recombination,0,0,8.032128514056226e-06,1.00004029658285,full_core,0.0,1.6118633139909736e-05,8.059316569954868e-06,3.205576848896587e-06,2.0,248160.0,3.0,935869.0,8.059316569954868e-06,3.205576848896587e-06,1.6118633139909736e-05,poisson_thinned_full_core_4D,0.19887398770554426,False
snv_table,GCF_934864425.1,GCF_934883215.1,close_no_recombination,0,0,8.097165991902834e-06,1.0000445508264175,full_core,8.100150257787282e-06,8.100150257787282e-06,8.100150257787282e-06,3.2216321862532953e-06,2.0,246909.0,3.0,931205.0,8.100150257787282e-06,3.2216321862532953e-06,8.100150257787282e-06,poisson_thinned_full_core_4D,0.3977249907378074,True
snv_table,GCF_934871375.1,GCF_934873145.1,close_no_recombination,0,0,0.0,1.0000405317769132,full_core,0.0,0.0,0.0,0.0,0.0,246720.0,0.0,930389.0,0.0,0.0,0.0,poisson_thinned_full_core_4D,,False
snv_table,GCF_934871375.1,GCF_934875975.1,close_no_recombination,0,0,0.0,1.000044558044955,full_core,0.0,0.0,0.0,0.0,0.0,246869.0,0.0,930954.0,0.0,0.0,0.0,poisson_thinned_full_core_4D,,False
snv_table,GCF_934871375.1,GCF_934882705.1,close_no_recombination,0,0,0.0,1.0000689031829215,full_core,0.0,0.0,0.0,0.0,0.0,246723.0,0.0,930401.0,0.0,0.0,0.0,poisson_thinned_full_core_4D,,False
snv_table,GCF_934871375.1,GCF_934883215.1,close_no_recombination,0,0,0.0,1.0000448121758756,full_core,0.0,0.0,0.0,0.0,0.0,245469.0,0.0,925725.0,0.0,0.0,0.0,poisson_thinned_full_core_4D,,False
snv_table,GCF_934873145.1,GCF_934875975.1,close_no_recombination,0,0,0.0,1.0000443282060374,full_core,0.0,0.0,0.0,0.0,0.0,248149.0,0.0,935974.0,0.0,0.0,0.0,poisson_thinned_full_core_4D,,False
snv_table,GCF_934873145.1,GCF_934882705.1,close_no_recombination,0,0,0.0,1.0000402673753723,full_core,0.0,0.0,0.0,0.0,0.0,248340.0,0.0,936649.0,0.0,0.0,0.0,poisson_thinned_full_core_4D,,False
snv_table,GCF_934873145.1,GCF_934883215.1,close_no_recombination,0,0,0.0,1.0000445183719229,full_core,0.0,0.0,0.0,0.0,0.0,247089.0,0.0,931985.0,0.0,0.0,0.0,poisson_thinned_full_core_4D,,False
snv_table,GCF_934875975.1,GCF_934882705.1,close_no_recombination,0,0,0.0,1.0000443282060374,full_core,0.0,0.0,0.0,0.0,0.0,248149.0,0.0,935974.0,0.0,0.0,0.0,poisson_thinned_full_core_4D,,False
snv_table,GCF_934875975.1,GCF_934883215.1,close_no_recombination,0,0,0.0,1.0000364297250366,full_core,0.0,0.0,0.0,0.0,0.0,247051.0,0.0,931859.0,0.0,0.0,0.0,poisson_thinned_full_core_4D,,False
snv_table,GCF_934879485.1,GCF_934882485.1,close_no_recombination,0,0,0.0,1.0000888608842466,full_core,0.0,0.0,0.0,6.418698095465297e-06,0.0,247578.0,6.0,934769.0,0.0,6.418698095465297e-06,0.0,poisson_thinned_full_core_4D,,False
snv_table,GCF_934882705.1,GCF_934883215.1,close_no_recombination,0,0,0.0,1.0000445183719229,full_core,0.0,0.0,0.0,0.0,0.0,247089.0,0.0,931985.0,0.0,0.0,0.0,poisson_thinned_full_core_4D,,False
snv_table,GCF_000154465.1,GCF_042848495.1,close_recombination,23,23,2.4896265560165977e-05,0.9615023624185736,recombined,0.002356427655673998,0.002092827273852839,0.0022246274647634186,0.00037140459716356934,550.0,9650.0,299.0,37475.0,0.05699481865284974,0.007978652434956638,0.05699481865284974,naive_region_4D,0.1399890836315119,True
snv_table,GCF_000154465.1,GCF_042854075.1,close_recombination,10,10,3.6585365853658535e-05,0.9817890111468972,recombined,0.0009897710356277663,0.000965824962185159,0.0009777979989064626,0.00020087815471212574,235.0,4590.0,101.0,16743.0,0.05119825708061002,0.006032371737442513,0.05119825708061002,naive_region_4D,0.11782377138238781,True
snv_table,GCF_000154465.1,GCF_934836185.1,close_recombination,70,70,0.0001214953271028,0.8571898584858345,recombined,0.00531229813066488,0.005232051935337616,0.005272175033001248,0.0012753895517962268,1283.0,35607.0,956.0,134765.0,0.03603224085151796,0.007093830000371016,0.03603224085151796,naive_region_4D,0.19687451661980576,True
snv_table,GCF_000154465.1,GCF_934839055.1,close_recombination,69,69,0.0001220657276995,0.8518432608400054,recombined,0.005207041904289611,0.005303024243539189,0.0052550330739144,0.0012713925032341047,1283.0,37058.0,958.0,140224.0,0.034621404285174594,0.006831926061159288,0.034621404285174594,naive_region_4D,0.19733243645708565,True
snv_table,GCF_000154465.1,GCF_934841355.1,close_recombination,68,68,0.0001220657276995,0.8526454570591606,recombined,0.0052255941909345556,0.005281697196051952,0.005253645693493254,0.0012635754726197,1280.0,36780.0,959.0,139142.0,0.034801522566612286,0.006892239582584698,0.034801522566612286,naive_region_4D,0.1980441967558322,True
snv_table,GCF_000154465.1,GCF_934842065.1,close_recombination,63,63,0.0001153846153846,0.8497822753253569,recombined,0.00529755705534553,0.005133546001000467,0.005215551528172999,0.001244552368396189,1243.0,36650.0,930.0,138824.0,0.033915416098226465,0.006699129833458192,0.033915416098226465,naive_region_4D,0.19752462461483727,True
snv_table,GCF_000154465.1,GCF_934842235.1,close_recombination,70,70,0.0001308411214953,0.8581365741205577,recombined,0.005004156743362263,0.005510195065724739,0.005257175904543501,0.0012801508513588433,1275.0,35338.0,956.0,133712.0,0.03608014035882053,0.007149694866578916,0.03608014035882053,naive_region_4D,0.19816150368248295,True
snv_table,GCF_000154465.1,GCF_934842545.1,close_recombination,66,66,0.0001179245283018,0.8559890036370714,recombined,0.005311664983963638,0.005125148503610716,0.005218406743787177,0.0012711868956091445,1257.0,35527.0,955.0,134624.0,0.035381540799954966,0.007093831709056335,0.035381540799954966,naive_region_4D,0.20049527376900905,True
snv_table,GCF_000154465.1,GCF_934879485.1,close_recombination,70,70,0.0001302325581395,0.8576047894606255,recombined,0.005274489559071882,0.0052664857812887685,0.005270487670180325,0.0012807301009741183,1283.0,35598.0,958.0,134773.0,0.03604135063767627,0.007108248684825596,0.03604135063767627,naive_region_4D,0.197224814249744,True
snv_table,GCF_000154465.1,GCF_934882485.1,close_recombination,69,69,0.0001448598130841,0.8625909212002809,recombined,0.005247394466824358,0.0052958319542104285,0.005271613210517393,0.0012679013559916358,1267.0,34060.0,940.0,128929.0,0.03719906048150323,0.007290834490300864,0.03719906048150323,naive_region_4D,0.19599512449853781,True
snv_table,GCF_000154465.1,GCF_934883255.1,close_recombination,63,63,0.0001153846153846,0.8495036193567956,recombined,0.005353204954788782,0.0051728519547805845,0.005263028454784683,0.0012712149601700454,1255.0,36730.0,954.0,139177.0,0.03416825483256194,0.006854580857469266,0.03416825483256194,naive_region_4D,0.20061255370107262,True
snv_table,GCF_042848495.1,GCF_042854075.1,close_recombination,22,22,5.4166666666666664e-05,0.9565450129430187,recombined,0.002292991595027324,0.0020852641334569047,0.0021891278642421144,0.00043075027808264267,534.0,10890.0,335.0,41877.0,0.049035812672176306,0.007999617928695944,0.049035812672176306,naive_region_4D,0.1631382757368892,True
snv_table,GCF_042848495.1,GCF_934839055.1,close_recombination,78,78,0.0001190476190476,0.8403381526490226,recombined,0.0063083401380149545,0.006108202443280977,0.006208271290647966,0.0014676766487767064,1525.0,39897.0,1146.0,150809.0,0.03822342532019951,0.007599015973847715,0.03822342532019951,naive_region_4D,0.19880520675973923,True
snv_table,GCF_042848495.1,GCF_934841355.1,close_recombination,77,77,0.0001190476190476,0.8411177468584928,recombined,0.0063933130918527375,0.006024313841883821,0.006208813466868279,0.0014602853401805907,1522.0,39630.0,1147.0,149730.0,0.03840524854907898,0.007660455486542443,0.03840524854907898,naive_region_4D,0.19946376539532,True
snv_table,GCF_042848495.1,GCF_934842065.1,close_recombination,72,72,0.0001176470588235,0.8344926929564286,recombined,0.006016358256487284,0.006377503908991296,0.0061969310827392895,0.0014435457309417722,1485.0,40350.0,1118.0,152519.0,0.03680297397769517,0.007330234265894741,0.03680297397769517,naive_region_4D,0.19917505227532173,True
snv_table,GCF_042848495.1,GCF_934842235.1,close_recombination,77,77,0.0001196172248803,0.839071450105517,recombined,0.006351120490402974,0.006077781127524872,0.0062144508089639235,0.0014773031070229945,1518.0,40047.0,1153.0,151344.0,0.03790546108322721,0.007618405751136484,0.03790546108322721,naive_region_4D,0.20098438413423106,True
snv_table,GCF_042848495.1,GCF_934842545.1,close_recombination,74,74,0.0001159420289855,0.8389269915993669,recombined,0.0061198814983158155,0.006257862911407816,0.006188872204861816,0.0014690126451147002,1500.0,39706.0,1146.0,150156.0,0.037777665843953055,0.007632062654838967,0.037777665843953055,naive_region_4D,0.20202578651535735,True
snv_table,GCF_042848495.1,GCF_934879485.1,close_recombination,77,77,0.0001285714285714,0.8409702640348629,recombined,0.006512753140220456,0.005935977954370674,0.006224365547295566,0.0014771550333633292,1523.0,39717.0,1149.0,150014.0,0.03834630007301659,0.00765928513338755,0.03834630007301659,naive_region_4D,0.1997398736984592,True
snv_table,GCF_042848495.1,GCF_934883255.1,close_recombination,72,72,0.0001176470588235,0.8342188070515161,recombined,0.006400026256517976,0.006088230105559408,0.006244128181038692,0.001471243385381013,1497.0,40430.0,1143.0,152872.0,0.03702696017808558,0.007476843372232979,0.03702696017808558,naive_region_4D,0.20192971111514987,True
snv_table,GCF_042854075.1,GCF_934836185.1,close_recombination,66,66,0.000147619047619,0.841500317047525,recombined,0.005714881970028975,0.005401847704816714,0.005558364837422845,0.001299087874471116,1345.0,39510.0,972.0,149030.0,0.03404201467982789,0.006522176742937664,0.03404201467982789,naive_region_4D,0.1915919725750685,True
snv_table,GCF_042854075.1,GCF_934839055.1,close_recombination,66,66,0.0001421800947867,0.8402836947521272,recombined,0.005440282894710525,0.005640293295251353,0.005540288094980939,0.0012950155677403357,1348.0,39934.0,985.0,150799.0,0.03375569689988481,0.006531873553538153,0.03375569689988481,naive_region_4D,0.19350433122180463,True
snv_table,GCF_042854075.1,GCF_934841355.1,close_recombination,66,66,0.0001421800947867,0.8423854225956181,recombined,0.005443278472996048,0.005635677122998854,0.00553947779799745,0.0012872486970855288,1345.0,39340.0,979.0,148494.0,0.03418912048805287,0.006592858970732824,0.03418912048805287,naive_region_4D,0.19283499770158313,True
snv_table,GCF_042854075.1,GCF_934842065.1,close_recombination,63,63,0.0001553398058252,0.8440376002756041,recombined,0.005290614695605099,0.0057335498794232,0.005512082287514149,0.0012687543178924775,1305.0,38050.0,940.0,143643.0,0.03429697766097241,0.006544001448034363,0.03429697766097241,naive_region_4D,0.190804026894795,True
snv_table,GCF_042854075.1,GCF_934842235.1,close_recombination,67,67,0.0001516587677725,0.846609944804647,recombined,0.005431158459672042,0.005656117685812304,0.005543638072742173,0.0013038794938605902,1340.0,38194.0,984.0,144185.0,0.03508404461433733,0.006824565662170129,0.03508404461433733,naive_region_4D,0.19452049320964618,True
snv_table,GCF_042854075.1,GCF_934842545.1,close_recombination,64,64,0.0001490384615384,0.8426444524656385,recombined,0.005637367227834805,0.005385916315514116,0.005511641771674461,0.0012951197824714236,1319.0,38820.0,959.0,146540.0,0.03397733127253993,0.006544288248942268,0.03397733127253993,naive_region_4D,0.19260748280814166,True
snv_table,GCF_042854075.1,GCF_934879485.1,close_recombination,66,66,0.000147619047619,0.8402749146395648,recombined,0.005652001617144939,0.005459865584834063,0.0055559336009895,0.0013043713407346687,1348.0,39914.0,981.0,150693.0,0.033772611113894874,0.006509924150425036,0.033772611113894874,naive_region_4D,0.19275750188432114,True
snv_table,GCF_042854075.1,GCF_934882485.1,close_recombination,68,68,0.000170616113744,0.8493921666000492,recombined,0.005515114077268121,0.005603937290811239,0.00555952568403968,0.001291736840698265,1333.0,37309.0,966.0,140801.0,0.03572864456297408,0.006860746727651082,0.03572864456297408,naive_region_4D,0.1920237056728689,True
snv_table,GCF_042854075.1,GCF_934883255.1,close_recombination,63,63,0.0001463414634146,0.8398658510585959,recombined,0.005641471374452663,0.0054774751135674106,0.005559473244010037,0.0012954141470517655,1319.0,39080.0,965.0,147513.0,0.033751279426816785,0.006541796316256872,0.033751279426816785,naive_region_4D,0.19382365431335752,True
snv_table,GCF_934835135.1,GCF_934839395.1,close_recombination,1,1,1.2048192771084337e-05,0.9999597099113618,recombined,3.2232070910556004e-05,4.0290088638195005e-05,3.6261079774375505e-05,2.5637519655431735e-05,5.0,20.0,3.0,104.0,0.25,0.028846153846153848,0.25,naive_region_4D,0.11538461538461539,True
snv_table,GCF_934835135.1,GCF_934855955.1,close_recombination,1,1,1.2048192771084337e-05,0.9999637387741288,recombined,2.417415058078397e-05,4.029025096797328e-05,3.223220077437862e-05,1.0682322678784694e-05,5.0,20.0,3.0,104.0,0.25,0.028846153846153848,0.25,naive_region_4D,0.11538461538461539,True
snv_table,GCF_934835135.1,GCF_934858995.1,close_recombination,1,1,8.064516129032258e-06,0.9999757777365104,recombined,1.6148175659854828e-05,4.8444526979564484e-05,3.2296351319709656e-05,1.177305404795058e-05,5.0,20.0,3.0,104.0,0.25,0.028846153846153848,0.25,naive_region_4D,0.11538461538461539,True
snv_table,GCF_934835135.1,GCF_934859035.1,close_recombination,1,1,8.032128514056226e-06,0.9999596806709136,recombined,3.22554632690912e-05,3.22554632690912e-05,3.22554632690912e-05,1.1760328776027745e-05,5.0,20.0,3.0,106.0,0.25,0.02830188679245283,0.25,naive_region_4D,0.11320754716981132,True
snv_table,GCF_934835135.1,GCF_934871375.1,close_recombination,1,1,4.048582995951417e-06,0.9999594452104792,recombined,2.4332873712385434e-05,3.244383161651391e-05,2.8388352664449672e-05,8.603371661354084e-06,5.0,20.0,3.0,104.0,0.25,0.028846153846153848,0.25,naive_region_4D,0.11538461538461539,True
snv_table,GCF_934835135.1,GCF_934873145.1,close_recombination,1,1,4.032258064516129e-06,0.9999596546437504,recombined,3.227628499959655e-05,2.420721374969741e-05,2.8241749374646977e-05,8.557174763180188e-06,5.0,20.0,3.0,104.0,0.25,0.028846153846153848,0.25,naive_region_4D,0.11538461538461539,True
snv_table,GCF_934835135.1,GCF_934875975.1,close_recombination,1,1,4.016064257028113e-06,0.9999717795417804,recombined,1.6125976125492345e-05,4.0314940313730865e-05,2.8220458219611605e-05,8.550854604474875e-06,5.0,20.0,3.0,104.0,0.25,0.028846153846153848,0.25,naive_region_4D,0.11538461538461539,True
snv_table,GCF_934835135.1,GCF_934882315.1,close_recombination,2,2,0.0,0.9998824049406144,recombined,5.6770028668864476e-05,2.4330012286656206e-05,4.055002047776034e-05,7.525069230636922e-06,10.0,40.0,6.0,182.0,0.25,0.03296703296703297,0.25,naive_region_4D,0.13186813186813187,True
snv_table,GCF_934835135.1,GCF_934882705.1,close_recombination,1,1,4.032258064516129e-06,0.9999596546437504,recombined,2.420721374969741e-05,3.227628499959655e-05,2.8241749374646977e-05,8.557174763180188e-06,5.0,20.0,3.0,104.0,0.25,0.028846153846153848,0.25,naive_region_4D,0.11538461538461539,True
snv_table,GCF_934835135.1,GCF_934883215.1,close_recombination,1,1,4.048582995951417e-06,0.99996350498157,recombined,1.6220008191104137e-05,4.055002047776034e-05,2.8385014334432238e-05,8.600079120727911e-06,5.0,20.0,3.0,104.0,0.25,0.028846153846153848,0.25,naive_region_4D,0.11538461538461539,True
snv_table,GCF_934836185.1,GCF_934842235.1,close_recombination,1,1,0.0,1.0,recombined,1.6117334192924492e-05,8.058667096462246e-06,1.2088000644693368e-05,3.2024765818899948e-06,3.0,20.0,3.0,59.0,0.15,0.05084745762711865,0.15,naive_region_4D,0.33898305084745767,True
snv_table,GCF_934836185.1,GCF_934879485.1,close_recombination,1,1,0.0,1.00000401495168,recombined,2.4089710080339183e-05,0.0,1.2044855040169591e-05,8.508339235993679e-06,3.0,20.0,3.0,59.0,0.15,0.05084745762711865,0.15,naive_region_4D,0.33898305084745767,True
snv_table,GCF_934836185.1,GCF_934882485.1,close_recombination,1,1,0.0,1.0,recombined,8.098477486232588e-06,1.6196954972465176e-05,1.2147716229348883e-05,4.289410838697778e-06,3.0,20.0,3.0,70.0,0.15,0.04285714285714286,0.15,naive_region_4D,0.28571428571428575,True
snv_table,GCF_934836185.1,GCF_977051985.1,close_recombination,73,73,0.0001586538461538,0.8426765291149927,recombined,0.0056199875379389355,0.006375751241181082,0.005997869389560009,0.001286373597820832,1444.0,39150.0,1020.0,146207.0,0.03688378033205619,0.00697641015820036,0.03688378033205619,naive_region_4D,0.18914574632516903,True
snv_table,GCF_934839055.1,GCF_934842235.1,close_recombination,1,1,0.0,0.9999879514685152,recombined,8.032354323213905e-06,1.606470864642781e-05,1.2048531484820859e-05,3.1923961380519785e-06,3.0,20.0,3.0,59.0,0.15,0.05084745762711865,0.15,naive_region_4D,0.33898305084745767,True
snv_table,GCF_934839055.1,GCF_934879485.1,close_recombination,1,1,0.0,0.9999919962222168,recombined,1.600755556622726e-05,8.00377778311363e-06,1.2005666674670444e-05,8.481656297841843e-06,3.0,20.0,3.0,59.0,0.15,0.05084745762711865,0.15,naive_region_4D,0.33898305084745767,True
snv_table,GCF_934839055.1,GCF_934882485.1,close_recombination,1,1,0.0,0.9999919270854356,recombined,2.4218743693035496e-05,0.0,1.2109371846517748e-05,4.276227170292195e-06,3.0,20.0,3.0,70.0,0.15,0.04285714285714286,0.15,naive_region_4D,0.28571428571428575,True
snv_table,GCF_934839055.1,GCF_977051985.1,close_recombination,74,74,0.0001611374407582,0.8475445569944865,recombined,0.0055936658545967435,0.006362995255802026,0.005978330555199384,0.0012855189632623946,1446.0,38070.0,1025.0,142007.0,0.03798266351457841,0.007217954044518932,0.03798266351457841,naive_region_4D,0.1900328564832889,True
snv_table,GCF_934839395.1,GCF_934855955.1,close_recombination,1,1,8.032128514056226e-06,0.9996421089034458,recombined,2.412748965533881e-05,1.6084993103559207e-05,2.0106241379449008e-05,2.345698362382675e-05,3.0,100.0,6.0,326.0,0.03,0.018404907975460124,0.03,naive_region_4D,0.6134969325153374,True
snv_table,GCF_934839395.1,GCF_934882315.1,close_recombination,1,1,1.2096774193548388e-05,0.9999554747805108,recombined,3.238197781024971e-05,4.0477472262812135e-05,3.642972503653092e-05,2.6828093091336778e-05,5.0,20.0,3.0,78.0,0.25,0.038461538461538464,0.25,naive_region_4D,0.15384615384615385,True
snv_table,GCF_934841355.1,GCF_977051985.1,close_recombination,74,74,0.0001380952380952,0.8440836254281046,recombined,0.005958331827690183,0.0059824221180986336,0.005970376972894409,0.001276654144817263,1452.0,38851.0,1028.0,144765.0,0.03737355537823994,0.007101163955375954,0.03737355537823994,naive_region_4D,0.1900050418941537,True
snv_table,GCF_934842065.1,GCF_934842235.1,close_recombination,1,1,0.0,0.9999876458306738,recombined,8.23611288416319e-06,1.647222576832638e-05,1.2354169326244785e-05,3.272611838782414e-06,3.0,20.0,3.0,59.0,0.15,0.05084745762711865,0.15,naive_region_4D,0.33898305084745767,True
snv_table,GCF_934842065.1,GCF_934879485.1,close_recombination,1,1,0.0,0.9999917939291488,recombined,1.6412141702431457e-05,8.206070851215729e-06,1.2309106276823595e-05,8.693970079701971e-06,3.0,20.0,3.0,59.0,0.15,0.05084745762711865,0.15,naive_region_4D,0.33898305084745767,True
snv_table,GCF_934842065.1,GCF_934882485.1,close_recombination,1,1,0.0,0.9999835006640982,recombined,1.6499335901729956e-05,8.249667950864978e-06,1.2374501926297466e-05,4.368982409384574e-06,3.0,20.0,3.0,70.0,0.15,0.04285714285714286,0.15,naive_region_4D,0.28571428571428575,True
snv_table,GCF_934842065.1,GCF_977051985.1,close_recombination,74,74,0.0001414634146341,0.8487395648458556,recombined,0.00629395911391573,0.005718793137448235,0.006006376125681982,0.0012861806311207835,1423.0,36831.0,1004.0,137256.0,0.038635931687980234,0.007314798624468147,0.038635931687980234,naive_region_4D,0.18932631633013797,True
snv_table,GCF_934842235.1,GCF_934842545.1,close_recombination,1,1,0.0,0.99998371163071,recombined,1.6288369289908542e-05,8.144184644954271e-06,1.2216276967431406e-05,3.235202453577541e-06,3.0,20.0,3.0,59.0,0.15,0.05084745762711865,0.15,naive_region_4D,0.33898305084745767,True
snv_table,GCF_934842235.1,GCF_934883255.1,close_recombination,1,1,0.0,0.9999876498993466,recombined,2.470020130664065e-05,0.0,1.2350100653320324e-05,4.361802820341703e-06,3.0,20.0,3.0,59.0,0.15,0.05084745762711865,0.15,naive_region_4D,0.33898305084745767,True
snv_table,GCF_934842235.1,GCF_977051985.1,close_recombination,75,75,0.000170616113744,0.8494054684827878,recombined,0.005536889121381003,0.006462386576263002,0.005999637848822003,0.0012922238404636654,1444.0,37440.0,1020.0,139630.0,0.03856837606837607,0.007305020411086442,0.03856837606837607,naive_region_4D,0.18940440733454045,True
snv_table,GCF_934842545.1,GCF_934879485.1,close_recombination,1,1,0.0,0.999987827787538,recombined,2.4344424923822236e-05,0.0,1.2172212461911118e-05,8.594960345001709e-06,3.0,20.0,3.0,59.0,0.15,0.05084745762711865,0.15,naive_region_4D,0.33898305084745767,True
snv_table,GCF_934842545.1,GCF_934882485.1,close_recombination,1,1,0.0,0.99998363030685,recombined,2.455453972515285e-05,0.0,1.2277269862576426e-05,4.33344564179955e-06,3.0,20.0,3.0,70.0,0.15,0.04285714285714286,0.15,naive_region_4D,0.28571428571428575,True
snv_table,GCF_934842545.1,GCF_977051985.1,close_recombination,72,72,0.000159420289855,0.8436759848709522,recombined,0.0058013642143579704,0.006101995133029181,0.005951679673693576,0.0012822719449225473,1423.0,38500.0,1005.0,143650.0,0.03696103896103896,0.0069961712495649146,0.03696103896103896,naive_region_4D,0.1892850267802173,True
snv_table,GCF_934855955.1,GCF_934858995.1,close_recombination,1,1,4.016064257028113e-06,0.9996534856921824,recombined,2.4175416824478414e-05,8.05847227482614e-06,1.611694454965228e-05,9.614377981792504e-06,3.0,100.0,6.0,326.0,0.03,0.018404907975460124,0.03,naive_region_4D,0.6134969325153374,True
snv_table,GCF_934855955.1,GCF_934859035.1,close_recombination,1,1,4.016064257028113e-06,0.9996338190261196,recombined,8.047933491877623e-06,2.414380047563287e-05,1.6095866983755246e-05,9.603605833870424e-06,3.0,101.0,6.0,330.0,0.0297029702970297,0.01818181818181818,0.0297029702970297,naive_region_4D,0.6121212121212121,True
snv_table,GCF_934855955.1,GCF_934864425.1,close_recombination,1,1,8.032128514056226e-06,0.999637330754352,recombined,2.4177949709864603e-05,1.6118633139909736e-05,2.014829142488717e-05,9.616730546689761e-06,3.0,100.0,6.0,326.0,0.03,0.018404907975460124,0.03,naive_region_4D,0.6134969325153374,True
snv_table,GCF_934855955.1,GCF_934871375.1,close_recombination,1,1,8.097165991902834e-06,0.9996680995053872,recombined,1.6190268029887235e-05,2.4285402044830854e-05,2.0237835037359042e-05,1.2880525611315113e-05,3.0,100.0,6.0,326.0,0.03,0.018404907975460124,0.03,naive_region_4D,0.6134969325153374,True
snv_table,GCF_934855955.1,GCF_934873145.1,close_recombination,1,1,8.032128514056226e-06,0.9996416189160784,recombined,3.2214030015422467e-05,8.053507503855617e-06,2.013376875963904e-05,1.2811656899557678e-05,3.0,100.0,6.0,326.0,0.03,0.018404907975460124,0.03,naive_region_4D,0.6134969325153374,True
snv_table,GCF_934855955.1,GCF_934875975.1,close_recombination,1,1,8.032128514056226e-06,0.9996458581500918,recombined,8.04867840700557e-06,3.219471362802228e-05,2.0121696017513924e-05,1.280393336833075e-05,3.0,100.0,6.0,326.0,0.03,0.018404907975460124,0.03,naive_region_4D,0.6134969325153374,True
snv_table,GCF_934855955.1,GCF_934882315.1,close_recombination,1,1,1.2096774193548388e-05,0.999959522363894,recombined,4.0477636106051404e-05,2.4286581663630843e-05,3.238210888484113e-05,1.1804386295322137e-05,5.0,20.0,3.0,78.0,0.25,0.038461538461538464,0.25,naive_region_4D,0.15384615384615385,True
snv_table,GCF_934855955.1,GCF_934882705.1,close_recombination,1,1,1.606425702811245e-05,0.999682142440422,recombined,4.8282160948583525e-05,4.0235134123819605e-05,4.425864753620156e-05,2.240193552722955e-05,3.0,100.0,6.0,326.0,0.03,0.018404907975460124,0.03,naive_region_4D,0.6134969325153374,True
snv_table,GCF_934855955.1,GCF_934883215.1,close_recombination,1,1,8.097165991902834e-06,0.9996438515832416,recombined,0.0,4.0471410995272936e-05,2.0235705497636468e-05,1.2875771339176787e-05,3.0,100.0,6.0,326.0,0.03,0.018404907975460124,0.03,naive_region_4D,0.6134969325153374,False
snv_table,GCF_934858995.1,GCF_934882315.1,close_recombination,1,1,8.064516129032258e-06,0.999959522363894,recombined,4.0477636106051404e-05,2.4286581663630843e-05,3.238210888484113e-05,1.2877512322169603e-05,5.0,20.0,3.0,78.0,0.25,0.038461538461538464,0.25,naive_region_4D,0.15384615384615385,True
snv_table,GCF_934859035.1,GCF_934882315.1,close_recombination,1,1,8.097165991902834e-06,0.9999554423160274,recombined,8.101397085927468e-06,5.670977960149228e-05,3.240558834370987e-05,1.2888272638519395e-05,5.0,20.0,3.0,72.0,0.25,0.041666666666666664,0.25,naive_region_4D,0.16666666666666666,True
snv_table,GCF_934871375.1,GCF_934882315.1,close_recombination,1,1,4.065040650406504e-06,0.9999551808858702,recombined,3.259571936715411e-05,2.444678952536558e-05,2.8521254446259845e-05,9.723433149776522e-06,5.0,20.0,3.0,78.0,0.25,0.038461538461538464,0.25,naive_region_4D,0.15384615384615385,True
snv_table,GCF_934873145.1,GCF_934882315.1,close_recombination,1,1,4.032258064516129e-06,0.9999554747805108,recombined,3.238197781024971e-05,2.428648335768728e-05,2.833423058396849e-05,9.65811351288124e-06,5.0,20.0,3.0,78.0,0.25,0.038461538461538464,0.25,naive_region_4D,0.15384615384615385,True
snv_table,GCF_934875975.1,GCF_934882315.1,close_recombination,1,1,4.032258064516129e-06,0.9999554747805108,recombined,4.0477472262812135e-05,1.6190988905124854e-05,2.833423058396849e-05,9.65811351288124e-06,5.0,20.0,3.0,78.0,0.25,0.038461538461538464,0.25,naive_region_4D,0.15384615384615385,True
snv_table,GCF_934879485.1,GCF_934883255.1,close_recombination,1,1,0.0,0.9999917966218488,recombined,0.0,2.4610134453367896e-05,1.2305067226683948e-05,7.604306644751779e-06,3.0,20.0,3.0,59.0,0.15,0.05084745762711865,0.15,naive_region_4D,0.33898305084745767,False
snv_table,GCF_934879485.1,GCF_977051985.1,close_recombination,75,75,0.0001611374407582,0.8478613013424002,recombined,0.006006319064650126,0.005950185241616013,0.0059782521531330695,0.0012927595902685052,1446.0,37960.0,1024.0,141552.0,0.0380927291886196,0.007234090652198486,0.0380927291886196,naive_region_4D,0.18990738669256882,True
snv_table,GCF_934882315.1,GCF_934882705.1,close_recombination,1,1,4.032258064516129e-06,0.9999554747805108,recombined,2.428648335768728e-05,3.238197781024971e-05,2.833423058396849e-05,9.65811351288124e-06,5.0,20.0,3.0,78.0,0.25,0.038461538461538464,0.25,naive_region_4D,0.15384615384615385,True
snv_table,GCF_934882315.1,GCF_934883215.1,close_recombination,1,1,4.032258064516129e-06,0.9999554747805108,recombined,2.428648335768728e-05,3.238197781024971e-05,2.833423058396849e-05,9.65811351288124e-06,5.0,20.0,3.0,78.0,0.25,0.038461538461538464,0.25,naive_region_4D,0.15384615384615385,True
snv_table,GCF_934882485.1,GCF_934883255.1,close_recombination,1,1,0.0,0.9999917239781182,recombined,2.4828065645405568e-05,0.0,1.2414032822702784e-05,5.478113293956655e-06,3.0,20.0,3.0,70.0,0.15,0.04285714285714286,0.15,naive_region_4D,0.28571428571428575,True
snv_table,GCF_934882485.1,GCF_977051985.1,close_recombination,75,75,0.0001407766990291,0.8348566714119322,recombined,0.006203895431603468,0.005856089038436651,0.0060299922350200595,0.001299286945326048,1456.0,40838.0,1038.0,152264.0,0.03565306822077477,0.006817107129722061,0.03565306822077477,naive_region_4D,0.19120674516730052,True
snv_table,GCF_934883255.1,GCF_977051985.1,close_recombination,74,74,0.0001553398058252,0.8487892627152057,recombined,0.005823695623603627,0.006185109738467604,0.006004402681035616,0.0012835113389525026,1423.0,36831.0,1004.0,137256.0,0.038635931687980234,0.007314798624468147,0.038635931687980234,naive_region_4D,0.18932631633013797,True
snv_table,GCF_000154465.1,GCF_042848495.1,close_recombination,23,23,2.4896265560165977e-05,0.9615023624185736,clonal,0.002356427655673998,0.002092827273852839,0.0022246274647634186,0.00037140459716356934,7.0,240729.0,52.0,907586.0,2.90783412052557e-05,5.72948458878828e-05,2.90783412052557e-05,naive_region_4D,1.9703615651063056,True
snv_table,GCF_000154465.1,GCF_042854075.1,close_recombination,10,10,3.6585365853658535e-05,0.9817890111468972,clonal,0.0009897710356277663,0.000965824962185159,0.0009777979989064626,0.00020087815471212574,10.0,245973.0,89.0,929104.0,4.065486862379204e-05,9.579121390070434e-05,4.065486862379204e-05,naive_region_4D,2.356205225679795,True
snv_table,GCF_000154465.1,GCF_934836185.1,close_recombination,70,70,0.0001214953271028,0.8571898584858345,clonal,0.00531229813066488,0.005232051935337616,0.005272175033001248,0.0012753895517962268,31.0,213626.0,244.0,806124.0,0.00014511342252347562,0.000302682961926453,0.00014511342252347562,naive_region_4D,2.0858371104677564,True
snv_table,GCF_000154465.1,GCF_934839055.1,close_recombination,69,69,0.0001220657276995,0.8518432608400054,clonal,0.005207041904289611,0.005303024243539189,0.0052550330739144,0.0012713925032341047,31.0,212988.0,242.0,803623.0,0.00014554810599658196,0.0003011362293015506,0.00014554810599658196,naive_region_4D,2.068980748596086,True
snv_table,GCF_000154465.1,GCF_934841355.1,close_recombination,68,68,0.0001220657276995,0.8526454570591606,clonal,0.0052255941909345556,0.005281697196051952,0.005253645693493254,0.0012635754726197,31.0,212761.0,231.0,802630.0,0.00014570339488910092,0.00028780384486002265,0.00014570339488910092,naive_region_4D,1.9752720592342992,True
snv_table,GCF_000154465.1,GCF_934842065.1,close_recombination,63,63,0.0001153846153846,0.8497822753253569,clonal,0.00529755705534553,0.005133546001000467,0.005215551528172999,0.001244552368396189,29.0,207236.0,216.0,781989.0,0.00013993707656970796,0.0002762187191891446,0.00013993707656970796,naive_region_4D,1.9738780168924681,True
snv_table,GCF_000154465.1,GCF_934842235.1,close_recombination,70,70,0.0001308411214953,0.8581365741205577,clonal,0.005004156743362263,0.005510195065724739,0.005257175904543501,0.0012801508513588433,34.0,213655.0,247.0,806021.0,0.00015913505417612507,0.0003064436286399486,0.00015913505417612507,naive_region_4D,1.9256827493255355,True
snv_table,GCF_000154465.1,GCF_934842545.1,close_recombination,66,66,0.0001179245283018,0.8559890036370714,clonal,0.005311664983963638,0.005125148503610716,0.005218406743787177,0.0012711868956091445,30.0,211100.0,229.0,796789.0,0.00014211274277593558,0.0002874035660632865,0.00014211274277593558,naive_region_4D,2.0223630931986594,True
snv_table,GCF_000154465.1,GCF_934879485.1,close_recombination,70,70,0.0001302325581395,0.8576047894606255,clonal,0.005274489559071882,0.0052664857812887685,0.005270487670180325,0.0012807301009741183,34.0,214284.0,250.0,808439.0,0.00015866793601015475,0.0003092379264236386,0.00015866793601015475,naive_region_4D,1.9489629360518523,True
snv_table,GCF_000154465.1,GCF_934882485.1,close_recombination,69,69,0.0001448598130841,0.8625909212002809,clonal,0.005247394466824358,0.0052958319542104285,0.005271613210517393,0.0012679013559916358,39.0,213682.0,246.0,806475.0,0.00018251420334890165,0.0003050311540965312,0.00018251420334890165,naive_region_4D,1.6712735146065378,True
snv_table,GCF_000154465.1,GCF_934883255.1,close_recombination,63,63,0.0001153846153846,0.8495036193567956,clonal,0.005353204954788782,0.0051728519547805845,0.005263028454784683,0.0012712149601700454,29.0,207236.0,217.0,781989.0,0.00013993707656970796,0.000277497509555761,0.00013993707656970796,naive_region_4D,1.9830163410447479,True
snv_table,GCF_042848495.1,GCF_042854075.1,close_recombination,22,22,5.4166666666666664e-05,0.9565450129430187,clonal,0.002292991595027324,0.0020852641334569047,0.0021891278642421144,0.00043075027808264267,14.0,239438.0,72.0,902986.0,5.8470251171493246e-05,7.973545547771504e-05,5.8470251171493246e-05,naive_region_4D,1.3636927134766526,True
snv_table,GCF_042848495.1,GCF_934839055.1,close_recombination,78,78,0.0001190476190476,0.8403381526490226,clonal,0.0063083401380149545,0.006108202443280977,0.006208271290647966,0.0014676766487767064,26.0,209931.0,238.0,792178.0,0.00012385021745240103,0.000300437527929329,0.00012385021745240103,naive_region_4D,2.4258134875281527,True
snv_table,GCF_042848495.1,GCF_934841355.1,close_recombination,77,77,0.0001190476190476,0.8411177468584928,clonal,0.0063933130918527375,0.006024313841883821,0.006208813466868279,0.0014602853401805907,26.0,209693.0,227.0,791182.0,0.00012399078653078547,0.00028691249295358085,0.00012399078653078547,naive_region_4D,2.313982360958278,True
snv_table,GCF_042848495.1,GCF_934842065.1,close_recombination,72,72,0.0001176470588235,0.8344926929564286,clonal,0.006016358256487284,0.006377503908991296,0.0061969310827392895,0.0014435457309417722,25.0,203319.0,210.0,767438.0,0.0001229594873081217,0.000273637740117117,0.0001229594873081217,naive_region_4D,2.2254300673148846,True
snv_table,GCF_042848495.1,GCF_934842235.1,close_recombination,77,77,0.0001196172248803,0.839071450105517,clonal,0.006351120490402974,0.006077781127524872,0.0062144508089639235,0.0014773031070229945,28.0,208728.0,234.0,787529.0,0.00013414587405618795,0.00029713191514217256,0.00013414587405618795,naive_region_4D,2.2149910851355497,True
snv_table,GCF_042848495.1,GCF_934842545.1,close_recombination,74,74,0.0001159420289855,0.8389269915993669,clonal,0.0061198814983158155,0.006257862911407816,0.006188872204861816,0.0014690126451147002,25.0,206704.0,221.0,780401.0,0.00012094589364501896,0.00028318774578710174,0.00012094589364501896,naive_region_4D,2.341441592207083,True
snv_table,GCF_042848495.1,GCF_934879485.1,close_recombination,77,77,0.0001285714285714,0.8409702640348629,clonal,0.006512753140220456,0.005935977954370674,0.006224365547295566,0.0014771550333633292,31.0,209947.0,243.0,792338.0,0.00014765631326001325,0.000306687297592694,0.00014765631326001325,naive_region_4D,2.077034776377204,True
snv_table,GCF_042848495.1,GCF_934883255.1,close_recombination,72,72,0.0001176470588235,0.8342188070515161,clonal,0.006400026256517976,0.006088230105559408,0.006244128181038692,0.001471243385381013,25.0,203319.0,211.0,767438.0,0.0001229594873081217,0.0002749407769748175,0.0001229594873081217,naive_region_4D,2.236027353349717,True
snv_table,GCF_042854075.1,GCF_934836185.1,close_recombination,66,66,0.000147619047619,0.841500317047525,clonal,0.005714881970028975,0.005401847704816714,0.005558364837422845,0.001299087874471116,40.0,209664.0,250.0,791630.0,0.00019078144078144078,0.0003158041004004396,0.00019078144078144078,naive_region_4D,1.655318772658944,True
snv_table,GCF_042854075.1,GCF_934839055.1,close_recombination,66,66,0.0001421800947867,0.8402836947521272,clonal,0.005440282894710525,0.005640293295251353,0.005540288094980939,0.0012950155677403357,37.0,210053.0,237.0,792819.0,0.00017614602029011726,0.00029893330003443407,0.00017614602029011726,naive_region_4D,1.6970766614089994,True
snv_table,GCF_042854075.1,GCF_934841355.1,close_recombination,66,66,0.0001421800947867,0.8423854225956181,clonal,0.005443278472996048,0.005635677122998854,0.00553947779799745,0.0012872486970855288,37.0,210142.0,233.0,793049.0,0.00017607141837424218,0.000293802778895125,0.00017607141837424218,naive_region_4D,1.6686568530426853,True
snv_table,GCF_042854075.1,GCF_934842065.1,close_recombination,63,63,0.0001553398058252,0.8440376002756041,clonal,0.005290614695605099,0.0057335498794232,0.005512082287514149,0.0012687543178924775,39.0,205778.0,228.0,776945.0,0.00018952463334272857,0.00029345706581546956,0.00018952463334272857,naive_region_4D,1.548384822804505,True
snv_table,GCF_042854075.1,GCF_934842235.1,close_recombination,67,67,0.0001516587677725,0.846609944804647,clonal,0.005431158459672042,0.005656117685812304,0.005543638072742173,0.0013038794938605902,40.0,210740.0,241.0,795319.0,0.00018980734554427256,0.0003030230637014833,0.00018980734554427256,naive_region_4D,1.5964770111112647,True
snv_table,GCF_042854075.1,GCF_934842545.1,close_recombination,64,64,0.0001490384615384,0.8426444524656385,clonal,0.005637367227834805,0.005385916315514116,0.005511641771674461,0.0012951197824714236,40.0,207749.0,247.0,784648.0,0.00019254003629379685,0.00031479083614563473,0.00019254003629379685,naive_region_4D,1.6349370354604866,True
snv_table,GCF_042854075.1,GCF_934879485.1,close_recombination,66,66,0.000147619047619,0.8402749146395648,clonal,0.005652001617144939,0.005459865584834063,0.0055559336009895,0.0013043713407346687,40.0,209909.0,249.0,792290.0,0.00019055876594143177,0.00031427886253770714,0.00019055876594143177,naive_region_4D,1.6492490439106893,True
snv_table,GCF_042854075.1,GCF_934882485.1,close_recombination,68,68,0.000170616113744,0.8493921666000492,clonal,0.005515114077268121,0.005603937290811239,0.00555952568403968,0.001291736840698265,44.0,210374.0,242.0,794374.0,0.00020915132098072955,0.0003046423976615549,0.00020915132098072955,naive_region_4D,1.4565645401284535,True
snv_table,GCF_042854075.1,GCF_934883255.1,close_recombination,63,63,0.0001463414634146,0.8398658510585959,clonal,0.005641471374452663,0.0054774751135674106,0.005559473244010037,0.0012954141470517655,37.0,204828.0,228.0,773428.0,0.0001806393657117191,0.0002947914996612484,0.0001806393657117191,naive_region_4D,1.6319338727733566,True
snv_table,GCF_934835135.1,GCF_934839395.1,close_recombination,1,1,1.2048192771084337e-05,0.9999597099113618,clonal,3.2232070910556004e-05,4.0290088638195005e-05,3.6261079774375505e-05,2.5637519655431735e-05,4.0,248180.0,21.0,936024.0,1.6117334192924492e-05,2.2435322171226377e-05,1.6117334192924492e-05,naive_region_4D,1.3919995641137404,True
snv_table,GCF_934835135.1,GCF_934855955.1,close_recombination,1,1,1.2048192771084337e-05,0.9999637387741288,clonal,2.417415058078397e-05,4.029025096797328e-05,3.223220077437862e-05,1.0682322678784694e-05,3.0,248179.0,7.0,936022.0,1.2088049351476153e-05,7.478456702940743e-06,1.2088049351476153e-05,naive_region_4D,0.6186653020263768,True
snv_table,GCF_934835135.1,GCF_934858995.1,close_recombination,1,1,8.064516129032258e-06,0.9999757777365104,clonal,1.6148175659854828e-05,4.8444526979564484e-05,3.2296351319709656e-05,1.177305404795058e-05,3.0,247686.0,8.0,934233.0,1.2112109687265329e-05,8.563174283074992e-06,1.2112109687265329e-05,naive_region_4D,0.7069927951592375,True
snv_table,GCF_934835135.1,GCF_934859035.1,close_recombination,1,1,8.032128514056226e-06,0.9999596806709136,clonal,3.22554632690912e-05,3.22554632690912e-05,3.22554632690912e-05,1.1760328776027745e-05,3.0,248000.0,8.0,935242.0,1.2096774193548387e-05,8.55393577277325e-06,1.2096774193548387e-05,naive_region_4D,0.7071253572159221,True
snv_table,GCF_934835135.1,GCF_934871375.1,close_recombination,1,1,4.048582995951417e-06,0.9999594452104792,clonal,2.4332873712385434e-05,3.244383161651391e-05,2.8388352664449672e-05,8.603371661354084e-06,2.0,246560.0,5.0,929764.0,8.111615833874107e-06,5.377708751898331e-06,8.111615833874107e-06,naive_region_4D,0.6629639349340263,True
snv_table,GCF_934835135.1,GCF_934873145.1,close_recombination,1,1,4.032258064516129e-06,0.9999596546437504,clonal,3.227628499959655e-05,2.420721374969741e-05,2.8241749374646977e-05,8.557174763180188e-06,2.0,247840.0,5.0,934784.0,8.069722401549388e-06,5.348829248254142e-06,8.069722401549388e-06,naive_region_4D,0.6628269204436532,True
snv_table,GCF_934835135.1,GCF_934875975.1,close_recombination,1,1,4.016064257028113e-06,0.9999717795417804,clonal,1.6125976125492345e-05,4.0314940313730865e-05,2.8220458219611605e-05,8.550854604474875e-06,2.0,248027.0,5.0,935475.0,8.063638232934317e-06,5.344878270397392e-06,8.063638232934317e-06,naive_region_4D,0.662837061385927,True
snv_table,GCF_934835135.1,GCF_934882315.1,close_recombination,2,2,0.0,0.9998824049406144,clonal,5.6770028668864476e-05,2.4330012286656206e-05,4.055002047776034e-05,7.525069230636922e-06,0.0,246569.0,1.0,930042.0,0.0,1.0752202588700296e-06,0.0,naive_region_4D,,False
snv_table,GCF_934835135.1,GCF_934882705.1,close_recombination,1,1,4.032258064516129e-06,0.9999596546437504,clonal,2.420721374969741e-05,3.227628499959655e-05,2.8241749374646977e-05,8.557174763180188e-06,2.0,247840.0,5.0,934784.0,8.069722401549388e-06,5.348829248254142e-06,8.069722401549388e-06,naive_region_4D,0.6628269204436532,True
snv_table,GCF_934835135.1,GCF_934883215.1,close_recombination,1,1,4.048582995951417e-06,0.99996350498157,clonal,1.6220008191104137e-05,4.055002047776034e-05,2.8385014334432238e-05,8.600079120727911e-06,2.0,246589.0,5.0,930120.0,8.110661870561947e-06,5.375650453704898e-06,8.110661870561947e-06,naive_region_4D,0.6627881348643185,True
snv_table,GCF_934836185.1,GCF_934842235.1,close_recombination,1,1,0.0,1.0,clonal,1.6117334192924492e-05,8.058667096462246e-06,1.2088000644693368e-05,3.2024765818899948e-06,0.0,248160.0,0.0,936716.0,0.0,0.0,0.0,naive_region_4D,,False
snv_table,GCF_934836185.1,GCF_934879485.1,close_recombination,1,1,0.0,1.00000401495168,clonal,2.4089710080339183e-05,0.0,1.2044855040169591e-05,8.508339235993679e-06,0.0,249049.0,5.0,940195.0,0.0,5.31804572455714e-06,0.0,naive_region_4D,,False
snv_table,GCF_934836185.1,GCF_934882485.1,close_recombination,1,1,0.0,1.0,clonal,8.098477486232588e-06,1.6196954972465176e-05,1.2147716229348883e-05,4.289410838697778e-06,0.0,246940.0,1.0,932459.0,0.0,1.0724332115406683e-06,0.0,naive_region_4D,,False
snv_table,GCF_934836185.1,GCF_977051985.1,close_recombination,73,73,0.0001586538461538,0.8426765291149927,clonal,0.0056199875379389355,0.006375751241181082,0.005997869389560009,0.001286373597820832,48.0,209605.0,188.0,792867.0,0.00022900217074974357,0.00023711416921122963,0.00022900217074974357,naive_region_4D,1.0354232382816622,True
snv_table,GCF_934839055.1,GCF_934842235.1,close_recombination,1,1,0.0,0.9999879514685152,clonal,8.032354323213905e-06,1.606470864642781e-05,1.2048531484820859e-05,3.1923961380519785e-06,0.0,248973.0,0.0,939674.0,0.0,0.0,0.0,naive_region_4D,,False
snv_table,GCF_934839055.1,GCF_934879485.1,close_recombination,1,1,0.0,0.9999919962222168,clonal,1.600755556622726e-05,8.00377778311363e-06,1.2005666674670444e-05,8.481656297841843e-06,0.0,249862.0,5.0,943153.0,0.0,5.30136679838796e-06,0.0,naive_region_4D,,False
snv_table,GCF_934839055.1,GCF_934882485.1,close_recombination,1,1,0.0,0.9999919270854356,clonal,2.4218743693035496e-05,0.0,1.2109371846517748e-05,4.276227170292195e-06,0.0,247722.0,1.0,935334.0,0.0,1.0691368003301495e-06,0.0,naive_region_4D,,False
snv_table,GCF_934839055.1,GCF_977051985.1,close_recombination,74,74,0.0001611374407582,0.8475445569944865,clonal,0.0055936658545967435,0.006362995255802026,0.005978330555199384,0.0012855189632623946,46.0,211498.0,186.0,800025.0,0.00021749614653566464,0.0002324927346020437,0.00021749614653566464,naive_region_4D,1.0689510518013703,True
snv_table,GCF_934839395.1,GCF_934855955.1,close_recombination,1,1,8.032128514056226e-06,0.9996421089034458,clonal,2.412748965533881e-05,1.6084993103559207e-05,2.0106241379449008e-05,2.345698362382675e-05,2.0,248579.0,16.0,937561.0,8.045731940348944e-06,1.7065556267805507e-05,8.045731940348944e-06,naive_region_4D,2.1210694557474126,True
snv_table,GCF_934839395.1,GCF_934882315.1,close_recombination,1,1,1.2096774193548388e-05,0.9999554747805108,clonal,3.238197781024971e-05,4.0477472262812135e-05,3.642972503653092e-05,2.6828093091336778e-05,4.0,247031.0,22.0,931781.0,1.6192299751853005e-05,2.3610698222007104e-05,1.6192299751853005e-05,naive_region_4D,1.4581435981201594,True
snv_table,GCF_934841355.1,GCF_977051985.1,close_recombination,74,74,0.0001380952380952,0.8440836254281046,clonal,0.005958331827690183,0.0059824221180986336,0.005970376972894409,0.001276654144817263,35.0,210212.0,172.0,795192.0,0.00016649858238349855,0.00021629996277628546,0.00016649858238349855,naive_region_4D,1.2991099364322436,True
snv_table,GCF_934842065.1,GCF_934842235.1,close_recombination,1,1,0.0,0.9999876458306738,clonal,8.23611288416319e-06,1.647222576832638e-05,1.2354169326244785e-05,3.272611838782414e-06,0.0,242813.0,0.0,916640.0,0.0,0.0,0.0,naive_region_4D,,False
snv_table,GCF_934842065.1,GCF_934879485.1,close_recombination,1,1,0.0,0.9999917939291488,clonal,1.6412141702431457e-05,8.206070851215729e-06,1.2309106276823595e-05,8.693970079701971e-06,0.0,243702.0,5.0,920119.0,0.0,5.4340797222967895e-06,0.0,naive_region_4D,,False
snv_table,GCF_934842065.1,GCF_934882485.1,close_recombination,1,1,0.0,0.9999835006640982,clonal,1.6499335901729956e-05,8.249667950864978e-06,1.2374501926297466e-05,4.368982409384574e-06,0.0,242414.0,1.0,915475.0,0.0,1.0923291187634834e-06,0.0,naive_region_4D,,False
snv_table,GCF_934842065.1,GCF_977051985.1,close_recombination,74,74,0.0001414634146341,0.8487395648458556,clonal,0.00629395911391573,0.005718793137448235,0.006006376125681982,0.0012861806311207835,39.0,206577.0,178.0,781744.0,0.000188791588608606,0.0002276960232505782,0.000188791588608606,naive_region_4D,1.2060708050008895,True
snv_table,GCF_934842235.1,GCF_934842545.1,close_recombination,1,1,0.0,0.99998371163071,clonal,1.6288369289908542e-05,8.144184644954271e-06,1.2216276967431406e-05,3.235202453577541e-06,0.0,245554.0,0.0,927240.0,0.0,0.0,0.0,naive_region_4D,,False
snv_table,GCF_934842235.1,GCF_934883255.1,close_recombination,1,1,0.0,0.9999876498993466,clonal,2.470020130664065e-05,0.0,1.2350100653320324e-05,4.361802820341703e-06,0.0,242893.0,1.0,916993.0,0.0,1.0905208654809798e-06,0.0,naive_region_4D,,False
snv_table,GCF_934842235.1,GCF_977051985.1,close_recombination,75,75,0.000170616113744,0.8494054684827878,clonal,0.005536889121381003,0.006462386576263002,0.005999637848822003,0.0012922238404636654,47.0,211075.0,192.0,798288.0,0.00022266966717991236,0.0002405147014611268,0.00022266966717991236,naive_region_4D,1.0801412895937732,True
snv_table,GCF_934842545.1,GCF_934879485.1,close_recombination,1,1,0.0,0.999987827787538,clonal,2.4344424923822236e-05,0.0,1.2172212461911118e-05,8.594960345001709e-06,0.0,246443.0,5.0,930719.0,0.0,5.372190747153545e-06,0.0,naive_region_4D,,False
snv_table,GCF_934842545.1,GCF_934882485.1,close_recombination,1,1,0.0,0.99998363030685,clonal,2.455453972515285e-05,0.0,1.2277269862576426e-05,4.33344564179955e-06,0.0,244334.0,1.0,922983.0,0.0,1.083443573716959e-06,0.0,naive_region_4D,,False
snv_table,GCF_934842545.1,GCF_977051985.1,close_recombination,72,72,0.000159420289855,0.8436759848709522,clonal,0.0058013642143579704,0.006101995133029181,0.005951679673693576,0.0012822719449225473,42.0,207649.0,187.0,785950.0,0.000202264398094862,0.00023792862141357594,0.000202264398094862,naive_region_4D,1.176324769235896,True
snv_table,GCF_934855955.1,GCF_934858995.1,close_recombination,1,1,4.016064257028113e-06,0.9996534856921824,clonal,2.4175416824478414e-05,8.05847227482614e-06,1.611694454965228e-05,9.614377981792504e-06,1.0,248086.0,3.0,935772.0,4.030860266198012e-06,3.2059091317115706e-06,4.030860266198012e-06,naive_region_4D,0.7953411728497967,True
snv_table,GCF_934855955.1,GCF_934859035.1,close_recombination,1,1,4.016064257028113e-06,0.9996338190261196,clonal,8.047933491877623e-06,2.414380047563287e-05,1.6095866983755246e-05,9.603605833870424e-06,1.0,248410.0,3.0,936818.0,4.025602834024395e-06,3.202329588030973e-06,4.025602834024395e-06,naive_region_4D,0.795490692962774,True
snv_table,GCF_934855955.1,GCF_934864425.1,close_recombination,1,1,8.032128514056226e-06,0.999637330754352,clonal,2.4177949709864603e-05,1.6118633139909736e-05,2.014829142488717e-05,9.616730546689761e-06,2.0,248060.0,3.0,935543.0,8.062565508344755e-06,3.2066938665566414e-06,8.062565508344755e-06,naive_region_4D,0.3977262402690202,True
snv_table,GCF_934855955.1,GCF_934871375.1,close_recombination,1,1,8.097165991902834e-06,0.9996680995053872,clonal,1.6190268029887235e-05,2.4285402044830854e-05,2.0237835037359042e-05,1.2880525611315113e-05,2.0,246962.0,6.0,931313.0,8.09841190142613e-06,6.442517177361424e-06,8.09841190142613e-06,naive_region_4D,0.7955284635777661,True
snv_table,GCF_934855955.1,GCF_934873145.1,close_recombination,1,1,8.032128514056226e-06,0.9996416189160784,clonal,3.2214030015422467e-05,8.053507503855617e-06,2.013376875963904e-05,1.2811656899557678e-05,2.0,248239.0,6.0,936321.0,8.056751759393165e-06,6.408058774715082e-06,8.056751759393165e-06,naive_region_4D,0.7953650510882486,True
snv_table,GCF_934855955.1,GCF_934875975.1,close_recombination,1,1,8.032128514056226e-06,0.9996458581500918,clonal,8.04867840700557e-06,3.219471362802228e-05,2.0121696017513924e-05,1.280393336833075e-05,2.0,248388.0,6.0,936886.0,8.051918772243425e-06,6.40419432033353e-06,8.051918772243425e-06,naive_region_4D,0.7953625094195025,True
snv_table,GCF_934855955.1,GCF_934882315.1,close_recombination,1,1,1.2096774193548388e-05,0.999959522363894,clonal,4.0477636106051404e-05,2.4286581663630843e-05,3.238210888484113e-05,1.1804386295322137e-05,3.0,247030.0,8.0,931779.0,1.2144273974820872e-05,8.585726873003148e-06,1.2144273974820872e-05,naive_region_4D,0.7069773698126559,True
snv_table,GCF_934855955.1,GCF_934882705.1,close_recombination,1,1,1.606425702811245e-05,0.999682142440422,clonal,4.8282160948583525e-05,4.0235134123819605e-05,4.425864753620156e-05,2.240193552722955e-05,8.0,248439.0,15.0,937093.0,3.220106344012011e-05,1.600694915019107e-05,3.220106344012011e-05,naive_region_4D,0.49709380499053984,True
snv_table,GCF_934855955.1,GCF_934883215.1,close_recombination,1,1,8.097165991902834e-06,0.9996438515832416,clonal,0.0,4.0471410995272936e-05,2.0235705497636468e-05,1.2875771339176787e-05,2.0,246988.0,6.0,931657.0,8.097559395598167e-06,6.440138377106596e-06,8.097559395598167e-06,naive_region_4D,0.7953184487424019,False
snv_table,GCF_934858995.1,GCF_934882315.1,close_recombination,1,1,8.064516129032258e-06,0.999959522363894,clonal,4.0477636106051404e-05,2.4286581663630843e-05,3.238210888484113e-05,1.2877512322169603e-05,3.0,247030.0,9.0,931779.0,1.2144273974820872e-05,9.658942732128542e-06,1.2144273974820872e-05,naive_region_4D,0.7953495410392379,True
snv_table,GCF_934859035.1,GCF_934882315.1,close_recombination,1,1,8.097165991902834e-06,0.9999554423160274,clonal,8.101397085927468e-06,5.670977960149228e-05,3.240558834370987e-05,1.2888272638519395e-05,3.0,246851.0,9.0,931007.0,1.2153080198176227e-05,9.66695202076891e-06,1.2153080198176227e-05,naive_region_4D,0.7954322577596088,True
snv_table,GCF_934871375.1,GCF_934882315.1,close_recombination,1,1,4.065040650406504e-06,0.9999551808858702,clonal,3.259571936715411e-05,2.444678952536558e-05,2.8521254446259845e-05,9.723433149776522e-06,2.0,245411.0,6.0,925521.0,8.149593946481617e-06,6.482835073434314e-06,8.149593946481617e-06,naive_region_4D,0.7954795191032942,True
snv_table,GCF_934873145.1,GCF_934882315.1,close_recombination,1,1,4.032258064516129e-06,0.9999554747805108,clonal,3.238197781024971e-05,2.428648335768728e-05,2.833423058396849e-05,9.65811351288124e-06,2.0,247031.0,6.0,931781.0,8.096149875926502e-06,6.439281333274664e-06,8.096149875926502e-06,naive_region_4D,0.7953510535200868,True
snv_table,GCF_934875975.1,GCF_934882315.1,close_recombination,1,1,4.032258064516129e-06,0.9999554747805108,clonal,4.0477472262812135e-05,1.6190988905124854e-05,2.833423058396849e-05,9.65811351288124e-06,2.0,247031.0,6.0,931781.0,8.096149875926502e-06,6.439281333274664e-06,8.096149875926502e-06,naive_region_4D,0.7953510535200868,True
snv_table,GCF_934879485.1,GCF_934883255.1,close_recombination,1,1,0.0,0.9999917966218488,clonal,0.0,2.4610134453367896e-05,1.2305067226683948e-05,7.604306644751779e-06,0.0,243782.0,4.0,920472.0,0.0,4.345596606958169e-06,0.0,naive_region_4D,,False
snv_table,GCF_934879485.1,GCF_977051985.1,close_recombination,75,75,0.0001611374407582,0.8478613013424002,clonal,0.006006319064650126,0.005950185241616013,0.0059782521531330695,0.0012927595902685052,45.0,211444.0,193.0,799845.0,0.00021282230756134013,0.00024129675124555383,0.00021282230756134013,naive_region_4D,1.133794450452553,True
snv_table,GCF_934882315.1,GCF_934882705.1,close_recombination,1,1,4.032258064516129e-06,0.9999554747805108,clonal,2.428648335768728e-05,3.238197781024971e-05,2.833423058396849e-05,9.65811351288124e-06,2.0,247031.0,6.0,931781.0,8.096149875926502e-06,6.439281333274664e-06,8.096149875926502e-06,naive_region_4D,0.7953510535200868,True
snv_table,GCF_934882315.1,GCF_934883215.1,close_recombination,1,1,4.032258064516129e-06,0.9999554747805108,clonal,2.428648335768728e-05,3.238197781024971e-05,2.833423058396849e-05,9.65811351288124e-06,2.0,247031.0,6.0,931781.0,8.096149875926502e-06,6.439281333274664e-06,8.096149875926502e-06,naive_region_4D,0.7953510535200868,True
snv_table,GCF_934882485.1,GCF_934883255.1,close_recombination,1,1,0.0,0.9999917239781182,clonal,2.4828065645405568e-05,0.0,1.2414032822702784e-05,5.478113293956655e-06,0.0,241642.0,2.0,912653.0,0.0,2.1914133849338137e-06,0.0,naive_region_4D,,False
snv_table,GCF_934882485.1,GCF_977051985.1,close_recombination,75,75,0.0001407766990291,0.8348566714119322,clonal,0.006203895431603468,0.005856089038436651,0.0060299922350200595,0.001299286945326048,35.0,206426.0,175.0,781325.0,0.0001695522850803678,0.00022397849806418584,0.0001695522850803678,naive_region_4D,1.3209995840399322,True
snv_table,GCF_934883255.1,GCF_977051985.1,close_recombination,74,74,0.0001553398058252,0.8487892627152057,clonal,0.005823695623603627,0.006185109738467604,0.006004402681035616,0.0012835113389525026,39.0,206657.0,176.0,782097.0,0.000188718504575214,0.0002250360249431976,0.000188718504575214,naive_region_4D,1.1924428155560611,True
snv_table,GCF_020555445.1,GCF_022136045.1,close_no_recombination,0,0,0.0,1.0000802310654686,clonal,0.0,0.0,0.0,0.0,0.0,249280.0,0.0,940672.0,0.0,0.0,0.0,naive_region_4D,,False
snv_table,GCF_020555445.1,GCF_024462405.1,close_no_recombination,0,0,0.0,1.000096271099416,clonal,0.0,0.0,0.0,1.0629952228994684e-06,0.0,249296.0,1.0,940738.0,0.0,1.0629952228994684e-06,0.0,naive_region_4D,,False
snv_table,GCF_020555445.1,GCF_024462435.1,close_no_recombination,0,0,0.0,1.000096271099416,clonal,0.0,0.0,0.0,0.0,0.0,249296.0,0.0,940738.0,0.0,0.0,0.0,naive_region_4D,,False
snv_table,GCF_022136045.1,GCF_024462405.1,close_no_recombination,0,0,0.0,1.0000802310654686,clonal,0.0,0.0,0.0,1.063069805415703e-06,0.0,249280.0,1.0,940672.0,0.0,1.063069805415703e-06,0.0,naive_region_4D,,False
snv_table,GCF_022136045.1,GCF_024462435.1,close_no_recombination,0,0,0.0,1.0000802310654686,clonal,0.0,0.0,0.0,0.0,0.0,249280.0,0.0,940672.0,0.0,0.0,0.0,naive_region_4D,,False
snv_table,GCF_024462405.1,GCF_024462435.1,close_no_recombination,0,0,0.0,1.000096271099416,clonal,0.0,0.0,0.0,1.0629952228994684e-06,0.0,249296.0,1.0,940738.0,0.0,1.0629952228994684e-06,0.0,naive_region_4D,,False
snv_table,GCF_934835135.1,GCF_934864425.1,close_no_recombination,0,0,2.0161290322580645e-05,1.0000403746770026,clonal,2.4224806201550387e-05,4.8449612403100775e-05,3.633720930232558e-05,1.1775940255302384e-05,9.0,247680.0,11.0,934108.0,3.633720930232558e-05,1.1775940255302384e-05,3.633720930232558e-05,naive_region_4D,0.3240738758259216,True
snv_table,GCF_934836185.1,GCF_934839055.1,close_no_recombination,0,0,0.0,1.0000682092660282,clonal,0.0,0.0,0.0,0.0,0.0,249233.0,0.0,940889.0,0.0,0.0,0.0,naive_region_4D,,False
snv_table,GCF_934836185.1,GCF_934841355.1,close_no_recombination,0,0,0.0,1.0000482454729664,clonal,0.0,0.0,0.0,0.0,0.0,248728.0,0.0,938814.0,0.0,0.0,0.0,naive_region_4D,,False
snv_table,GCF_934836185.1,GCF_934842065.1,close_no_recombination,0,0,0.0,1.0000699378376043,clonal,0.0,0.0,0.0,0.0,0.0,243073.0,0.0,917855.0,0.0,0.0,0.0,naive_region_4D,,False
snv_table,GCF_934836185.1,GCF_934842545.1,close_no_recombination,0,0,0.0,1.00005271117923,clonal,0.0,0.0,0.0,0.0,0.0,246627.0,0.0,931413.0,0.0,0.0,0.0,naive_region_4D,,False
snv_table,GCF_934836185.1,GCF_934883255.1,close_no_recombination,0,0,0.0,1.000061491790846,clonal,0.0,0.0,0.0,1.0856784893435227e-06,0.0,243935.0,1.0,921083.0,0.0,1.0856784893435227e-06,0.0,naive_region_4D,,False
snv_table,GCF_934839055.1,GCF_934841355.1,close_no_recombination,0,0,0.0,1.0000360662175756,clonal,0.0,0.0,0.0,0.0,0.0,249541.0,0.0,941772.0,0.0,0.0,0.0,naive_region_4D,,False
snv_table,GCF_934839055.1,GCF_934842065.1,close_no_recombination,0,0,0.0,1.0000574038690209,clonal,0.0,0.0,0.0,0.0,0.0,243886.0,0.0,920813.0,0.0,0.0,0.0,naive_region_4D,,False
snv_table,GCF_934839055.1,GCF_934842545.1,close_no_recombination,0,0,0.0,1.00005271117923,clonal,0.0,0.0,0.0,0.0,0.0,246627.0,0.0,931413.0,0.0,0.0,0.0,naive_region_4D,,False
snv_table,GCF_934839055.1,GCF_934883255.1,close_no_recombination,0,0,0.0,1.000057385045457,clonal,0.0,0.0,0.0,1.0855806662425665e-06,0.0,243966.0,1.0,921166.0,0.0,1.0855806662425665e-06,0.0,naive_region_4D,,False
snv_table,GCF_934839395.1,GCF_934858995.1,close_no_recombination,0,0,1.2048192771084337e-05,1.000056409305924,clonal,0.0,2.4175416824478414e-05,1.2087708412239207e-05,2.0297020183784178e-05,3.0,248186.0,19.0,936098.0,1.2087708412239207e-05,2.0297020183784178e-05,1.2087708412239207e-05,naive_region_4D,1.6791454171108868,False
snv_table,GCF_934839395.1,GCF_934859035.1,close_no_recombination,0,0,1.2048192771084337e-05,1.0000402414486922,clonal,8.048289738430583e-06,1.6096579476861166e-05,1.2072434607645876e-05,2.0275122744525984e-05,3.0,248500.0,19.0,937109.0,1.2072434607645876e-05,2.0275122744525984e-05,1.2072434607645876e-05,naive_region_4D,1.6794560006715689,True
snv_table,GCF_934839395.1,GCF_934864425.1,close_no_recombination,0,0,1.606425702811245e-05,1.00004029658285,clonal,1.6118633139909736e-05,1.6118633139909736e-05,1.6118633139909736e-05,2.0301986709678384e-05,4.0,248160.0,19.0,935869.0,1.6118633139909736e-05,2.0301986709678384e-05,1.6118633139909736e-05,naive_region_4D,1.259535255468447,True
snv_table,GCF_934839395.1,GCF_934871375.1,close_no_recombination,0,0,8.064516129032258e-06,1.0000404759977333,clonal,8.095199546668826e-06,8.095199546668826e-06,8.095199546668826e-06,1.717421849255444e-05,2.0,247060.0,16.0,931629.0,8.095199546668826e-06,1.717421849255444e-05,8.095199546668826e-06,naive_region_4D,2.12153121038525,True
snv_table,GCF_934839395.1,GCF_934873145.1,close_no_recombination,0,0,8.032128514056226e-06,1.0000402673753723,clonal,1.610695014898929e-05,0.0,8.053475074494645e-06,1.708217272425423e-05,2.0,248340.0,16.0,936649.0,8.053475074494645e-06,1.708217272425423e-05,8.053475074494645e-06,naive_region_4D,2.1210933871706477,True
snv_table,GCF_934839395.1,GCF_934875975.1,close_no_recombination,0,0,8.032128514056226e-06,1.000044267553091,clonal,8.04864601652387e-06,8.04864601652387e-06,8.04864601652387e-06,1.7071874726583257e-05,2.0,248489.0,16.0,937214.0,8.04864601652387e-06,1.7071874726583257e-05,8.04864601652387e-06,naive_region_4D,2.1210865394669733,True
snv_table,GCF_934839395.1,GCF_934882705.1,close_no_recombination,0,0,8.032128514056226e-06,1.0000402673753723,clonal,8.053475074494645e-06,8.053475074494645e-06,8.053475074494645e-06,1.708217272425423e-05,2.0,248340.0,16.0,936649.0,8.053475074494645e-06,1.708217272425423e-05,8.053475074494645e-06,naive_region_4D,2.1210933871706477,True
snv_table,GCF_934839395.1,GCF_934883215.1,close_no_recombination,0,0,8.064516129032258e-06,1.0000445183719229,clonal,8.094249440485007e-06,8.094249440485007e-06,8.094249440485007e-06,1.716765827776198e-05,2.0,247089.0,16.0,931985.0,8.094249440485007e-06,1.716765827776198e-05,8.094249440485007e-06,naive_region_4D,2.1209697580969653,True
snv_table,GCF_934841355.1,GCF_934842065.1,close_no_recombination,0,0,0.0,1.0000697084138055,clonal,0.0,0.0,0.0,0.0,0.0,243873.0,0.0,920762.0,0.0,0.0,0.0,naive_region_4D,,False
snv_table,GCF_934841355.1,GCF_934842235.1,close_no_recombination,0,0,0.0,1.000048292070442,clonal,0.0,0.0,0.0,0.0,0.0,248488.0,0.0,937658.0,0.0,0.0,0.0,naive_region_4D,,False
snv_table,GCF_934841355.1,GCF_934842545.1,close_no_recombination,0,0,0.0,1.000073134461771,clonal,0.0,0.0,0.0,0.0,0.0,246122.0,0.0,929338.0,0.0,0.0,0.0,naive_region_4D,,False
snv_table,GCF_934841355.1,GCF_934879485.1,close_no_recombination,0,0,0.0,1.00005212990773,clonal,0.0,0.0,0.0,5.312722802312522e-06,0.0,249377.0,5.0,941137.0,0.0,5.312722802312522e-06,0.0,naive_region_4D,,False
snv_table,GCF_934841355.1,GCF_934882485.1,close_no_recombination,0,0,0.0,1.0000930281470817,clonal,0.0,0.0,0.0,1.0714335459414632e-06,0.0,247237.0,1.0,933329.0,0.0,1.0714335459414632e-06,0.0,naive_region_4D,,False
snv_table,GCF_934841355.1,GCF_934883255.1,close_no_recombination,0,0,0.0,1.0000696855541846,clonal,0.0,0.0,0.0,1.0856407723248455e-06,0.0,243953.0,1.0,921115.0,0.0,1.0856407723248455e-06,0.0,naive_region_4D,,False
snv_table,GCF_934842065.1,GCF_934842545.1,close_no_recombination,0,0,0.0,1.0000699378376043,clonal,0.0,0.0,0.0,0.0,0.0,243073.0,0.0,917855.0,0.0,0.0,0.0,naive_region_4D,,False
snv_table,GCF_934842065.1,GCF_934883255.1,close_no_recombination,0,0,0.0,1.0000658154534685,clonal,0.0,0.0,0.0,1.0893981946493119e-06,0.0,243104.0,1.0,917938.0,0.0,1.0893981946493119e-06,0.0,naive_region_4D,,False
snv_table,GCF_934842235.1,GCF_934879485.1,close_no_recombination,0,0,0.0,1.000068275011747,clonal,0.0,0.0,0.0,5.320660230086631e-06,0.0,248993.0,5.0,939733.0,0.0,5.320660230086631e-06,0.0,naive_region_4D,,False
snv_table,GCF_934842235.1,GCF_934882485.1,close_no_recombination,0,0,0.0,1.000085127427652,clonal,0.0,0.0,0.0,1.0737793812883205e-06,0.0,246689.0,1.0,931290.0,0.0,1.0737793812883205e-06,0.0,naive_region_4D,,False
snv_table,GCF_934842545.1,GCF_934883255.1,close_no_recombination,0,0,0.0,1.000061491790846,clonal,0.0,0.0,0.0,1.0856784893435227e-06,0.0,243935.0,1.0,921083.0,0.0,1.0856784893435227e-06,0.0,naive_region_4D,,False
snv_table,GCF_934858995.1,GCF_934859035.1,close_no_recombination,0,0,0.0,1.000052417875302,clonal,0.0,0.0,0.0,0.0,0.0,248007.0,0.0,935320.0,0.0,0.0,0.0,naive_region_4D,,False
snv_table,GCF_934858995.1,GCF_934864425.1,close_no_recombination,0,0,4.016064257028113e-06,1.000052417875302,clonal,8.064288507985663e-06,0.0,4.032144253992831e-06,0.0,1.0,248007.0,0.0,935320.0,4.032144253992831e-06,0.0,4.032144253992831e-06,naive_region_4D,0.0,False
snv_table,GCF_934858995.1,GCF_934871375.1,close_no_recombination,0,0,4.048582995951417e-06,1.0000567799291062,clonal,8.111418443743257e-06,0.0,4.0557092218716285e-06,3.2263684641840837e-06,1.0,246566.0,3.0,929838.0,4.0557092218716285e-06,3.2263684641840837e-06,4.0557092218716285e-06,naive_region_4D,0.7955127667400128,True
snv_table,GCF_934858995.1,GCF_934873145.1,close_no_recombination,0,0,4.016064257028113e-06,1.000056409305924,clonal,8.05847227482614e-06,0.0,4.02923613741307e-06,3.2047926605975015e-06,1.0,248186.0,3.0,936098.0,4.02923613741307e-06,3.2047926605975015e-06,4.02923613741307e-06,naive_region_4D,0.7953846712630515,True
snv_table,GCF_934858995.1,GCF_934875975.1,close_no_recombination,0,0,4.016064257028113e-06,1.000048358237826,clonal,0.0,8.059706304302271e-06,4.029853152151136e-06,3.2052240879000653e-06,1.0,248148.0,3.0,935972.0,4.029853152151136e-06,3.2052240879000653e-06,4.029853152151136e-06,naive_region_4D,0.7953699469642254,False
snv_table,GCF_934858995.1,GCF_934882705.1,close_no_recombination,0,0,4.016064257028113e-06,1.000056409305924,clonal,8.05847227482614e-06,0.0,4.02923613741307e-06,3.2047926605975015e-06,1.0,248186.0,3.0,936098.0,4.02923613741307e-06,3.2047926605975015e-06,4.02923613741307e-06,naive_region_4D,0.7953846712630515,True
snv_table,GCF_934858995.1,GCF_934883215.1,close_no_recombination,0,0,4.032258064516129e-06,1.0000485656931943,clonal,8.094282199054588e-06,0.0,4.047141099527294e-06,3.2189428347941967e-06,1.0,247088.0,3.0,931983.0,4.047141099527294e-06,3.2189428347941967e-06,4.047141099527294e-06,naive_region_4D,0.7953621471636284,True
snv_table,GCF_934859035.1,GCF_934864425.1,close_no_recombination,0,0,4.016064257028113e-06,1.00004029658285,clonal,8.059316569954868e-06,0.0,4.029658284977434e-06,0.0,1.0,248160.0,0.0,935869.0,4.029658284977434e-06,0.0,4.029658284977434e-06,naive_region_4D,0.0,False
snv_table,GCF_934859035.1,GCF_934871375.1,close_no_recombination,0,0,4.032258064516129e-06,1.0000445237777211,clonal,0.0,8.0952323129293e-06,4.04761615646465e-06,3.220172880348036e-06,1.0,247059.0,3.0,931627.0,4.04761615646465e-06,3.220172880348036e-06,4.04761615646465e-06,naive_region_4D,0.7955726916459055,False
snv_table,GCF_934859035.1,GCF_934873145.1,close_no_recombination,0,0,4.016064257028113e-06,1.00004029658285,clonal,0.0,8.059316569954868e-06,4.029658284977434e-06,3.205576848896587e-06,1.0,248160.0,3.0,935869.0,4.029658284977434e-06,3.205576848896587e-06,4.029658284977434e-06,naive_region_4D,0.7954959508221771,False
snv_table,GCF_934859035.1,GCF_934875975.1,close_no_recombination,0,0,4.016064257028113e-06,1.000044299642784,clonal,8.054480506143554e-06,0.0,4.027240253071777e-06,3.203642755389061e-06,1.0,248309.0,3.0,936434.0,4.027240253071777e-06,3.203642755389061e-06,4.027240253071777e-06,naive_region_4D,0.7954933289479025,True
snv_table,GCF_934859035.1,GCF_934882705.1,close_no_recombination,0,0,4.016064257028113e-06,1.00004029658285,clonal,0.0,8.059316569954868e-06,4.029658284977434e-06,3.205576848896587e-06,1.0,248160.0,3.0,935869.0,4.029658284977434e-06,3.205576848896587e-06,4.029658284977434e-06,naive_region_4D,0.7954959508221771,False
snv_table,GCF_934859035.1,GCF_934883215.1,close_no_recombination,0,0,4.048582995951417e-06,1.0000445508264175,clonal,8.100150257787282e-06,0.0,4.050075128893641e-06,3.2216321862532953e-06,1.0,246909.0,3.0,931205.0,4.050075128893641e-06,3.2216321862532953e-06,4.050075128893641e-06,naive_region_4D,0.7954499814756149,True
snv_table,GCF_934864425.1,GCF_934871375.1,close_no_recombination,0,0,8.097165991902834e-06,1.000044585135316,clonal,8.106388239251942e-06,8.106388239251942e-06,8.106388239251942e-06,3.2244646582551133e-06,2.0,246719.0,3.0,930387.0,8.106388239251942e-06,3.2244646582551133e-06,8.106388239251942e-06,naive_region_4D,0.3977683480100217,True
snv_table,GCF_934864425.1,GCF_934873145.1,close_no_recombination,0,0,8.032128514056226e-06,1.00004029658285,clonal,1.6118633139909736e-05,0.0,8.059316569954868e-06,3.205576848896587e-06,2.0,248160.0,3.0,935869.0,8.059316569954868e-06,3.205576848896587e-06,8.059316569954868e-06,naive_region_4D,0.39774797541108853,True
snv_table,GCF_934864425.1,GCF_934875975.1,close_no_recombination,0,0,8.064516129032258e-06,1.0000443603837577,clonal,0.0,1.613104863914441e-05,8.065524319572205e-06,3.207890555328627e-06,2.0,247969.0,3.0,935194.0,8.065524319572205e-06,3.207890555328627e-06,8.065524319572205e-06,naive_region_4D,0.39772870655714215,False
snv_table,GCF_934864425.1,GCF_934882315.1,close_no_recombination,0,0,2.0242914979757085e-05,1.0000364562868866,clonal,3.240558834370987e-05,4.050698542963734e-05,3.645628688667361e-05,1.2888272638519395e-05,9.0,246871.0,12.0,931079.0,3.645628688667361e-05,1.2888272638519395e-05,3.645628688667361e-05,naive_region_4D,0.3535267505048802,True
snv_table,GCF_934864425.1,GCF_934882705.1,close_no_recombination,0,0,8.032128514056226e-06,1.00004029658285,clonal,0.0,1.6118633139909736e-05,8.059316569954868e-06,3.205576848896587e-06,2.0,248160.0,3.0,935869.0,8.059316569954868e-06,3.205576848896587e-06,8.059316569954868e-06,naive_region_4D,0.39774797541108853,False
snv_table,GCF_934864425.1,GCF_934883215.1,close_no_recombination,0,0,8.097165991902834e-06,1.0000445508264175,clonal,8.100150257787282e-06,8.100150257787282e-06,8.100150257787282e-06,3.2216321862532953e-06,2.0,246909.0,3.0,931205.0,8.100150257787282e-06,3.2216321862532953e-06,8.100150257787282e-06,naive_region_4D,0.3977249907378074,True
snv_table,GCF_934871375.1,GCF_934873145.1,close_no_recombination,0,0,0.0,1.0000405317769132,clonal,0.0,0.0,0.0,0.0,0.0,246720.0,0.0,930389.0,0.0,0.0,0.0,naive_region_4D,,False
snv_table,GCF_934871375.1,GCF_934875975.1,close_no_recombination,0,0,0.0,1.000044558044955,clonal,0.0,0.0,0.0,0.0,0.0,246869.0,0.0,930954.0,0.0,0.0,0.0,naive_region_4D,,False
snv_table,GCF_934871375.1,GCF_934882705.1,close_no_recombination,0,0,0.0,1.0000689031829215,clonal,0.0,0.0,0.0,0.0,0.0,246723.0,0.0,930401.0,0.0,0.0,0.0,naive_region_4D,,False
snv_table,GCF_934871375.1,GCF_934883215.1,close_no_recombination,0,0,0.0,1.0000448121758756,clonal,0.0,0.0,0.0,0.0,0.0,245469.0,0.0,925725.0,0.0,0.0,0.0,naive_region_4D,,False
snv_table,GCF_934873145.1,GCF_934875975.1,close_no_recombination,0,0,0.0,1.0000443282060374,clonal,0.0,0.0,0.0,0.0,0.0,248149.0,0.0,935974.0,0.0,0.0,0.0,naive_region_4D,,False
snv_table,GCF_934873145.1,GCF_934882705.1,close_no_recombination,0,0,0.0,1.0000402673753723,clonal,0.0,0.0,0.0,0.0,0.0,248340.0,0.0,936649.0,0.0,0.0,0.0,naive_region_4D,,False
snv_table,GCF_934873145.1,GCF_934883215.1,close_no_recombination,0,0,0.0,1.0000445183719229,clonal,0.0,0.0,0.0,0.0,0.0,247089.0,0.0,931985.0,0.0,0.0,0.0,naive_region_4D,,False
snv_table,GCF_934875975.1,GCF_934882705.1,close_no_recombination,0,0,0.0,1.0000443282060374,clonal,0.0,0.0,0.0,0.0,0.0,248149.0,0.0,935974.0,0.0,0.0,0.0,naive_region_4D,,False
snv_table,GCF_934875975.1,GCF_934883215.1,close_no_recombination,0,0,0.0,1.0000364297250366,clonal,0.0,0.0,0.0,0.0,0.0,247051.0,0.0,931859.0,0.0,0.0,0.0,naive_region_4D,,False
snv_table,GCF_934879485.1,GCF_934882485.1,close_no_recombination,0,0,0.0,1.0000888608842466,clonal,0.0,0.0,0.0,6.418698095465297e-06,0.0,247578.0,6.0,934769.0,0.0,6.418698095465297e-06,0.0,naive_region_4D,,False
snv_table,GCF_934882705.1,GCF_934883215.1,close_no_recombination,0,0,0.0,1.0000445183719229,clonal,0.0,0.0,0.0,0.0,0.0,247089.0,0.0,931985.0,0.0,0.0,0.0,naive_region_4D,,False
