species,sample
Akkermansia_muciniphila_55290,700013588
Akkermansia_muciniphila_55290,700013600
Akkermansia_muciniphila_55290,700015702
Akkermansia_muciniphila_55290,700016765
Akkermansia_muciniphila_55290,700023634
Akkermansia_muciniphila_55290,700023788
Akkermansia_muciniphila_55290,700024318
Akkermansia_muciniphila_55290,700024789
Akkermansia_muciniphila_55290,700033665
Akkermansia_muciniphila_55290,700034565
Akkermansia_muciniphila_55290,700037405
Akkermansia_muciniphila_55290,700038072
Akkermansia_muciniphila_55290,700038263
Akkermansia_muciniphila_55290,700038806
Akkermansia_muciniphila_55290,700095647
Akkermansia_muciniphila_55290,700098669
Akkermansia_muciniphila_55290,700098867
Akkermansia_muciniphila_55290,700099059
Akkermansia_muciniphila_55290,700100022
Akkermansia_muciniphila_55290,700105685
Akkermansia_muciniphila_55290,700106754
Akkermansia_muciniphila_55290,700107398
Akkermansia_muciniphila_55290,700108218
Akkermansia_muciniphila_55290,700110089
Akkermansia_muciniphila_55290,700112433
Akkermansia_muciniphila_55290,700113762
Akkermansia_muciniphila_55290,700114653
Akkermansia_muciniphila_55290,700116358
Akkermansia_muciniphila_55290,700116568
Akkermansia_muciniphila_55290,700116668
Akkermansia_muciniphila_55290,700117172
Akkermansia_muciniphila_55290,700117682
Akkermansia_muciniphila_55290,700119042
Akkermansia_muciniphila_55290,700161945
Akkermansia_muciniphila_55290,700164050
Akkermansia_muciniphila_55290,700164159
Akkermansia_muciniphila_55290,700164354
Akkermansia_muciniphila_55290,700164870
Akkermansia_muciniphila_55290,700165052
Akkermansia_muciniphila_55290,700165167
Akkermansia_muciniphila_55290,700165263
Akkermansia_muciniphila_55290,700171115
Akkermansia_muciniphila_55290,700171190
Akkermansia_muciniphila_55290,700172498
Akkermansia_muciniphila_55290,700173176
Akkermansia_muciniphila_55290,700173272
Akkermansia_muciniphila_55290,SRR413564
Akkermansia_muciniphila_55290,SRR413656
Akkermansia_muciniphila_55290,ERR911954
Akkermansia_muciniphila_55290,ERR911957
Akkermansia_muciniphila_55290,ERR911963
Akkermansia_muciniphila_55290,ERR911964
Akkermansia_muciniphila_55290,ERR911967
Akkermansia_muciniphila_55290,ERR911975
Akkermansia_muciniphila_55290,ERR911976
Akkermansia_muciniphila_55290,ERR911981
Akkermansia_muciniphila_55290,ERR911982
Akkermansia_muciniphila_55290,ERR911987
Akkermansia_muciniphila_55290,ERR911988
Akkermansia_muciniphila_55290,ERR911989
Akkermansia_muciniphila_55290,ERR911992
Akkermansia_muciniphila_55290,ERR911995
Akkermansia_muciniphila_55290,ERR912005
Akkermansia_muciniphila_55290,ERR912006
Akkermansia_muciniphila_55290,ERR912012
Akkermansia_muciniphila_55290,ERR912013
Akkermansia_muciniphila_55290,ERR912015
Akkermansia_muciniphila_55290,ERR912018
Akkermansia_muciniphila_55290,ERR912019
Akkermansia_muciniphila_55290,ERR912021
Akkermansia_muciniphila_55290,ERR912022
Akkermansia_muciniphila_55290,ERR912027
Akkermansia_muciniphila_55290,ERR912028
Akkermansia_muciniphila_55290,ERR912033
Akkermansia_muciniphila_55290,ERR912034
Akkermansia_muciniphila_55290,ERR912036
Akkermansia_muciniphila_55290,ERR912037
Akkermansia_muciniphila_55290,ERR912039
Akkermansia_muciniphila_55290,ERR912041
Akkermansia_muciniphila_55290,ERR912043
Akkermansia_muciniphila_55290,ERR912044
Akkermansia_muciniphila_55290,ERR912047
Akkermansia_muciniphila_55290,ERR912050
Akkermansia_muciniphila_55290,ERR912054
Akkermansia_muciniphila_55290,ERR912056
Akkermansia_muciniphila_55290,ERR912060
Akkermansia_muciniphila_55290,ERR912064
Akkermansia_muciniphila_55290,ERR912068
Akkermansia_muciniphila_55290,ERR912070
Akkermansia_muciniphila_55290,ERR912075
Akkermansia_muciniphila_55290,ERR912076
Akkermansia_muciniphila_55290,ERR912079
Akkermansia_muciniphila_55290,ERR912083
Akkermansia_muciniphila_55290,ERR912087
Akkermansia_muciniphila_55290,ERR912091
Akkermansia_muciniphila_55290,ERR912092
Akkermansia_muciniphila_55290,ERR912096
Akkermansia_muciniphila_55290,ERR912098
Akkermansia_muciniphila_55290,ERR912100
Akkermansia_muciniphila_55290,ERR912107
Akkermansia_muciniphila_55290,ERR912108
Akkermansia_muciniphila_55290,ERR912109
Akkermansia_muciniphila_55290,ERR912116
Akkermansia_muciniphila_55290,ERR912117
Akkermansia_muciniphila_55290,ERR912119
Akkermansia_muciniphila_55290,ERR912120
Akkermansia_muciniphila_55290,ERR912121
Akkermansia_muciniphila_55290,ERR912125
Akkermansia_muciniphila_55290,ERR912128
Akkermansia_muciniphila_55290,ERR912129
Akkermansia_muciniphila_55290,ERR912134
Akkermansia_muciniphila_55290,ERR912135
Akkermansia_muciniphila_55290,ERR912138
Akkermansia_muciniphila_55290,ERR912139
Akkermansia_muciniphila_55290,ERR912140
Akkermansia_muciniphila_55290,ERR912141
Akkermansia_muciniphila_55290,ERR912145
Akkermansia_muciniphila_55290,ERR912146
Akkermansia_muciniphila_55290,ERR912147
Akkermansia_muciniphila_55290,ERR912151
Akkermansia_muciniphila_55290,ERR912152
Akkermansia_muciniphila_55290,ERR912155
Akkermansia_muciniphila_55290,ERR912157
Akkermansia_muciniphila_55290,ERR912160
Akkermansia_muciniphila_55290,ERR912171
Akkermansia_muciniphila_55290,ERR912175
Akkermansia_muciniphila_55290,ERR912176
Akkermansia_muciniphila_55290,ERR912179
Akkermansia_muciniphila_55290,ERR912182
Akkermansia_muciniphila_55290,ERR912184
Akkermansia_muciniphila_55290,ERR912187
Akkermansia_muciniphila_55290,ERR912189
Akkermansia_muciniphila_55290,ERR912199
Akkermansia_muciniphila_55290,1089274-24-0-0_
Akkermansia_muciniphila_55290,1089274-24-28-0_
Akkermansia_muciniphila_55290,1089275-24-0-0_
Akkermansia_muciniphila_55290,mickey3-11-7-0_
Akkermansia_muciniphila_55290,pluto3-11-0-0_
Akkermansia_muciniphila_55290,pluto4-11-0-0_
Akkermansia_muciniphila_55290,pluto4-11-30-0_
Akkermansia_muciniphila_55290,pluto4-11-7-0_
Alistipes_finegoldii_56071,700013715
Alistipes_finegoldii_56071,700014386
Alistipes_finegoldii_56071,700014562
Alistipes_finegoldii_56071,700014724
Alistipes_finegoldii_56071,700014837
Alistipes_finegoldii_56071,700014954
Alistipes_finegoldii_56071,700015250
Alistipes_finegoldii_56071,700015702
Alistipes_finegoldii_56071,700021261
Alistipes_finegoldii_56071,700021295
Alistipes_finegoldii_56071,700023509
Alistipes_finegoldii_56071,700024086
Alistipes_finegoldii_56071,700024141
Alistipes_finegoldii_56071,700024509
Alistipes_finegoldii_56071,700024673
Alistipes_finegoldii_56071,700024998
Alistipes_finegoldii_56071,700033153
Alistipes_finegoldii_56071,700033502
Alistipes_finegoldii_56071,700035373
Alistipes_finegoldii_56071,700037123
Alistipes_finegoldii_56071,700037738
Alistipes_finegoldii_56071,700037967
Alistipes_finegoldii_56071,700038053
Alistipes_finegoldii_56071,700038072
Alistipes_finegoldii_56071,700038158
Alistipes_finegoldii_56071,700038594
Alistipes_finegoldii_56071,700038761
Alistipes_finegoldii_56071,700095353
Alistipes_finegoldii_56071,700097196
Alistipes_finegoldii_56071,700097291
Alistipes_finegoldii_56071,700097837
Alistipes_finegoldii_56071,700099803
Alistipes_finegoldii_56071,700100471
Alistipes_finegoldii_56071,700101534
Alistipes_finegoldii_56071,700102586
Alistipes_finegoldii_56071,700103477
Alistipes_finegoldii_56071,700105685
Alistipes_finegoldii_56071,700106229
Alistipes_finegoldii_56071,700106646
Alistipes_finegoldii_56071,700107398
Alistipes_finegoldii_56071,700107930
Alistipes_finegoldii_56071,700111223
Alistipes_finegoldii_56071,700112755
Alistipes_finegoldii_56071,700113975
Alistipes_finegoldii_56071,700114653
Alistipes_finegoldii_56071,700116296
Alistipes_finegoldii_56071,700116358
Alistipes_finegoldii_56071,700116401
Alistipes_finegoldii_56071,700116468
Alistipes_finegoldii_56071,700117031
Alistipes_finegoldii_56071,700119042
Alistipes_finegoldii_56071,700119165
Alistipes_finegoldii_56071,700122108
Alistipes_finegoldii_56071,700122408
Alistipes_finegoldii_56071,700161219
Alistipes_finegoldii_56071,700161629
Alistipes_finegoldii_56071,700161742
Alistipes_finegoldii_56071,700161856
Alistipes_finegoldii_56071,700161945
Alistipes_finegoldii_56071,700163772
Alistipes_finegoldii_56071,700163811
Alistipes_finegoldii_56071,700163868
Alistipes_finegoldii_56071,700164159
Alistipes_finegoldii_56071,700164611
Alistipes_finegoldii_56071,700164735
Alistipes_finegoldii_56071,700165148
Alistipes_finegoldii_56071,700165778
Alistipes_finegoldii_56071,700166262
Alistipes_finegoldii_56071,700171115
Alistipes_finegoldii_56071,700172068
Alistipes_finegoldii_56071,700172461
Alistipes_finegoldii_56071,700172621
Alistipes_finegoldii_56071,700172870
Alistipes_finegoldii_56071,700173023
Alistipes_finegoldii_56071,700173119
Alistipes_finegoldii_56071,700173377
Alistipes_finegoldii_56071,SRR2822459
Alistipes_finegoldii_56071,ERR911963
Alistipes_finegoldii_56071,ERR911968
Alistipes_finegoldii_56071,ERR911995
Alistipes_finegoldii_56071,ERR912005
Alistipes_finegoldii_56071,ERR912014
Alistipes_finegoldii_56071,ERR912015
Alistipes_finegoldii_56071,ERR912036
Alistipes_finegoldii_56071,ERR912039
Alistipes_finegoldii_56071,ERR912051
Alistipes_finegoldii_56071,ERR912065
Alistipes_finegoldii_56071,ERR912067
Alistipes_finegoldii_56071,ERR912084
Alistipes_finegoldii_56071,ERR912085
Alistipes_finegoldii_56071,ERR912091
Alistipes_finegoldii_56071,ERR912092
Alistipes_finegoldii_56071,ERR912114
Alistipes_finegoldii_56071,ERR912118
Alistipes_finegoldii_56071,ERR912164
Alistipes_finegoldii_56071,1089279-24-0-0_
Alistipes_finegoldii_56071,1089279-24-28-0_
Alistipes_finegoldii_56071,pluto4-11-7-0_
Alistipes_onderdonkii_55464,700013597
Alistipes_onderdonkii_55464,700013715
Alistipes_onderdonkii_55464,700015702
Alistipes_onderdonkii_55464,700021902
Alistipes_onderdonkii_55464,700023267
Alistipes_onderdonkii_55464,700023634
Alistipes_onderdonkii_55464,700023845
Alistipes_onderdonkii_55464,700023872
Alistipes_onderdonkii_55464,700024086
Alistipes_onderdonkii_55464,700024509
Alistipes_onderdonkii_55464,700024545
Alistipes_onderdonkii_55464,700024615
Alistipes_onderdonkii_55464,700024673
Alistipes_onderdonkii_55464,700024711
Alistipes_onderdonkii_55464,700033153
Alistipes_onderdonkii_55464,700033201
Alistipes_onderdonkii_55464,700033726
Alistipes_onderdonkii_55464,700033797
Alistipes_onderdonkii_55464,700034254
Alistipes_onderdonkii_55464,700035237
Alistipes_onderdonkii_55464,700035747
Alistipes_onderdonkii_55464,700035861
Alistipes_onderdonkii_55464,700037042
Alistipes_onderdonkii_55464,700037090
Alistipes_onderdonkii_55464,700037123
Alistipes_onderdonkii_55464,700037284
Alistipes_onderdonkii_55464,700037453
Alistipes_onderdonkii_55464,700037501
Alistipes_onderdonkii_55464,700037539
Alistipes_onderdonkii_55464,700037632
Alistipes_onderdonkii_55464,700038072
Alistipes_onderdonkii_55464,700038263
Alistipes_onderdonkii_55464,700038414
Alistipes_onderdonkii_55464,700095213
Alistipes_onderdonkii_55464,700095353
Alistipes_onderdonkii_55464,700095486
Alistipes_onderdonkii_55464,700097291
Alistipes_onderdonkii_55464,700097688
Alistipes_onderdonkii_55464,700097837
Alistipes_onderdonkii_55464,700098867
Alistipes_onderdonkii_55464,700099059
Alistipes_onderdonkii_55464,700099886
Alistipes_onderdonkii_55464,700101534
Alistipes_onderdonkii_55464,700101581
Alistipes_onderdonkii_55464,700101840
Alistipes_onderdonkii_55464,700102586
Alistipes_onderdonkii_55464,700103477
Alistipes_onderdonkii_55464,700103479
Alistipes_onderdonkii_55464,700103652
Alistipes_onderdonkii_55464,700103710
Alistipes_onderdonkii_55464,700105237
Alistipes_onderdonkii_55464,700105517
Alistipes_onderdonkii_55464,700105613
Alistipes_onderdonkii_55464,700105771
Alistipes_onderdonkii_55464,700106056
Alistipes_onderdonkii_55464,700106229
Alistipes_onderdonkii_55464,700106465
Alistipes_onderdonkii_55464,700106836
Alistipes_onderdonkii_55464,700106876
Alistipes_onderdonkii_55464,700107059
Alistipes_onderdonkii_55464,700107398
Alistipes_onderdonkii_55464,700107873
Alistipes_onderdonkii_55464,700108095
Alistipes_onderdonkii_55464,700108840
Alistipes_onderdonkii_55464,700110089
Alistipes_onderdonkii_55464,700111156
Alistipes_onderdonkii_55464,700111296
Alistipes_onderdonkii_55464,700112376
Alistipes_onderdonkii_55464,700112755
Alistipes_onderdonkii_55464,700113177
Alistipes_onderdonkii_55464,700113975
Alistipes_onderdonkii_55464,700114082
Alistipes_onderdonkii_55464,700114125
Alistipes_onderdonkii_55464,700116505
Alistipes_onderdonkii_55464,700116730
Alistipes_onderdonkii_55464,700116828
Alistipes_onderdonkii_55464,700117766
Alistipes_onderdonkii_55464,700117828
Alistipes_onderdonkii_55464,700117938
Alistipes_onderdonkii_55464,700117992
Alistipes_onderdonkii_55464,700119042
Alistipes_onderdonkii_55464,700119562
Alistipes_onderdonkii_55464,700119739
Alistipes_onderdonkii_55464,700120753
Alistipes_onderdonkii_55464,700123562
Alistipes_onderdonkii_55464,700161532
Alistipes_onderdonkii_55464,700161742
Alistipes_onderdonkii_55464,700163181
Alistipes_onderdonkii_55464,700163772
Alistipes_onderdonkii_55464,700163811
Alistipes_onderdonkii_55464,700163981
Alistipes_onderdonkii_55464,700164686
Alistipes_onderdonkii_55464,700164735
Alistipes_onderdonkii_55464,700164792
Alistipes_onderdonkii_55464,700165148
Alistipes_onderdonkii_55464,700165167
Alistipes_onderdonkii_55464,700165224
Alistipes_onderdonkii_55464,700165263
Alistipes_onderdonkii_55464,700165455
Alistipes_onderdonkii_55464,700165634
Alistipes_onderdonkii_55464,700165778
Alistipes_onderdonkii_55464,700165809
Alistipes_onderdonkii_55464,700167107
Alistipes_onderdonkii_55464,700171066
Alistipes_onderdonkii_55464,700171115
Alistipes_onderdonkii_55464,700171441
Alistipes_onderdonkii_55464,700171859
Alistipes_onderdonkii_55464,700172221
Alistipes_onderdonkii_55464,700172498
Alistipes_onderdonkii_55464,700172813
Alistipes_onderdonkii_55464,700173119
Alistipes_onderdonkii_55464,SRR2822459
Alistipes_onderdonkii_55464,SRR413600
Alistipes_onderdonkii_55464,SRR413610
Alistipes_onderdonkii_55464,SRR413613
Alistipes_onderdonkii_55464,ERR911956
Alistipes_onderdonkii_55464,ERR911963
Alistipes_onderdonkii_55464,ERR911964
Alistipes_onderdonkii_55464,ERR911968
Alistipes_onderdonkii_55464,ERR911971
Alistipes_onderdonkii_55464,ERR911972
Alistipes_onderdonkii_55464,ERR911980
Alistipes_onderdonkii_55464,ERR911985
Alistipes_onderdonkii_55464,ERR911988
Alistipes_onderdonkii_55464,ERR911992
Alistipes_onderdonkii_55464,ERR912007
Alistipes_onderdonkii_55464,ERR912008
Alistipes_onderdonkii_55464,ERR912016
Alistipes_onderdonkii_55464,ERR912024
Alistipes_onderdonkii_55464,ERR912033
Alistipes_onderdonkii_55464,ERR912036
Alistipes_onderdonkii_55464,ERR912037
Alistipes_onderdonkii_55464,ERR912039
Alistipes_onderdonkii_55464,ERR912041
Alistipes_onderdonkii_55464,ERR912043
Alistipes_onderdonkii_55464,ERR912048
Alistipes_onderdonkii_55464,ERR912061
Alistipes_onderdonkii_55464,ERR912064
Alistipes_onderdonkii_55464,ERR912065
Alistipes_onderdonkii_55464,ERR912066
Alistipes_onderdonkii_55464,ERR912070
Alistipes_onderdonkii_55464,ERR912076
Alistipes_onderdonkii_55464,ERR912078
Alistipes_onderdonkii_55464,ERR912085
Alistipes_onderdonkii_55464,ERR912089
Alistipes_onderdonkii_55464,ERR912092
Alistipes_onderdonkii_55464,ERR912096
Alistipes_onderdonkii_55464,ERR912111
Alistipes_onderdonkii_55464,ERR912120
Alistipes_onderdonkii_55464,ERR912126
Alistipes_onderdonkii_55464,ERR912128
Alistipes_onderdonkii_55464,ERR912134
Alistipes_onderdonkii_55464,ERR912135
Alistipes_onderdonkii_55464,ERR912138
Alistipes_onderdonkii_55464,ERR912143
Alistipes_onderdonkii_55464,ERR912144
Alistipes_onderdonkii_55464,ERR912146
Alistipes_onderdonkii_55464,ERR912153
Alistipes_onderdonkii_55464,ERR912155
Alistipes_onderdonkii_55464,ERR912159
Alistipes_onderdonkii_55464,ERR912161
Alistipes_onderdonkii_55464,ERR912172
Alistipes_onderdonkii_55464,ERR912179
Alistipes_onderdonkii_55464,ERR912180
Alistipes_onderdonkii_55464,ERR912181
Alistipes_onderdonkii_55464,ERR912183
Alistipes_onderdonkii_55464,ERR912185
Alistipes_onderdonkii_55464,ERR912188
Alistipes_onderdonkii_55464,ERR912190
Alistipes_onderdonkii_55464,ERR912191
Alistipes_onderdonkii_55464,mickey4-11-0-0_
Alistipes_onderdonkii_55464,mickey4-11-7-0_
Alistipes_onderdonkii_55464,pluto3-11-7-0_
Alistipes_onderdonkii_55464,pluto4-11-0-0_
Alistipes_onderdonkii_55464,pluto4-11-30-0_
Alistipes_onderdonkii_55464,pluto4-11-7-0_
Alistipes_putredinis_61533,700013597
Alistipes_putredinis_61533,700013672
Alistipes_putredinis_61533,700013715
Alistipes_putredinis_61533,700014386
Alistipes_putredinis_61533,700014562
Alistipes_putredinis_61533,700014724
Alistipes_putredinis_61533,700014954
Alistipes_putredinis_61533,700015181
Alistipes_putredinis_61533,700015250
Alistipes_putredinis_61533,700015415
Alistipes_putredinis_61533,700016610
Alistipes_putredinis_61533,700016716
Alistipes_putredinis_61533,700016902
Alistipes_putredinis_61533,700016960
Alistipes_putredinis_61533,700021261
Alistipes_putredinis_61533,700021295
Alistipes_putredinis_61533,700021361
Alistipes_putredinis_61533,700023066
Alistipes_putredinis_61533,700023113
Alistipes_putredinis_61533,700023188
Alistipes_putredinis_61533,700023267
Alistipes_putredinis_61533,700023337
Alistipes_putredinis_61533,700023578
Alistipes_putredinis_61533,700023720
Alistipes_putredinis_61533,700023788
Alistipes_putredinis_61533,700023845
Alistipes_putredinis_61533,700023919
Alistipes_putredinis_61533,700024024
Alistipes_putredinis_61533,700024086
Alistipes_putredinis_61533,700024318
Alistipes_putredinis_61533,700024349
Alistipes_putredinis_61533,700024437
Alistipes_putredinis_61533,700024449
Alistipes_putredinis_61533,700024545
Alistipes_putredinis_61533,700024615
Alistipes_putredinis_61533,700024673
Alistipes_putredinis_61533,700024711
Alistipes_putredinis_61533,700024752
Alistipes_putredinis_61533,700024866
Alistipes_putredinis_61533,700024998
Alistipes_putredinis_61533,700032133
Alistipes_putredinis_61533,700033435
Alistipes_putredinis_61533,700033665
Alistipes_putredinis_61533,700033797
Alistipes_putredinis_61533,700033922
Alistipes_putredinis_61533,700034166
Alistipes_putredinis_61533,700034565
Alistipes_putredinis_61533,700034622
Alistipes_putredinis_61533,700034926
Alistipes_putredinis_61533,700035157
Alistipes_putredinis_61533,700035533
Alistipes_putredinis_61533,700035861
Alistipes_putredinis_61533,700037008
Alistipes_putredinis_61533,700037090
Alistipes_putredinis_61533,700037284
Alistipes_putredinis_61533,700037357
Alistipes_putredinis_61533,700037453
Alistipes_putredinis_61533,700037501
Alistipes_putredinis_61533,700037539
Alistipes_putredinis_61533,700037632
Alistipes_putredinis_61533,700037649
Alistipes_putredinis_61533,700037738
Alistipes_putredinis_61533,700037757
Alistipes_putredinis_61533,700037852
Alistipes_putredinis_61533,700037916
Alistipes_putredinis_61533,700037967
Alistipes_putredinis_61533,700038053
Alistipes_putredinis_61533,700038158
Alistipes_putredinis_61533,700038167
Alistipes_putredinis_61533,700038263
Alistipes_putredinis_61533,700038284
Alistipes_putredinis_61533,700038493
Alistipes_putredinis_61533,700038594
Alistipes_putredinis_61533,700038702
Alistipes_putredinis_61533,700038761
Alistipes_putredinis_61533,700038870
Alistipes_putredinis_61533,700038956
Alistipes_putredinis_61533,700095058
Alistipes_putredinis_61533,700095213
Alistipes_putredinis_61533,700095353
Alistipes_putredinis_61533,700095486
Alistipes_putredinis_61533,700095524
Alistipes_putredinis_61533,700095647
Alistipes_putredinis_61533,700095717
Alistipes_putredinis_61533,700096047
Alistipes_putredinis_61533,700096865
Alistipes_putredinis_61533,700097196
Alistipes_putredinis_61533,700097291
Alistipes_putredinis_61533,700097482
Alistipes_putredinis_61533,700097688
Alistipes_putredinis_61533,700097837
Alistipes_putredinis_61533,700097906
Alistipes_putredinis_61533,700097973
Alistipes_putredinis_61533,700098267
Alistipes_putredinis_61533,700098932
Alistipes_putredinis_61533,700099059
Alistipes_putredinis_61533,700099746
Alistipes_putredinis_61533,700099803
Alistipes_putredinis_61533,700099886
Alistipes_putredinis_61533,700100022
Alistipes_putredinis_61533,700100432
Alistipes_putredinis_61533,700100540
Alistipes_putredinis_61533,700101243
Alistipes_putredinis_61533,700101366
Alistipes_putredinis_61533,700101534
Alistipes_putredinis_61533,700101581
Alistipes_putredinis_61533,700101638
Alistipes_putredinis_61533,700101916
Alistipes_putredinis_61533,700102242
Alistipes_putredinis_61533,700102299
Alistipes_putredinis_61533,700102432
Alistipes_putredinis_61533,700103477
Alistipes_putredinis_61533,700103558
Alistipes_putredinis_61533,700103710
Alistipes_putredinis_61533,700105306
Alistipes_putredinis_61533,700105312
Alistipes_putredinis_61533,700105372
Alistipes_putredinis_61533,700105580
Alistipes_putredinis_61533,700105613
Alistipes_putredinis_61533,700105685
Alistipes_putredinis_61533,700105771
Alistipes_putredinis_61533,700105882
Alistipes_putredinis_61533,700105940
Alistipes_putredinis_61533,700105991
Alistipes_putredinis_61533,700106056
Alistipes_putredinis_61533,700106170
Alistipes_putredinis_61533,700106229
Alistipes_putredinis_61533,700106412
Alistipes_putredinis_61533,700106646
Alistipes_putredinis_61533,700106694
Alistipes_putredinis_61533,700106754
Alistipes_putredinis_61533,700106836
Alistipes_putredinis_61533,700107059
Alistipes_putredinis_61533,700107398
Alistipes_putredinis_61533,700108218
Alistipes_putredinis_61533,700109231
Alistipes_putredinis_61533,700109449
Alistipes_putredinis_61533,700109621
Alistipes_putredinis_61533,700109921
Alistipes_putredinis_61533,700110089
Alistipes_putredinis_61533,700110354
Alistipes_putredinis_61533,700110419
Alistipes_putredinis_61533,700110812
Alistipes_putredinis_61533,700111156
Alistipes_putredinis_61533,700111223
Alistipes_putredinis_61533,700111296
Alistipes_putredinis_61533,700111439
Alistipes_putredinis_61533,700112046
Alistipes_putredinis_61533,700112755
Alistipes_putredinis_61533,700113114
Alistipes_putredinis_61533,700113762
Alistipes_putredinis_61533,700113810
Alistipes_putredinis_61533,700113867
Alistipes_putredinis_61533,700113954
Alistipes_putredinis_61533,700113975
Alistipes_putredinis_61533,700114125
Alistipes_putredinis_61533,700114480
Alistipes_putredinis_61533,700114653
Alistipes_putredinis_61533,700116028
Alistipes_putredinis_61533,700116076
Alistipes_putredinis_61533,700116201
Alistipes_putredinis_61533,700116248
Alistipes_putredinis_61533,700116358
Alistipes_putredinis_61533,700116401
Alistipes_putredinis_61533,700116505
Alistipes_putredinis_61533,700116668
Alistipes_putredinis_61533,700116865
Alistipes_putredinis_61533,700116917
Alistipes_putredinis_61533,700117031
Alistipes_putredinis_61533,700117069
Alistipes_putredinis_61533,700117172
Alistipes_putredinis_61533,700117303
Alistipes_putredinis_61533,700117682
Alistipes_putredinis_61533,700117755
Alistipes_putredinis_61533,700117766
Alistipes_putredinis_61533,700117938
Alistipes_putredinis_61533,700117992
Alistipes_putredinis_61533,700119042
Alistipes_putredinis_61533,700119165
Alistipes_putredinis_61533,700119562
Alistipes_putredinis_61533,700119987
Alistipes_putredinis_61533,700121919
Alistipes_putredinis_61533,700122108
Alistipes_putredinis_61533,700122165
Alistipes_putredinis_61533,700122408
Alistipes_putredinis_61533,700122765
Alistipes_putredinis_61533,700122860
Alistipes_putredinis_61533,700123827
Alistipes_putredinis_61533,700124429
Alistipes_putredinis_61533,700124561
Alistipes_putredinis_61533,700161219
Alistipes_putredinis_61533,700161342
Alistipes_putredinis_61533,700161532
Alistipes_putredinis_61533,700161533
Alistipes_putredinis_61533,700161581
Alistipes_putredinis_61533,700161742
Alistipes_putredinis_61533,700161856
Alistipes_putredinis_61533,700161872
Alistipes_putredinis_61533,700161945
Alistipes_putredinis_61533,700161967
Alistipes_putredinis_61533,700163181
Alistipes_putredinis_61533,700163238
Alistipes_putredinis_61533,700163458
Alistipes_putredinis_61533,700163521
Alistipes_putredinis_61533,700163628
Alistipes_putredinis_61533,700163699
Alistipes_putredinis_61533,700163772
Alistipes_putredinis_61533,700163811
Alistipes_putredinis_61533,700163868
Alistipes_putredinis_61533,700164159
Alistipes_putredinis_61533,700164192
Alistipes_putredinis_61533,700164417
Alistipes_putredinis_61533,700164611
Alistipes_putredinis_61533,700164641
Alistipes_putredinis_61533,700164686
Alistipes_putredinis_61533,700164792
Alistipes_putredinis_61533,700165148
Alistipes_putredinis_61533,700165224
Alistipes_putredinis_61533,700165407
Alistipes_putredinis_61533,700165455
Alistipes_putredinis_61533,700165634
Alistipes_putredinis_61533,700165778
Alistipes_putredinis_61533,700165875
Alistipes_putredinis_61533,700166262
Alistipes_putredinis_61533,700166643
Alistipes_putredinis_61533,700166862
Alistipes_putredinis_61533,700167107
Alistipes_putredinis_61533,700167759
Alistipes_putredinis_61533,700167825
Alistipes_putredinis_61533,700171114
Alistipes_putredinis_61533,700171441
Alistipes_putredinis_61533,700171573
Alistipes_putredinis_61533,700171648
Alistipes_putredinis_61533,700171727
Alistipes_putredinis_61533,700172068
Alistipes_putredinis_61533,700172346
Alistipes_putredinis_61533,700172393
Alistipes_putredinis_61533,700172461
Alistipes_putredinis_61533,700172555
Alistipes_putredinis_61533,700172813
Alistipes_putredinis_61533,700172870
Alistipes_putredinis_61533,700173023
Alistipes_putredinis_61533,700173086
Alistipes_putredinis_61533,700173119
Alistipes_putredinis_61533,700173176
Alistipes_putredinis_61533,700173320
Alistipes_putredinis_61533,700173377
Alistipes_putredinis_61533,700173483
Alistipes_putredinis_61533,700175331
Alistipes_putredinis_61533,SRR341709
Alistipes_putredinis_61533,SRR341721
Alistipes_putredinis_61533,SRR413557
Alistipes_putredinis_61533,SRR413559
Alistipes_putredinis_61533,SRR413579
Alistipes_putredinis_61533,SRR413582
Alistipes_putredinis_61533,SRR413584
Alistipes_putredinis_61533,SRR413585
Alistipes_putredinis_61533,SRR413603
Alistipes_putredinis_61533,SRR413613
Alistipes_putredinis_61533,SRR413614
Alistipes_putredinis_61533,SRR413623
Alistipes_putredinis_61533,SRR413625
Alistipes_putredinis_61533,SRR413626
Alistipes_putredinis_61533,SRR413629
Alistipes_putredinis_61533,SRR413647
Alistipes_putredinis_61533,SRR413653
Alistipes_putredinis_61533,ERR911953
Alistipes_putredinis_61533,ERR911954
Alistipes_putredinis_61533,ERR911955
Alistipes_putredinis_61533,ERR911956
Alistipes_putredinis_61533,ERR911957
Alistipes_putredinis_61533,ERR911959
Alistipes_putredinis_61533,ERR911960
Alistipes_putredinis_61533,ERR911962
Alistipes_putredinis_61533,ERR911963
Alistipes_putredinis_61533,ERR911964
Alistipes_putredinis_61533,ERR911966
Alistipes_putredinis_61533,ERR911968
Alistipes_putredinis_61533,ERR911969
Alistipes_putredinis_61533,ERR911970
Alistipes_putredinis_61533,ERR911975
Alistipes_putredinis_61533,ERR911976
Alistipes_putredinis_61533,ERR911977
Alistipes_putredinis_61533,ERR911980
Alistipes_putredinis_61533,ERR911981
Alistipes_putredinis_61533,ERR911982
Alistipes_putredinis_61533,ERR911985
Alistipes_putredinis_61533,ERR911988
Alistipes_putredinis_61533,ERR911989
Alistipes_putredinis_61533,ERR911990
Alistipes_putredinis_61533,ERR911991
Alistipes_putredinis_61533,ERR911995
Alistipes_putredinis_61533,ERR911996
Alistipes_putredinis_61533,ERR911998
Alistipes_putredinis_61533,ERR911999
Alistipes_putredinis_61533,ERR912000
Alistipes_putredinis_61533,ERR912002
Alistipes_putredinis_61533,ERR912004
Alistipes_putredinis_61533,ERR912007
Alistipes_putredinis_61533,ERR912009
Alistipes_putredinis_61533,ERR912012
Alistipes_putredinis_61533,ERR912013
Alistipes_putredinis_61533,ERR912014
Alistipes_putredinis_61533,ERR912015
Alistipes_putredinis_61533,ERR912016
Alistipes_putredinis_61533,ERR912017
Alistipes_putredinis_61533,ERR912018
Alistipes_putredinis_61533,ERR912021
Alistipes_putredinis_61533,ERR912024
Alistipes_putredinis_61533,ERR912026
Alistipes_putredinis_61533,ERR912030
Alistipes_putredinis_61533,ERR912031
Alistipes_putredinis_61533,ERR912032
Alistipes_putredinis_61533,ERR912033
Alistipes_putredinis_61533,ERR912034
Alistipes_putredinis_61533,ERR912036
Alistipes_putredinis_61533,ERR912041
Alistipes_putredinis_61533,ERR912042
Alistipes_putredinis_61533,ERR912046
Alistipes_putredinis_61533,ERR912048
Alistipes_putredinis_61533,ERR912050
Alistipes_putredinis_61533,ERR912052
Alistipes_putredinis_61533,ERR912053
Alistipes_putredinis_61533,ERR912054
Alistipes_putredinis_61533,ERR912057
Alistipes_putredinis_61533,ERR912059
Alistipes_putredinis_61533,ERR912061
Alistipes_putredinis_61533,ERR912062
Alistipes_putredinis_61533,ERR912063
Alistipes_putredinis_61533,ERR912064
Alistipes_putredinis_61533,ERR912065
Alistipes_putredinis_61533,ERR912066
Alistipes_putredinis_61533,ERR912067
Alistipes_putredinis_61533,ERR912069
Alistipes_putredinis_61533,ERR912070
Alistipes_putredinis_61533,ERR912071
Alistipes_putredinis_61533,ERR912072
Alistipes_putredinis_61533,ERR912074
Alistipes_putredinis_61533,ERR912077
Alistipes_putredinis_61533,ERR912080
Alistipes_putredinis_61533,ERR912082
Alistipes_putredinis_61533,ERR912083
Alistipes_putredinis_61533,ERR912085
Alistipes_putredinis_61533,ERR912086
Alistipes_putredinis_61533,ERR912087
Alistipes_putredinis_61533,ERR912090
Alistipes_putredinis_61533,ERR912092
Alistipes_putredinis_61533,ERR912093
Alistipes_putredinis_61533,ERR912096
Alistipes_putredinis_61533,ERR912097
Alistipes_putredinis_61533,ERR912100
Alistipes_putredinis_61533,ERR912102
Alistipes_putredinis_61533,ERR912103
Alistipes_putredinis_61533,ERR912106
Alistipes_putredinis_61533,ERR912107
Alistipes_putredinis_61533,ERR912109
Alistipes_putredinis_61533,ERR912110
Alistipes_putredinis_61533,ERR912111
Alistipes_putredinis_61533,ERR912114
Alistipes_putredinis_61533,ERR912116
Alistipes_putredinis_61533,ERR912118
Alistipes_putredinis_61533,ERR912119
Alistipes_putredinis_61533,ERR912122
Alistipes_putredinis_61533,ERR912124
Alistipes_putredinis_61533,ERR912126
Alistipes_putredinis_61533,ERR912128
Alistipes_putredinis_61533,ERR912131
Alistipes_putredinis_61533,ERR912132
Alistipes_putredinis_61533,ERR912133
Alistipes_putredinis_61533,ERR912135
Alistipes_putredinis_61533,ERR912136
Alistipes_putredinis_61533,ERR912137
Alistipes_putredinis_61533,ERR912140
Alistipes_putredinis_61533,ERR912141
Alistipes_putredinis_61533,ERR912144
Alistipes_putredinis_61533,ERR912145
Alistipes_putredinis_61533,ERR912147
Alistipes_putredinis_61533,ERR912151
Alistipes_putredinis_61533,ERR912152
Alistipes_putredinis_61533,ERR912155
Alistipes_putredinis_61533,ERR912157
Alistipes_putredinis_61533,ERR912158
Alistipes_putredinis_61533,ERR912159
Alistipes_putredinis_61533,ERR912162
Alistipes_putredinis_61533,ERR912163
Alistipes_putredinis_61533,ERR912166
Alistipes_putredinis_61533,ERR912168
Alistipes_putredinis_61533,ERR912170
Alistipes_putredinis_61533,ERR912172
Alistipes_putredinis_61533,ERR912175
Alistipes_putredinis_61533,ERR912179
Alistipes_putredinis_61533,ERR912180
Alistipes_putredinis_61533,ERR912181
Alistipes_putredinis_61533,ERR912183
Alistipes_putredinis_61533,ERR912184
Alistipes_putredinis_61533,ERR912187
Alistipes_putredinis_61533,ERR912191
Alistipes_putredinis_61533,ERR912193
Alistipes_putredinis_61533,ERR912194
Alistipes_putredinis_61533,ERR912196
Alistipes_putredinis_61533,ERR912197
Alistipes_putredinis_61533,ERR912199
Alistipes_putredinis_61533,ERR912201
Alistipes_putredinis_61533,1089274-24-28-0_
Alistipes_putredinis_61533,1089274-24-7-0_
Alistipes_putredinis_61533,1089275-24-28-0_
Alistipes_putredinis_61533,1089275-24-7-0_
Alistipes_putredinis_61533,donald4-11-0-0_
Alistipes_putredinis_61533,donald4-11-7-0_
Alistipes_putredinis_61533,mickey3-11-30-0_
Alistipes_putredinis_61533,mickey4-11-0-0_
Alistipes_putredinis_61533,mickey4-11-7-0_
Alistipes_shahii_62199,700013597
Alistipes_shahii_62199,700013600
Alistipes_shahii_62199,700013603
Alistipes_shahii_62199,700013693
Alistipes_shahii_62199,700014562
Alistipes_shahii_62199,700014837
Alistipes_shahii_62199,700015181
Alistipes_shahii_62199,700015250
Alistipes_shahii_62199,700015702
Alistipes_shahii_62199,700016716
Alistipes_shahii_62199,700021902
Alistipes_shahii_62199,700024086
Alistipes_shahii_62199,700024234
Alistipes_shahii_62199,700024545
Alistipes_shahii_62199,700024673
Alistipes_shahii_62199,700032133
Alistipes_shahii_62199,700032944
Alistipes_shahii_62199,700033153
Alistipes_shahii_62199,700033665
Alistipes_shahii_62199,700034166
Alistipes_shahii_62199,700034565
Alistipes_shahii_62199,700034622
Alistipes_shahii_62199,700035533
Alistipes_shahii_62199,700035785
Alistipes_shahii_62199,700037123
Alistipes_shahii_62199,700037453
Alistipes_shahii_62199,700037539
Alistipes_shahii_62199,700037649
Alistipes_shahii_62199,700038053
Alistipes_shahii_62199,700038167
Alistipes_shahii_62199,700038263
Alistipes_shahii_62199,700038414
Alistipes_shahii_62199,700038594
Alistipes_shahii_62199,700038702
Alistipes_shahii_62199,700038870
Alistipes_shahii_62199,700095213
Alistipes_shahii_62199,700095353
Alistipes_shahii_62199,700095647
Alistipes_shahii_62199,700096865
Alistipes_shahii_62199,700097291
Alistipes_shahii_62199,700097837
Alistipes_shahii_62199,700097906
Alistipes_shahii_62199,700098267
Alistipes_shahii_62199,700098561
Alistipes_shahii_62199,700099803
Alistipes_shahii_62199,700100022
Alistipes_shahii_62199,700100471
Alistipes_shahii_62199,700101366
Alistipes_shahii_62199,700102299
Alistipes_shahii_62199,700102432
Alistipes_shahii_62199,700102586
Alistipes_shahii_62199,700103477
Alistipes_shahii_62199,700106412
Alistipes_shahii_62199,700106754
Alistipes_shahii_62199,700106836
Alistipes_shahii_62199,700108161
Alistipes_shahii_62199,700108530
Alistipes_shahii_62199,700109231
Alistipes_shahii_62199,700109449
Alistipes_shahii_62199,700109621
Alistipes_shahii_62199,700110419
Alistipes_shahii_62199,700111156
Alistipes_shahii_62199,700112755
Alistipes_shahii_62199,700116028
Alistipes_shahii_62199,700116358
Alistipes_shahii_62199,700116611
Alistipes_shahii_62199,700117031
Alistipes_shahii_62199,700119165
Alistipes_shahii_62199,700119987
Alistipes_shahii_62199,700122108
Alistipes_shahii_62199,700122165
Alistipes_shahii_62199,700123827
Alistipes_shahii_62199,700161219
Alistipes_shahii_62199,700161742
Alistipes_shahii_62199,700163699
Alistipes_shahii_62199,700163868
Alistipes_shahii_62199,700164159
Alistipes_shahii_62199,700164192
Alistipes_shahii_62199,700164417
Alistipes_shahii_62199,700164611
Alistipes_shahii_62199,700165809
Alistipes_shahii_62199,700166775
Alistipes_shahii_62199,700171066
Alistipes_shahii_62199,700171114
Alistipes_shahii_62199,700171115
Alistipes_shahii_62199,700171190
Alistipes_shahii_62199,700172461
Alistipes_shahii_62199,700172726
Alistipes_shahii_62199,700173320
Alistipes_shahii_62199,700173483
Alistipes_shahii_62199,700175331
Alistipes_shahii_62199,ERR911954
Alistipes_shahii_62199,ERR911956
Alistipes_shahii_62199,ERR911967
Alistipes_shahii_62199,ERR911971
Alistipes_shahii_62199,ERR911986
Alistipes_shahii_62199,ERR911988
Alistipes_shahii_62199,ERR911995
Alistipes_shahii_62199,ERR911997
Alistipes_shahii_62199,ERR912016
Alistipes_shahii_62199,ERR912017
Alistipes_shahii_62199,ERR912026
Alistipes_shahii_62199,ERR912032
Alistipes_shahii_62199,ERR912034
Alistipes_shahii_62199,ERR912047
Alistipes_shahii_62199,ERR912055
Alistipes_shahii_62199,ERR912056
Alistipes_shahii_62199,ERR912070
Alistipes_shahii_62199,ERR912071
Alistipes_shahii_62199,ERR912078
Alistipes_shahii_62199,ERR912081
Alistipes_shahii_62199,ERR912085
Alistipes_shahii_62199,ERR912086
Alistipes_shahii_62199,ERR912091
Alistipes_shahii_62199,ERR912092
Alistipes_shahii_62199,ERR912093
Alistipes_shahii_62199,ERR912097
Alistipes_shahii_62199,ERR912099
Alistipes_shahii_62199,ERR912118
Alistipes_shahii_62199,ERR912124
Alistipes_shahii_62199,ERR912125
Alistipes_shahii_62199,ERR912127
Alistipes_shahii_62199,ERR912134
Alistipes_shahii_62199,ERR912135
Alistipes_shahii_62199,ERR912144
Alistipes_shahii_62199,ERR912155
Alistipes_shahii_62199,ERR912164
Alistipes_shahii_62199,ERR912170
Alistipes_shahii_62199,ERR912173
Alistipes_shahii_62199,ERR912174
Alistipes_shahii_62199,ERR912175
Alistipes_shahii_62199,ERR912187
Alistipes_shahii_62199,ERR912194
Alistipes_shahii_62199,1089275-24-0-0_
Alistipes_shahii_62199,pluto3-11-7-0_
Alistipes_shahii_62199,pluto4-11-30-0_
Alistipes_shahii_62199,pluto4-11-7-0_
Alistipes_sp_60764,700015702
Alistipes_sp_60764,700035785
Alistipes_sp_60764,700097631
Alistipes_sp_60764,700105613
Alistipes_sp_60764,700105787
Alistipes_sp_60764,700106333
Alistipes_sp_60764,700108095
Alistipes_sp_60764,700108161
Alistipes_sp_60764,700109564
Alistipes_sp_60764,700112490
Alistipes_sp_60764,700114162
Alistipes_sp_60764,700116468
Alistipes_sp_60764,700123562
Alistipes_sp_60764,700164735
Alistipes_sp_60764,SRR2822459
Alistipes_sp_60764,ERR911965
Alistipes_sp_60764,ERR911967
Alistipes_sp_60764,ERR911972
Alistipes_sp_60764,ERR911976
Alistipes_sp_60764,ERR911979
Alistipes_sp_60764,ERR911997
Alistipes_sp_60764,ERR912003
Alistipes_sp_60764,ERR912006
Alistipes_sp_60764,ERR912008
Alistipes_sp_60764,ERR912032
Alistipes_sp_60764,ERR912039
Alistipes_sp_60764,ERR912040
Alistipes_sp_60764,ERR912051
Alistipes_sp_60764,ERR912079
Alistipes_sp_60764,ERR912081
Alistipes_sp_60764,ERR912096
Alistipes_sp_60764,ERR912098
Alistipes_sp_60764,ERR912099
Alistipes_sp_60764,ERR912112
Alistipes_sp_60764,ERR912113
Alistipes_sp_60764,ERR912118
Alistipes_sp_60764,ERR912120
Alistipes_sp_60764,ERR912121
Alistipes_sp_60764,ERR912127
Alistipes_sp_60764,ERR912134
Alistipes_sp_60764,ERR912139
Alistipes_sp_60764,ERR912148
Alistipes_sp_60764,ERR912154
Alistipes_sp_60764,ERR912164
Alistipes_sp_60764,ERR912172
Alistipes_sp_60764,ERR912179
Alistipes_sp_60764,ERR912189
Alistipes_sp_60764,ERR912190
Alistipes_sp_60764,pluto3-11-30-0_
Bacteroidales_bacterium_58650,700014724
Bacteroidales_bacterium_58650,700015181
Bacteroidales_bacterium_58650,700023267
Bacteroidales_bacterium_58650,700024449
Bacteroidales_bacterium_58650,700033665
Bacteroidales_bacterium_58650,700035237
Bacteroidales_bacterium_58650,700035785
Bacteroidales_bacterium_58650,700038053
Bacteroidales_bacterium_58650,700038414
Bacteroidales_bacterium_58650,700038594
Bacteroidales_bacterium_58650,700095287
Bacteroidales_bacterium_58650,700095647
Bacteroidales_bacterium_58650,700097196
Bacteroidales_bacterium_58650,700105613
Bacteroidales_bacterium_58650,700109449
Bacteroidales_bacterium_58650,700109564
Bacteroidales_bacterium_58650,700110419
Bacteroidales_bacterium_58650,700112490
Bacteroidales_bacterium_58650,700113762
Bacteroidales_bacterium_58650,700113810
Bacteroidales_bacterium_58650,700113867
Bacteroidales_bacterium_58650,700113975
Bacteroidales_bacterium_58650,700114125
Bacteroidales_bacterium_58650,700116468
Bacteroidales_bacterium_58650,700116505
Bacteroidales_bacterium_58650,700117682
Bacteroidales_bacterium_58650,700117828
Bacteroidales_bacterium_58650,700117992
Bacteroidales_bacterium_58650,700119562
Bacteroidales_bacterium_58650,700122108
Bacteroidales_bacterium_58650,700123562
Bacteroidales_bacterium_58650,700161742
Bacteroidales_bacterium_58650,700161945
Bacteroidales_bacterium_58650,700163699
Bacteroidales_bacterium_58650,700163811
Bacteroidales_bacterium_58650,700164159
Bacteroidales_bacterium_58650,700164686
Bacteroidales_bacterium_58650,700164792
Bacteroidales_bacterium_58650,700167759
Bacteroidales_bacterium_58650,700171648
Bacteroidales_bacterium_58650,700172726
Bacteroidales_bacterium_58650,700173023
Bacteroidales_bacterium_58650,700173377
Bacteroidales_bacterium_58650,ERR911956
Bacteroidales_bacterium_58650,ERR911976
Bacteroidales_bacterium_58650,ERR911980
Bacteroidales_bacterium_58650,ERR911988
Bacteroidales_bacterium_58650,ERR911997
Bacteroidales_bacterium_58650,ERR912008
Bacteroidales_bacterium_58650,ERR912048
Bacteroidales_bacterium_58650,ERR912051
Bacteroidales_bacterium_58650,ERR912057
Bacteroidales_bacterium_58650,ERR912061
Bacteroidales_bacterium_58650,ERR912066
Bacteroidales_bacterium_58650,ERR912074
Bacteroidales_bacterium_58650,ERR912078
Bacteroidales_bacterium_58650,ERR912085
Bacteroidales_bacterium_58650,ERR912088
Bacteroidales_bacterium_58650,ERR912091
Bacteroidales_bacterium_58650,ERR912096
Bacteroidales_bacterium_58650,ERR912097
Bacteroidales_bacterium_58650,ERR912124
Bacteroidales_bacterium_58650,ERR912126
Bacteroidales_bacterium_58650,ERR912135
Bacteroidales_bacterium_58650,ERR912148
Bacteroidales_bacterium_58650,ERR912155
Bacteroidales_bacterium_58650,ERR912161
Bacteroidales_bacterium_58650,ERR912191
Bacteroides_caccae_53434,700013588
Bacteroides_caccae_53434,700013715
Bacteroides_caccae_53434,700014386
Bacteroides_caccae_53434,700014562
Bacteroides_caccae_53434,700014724
Bacteroides_caccae_53434,700014837
Bacteroides_caccae_53434,700015250
Bacteroides_caccae_53434,700015702
Bacteroides_caccae_53434,700016765
Bacteroides_caccae_53434,700016902
Bacteroides_caccae_53434,700021361
Bacteroides_caccae_53434,700021902
Bacteroides_caccae_53434,700023267
Bacteroides_caccae_53434,700023337
Bacteroides_caccae_53434,700023919
Bacteroides_caccae_53434,700024437
Bacteroides_caccae_53434,700024615
Bacteroides_caccae_53434,700024866
Bacteroides_caccae_53434,700024998
Bacteroides_caccae_53434,700033665
Bacteroides_caccae_53434,700033797
Bacteroides_caccae_53434,700034166
Bacteroides_caccae_53434,700034926
Bacteroides_caccae_53434,700035373
Bacteroides_caccae_53434,700035533
Bacteroides_caccae_53434,700035747
Bacteroides_caccae_53434,700035861
Bacteroides_caccae_53434,700037008
Bacteroides_caccae_53434,700037090
Bacteroides_caccae_53434,700037405
Bacteroides_caccae_53434,700037501
Bacteroides_caccae_53434,700037632
Bacteroides_caccae_53434,700037649
Bacteroides_caccae_53434,700037738
Bacteroides_caccae_53434,700037852
Bacteroides_caccae_53434,700037868
Bacteroides_caccae_53434,700038072
Bacteroides_caccae_53434,700038386
Bacteroides_caccae_53434,700038472
Bacteroides_caccae_53434,700038546
Bacteroides_caccae_53434,700038702
Bacteroides_caccae_53434,700038806
Bacteroides_caccae_53434,700038870
Bacteroides_caccae_53434,700095058
Bacteroides_caccae_53434,700096865
Bacteroides_caccae_53434,700097196
Bacteroides_caccae_53434,700097291
Bacteroides_caccae_53434,700097837
Bacteroides_caccae_53434,700099803
Bacteroides_caccae_53434,700099886
Bacteroides_caccae_53434,700100022
Bacteroides_caccae_53434,700100312
Bacteroides_caccae_53434,700100600
Bacteroides_caccae_53434,700101243
Bacteroides_caccae_53434,700101366
Bacteroides_caccae_53434,700102299
Bacteroides_caccae_53434,700102432
Bacteroides_caccae_53434,700102586
Bacteroides_caccae_53434,700102659
Bacteroides_caccae_53434,700103477
Bacteroides_caccae_53434,700105049
Bacteroides_caccae_53434,700105237
Bacteroides_caccae_53434,700105306
Bacteroides_caccae_53434,700105613
Bacteroides_caccae_53434,700105685
Bacteroides_caccae_53434,700106229
Bacteroides_caccae_53434,700106325
Bacteroides_caccae_53434,700106646
Bacteroides_caccae_53434,700106694
Bacteroides_caccae_53434,700106754
Bacteroides_caccae_53434,700106836
Bacteroides_caccae_53434,700107059
Bacteroides_caccae_53434,700107873
Bacteroides_caccae_53434,700107930
Bacteroides_caccae_53434,700108218
Bacteroides_caccae_53434,700110419
Bacteroides_caccae_53434,700111156
Bacteroides_caccae_53434,700112376
Bacteroides_caccae_53434,700112490
Bacteroides_caccae_53434,700113114
Bacteroides_caccae_53434,700113616
Bacteroides_caccae_53434,700113867
Bacteroides_caccae_53434,700113975
Bacteroides_caccae_53434,700114000
Bacteroides_caccae_53434,700114082
Bacteroides_caccae_53434,700114125
Bacteroides_caccae_53434,700114218
Bacteroides_caccae_53434,700114480
Bacteroides_caccae_53434,700116201
Bacteroides_caccae_53434,700116296
Bacteroides_caccae_53434,700116358
Bacteroides_caccae_53434,700116568
Bacteroides_caccae_53434,700116611
Bacteroides_caccae_53434,700116668
Bacteroides_caccae_53434,700116730
Bacteroides_caccae_53434,700117625
Bacteroides_caccae_53434,700117682
Bacteroides_caccae_53434,700117755
Bacteroides_caccae_53434,700119165
Bacteroides_caccae_53434,700119496
Bacteroides_caccae_53434,700119987
Bacteroides_caccae_53434,700122408
Bacteroides_caccae_53434,700161429
Bacteroides_caccae_53434,700161532
Bacteroides_caccae_53434,700161533
Bacteroides_caccae_53434,700161743
Bacteroides_caccae_53434,700161872
Bacteroides_caccae_53434,700161945
Bacteroides_caccae_53434,700161967
Bacteroides_caccae_53434,700163699
Bacteroides_caccae_53434,700163811
Bacteroides_caccae_53434,700163868
Bacteroides_caccae_53434,700164050
Bacteroides_caccae_53434,700164159
Bacteroides_caccae_53434,700164611
Bacteroides_caccae_53434,700164792
Bacteroides_caccae_53434,700164870
Bacteroides_caccae_53434,700165148
Bacteroides_caccae_53434,700165634
Bacteroides_caccae_53434,700166643
Bacteroides_caccae_53434,700171115
Bacteroides_caccae_53434,700171648
Bacteroides_caccae_53434,700171727
Bacteroides_caccae_53434,700171859
Bacteroides_caccae_53434,700171916
Bacteroides_caccae_53434,700172279
Bacteroides_caccae_53434,700172393
Bacteroides_caccae_53434,700172498
Bacteroides_caccae_53434,700172555
Bacteroides_caccae_53434,700172726
Bacteroides_caccae_53434,700173119
Bacteroides_caccae_53434,700173546
Bacteroides_caccae_53434,700175086
Bacteroides_caccae_53434,700175331
Bacteroides_caccae_53434,SRR2822459
Bacteroides_caccae_53434,SRR413601
Bacteroides_caccae_53434,SRR413615
Bacteroides_caccae_53434,ERR911970
Bacteroides_caccae_53434,ERR911971
Bacteroides_caccae_53434,ERR911997
Bacteroides_caccae_53434,ERR912011
Bacteroides_caccae_53434,ERR912013
Bacteroides_caccae_53434,ERR912014
Bacteroides_caccae_53434,ERR912021
Bacteroides_caccae_53434,ERR912022
Bacteroides_caccae_53434,ERR912037
Bacteroides_caccae_53434,ERR912052
Bacteroides_caccae_53434,ERR912055
Bacteroides_caccae_53434,ERR912059
Bacteroides_caccae_53434,ERR912066
Bacteroides_caccae_53434,ERR912071
Bacteroides_caccae_53434,ERR912074
Bacteroides_caccae_53434,ERR912077
Bacteroides_caccae_53434,ERR912084
Bacteroides_caccae_53434,ERR912086
Bacteroides_caccae_53434,ERR912087
Bacteroides_caccae_53434,ERR912100
Bacteroides_caccae_53434,ERR912104
Bacteroides_caccae_53434,ERR912107
Bacteroides_caccae_53434,ERR912110
Bacteroides_caccae_53434,ERR912111
Bacteroides_caccae_53434,ERR912117
Bacteroides_caccae_53434,ERR912122
Bacteroides_caccae_53434,ERR912124
Bacteroides_caccae_53434,ERR912129
Bacteroides_caccae_53434,ERR912131
Bacteroides_caccae_53434,ERR912134
Bacteroides_caccae_53434,ERR912136
Bacteroides_caccae_53434,ERR912144
Bacteroides_caccae_53434,ERR912148
Bacteroides_caccae_53434,ERR912149
Bacteroides_caccae_53434,ERR912151
Bacteroides_caccae_53434,ERR912152
Bacteroides_caccae_53434,ERR912155
Bacteroides_caccae_53434,ERR912162
Bacteroides_caccae_53434,ERR912164
Bacteroides_caccae_53434,ERR912168
Bacteroides_caccae_53434,ERR912170
Bacteroides_caccae_53434,ERR912173
Bacteroides_caccae_53434,ERR912174
Bacteroides_caccae_53434,ERR912175
Bacteroides_caccae_53434,ERR912178
Bacteroides_caccae_53434,ERR912179
Bacteroides_caccae_53434,ERR912189
Bacteroides_caccae_53434,ERR912193
Bacteroides_caccae_53434,ERR912195
Bacteroides_caccae_53434,ERR912199
Bacteroides_caccae_53434,ERR912201
Bacteroides_caccae_53434,mickey4-11-0-0_
Bacteroides_caccae_53434,pluto3-11-30-0_
Bacteroides_cellulosilyticus_58046,700013588
Bacteroides_cellulosilyticus_58046,700013693
Bacteroides_cellulosilyticus_58046,700014562
Bacteroides_cellulosilyticus_58046,700015181
Bacteroides_cellulosilyticus_58046,700016456
Bacteroides_cellulosilyticus_58046,700016960
Bacteroides_cellulosilyticus_58046,700021876
Bacteroides_cellulosilyticus_58046,700023113
Bacteroides_cellulosilyticus_58046,700023720
Bacteroides_cellulosilyticus_58046,700023845
Bacteroides_cellulosilyticus_58046,700024086
Bacteroides_cellulosilyticus_58046,700024234
Bacteroides_cellulosilyticus_58046,700024545
Bacteroides_cellulosilyticus_58046,700024752
Bacteroides_cellulosilyticus_58046,700024789
Bacteroides_cellulosilyticus_58046,700024866
Bacteroides_cellulosilyticus_58046,700032222
Bacteroides_cellulosilyticus_58046,700033502
Bacteroides_cellulosilyticus_58046,700033726
Bacteroides_cellulosilyticus_58046,700033797
Bacteroides_cellulosilyticus_58046,700034565
Bacteroides_cellulosilyticus_58046,700034794
Bacteroides_cellulosilyticus_58046,700035861
Bacteroides_cellulosilyticus_58046,700037123
Bacteroides_cellulosilyticus_58046,700037453
Bacteroides_cellulosilyticus_58046,700037539
Bacteroides_cellulosilyticus_58046,700037632
Bacteroides_cellulosilyticus_58046,700037738
Bacteroides_cellulosilyticus_58046,700038158
Bacteroides_cellulosilyticus_58046,700038263
Bacteroides_cellulosilyticus_58046,700038594
Bacteroides_cellulosilyticus_58046,700095287
Bacteroides_cellulosilyticus_58046,700096047
Bacteroides_cellulosilyticus_58046,700098267
Bacteroides_cellulosilyticus_58046,700098359
Bacteroides_cellulosilyticus_58046,700098867
Bacteroides_cellulosilyticus_58046,700100540
Bacteroides_cellulosilyticus_58046,700101366
Bacteroides_cellulosilyticus_58046,700101534
Bacteroides_cellulosilyticus_58046,700101581
Bacteroides_cellulosilyticus_58046,700101638
Bacteroides_cellulosilyticus_58046,700102432
Bacteroides_cellulosilyticus_58046,700103710
Bacteroides_cellulosilyticus_58046,700105153
Bacteroides_cellulosilyticus_58046,700105685
Bacteroides_cellulosilyticus_58046,700106056
Bacteroides_cellulosilyticus_58046,700106465
Bacteroides_cellulosilyticus_58046,700106646
Bacteroides_cellulosilyticus_58046,700107059
Bacteroides_cellulosilyticus_58046,700107398
Bacteroides_cellulosilyticus_58046,700108530
Bacteroides_cellulosilyticus_58046,700108840
Bacteroides_cellulosilyticus_58046,700112755
Bacteroides_cellulosilyticus_58046,700113762
Bacteroides_cellulosilyticus_58046,700113975
Bacteroides_cellulosilyticus_58046,700116201
Bacteroides_cellulosilyticus_58046,700116358
Bacteroides_cellulosilyticus_58046,700116401
Bacteroides_cellulosilyticus_58046,700116611
Bacteroides_cellulosilyticus_58046,700117000
Bacteroides_cellulosilyticus_58046,700117184
Bacteroides_cellulosilyticus_58046,700119042
Bacteroides_cellulosilyticus_58046,700122860
Bacteroides_cellulosilyticus_58046,700123562
Bacteroides_cellulosilyticus_58046,700123700
Bacteroides_cellulosilyticus_58046,700124561
Bacteroides_cellulosilyticus_58046,700161945
Bacteroides_cellulosilyticus_58046,700163419
Bacteroides_cellulosilyticus_58046,700163521
Bacteroides_cellulosilyticus_58046,700163811
Bacteroides_cellulosilyticus_58046,700163981
Bacteroides_cellulosilyticus_58046,700164192
Bacteroides_cellulosilyticus_58046,700164611
Bacteroides_cellulosilyticus_58046,700165052
Bacteroides_cellulosilyticus_58046,700165224
Bacteroides_cellulosilyticus_58046,700166775
Bacteroides_cellulosilyticus_58046,700167825
Bacteroides_cellulosilyticus_58046,700171648
Bacteroides_cellulosilyticus_58046,700172726
Bacteroides_cellulosilyticus_58046,700173086
Bacteroides_cellulosilyticus_58046,SRR2822459
Bacteroides_cellulosilyticus_58046,SRR413587
Bacteroides_cellulosilyticus_58046,SRR413601
Bacteroides_cellulosilyticus_58046,ERR911955
Bacteroides_cellulosilyticus_58046,ERR911956
Bacteroides_cellulosilyticus_58046,ERR911957
Bacteroides_cellulosilyticus_58046,ERR911962
Bacteroides_cellulosilyticus_58046,ERR911965
Bacteroides_cellulosilyticus_58046,ERR911968
Bacteroides_cellulosilyticus_58046,ERR911970
Bacteroides_cellulosilyticus_58046,ERR911971
Bacteroides_cellulosilyticus_58046,ERR911986
Bacteroides_cellulosilyticus_58046,ERR911987
Bacteroides_cellulosilyticus_58046,ERR911988
Bacteroides_cellulosilyticus_58046,ERR911990
Bacteroides_cellulosilyticus_58046,ERR912000
Bacteroides_cellulosilyticus_58046,ERR912016
Bacteroides_cellulosilyticus_58046,ERR912017
Bacteroides_cellulosilyticus_58046,ERR912018
Bacteroides_cellulosilyticus_58046,ERR912019
Bacteroides_cellulosilyticus_58046,ERR912023
Bacteroides_cellulosilyticus_58046,ERR912025
Bacteroides_cellulosilyticus_58046,ERR912040
Bacteroides_cellulosilyticus_58046,ERR912058
Bacteroides_cellulosilyticus_58046,ERR912074
Bacteroides_cellulosilyticus_58046,ERR912088
Bacteroides_cellulosilyticus_58046,ERR912089
Bacteroides_cellulosilyticus_58046,ERR912090
Bacteroides_cellulosilyticus_58046,ERR912096
Bacteroides_cellulosilyticus_58046,ERR912103
Bacteroides_cellulosilyticus_58046,ERR912106
Bacteroides_cellulosilyticus_58046,ERR912109
Bacteroides_cellulosilyticus_58046,ERR912112
Bacteroides_cellulosilyticus_58046,ERR912114
Bacteroides_cellulosilyticus_58046,ERR912150
Bacteroides_cellulosilyticus_58046,ERR912169
Bacteroides_cellulosilyticus_58046,ERR912170
Bacteroides_cellulosilyticus_58046,ERR912176
Bacteroides_cellulosilyticus_58046,ERR912179
Bacteroides_cellulosilyticus_58046,ERR912191
Bacteroides_cellulosilyticus_58046,ERR912197
Bacteroides_cellulosilyticus_58046,1089274-24-0-0_
Bacteroides_cellulosilyticus_58046,1089275-24-0-0_
Bacteroides_cellulosilyticus_58046,donald3-11-7-0_
Bacteroides_cellulosilyticus_58046,mickey4-11-7-0_
Bacteroides_cellulosilyticus_58046,pluto3-11-30-0_
Bacteroides_cellulosilyticus_58046,pluto4-11-0-0_
Bacteroides_cellulosilyticus_58046,pluto4-11-30-0_
Bacteroides_cellulosilyticus_58046,pluto4-11-7-0_
Bacteroides_coprocola_61586,700015181
Bacteroides_coprocola_61586,700015702
Bacteroides_coprocola_61586,700023113
Bacteroides_coprocola_61586,700023188
Bacteroides_coprocola_61586,700023720
Bacteroides_coprocola_61586,700024318
Bacteroides_coprocola_61586,700024437
Bacteroides_coprocola_61586,700034081
Bacteroides_coprocola_61586,700095058
Bacteroides_coprocola_61586,700098267
Bacteroides_coprocola_61586,700098932
Bacteroides_coprocola_61586,700105372
Bacteroides_coprocola_61586,700105991
Bacteroides_coprocola_61586,700106694
Bacteroides_coprocola_61586,700120572
Bacteroides_coprocola_61586,700167107
Bacteroides_coprocola_61586,700175331
Bacteroides_coprocola_61586,SRR341623
Bacteroides_coprocola_61586,SRR341649
Bacteroides_coprocola_61586,SRR341653
Bacteroides_coprocola_61586,SRR341696
Bacteroides_coprocola_61586,SRR341700
Bacteroides_coprocola_61586,SRR341702
Bacteroides_coprocola_61586,SRR341706
Bacteroides_coprocola_61586,SRR413557
Bacteroides_coprocola_61586,SRR413560
Bacteroides_coprocola_61586,SRR413565
Bacteroides_coprocola_61586,SRR413575
Bacteroides_coprocola_61586,SRR413587
Bacteroides_coprocola_61586,SRR413589
Bacteroides_coprocola_61586,SRR413593
Bacteroides_coprocola_61586,SRR413600
Bacteroides_coprocola_61586,SRR413607
Bacteroides_coprocola_61586,SRR413617
Bacteroides_coprocola_61586,SRR413619
Bacteroides_coprocola_61586,SRR413624
Bacteroides_coprocola_61586,SRR413625
Bacteroides_coprocola_61586,SRR413626
Bacteroides_coprocola_61586,SRR413628
Bacteroides_coprocola_61586,SRR413641
Bacteroides_coprocola_61586,ERR911965
Bacteroides_coprocola_61586,ERR912046
Bacteroides_coprocola_61586,ERR912118
Bacteroides_coprocola_61586,ERR912132
Bacteroides_eggerthii_54457,700013597
Bacteroides_eggerthii_54457,700013672
Bacteroides_eggerthii_54457,700015981
Bacteroides_eggerthii_54457,700016142
Bacteroides_eggerthii_54457,700023337
Bacteroides_eggerthii_54457,700024673
Bacteroides_eggerthii_54457,700037501
Bacteroides_eggerthii_54457,700038870
Bacteroides_eggerthii_54457,700096865
Bacteroides_eggerthii_54457,700097291
Bacteroides_eggerthii_54457,700097482
Bacteroides_eggerthii_54457,700097973
Bacteroides_eggerthii_54457,700100471
Bacteroides_eggerthii_54457,700102905
Bacteroides_eggerthii_54457,700105771
Bacteroides_eggerthii_54457,700106170
Bacteroides_eggerthii_54457,700112433
Bacteroides_eggerthii_54457,700161219
Bacteroides_eggerthii_54457,700163772
Bacteroides_eggerthii_54457,700164159
Bacteroides_eggerthii_54457,700165530
Bacteroides_eggerthii_54457,700172870
Bacteroides_eggerthii_54457,SRR341637
Bacteroides_eggerthii_54457,SRR341641
Bacteroides_eggerthii_54457,SRR341690
Bacteroides_eggerthii_54457,SRR341691
Bacteroides_eggerthii_54457,SRR341706
Bacteroides_eggerthii_54457,SRR341716
Bacteroides_eggerthii_54457,SRR341719
Bacteroides_eggerthii_54457,SRR413562
Bacteroides_eggerthii_54457,SRR413585
Bacteroides_eggerthii_54457,SRR413587
Bacteroides_eggerthii_54457,SRR413600
Bacteroides_eggerthii_54457,SRR413603
Bacteroides_eggerthii_54457,SRR413613
Bacteroides_eggerthii_54457,SRR413621
Bacteroides_eggerthii_54457,SRR413622
Bacteroides_eggerthii_54457,SRR413626
Bacteroides_eggerthii_54457,ERR911960
Bacteroides_eggerthii_54457,ERR911965
Bacteroides_eggerthii_54457,ERR911967
Bacteroides_eggerthii_54457,ERR911981
Bacteroides_eggerthii_54457,ERR912001
Bacteroides_eggerthii_54457,ERR912005
Bacteroides_eggerthii_54457,ERR912018
Bacteroides_eggerthii_54457,ERR912020
Bacteroides_eggerthii_54457,ERR912021
Bacteroides_eggerthii_54457,ERR912025
Bacteroides_eggerthii_54457,ERR912053
Bacteroides_eggerthii_54457,ERR912054
Bacteroides_eggerthii_54457,ERR912055
Bacteroides_eggerthii_54457,ERR912057
Bacteroides_eggerthii_54457,ERR912066
Bacteroides_eggerthii_54457,ERR912070
Bacteroides_eggerthii_54457,ERR912077
Bacteroides_eggerthii_54457,ERR912117
Bacteroides_eggerthii_54457,ERR912137
Bacteroides_eggerthii_54457,ERR912144
Bacteroides_eggerthii_54457,ERR912148
Bacteroides_eggerthii_54457,ERR912155
Bacteroides_eggerthii_54457,ERR912165
Bacteroides_eggerthii_54457,ERR912185
Bacteroides_eggerthii_54457,ERR912189
Bacteroides_eggerthii_54457,ERR912193
Bacteroides_finegoldii_57739,700016542
Bacteroides_finegoldii_57739,700016716
Bacteroides_finegoldii_57739,700016960
Bacteroides_finegoldii_57739,700021123
Bacteroides_finegoldii_57739,700021824
Bacteroides_finegoldii_57739,700024437
Bacteroides_finegoldii_57739,700024449
Bacteroides_finegoldii_57739,700024998
Bacteroides_finegoldii_57739,700032133
Bacteroides_finegoldii_57739,700033153
Bacteroides_finegoldii_57739,700034926
Bacteroides_finegoldii_57739,700035533
Bacteroides_finegoldii_57739,700037967
Bacteroides_finegoldii_57739,700038158
Bacteroides_finegoldii_57739,700038594
Bacteroides_finegoldii_57739,700096865
Bacteroides_finegoldii_57739,700097688
Bacteroides_finegoldii_57739,700098561
Bacteroides_finegoldii_57739,700099886
Bacteroides_finegoldii_57739,700101581
Bacteroides_finegoldii_57739,700102432
Bacteroides_finegoldii_57739,700102586
Bacteroides_finegoldii_57739,700105580
Bacteroides_finegoldii_57739,700106694
Bacteroides_finegoldii_57739,700106876
Bacteroides_finegoldii_57739,700107189
Bacteroides_finegoldii_57739,700108530
Bacteroides_finegoldii_57739,700113810
Bacteroides_finegoldii_57739,700114000
Bacteroides_finegoldii_57739,700116568
Bacteroides_finegoldii_57739,700117395
Bacteroides_finegoldii_57739,700123827
Bacteroides_finegoldii_57739,700124429
Bacteroides_finegoldii_57739,700163238
Bacteroides_finegoldii_57739,700163628
Bacteroides_finegoldii_57739,700164159
Bacteroides_finegoldii_57739,700165148
Bacteroides_finegoldii_57739,700171066
Bacteroides_finegoldii_57739,700171390
Bacteroides_finegoldii_57739,700171648
Bacteroides_finegoldii_57739,700173483
Bacteroides_finegoldii_57739,SRR341696
Bacteroides_finegoldii_57739,SRR341699
Bacteroides_finegoldii_57739,SRR413575
Bacteroides_finegoldii_57739,SRR413577
Bacteroides_finegoldii_57739,SRR413624
Bacteroides_finegoldii_57739,ERR912000
Bacteroides_finegoldii_57739,ERR912055
Bacteroides_finegoldii_57739,ERR912138
Bacteroides_finegoldii_57739,ERR912168
Bacteroides_finegoldii_57739,ERR912191
Bacteroides_fragilis_54507,700014724
Bacteroides_fragilis_54507,700015113
Bacteroides_fragilis_54507,700015922
Bacteroides_fragilis_54507,700023390
Bacteroides_fragilis_54507,700023845
Bacteroides_fragilis_54507,700023919
Bacteroides_fragilis_54507,700024233
Bacteroides_fragilis_54507,700024545
Bacteroides_fragilis_54507,700024615
Bacteroides_fragilis_54507,700024930
Bacteroides_fragilis_54507,700034254
Bacteroides_fragilis_54507,700035747
Bacteroides_fragilis_54507,700037008
Bacteroides_fragilis_54507,700037123
Bacteroides_fragilis_54507,700037284
Bacteroides_fragilis_54507,700037453
Bacteroides_fragilis_54507,700037738
Bacteroides_fragilis_54507,700037868
Bacteroides_fragilis_54507,700038072
Bacteroides_fragilis_54507,700038263
Bacteroides_fragilis_54507,700097196
Bacteroides_fragilis_54507,700098267
Bacteroides_fragilis_54507,700099512
Bacteroides_fragilis_54507,700100227
Bacteroides_fragilis_54507,700100540
Bacteroides_fragilis_54507,700100600
Bacteroides_fragilis_54507,700101534
Bacteroides_fragilis_54507,700101840
Bacteroides_fragilis_54507,700103479
Bacteroides_fragilis_54507,700103710
Bacteroides_fragilis_54507,700105237
Bacteroides_fragilis_54507,700105306
Bacteroides_fragilis_54507,700106333
Bacteroides_fragilis_54507,700106504
Bacteroides_fragilis_54507,700106646
Bacteroides_fragilis_54507,700107059
Bacteroides_fragilis_54507,700107398
Bacteroides_fragilis_54507,700107873
Bacteroides_fragilis_54507,700108095
Bacteroides_fragilis_54507,700110155
Bacteroides_fragilis_54507,700111439
Bacteroides_fragilis_54507,700112433
Bacteroides_fragilis_54507,700112812
Bacteroides_fragilis_54507,700114125
Bacteroides_fragilis_54507,700116468
Bacteroides_fragilis_54507,700116611
Bacteroides_fragilis_54507,700117766
Bacteroides_fragilis_54507,700117992
Bacteroides_fragilis_54507,700119042
Bacteroides_fragilis_54507,700122042
Bacteroides_fragilis_54507,700123562
Bacteroides_fragilis_54507,700161856
Bacteroides_fragilis_54507,700161967
Bacteroides_fragilis_54507,700163030
Bacteroides_fragilis_54507,700163868
Bacteroides_fragilis_54507,700164611
Bacteroides_fragilis_54507,700164686
Bacteroides_fragilis_54507,700164870
Bacteroides_fragilis_54507,700165224
Bacteroides_fragilis_54507,700165634
Bacteroides_fragilis_54507,700165778
Bacteroides_fragilis_54507,700171441
Bacteroides_fragilis_54507,700171574
Bacteroides_fragilis_54507,SRR341617
Bacteroides_fragilis_54507,SRR341632
Bacteroides_fragilis_54507,SRR341633
Bacteroides_fragilis_54507,SRR341636
Bacteroides_fragilis_54507,SRR341644
Bacteroides_fragilis_54507,SRR341651
Bacteroides_fragilis_54507,SRR341653
Bacteroides_fragilis_54507,SRR341704
Bacteroides_fragilis_54507,SRR413603
Bacteroides_fragilis_54507,SRR413605
Bacteroides_fragilis_54507,SRR413606
Bacteroides_fragilis_54507,SRR413610
Bacteroides_fragilis_54507,SRR413670
Bacteroides_fragilis_54507,SRR413688
Bacteroides_fragilis_54507,ERR911961
Bacteroides_fragilis_54507,ERR912020
Bacteroides_fragilis_54507,ERR912024
Bacteroides_fragilis_54507,ERR912035
Bacteroides_fragilis_54507,ERR912039
Bacteroides_fragilis_54507,ERR912051
Bacteroides_fragilis_54507,ERR912072
Bacteroides_fragilis_54507,ERR912080
Bacteroides_fragilis_54507,ERR912082
Bacteroides_fragilis_54507,ERR912084
Bacteroides_fragilis_54507,ERR912114
Bacteroides_fragilis_54507,ERR912134
Bacteroides_fragilis_54507,ERR912136
Bacteroides_fragilis_54507,ERR912138
Bacteroides_fragilis_54507,ERR912145
Bacteroides_fragilis_54507,ERR912176
Bacteroides_fragilis_54507,ERR912181
Bacteroides_fragilis_54507,ERR912183
Bacteroides_fragilis_54507,ERR912191
Bacteroides_fragilis_54507,pluto3-11-0-0_
Bacteroides_fragilis_54507,pluto3-11-30-0_
Bacteroides_fragilis_54507,pluto3-11-7-0_
Bacteroides_fragilis_54507,pluto4-11-0-0_
Bacteroides_fragilis_54507,pluto4-11-30-0_
Bacteroides_fragilis_54507,pluto4-11-7-0_
Bacteroides_massiliensis_44749,700013603
Bacteroides_massiliensis_44749,700013672
Bacteroides_massiliensis_44749,700014837
Bacteroides_massiliensis_44749,700015250
Bacteroides_massiliensis_44749,700015415
Bacteroides_massiliensis_44749,700016000
Bacteroides_massiliensis_44749,700016716
Bacteroides_massiliensis_44749,700021123
Bacteroides_massiliensis_44749,700021824
Bacteroides_massiliensis_44749,700023113
Bacteroides_massiliensis_44749,700023337
Bacteroides_massiliensis_44749,700023720
Bacteroides_massiliensis_44749,700023872
Bacteroides_massiliensis_44749,700024024
Bacteroides_massiliensis_44749,700024141
Bacteroides_massiliensis_44749,700024234
Bacteroides_massiliensis_44749,700024711
Bacteroides_massiliensis_44749,700033435
Bacteroides_massiliensis_44749,700033502
Bacteroides_massiliensis_44749,700034081
Bacteroides_massiliensis_44749,700034166
Bacteroides_massiliensis_44749,700034926
Bacteroides_massiliensis_44749,700035533
Bacteroides_massiliensis_44749,700035861
Bacteroides_massiliensis_44749,700037303
Bacteroides_massiliensis_44749,700037501
Bacteroides_massiliensis_44749,700037632
Bacteroides_massiliensis_44749,700038053
Bacteroides_massiliensis_44749,700038158
Bacteroides_massiliensis_44749,700095410
Bacteroides_massiliensis_44749,700095486
Bacteroides_massiliensis_44749,700095647
Bacteroides_massiliensis_44749,700095717
Bacteroides_massiliensis_44749,700097234
Bacteroides_massiliensis_44749,700097482
Bacteroides_massiliensis_44749,700097688
Bacteroides_massiliensis_44749,700098267
Bacteroides_massiliensis_44749,700098561
Bacteroides_massiliensis_44749,700098867
Bacteroides_massiliensis_44749,700099002
Bacteroides_massiliensis_44749,700099746
Bacteroides_massiliensis_44749,700099803
Bacteroides_massiliensis_44749,700101243
Bacteroides_massiliensis_44749,700101916
Bacteroides_massiliensis_44749,700102299
Bacteroides_massiliensis_44749,700102356
Bacteroides_massiliensis_44749,700102432
Bacteroides_massiliensis_44749,700102586
Bacteroides_massiliensis_44749,700105049
Bacteroides_massiliensis_44749,700105153
Bacteroides_massiliensis_44749,700105580
Bacteroides_massiliensis_44749,700105882
Bacteroides_massiliensis_44749,700105940
Bacteroides_massiliensis_44749,700105991
Bacteroides_massiliensis_44749,700106170
Bacteroides_massiliensis_44749,700106229
Bacteroides_massiliensis_44749,700106836
Bacteroides_massiliensis_44749,700107189
Bacteroides_massiliensis_44749,700108218
Bacteroides_massiliensis_44749,700108896
Bacteroides_massiliensis_44749,700109449
Bacteroides_massiliensis_44749,700109621
Bacteroides_massiliensis_44749,700110419
Bacteroides_massiliensis_44749,700111026
Bacteroides_massiliensis_44749,700111296
Bacteroides_massiliensis_44749,700114000
Bacteroides_massiliensis_44749,700114480
Bacteroides_massiliensis_44749,700116028
Bacteroides_massiliensis_44749,700116248
Bacteroides_massiliensis_44749,700116568
Bacteroides_massiliensis_44749,700116828
Bacteroides_massiliensis_44749,700119165
Bacteroides_massiliensis_44749,700119496
Bacteroides_massiliensis_44749,700119562
Bacteroides_massiliensis_44749,700119987
Bacteroides_massiliensis_44749,700120572
Bacteroides_massiliensis_44749,700120753
Bacteroides_massiliensis_44749,700122108
Bacteroides_massiliensis_44749,700123700
Bacteroides_massiliensis_44749,700124561
Bacteroides_massiliensis_44749,700161532
Bacteroides_massiliensis_44749,700164159
Bacteroides_massiliensis_44749,700164249
Bacteroides_massiliensis_44749,700165167
Bacteroides_massiliensis_44749,700165263
Bacteroides_massiliensis_44749,700165875
Bacteroides_massiliensis_44749,700167107
Bacteroides_massiliensis_44749,700167759
Bacteroides_massiliensis_44749,700167825
Bacteroides_massiliensis_44749,700171066
Bacteroides_massiliensis_44749,700171390
Bacteroides_massiliensis_44749,700171648
Bacteroides_massiliensis_44749,700172498
Bacteroides_massiliensis_44749,700172621
Bacteroides_massiliensis_44749,700173176
Bacteroides_massiliensis_44749,700173320
Bacteroides_massiliensis_44749,700175331
Bacteroides_massiliensis_44749,SRR2822459
Bacteroides_massiliensis_44749,SRR341630
Bacteroides_massiliensis_44749,SRR341650
Bacteroides_massiliensis_44749,SRR341691
Bacteroides_massiliensis_44749,SRR341699
Bacteroides_massiliensis_44749,SRR341700
Bacteroides_massiliensis_44749,SRR341709
Bacteroides_massiliensis_44749,SRR341710
Bacteroides_massiliensis_44749,SRR341714
Bacteroides_massiliensis_44749,SRR341717
Bacteroides_massiliensis_44749,SRR341725
Bacteroides_massiliensis_44749,SRR413557
Bacteroides_massiliensis_44749,SRR413562
Bacteroides_massiliensis_44749,SRR413565
Bacteroides_massiliensis_44749,SRR413566
Bacteroides_massiliensis_44749,SRR413575
Bacteroides_massiliensis_44749,SRR413577
Bacteroides_massiliensis_44749,SRR413585
Bacteroides_massiliensis_44749,SRR413587
Bacteroides_massiliensis_44749,SRR413589
Bacteroides_massiliensis_44749,SRR413600
Bacteroides_massiliensis_44749,SRR413614
Bacteroides_massiliensis_44749,SRR413616
Bacteroides_massiliensis_44749,SRR413621
Bacteroides_massiliensis_44749,SRR413622
Bacteroides_massiliensis_44749,SRR413623
Bacteroides_massiliensis_44749,SRR413651
Bacteroides_massiliensis_44749,SRR413653
Bacteroides_massiliensis_44749,SRR413658
Bacteroides_massiliensis_44749,SRR413662
Bacteroides_massiliensis_44749,ERR911995
Bacteroides_massiliensis_44749,ERR912041
Bacteroides_massiliensis_44749,ERR912053
Bacteroides_massiliensis_44749,ERR912059
Bacteroides_massiliensis_44749,ERR912111
Bacteroides_massiliensis_44749,ERR912112
Bacteroides_massiliensis_44749,ERR912147
Bacteroides_massiliensis_44749,ERR912165
Bacteroides_massiliensis_44749,ERR912172
Bacteroides_massiliensis_44749,ERR912195
Bacteroides_massiliensis_44749,donald4-11-30-0_
Bacteroides_massiliensis_44749,donald4-11-7-0_
Bacteroides_ovatus_58035,700014562
Bacteroides_ovatus_58035,700014724
Bacteroides_ovatus_58035,700016000
Bacteroides_ovatus_58035,700016456
Bacteroides_ovatus_58035,700016542
Bacteroides_ovatus_58035,700016765
Bacteroides_ovatus_58035,700021876
Bacteroides_ovatus_58035,700023113
Bacteroides_ovatus_58035,700023267
Bacteroides_ovatus_58035,700023337
Bacteroides_ovatus_58035,700023720
Bacteroides_ovatus_58035,700023845
Bacteroides_ovatus_58035,700023872
Bacteroides_ovatus_58035,700023919
Bacteroides_ovatus_58035,700024086
Bacteroides_ovatus_58035,700024233
Bacteroides_ovatus_58035,700024449
Bacteroides_ovatus_58035,700024545
Bacteroides_ovatus_58035,700024673
Bacteroides_ovatus_58035,700024789
Bacteroides_ovatus_58035,700024930
Bacteroides_ovatus_58035,700033797
Bacteroides_ovatus_58035,700033922
Bacteroides_ovatus_58035,700034166
Bacteroides_ovatus_58035,700034622
Bacteroides_ovatus_58035,700034794
Bacteroides_ovatus_58035,700035747
Bacteroides_ovatus_58035,700035785
Bacteroides_ovatus_58035,700037042
Bacteroides_ovatus_58035,700037090
Bacteroides_ovatus_58035,700037453
Bacteroides_ovatus_58035,700037501
Bacteroides_ovatus_58035,700037539
Bacteroides_ovatus_58035,700037632
Bacteroides_ovatus_58035,700038167
Bacteroides_ovatus_58035,700038263
Bacteroides_ovatus_58035,700038546
Bacteroides_ovatus_58035,700038594
Bacteroides_ovatus_58035,700038702
Bacteroides_ovatus_58035,700095213
Bacteroides_ovatus_58035,700095410
Bacteroides_ovatus_58035,700096380
Bacteroides_ovatus_58035,700096865
Bacteroides_ovatus_58035,700097196
Bacteroides_ovatus_58035,700097234
Bacteroides_ovatus_58035,700097482
Bacteroides_ovatus_58035,700098867
Bacteroides_ovatus_58035,700099746
Bacteroides_ovatus_58035,700100540
Bacteroides_ovatus_58035,700101534
Bacteroides_ovatus_58035,700102043
Bacteroides_ovatus_58035,700102242
Bacteroides_ovatus_58035,700103652
Bacteroides_ovatus_58035,700103710
Bacteroides_ovatus_58035,700106056
Bacteroides_ovatus_58035,700106065
Bacteroides_ovatus_58035,700106170
Bacteroides_ovatus_58035,700106325
Bacteroides_ovatus_58035,700106646
Bacteroides_ovatus_58035,700106754
Bacteroides_ovatus_58035,700106836
Bacteroides_ovatus_58035,700107059
Bacteroides_ovatus_58035,700107873
Bacteroides_ovatus_58035,700107930
Bacteroides_ovatus_58035,700108530
Bacteroides_ovatus_58035,700108840
Bacteroides_ovatus_58035,700109231
Bacteroides_ovatus_58035,700109564
Bacteroides_ovatus_58035,700109621
Bacteroides_ovatus_58035,700110089
Bacteroides_ovatus_58035,700110354
Bacteroides_ovatus_58035,700111223
Bacteroides_ovatus_58035,700111745
Bacteroides_ovatus_58035,700112376
Bacteroides_ovatus_58035,700112490
Bacteroides_ovatus_58035,700113616
Bacteroides_ovatus_58035,700113975
Bacteroides_ovatus_58035,700114082
Bacteroides_ovatus_58035,700114125
Bacteroides_ovatus_58035,700114218
Bacteroides_ovatus_58035,700116201
Bacteroides_ovatus_58035,700116358
Bacteroides_ovatus_58035,700116401
Bacteroides_ovatus_58035,700116468
Bacteroides_ovatus_58035,700116730
Bacteroides_ovatus_58035,700117000
Bacteroides_ovatus_58035,700117239
Bacteroides_ovatus_58035,700117625
Bacteroides_ovatus_58035,700117682
Bacteroides_ovatus_58035,700117766
Bacteroides_ovatus_58035,700117828
Bacteroides_ovatus_58035,700119987
Bacteroides_ovatus_58035,700121919
Bacteroides_ovatus_58035,700122108
Bacteroides_ovatus_58035,700122408
Bacteroides_ovatus_58035,700122765
Bacteroides_ovatus_58035,700122860
Bacteroides_ovatus_58035,700123135
Bacteroides_ovatus_58035,700123700
Bacteroides_ovatus_58035,700123959
Bacteroides_ovatus_58035,700161342
Bacteroides_ovatus_58035,700161629
Bacteroides_ovatus_58035,700161743
Bacteroides_ovatus_58035,700161856
Bacteroides_ovatus_58035,700161945
Bacteroides_ovatus_58035,700163030
Bacteroides_ovatus_58035,700163419
Bacteroides_ovatus_58035,700163772
Bacteroides_ovatus_58035,700163811
Bacteroides_ovatus_58035,700164192
Bacteroides_ovatus_58035,700164354
Bacteroides_ovatus_58035,700164641
Bacteroides_ovatus_58035,700164792
Bacteroides_ovatus_58035,700164870
Bacteroides_ovatus_58035,700164891
Bacteroides_ovatus_58035,700165052
Bacteroides_ovatus_58035,700165634
Bacteroides_ovatus_58035,700166262
Bacteroides_ovatus_58035,700166775
Bacteroides_ovatus_58035,700171066
Bacteroides_ovatus_58035,700171115
Bacteroides_ovatus_58035,700171441
Bacteroides_ovatus_58035,700171648
Bacteroides_ovatus_58035,700172132
Bacteroides_ovatus_58035,700172221
Bacteroides_ovatus_58035,700172393
Bacteroides_ovatus_58035,700172461
Bacteroides_ovatus_58035,700172621
Bacteroides_ovatus_58035,700172813
Bacteroides_ovatus_58035,700172927
Bacteroides_ovatus_58035,700173023
Bacteroides_ovatus_58035,700173119
Bacteroides_ovatus_58035,700173176
Bacteroides_ovatus_58035,700173272
Bacteroides_ovatus_58035,700173377
Bacteroides_ovatus_58035,700173546
Bacteroides_ovatus_58035,SRR341651
Bacteroides_ovatus_58035,SRR413556
Bacteroides_ovatus_58035,SRR413577
Bacteroides_ovatus_58035,SRR413592
Bacteroides_ovatus_58035,SRR413618
Bacteroides_ovatus_58035,SRR413629
Bacteroides_ovatus_58035,SRR413641
Bacteroides_ovatus_58035,SRR413659
Bacteroides_ovatus_58035,SRR413758
Bacteroides_ovatus_58035,ERR911967
Bacteroides_ovatus_58035,ERR911970
Bacteroides_ovatus_58035,ERR911977
Bacteroides_ovatus_58035,ERR911986
Bacteroides_ovatus_58035,ERR911987
Bacteroides_ovatus_58035,ERR911997
Bacteroides_ovatus_58035,ERR912004
Bacteroides_ovatus_58035,ERR912031
Bacteroides_ovatus_58035,ERR912033
Bacteroides_ovatus_58035,ERR912038
Bacteroides_ovatus_58035,ERR912052
Bacteroides_ovatus_58035,ERR912061
Bacteroides_ovatus_58035,ERR912064
Bacteroides_ovatus_58035,ERR912068
Bacteroides_ovatus_58035,ERR912081
Bacteroides_ovatus_58035,ERR912113
Bacteroides_ovatus_58035,ERR912114
Bacteroides_ovatus_58035,ERR912127
Bacteroides_ovatus_58035,ERR912128
Bacteroides_ovatus_58035,ERR912136
Bacteroides_ovatus_58035,ERR912139
Bacteroides_ovatus_58035,ERR912142
Bacteroides_ovatus_58035,ERR912150
Bacteroides_ovatus_58035,ERR912161
Bacteroides_ovatus_58035,ERR912163
Bacteroides_ovatus_58035,ERR912179
Bacteroides_ovatus_58035,ERR912180
Bacteroides_ovatus_58035,ERR912181
Bacteroides_ovatus_58035,ERR912183
Bacteroides_ovatus_58035,ERR912187
Bacteroides_ovatus_58035,ERR912188
Bacteroides_ovatus_58035,ERR912193
Bacteroides_ovatus_58035,pluto3-11-0-0_
Bacteroides_ovatus_58035,pluto3-11-30-0_
Bacteroides_ovatus_58035,pluto3-11-7-0_
Bacteroides_plebeius_61623,700015415
Bacteroides_plebeius_61623,700016210
Bacteroides_plebeius_61623,700023188
Bacteroides_plebeius_61623,700024318
Bacteroides_plebeius_61623,700024437
Bacteroides_plebeius_61623,700034166
Bacteroides_plebeius_61623,700095410
Bacteroides_plebeius_61623,700098932
Bacteroides_plebeius_61623,700099886
Bacteroides_plebeius_61623,700101243
Bacteroides_plebeius_61623,700103558
Bacteroides_plebeius_61623,700105372
Bacteroides_plebeius_61623,700106198
Bacteroides_plebeius_61623,700106412
Bacteroides_plebeius_61623,700106694
Bacteroides_plebeius_61623,700109449
Bacteroides_plebeius_61623,700109621
Bacteroides_plebeius_61623,700114911
Bacteroides_plebeius_61623,700116865
Bacteroides_plebeius_61623,700119562
Bacteroides_plebeius_61623,700119987
Bacteroides_plebeius_61623,700163628
Bacteroides_plebeius_61623,700164450
Bacteroides_plebeius_61623,700165148
Bacteroides_plebeius_61623,700171955
Bacteroides_plebeius_61623,700172621
Bacteroides_plebeius_61623,SRR341623
Bacteroides_plebeius_61623,SRR341692
Bacteroides_plebeius_61623,SRR341702
Bacteroides_plebeius_61623,SRR341715
Bacteroides_plebeius_61623,SRR341722
Bacteroides_plebeius_61623,SRR413559
Bacteroides_plebeius_61623,SRR413560
Bacteroides_plebeius_61623,SRR413575
Bacteroides_plebeius_61623,SRR413576
Bacteroides_plebeius_61623,SRR413579
Bacteroides_plebeius_61623,SRR413580
Bacteroides_plebeius_61623,SRR413581
Bacteroides_plebeius_61623,SRR413590
Bacteroides_plebeius_61623,SRR413593
Bacteroides_plebeius_61623,SRR413596
Bacteroides_plebeius_61623,SRR413598
Bacteroides_plebeius_61623,SRR413607
Bacteroides_plebeius_61623,SRR413609
Bacteroides_plebeius_61623,SRR413613
Bacteroides_plebeius_61623,SRR413615
Bacteroides_plebeius_61623,SRR413616
Bacteroides_plebeius_61623,SRR413617
Bacteroides_plebeius_61623,SRR413619
Bacteroides_plebeius_61623,SRR413624
Bacteroides_plebeius_61623,SRR413630
Bacteroides_plebeius_61623,SRR413637
Bacteroides_plebeius_61623,SRR413643
Bacteroides_plebeius_61623,SRR413649
Bacteroides_plebeius_61623,SRR413651
Bacteroides_plebeius_61623,SRR413653
Bacteroides_plebeius_61623,SRR413661
Bacteroides_plebeius_61623,SRR413662
Bacteroides_plebeius_61623,ERR911982
Bacteroides_plebeius_61623,ERR911996
Bacteroides_plebeius_61623,ERR912004
Bacteroides_plebeius_61623,ERR912006
Bacteroides_plebeius_61623,ERR912015
Bacteroides_plebeius_61623,ERR912032
Bacteroides_plebeius_61623,ERR912053
Bacteroides_plebeius_61623,ERR912124
Bacteroides_plebeius_61623,ERR912126
Bacteroides_plebeius_61623,ERR912132
Bacteroides_plebeius_61623,ERR912148
Bacteroides_plebeius_61623,ERR912155
Bacteroides_stercoris_56735,700013603
Bacteroides_stercoris_56735,700013672
Bacteroides_stercoris_56735,700013715
Bacteroides_stercoris_56735,700014386
Bacteroides_stercoris_56735,700014724
Bacteroides_stercoris_56735,700015250
Bacteroides_stercoris_56735,700015415
Bacteroides_stercoris_56735,700015857
Bacteroides_stercoris_56735,700016000
Bacteroides_stercoris_56735,700016210
Bacteroides_stercoris_56735,700016542
Bacteroides_stercoris_56735,700016610
Bacteroides_stercoris_56735,700016716
Bacteroides_stercoris_56735,700016765
Bacteroides_stercoris_56735,700016960
Bacteroides_stercoris_56735,700023066
Bacteroides_stercoris_56735,700023113
Bacteroides_stercoris_56735,700023337
Bacteroides_stercoris_56735,700023509
Bacteroides_stercoris_56735,700023578
Bacteroides_stercoris_56735,700023720
Bacteroides_stercoris_56735,700024086
Bacteroides_stercoris_56735,700024234
Bacteroides_stercoris_56735,700024349
Bacteroides_stercoris_56735,700024449
Bacteroides_stercoris_56735,700024509
Bacteroides_stercoris_56735,700024615
Bacteroides_stercoris_56735,700024711
Bacteroides_stercoris_56735,700024998
Bacteroides_stercoris_56735,700032133
Bacteroides_stercoris_56735,700032413
Bacteroides_stercoris_56735,700033435
Bacteroides_stercoris_56735,700033436
Bacteroides_stercoris_56735,700033665
Bacteroides_stercoris_56735,700033726
Bacteroides_stercoris_56735,700033922
Bacteroides_stercoris_56735,700034166
Bacteroides_stercoris_56735,700034254
Bacteroides_stercoris_56735,700034838
Bacteroides_stercoris_56735,700034926
Bacteroides_stercoris_56735,700035157
Bacteroides_stercoris_56735,700035533
Bacteroides_stercoris_56735,700037284
Bacteroides_stercoris_56735,700037405
Bacteroides_stercoris_56735,700037501
Bacteroides_stercoris_56735,700037539
Bacteroides_stercoris_56735,700037649
Bacteroides_stercoris_56735,700037852
Bacteroides_stercoris_56735,700037868
Bacteroides_stercoris_56735,700038493
Bacteroides_stercoris_56735,700038702
Bacteroides_stercoris_56735,700038806
Bacteroides_stercoris_56735,700038870
Bacteroides_stercoris_56735,700038956
Bacteroides_stercoris_56735,700095213
Bacteroides_stercoris_56735,700095353
Bacteroides_stercoris_56735,700095486
Bacteroides_stercoris_56735,700095717
Bacteroides_stercoris_56735,700096380
Bacteroides_stercoris_56735,700097196
Bacteroides_stercoris_56735,700097234
Bacteroides_stercoris_56735,700097291
Bacteroides_stercoris_56735,700097688
Bacteroides_stercoris_56735,700097837
Bacteroides_stercoris_56735,700097906
Bacteroides_stercoris_56735,700098669
Bacteroides_stercoris_56735,700099002
Bacteroides_stercoris_56735,700099746
Bacteroides_stercoris_56735,700099803
Bacteroides_stercoris_56735,700099886
Bacteroides_stercoris_56735,700100022
Bacteroides_stercoris_56735,700100540
Bacteroides_stercoris_56735,700101243
Bacteroides_stercoris_56735,700101366
Bacteroides_stercoris_56735,700101534
Bacteroides_stercoris_56735,700101916
Bacteroides_stercoris_56735,700102043
Bacteroides_stercoris_56735,700102242
Bacteroides_stercoris_56735,700102299
Bacteroides_stercoris_56735,700102432
Bacteroides_stercoris_56735,700102586
Bacteroides_stercoris_56735,700103477
Bacteroides_stercoris_56735,700105049
Bacteroides_stercoris_56735,700105306
Bacteroides_stercoris_56735,700105580
Bacteroides_stercoris_56735,700105882
Bacteroides_stercoris_56735,700106170
Bacteroides_stercoris_56735,700106229
Bacteroides_stercoris_56735,700106325
Bacteroides_stercoris_56735,700108095
Bacteroides_stercoris_56735,700108161
Bacteroides_stercoris_56735,700108341
Bacteroides_stercoris_56735,700109231
Bacteroides_stercoris_56735,700109383
Bacteroides_stercoris_56735,700109621
Bacteroides_stercoris_56735,700110089
Bacteroides_stercoris_56735,700110419
Bacteroides_stercoris_56735,700111156
Bacteroides_stercoris_56735,700111223
Bacteroides_stercoris_56735,700112046
Bacteroides_stercoris_56735,700113114
Bacteroides_stercoris_56735,700113810
Bacteroides_stercoris_56735,700114218
Bacteroides_stercoris_56735,700116028
Bacteroides_stercoris_56735,700116076
Bacteroides_stercoris_56735,700116248
Bacteroides_stercoris_56735,700116505
Bacteroides_stercoris_56735,700116730
Bacteroides_stercoris_56735,700116828
Bacteroides_stercoris_56735,700116865
Bacteroides_stercoris_56735,700117031
Bacteroides_stercoris_56735,700117069
Bacteroides_stercoris_56735,700117303
Bacteroides_stercoris_56735,700117537
Bacteroides_stercoris_56735,700117625
Bacteroides_stercoris_56735,700117682
Bacteroides_stercoris_56735,700117755
Bacteroides_stercoris_56735,700117992
Bacteroides_stercoris_56735,700119165
Bacteroides_stercoris_56735,700119562
Bacteroides_stercoris_56735,700119987
Bacteroides_stercoris_56735,700122108
Bacteroides_stercoris_56735,700122165
Bacteroides_stercoris_56735,700123135
Bacteroides_stercoris_56735,700123562
Bacteroides_stercoris_56735,700161532
Bacteroides_stercoris_56735,700161533
Bacteroides_stercoris_56735,700161856
Bacteroides_stercoris_56735,700161945
Bacteroides_stercoris_56735,700161967
Bacteroides_stercoris_56735,700163628
Bacteroides_stercoris_56735,700163699
Bacteroides_stercoris_56735,700163772
Bacteroides_stercoris_56735,700163868
Bacteroides_stercoris_56735,700164159
Bacteroides_stercoris_56735,700164417
Bacteroides_stercoris_56735,700164686
Bacteroides_stercoris_56735,700164792
Bacteroides_stercoris_56735,700164870
Bacteroides_stercoris_56735,700165148
Bacteroides_stercoris_56735,700165263
Bacteroides_stercoris_56735,700165311
Bacteroides_stercoris_56735,700165778
Bacteroides_stercoris_56735,700166262
Bacteroides_stercoris_56735,700166643
Bacteroides_stercoris_56735,700166862
Bacteroides_stercoris_56735,700167825
Bacteroides_stercoris_56735,700171115
Bacteroides_stercoris_56735,700171341
Bacteroides_stercoris_56735,700171679
Bacteroides_stercoris_56735,700171727
Bacteroides_stercoris_56735,700171916
Bacteroides_stercoris_56735,700172132
Bacteroides_stercoris_56735,700172346
Bacteroides_stercoris_56735,700172813
Bacteroides_stercoris_56735,700173023
Bacteroides_stercoris_56735,700173320
Bacteroides_stercoris_56735,700173377
Bacteroides_stercoris_56735,700173483
Bacteroides_stercoris_56735,SRR341618
Bacteroides_stercoris_56735,SRR341624
Bacteroides_stercoris_56735,SRR341638
Bacteroides_stercoris_56735,SRR341640
Bacteroides_stercoris_56735,SRR341645
Bacteroides_stercoris_56735,SRR341646
Bacteroides_stercoris_56735,SRR341649
Bacteroides_stercoris_56735,SRR341650
Bacteroides_stercoris_56735,SRR341690
Bacteroides_stercoris_56735,SRR341691
Bacteroides_stercoris_56735,SRR341697
Bacteroides_stercoris_56735,SRR341709
Bacteroides_stercoris_56735,SRR341710
Bacteroides_stercoris_56735,SRR341717
Bacteroides_stercoris_56735,SRR413558
Bacteroides_stercoris_56735,SRR413559
Bacteroides_stercoris_56735,SRR413562
Bacteroides_stercoris_56735,SRR413566
Bacteroides_stercoris_56735,SRR413580
Bacteroides_stercoris_56735,SRR413581
Bacteroides_stercoris_56735,SRR413585
Bacteroides_stercoris_56735,SRR413587
Bacteroides_stercoris_56735,SRR413589
Bacteroides_stercoris_56735,SRR413594
Bacteroides_stercoris_56735,SRR413601
Bacteroides_stercoris_56735,SRR413607
Bacteroides_stercoris_56735,SRR413613
Bacteroides_stercoris_56735,SRR413614
Bacteroides_stercoris_56735,SRR413615
Bacteroides_stercoris_56735,SRR413616
Bacteroides_stercoris_56735,SRR413618
Bacteroides_stercoris_56735,SRR413619
Bacteroides_stercoris_56735,SRR413621
Bacteroides_stercoris_56735,SRR413627
Bacteroides_stercoris_56735,SRR413633
Bacteroides_stercoris_56735,SRR413653
Bacteroides_stercoris_56735,SRR413663
Bacteroides_stercoris_56735,SRR413665
Bacteroides_stercoris_56735,ERR911954
Bacteroides_stercoris_56735,ERR911956
Bacteroides_stercoris_56735,ERR911960
Bacteroides_stercoris_56735,ERR911968
Bacteroides_stercoris_56735,ERR911969
Bacteroides_stercoris_56735,ERR911970
Bacteroides_stercoris_56735,ERR911971
Bacteroides_stercoris_56735,ERR911974
Bacteroides_stercoris_56735,ERR911975
Bacteroides_stercoris_56735,ERR911985
Bacteroides_stercoris_56735,ERR911990
Bacteroides_stercoris_56735,ERR911993
Bacteroides_stercoris_56735,ERR912001
Bacteroides_stercoris_56735,ERR912003
Bacteroides_stercoris_56735,ERR912018
Bacteroides_stercoris_56735,ERR912022
Bacteroides_stercoris_56735,ERR912024
Bacteroides_stercoris_56735,ERR912032
Bacteroides_stercoris_56735,ERR912048
Bacteroides_stercoris_56735,ERR912055
Bacteroides_stercoris_56735,ERR912066
Bacteroides_stercoris_56735,ERR912095
Bacteroides_stercoris_56735,ERR912110
Bacteroides_stercoris_56735,ERR912132
Bacteroides_stercoris_56735,ERR912152
Bacteroides_stercoris_56735,ERR912165
Bacteroides_stercoris_56735,ERR912171
Bacteroides_stercoris_56735,ERR912173
Bacteroides_stercoris_56735,ERR912182
Bacteroides_stercoris_56735,ERR912185
Bacteroides_stercoris_56735,ERR912191
Bacteroides_stercoris_56735,ERR912198
Bacteroides_stercoris_56735,1089275-24-28-0_
Bacteroides_stercoris_56735,1089279-24-0-0_
Bacteroides_stercoris_56735,1089279-24-28-0_
Bacteroides_stercoris_56735,1089279-24-7-0_
Bacteroides_stercoris_56735,donald4-11-7-0_
Bacteroides_stercoris_56735,pluto3-11-0-0_
Bacteroides_stercoris_56735,pluto3-11-7-0_
Bacteroides_thetaiotaomicron_56941,700013603
Bacteroides_thetaiotaomicron_56941,700014486
Bacteroides_thetaiotaomicron_56941,700014724
Bacteroides_thetaiotaomicron_56941,700015250
Bacteroides_thetaiotaomicron_56941,700015922
Bacteroides_thetaiotaomicron_56941,700015981
Bacteroides_thetaiotaomicron_56941,700016142
Bacteroides_thetaiotaomicron_56941,700016610
Bacteroides_thetaiotaomicron_56941,700016960
Bacteroides_thetaiotaomicron_56941,700023267
Bacteroides_thetaiotaomicron_56941,700023919
Bacteroides_thetaiotaomicron_56941,700024024
Bacteroides_thetaiotaomicron_56941,700024086
Bacteroides_thetaiotaomicron_56941,700024141
Bacteroides_thetaiotaomicron_56941,700024233
Bacteroides_thetaiotaomicron_56941,700024449
Bacteroides_thetaiotaomicron_56941,700024545
Bacteroides_thetaiotaomicron_56941,700024615
Bacteroides_thetaiotaomicron_56941,700024673
Bacteroides_thetaiotaomicron_56941,700024752
Bacteroides_thetaiotaomicron_56941,700024930
Bacteroides_thetaiotaomicron_56941,700032133
Bacteroides_thetaiotaomicron_56941,700032944
Bacteroides_thetaiotaomicron_56941,700033153
Bacteroides_thetaiotaomicron_56941,700033435
Bacteroides_thetaiotaomicron_56941,700033436
Bacteroides_thetaiotaomicron_56941,700033502
Bacteroides_thetaiotaomicron_56941,700033726
Bacteroides_thetaiotaomicron_56941,700033922
Bacteroides_thetaiotaomicron_56941,700034254
Bacteroides_thetaiotaomicron_56941,700035785
Bacteroides_thetaiotaomicron_56941,700037042
Bacteroides_thetaiotaomicron_56941,700037284
Bacteroides_thetaiotaomicron_56941,700037453
Bacteroides_thetaiotaomicron_56941,700037539
Bacteroides_thetaiotaomicron_56941,700037852
Bacteroides_thetaiotaomicron_56941,700037868
Bacteroides_thetaiotaomicron_56941,700038053
Bacteroides_thetaiotaomicron_56941,700038263
Bacteroides_thetaiotaomicron_56941,700038493
Bacteroides_thetaiotaomicron_56941,700038594
Bacteroides_thetaiotaomicron_56941,700095213
Bacteroides_thetaiotaomicron_56941,700095647
Bacteroides_thetaiotaomicron_56941,700096700
Bacteroides_thetaiotaomicron_56941,700096865
Bacteroides_thetaiotaomicron_56941,700097196
Bacteroides_thetaiotaomicron_56941,700097291
Bacteroides_thetaiotaomicron_56941,700097906
Bacteroides_thetaiotaomicron_56941,700097973
Bacteroides_thetaiotaomicron_56941,700098561
Bacteroides_thetaiotaomicron_56941,700098669
Bacteroides_thetaiotaomicron_56941,700098867
Bacteroides_thetaiotaomicron_56941,700099002
Bacteroides_thetaiotaomicron_56941,700099803
Bacteroides_thetaiotaomicron_56941,700100471
Bacteroides_thetaiotaomicron_56941,700100540
Bacteroides_thetaiotaomicron_56941,700101534
Bacteroides_thetaiotaomicron_56941,700101840
Bacteroides_thetaiotaomicron_56941,700102242
Bacteroides_thetaiotaomicron_56941,700102299
Bacteroides_thetaiotaomicron_56941,700102905
Bacteroides_thetaiotaomicron_56941,700103652
Bacteroides_thetaiotaomicron_56941,700105306
Bacteroides_thetaiotaomicron_56941,700105940
Bacteroides_thetaiotaomicron_56941,700106056
Bacteroides_thetaiotaomicron_56941,700106325
Bacteroides_thetaiotaomicron_56941,700106504
Bacteroides_thetaiotaomicron_56941,700106646
Bacteroides_thetaiotaomicron_56941,700106836
Bacteroides_thetaiotaomicron_56941,700106876
Bacteroides_thetaiotaomicron_56941,700107566
Bacteroides_thetaiotaomicron_56941,700108095
Bacteroides_thetaiotaomicron_56941,700108161
Bacteroides_thetaiotaomicron_56941,700108530
Bacteroides_thetaiotaomicron_56941,700108840
Bacteroides_thetaiotaomicron_56941,700109231
Bacteroides_thetaiotaomicron_56941,700109383
Bacteroides_thetaiotaomicron_56941,700109564
Bacteroides_thetaiotaomicron_56941,700110155
Bacteroides_thetaiotaomicron_56941,700110419
Bacteroides_thetaiotaomicron_56941,700112046
Bacteroides_thetaiotaomicron_56941,700112433
Bacteroides_thetaiotaomicron_56941,700112490
Bacteroides_thetaiotaomicron_56941,700113762
Bacteroides_thetaiotaomicron_56941,700113867
Bacteroides_thetaiotaomicron_56941,700113975
Bacteroides_thetaiotaomicron_56941,700114082
Bacteroides_thetaiotaomicron_56941,700114125
Bacteroides_thetaiotaomicron_56941,700116076
Bacteroides_thetaiotaomicron_56941,700116201
Bacteroides_thetaiotaomicron_56941,700116358
Bacteroides_thetaiotaomicron_56941,700116468
Bacteroides_thetaiotaomicron_56941,700117000
Bacteroides_thetaiotaomicron_56941,700117031
Bacteroides_thetaiotaomicron_56941,700117239
Bacteroides_thetaiotaomicron_56941,700117625
Bacteroides_thetaiotaomicron_56941,700117755
Bacteroides_thetaiotaomicron_56941,700117828
Bacteroides_thetaiotaomicron_56941,700119165
Bacteroides_thetaiotaomicron_56941,700122408
Bacteroides_thetaiotaomicron_56941,700123700
Bacteroides_thetaiotaomicron_56941,700123827
Bacteroides_thetaiotaomicron_56941,700123959
Bacteroides_thetaiotaomicron_56941,700161219
Bacteroides_thetaiotaomicron_56941,700161342
Bacteroides_thetaiotaomicron_56941,700161743
Bacteroides_thetaiotaomicron_56941,700161856
Bacteroides_thetaiotaomicron_56941,700161872
Bacteroides_thetaiotaomicron_56941,700163238
Bacteroides_thetaiotaomicron_56941,700163699
Bacteroides_thetaiotaomicron_56941,700163772
Bacteroides_thetaiotaomicron_56941,700163811
Bacteroides_thetaiotaomicron_56941,700163868
Bacteroides_thetaiotaomicron_56941,700164354
Bacteroides_thetaiotaomicron_56941,700164870
Bacteroides_thetaiotaomicron_56941,700164891
Bacteroides_thetaiotaomicron_56941,700165052
Bacteroides_thetaiotaomicron_56941,700165148
Bacteroides_thetaiotaomicron_56941,700171115
Bacteroides_thetaiotaomicron_56941,700171574
Bacteroides_thetaiotaomicron_56941,700171648
Bacteroides_thetaiotaomicron_56941,700172279
Bacteroides_thetaiotaomicron_56941,700173086
Bacteroides_thetaiotaomicron_56941,700173176
Bacteroides_thetaiotaomicron_56941,700173272
Bacteroides_thetaiotaomicron_56941,700173377
Bacteroides_thetaiotaomicron_56941,700173546
Bacteroides_thetaiotaomicron_56941,SRR341624
Bacteroides_thetaiotaomicron_56941,SRR341636
Bacteroides_thetaiotaomicron_56941,SRR341644
Bacteroides_thetaiotaomicron_56941,SRR341723
Bacteroides_thetaiotaomicron_56941,SRR413592
Bacteroides_thetaiotaomicron_56941,SRR413605
Bacteroides_thetaiotaomicron_56941,SRR413620
Bacteroides_thetaiotaomicron_56941,ERR911955
Bacteroides_thetaiotaomicron_56941,ERR911962
Bacteroides_thetaiotaomicron_56941,ERR911967
Bacteroides_thetaiotaomicron_56941,ERR911970
Bacteroides_thetaiotaomicron_56941,ERR911971
Bacteroides_thetaiotaomicron_56941,ERR911977
Bacteroides_thetaiotaomicron_56941,ERR912024
Bacteroides_thetaiotaomicron_56941,ERR912025
Bacteroides_thetaiotaomicron_56941,ERR912034
Bacteroides_thetaiotaomicron_56941,ERR912037
Bacteroides_thetaiotaomicron_56941,ERR912039
Bacteroides_thetaiotaomicron_56941,ERR912041
Bacteroides_thetaiotaomicron_56941,ERR912065
Bacteroides_thetaiotaomicron_56941,ERR912073
Bacteroides_thetaiotaomicron_56941,ERR912088
Bacteroides_thetaiotaomicron_56941,ERR912089
Bacteroides_thetaiotaomicron_56941,ERR912104
Bacteroides_thetaiotaomicron_56941,ERR912112
Bacteroides_thetaiotaomicron_56941,ERR912145
Bacteroides_thetaiotaomicron_56941,ERR912150
Bacteroides_thetaiotaomicron_56941,ERR912170
Bacteroides_thetaiotaomicron_56941,ERR912176
Bacteroides_thetaiotaomicron_56941,ERR912178
Bacteroides_thetaiotaomicron_56941,ERR912182
Bacteroides_thetaiotaomicron_56941,ERR912183
Bacteroides_thetaiotaomicron_56941,ERR912188
Bacteroides_thetaiotaomicron_56941,ERR912191
Bacteroides_thetaiotaomicron_56941,1089275-24-0-0_
Bacteroides_thetaiotaomicron_56941,1089275-24-7-0_
Bacteroides_uniformis_57318,700013588
Bacteroides_uniformis_57318,700013603
Bacteroides_uniformis_57318,700014724
Bacteroides_uniformis_57318,700015702
Bacteroides_uniformis_57318,700015857
Bacteroides_uniformis_57318,700015981
Bacteroides_uniformis_57318,700016000
Bacteroides_uniformis_57318,700016142
Bacteroides_uniformis_57318,700016456
Bacteroides_uniformis_57318,700016610
Bacteroides_uniformis_57318,700016716
Bacteroides_uniformis_57318,700016765
Bacteroides_uniformis_57318,700016902
Bacteroides_uniformis_57318,700016960
Bacteroides_uniformis_57318,700021123
Bacteroides_uniformis_57318,700021261
Bacteroides_uniformis_57318,700021295
Bacteroides_uniformis_57318,700021306
Bacteroides_uniformis_57318,700021824
Bacteroides_uniformis_57318,700021902
Bacteroides_uniformis_57318,700023066
Bacteroides_uniformis_57318,700023337
Bacteroides_uniformis_57318,700023578
Bacteroides_uniformis_57318,700023634
Bacteroides_uniformis_57318,700023720
Bacteroides_uniformis_57318,700023872
Bacteroides_uniformis_57318,700023919
Bacteroides_uniformis_57318,700024024
Bacteroides_uniformis_57318,700024086
Bacteroides_uniformis_57318,700024449
Bacteroides_uniformis_57318,700024509
Bacteroides_uniformis_57318,700024545
Bacteroides_uniformis_57318,700024615
Bacteroides_uniformis_57318,700024673
Bacteroides_uniformis_57318,700024711
Bacteroides_uniformis_57318,700024789
Bacteroides_uniformis_57318,700024866
Bacteroides_uniformis_57318,700032133
Bacteroides_uniformis_57318,700032944
Bacteroides_uniformis_57318,700033153
Bacteroides_uniformis_57318,700033201
Bacteroides_uniformis_57318,700033435
Bacteroides_uniformis_57318,700033436
Bacteroides_uniformis_57318,700033665
Bacteroides_uniformis_57318,700034166
Bacteroides_uniformis_57318,700034254
Bacteroides_uniformis_57318,700034926
Bacteroides_uniformis_57318,700035157
Bacteroides_uniformis_57318,700035533
Bacteroides_uniformis_57318,700035861
Bacteroides_uniformis_57318,700037008
Bacteroides_uniformis_57318,700037284
Bacteroides_uniformis_57318,700037303
Bacteroides_uniformis_57318,700037405
Bacteroides_uniformis_57318,700037453
Bacteroides_uniformis_57318,700037501
Bacteroides_uniformis_57318,700037539
Bacteroides_uniformis_57318,700037632
Bacteroides_uniformis_57318,700037738
Bacteroides_uniformis_57318,700037757
Bacteroides_uniformis_57318,700037852
Bacteroides_uniformis_57318,700037868
Bacteroides_uniformis_57318,700037916
Bacteroides_uniformis_57318,700037967
Bacteroides_uniformis_57318,700038072
Bacteroides_uniformis_57318,700038158
Bacteroides_uniformis_57318,700038167
Bacteroides_uniformis_57318,700038386
Bacteroides_uniformis_57318,700038493
Bacteroides_uniformis_57318,700038546
Bacteroides_uniformis_57318,700038702
Bacteroides_uniformis_57318,700038761
Bacteroides_uniformis_57318,700038806
Bacteroides_uniformis_57318,700038870
Bacteroides_uniformis_57318,700095058
Bacteroides_uniformis_57318,700095213
Bacteroides_uniformis_57318,700095410
Bacteroides_uniformis_57318,700095717
Bacteroides_uniformis_57318,700097196
Bacteroides_uniformis_57318,700097482
Bacteroides_uniformis_57318,700097837
Bacteroides_uniformis_57318,700097906
Bacteroides_uniformis_57318,700097973
Bacteroides_uniformis_57318,700098267
Bacteroides_uniformis_57318,700098429
Bacteroides_uniformis_57318,700098669
Bacteroides_uniformis_57318,700098867
Bacteroides_uniformis_57318,700099002
Bacteroides_uniformis_57318,700099746
Bacteroides_uniformis_57318,700099886
Bacteroides_uniformis_57318,700100022
Bacteroides_uniformis_57318,700100432
Bacteroides_uniformis_57318,700100471
Bacteroides_uniformis_57318,700100540
Bacteroides_uniformis_57318,700100600
Bacteroides_uniformis_57318,700101366
Bacteroides_uniformis_57318,700101638
Bacteroides_uniformis_57318,700101916
Bacteroides_uniformis_57318,700102242
Bacteroides_uniformis_57318,700102299
Bacteroides_uniformis_57318,700102432
Bacteroides_uniformis_57318,700102905
Bacteroides_uniformis_57318,700103477
Bacteroides_uniformis_57318,700105049
Bacteroides_uniformis_57318,700105153
Bacteroides_uniformis_57318,700105237
Bacteroides_uniformis_57318,700105306
Bacteroides_uniformis_57318,700105312
Bacteroides_uniformis_57318,700105372
Bacteroides_uniformis_57318,700105517
Bacteroides_uniformis_57318,700105613
Bacteroides_uniformis_57318,700105685
Bacteroides_uniformis_57318,700105882
Bacteroides_uniformis_57318,700106056
Bacteroides_uniformis_57318,700106065
Bacteroides_uniformis_57318,700106170
Bacteroides_uniformis_57318,700106325
Bacteroides_uniformis_57318,700106646
Bacteroides_uniformis_57318,700106754
Bacteroides_uniformis_57318,700106876
Bacteroides_uniformis_57318,700107566
Bacteroides_uniformis_57318,700107930
Bacteroides_uniformis_57318,700108095
Bacteroides_uniformis_57318,700108161
Bacteroides_uniformis_57318,700109231
Bacteroides_uniformis_57318,700109383
Bacteroides_uniformis_57318,700109564
Bacteroides_uniformis_57318,700110222
Bacteroides_uniformis_57318,700110354
Bacteroides_uniformis_57318,700110419
Bacteroides_uniformis_57318,700110812
Bacteroides_uniformis_57318,700111223
Bacteroides_uniformis_57318,700111296
Bacteroides_uniformis_57318,700111439
Bacteroides_uniformis_57318,700112046
Bacteroides_uniformis_57318,700112433
Bacteroides_uniformis_57318,700112490
Bacteroides_uniformis_57318,700113705
Bacteroides_uniformis_57318,700113762
Bacteroides_uniformis_57318,700113810
Bacteroides_uniformis_57318,700113867
Bacteroides_uniformis_57318,700113975
Bacteroides_uniformis_57318,700114000
Bacteroides_uniformis_57318,700114082
Bacteroides_uniformis_57318,700114218
Bacteroides_uniformis_57318,700114480
Bacteroides_uniformis_57318,700116028
Bacteroides_uniformis_57318,700116076
Bacteroides_uniformis_57318,700116148
Bacteroides_uniformis_57318,700116201
Bacteroides_uniformis_57318,700116248
Bacteroides_uniformis_57318,700116296
Bacteroides_uniformis_57318,700116358
Bacteroides_uniformis_57318,700116401
Bacteroides_uniformis_57318,700116505
Bacteroides_uniformis_57318,700116568
Bacteroides_uniformis_57318,700116611
Bacteroides_uniformis_57318,700116730
Bacteroides_uniformis_57318,700116828
Bacteroides_uniformis_57318,700116865
Bacteroides_uniformis_57318,700117000
Bacteroides_uniformis_57318,700117031
Bacteroides_uniformis_57318,700117172
Bacteroides_uniformis_57318,700117239
Bacteroides_uniformis_57318,700117303
Bacteroides_uniformis_57318,700117625
Bacteroides_uniformis_57318,700117682
Bacteroides_uniformis_57318,700117766
Bacteroides_uniformis_57318,700119739
Bacteroides_uniformis_57318,700120572
Bacteroides_uniformis_57318,700120753
Bacteroides_uniformis_57318,700121919
Bacteroides_uniformis_57318,700122108
Bacteroides_uniformis_57318,700122165
Bacteroides_uniformis_57318,700122408
Bacteroides_uniformis_57318,700123135
Bacteroides_uniformis_57318,700123562
Bacteroides_uniformis_57318,700123700
Bacteroides_uniformis_57318,700123827
Bacteroides_uniformis_57318,700124561
Bacteroides_uniformis_57318,700161219
Bacteroides_uniformis_57318,700161342
Bacteroides_uniformis_57318,700161429
Bacteroides_uniformis_57318,700161629
Bacteroides_uniformis_57318,700161742
Bacteroides_uniformis_57318,700161856
Bacteroides_uniformis_57318,700161872
Bacteroides_uniformis_57318,700161945
Bacteroides_uniformis_57318,700161967
Bacteroides_uniformis_57318,700163181
Bacteroides_uniformis_57318,700163238
Bacteroides_uniformis_57318,700163521
Bacteroides_uniformis_57318,700163699
Bacteroides_uniformis_57318,700163772
Bacteroides_uniformis_57318,700163811
Bacteroides_uniformis_57318,700163868
Bacteroides_uniformis_57318,700163982
Bacteroides_uniformis_57318,700164192
Bacteroides_uniformis_57318,700164417
Bacteroides_uniformis_57318,700164611
Bacteroides_uniformis_57318,700164641
Bacteroides_uniformis_57318,700164735
Bacteroides_uniformis_57318,700164792
Bacteroides_uniformis_57318,700164870
Bacteroides_uniformis_57318,700164891
Bacteroides_uniformis_57318,700165052
Bacteroides_uniformis_57318,700165224
Bacteroides_uniformis_57318,700165263
Bacteroides_uniformis_57318,700165311
Bacteroides_uniformis_57318,700165407
Bacteroides_uniformis_57318,700165455
Bacteroides_uniformis_57318,700165530
Bacteroides_uniformis_57318,700165634
Bacteroides_uniformis_57318,700166262
Bacteroides_uniformis_57318,700166775
Bacteroides_uniformis_57318,700167107
Bacteroides_uniformis_57318,700171115
Bacteroides_uniformis_57318,700171441
Bacteroides_uniformis_57318,700171648
Bacteroides_uniformis_57318,700171679
Bacteroides_uniformis_57318,700171727
Bacteroides_uniformis_57318,700171916
Bacteroides_uniformis_57318,700171955
Bacteroides_uniformis_57318,700172068
Bacteroides_uniformis_57318,700172221
Bacteroides_uniformis_57318,700172279
Bacteroides_uniformis_57318,700172346
Bacteroides_uniformis_57318,700172393
Bacteroides_uniformis_57318,700172555
Bacteroides_uniformis_57318,700172621
Bacteroides_uniformis_57318,700172726
Bacteroides_uniformis_57318,700172870
Bacteroides_uniformis_57318,700173023
Bacteroides_uniformis_57318,700173086
Bacteroides_uniformis_57318,700173119
Bacteroides_uniformis_57318,700173272
Bacteroides_uniformis_57318,700173377
Bacteroides_uniformis_57318,700173483
Bacteroides_uniformis_57318,700175086
Bacteroides_uniformis_57318,SRR341616
Bacteroides_uniformis_57318,SRR341621
Bacteroides_uniformis_57318,SRR341624
Bacteroides_uniformis_57318,SRR341632
Bacteroides_uniformis_57318,SRR341636
Bacteroides_uniformis_57318,SRR341639
Bacteroides_uniformis_57318,SRR341646
Bacteroides_uniformis_57318,SRR341690
Bacteroides_uniformis_57318,SRR341693
Bacteroides_uniformis_57318,SRR341699
Bacteroides_uniformis_57318,SRR341705
Bacteroides_uniformis_57318,SRR341707
Bacteroides_uniformis_57318,SRR341708
Bacteroides_uniformis_57318,SRR341709
Bacteroides_uniformis_57318,SRR341710
Bacteroides_uniformis_57318,SRR341716
Bacteroides_uniformis_57318,SRR341718
Bacteroides_uniformis_57318,SRR341719
Bacteroides_uniformis_57318,SRR413557
Bacteroides_uniformis_57318,SRR413559
Bacteroides_uniformis_57318,SRR413562
Bacteroides_uniformis_57318,SRR413575
Bacteroides_uniformis_57318,SRR413577
Bacteroides_uniformis_57318,SRR413578
Bacteroides_uniformis_57318,SRR413579
Bacteroides_uniformis_57318,SRR413585
Bacteroides_uniformis_57318,SRR413587
Bacteroides_uniformis_57318,SRR413592
Bacteroides_uniformis_57318,SRR413594
Bacteroides_uniformis_57318,SRR413596
Bacteroides_uniformis_57318,SRR413600
Bacteroides_uniformis_57318,SRR413602
Bacteroides_uniformis_57318,SRR413604
Bacteroides_uniformis_57318,SRR413605
Bacteroides_uniformis_57318,SRR413608
Bacteroides_uniformis_57318,SRR413613
Bacteroides_uniformis_57318,SRR413615
Bacteroides_uniformis_57318,SRR413617
Bacteroides_uniformis_57318,SRR413618
Bacteroides_uniformis_57318,SRR413621
Bacteroides_uniformis_57318,SRR413622
Bacteroides_uniformis_57318,SRR413626
Bacteroides_uniformis_57318,SRR413627
Bacteroides_uniformis_57318,SRR413650
Bacteroides_uniformis_57318,SRR413659
Bacteroides_uniformis_57318,SRR413663
Bacteroides_uniformis_57318,ERR911956
Bacteroides_uniformis_57318,ERR911957
Bacteroides_uniformis_57318,ERR911959
Bacteroides_uniformis_57318,ERR911961
Bacteroides_uniformis_57318,ERR911963
Bacteroides_uniformis_57318,ERR911966
Bacteroides_uniformis_57318,ERR911967
Bacteroides_uniformis_57318,ERR911968
Bacteroides_uniformis_57318,ERR911969
Bacteroides_uniformis_57318,ERR911970
Bacteroides_uniformis_57318,ERR911975
Bacteroides_uniformis_57318,ERR911977
Bacteroides_uniformis_57318,ERR911979
Bacteroides_uniformis_57318,ERR911980
Bacteroides_uniformis_57318,ERR911981
Bacteroides_uniformis_57318,ERR911984
Bacteroides_uniformis_57318,ERR911986
Bacteroides_uniformis_57318,ERR911994
Bacteroides_uniformis_57318,ERR912001
Bacteroides_uniformis_57318,ERR912002
Bacteroides_uniformis_57318,ERR912005
Bacteroides_uniformis_57318,ERR912008
Bacteroides_uniformis_57318,ERR912015
Bacteroides_uniformis_57318,ERR912016
Bacteroides_uniformis_57318,ERR912022
Bacteroides_uniformis_57318,ERR912023
Bacteroides_uniformis_57318,ERR912024
Bacteroides_uniformis_57318,ERR912025
Bacteroides_uniformis_57318,ERR912027
Bacteroides_uniformis_57318,ERR912030
Bacteroides_uniformis_57318,ERR912033
Bacteroides_uniformis_57318,ERR912035
Bacteroides_uniformis_57318,ERR912036
Bacteroides_uniformis_57318,ERR912038
Bacteroides_uniformis_57318,ERR912041
Bacteroides_uniformis_57318,ERR912042
Bacteroides_uniformis_57318,ERR912046
Bacteroides_uniformis_57318,ERR912047
Bacteroides_uniformis_57318,ERR912051
Bacteroides_uniformis_57318,ERR912052
Bacteroides_uniformis_57318,ERR912054
Bacteroides_uniformis_57318,ERR912058
Bacteroides_uniformis_57318,ERR912065
Bacteroides_uniformis_57318,ERR912067
Bacteroides_uniformis_57318,ERR912069
Bacteroides_uniformis_57318,ERR912071
Bacteroides_uniformis_57318,ERR912073
Bacteroides_uniformis_57318,ERR912075
Bacteroides_uniformis_57318,ERR912077
Bacteroides_uniformis_57318,ERR912078
Bacteroides_uniformis_57318,ERR912080
Bacteroides_uniformis_57318,ERR912081
Bacteroides_uniformis_57318,ERR912084
Bacteroides_uniformis_57318,ERR912085
Bacteroides_uniformis_57318,ERR912087
Bacteroides_uniformis_57318,ERR912090
Bacteroides_uniformis_57318,ERR912096
Bacteroides_uniformis_57318,ERR912097
Bacteroides_uniformis_57318,ERR912099
Bacteroides_uniformis_57318,ERR912100
Bacteroides_uniformis_57318,ERR912103
Bacteroides_uniformis_57318,ERR912106
Bacteroides_uniformis_57318,ERR912107
Bacteroides_uniformis_57318,ERR912108
Bacteroides_uniformis_57318,ERR912110
Bacteroides_uniformis_57318,ERR912111
Bacteroides_uniformis_57318,ERR912112
Bacteroides_uniformis_57318,ERR912113
Bacteroides_uniformis_57318,ERR912115
Bacteroides_uniformis_57318,ERR912119
Bacteroides_uniformis_57318,ERR912122
Bacteroides_uniformis_57318,ERR912125
Bacteroides_uniformis_57318,ERR912126
Bacteroides_uniformis_57318,ERR912128
Bacteroides_uniformis_57318,ERR912130
Bacteroides_uniformis_57318,ERR912132
Bacteroides_uniformis_57318,ERR912138
Bacteroides_uniformis_57318,ERR912139
Bacteroides_uniformis_57318,ERR912143
Bacteroides_uniformis_57318,ERR912145
Bacteroides_uniformis_57318,ERR912150
Bacteroides_uniformis_57318,ERR912154
Bacteroides_uniformis_57318,ERR912164
Bacteroides_uniformis_57318,ERR912165
Bacteroides_uniformis_57318,ERR912169
Bacteroides_uniformis_57318,ERR912170
Bacteroides_uniformis_57318,ERR912174
Bacteroides_uniformis_57318,ERR912175
Bacteroides_uniformis_57318,ERR912182
Bacteroides_uniformis_57318,ERR912183
Bacteroides_uniformis_57318,ERR912185
Bacteroides_uniformis_57318,ERR912187
Bacteroides_uniformis_57318,ERR912188
Bacteroides_uniformis_57318,ERR912190
Bacteroides_uniformis_57318,ERR912191
Bacteroides_uniformis_57318,ERR912193
Bacteroides_uniformis_57318,1089275-24-0-0_
Bacteroides_uniformis_57318,1089275-24-28-0_
Bacteroides_uniformis_57318,1089275-24-7-0_
Bacteroides_uniformis_57318,1089279-24-0-0_
Bacteroides_uniformis_57318,1089279-24-28-0_
Bacteroides_uniformis_57318,1089279-24-7-0_
Bacteroides_uniformis_57318,donald3-11-0-0_
Bacteroides_uniformis_57318,donald3-11-30-0_
Bacteroides_uniformis_57318,donald3-11-7-0_
Bacteroides_uniformis_57318,donald4-11-0-0_
Bacteroides_uniformis_57318,mickey3-11-30-0_
Bacteroides_uniformis_57318,mickey4-11-0-0_
Bacteroides_uniformis_57318,mickey4-11-30-0_
Bacteroides_uniformis_57318,mickey4-11-7-0_
Bacteroides_uniformis_57318,pluto3-11-0-0_
Bacteroides_uniformis_57318,pluto3-11-30-0_
Bacteroides_uniformis_57318,pluto3-11-7-0_
Bacteroides_uniformis_57318,pluto4-11-0-0_
Bacteroides_uniformis_57318,pluto4-11-30-0_
Bacteroides_uniformis_57318,pluto4-11-7-0_
Bacteroides_vulgatus_57955,700013603
Bacteroides_vulgatus_57955,700013672
Bacteroides_vulgatus_57955,700013693
Bacteroides_vulgatus_57955,700013715
Bacteroides_vulgatus_57955,700014486
Bacteroides_vulgatus_57955,700014562
Bacteroides_vulgatus_57955,700015113
Bacteroides_vulgatus_57955,700015415
Bacteroides_vulgatus_57955,700015857
Bacteroides_vulgatus_57955,700015922
Bacteroides_vulgatus_57955,700016142
Bacteroides_vulgatus_57955,700016210
Bacteroides_vulgatus_57955,700016456
Bacteroides_vulgatus_57955,700016542
Bacteroides_vulgatus_57955,700016765
Bacteroides_vulgatus_57955,700021295
Bacteroides_vulgatus_57955,700021361
Bacteroides_vulgatus_57955,700021876
Bacteroides_vulgatus_57955,700021902
Bacteroides_vulgatus_57955,700023188
Bacteroides_vulgatus_57955,700023267
Bacteroides_vulgatus_57955,700023390
Bacteroides_vulgatus_57955,700023509
Bacteroides_vulgatus_57955,700023603
Bacteroides_vulgatus_57955,700023720
Bacteroides_vulgatus_57955,700023845
Bacteroides_vulgatus_57955,700023872
Bacteroides_vulgatus_57955,700024233
Bacteroides_vulgatus_57955,700024349
Bacteroides_vulgatus_57955,700024509
Bacteroides_vulgatus_57955,700024545
Bacteroides_vulgatus_57955,700024615
Bacteroides_vulgatus_57955,700024711
Bacteroides_vulgatus_57955,700024752
Bacteroides_vulgatus_57955,700024789
Bacteroides_vulgatus_57955,700032068
Bacteroides_vulgatus_57955,700032133
Bacteroides_vulgatus_57955,700032222
Bacteroides_vulgatus_57955,700032944
Bacteroides_vulgatus_57955,700033502
Bacteroides_vulgatus_57955,700033797
Bacteroides_vulgatus_57955,700033922
Bacteroides_vulgatus_57955,700033989
Bacteroides_vulgatus_57955,700034254
Bacteroides_vulgatus_57955,700034794
Bacteroides_vulgatus_57955,700035157
Bacteroides_vulgatus_57955,700035533
Bacteroides_vulgatus_57955,700035785
Bacteroides_vulgatus_57955,700035861
Bacteroides_vulgatus_57955,700037008
Bacteroides_vulgatus_57955,700037042
Bacteroides_vulgatus_57955,700037090
Bacteroides_vulgatus_57955,700037284
Bacteroides_vulgatus_57955,700037453
Bacteroides_vulgatus_57955,700037649
Bacteroides_vulgatus_57955,700037738
Bacteroides_vulgatus_57955,700037757
Bacteroides_vulgatus_57955,700037852
Bacteroides_vulgatus_57955,700037967
Bacteroides_vulgatus_57955,700038053
Bacteroides_vulgatus_57955,700038386
Bacteroides_vulgatus_57955,700038472
Bacteroides_vulgatus_57955,700038493
Bacteroides_vulgatus_57955,700038546
Bacteroides_vulgatus_57955,700038594
Bacteroides_vulgatus_57955,700038702
Bacteroides_vulgatus_57955,700038761
Bacteroides_vulgatus_57955,700095213
Bacteroides_vulgatus_57955,700095647
Bacteroides_vulgatus_57955,700095717
Bacteroides_vulgatus_57955,700095831
Bacteroides_vulgatus_57955,700096047
Bacteroides_vulgatus_57955,700096700
Bacteroides_vulgatus_57955,700096865
Bacteroides_vulgatus_57955,700097688
Bacteroides_vulgatus_57955,700098669
Bacteroides_vulgatus_57955,700098867
Bacteroides_vulgatus_57955,700099002
Bacteroides_vulgatus_57955,700099512
Bacteroides_vulgatus_57955,700099746
Bacteroides_vulgatus_57955,700100022
Bacteroides_vulgatus_57955,700100227
Bacteroides_vulgatus_57955,700100312
Bacteroides_vulgatus_57955,700100432
Bacteroides_vulgatus_57955,700100540
Bacteroides_vulgatus_57955,700100600
Bacteroides_vulgatus_57955,700101243
Bacteroides_vulgatus_57955,700101581
Bacteroides_vulgatus_57955,700101840
Bacteroides_vulgatus_57955,700102043
Bacteroides_vulgatus_57955,700102299
Bacteroides_vulgatus_57955,700102356
Bacteroides_vulgatus_57955,700102432
Bacteroides_vulgatus_57955,700102586
Bacteroides_vulgatus_57955,700102659
Bacteroides_vulgatus_57955,700102905
Bacteroides_vulgatus_57955,700103479
Bacteroides_vulgatus_57955,700103652
Bacteroides_vulgatus_57955,700103710
Bacteroides_vulgatus_57955,700105000
Bacteroides_vulgatus_57955,700105153
Bacteroides_vulgatus_57955,700105237
Bacteroides_vulgatus_57955,700105312
Bacteroides_vulgatus_57955,700105517
Bacteroides_vulgatus_57955,700105940
Bacteroides_vulgatus_57955,700106198
Bacteroides_vulgatus_57955,700106325
Bacteroides_vulgatus_57955,700106333
Bacteroides_vulgatus_57955,700106465
Bacteroides_vulgatus_57955,700106754
Bacteroides_vulgatus_57955,700106836
Bacteroides_vulgatus_57955,700106876
Bacteroides_vulgatus_57955,700107398
Bacteroides_vulgatus_57955,700107566
Bacteroides_vulgatus_57955,700107930
Bacteroides_vulgatus_57955,700108095
Bacteroides_vulgatus_57955,700108161
Bacteroides_vulgatus_57955,700108218
Bacteroides_vulgatus_57955,700108840
Bacteroides_vulgatus_57955,700109383
Bacteroides_vulgatus_57955,700109449
Bacteroides_vulgatus_57955,700109506
Bacteroides_vulgatus_57955,700110089
Bacteroides_vulgatus_57955,700110155
Bacteroides_vulgatus_57955,700110354
Bacteroides_vulgatus_57955,700110419
Bacteroides_vulgatus_57955,700111223
Bacteroides_vulgatus_57955,700111296
Bacteroides_vulgatus_57955,700111439
Bacteroides_vulgatus_57955,700111505
Bacteroides_vulgatus_57955,700111745
Bacteroides_vulgatus_57955,700112046
Bacteroides_vulgatus_57955,700112376
Bacteroides_vulgatus_57955,700112433
Bacteroides_vulgatus_57955,700112755
Bacteroides_vulgatus_57955,700112812
Bacteroides_vulgatus_57955,700113114
Bacteroides_vulgatus_57955,700113616
Bacteroides_vulgatus_57955,700113705
Bacteroides_vulgatus_57955,700113810
Bacteroides_vulgatus_57955,700113867
Bacteroides_vulgatus_57955,700114125
Bacteroides_vulgatus_57955,700114480
Bacteroides_vulgatus_57955,700116148
Bacteroides_vulgatus_57955,700116296
Bacteroides_vulgatus_57955,700116468
Bacteroides_vulgatus_57955,700116611
Bacteroides_vulgatus_57955,700116828
Bacteroides_vulgatus_57955,700116865
Bacteroides_vulgatus_57955,700117000
Bacteroides_vulgatus_57955,700117184
Bacteroides_vulgatus_57955,700117239
Bacteroides_vulgatus_57955,700117395
Bacteroides_vulgatus_57955,700117537
Bacteroides_vulgatus_57955,700117625
Bacteroides_vulgatus_57955,700117682
Bacteroides_vulgatus_57955,700117755
Bacteroides_vulgatus_57955,700117766
Bacteroides_vulgatus_57955,700117828
Bacteroides_vulgatus_57955,700117992
Bacteroides_vulgatus_57955,700119042
Bacteroides_vulgatus_57955,700119496
Bacteroides_vulgatus_57955,700119562
Bacteroides_vulgatus_57955,700119739
Bacteroides_vulgatus_57955,700120572
Bacteroides_vulgatus_57955,700122042
Bacteroides_vulgatus_57955,700122108
Bacteroides_vulgatus_57955,700122408
Bacteroides_vulgatus_57955,700122765
Bacteroides_vulgatus_57955,700123562
Bacteroides_vulgatus_57955,700123827
Bacteroides_vulgatus_57955,700124561
Bacteroides_vulgatus_57955,700161219
Bacteroides_vulgatus_57955,700161342
Bacteroides_vulgatus_57955,700161429
Bacteroides_vulgatus_57955,700161629
Bacteroides_vulgatus_57955,700161742
Bacteroides_vulgatus_57955,700161743
Bacteroides_vulgatus_57955,700161872
Bacteroides_vulgatus_57955,700163030
Bacteroides_vulgatus_57955,700163181
Bacteroides_vulgatus_57955,700163238
Bacteroides_vulgatus_57955,700163699
Bacteroides_vulgatus_57955,700163811
Bacteroides_vulgatus_57955,700163868
Bacteroides_vulgatus_57955,700163981
Bacteroides_vulgatus_57955,700163982
Bacteroides_vulgatus_57955,700164050
Bacteroides_vulgatus_57955,700164159
Bacteroides_vulgatus_57955,700164192
Bacteroides_vulgatus_57955,700164249
Bacteroides_vulgatus_57955,700164354
Bacteroides_vulgatus_57955,700164417
Bacteroides_vulgatus_57955,700164611
Bacteroides_vulgatus_57955,700164686
Bacteroides_vulgatus_57955,700164870
Bacteroides_vulgatus_57955,700165052
Bacteroides_vulgatus_57955,700165148
Bacteroides_vulgatus_57955,700165263
Bacteroides_vulgatus_57955,700165530
Bacteroides_vulgatus_57955,700165634
Bacteroides_vulgatus_57955,700166262
Bacteroides_vulgatus_57955,700166586
Bacteroides_vulgatus_57955,700167107
Bacteroides_vulgatus_57955,700167759
Bacteroides_vulgatus_57955,700167825
Bacteroides_vulgatus_57955,700171441
Bacteroides_vulgatus_57955,700171679
Bacteroides_vulgatus_57955,700171727
Bacteroides_vulgatus_57955,700172068
Bacteroides_vulgatus_57955,700172132
Bacteroides_vulgatus_57955,700172279
Bacteroides_vulgatus_57955,700172346
Bacteroides_vulgatus_57955,700172393
Bacteroides_vulgatus_57955,700172498
Bacteroides_vulgatus_57955,700172726
Bacteroides_vulgatus_57955,700172870
Bacteroides_vulgatus_57955,700173176
Bacteroides_vulgatus_57955,700173272
Bacteroides_vulgatus_57955,700173546
Bacteroides_vulgatus_57955,700173627
Bacteroides_vulgatus_57955,SRR341624
Bacteroides_vulgatus_57955,SRR341626
Bacteroides_vulgatus_57955,SRR341628
Bacteroides_vulgatus_57955,SRR341632
Bacteroides_vulgatus_57955,SRR341633
Bacteroides_vulgatus_57955,SRR341638
Bacteroides_vulgatus_57955,SRR341641
Bacteroides_vulgatus_57955,SRR341642
Bacteroides_vulgatus_57955,SRR341644
Bacteroides_vulgatus_57955,SRR341648
Bacteroides_vulgatus_57955,SRR341651
Bacteroides_vulgatus_57955,SRR341652
Bacteroides_vulgatus_57955,SRR341653
Bacteroides_vulgatus_57955,SRR341690
Bacteroides_vulgatus_57955,SRR341691
Bacteroides_vulgatus_57955,SRR341692
Bacteroides_vulgatus_57955,SRR341693
Bacteroides_vulgatus_57955,SRR341696
Bacteroides_vulgatus_57955,SRR341697
Bacteroides_vulgatus_57955,SRR341699
Bacteroides_vulgatus_57955,SRR341701
Bacteroides_vulgatus_57955,SRR341704
Bacteroides_vulgatus_57955,SRR341709
Bacteroides_vulgatus_57955,SRR341711
Bacteroides_vulgatus_57955,SRR341713
Bacteroides_vulgatus_57955,SRR341714
Bacteroides_vulgatus_57955,SRR341716
Bacteroides_vulgatus_57955,SRR341721
Bacteroides_vulgatus_57955,SRR341723
Bacteroides_vulgatus_57955,SRR413556
Bacteroides_vulgatus_57955,SRR413560
Bacteroides_vulgatus_57955,SRR413579
Bacteroides_vulgatus_57955,SRR413585
Bacteroides_vulgatus_57955,SRR413592
Bacteroides_vulgatus_57955,SRR413593
Bacteroides_vulgatus_57955,SRR413594
Bacteroides_vulgatus_57955,SRR413596
Bacteroides_vulgatus_57955,SRR413597
Bacteroides_vulgatus_57955,SRR413601
Bacteroides_vulgatus_57955,SRR413603
Bacteroides_vulgatus_57955,SRR413604
Bacteroides_vulgatus_57955,SRR413605
Bacteroides_vulgatus_57955,SRR413606
Bacteroides_vulgatus_57955,SRR413609
Bacteroides_vulgatus_57955,SRR413610
Bacteroides_vulgatus_57955,SRR413616
Bacteroides_vulgatus_57955,SRR413617
Bacteroides_vulgatus_57955,SRR413618
Bacteroides_vulgatus_57955,SRR413619
Bacteroides_vulgatus_57955,SRR413622
Bacteroides_vulgatus_57955,SRR413628
Bacteroides_vulgatus_57955,SRR413633
Bacteroides_vulgatus_57955,SRR413637
Bacteroides_vulgatus_57955,SRR413641
Bacteroides_vulgatus_57955,SRR413643
Bacteroides_vulgatus_57955,SRR413647
Bacteroides_vulgatus_57955,SRR413658
Bacteroides_vulgatus_57955,SRR413659
Bacteroides_vulgatus_57955,SRR413661
Bacteroides_vulgatus_57955,SRR413664
Bacteroides_vulgatus_57955,SRR413665
Bacteroides_vulgatus_57955,SRR413666
Bacteroides_vulgatus_57955,SRR413688
Bacteroides_vulgatus_57955,SRR413758
Bacteroides_vulgatus_57955,ERR911959
Bacteroides_vulgatus_57955,ERR911961
Bacteroides_vulgatus_57955,ERR911966
Bacteroides_vulgatus_57955,ERR911968
Bacteroides_vulgatus_57955,ERR911970
Bacteroides_vulgatus_57955,ERR911972
Bacteroides_vulgatus_57955,ERR911977
Bacteroides_vulgatus_57955,ERR911986
Bacteroides_vulgatus_57955,ERR911987
Bacteroides_vulgatus_57955,ERR911993
Bacteroides_vulgatus_57955,ERR911994
Bacteroides_vulgatus_57955,ERR911997
Bacteroides_vulgatus_57955,ERR911998
Bacteroides_vulgatus_57955,ERR911999
Bacteroides_vulgatus_57955,ERR912000
Bacteroides_vulgatus_57955,ERR912003
Bacteroides_vulgatus_57955,ERR912004
Bacteroides_vulgatus_57955,ERR912008
Bacteroides_vulgatus_57955,ERR912014
Bacteroides_vulgatus_57955,ERR912015
Bacteroides_vulgatus_57955,ERR912020
Bacteroides_vulgatus_57955,ERR912026
Bacteroides_vulgatus_57955,ERR912027
Bacteroides_vulgatus_57955,ERR912032
Bacteroides_vulgatus_57955,ERR912035
Bacteroides_vulgatus_57955,ERR912037
Bacteroides_vulgatus_57955,ERR912038
Bacteroides_vulgatus_57955,ERR912039
Bacteroides_vulgatus_57955,ERR912040
Bacteroides_vulgatus_57955,ERR912041
Bacteroides_vulgatus_57955,ERR912045
Bacteroides_vulgatus_57955,ERR912048
Bacteroides_vulgatus_57955,ERR912053
Bacteroides_vulgatus_57955,ERR912061
Bacteroides_vulgatus_57955,ERR912068
Bacteroides_vulgatus_57955,ERR912071
Bacteroides_vulgatus_57955,ERR912074
Bacteroides_vulgatus_57955,ERR912080
Bacteroides_vulgatus_57955,ERR912084
Bacteroides_vulgatus_57955,ERR912087
Bacteroides_vulgatus_57955,ERR912089
Bacteroides_vulgatus_57955,ERR912090
Bacteroides_vulgatus_57955,ERR912091
Bacteroides_vulgatus_57955,ERR912093
Bacteroides_vulgatus_57955,ERR912100
Bacteroides_vulgatus_57955,ERR912104
Bacteroides_vulgatus_57955,ERR912110
Bacteroides_vulgatus_57955,ERR912111
Bacteroides_vulgatus_57955,ERR912113
Bacteroides_vulgatus_57955,ERR912116
Bacteroides_vulgatus_57955,ERR912119
Bacteroides_vulgatus_57955,ERR912126
Bacteroides_vulgatus_57955,ERR912128
Bacteroides_vulgatus_57955,ERR912131
Bacteroides_vulgatus_57955,ERR912132
Bacteroides_vulgatus_57955,ERR912134
Bacteroides_vulgatus_57955,ERR912135
Bacteroides_vulgatus_57955,ERR912136
Bacteroides_vulgatus_57955,ERR912137
Bacteroides_vulgatus_57955,ERR912142
Bacteroides_vulgatus_57955,ERR912145
Bacteroides_vulgatus_57955,ERR912149
Bacteroides_vulgatus_57955,ERR912152
Bacteroides_vulgatus_57955,ERR912153
Bacteroides_vulgatus_57955,ERR912156
Bacteroides_vulgatus_57955,ERR912159
Bacteroides_vulgatus_57955,ERR912160
Bacteroides_vulgatus_57955,ERR912161
Bacteroides_vulgatus_57955,ERR912163
Bacteroides_vulgatus_57955,ERR912181
Bacteroides_vulgatus_57955,ERR912189
Bacteroides_vulgatus_57955,ERR912190
Bacteroides_vulgatus_57955,ERR912192
Bacteroides_vulgatus_57955,ERR912197
Bacteroides_vulgatus_57955,ERR912199
Bacteroides_vulgatus_57955,ERR912201
Bacteroides_vulgatus_57955,1089274-24-7-0_
Bacteroides_vulgatus_57955,1089279-24-0-0_
Bacteroides_vulgatus_57955,1089279-24-28-0_
Bacteroides_vulgatus_57955,1089279-24-7-0_
Bacteroides_vulgatus_57955,donald4-11-30-0_
Bacteroides_vulgatus_57955,donald4-11-7-0_
Bacteroides_vulgatus_57955,mickey3-11-30-0_
Bacteroides_vulgatus_57955,mickey4-11-0-0_
Bacteroides_vulgatus_57955,mickey4-11-30-0_
Bacteroides_vulgatus_57955,mickey4-11-7-0_
Bacteroides_vulgatus_57955,pluto4-11-7-0_
Bacteroides_xylanisolvens_57185,700013603
Bacteroides_xylanisolvens_57185,700015250
Bacteroides_xylanisolvens_57185,700015857
Bacteroides_xylanisolvens_57185,700015981
Bacteroides_xylanisolvens_57185,700016000
Bacteroides_xylanisolvens_57185,700016142
Bacteroides_xylanisolvens_57185,700016610
Bacteroides_xylanisolvens_57185,700016902
Bacteroides_xylanisolvens_57185,700021123
Bacteroides_xylanisolvens_57185,700023188
Bacteroides_xylanisolvens_57185,700024545
Bacteroides_xylanisolvens_57185,700024789
Bacteroides_xylanisolvens_57185,700024930
Bacteroides_xylanisolvens_57185,700024998
Bacteroides_xylanisolvens_57185,700032222
Bacteroides_xylanisolvens_57185,700033363
Bacteroides_xylanisolvens_57185,700033435
Bacteroides_xylanisolvens_57185,700033502
Bacteroides_xylanisolvens_57185,700033922
Bacteroides_xylanisolvens_57185,700034254
Bacteroides_xylanisolvens_57185,700034838
Bacteroides_xylanisolvens_57185,700035157
Bacteroides_xylanisolvens_57185,700035533
Bacteroides_xylanisolvens_57185,700035785
Bacteroides_xylanisolvens_57185,700037090
Bacteroides_xylanisolvens_57185,700037453
Bacteroides_xylanisolvens_57185,700038072
Bacteroides_xylanisolvens_57185,700038594
Bacteroides_xylanisolvens_57185,700038761
Bacteroides_xylanisolvens_57185,700095524
Bacteroides_xylanisolvens_57185,700096047
Bacteroides_xylanisolvens_57185,700096700
Bacteroides_xylanisolvens_57185,700097291
Bacteroides_xylanisolvens_57185,700099002
Bacteroides_xylanisolvens_57185,700099803
Bacteroides_xylanisolvens_57185,700100432
Bacteroides_xylanisolvens_57185,700100471
Bacteroides_xylanisolvens_57185,700100540
Bacteroides_xylanisolvens_57185,700101366
Bacteroides_xylanisolvens_57185,700101916
Bacteroides_xylanisolvens_57185,700102043
Bacteroides_xylanisolvens_57185,700102242
Bacteroides_xylanisolvens_57185,700102356
Bacteroides_xylanisolvens_57185,700102432
Bacteroides_xylanisolvens_57185,700102905
Bacteroides_xylanisolvens_57185,700103477
Bacteroides_xylanisolvens_57185,700103479
Bacteroides_xylanisolvens_57185,700105153
Bacteroides_xylanisolvens_57185,700105306
Bacteroides_xylanisolvens_57185,700105940
Bacteroides_xylanisolvens_57185,700106056
Bacteroides_xylanisolvens_57185,700106325
Bacteroides_xylanisolvens_57185,700106412
Bacteroides_xylanisolvens_57185,700106836
Bacteroides_xylanisolvens_57185,700106876
Bacteroides_xylanisolvens_57185,700107398
Bacteroides_xylanisolvens_57185,700108095
Bacteroides_xylanisolvens_57185,700108840
Bacteroides_xylanisolvens_57185,700111223
Bacteroides_xylanisolvens_57185,700111296
Bacteroides_xylanisolvens_57185,700111505
Bacteroides_xylanisolvens_57185,700112755
Bacteroides_xylanisolvens_57185,700113705
Bacteroides_xylanisolvens_57185,700113867
Bacteroides_xylanisolvens_57185,700114000
Bacteroides_xylanisolvens_57185,700114082
Bacteroides_xylanisolvens_57185,700116568
Bacteroides_xylanisolvens_57185,700116730
Bacteroides_xylanisolvens_57185,700117000
Bacteroides_xylanisolvens_57185,700117184
Bacteroides_xylanisolvens_57185,700117625
Bacteroides_xylanisolvens_57185,700117682
Bacteroides_xylanisolvens_57185,700117766
Bacteroides_xylanisolvens_57185,700119042
Bacteroides_xylanisolvens_57185,700119165
Bacteroides_xylanisolvens_57185,700120572
Bacteroides_xylanisolvens_57185,700122042
Bacteroides_xylanisolvens_57185,700122765
Bacteroides_xylanisolvens_57185,700161429
Bacteroides_xylanisolvens_57185,700161742
Bacteroides_xylanisolvens_57185,700161743
Bacteroides_xylanisolvens_57185,700161856
Bacteroides_xylanisolvens_57185,700164050
Bacteroides_xylanisolvens_57185,700164159
Bacteroides_xylanisolvens_57185,700164450
Bacteroides_xylanisolvens_57185,700164870
Bacteroides_xylanisolvens_57185,700165530
Bacteroides_xylanisolvens_57185,700166262
Bacteroides_xylanisolvens_57185,700166862
Bacteroides_xylanisolvens_57185,700167107
Bacteroides_xylanisolvens_57185,700171441
Bacteroides_xylanisolvens_57185,700172068
Bacteroides_xylanisolvens_57185,700172132
Bacteroides_xylanisolvens_57185,700172221
Bacteroides_xylanisolvens_57185,700172726
Bacteroides_xylanisolvens_57185,700173176
Bacteroides_xylanisolvens_57185,700173627
Bacteroides_xylanisolvens_57185,SRR341624
Bacteroides_xylanisolvens_57185,SRR341626
Bacteroides_xylanisolvens_57185,SRR341632
Bacteroides_xylanisolvens_57185,SRR341638
Bacteroides_xylanisolvens_57185,SRR341693
Bacteroides_xylanisolvens_57185,SRR341698
Bacteroides_xylanisolvens_57185,SRR341708
Bacteroides_xylanisolvens_57185,SRR413575
Bacteroides_xylanisolvens_57185,SRR413603
Bacteroides_xylanisolvens_57185,SRR413618
Bacteroides_xylanisolvens_57185,SRR413666
Bacteroides_xylanisolvens_57185,SRR413670
Bacteroides_xylanisolvens_57185,ERR911962
Bacteroides_xylanisolvens_57185,ERR911970
Bacteroides_xylanisolvens_57185,ERR911971
Bacteroides_xylanisolvens_57185,ERR912001
Bacteroides_xylanisolvens_57185,ERR912003
Bacteroides_xylanisolvens_57185,ERR912006
Bacteroides_xylanisolvens_57185,ERR912040
Bacteroides_xylanisolvens_57185,ERR912052
Bacteroides_xylanisolvens_57185,ERR912053
Bacteroides_xylanisolvens_57185,ERR912065
Bacteroides_xylanisolvens_57185,ERR912071
Bacteroides_xylanisolvens_57185,ERR912074
Bacteroides_xylanisolvens_57185,ERR912081
Bacteroides_xylanisolvens_57185,ERR912082
Bacteroides_xylanisolvens_57185,ERR912084
Bacteroides_xylanisolvens_57185,ERR912093
Bacteroides_xylanisolvens_57185,ERR912110
Bacteroides_xylanisolvens_57185,ERR912111
Bacteroides_xylanisolvens_57185,ERR912115
Bacteroides_xylanisolvens_57185,ERR912134
Bacteroides_xylanisolvens_57185,ERR912138
Bacteroides_xylanisolvens_57185,ERR912150
Bacteroides_xylanisolvens_57185,ERR912154
Bacteroides_xylanisolvens_57185,ERR912160
Bacteroides_xylanisolvens_57185,ERR912163
Bacteroides_xylanisolvens_57185,ERR912164
Bacteroides_xylanisolvens_57185,ERR912183
Bacteroides_xylanisolvens_57185,ERR912187
Bacteroides_xylanisolvens_57185,ERR912191
Bacteroides_xylanisolvens_57185,1089279-24-28-0_
Bacteroides_xylanisolvens_57185,donald3-11-0-0_
Bacteroides_xylanisolvens_57185,donald3-11-7-0_
Barnesiella_intestinihominis_62208,700014486
Barnesiella_intestinihominis_62208,700014724
Barnesiella_intestinihominis_62208,700014954
Barnesiella_intestinihominis_62208,700016542
Barnesiella_intestinihominis_62208,700021123
Barnesiella_intestinihominis_62208,700024024
Barnesiella_intestinihominis_62208,700024318
Barnesiella_intestinihominis_62208,700024349
Barnesiella_intestinihominis_62208,700024449
Barnesiella_intestinihominis_62208,700024615
Barnesiella_intestinihominis_62208,700024673
Barnesiella_intestinihominis_62208,700024711
Barnesiella_intestinihominis_62208,700033435
Barnesiella_intestinihominis_62208,700033502
Barnesiella_intestinihominis_62208,700033665
Barnesiella_intestinihominis_62208,700033989
Barnesiella_intestinihominis_62208,700034254
Barnesiella_intestinihominis_62208,700034794
Barnesiella_intestinihominis_62208,700034926
Barnesiella_intestinihominis_62208,700035533
Barnesiella_intestinihominis_62208,700037405
Barnesiella_intestinihominis_62208,700037632
Barnesiella_intestinihominis_62208,700037852
Barnesiella_intestinihominis_62208,700037868
Barnesiella_intestinihominis_62208,700037916
Barnesiella_intestinihominis_62208,700038386
Barnesiella_intestinihominis_62208,700038702
Barnesiella_intestinihominis_62208,700038806
Barnesiella_intestinihominis_62208,700095213
Barnesiella_intestinihominis_62208,700095486
Barnesiella_intestinihominis_62208,700095647
Barnesiella_intestinihominis_62208,700097196
Barnesiella_intestinihominis_62208,700097631
Barnesiella_intestinihominis_62208,700097688
Barnesiella_intestinihominis_62208,700100600
Barnesiella_intestinihominis_62208,700101366
Barnesiella_intestinihominis_62208,700102432
Barnesiella_intestinihominis_62208,700102586
Barnesiella_intestinihominis_62208,700103558
Barnesiella_intestinihominis_62208,700105306
Barnesiella_intestinihominis_62208,700105312
Barnesiella_intestinihominis_62208,700105372
Barnesiella_intestinihominis_62208,700105771
Barnesiella_intestinihominis_62208,700105991
Barnesiella_intestinihominis_62208,700106170
Barnesiella_intestinihominis_62208,700106229
Barnesiella_intestinihominis_62208,700106412
Barnesiella_intestinihominis_62208,700107489
Barnesiella_intestinihominis_62208,700108095
Barnesiella_intestinihominis_62208,700109564
Barnesiella_intestinihominis_62208,700110089
Barnesiella_intestinihominis_62208,700111156
Barnesiella_intestinihominis_62208,700112490
Barnesiella_intestinihominis_62208,700112755
Barnesiella_intestinihominis_62208,700113177
Barnesiella_intestinihominis_62208,700113810
Barnesiella_intestinihominis_62208,700114000
Barnesiella_intestinihominis_62208,700114082
Barnesiella_intestinihominis_62208,700114480
Barnesiella_intestinihominis_62208,700116568
Barnesiella_intestinihominis_62208,700116611
Barnesiella_intestinihominis_62208,700116828
Barnesiella_intestinihominis_62208,700117682
Barnesiella_intestinihominis_62208,700117755
Barnesiella_intestinihominis_62208,700119496
Barnesiella_intestinihominis_62208,700119739
Barnesiella_intestinihominis_62208,700123562
Barnesiella_intestinihominis_62208,700123827
Barnesiella_intestinihominis_62208,700161342
Barnesiella_intestinihominis_62208,700161532
Barnesiella_intestinihominis_62208,700161533
Barnesiella_intestinihominis_62208,700164792
Barnesiella_intestinihominis_62208,700165148
Barnesiella_intestinihominis_62208,700165167
Barnesiella_intestinihominis_62208,700165263
Barnesiella_intestinihominis_62208,700166775
Barnesiella_intestinihominis_62208,700171114
Barnesiella_intestinihominis_62208,700171573
Barnesiella_intestinihominis_62208,700171648
Barnesiella_intestinihominis_62208,700171916
Barnesiella_intestinihominis_62208,700172346
Barnesiella_intestinihominis_62208,700172393
Barnesiella_intestinihominis_62208,700172498
Barnesiella_intestinihominis_62208,700172813
Barnesiella_intestinihominis_62208,700173023
Barnesiella_intestinihominis_62208,700173320
Barnesiella_intestinihominis_62208,700173483
Barnesiella_intestinihominis_62208,700175331
Barnesiella_intestinihominis_62208,SRR2822459
Barnesiella_intestinihominis_62208,ERR911957
Barnesiella_intestinihominis_62208,ERR911961
Barnesiella_intestinihominis_62208,ERR911963
Barnesiella_intestinihominis_62208,ERR911967
Barnesiella_intestinihominis_62208,ERR911968
Barnesiella_intestinihominis_62208,ERR911970
Barnesiella_intestinihominis_62208,ERR911971
Barnesiella_intestinihominis_62208,ERR911981
Barnesiella_intestinihominis_62208,ERR911991
Barnesiella_intestinihominis_62208,ERR911993
Barnesiella_intestinihominis_62208,ERR911994
Barnesiella_intestinihominis_62208,ERR911995
Barnesiella_intestinihominis_62208,ERR911997
Barnesiella_intestinihominis_62208,ERR912003
Barnesiella_intestinihominis_62208,ERR912005
Barnesiella_intestinihominis_62208,ERR912006
Barnesiella_intestinihominis_62208,ERR912007
Barnesiella_intestinihominis_62208,ERR912008
Barnesiella_intestinihominis_62208,ERR912012
Barnesiella_intestinihominis_62208,ERR912013
Barnesiella_intestinihominis_62208,ERR912014
Barnesiella_intestinihominis_62208,ERR912021
Barnesiella_intestinihominis_62208,ERR912025
Barnesiella_intestinihominis_62208,ERR912032
Barnesiella_intestinihominis_62208,ERR912034
Barnesiella_intestinihominis_62208,ERR912043
Barnesiella_intestinihominis_62208,ERR912048
Barnesiella_intestinihominis_62208,ERR912062
Barnesiella_intestinihominis_62208,ERR912066
Barnesiella_intestinihominis_62208,ERR912069
Barnesiella_intestinihominis_62208,ERR912070
Barnesiella_intestinihominis_62208,ERR912072
Barnesiella_intestinihominis_62208,ERR912080
Barnesiella_intestinihominis_62208,ERR912085
Barnesiella_intestinihominis_62208,ERR912087
Barnesiella_intestinihominis_62208,ERR912090
Barnesiella_intestinihominis_62208,ERR912091
Barnesiella_intestinihominis_62208,ERR912095
Barnesiella_intestinihominis_62208,ERR912097
Barnesiella_intestinihominis_62208,ERR912099
Barnesiella_intestinihominis_62208,ERR912100
Barnesiella_intestinihominis_62208,ERR912105
Barnesiella_intestinihominis_62208,ERR912107
Barnesiella_intestinihominis_62208,ERR912110
Barnesiella_intestinihominis_62208,ERR912112
Barnesiella_intestinihominis_62208,ERR912115
Barnesiella_intestinihominis_62208,ERR912118
Barnesiella_intestinihominis_62208,ERR912124
Barnesiella_intestinihominis_62208,ERR912125
Barnesiella_intestinihominis_62208,ERR912131
Barnesiella_intestinihominis_62208,ERR912133
Barnesiella_intestinihominis_62208,ERR912134
Barnesiella_intestinihominis_62208,ERR912135
Barnesiella_intestinihominis_62208,ERR912139
Barnesiella_intestinihominis_62208,ERR912140
Barnesiella_intestinihominis_62208,ERR912142
Barnesiella_intestinihominis_62208,ERR912144
Barnesiella_intestinihominis_62208,ERR912145
Barnesiella_intestinihominis_62208,ERR912148
Barnesiella_intestinihominis_62208,ERR912149
Barnesiella_intestinihominis_62208,ERR912150
Barnesiella_intestinihominis_62208,ERR912151
Barnesiella_intestinihominis_62208,ERR912152
Barnesiella_intestinihominis_62208,ERR912154
Barnesiella_intestinihominis_62208,ERR912159
Barnesiella_intestinihominis_62208,ERR912161
Barnesiella_intestinihominis_62208,ERR912164
Barnesiella_intestinihominis_62208,ERR912168
Barnesiella_intestinihominis_62208,ERR912170
Barnesiella_intestinihominis_62208,ERR912171
Barnesiella_intestinihominis_62208,ERR912175
Barnesiella_intestinihominis_62208,ERR912176
Barnesiella_intestinihominis_62208,ERR912179
Barnesiella_intestinihominis_62208,ERR912183
Barnesiella_intestinihominis_62208,ERR912184
Barnesiella_intestinihominis_62208,ERR912187
Barnesiella_intestinihominis_62208,ERR912190
Barnesiella_intestinihominis_62208,ERR912191
Barnesiella_intestinihominis_62208,ERR912193
Barnesiella_intestinihominis_62208,ERR912194
Barnesiella_intestinihominis_62208,ERR912201
Barnesiella_intestinihominis_62208,pluto3-11-30-0_
Barnesiella_intestinihominis_62208,pluto4-11-30-0_
Barnesiella_intestinihominis_62208,pluto4-11-7-0_
Coprococcus_sp_62244,700015250
Coprococcus_sp_62244,700023720
Coprococcus_sp_62244,700024086
Coprococcus_sp_62244,700024789
Coprococcus_sp_62244,700037539
Coprococcus_sp_62244,700101366
Coprococcus_sp_62244,700105153
Coprococcus_sp_62244,700105580
Coprococcus_sp_62244,700117184
Coprococcus_sp_62244,700161945
Coprococcus_sp_62244,700171115
Coprococcus_sp_62244,SRR413613
Coprococcus_sp_62244,SRR413650
Coprococcus_sp_62244,ERR911959
Coprococcus_sp_62244,ERR911966
Coprococcus_sp_62244,ERR911968
Coprococcus_sp_62244,ERR911973
Coprococcus_sp_62244,ERR911982
Coprococcus_sp_62244,ERR911994
Coprococcus_sp_62244,ERR912000
Coprococcus_sp_62244,ERR912003
Coprococcus_sp_62244,ERR912006
Coprococcus_sp_62244,ERR912007
Coprococcus_sp_62244,ERR912008
Coprococcus_sp_62244,ERR912010
Coprococcus_sp_62244,ERR912013
Coprococcus_sp_62244,ERR912018
Coprococcus_sp_62244,ERR912034
Coprococcus_sp_62244,ERR912046
Coprococcus_sp_62244,ERR912049
Coprococcus_sp_62244,ERR912062
Coprococcus_sp_62244,ERR912074
Coprococcus_sp_62244,ERR912083
Coprococcus_sp_62244,ERR912090
Coprococcus_sp_62244,ERR912102
Coprococcus_sp_62244,ERR912104
Coprococcus_sp_62244,ERR912129
Coprococcus_sp_62244,ERR912133
Coprococcus_sp_62244,ERR912141
Coprococcus_sp_62244,ERR912158
Coprococcus_sp_62244,ERR912159
Coprococcus_sp_62244,ERR912160
Coprococcus_sp_62244,ERR912167
Coprococcus_sp_62244,ERR912172
Coprococcus_sp_62244,ERR912174
Coprococcus_sp_62244,ERR912197
Coprococcus_sp_62244,donald3-11-0-0_
Coprococcus_sp_62244,donald3-11-7-0_
Dialister_invisus_61905,700015415
Dialister_invisus_61905,700015702
Dialister_invisus_61905,700016610
Dialister_invisus_61905,700016716
Dialister_invisus_61905,700016765
Dialister_invisus_61905,700021295
Dialister_invisus_61905,700021361
Dialister_invisus_61905,700023113
Dialister_invisus_61905,700023578
Dialister_invisus_61905,700023720
Dialister_invisus_61905,700023788
Dialister_invisus_61905,700023919
Dialister_invisus_61905,700024233
Dialister_invisus_61905,700024318
Dialister_invisus_61905,700024449
Dialister_invisus_61905,700034254
Dialister_invisus_61905,700035785
Dialister_invisus_61905,700037123
Dialister_invisus_61905,700037868
Dialister_invisus_61905,700099512
Dialister_invisus_61905,700100312
Dialister_invisus_61905,700100600
Dialister_invisus_61905,700101243
Dialister_invisus_61905,700102242
Dialister_invisus_61905,700102299
Dialister_invisus_61905,700102432
Dialister_invisus_61905,700102659
Dialister_invisus_61905,700105153
Dialister_invisus_61905,700106170
Dialister_invisus_61905,700107189
Dialister_invisus_61905,700114653
Dialister_invisus_61905,700116076
Dialister_invisus_61905,700117069
Dialister_invisus_61905,700117938
Dialister_invisus_61905,700123562
Dialister_invisus_61905,700161856
Dialister_invisus_61905,700161945
Dialister_invisus_61905,700163030
Dialister_invisus_61905,700163181
Dialister_invisus_61905,700163419
Dialister_invisus_61905,700164417
Dialister_invisus_61905,700164735
Dialister_invisus_61905,700165986
Dialister_invisus_61905,700171441
Dialister_invisus_61905,700172279
Dialister_invisus_61905,700172461
Dialister_invisus_61905,700173627
Dialister_invisus_61905,700175086
Dialister_invisus_61905,ERR911953
Dialister_invisus_61905,ERR911957
Dialister_invisus_61905,ERR911959
Dialister_invisus_61905,ERR911964
Dialister_invisus_61905,ERR911969
Dialister_invisus_61905,ERR911972
Dialister_invisus_61905,ERR911976
Dialister_invisus_61905,ERR911987
Dialister_invisus_61905,ERR911992
Dialister_invisus_61905,ERR912028
Dialister_invisus_61905,ERR912029
Dialister_invisus_61905,ERR912033
Dialister_invisus_61905,ERR912034
Dialister_invisus_61905,ERR912040
Dialister_invisus_61905,ERR912048
Dialister_invisus_61905,ERR912062
Dialister_invisus_61905,ERR912071
Dialister_invisus_61905,ERR912081
Dialister_invisus_61905,ERR912083
Dialister_invisus_61905,ERR912085
Dialister_invisus_61905,ERR912095
Dialister_invisus_61905,ERR912099
Dialister_invisus_61905,ERR912102
Dialister_invisus_61905,ERR912106
Dialister_invisus_61905,ERR912107
Dialister_invisus_61905,ERR912115
Dialister_invisus_61905,ERR912119
Dialister_invisus_61905,ERR912121
Dialister_invisus_61905,ERR912127
Dialister_invisus_61905,ERR912128
Dialister_invisus_61905,ERR912133
Dialister_invisus_61905,ERR912142
Dialister_invisus_61905,ERR912143
Dialister_invisus_61905,ERR912147
Dialister_invisus_61905,ERR912151
Dialister_invisus_61905,ERR912152
Dialister_invisus_61905,ERR912159
Dialister_invisus_61905,ERR912160
Dialister_invisus_61905,ERR912166
Dialister_invisus_61905,ERR912171
Dialister_invisus_61905,ERR912186
Dialister_invisus_61905,ERR912189
Dialister_invisus_61905,ERR912196
Dialister_invisus_61905,1089274-24-28-0_
Dialister_invisus_61905,1089275-24-0-0_
Dialister_invisus_61905,1089275-24-28-0_
Dialister_invisus_61905,1089275-24-7-0_
Dialister_invisus_61905,donald3-11-0-0_
Dialister_invisus_61905,donald3-11-30-0_
Dialister_invisus_61905,donald3-11-7-0_
Dialister_invisus_61905,donald4-11-0-0_
Dialister_invisus_61905,mickey4-11-0-0_
Dialister_invisus_61905,mickey4-11-7-0_
Dialister_invisus_61905,pluto3-11-0-0_
Dialister_invisus_61905,pluto3-11-7-0_
Escherichia_coli_58110,700034254
Escherichia_coli_58110,SRR341723
Escherichia_coli_58110,SRR413566
Escherichia_coli_58110,SRR413582
Escherichia_coli_58110,SRR413585
Escherichia_coli_58110,SRR413601
Escherichia_coli_58110,SRR413624
Escherichia_coli_58110,SRR413626
Escherichia_coli_58110,SRR413639
Escherichia_coli_58110,SRR413657
Escherichia_coli_58110,SRR413669
Escherichia_coli_58110,ERR911973
Escherichia_coli_58110,ERR911979
Escherichia_coli_58110,ERR911988
Escherichia_coli_58110,ERR911999
Escherichia_coli_58110,ERR912014
Escherichia_coli_58110,ERR912020
Escherichia_coli_58110,ERR912022
Escherichia_coli_58110,ERR912037
Escherichia_coli_58110,ERR912038
Escherichia_coli_58110,ERR912042
Escherichia_coli_58110,ERR912043
Escherichia_coli_58110,ERR912045
Escherichia_coli_58110,ERR912047
Escherichia_coli_58110,ERR912057
Escherichia_coli_58110,ERR912060
Escherichia_coli_58110,ERR912061
Escherichia_coli_58110,ERR912066
Escherichia_coli_58110,ERR912073
Escherichia_coli_58110,ERR912075
Escherichia_coli_58110,ERR912096
Escherichia_coli_58110,ERR912104
Escherichia_coli_58110,ERR912110
Escherichia_coli_58110,ERR912113
Escherichia_coli_58110,ERR912126
Escherichia_coli_58110,ERR912128
Escherichia_coli_58110,ERR912131
Escherichia_coli_58110,ERR912135
Escherichia_coli_58110,ERR912155
Escherichia_coli_58110,ERR912163
Escherichia_coli_58110,ERR912175
Escherichia_coli_58110,ERR912176
Escherichia_coli_58110,ERR912179
Escherichia_coli_58110,ERR912181
Escherichia_coli_58110,ERR912184
Escherichia_coli_58110,ERR912188
Escherichia_coli_58110,ERR912189
Escherichia_coli_58110,ERR912190
Escherichia_coli_58110,ERR912192
Escherichia_coli_58110,donald4-11-7-0_
Escherichia_coli_58110,pluto3-11-0-0_
Eubacterium_eligens_61678,700013672
Eubacterium_eligens_61678,700021306
Eubacterium_eligens_61678,700021824
Eubacterium_eligens_61678,700023509
Eubacterium_eligens_61678,700023720
Eubacterium_eligens_61678,700023788
Eubacterium_eligens_61678,700023872
Eubacterium_eligens_61678,700024086
Eubacterium_eligens_61678,700024752
Eubacterium_eligens_61678,700033153
Eubacterium_eligens_61678,700033797
Eubacterium_eligens_61678,700033989
Eubacterium_eligens_61678,700037539
Eubacterium_eligens_61678,700038072
Eubacterium_eligens_61678,700100312
Eubacterium_eligens_61678,700100600
Eubacterium_eligens_61678,700105237
Eubacterium_eligens_61678,700106065
Eubacterium_eligens_61678,700106170
Eubacterium_eligens_61678,700106325
Eubacterium_eligens_61678,700116201
Eubacterium_eligens_61678,700116917
Eubacterium_eligens_61678,700117184
Eubacterium_eligens_61678,700117625
Eubacterium_eligens_61678,700117755
Eubacterium_eligens_61678,700161342
Eubacterium_eligens_61678,700161945
Eubacterium_eligens_61678,700165530
Eubacterium_eligens_61678,700171066
Eubacterium_eligens_61678,700171114
Eubacterium_eligens_61678,700172498
Eubacterium_eligens_61678,700173086
Eubacterium_eligens_61678,700173176
Eubacterium_eligens_61678,SRR341637
Eubacterium_eligens_61678,SRR341698
Eubacterium_eligens_61678,SRR341700
Eubacterium_eligens_61678,SRR341706
Eubacterium_eligens_61678,SRR341716
Eubacterium_eligens_61678,SRR413559
Eubacterium_eligens_61678,SRR413575
Eubacterium_eligens_61678,SRR413588
Eubacterium_eligens_61678,SRR413594
Eubacterium_eligens_61678,SRR413606
Eubacterium_eligens_61678,SRR413607
Eubacterium_eligens_61678,SRR413613
Eubacterium_eligens_61678,SRR413614
Eubacterium_eligens_61678,SRR413616
Eubacterium_eligens_61678,SRR413624
Eubacterium_eligens_61678,SRR413625
Eubacterium_eligens_61678,SRR413627
Eubacterium_eligens_61678,SRR413628
Eubacterium_eligens_61678,SRR413640
Eubacterium_eligens_61678,SRR413644
Eubacterium_eligens_61678,SRR413654
Eubacterium_eligens_61678,SRR413659
Eubacterium_eligens_61678,SRR413660
Eubacterium_eligens_61678,SRR413667
Eubacterium_eligens_61678,ERR911960
Eubacterium_eligens_61678,ERR911962
Eubacterium_eligens_61678,ERR911963
Eubacterium_eligens_61678,ERR911964
Eubacterium_eligens_61678,ERR911983
Eubacterium_eligens_61678,ERR911987
Eubacterium_eligens_61678,ERR911995
Eubacterium_eligens_61678,ERR912007
Eubacterium_eligens_61678,ERR912011
Eubacterium_eligens_61678,ERR912019
Eubacterium_eligens_61678,ERR912036
Eubacterium_eligens_61678,ERR912053
Eubacterium_eligens_61678,ERR912080
Eubacterium_eligens_61678,ERR912089
Eubacterium_eligens_61678,ERR912090
Eubacterium_eligens_61678,ERR912116
Eubacterium_eligens_61678,ERR912136
Eubacterium_eligens_61678,ERR912164
Eubacterium_eligens_61678,ERR912171
Eubacterium_eligens_61678,ERR912176
Eubacterium_eligens_61678,ERR912179
Eubacterium_eligens_61678,ERR912180
Eubacterium_eligens_61678,ERR912187
Eubacterium_eligens_61678,donald3-11-7-0_
Eubacterium_eligens_61678,pluto4-11-30-0_
Eubacterium_rectale_56927,700014954
Eubacterium_rectale_56927,700015181
Eubacterium_rectale_56927,700015250
Eubacterium_rectale_56927,700016000
Eubacterium_rectale_56927,700021295
Eubacterium_rectale_56927,700021876
Eubacterium_rectale_56927,700021902
Eubacterium_rectale_56927,700023113
Eubacterium_rectale_56927,700023267
Eubacterium_rectale_56927,700023390
Eubacterium_rectale_56927,700023603
Eubacterium_rectale_56927,700023720
Eubacterium_rectale_56927,700023872
Eubacterium_rectale_56927,700023919
Eubacterium_rectale_56927,700024086
Eubacterium_rectale_56927,700024234
Eubacterium_rectale_56927,700024437
Eubacterium_rectale_56927,700024509
Eubacterium_rectale_56927,700032222
Eubacterium_rectale_56927,700033435
Eubacterium_rectale_56927,700033797
Eubacterium_rectale_56927,700034254
Eubacterium_rectale_56927,700035861
Eubacterium_rectale_56927,700037453
Eubacterium_rectale_56927,700037632
Eubacterium_rectale_56927,700038072
Eubacterium_rectale_56927,700038472
Eubacterium_rectale_56927,700038761
Eubacterium_rectale_56927,700038870
Eubacterium_rectale_56927,700095213
Eubacterium_rectale_56927,700095287
Eubacterium_rectale_56927,700097837
Eubacterium_rectale_56927,700099002
Eubacterium_rectale_56927,700099059
Eubacterium_rectale_56927,700099803
Eubacterium_rectale_56927,700100022
Eubacterium_rectale_56927,700102905
Eubacterium_rectale_56927,700105049
Eubacterium_rectale_56927,700105237
Eubacterium_rectale_56927,700105580
Eubacterium_rectale_56927,700105685
Eubacterium_rectale_56927,700105771
Eubacterium_rectale_56927,700106170
Eubacterium_rectale_56927,700106229
Eubacterium_rectale_56927,700106465
Eubacterium_rectale_56927,700106754
Eubacterium_rectale_56927,700106876
Eubacterium_rectale_56927,700107059
Eubacterium_rectale_56927,700109231
Eubacterium_rectale_56927,700109564
Eubacterium_rectale_56927,700110089
Eubacterium_rectale_56927,700110812
Eubacterium_rectale_56927,700111296
Eubacterium_rectale_56927,700114082
Eubacterium_rectale_56927,700114125
Eubacterium_rectale_56927,700114218
Eubacterium_rectale_56927,700116568
Eubacterium_rectale_56927,700116611
Eubacterium_rectale_56927,700116730
Eubacterium_rectale_56927,700116828
Eubacterium_rectale_56927,700117000
Eubacterium_rectale_56927,700119496
Eubacterium_rectale_56927,700121919
Eubacterium_rectale_56927,700122408
Eubacterium_rectale_56927,700122765
Eubacterium_rectale_56927,700123562
Eubacterium_rectale_56927,700161429
Eubacterium_rectale_56927,700161742
Eubacterium_rectale_56927,700161856
Eubacterium_rectale_56927,700163181
Eubacterium_rectale_56927,700163772
Eubacterium_rectale_56927,700163981
Eubacterium_rectale_56927,700164611
Eubacterium_rectale_56927,700165052
Eubacterium_rectale_56927,700165167
Eubacterium_rectale_56927,700167759
Eubacterium_rectale_56927,700171066
Eubacterium_rectale_56927,700171115
Eubacterium_rectale_56927,700171441
Eubacterium_rectale_56927,700171573
Eubacterium_rectale_56927,700171648
Eubacterium_rectale_56927,700171679
Eubacterium_rectale_56927,700171916
Eubacterium_rectale_56927,700172068
Eubacterium_rectale_56927,700172393
Eubacterium_rectale_56927,700172555
Eubacterium_rectale_56927,700173023
Eubacterium_rectale_56927,700173176
Eubacterium_rectale_56927,700175086
Eubacterium_rectale_56927,700175181
Eubacterium_rectale_56927,SRR341616
Eubacterium_rectale_56927,SRR341628
Eubacterium_rectale_56927,SRR341700
Eubacterium_rectale_56927,SRR341704
Eubacterium_rectale_56927,SRR341708
Eubacterium_rectale_56927,SRR341712
Eubacterium_rectale_56927,SRR341715
Eubacterium_rectale_56927,SRR413564
Eubacterium_rectale_56927,SRR413575
Eubacterium_rectale_56927,SRR413589
Eubacterium_rectale_56927,SRR413596
Eubacterium_rectale_56927,SRR413602
Eubacterium_rectale_56927,SRR413616
Eubacterium_rectale_56927,SRR413630
Eubacterium_rectale_56927,SRR413637
Eubacterium_rectale_56927,SRR413639
Eubacterium_rectale_56927,SRR413640
Eubacterium_rectale_56927,SRR413644
Eubacterium_rectale_56927,SRR413648
Eubacterium_rectale_56927,SRR413653
Eubacterium_rectale_56927,SRR413654
Eubacterium_rectale_56927,SRR413661
Eubacterium_rectale_56927,SRR413663
Eubacterium_rectale_56927,SRR413666
Eubacterium_rectale_56927,SRR413768
Eubacterium_rectale_56927,ERR911955
Eubacterium_rectale_56927,ERR911957
Eubacterium_rectale_56927,ERR911959
Eubacterium_rectale_56927,ERR911960
Eubacterium_rectale_56927,ERR911968
Eubacterium_rectale_56927,ERR911969
Eubacterium_rectale_56927,ERR911971
Eubacterium_rectale_56927,ERR911973
Eubacterium_rectale_56927,ERR911975
Eubacterium_rectale_56927,ERR911984
Eubacterium_rectale_56927,ERR911987
Eubacterium_rectale_56927,ERR911990
Eubacterium_rectale_56927,ERR911993
Eubacterium_rectale_56927,ERR911995
Eubacterium_rectale_56927,ERR912000
Eubacterium_rectale_56927,ERR912002
Eubacterium_rectale_56927,ERR912009
Eubacterium_rectale_56927,ERR912010
Eubacterium_rectale_56927,ERR912014
Eubacterium_rectale_56927,ERR912018
Eubacterium_rectale_56927,ERR912031
Eubacterium_rectale_56927,ERR912032
Eubacterium_rectale_56927,ERR912038
Eubacterium_rectale_56927,ERR912039
Eubacterium_rectale_56927,ERR912041
Eubacterium_rectale_56927,ERR912047
Eubacterium_rectale_56927,ERR912061
Eubacterium_rectale_56927,ERR912062
Eubacterium_rectale_56927,ERR912064
Eubacterium_rectale_56927,ERR912083
Eubacterium_rectale_56927,ERR912084
Eubacterium_rectale_56927,ERR912085
Eubacterium_rectale_56927,ERR912088
Eubacterium_rectale_56927,ERR912090
Eubacterium_rectale_56927,ERR912092
Eubacterium_rectale_56927,ERR912095
Eubacterium_rectale_56927,ERR912097
Eubacterium_rectale_56927,ERR912098
Eubacterium_rectale_56927,ERR912102
Eubacterium_rectale_56927,ERR912104
Eubacterium_rectale_56927,ERR912113
Eubacterium_rectale_56927,ERR912127
Eubacterium_rectale_56927,ERR912128
Eubacterium_rectale_56927,ERR912131
Eubacterium_rectale_56927,ERR912132
Eubacterium_rectale_56927,ERR912133
Eubacterium_rectale_56927,ERR912134
Eubacterium_rectale_56927,ERR912137
Eubacterium_rectale_56927,ERR912158
Eubacterium_rectale_56927,ERR912159
Eubacterium_rectale_56927,ERR912160
Eubacterium_rectale_56927,ERR912161
Eubacterium_rectale_56927,ERR912168
Eubacterium_rectale_56927,ERR912172
Eubacterium_rectale_56927,ERR912173
Eubacterium_rectale_56927,ERR912183
Eubacterium_rectale_56927,ERR912185
Eubacterium_rectale_56927,ERR912186
Eubacterium_rectale_56927,ERR912188
Eubacterium_rectale_56927,ERR912190
Eubacterium_rectale_56927,ERR912191
Eubacterium_rectale_56927,ERR912196
Eubacterium_rectale_56927,ERR912197
Eubacterium_rectale_56927,ERR912200
Eubacterium_rectale_56927,1089279-24-0-0_
Eubacterium_rectale_56927,1089279-24-7-0_
Eubacterium_rectale_56927,donald3-11-0-0_
Eubacterium_rectale_56927,donald3-11-30-0_
Eubacterium_rectale_56927,donald3-11-7-0_
Eubacterium_rectale_56927,donald4-11-0-0_
Eubacterium_rectale_56927,mickey3-11-30-0_
Eubacterium_rectale_56927,pluto3-11-0-0_
Eubacterium_rectale_56927,pluto3-11-7-0_
Eubacterium_siraeum_57634,700013715
Eubacterium_siraeum_57634,700021261
Eubacterium_siraeum_57634,700021306
Eubacterium_siraeum_57634,700023113
Eubacterium_siraeum_57634,700023267
Eubacterium_siraeum_57634,700023720
Eubacterium_siraeum_57634,700023845
Eubacterium_siraeum_57634,700024086
Eubacterium_siraeum_57634,700033153
Eubacterium_siraeum_57634,700038072
Eubacterium_siraeum_57634,700038414
Eubacterium_siraeum_57634,700038761
Eubacterium_siraeum_57634,700100022
Eubacterium_siraeum_57634,700103710
Eubacterium_siraeum_57634,700105580
Eubacterium_siraeum_57634,700106325
Eubacterium_siraeum_57634,700109231
Eubacterium_siraeum_57634,700110354
Eubacterium_siraeum_57634,700113975
Eubacterium_siraeum_57634,700114218
Eubacterium_siraeum_57634,700116505
Eubacterium_siraeum_57634,700117000
Eubacterium_siraeum_57634,700117625
Eubacterium_siraeum_57634,700161945
Eubacterium_siraeum_57634,700163699
Eubacterium_siraeum_57634,700163772
Eubacterium_siraeum_57634,700163811
Eubacterium_siraeum_57634,700164870
Eubacterium_siraeum_57634,700165263
Eubacterium_siraeum_57634,700165407
Eubacterium_siraeum_57634,700165809
Eubacterium_siraeum_57634,700171114
Eubacterium_siraeum_57634,700171115
Eubacterium_siraeum_57634,700171573
Eubacterium_siraeum_57634,700171727
Eubacterium_siraeum_57634,700175086
Eubacterium_siraeum_57634,SRR2822459
Eubacterium_siraeum_57634,SRR413562
Eubacterium_siraeum_57634,SRR413614
Eubacterium_siraeum_57634,ERR911954
Eubacterium_siraeum_57634,ERR911974
Eubacterium_siraeum_57634,ERR911975
Eubacterium_siraeum_57634,ERR911982
Eubacterium_siraeum_57634,ERR911986
Eubacterium_siraeum_57634,ERR912043
Eubacterium_siraeum_57634,ERR912044
Eubacterium_siraeum_57634,ERR912080
Eubacterium_siraeum_57634,ERR912098
Eubacterium_siraeum_57634,ERR912101
Eubacterium_siraeum_57634,ERR912119
Eubacterium_siraeum_57634,ERR912132
Eubacterium_siraeum_57634,ERR912135
Eubacterium_siraeum_57634,ERR912146
Eubacterium_siraeum_57634,ERR912152
Eubacterium_siraeum_57634,ERR912179
Eubacterium_siraeum_57634,ERR912182
Eubacterium_siraeum_57634,ERR912191
Eubacterium_siraeum_57634,1089274-24-28-0_
Eubacterium_siraeum_57634,1089275-24-28-0_
Eubacterium_siraeum_57634,1089275-24-7-0_
Eubacterium_siraeum_57634,donald3-11-0-0_
Eubacterium_siraeum_57634,donald3-11-7-0_
Eubacterium_siraeum_57634,mickey3-11-30-0_
Eubacterium_siraeum_57634,mickey4-11-0-0_
Faecalibacterium_cf_62236,700015181
Faecalibacterium_cf_62236,700015415
Faecalibacterium_cf_62236,700024789
Faecalibacterium_cf_62236,700033989
Faecalibacterium_cf_62236,700037042
Faecalibacterium_cf_62236,700103477
Faecalibacterium_cf_62236,700105372
Faecalibacterium_cf_62236,700113975
Faecalibacterium_cf_62236,700116401
Faecalibacterium_cf_62236,700117000
Faecalibacterium_cf_62236,700117625
Faecalibacterium_cf_62236,700117828
Faecalibacterium_cf_62236,700163699
Faecalibacterium_cf_62236,700163811
Faecalibacterium_cf_62236,700164735
Faecalibacterium_cf_62236,700165052
Faecalibacterium_cf_62236,700171727
Faecalibacterium_cf_62236,700172221
Faecalibacterium_cf_62236,700173023
Faecalibacterium_cf_62236,700173119
Faecalibacterium_cf_62236,700175181
Faecalibacterium_cf_62236,SRR341636
Faecalibacterium_cf_62236,SRR341698
Faecalibacterium_cf_62236,SRR413583
Faecalibacterium_cf_62236,SRR413606
Faecalibacterium_cf_62236,SRR413607
Faecalibacterium_cf_62236,SRR413620
Faecalibacterium_cf_62236,SRR413624
Faecalibacterium_cf_62236,SRR413648
Faecalibacterium_cf_62236,SRR413661
Faecalibacterium_cf_62236,SRR413665
Faecalibacterium_cf_62236,SRR413667
Faecalibacterium_cf_62236,SRR413768
Faecalibacterium_cf_62236,ERR912088
Faecalibacterium_cf_62236,ERR912096
Faecalibacterium_cf_62236,ERR912099
Faecalibacterium_cf_62236,ERR912182
Faecalibacterium_prausnitzii_57453,700016716
Faecalibacterium_prausnitzii_57453,700021295
Faecalibacterium_prausnitzii_57453,700021306
Faecalibacterium_prausnitzii_57453,700021361
Faecalibacterium_prausnitzii_57453,700021876
Faecalibacterium_prausnitzii_57453,700023113
Faecalibacterium_prausnitzii_57453,700023603
Faecalibacterium_prausnitzii_57453,700023720
Faecalibacterium_prausnitzii_57453,700023872
Faecalibacterium_prausnitzii_57453,700033153
Faecalibacterium_prausnitzii_57453,700033435
Faecalibacterium_prausnitzii_57453,700037284
Faecalibacterium_prausnitzii_57453,700037303
Faecalibacterium_prausnitzii_57453,700037632
Faecalibacterium_prausnitzii_57453,700037868
Faecalibacterium_prausnitzii_57453,700038158
Faecalibacterium_prausnitzii_57453,700038167
Faecalibacterium_prausnitzii_57453,700038472
Faecalibacterium_prausnitzii_57453,700038806
Faecalibacterium_prausnitzii_57453,700101916
Faecalibacterium_prausnitzii_57453,700102586
Faecalibacterium_prausnitzii_57453,700105771
Faecalibacterium_prausnitzii_57453,700105787
Faecalibacterium_prausnitzii_57453,700106065
Faecalibacterium_prausnitzii_57453,700106229
Faecalibacterium_prausnitzii_57453,700106836
Faecalibacterium_prausnitzii_57453,700111296
Faecalibacterium_prausnitzii_57453,700114125
Faecalibacterium_prausnitzii_57453,700114653
Faecalibacterium_prausnitzii_57453,700116076
Faecalibacterium_prausnitzii_57453,700116248
Faecalibacterium_prausnitzii_57453,700117000
Faecalibacterium_prausnitzii_57453,700117992
Faecalibacterium_prausnitzii_57453,700119042
Faecalibacterium_prausnitzii_57453,700122108
Faecalibacterium_prausnitzii_57453,700123562
Faecalibacterium_prausnitzii_57453,700161856
Faecalibacterium_prausnitzii_57453,700161945
Faecalibacterium_prausnitzii_57453,700163772
Faecalibacterium_prausnitzii_57453,700164417
Faecalibacterium_prausnitzii_57453,700164686
Faecalibacterium_prausnitzii_57453,700165052
Faecalibacterium_prausnitzii_57453,700165530
Faecalibacterium_prausnitzii_57453,700165986
Faecalibacterium_prausnitzii_57453,700171066
Faecalibacterium_prausnitzii_57453,700171115
Faecalibacterium_prausnitzii_57453,700172221
Faecalibacterium_prausnitzii_57453,700173086
Faecalibacterium_prausnitzii_57453,700173483
Faecalibacterium_prausnitzii_57453,SRR341691
Faecalibacterium_prausnitzii_57453,SRR341714
Faecalibacterium_prausnitzii_57453,SRR413561
Faecalibacterium_prausnitzii_57453,SRR413587
Faecalibacterium_prausnitzii_57453,SRR413614
Faecalibacterium_prausnitzii_57453,SRR413633
Faecalibacterium_prausnitzii_57453,SRR413640
Faecalibacterium_prausnitzii_57453,SRR413644
Faecalibacterium_prausnitzii_57453,SRR413660
Faecalibacterium_prausnitzii_57453,SRR413663
Faecalibacterium_prausnitzii_57453,SRR413666
Faecalibacterium_prausnitzii_57453,SRR413768
Faecalibacterium_prausnitzii_57453,ERR911957
Faecalibacterium_prausnitzii_57453,ERR911987
Faecalibacterium_prausnitzii_57453,ERR912001
Faecalibacterium_prausnitzii_57453,ERR912009
Faecalibacterium_prausnitzii_57453,ERR912027
Faecalibacterium_prausnitzii_57453,ERR912051
Faecalibacterium_prausnitzii_57453,ERR912093
Faecalibacterium_prausnitzii_57453,ERR912128
Faecalibacterium_prausnitzii_57453,ERR912163
Faecalibacterium_prausnitzii_57453,ERR912168
Faecalibacterium_prausnitzii_57453,ERR912169
Faecalibacterium_prausnitzii_61481,700013672
Faecalibacterium_prausnitzii_61481,700013693
Faecalibacterium_prausnitzii_61481,700015181
Faecalibacterium_prausnitzii_61481,700015250
Faecalibacterium_prausnitzii_61481,700016765
Faecalibacterium_prausnitzii_61481,700021295
Faecalibacterium_prausnitzii_61481,700021361
Faecalibacterium_prausnitzii_61481,700021876
Faecalibacterium_prausnitzii_61481,700023113
Faecalibacterium_prausnitzii_61481,700023509
Faecalibacterium_prausnitzii_61481,700023603
Faecalibacterium_prausnitzii_61481,700023720
Faecalibacterium_prausnitzii_61481,700023919
Faecalibacterium_prausnitzii_61481,700037042
Faecalibacterium_prausnitzii_61481,700038472
Faecalibacterium_prausnitzii_61481,700038870
Faecalibacterium_prausnitzii_61481,700095287
Faecalibacterium_prausnitzii_61481,700097837
Faecalibacterium_prausnitzii_61481,700100312
Faecalibacterium_prausnitzii_61481,700105580
Faecalibacterium_prausnitzii_61481,700111296
Faecalibacterium_prausnitzii_61481,700117625
Faecalibacterium_prausnitzii_61481,700161342
Faecalibacterium_prausnitzii_61481,700161742
Faecalibacterium_prausnitzii_61481,700164735
Faecalibacterium_prausnitzii_61481,700165148
Faecalibacterium_prausnitzii_61481,700165455
Faecalibacterium_prausnitzii_61481,700165778
Faecalibacterium_prausnitzii_61481,700165809
Faecalibacterium_prausnitzii_61481,700173023
Faecalibacterium_prausnitzii_61481,700173086
Faecalibacterium_prausnitzii_61481,700173176
Faecalibacterium_prausnitzii_61481,SRR341698
Faecalibacterium_prausnitzii_61481,SRR341708
Faecalibacterium_prausnitzii_61481,SRR413615
Faecalibacterium_prausnitzii_61481,SRR413629
Faecalibacterium_prausnitzii_61481,SRR413633
Faecalibacterium_prausnitzii_61481,SRR413637
Faecalibacterium_prausnitzii_61481,SRR413653
Faecalibacterium_prausnitzii_61481,SRR413660
Faecalibacterium_prausnitzii_61481,SRR413663
Faecalibacterium_prausnitzii_61481,SRR413666
Faecalibacterium_prausnitzii_61481,SRR413667
Faecalibacterium_prausnitzii_61481,ERR911955
Faecalibacterium_prausnitzii_61481,ERR911959
Faecalibacterium_prausnitzii_61481,ERR911983
Faecalibacterium_prausnitzii_61481,ERR911996
Faecalibacterium_prausnitzii_61481,ERR912041
Faecalibacterium_prausnitzii_61481,ERR912051
Faecalibacterium_prausnitzii_61481,ERR912061
Faecalibacterium_prausnitzii_61481,ERR912095
Faecalibacterium_prausnitzii_61481,ERR912097
Faecalibacterium_prausnitzii_61481,ERR912131
Faecalibacterium_prausnitzii_61481,ERR912134
Faecalibacterium_prausnitzii_61481,ERR912143
Faecalibacterium_prausnitzii_61481,ERR912163
Faecalibacterium_prausnitzii_61481,ERR912170
Faecalibacterium_prausnitzii_61481,pluto4-11-30-0_
Faecalibacterium_prausnitzii_62201,700015250
Faecalibacterium_prausnitzii_62201,700033435
Faecalibacterium_prausnitzii_62201,700033665
Faecalibacterium_prausnitzii_62201,700038263
Faecalibacterium_prausnitzii_62201,700105771
Faecalibacterium_prausnitzii_62201,700106065
Faecalibacterium_prausnitzii_62201,700106504
Faecalibacterium_prausnitzii_62201,700116248
Faecalibacterium_prausnitzii_62201,700116611
Faecalibacterium_prausnitzii_62201,700116828
Faecalibacterium_prausnitzii_62201,700161219
Faecalibacterium_prausnitzii_62201,700161629
Faecalibacterium_prausnitzii_62201,700161856
Faecalibacterium_prausnitzii_62201,700163419
Faecalibacterium_prausnitzii_62201,700164611
Faecalibacterium_prausnitzii_62201,700171190
Faecalibacterium_prausnitzii_62201,700172221
Faecalibacterium_prausnitzii_62201,700173023
Faecalibacterium_prausnitzii_62201,700173483
Faecalibacterium_prausnitzii_62201,700173546
Faecalibacterium_prausnitzii_62201,700175181
Faecalibacterium_prausnitzii_62201,SRR341642
Faecalibacterium_prausnitzii_62201,SRR341690
Faecalibacterium_prausnitzii_62201,SRR341693
Faecalibacterium_prausnitzii_62201,SRR341704
Faecalibacterium_prausnitzii_62201,SRR341708
Faecalibacterium_prausnitzii_62201,SRR341710
Faecalibacterium_prausnitzii_62201,SRR341718
Faecalibacterium_prausnitzii_62201,SRR341720
Faecalibacterium_prausnitzii_62201,SRR341723
Faecalibacterium_prausnitzii_62201,SRR341724
Faecalibacterium_prausnitzii_62201,SRR413556
Faecalibacterium_prausnitzii_62201,SRR413560
Faecalibacterium_prausnitzii_62201,SRR413575
Faecalibacterium_prausnitzii_62201,SRR413597
Faecalibacterium_prausnitzii_62201,SRR413604
Faecalibacterium_prausnitzii_62201,SRR413606
Faecalibacterium_prausnitzii_62201,SRR413609
Faecalibacterium_prausnitzii_62201,SRR413630
Faecalibacterium_prausnitzii_62201,SRR413639
Faecalibacterium_prausnitzii_62201,SRR413658
Faecalibacterium_prausnitzii_62201,SRR413667
Faecalibacterium_prausnitzii_62201,SRR413768
Faecalibacterium_prausnitzii_62201,ERR911953
Faecalibacterium_prausnitzii_62201,ERR911962
Faecalibacterium_prausnitzii_62201,ERR911983
Faecalibacterium_prausnitzii_62201,ERR911994
Faecalibacterium_prausnitzii_62201,ERR912002
Faecalibacterium_prausnitzii_62201,ERR912038
Faecalibacterium_prausnitzii_62201,ERR912065
Faecalibacterium_prausnitzii_62201,ERR912068
Faecalibacterium_prausnitzii_62201,ERR912093
Faecalibacterium_prausnitzii_62201,ERR912098
Faecalibacterium_prausnitzii_62201,ERR912128
Faecalibacterium_prausnitzii_62201,ERR912132
Faecalibacterium_prausnitzii_62201,ERR912134
Faecalibacterium_prausnitzii_62201,ERR912161
Faecalibacterium_prausnitzii_62201,ERR912169
Lachnospiraceae_bacterium_51870,700014498
Lachnospiraceae_bacterium_51870,700021295
Lachnospiraceae_bacterium_51870,700023113
Lachnospiraceae_bacterium_51870,700023603
Lachnospiraceae_bacterium_51870,700023720
Lachnospiraceae_bacterium_51870,700023788
Lachnospiraceae_bacterium_51870,700023872
Lachnospiraceae_bacterium_51870,700032222
Lachnospiraceae_bacterium_51870,700034254
Lachnospiraceae_bacterium_51870,700105049
Lachnospiraceae_bacterium_51870,700111296
Lachnospiraceae_bacterium_51870,700117828
Lachnospiraceae_bacterium_51870,700119042
Lachnospiraceae_bacterium_51870,700163868
Lachnospiraceae_bacterium_51870,700164159
Lachnospiraceae_bacterium_51870,700165263
Lachnospiraceae_bacterium_51870,700165530
Lachnospiraceae_bacterium_51870,700172393
Lachnospiraceae_bacterium_51870,700172555
Lachnospiraceae_bacterium_51870,700173546
Lachnospiraceae_bacterium_51870,SRR413622
Lachnospiraceae_bacterium_51870,SRR413623
Lachnospiraceae_bacterium_51870,ERR911961
Lachnospiraceae_bacterium_51870,ERR912020
Lachnospiraceae_bacterium_51870,ERR912045
Lachnospiraceae_bacterium_51870,ERR912052
Lachnospiraceae_bacterium_51870,ERR912055
Lachnospiraceae_bacterium_51870,ERR912061
Lachnospiraceae_bacterium_51870,ERR912066
Lachnospiraceae_bacterium_51870,ERR912087
Lachnospiraceae_bacterium_51870,ERR912107
Lachnospiraceae_bacterium_51870,ERR912129
Lachnospiraceae_bacterium_51870,ERR912152
Lachnospiraceae_bacterium_51870,ERR912168
Lachnospiraceae_bacterium_51870,ERR912183
Lachnospiraceae_bacterium_51870,ERR912201
Lachnospiraceae_bacterium_51870,donald4-11-30-0_
Lachnospiraceae_bacterium_51870,donald4-11-7-0_
Lachnospiraceae_bacterium_51870,pluto3-11-30-0_
Odoribacter_splanchnicus_62174,700014724
Odoribacter_splanchnicus_62174,700014837
Odoribacter_splanchnicus_62174,700015181
Odoribacter_splanchnicus_62174,700015250
Odoribacter_splanchnicus_62174,700015702
Odoribacter_splanchnicus_62174,700024318
Odoribacter_splanchnicus_62174,700024545
Odoribacter_splanchnicus_62174,700024752
Odoribacter_splanchnicus_62174,700033153
Odoribacter_splanchnicus_62174,700034166
Odoribacter_splanchnicus_62174,700034254
Odoribacter_splanchnicus_62174,700037453
Odoribacter_splanchnicus_62174,700037868
Odoribacter_splanchnicus_62174,700038072
Odoribacter_splanchnicus_62174,700038702
Odoribacter_splanchnicus_62174,700095647
Odoribacter_splanchnicus_62174,700096865
Odoribacter_splanchnicus_62174,700097196
Odoribacter_splanchnicus_62174,700097906
Odoribacter_splanchnicus_62174,700098561
Odoribacter_splanchnicus_62174,700100540
Odoribacter_splanchnicus_62174,700100600
Odoribacter_splanchnicus_62174,700102432
Odoribacter_splanchnicus_62174,700102586
Odoribacter_splanchnicus_62174,700103477
Odoribacter_splanchnicus_62174,700105580
Odoribacter_splanchnicus_62174,700106325
Odoribacter_splanchnicus_62174,700107059
Odoribacter_splanchnicus_62174,700107398
Odoribacter_splanchnicus_62174,700114082
Odoribacter_splanchnicus_62174,700116358
Odoribacter_splanchnicus_62174,700117625
Odoribacter_splanchnicus_62174,700117755
Odoribacter_splanchnicus_62174,700117938
Odoribacter_splanchnicus_62174,700117992
Odoribacter_splanchnicus_62174,700119042
Odoribacter_splanchnicus_62174,700119165
Odoribacter_splanchnicus_62174,700119987
Odoribacter_splanchnicus_62174,700120753
Odoribacter_splanchnicus_62174,700123562
Odoribacter_splanchnicus_62174,700161856
Odoribacter_splanchnicus_62174,700164686
Odoribacter_splanchnicus_62174,700164870
Odoribacter_splanchnicus_62174,700171441
Odoribacter_splanchnicus_62174,700172461
Odoribacter_splanchnicus_62174,700172498
Odoribacter_splanchnicus_62174,700172726
Odoribacter_splanchnicus_62174,ERR912008
Odoribacter_splanchnicus_62174,ERR912144
Odoribacter_splanchnicus_62174,1089279-24-28-0_
Odoribacter_splanchnicus_62174,pluto4-11-7-0_
Oscillibacter_sp_60799,700014562
Oscillibacter_sp_60799,700014724
Oscillibacter_sp_60799,700015415
Oscillibacter_sp_60799,700015702
Oscillibacter_sp_60799,700016610
Oscillibacter_sp_60799,700016716
Oscillibacter_sp_60799,700021295
Oscillibacter_sp_60799,700021306
Oscillibacter_sp_60799,700023113
Oscillibacter_sp_60799,700023337
Oscillibacter_sp_60799,700023578
Oscillibacter_sp_60799,700023603
Oscillibacter_sp_60799,700023720
Oscillibacter_sp_60799,700023788
Oscillibacter_sp_60799,700024318
Oscillibacter_sp_60799,700024437
Oscillibacter_sp_60799,700024545
Oscillibacter_sp_60799,700024673
Oscillibacter_sp_60799,700024998
Oscillibacter_sp_60799,700033797
Oscillibacter_sp_60799,700035237
Oscillibacter_sp_60799,700035785
Oscillibacter_sp_60799,700037042
Oscillibacter_sp_60799,700037123
Oscillibacter_sp_60799,700037453
Oscillibacter_sp_60799,700037501
Oscillibacter_sp_60799,700037868
Oscillibacter_sp_60799,700038167
Oscillibacter_sp_60799,700038594
Oscillibacter_sp_60799,700038870
Oscillibacter_sp_60799,700095486
Oscillibacter_sp_60799,700098267
Oscillibacter_sp_60799,700102043
Oscillibacter_sp_60799,700102242
Oscillibacter_sp_60799,700102586
Oscillibacter_sp_60799,700103477
Oscillibacter_sp_60799,700103558
Oscillibacter_sp_60799,700103710
Oscillibacter_sp_60799,700105049
Oscillibacter_sp_60799,700105153
Oscillibacter_sp_60799,700105372
Oscillibacter_sp_60799,700105580
Oscillibacter_sp_60799,700105613
Oscillibacter_sp_60799,700105991
Oscillibacter_sp_60799,700106229
Oscillibacter_sp_60799,700106412
Oscillibacter_sp_60799,700107059
Oscillibacter_sp_60799,700107873
Oscillibacter_sp_60799,700108840
Oscillibacter_sp_60799,700109564
Oscillibacter_sp_60799,700110354
Oscillibacter_sp_60799,700112376
Oscillibacter_sp_60799,700112490
Oscillibacter_sp_60799,700112755
Oscillibacter_sp_60799,700113867
Oscillibacter_sp_60799,700114125
Oscillibacter_sp_60799,700116028
Oscillibacter_sp_60799,700116201
Oscillibacter_sp_60799,700116568
Oscillibacter_sp_60799,700116828
Oscillibacter_sp_60799,700117031
Oscillibacter_sp_60799,700117682
Oscillibacter_sp_60799,700117755
Oscillibacter_sp_60799,700117828
Oscillibacter_sp_60799,700117992
Oscillibacter_sp_60799,700122108
Oscillibacter_sp_60799,700122408
Oscillibacter_sp_60799,700161342
Oscillibacter_sp_60799,700161629
Oscillibacter_sp_60799,700161856
Oscillibacter_sp_60799,700161872
Oscillibacter_sp_60799,700161945
Oscillibacter_sp_60799,700163868
Oscillibacter_sp_60799,700164159
Oscillibacter_sp_60799,700164339
Oscillibacter_sp_60799,700164417
Oscillibacter_sp_60799,700164450
Oscillibacter_sp_60799,700164611
Oscillibacter_sp_60799,700164686
Oscillibacter_sp_60799,700165263
Oscillibacter_sp_60799,700165634
Oscillibacter_sp_60799,700171573
Oscillibacter_sp_60799,700171916
Oscillibacter_sp_60799,700172461
Oscillibacter_sp_60799,700173023
Oscillibacter_sp_60799,700173086
Oscillibacter_sp_60799,SRR413588
Oscillibacter_sp_60799,SRR413612
Oscillibacter_sp_60799,SRR413613
Oscillibacter_sp_60799,SRR413625
Oscillibacter_sp_60799,ERR912016
Oscillibacter_sp_60799,ERR912020
Oscillibacter_sp_60799,ERR912028
Oscillibacter_sp_60799,ERR912032
Oscillibacter_sp_60799,ERR912046
Oscillibacter_sp_60799,ERR912048
Oscillibacter_sp_60799,ERR912051
Oscillibacter_sp_60799,ERR912061
Oscillibacter_sp_60799,ERR912084
Oscillibacter_sp_60799,ERR912096
Oscillibacter_sp_60799,ERR912100
Oscillibacter_sp_60799,ERR912103
Oscillibacter_sp_60799,ERR912106
Oscillibacter_sp_60799,ERR912107
Oscillibacter_sp_60799,ERR912121
Oscillibacter_sp_60799,ERR912134
Oscillibacter_sp_60799,ERR912137
Oscillibacter_sp_60799,ERR912142
Oscillibacter_sp_60799,ERR912145
Oscillibacter_sp_60799,ERR912148
Oscillibacter_sp_60799,ERR912151
Oscillibacter_sp_60799,ERR912161
Oscillibacter_sp_60799,ERR912182
Oscillibacter_sp_60799,ERR912187
Oscillibacter_sp_60799,ERR912201
Oscillibacter_sp_60799,pluto3-11-0-0_
Oscillibacter_sp_60799,pluto3-11-7-0_
Oscillibacter_sp_60799,pluto4-11-30-0_
Oscillibacter_sp_60799,pluto4-11-7-0_
Parabacteroides_distasonis_56985,700013603
Parabacteroides_distasonis_56985,700013715
Parabacteroides_distasonis_56985,700014562
Parabacteroides_distasonis_56985,700014724
Parabacteroides_distasonis_56985,700014837
Parabacteroides_distasonis_56985,700015181
Parabacteroides_distasonis_56985,700015702
Parabacteroides_distasonis_56985,700016000
Parabacteroides_distasonis_56985,700016716
Parabacteroides_distasonis_56985,700021824
Parabacteroides_distasonis_56985,700021876
Parabacteroides_distasonis_56985,700021902
Parabacteroides_distasonis_56985,700023113
Parabacteroides_distasonis_56985,700023720
Parabacteroides_distasonis_56985,700023845
Parabacteroides_distasonis_56985,700023919
Parabacteroides_distasonis_56985,700024024
Parabacteroides_distasonis_56985,700024086
Parabacteroides_distasonis_56985,700024449
Parabacteroides_distasonis_56985,700024545
Parabacteroides_distasonis_56985,700024615
Parabacteroides_distasonis_56985,700024752
Parabacteroides_distasonis_56985,700024930
Parabacteroides_distasonis_56985,700033153
Parabacteroides_distasonis_56985,700033665
Parabacteroides_distasonis_56985,700033726
Parabacteroides_distasonis_56985,700034794
Parabacteroides_distasonis_56985,700035747
Parabacteroides_distasonis_56985,700037042
Parabacteroides_distasonis_56985,700037123
Parabacteroides_distasonis_56985,700037357
Parabacteroides_distasonis_56985,700037453
Parabacteroides_distasonis_56985,700037539
Parabacteroides_distasonis_56985,700037649
Parabacteroides_distasonis_56985,700037738
Parabacteroides_distasonis_56985,700037868
Parabacteroides_distasonis_56985,700037916
Parabacteroides_distasonis_56985,700038072
Parabacteroides_distasonis_56985,700038158
Parabacteroides_distasonis_56985,700038263
Parabacteroides_distasonis_56985,700038386
Parabacteroides_distasonis_56985,700038594
Parabacteroides_distasonis_56985,700038806
Parabacteroides_distasonis_56985,700095213
Parabacteroides_distasonis_56985,700096047
Parabacteroides_distasonis_56985,700096865
Parabacteroides_distasonis_56985,700097291
Parabacteroides_distasonis_56985,700097837
Parabacteroides_distasonis_56985,700098267
Parabacteroides_distasonis_56985,700098561
Parabacteroides_distasonis_56985,700098867
Parabacteroides_distasonis_56985,700100227
Parabacteroides_distasonis_56985,700100432
Parabacteroides_distasonis_56985,700100600
Parabacteroides_distasonis_56985,700102356
Parabacteroides_distasonis_56985,700102848
Parabacteroides_distasonis_56985,700103652
Parabacteroides_distasonis_56985,700103710
Parabacteroides_distasonis_56985,700105237
Parabacteroides_distasonis_56985,700105306
Parabacteroides_distasonis_56985,700105580
Parabacteroides_distasonis_56985,700105940
Parabacteroides_distasonis_56985,700106465
Parabacteroides_distasonis_56985,700106504
Parabacteroides_distasonis_56985,700106646
Parabacteroides_distasonis_56985,700106836
Parabacteroides_distasonis_56985,700107059
Parabacteroides_distasonis_56985,700107189
Parabacteroides_distasonis_56985,700107398
Parabacteroides_distasonis_56985,700107930
Parabacteroides_distasonis_56985,700108530
Parabacteroides_distasonis_56985,700109564
Parabacteroides_distasonis_56985,700110089
Parabacteroides_distasonis_56985,700111505
Parabacteroides_distasonis_56985,700112376
Parabacteroides_distasonis_56985,700112812
Parabacteroides_distasonis_56985,700113975
Parabacteroides_distasonis_56985,700114082
Parabacteroides_distasonis_56985,700114480
Parabacteroides_distasonis_56985,700116076
Parabacteroides_distasonis_56985,700116201
Parabacteroides_distasonis_56985,700116358
Parabacteroides_distasonis_56985,700116401
Parabacteroides_distasonis_56985,700116468
Parabacteroides_distasonis_56985,700116611
Parabacteroides_distasonis_56985,700117031
Parabacteroides_distasonis_56985,700117069
Parabacteroides_distasonis_56985,700117682
Parabacteroides_distasonis_56985,700117828
Parabacteroides_distasonis_56985,700119042
Parabacteroides_distasonis_56985,700119562
Parabacteroides_distasonis_56985,700120753
Parabacteroides_distasonis_56985,700121919
Parabacteroides_distasonis_56985,700161856
Parabacteroides_distasonis_56985,700163811
Parabacteroides_distasonis_56985,700163981
Parabacteroides_distasonis_56985,700164159
Parabacteroides_distasonis_56985,700164417
Parabacteroides_distasonis_56985,700164611
Parabacteroides_distasonis_56985,700164792
Parabacteroides_distasonis_56985,700164891
Parabacteroides_distasonis_56985,700165778
Parabacteroides_distasonis_56985,700166643
Parabacteroides_distasonis_56985,700166775
Parabacteroides_distasonis_56985,700171115
Parabacteroides_distasonis_56985,700171574
Parabacteroides_distasonis_56985,700171648
Parabacteroides_distasonis_56985,700171679
Parabacteroides_distasonis_56985,700171916
Parabacteroides_distasonis_56985,700172132
Parabacteroides_distasonis_56985,700172813
Parabacteroides_distasonis_56985,700173086
Parabacteroides_distasonis_56985,700173176
Parabacteroides_distasonis_56985,700173546
Parabacteroides_distasonis_56985,SRR2822459
Parabacteroides_distasonis_56985,SRR341633
Parabacteroides_distasonis_56985,SRR341640
Parabacteroides_distasonis_56985,SRR341697
Parabacteroides_distasonis_56985,SRR341698
Parabacteroides_distasonis_56985,SRR413578
Parabacteroides_distasonis_56985,SRR413587
Parabacteroides_distasonis_56985,SRR413602
Parabacteroides_distasonis_56985,SRR413603
Parabacteroides_distasonis_56985,SRR413608
Parabacteroides_distasonis_56985,SRR413620
Parabacteroides_distasonis_56985,ERR911954
Parabacteroides_distasonis_56985,ERR911955
Parabacteroides_distasonis_56985,ERR911959
Parabacteroides_distasonis_56985,ERR911962
Parabacteroides_distasonis_56985,ERR911965
Parabacteroides_distasonis_56985,ERR911968
Parabacteroides_distasonis_56985,ERR911969
Parabacteroides_distasonis_56985,ERR911970
Parabacteroides_distasonis_56985,ERR911986
Parabacteroides_distasonis_56985,ERR911993
Parabacteroides_distasonis_56985,ERR912032
Parabacteroides_distasonis_56985,ERR912037
Parabacteroides_distasonis_56985,ERR912040
Parabacteroides_distasonis_56985,ERR912043
Parabacteroides_distasonis_56985,ERR912051
Parabacteroides_distasonis_56985,ERR912052
Parabacteroides_distasonis_56985,ERR912059
Parabacteroides_distasonis_56985,ERR912061
Parabacteroides_distasonis_56985,ERR912065
Parabacteroides_distasonis_56985,ERR912085
Parabacteroides_distasonis_56985,ERR912106
Parabacteroides_distasonis_56985,ERR912110
Parabacteroides_distasonis_56985,ERR912114
Parabacteroides_distasonis_56985,ERR912128
Parabacteroides_distasonis_56985,ERR912134
Parabacteroides_distasonis_56985,ERR912136
Parabacteroides_distasonis_56985,ERR912142
Parabacteroides_distasonis_56985,ERR912149
Parabacteroides_distasonis_56985,ERR912150
Parabacteroides_distasonis_56985,ERR912161
Parabacteroides_distasonis_56985,ERR912173
Parabacteroides_distasonis_56985,ERR912176
Parabacteroides_distasonis_56985,ERR912185
Parabacteroides_distasonis_56985,ERR912191
Parabacteroides_distasonis_56985,ERR912199
Parabacteroides_distasonis_56985,1089279-24-28-0_
Parabacteroides_distasonis_56985,donald4-11-7-0_
Parabacteroides_distasonis_56985,pluto3-11-0-0_
Parabacteroides_distasonis_56985,pluto3-11-30-0_
Parabacteroides_distasonis_56985,pluto4-11-30-0_
Parabacteroides_merdae_56972,700014386
Parabacteroides_merdae_56972,700014562
Parabacteroides_merdae_56972,700015702
Parabacteroides_merdae_56972,700015981
Parabacteroides_merdae_56972,700016142
Parabacteroides_merdae_56972,700016456
Parabacteroides_merdae_56972,700016542
Parabacteroides_merdae_56972,700016610
Parabacteroides_merdae_56972,700016765
Parabacteroides_merdae_56972,700016902
Parabacteroides_merdae_56972,700021824
Parabacteroides_merdae_56972,700023267
Parabacteroides_merdae_56972,700023919
Parabacteroides_merdae_56972,700024086
Parabacteroides_merdae_56972,700024318
Parabacteroides_merdae_56972,700024437
Parabacteroides_merdae_56972,700024673
Parabacteroides_merdae_56972,700024711
Parabacteroides_merdae_56972,700032133
Parabacteroides_merdae_56972,700032944
Parabacteroides_merdae_56972,700033436
Parabacteroides_merdae_56972,700033922
Parabacteroides_merdae_56972,700034254
Parabacteroides_merdae_56972,700034926
Parabacteroides_merdae_56972,700035157
Parabacteroides_merdae_56972,700037042
Parabacteroides_merdae_56972,700037303
Parabacteroides_merdae_56972,700037539
Parabacteroides_merdae_56972,700037757
Parabacteroides_merdae_56972,700037852
Parabacteroides_merdae_56972,700037868
Parabacteroides_merdae_56972,700038594
Parabacteroides_merdae_56972,700038806
Parabacteroides_merdae_56972,700095058
Parabacteroides_merdae_56972,700095213
Parabacteroides_merdae_56972,700095353
Parabacteroides_merdae_56972,700097234
Parabacteroides_merdae_56972,700097631
Parabacteroides_merdae_56972,700097906
Parabacteroides_merdae_56972,700098359
Parabacteroides_merdae_56972,700099886
Parabacteroides_merdae_56972,700100312
Parabacteroides_merdae_56972,700100471
Parabacteroides_merdae_56972,700100540
Parabacteroides_merdae_56972,700100600
Parabacteroides_merdae_56972,700102242
Parabacteroides_merdae_56972,700102299
Parabacteroides_merdae_56972,700102432
Parabacteroides_merdae_56972,700102586
Parabacteroides_merdae_56972,700102905
Parabacteroides_merdae_56972,700103477
Parabacteroides_merdae_56972,700103652
Parabacteroides_merdae_56972,700105153
Parabacteroides_merdae_56972,700105312
Parabacteroides_merdae_56972,700105580
Parabacteroides_merdae_56972,700105613
Parabacteroides_merdae_56972,700105991
Parabacteroides_merdae_56972,700106170
Parabacteroides_merdae_56972,700106229
Parabacteroides_merdae_56972,700106333
Parabacteroides_merdae_56972,700106694
Parabacteroides_merdae_56972,700106836
Parabacteroides_merdae_56972,700107930
Parabacteroides_merdae_56972,700108095
Parabacteroides_merdae_56972,700108161
Parabacteroides_merdae_56972,700108341
Parabacteroides_merdae_56972,700108840
Parabacteroides_merdae_56972,700109231
Parabacteroides_merdae_56972,700110089
Parabacteroides_merdae_56972,700110419
Parabacteroides_merdae_56972,700110812
Parabacteroides_merdae_56972,700111223
Parabacteroides_merdae_56972,700111439
Parabacteroides_merdae_56972,700112046
Parabacteroides_merdae_56972,700112755
Parabacteroides_merdae_56972,700113177
Parabacteroides_merdae_56972,700113616
Parabacteroides_merdae_56972,700113975
Parabacteroides_merdae_56972,700114125
Parabacteroides_merdae_56972,700114162
Parabacteroides_merdae_56972,700114653
Parabacteroides_merdae_56972,700116076
Parabacteroides_merdae_56972,700116148
Parabacteroides_merdae_56972,700116828
Parabacteroides_merdae_56972,700117000
Parabacteroides_merdae_56972,700117031
Parabacteroides_merdae_56972,700117069
Parabacteroides_merdae_56972,700117172
Parabacteroides_merdae_56972,700117184
Parabacteroides_merdae_56972,700117395
Parabacteroides_merdae_56972,700117755
Parabacteroides_merdae_56972,700117828
Parabacteroides_merdae_56972,700119165
Parabacteroides_merdae_56972,700119496
Parabacteroides_merdae_56972,700122108
Parabacteroides_merdae_56972,700122165
Parabacteroides_merdae_56972,700122408
Parabacteroides_merdae_56972,700122765
Parabacteroides_merdae_56972,700123135
Parabacteroides_merdae_56972,700123562
Parabacteroides_merdae_56972,700123827
Parabacteroides_merdae_56972,700161342
Parabacteroides_merdae_56972,700161532
Parabacteroides_merdae_56972,700161533
Parabacteroides_merdae_56972,700161856
Parabacteroides_merdae_56972,700161945
Parabacteroides_merdae_56972,700163181
Parabacteroides_merdae_56972,700163628
Parabacteroides_merdae_56972,700163699
Parabacteroides_merdae_56972,700163772
Parabacteroides_merdae_56972,700163982
Parabacteroides_merdae_56972,700164417
Parabacteroides_merdae_56972,700164641
Parabacteroides_merdae_56972,700164792
Parabacteroides_merdae_56972,700165052
Parabacteroides_merdae_56972,700165148
Parabacteroides_merdae_56972,700165263
Parabacteroides_merdae_56972,700165875
Parabacteroides_merdae_56972,700166262
Parabacteroides_merdae_56972,700171115
Parabacteroides_merdae_56972,700171441
Parabacteroides_merdae_56972,700171573
Parabacteroides_merdae_56972,700171916
Parabacteroides_merdae_56972,700172279
Parabacteroides_merdae_56972,700172393
Parabacteroides_merdae_56972,700172461
Parabacteroides_merdae_56972,700172498
Parabacteroides_merdae_56972,700172555
Parabacteroides_merdae_56972,700172621
Parabacteroides_merdae_56972,700172927
Parabacteroides_merdae_56972,700173023
Parabacteroides_merdae_56972,700173377
Parabacteroides_merdae_56972,SRR413594
Parabacteroides_merdae_56972,SRR413603
Parabacteroides_merdae_56972,SRR413607
Parabacteroides_merdae_56972,ERR911954
Parabacteroides_merdae_56972,ERR911967
Parabacteroides_merdae_56972,ERR911971
Parabacteroides_merdae_56972,ERR911975
Parabacteroides_merdae_56972,ERR911988
Parabacteroides_merdae_56972,ERR912000
Parabacteroides_merdae_56972,ERR912003
Parabacteroides_merdae_56972,ERR912008
Parabacteroides_merdae_56972,ERR912013
Parabacteroides_merdae_56972,ERR912020
Parabacteroides_merdae_56972,ERR912025
Parabacteroides_merdae_56972,ERR912031
Parabacteroides_merdae_56972,ERR912034
Parabacteroides_merdae_56972,ERR912035
Parabacteroides_merdae_56972,ERR912052
Parabacteroides_merdae_56972,ERR912065
Parabacteroides_merdae_56972,ERR912077
Parabacteroides_merdae_56972,ERR912084
Parabacteroides_merdae_56972,ERR912116
Parabacteroides_merdae_56972,ERR912126
Parabacteroides_merdae_56972,ERR912127
Parabacteroides_merdae_56972,ERR912138
Parabacteroides_merdae_56972,ERR912144
Parabacteroides_merdae_56972,ERR912152
Parabacteroides_merdae_56972,ERR912154
Parabacteroides_merdae_56972,ERR912159
Parabacteroides_merdae_56972,ERR912174
Parabacteroides_merdae_56972,ERR912179
Parabacteroides_merdae_56972,1089279-24-0-0_
Parabacteroides_merdae_56972,1089279-24-28-0_
Parabacteroides_merdae_56972,mickey4-11-0-0_
Phascolarctobacterium_sp_59817,700013715
Phascolarctobacterium_sp_59817,700014724
Phascolarctobacterium_sp_59817,700015113
Phascolarctobacterium_sp_59817,700015181
Phascolarctobacterium_sp_59817,700015250
Phascolarctobacterium_sp_59817,700015702
Phascolarctobacterium_sp_59817,700016000
Phascolarctobacterium_sp_59817,700016716
Phascolarctobacterium_sp_59817,700021876
Phascolarctobacterium_sp_59817,700023578
Phascolarctobacterium_sp_59817,700024437
Phascolarctobacterium_sp_59817,700033989
Phascolarctobacterium_sp_59817,700035237
Phascolarctobacterium_sp_59817,700037042
Phascolarctobacterium_sp_59817,700038702
Phascolarctobacterium_sp_59817,700095410
Phascolarctobacterium_sp_59817,700097196
Phascolarctobacterium_sp_59817,700097906
Phascolarctobacterium_sp_59817,700098267
Phascolarctobacterium_sp_59817,700099803
Phascolarctobacterium_sp_59817,700100227
Phascolarctobacterium_sp_59817,700100600
Phascolarctobacterium_sp_59817,700103652
Phascolarctobacterium_sp_59817,700105049
Phascolarctobacterium_sp_59817,700105882
Phascolarctobacterium_sp_59817,700106694
Phascolarctobacterium_sp_59817,700106836
Phascolarctobacterium_sp_59817,700107398
Phascolarctobacterium_sp_59817,700112812
Phascolarctobacterium_sp_59817,700116201
Phascolarctobacterium_sp_59817,700116668
Phascolarctobacterium_sp_59817,700116828
Phascolarctobacterium_sp_59817,700117625
Phascolarctobacterium_sp_59817,700117828
Phascolarctobacterium_sp_59817,700119042
Phascolarctobacterium_sp_59817,700119165
Phascolarctobacterium_sp_59817,700161742
Phascolarctobacterium_sp_59817,700163699
Phascolarctobacterium_sp_59817,700163772
Phascolarctobacterium_sp_59817,700163868
Phascolarctobacterium_sp_59817,700164870
Phascolarctobacterium_sp_59817,700165263
Phascolarctobacterium_sp_59817,700165311
Phascolarctobacterium_sp_59817,700165407
Phascolarctobacterium_sp_59817,700165634
Phascolarctobacterium_sp_59817,700171114
Phascolarctobacterium_sp_59817,700172498
Phascolarctobacterium_sp_59817,700173176
Phascolarctobacterium_sp_59817,700175181
Phascolarctobacterium_sp_59817,SRR413566
Phascolarctobacterium_sp_59817,SRR413577
Phascolarctobacterium_sp_59817,SRR413607
Phascolarctobacterium_sp_59817,SRR413609
Phascolarctobacterium_sp_59817,SRR413616
Phascolarctobacterium_sp_59817,SRR413617
Phascolarctobacterium_sp_59817,SRR413646
Phascolarctobacterium_sp_59817,ERR911976
Phascolarctobacterium_sp_59817,ERR912016
Phascolarctobacterium_sp_59817,ERR912021
Phascolarctobacterium_sp_59817,ERR912022
Phascolarctobacterium_sp_59817,ERR912058
Phascolarctobacterium_sp_59817,ERR912064
Phascolarctobacterium_sp_59817,ERR912065
Phascolarctobacterium_sp_59817,ERR912075
Phascolarctobacterium_sp_59817,ERR912137
Phascolarctobacterium_sp_59817,donald4-11-7-0_
Phascolarctobacterium_sp_59817,pluto4-11-0-0_
Phascolarctobacterium_sp_59817,pluto4-11-30-0_
Phascolarctobacterium_sp_59817,pluto4-11-7-0_
Prevotella_copri_61740,700014837
Prevotella_copri_61740,700015250
Prevotella_copri_61740,700015702
Prevotella_copri_61740,700016542
Prevotella_copri_61740,700016610
Prevotella_copri_61740,700016716
Prevotella_copri_61740,700016765
Prevotella_copri_61740,700033989
Prevotella_copri_61740,700034081
Prevotella_copri_61740,700097631
Prevotella_copri_61740,700098561
Prevotella_copri_61740,700100600
Prevotella_copri_61740,700102242
Prevotella_copri_61740,700102586
Prevotella_copri_61740,700106198
Prevotella_copri_61740,700113177
Prevotella_copri_61740,700116468
Prevotella_copri_61740,700117069
Prevotella_copri_61740,700119307
Prevotella_copri_61740,700119496
Prevotella_copri_61740,700119739
Prevotella_copri_61740,700163628
Prevotella_copri_61740,700165148
Prevotella_copri_61740,700165986
Prevotella_copri_61740,SRR341628
Prevotella_copri_61740,SRR341629
Prevotella_copri_61740,SRR341630
Prevotella_copri_61740,SRR341647
Prevotella_copri_61740,SRR341710
Prevotella_copri_61740,SRR341712
Prevotella_copri_61740,SRR341715
Prevotella_copri_61740,SRR341721
Prevotella_copri_61740,SRR341722
Prevotella_copri_61740,SRR413561
Prevotella_copri_61740,SRR413563
Prevotella_copri_61740,SRR413576
Prevotella_copri_61740,SRR413581
Prevotella_copri_61740,SRR413588
Prevotella_copri_61740,SRR413593
Prevotella_copri_61740,SRR413611
Prevotella_copri_61740,SRR413612
Prevotella_copri_61740,SRR413631
Prevotella_copri_61740,SRR413638
Prevotella_copri_61740,SRR413640
Prevotella_copri_61740,SRR413644
Prevotella_copri_61740,SRR413647
Prevotella_copri_61740,SRR413650
Prevotella_copri_61740,SRR413662
Prevotella_copri_61740,SRR413688
Prevotella_copri_61740,ERR911954
Prevotella_copri_61740,ERR911973
Prevotella_copri_61740,ERR911975
Prevotella_copri_61740,ERR911996
Prevotella_copri_61740,ERR912059
Prevotella_copri_61740,ERR912097
Prevotella_copri_61740,ERR912102
Prevotella_copri_61740,ERR912111
Prevotella_copri_61740,ERR912121
Prevotella_copri_61740,ERR912127
Prevotella_copri_61740,ERR912157
Prevotella_copri_61740,ERR912162
Prevotella_copri_61740,ERR912168
Prevotella_copri_61740,donald4-11-0-0_
Prevotella_copri_61740,mickey3-11-0-0_
Roseburia_intestinalis_56239,700015857
Roseburia_intestinalis_56239,700021306
Roseburia_intestinalis_56239,700021876
Roseburia_intestinalis_56239,700023267
Roseburia_intestinalis_56239,700023509
Roseburia_intestinalis_56239,700023578
Roseburia_intestinalis_56239,700023720
Roseburia_intestinalis_56239,700023919
Roseburia_intestinalis_56239,700024086
Roseburia_intestinalis_56239,700024233
Roseburia_intestinalis_56239,700024234
Roseburia_intestinalis_56239,700024509
Roseburia_intestinalis_56239,700024545
Roseburia_intestinalis_56239,700037453
Roseburia_intestinalis_56239,700037539
Roseburia_intestinalis_56239,700037868
Roseburia_intestinalis_56239,700038472
Roseburia_intestinalis_56239,700038761
Roseburia_intestinalis_56239,700101581
Roseburia_intestinalis_56239,700102356
Roseburia_intestinalis_56239,700103477
Roseburia_intestinalis_56239,700103652
Roseburia_intestinalis_56239,700106325
Roseburia_intestinalis_56239,700107059
Roseburia_intestinalis_56239,700111296
Roseburia_intestinalis_56239,700114082
Roseburia_intestinalis_56239,700116730
Roseburia_intestinalis_56239,700117625
Roseburia_intestinalis_56239,700117938
Roseburia_intestinalis_56239,700117992
Roseburia_intestinalis_56239,700161629
Roseburia_intestinalis_56239,700163772
Roseburia_intestinalis_56239,700165052
Roseburia_intestinalis_56239,700172461
Roseburia_intestinalis_56239,SRR341650
Roseburia_intestinalis_56239,SRR341700
Roseburia_intestinalis_56239,SRR341713
Roseburia_intestinalis_56239,SRR413560
Roseburia_intestinalis_56239,SRR413562
Roseburia_intestinalis_56239,SRR413605
Roseburia_intestinalis_56239,SRR413610
Roseburia_intestinalis_56239,SRR413622
Roseburia_intestinalis_56239,SRR413627
Roseburia_intestinalis_56239,SRR413633
Roseburia_intestinalis_56239,SRR413635
Roseburia_intestinalis_56239,SRR413643
Roseburia_intestinalis_56239,SRR413653
Roseburia_intestinalis_56239,SRR413655
Roseburia_intestinalis_56239,SRR413661
Roseburia_intestinalis_56239,SRR413663
Roseburia_intestinalis_56239,SRR413768
Roseburia_intestinalis_56239,ERR911968
Roseburia_intestinalis_56239,ERR911994
Roseburia_intestinalis_56239,ERR912004
Roseburia_intestinalis_56239,ERR912038
Roseburia_intestinalis_56239,ERR912041
Roseburia_intestinalis_56239,ERR912064
Roseburia_intestinalis_56239,ERR912068
Roseburia_intestinalis_56239,ERR912084
Roseburia_intestinalis_56239,ERR912112
Roseburia_intestinalis_56239,ERR912143
Roseburia_intestinalis_56239,ERR912163
Roseburia_intestinalis_56239,ERR912183
Roseburia_intestinalis_56239,ERR912198
Roseburia_intestinalis_56239,donald3-11-30-0_
Roseburia_intestinalis_56239,donald4-11-0-0_
Roseburia_intestinalis_56239,pluto3-11-0-0_
Roseburia_inulinivorans_61943,700023066
Roseburia_inulinivorans_61943,700023578
Roseburia_inulinivorans_61943,700023720
Roseburia_inulinivorans_61943,700024545
Roseburia_inulinivorans_61943,700033435
Roseburia_inulinivorans_61943,700034166
Roseburia_inulinivorans_61943,700037453
Roseburia_inulinivorans_61943,700037868
Roseburia_inulinivorans_61943,700037916
Roseburia_inulinivorans_61943,700038870
Roseburia_inulinivorans_61943,700102432
Roseburia_inulinivorans_61943,700105372
Roseburia_inulinivorans_61943,700114125
Roseburia_inulinivorans_61943,700163699
Roseburia_inulinivorans_61943,700164686
Roseburia_inulinivorans_61943,700165778
Roseburia_inulinivorans_61943,700172461
Roseburia_inulinivorans_61943,SRR341628
Roseburia_inulinivorans_61943,SRR341639
Roseburia_inulinivorans_61943,SRR341649
Roseburia_inulinivorans_61943,SRR341704
Roseburia_inulinivorans_61943,SRR341723
Roseburia_inulinivorans_61943,SRR413562
Roseburia_inulinivorans_61943,SRR413575
Roseburia_inulinivorans_61943,SRR413606
Roseburia_inulinivorans_61943,SRR413627
Roseburia_inulinivorans_61943,SRR413628
Roseburia_inulinivorans_61943,SRR413633
Roseburia_inulinivorans_61943,SRR413643
Roseburia_inulinivorans_61943,SRR413644
Roseburia_inulinivorans_61943,SRR413649
Roseburia_inulinivorans_61943,SRR413651
Roseburia_inulinivorans_61943,SRR413653
Roseburia_inulinivorans_61943,SRR413663
Roseburia_inulinivorans_61943,SRR413665
Roseburia_inulinivorans_61943,SRR413666
Roseburia_inulinivorans_61943,ERR911972
Roseburia_inulinivorans_61943,ERR912059
Roseburia_inulinivorans_61943,ERR912061
Roseburia_inulinivorans_61943,ERR912062
Roseburia_inulinivorans_61943,ERR912065
Roseburia_inulinivorans_61943,ERR912132
Roseburia_inulinivorans_61943,ERR912183
Roseburia_inulinivorans_61943,ERR912197
Roseburia_inulinivorans_61943,mickey4-11-0-0_
Roseburia_inulinivorans_61943,pluto3-11-0-0_
Ruminococcus_bicirculans_59300,700013693
Ruminococcus_bicirculans_59300,700014724
Ruminococcus_bicirculans_59300,700015181
Ruminococcus_bicirculans_59300,700015415
Ruminococcus_bicirculans_59300,700016716
Ruminococcus_bicirculans_59300,700021295
Ruminococcus_bicirculans_59300,700021361
Ruminococcus_bicirculans_59300,700021824
Ruminococcus_bicirculans_59300,700021902
Ruminococcus_bicirculans_59300,700023509
Ruminococcus_bicirculans_59300,700023578
Ruminococcus_bicirculans_59300,700023634
Ruminococcus_bicirculans_59300,700023788
Ruminococcus_bicirculans_59300,700024086
Ruminococcus_bicirculans_59300,700024233
Ruminococcus_bicirculans_59300,700024437
Ruminococcus_bicirculans_59300,700032222
Ruminococcus_bicirculans_59300,700033435
Ruminococcus_bicirculans_59300,700033502
Ruminococcus_bicirculans_59300,700033665
Ruminococcus_bicirculans_59300,700035785
Ruminococcus_bicirculans_59300,700035861
Ruminococcus_bicirculans_59300,700037501
Ruminococcus_bicirculans_59300,700037539
Ruminococcus_bicirculans_59300,700038158
Ruminococcus_bicirculans_59300,700038702
Ruminococcus_bicirculans_59300,700038761
Ruminococcus_bicirculans_59300,700096380
Ruminococcus_bicirculans_59300,700097291
Ruminococcus_bicirculans_59300,700097837
Ruminococcus_bicirculans_59300,700098267
Ruminococcus_bicirculans_59300,700100312
Ruminococcus_bicirculans_59300,700100471
Ruminococcus_bicirculans_59300,700100540
Ruminococcus_bicirculans_59300,700101243
Ruminococcus_bicirculans_59300,700101366
Ruminococcus_bicirculans_59300,700101638
Ruminococcus_bicirculans_59300,700102043
Ruminococcus_bicirculans_59300,700102356
Ruminococcus_bicirculans_59300,700105049
Ruminococcus_bicirculans_59300,700105153
Ruminococcus_bicirculans_59300,700105372
Ruminococcus_bicirculans_59300,700105580
Ruminococcus_bicirculans_59300,700105613
Ruminococcus_bicirculans_59300,700105771
Ruminococcus_bicirculans_59300,700105940
Ruminococcus_bicirculans_59300,700106056
Ruminococcus_bicirculans_59300,700106198
Ruminococcus_bicirculans_59300,700106754
Ruminococcus_bicirculans_59300,700106836
Ruminococcus_bicirculans_59300,700108161
Ruminococcus_bicirculans_59300,700109449
Ruminococcus_bicirculans_59300,700110812
Ruminococcus_bicirculans_59300,700113705
Ruminococcus_bicirculans_59300,700114653
Ruminococcus_bicirculans_59300,700116468
Ruminococcus_bicirculans_59300,700116568
Ruminococcus_bicirculans_59300,700117000
Ruminococcus_bicirculans_59300,700117172
Ruminococcus_bicirculans_59300,700117184
Ruminococcus_bicirculans_59300,700117395
Ruminococcus_bicirculans_59300,700117537
Ruminococcus_bicirculans_59300,700117755
Ruminococcus_bicirculans_59300,700122165
Ruminococcus_bicirculans_59300,700122765
Ruminococcus_bicirculans_59300,700161429
Ruminococcus_bicirculans_59300,700161629
Ruminococcus_bicirculans_59300,700161856
Ruminococcus_bicirculans_59300,700161967
Ruminococcus_bicirculans_59300,700163419
Ruminococcus_bicirculans_59300,700163868
Ruminococcus_bicirculans_59300,700163982
Ruminococcus_bicirculans_59300,700164050
Ruminococcus_bicirculans_59300,700164159
Ruminococcus_bicirculans_59300,700164641
Ruminococcus_bicirculans_59300,700164792
Ruminococcus_bicirculans_59300,700165052
Ruminococcus_bicirculans_59300,700165634
Ruminococcus_bicirculans_59300,700167107
Ruminococcus_bicirculans_59300,700167759
Ruminococcus_bicirculans_59300,700171441
Ruminococcus_bicirculans_59300,700171679
Ruminococcus_bicirculans_59300,700171727
Ruminococcus_bicirculans_59300,700171916
Ruminococcus_bicirculans_59300,700172132
Ruminococcus_bicirculans_59300,700172221
Ruminococcus_bicirculans_59300,700172346
Ruminococcus_bicirculans_59300,700172927
Ruminococcus_bicirculans_59300,700173176
Ruminococcus_bicirculans_59300,700173483
Ruminococcus_bicirculans_59300,700173627
Ruminococcus_bicirculans_59300,SRR341698
Ruminococcus_bicirculans_59300,SRR341699
Ruminococcus_bicirculans_59300,SRR413599
Ruminococcus_bicirculans_59300,SRR413626
Ruminococcus_bicirculans_59300,SRR413630
Ruminococcus_bicirculans_59300,SRR413659
Ruminococcus_bicirculans_59300,ERR911955
Ruminococcus_bicirculans_59300,ERR911957
Ruminococcus_bicirculans_59300,ERR911960
Ruminococcus_bicirculans_59300,ERR911966
Ruminococcus_bicirculans_59300,ERR911977
Ruminococcus_bicirculans_59300,ERR912002
Ruminococcus_bicirculans_59300,ERR912003
Ruminococcus_bicirculans_59300,ERR912004
Ruminococcus_bicirculans_59300,ERR912006
Ruminococcus_bicirculans_59300,ERR912020
Ruminococcus_bicirculans_59300,ERR912025
Ruminococcus_bicirculans_59300,ERR912032
Ruminococcus_bicirculans_59300,ERR912041
Ruminococcus_bicirculans_59300,ERR912044
Ruminococcus_bicirculans_59300,ERR912046
Ruminococcus_bicirculans_59300,ERR912053
Ruminococcus_bicirculans_59300,ERR912054
Ruminococcus_bicirculans_59300,ERR912062
Ruminococcus_bicirculans_59300,ERR912078
Ruminococcus_bicirculans_59300,ERR912084
Ruminococcus_bicirculans_59300,ERR912090
Ruminococcus_bicirculans_59300,ERR912092
Ruminococcus_bicirculans_59300,ERR912093
Ruminococcus_bicirculans_59300,ERR912096
Ruminococcus_bicirculans_59300,ERR912099
Ruminococcus_bicirculans_59300,ERR912105
Ruminococcus_bicirculans_59300,ERR912121
Ruminococcus_bicirculans_59300,ERR912134
Ruminococcus_bicirculans_59300,ERR912158
Ruminococcus_bicirculans_59300,ERR912160
Ruminococcus_bicirculans_59300,ERR912169
Ruminococcus_bicirculans_59300,ERR912171
Ruminococcus_bicirculans_59300,ERR912180
Ruminococcus_bicirculans_59300,mickey4-11-0-0_
Ruminococcus_bicirculans_59300,mickey4-11-30-0_
Ruminococcus_bromii_62047,700013715
Ruminococcus_bromii_62047,700014724
Ruminococcus_bromii_62047,700015181
Ruminococcus_bromii_62047,700015250
Ruminococcus_bromii_62047,700016765
Ruminococcus_bromii_62047,700021361
Ruminococcus_bromii_62047,700021824
Ruminococcus_bromii_62047,700023509
Ruminococcus_bromii_62047,700023578
Ruminococcus_bromii_62047,700023788
Ruminococcus_bromii_62047,700023845
Ruminococcus_bromii_62047,700024086
Ruminococcus_bromii_62047,700024318
Ruminococcus_bromii_62047,700024509
Ruminococcus_bromii_62047,700024615
Ruminococcus_bromii_62047,700024789
Ruminococcus_bromii_62047,700032222
Ruminococcus_bromii_62047,700033153
Ruminococcus_bromii_62047,700033435
Ruminococcus_bromii_62047,700035237
Ruminococcus_bromii_62047,700035785
Ruminococcus_bromii_62047,700035861
Ruminococcus_bromii_62047,700037123
Ruminococcus_bromii_62047,700037303
Ruminococcus_bromii_62047,700037539
Ruminococcus_bromii_62047,700038072
Ruminococcus_bromii_62047,700038472
Ruminococcus_bromii_62047,700038761
Ruminococcus_bromii_62047,700095213
Ruminococcus_bromii_62047,700095486
Ruminococcus_bromii_62047,700095647
Ruminococcus_bromii_62047,700097196
Ruminococcus_bromii_62047,700098267
Ruminococcus_bromii_62047,700100312
Ruminococcus_bromii_62047,700101366
Ruminococcus_bromii_62047,700103477
Ruminococcus_bromii_62047,700105306
Ruminococcus_bromii_62047,700105372
Ruminococcus_bromii_62047,700105771
Ruminococcus_bromii_62047,700106065
Ruminococcus_bromii_62047,700106836
Ruminococcus_bromii_62047,700107398
Ruminococcus_bromii_62047,700109564
Ruminococcus_bromii_62047,700112433
Ruminococcus_bromii_62047,700113867
Ruminococcus_bromii_62047,700114082
Ruminococcus_bromii_62047,700114125
Ruminococcus_bromii_62047,700116568
Ruminococcus_bromii_62047,700117000
Ruminococcus_bromii_62047,700117992
Ruminococcus_bromii_62047,700123562
Ruminococcus_bromii_62047,700161219
Ruminococcus_bromii_62047,700161945
Ruminococcus_bromii_62047,700161967
Ruminococcus_bromii_62047,700163458
Ruminococcus_bromii_62047,700163699
Ruminococcus_bromii_62047,700164686
Ruminococcus_bromii_62047,700164792
Ruminococcus_bromii_62047,700165052
Ruminococcus_bromii_62047,700165167
Ruminococcus_bromii_62047,700165455
Ruminococcus_bromii_62047,700165778
Ruminococcus_bromii_62047,700171114
Ruminococcus_bromii_62047,700171115
Ruminococcus_bromii_62047,700171648
Ruminococcus_bromii_62047,700171859
Ruminococcus_bromii_62047,700172279
Ruminococcus_bromii_62047,700172461
Ruminococcus_bromii_62047,700172498
Ruminococcus_bromii_62047,700173023
Ruminococcus_bromii_62047,SRR341629
Ruminococcus_bromii_62047,SRR341636
Ruminococcus_bromii_62047,SRR341707
Ruminococcus_bromii_62047,SRR413560
Ruminococcus_bromii_62047,SRR413587
Ruminococcus_bromii_62047,SRR413589
Ruminococcus_bromii_62047,SRR413592
Ruminococcus_bromii_62047,SRR413606
Ruminococcus_bromii_62047,SRR413610
Ruminococcus_bromii_62047,SRR413615
Ruminococcus_bromii_62047,SRR413617
Ruminococcus_bromii_62047,SRR413619
Ruminococcus_bromii_62047,SRR413628
Ruminococcus_bromii_62047,SRR413630
Ruminococcus_bromii_62047,SRR413654
Ruminococcus_bromii_62047,SRR413665
Ruminococcus_bromii_62047,ERR911953
Ruminococcus_bromii_62047,ERR911955
Ruminococcus_bromii_62047,ERR911957
Ruminococcus_bromii_62047,ERR911961
Ruminococcus_bromii_62047,ERR911964
Ruminococcus_bromii_62047,ERR911966
Ruminococcus_bromii_62047,ERR911967
Ruminococcus_bromii_62047,ERR911968
Ruminococcus_bromii_62047,ERR911969
Ruminococcus_bromii_62047,ERR911970
Ruminococcus_bromii_62047,ERR911974
Ruminococcus_bromii_62047,ERR911975
Ruminococcus_bromii_62047,ERR911976
Ruminococcus_bromii_62047,ERR911979
Ruminococcus_bromii_62047,ERR911981
Ruminococcus_bromii_62047,ERR911984
Ruminococcus_bromii_62047,ERR911985
Ruminococcus_bromii_62047,ERR911990
Ruminococcus_bromii_62047,ERR911992
Ruminococcus_bromii_62047,ERR911994
Ruminococcus_bromii_62047,ERR911996
Ruminococcus_bromii_62047,ERR911997
Ruminococcus_bromii_62047,ERR911999
Ruminococcus_bromii_62047,ERR912002
Ruminococcus_bromii_62047,ERR912004
Ruminococcus_bromii_62047,ERR912009
Ruminococcus_bromii_62047,ERR912012
Ruminococcus_bromii_62047,ERR912013
Ruminococcus_bromii_62047,ERR912014
Ruminococcus_bromii_62047,ERR912015
Ruminococcus_bromii_62047,ERR912019
Ruminococcus_bromii_62047,ERR912020
Ruminococcus_bromii_62047,ERR912024
Ruminococcus_bromii_62047,ERR912028
Ruminococcus_bromii_62047,ERR912031
Ruminococcus_bromii_62047,ERR912032
Ruminococcus_bromii_62047,ERR912033
Ruminococcus_bromii_62047,ERR912034
Ruminococcus_bromii_62047,ERR912036
Ruminococcus_bromii_62047,ERR912038
Ruminococcus_bromii_62047,ERR912039
Ruminococcus_bromii_62047,ERR912044
Ruminococcus_bromii_62047,ERR912046
Ruminococcus_bromii_62047,ERR912047
Ruminococcus_bromii_62047,ERR912049
Ruminococcus_bromii_62047,ERR912050
Ruminococcus_bromii_62047,ERR912051
Ruminococcus_bromii_62047,ERR912052
Ruminococcus_bromii_62047,ERR912056
Ruminococcus_bromii_62047,ERR912057
Ruminococcus_bromii_62047,ERR912061
Ruminococcus_bromii_62047,ERR912063
Ruminococcus_bromii_62047,ERR912064
Ruminococcus_bromii_62047,ERR912066
Ruminococcus_bromii_62047,ERR912070
Ruminococcus_bromii_62047,ERR912071
Ruminococcus_bromii_62047,ERR912072
Ruminococcus_bromii_62047,ERR912074
Ruminococcus_bromii_62047,ERR912075
Ruminococcus_bromii_62047,ERR912077
Ruminococcus_bromii_62047,ERR912080
Ruminococcus_bromii_62047,ERR912083
Ruminococcus_bromii_62047,ERR912086
Ruminococcus_bromii_62047,ERR912087
Ruminococcus_bromii_62047,ERR912088
Ruminococcus_bromii_62047,ERR912090
Ruminococcus_bromii_62047,ERR912095
Ruminococcus_bromii_62047,ERR912104
Ruminococcus_bromii_62047,ERR912108
Ruminococcus_bromii_62047,ERR912109
Ruminococcus_bromii_62047,ERR912113
Ruminococcus_bromii_62047,ERR912114
Ruminococcus_bromii_62047,ERR912116
Ruminococcus_bromii_62047,ERR912117
Ruminococcus_bromii_62047,ERR912124
Ruminococcus_bromii_62047,ERR912127
Ruminococcus_bromii_62047,ERR912129
Ruminococcus_bromii_62047,ERR912134
Ruminococcus_bromii_62047,ERR912135
Ruminococcus_bromii_62047,ERR912136
Ruminococcus_bromii_62047,ERR912140
Ruminococcus_bromii_62047,ERR912141
Ruminococcus_bromii_62047,ERR912145
Ruminococcus_bromii_62047,ERR912148
Ruminococcus_bromii_62047,ERR912149
Ruminococcus_bromii_62047,ERR912151
Ruminococcus_bromii_62047,ERR912157
Ruminococcus_bromii_62047,ERR912158
Ruminococcus_bromii_62047,ERR912159
Ruminococcus_bromii_62047,ERR912160
Ruminococcus_bromii_62047,ERR912161
Ruminococcus_bromii_62047,ERR912162
Ruminococcus_bromii_62047,ERR912164
Ruminococcus_bromii_62047,ERR912166
Ruminococcus_bromii_62047,ERR912167
Ruminococcus_bromii_62047,ERR912168
Ruminococcus_bromii_62047,ERR912170
Ruminococcus_bromii_62047,ERR912171
Ruminococcus_bromii_62047,ERR912172
Ruminococcus_bromii_62047,ERR912174
Ruminococcus_bromii_62047,ERR912175
Ruminococcus_bromii_62047,ERR912181
Ruminococcus_bromii_62047,ERR912182
Ruminococcus_bromii_62047,ERR912183
Ruminococcus_bromii_62047,ERR912184
Ruminococcus_bromii_62047,ERR912186
Ruminococcus_bromii_62047,ERR912188
Ruminococcus_bromii_62047,ERR912189
Ruminococcus_bromii_62047,ERR912190
Ruminococcus_bromii_62047,ERR912192
Ruminococcus_bromii_62047,ERR912197
Ruminococcus_bromii_62047,donald3-11-0-0_
Ruminococcus_bromii_62047,donald4-11-0-0_
Ruminococcus_bromii_62047,mickey3-11-30-0_
Ruminococcus_bromii_62047,pluto4-11-30-0_
