species,s1,s2,clonal_diff_1D,clonal_len_1D,clonal_diff_4D,clonal_len_4D,moved_1d,moved_4d
Akkermansia_muciniphila_55290,700013588,700105685,53,847743,9,229466,14,0
Akkermansia_muciniphila_55290,700013588,700106754,66,857454,16,231930,15,1
Akkermansia_muciniphila_55290,700013588,ERR911981,63,878130,15,237304,20,1
Akkermansia_muciniphila_55290,700013588,ERR912021,114,701415,16,189906,50,2
Akkermansia_muciniphila_55290,700013588,ERR912100,52,899933,15,243487,16,1
Akkermansia_muciniphila_55290,700013588,ERR912116,34,920781,10,249275,7,1
Akkermansia_muciniphila_55290,700013588,ERR912189,144,698044,26,188922,51,1
Akkermansia_muciniphila_55290,700013600,ERR912070,26,956436,10,259095,0,0
Akkermansia_muciniphila_55290,700013600,ERR912145,32,960931,8,260280,0,0
Akkermansia_muciniphila_55290,700015702,700038806,99,809404,39,219032,21,1
Akkermansia_muciniphila_55290,700015702,700116568,100,790969,47,213984,18,1
Akkermansia_muciniphila_55290,700015702,700173176,104,799510,40,216360,24,1
Akkermansia_muciniphila_55290,700015702,ERR911963,104,821974,48,222552,21,1
Akkermansia_muciniphila_55290,700015702,ERR911976,47,960656,13,260383,0,0
Akkermansia_muciniphila_55290,700015702,ERR911992,108,812888,47,220243,21,1
Akkermansia_muciniphila_55290,700015702,ERR912187,127,814573,55,220465,31,1
Akkermansia_muciniphila_55290,700016765,ERR912005,37,940781,18,254534,9,0
Akkermansia_muciniphila_55290,700023634,700024789,59,866706,15,234536,23,0
Akkermansia_muciniphila_55290,700023634,700038263,48,840777,7,226561,14,0
Akkermansia_muciniphila_55290,700023634,700165167,40,866639,8,234794,12,0
Akkermansia_muciniphila_55290,700023634,ERR912092,36,894325,10,242063,12,0
Akkermansia_muciniphila_55290,700024789,700038263,63,844038,14,227360,16,0
Akkermansia_muciniphila_55290,700024789,700165167,58,868629,11,235357,22,0
Akkermansia_muciniphila_55290,700024789,ERR912092,54,883675,11,239323,28,0
Akkermansia_muciniphila_55290,700033665,700113762,36,935377,7,252850,5,0
Akkermansia_muciniphila_55290,700033665,700164050,30,846905,7,224744,6,0
Akkermansia_muciniphila_55290,700033665,700164870,30,927064,10,250321,2,0
Akkermansia_muciniphila_55290,700033665,ERR912182,30,933828,13,252421,2,0
Akkermansia_muciniphila_55290,700038072,ERR912068,8,980137,11,264940,0,0
Akkermansia_muciniphila_55290,700038072,SRR413564,60,847529,11,228923,18,0
Akkermansia_muciniphila_55290,700038263,700165167,15,956513,15,257724,0,0
Akkermansia_muciniphila_55290,700038263,ERR912092,37,853582,4,229889,11,0
Akkermansia_muciniphila_55290,700038806,700116568,57,902878,18,244278,10,0
Akkermansia_muciniphila_55290,700038806,700173176,13,973385,2,263411,2,0
Akkermansia_muciniphila_55290,700038806,ERR911963,38,935694,6,253604,6,0
Akkermansia_muciniphila_55290,700038806,ERR911976,125,809310,44,219224,18,1
Akkermansia_muciniphila_55290,700038806,ERR911992,46,924812,13,250811,6,0
Akkermansia_muciniphila_55290,700038806,ERR912187,59,921728,13,249691,14,0
Akkermansia_muciniphila_55290,700095647,ERR912070,23,950187,9,257264,0,0
Akkermansia_muciniphila_55290,700095647,ERR912145,28,955568,7,258638,0,0
Akkermansia_muciniphila_55290,700098867,ERR912087,13,1023904,4,277865,0,0
Akkermansia_muciniphila_55290,700100022,700116668,55,920481,15,249230,7,0
Akkermansia_muciniphila_55290,700100022,ERR911957,66,887224,24,240099,16,0
Akkermansia_muciniphila_55290,700100022,ERR911995,64,883116,14,239615,12,0
Akkermansia_muciniphila_55290,700100022,ERR912015,64,881640,18,238501,14,0
Akkermansia_muciniphila_55290,700105685,700106754,55,901725,13,244099,12,0
Akkermansia_muciniphila_55290,700105685,ERR911981,41,892635,12,241462,5,0
Akkermansia_muciniphila_55290,700105685,ERR912100,55,852859,14,230916,14,0
Akkermansia_muciniphila_55290,700105685,ERR912116,44,882690,12,239102,7,0
Akkermansia_muciniphila_55290,700106754,ERR911981,57,909358,13,245768,15,0
Akkermansia_muciniphila_55290,700106754,ERR912100,64,864604,22,233927,6,0
Akkermansia_muciniphila_55290,700106754,ERR912116,55,901076,17,243863,7,0
Akkermansia_muciniphila_55290,700107398,1089274-24-0-0_,15,1006555,10,272805,4,0
Akkermansia_muciniphila_55290,700113762,700164870,38,929107,11,250992,4,0
Akkermansia_muciniphila_55290,700113762,ERR912182,15,979438,9,265248,0,0
Akkermansia_muciniphila_55290,700116358,ERR911987,87,911272,22,246484,6,0
Akkermansia_muciniphila_55290,700116358,ERR912028,31,970258,8,262633,0,0
Akkermansia_muciniphila_55290,700116358,ERR912121,91,891128,22,240980,10,0
Akkermansia_muciniphila_55290,700116568,700173176,59,893610,18,241724,13,0
Akkermansia_muciniphila_55290,700116568,ERR911963,47,894122,12,242065,2,0
Akkermansia_muciniphila_55290,700116568,ERR911976,118,789097,55,213658,21,1
Akkermansia_muciniphila_55290,700116568,ERR911992,54,886541,18,240048,2,0
Akkermansia_muciniphila_55290,700116568,ERR912187,57,884549,15,239400,9,0
Akkermansia_muciniphila_55290,700116668,ERR911957,37,902357,14,244289,6,0
Akkermansia_muciniphila_55290,700116668,ERR911995,51,913120,8,247628,9,0
Akkermansia_muciniphila_55290,700116668,ERR912015,62,913026,15,247022,14,0
Akkermansia_muciniphila_55290,700116668,ERR912146,130,765929,37,207083,15,0
Akkermansia_muciniphila_55290,700117682,ERR912070,23,949818,9,257046,0,0
Akkermansia_muciniphila_55290,700117682,ERR912145,28,954779,7,258318,0,0
Akkermansia_muciniphila_55290,700164050,700164870,49,859502,16,228180,4,0
Akkermansia_muciniphila_55290,700164050,ERR912182,17,884302,8,234746,0,0
Akkermansia_muciniphila_55290,700164159,ERR912068,10,987732,16,267383,0,0
Akkermansia_muciniphila_55290,700164159,SRR413564,65,858285,14,232105,17,0
Akkermansia_muciniphila_55290,700164870,ERR912182,34,926477,17,250188,2,0
Akkermansia_muciniphila_55290,700165167,ERR912092,33,889470,7,240910,14,0
Akkermansia_muciniphila_55290,700171190,ERR912041,30,957836,7,259318,0,0
Akkermansia_muciniphila_55290,700171190,pluto3-11-0-0_,30,923725,9,249966,0,0
Akkermansia_muciniphila_55290,700173176,ERR911963,48,930347,8,252134,8,0
Akkermansia_muciniphila_55290,700173176,ERR911976,113,795701,36,215596,19,1
Akkermansia_muciniphila_55290,700173176,ERR911992,56,919360,15,249317,8,0
Akkermansia_muciniphila_55290,700173176,ERR912187,68,916242,15,248158,17,0
Akkermansia_muciniphila_55290,ERR911954,ERR912119,87,819539,24,221997,17,0
Akkermansia_muciniphila_55290,ERR911957,ERR911995,57,876279,20,237551,12,0
Akkermansia_muciniphila_55290,ERR911957,ERR912015,56,876595,25,237198,13,0
Akkermansia_muciniphila_55290,ERR911957,ERR912146,115,730188,30,197339,16,0
Akkermansia_muciniphila_55290,ERR911963,ERR911976,129,819587,50,222247,28,1
Akkermansia_muciniphila_55290,ERR911963,ERR911992,22,986833,10,267370,0,0
Akkermansia_muciniphila_55290,ERR911963,ERR912187,28,979325,6,265074,9,0
Akkermansia_muciniphila_55290,ERR911976,ERR911992,128,819545,62,222283,22,1
Akkermansia_muciniphila_55290,ERR911976,ERR912187,145,812487,58,220272,33,1
Akkermansia_muciniphila_55290,ERR911981,ERR912100,60,888887,19,240363,10,0
Akkermansia_muciniphila_55290,ERR911981,ERR912116,54,911879,14,246596,15,0
Akkermansia_muciniphila_55290,ERR911982,ERR912034,28,981262,8,265752,7,0
Akkermansia_muciniphila_55290,ERR911982,ERR912050,48,882276,14,238963,10,0
Akkermansia_muciniphila_55290,ERR911982,ERR912139,54,888812,20,240436,5,0
Akkermansia_muciniphila_55290,ERR911982,ERR912179,57,901575,21,244171,8,0
Akkermansia_muciniphila_55290,ERR911987,ERR912028,75,916651,22,247961,4,0
Akkermansia_muciniphila_55290,ERR911987,ERR912121,39,961474,9,260204,3,0
Akkermansia_muciniphila_55290,ERR911992,ERR912187,38,972572,10,263379,9,0
Akkermansia_muciniphila_55290,ERR911995,ERR912015,60,885900,18,240111,12,0
Akkermansia_muciniphila_55290,ERR911995,ERR912146,154,740844,45,200579,23,2
Akkermansia_muciniphila_55290,ERR912012,ERR912013,24,974366,11,263909,0,0
Akkermansia_muciniphila_55290,ERR912012,ERR912050,88,728806,32,197516,14,0
Akkermansia_muciniphila_55290,ERR912012,ERR912179,93,748474,31,202685,21,0
Akkermansia_muciniphila_55290,ERR912013,ERR912179,99,743818,29,201403,23,0
Akkermansia_muciniphila_55290,ERR912021,ERR912060,119,748904,24,202574,56,1
Akkermansia_muciniphila_55290,ERR912021,ERR912064,133,770683,36,208848,51,1
Akkermansia_muciniphila_55290,ERR912021,ERR912100,113,720179,19,195220,41,1
Akkermansia_muciniphila_55290,ERR912021,ERR912116,107,724339,11,196363,44,1
Akkermansia_muciniphila_55290,ERR912021,ERR912157,112,778344,26,211014,50,1
Akkermansia_muciniphila_55290,ERR912021,ERR912189,57,865896,23,234409,19,0
Akkermansia_muciniphila_55290,ERR912027,ERR912091,105,807522,23,218395,33,0
Akkermansia_muciniphila_55290,ERR912027,ERR912155,46,866057,15,234304,5,0
Akkermansia_muciniphila_55290,ERR912027,ERR912199,52,889383,20,240293,10,0
Akkermansia_muciniphila_55290,ERR912028,ERR912121,82,898426,25,243078,8,0
Akkermansia_muciniphila_55290,ERR912034,ERR912050,52,875760,8,237371,11,0
Akkermansia_muciniphila_55290,ERR912034,ERR912139,56,883263,16,239151,6,0
Akkermansia_muciniphila_55290,ERR912034,ERR912179,55,898515,16,243324,2,0
Akkermansia_muciniphila_55290,ERR912036,ERR912044,37,906004,8,245392,6,0
Akkermansia_muciniphila_55290,ERR912037,ERR912096,42,887892,6,241106,8,0
Akkermansia_muciniphila_55290,ERR912041,pluto3-11-0-0_,27,943666,7,255398,7,0
Akkermansia_muciniphila_55290,ERR912050,ERR912139,24,964672,7,261306,0,0
Akkermansia_muciniphila_55290,ERR912050,ERR912179,37,885720,13,240013,3,0
Akkermansia_muciniphila_55290,ERR912056,ERR912160,19,985414,5,266861,6,0
Akkermansia_muciniphila_55290,ERR912060,ERR912064,54,909258,18,245860,15,0
Akkermansia_muciniphila_55290,ERR912060,ERR912157,35,922769,12,249474,12,0
Akkermansia_muciniphila_55290,ERR912060,ERR912189,130,722191,29,195268,62,0
Akkermansia_muciniphila_55290,ERR912064,ERR912116,121,718877,34,194562,38,0
Akkermansia_muciniphila_55290,ERR912064,ERR912157,47,968981,17,262595,4,0
Akkermansia_muciniphila_55290,ERR912064,ERR912189,144,725599,29,196742,56,0
Akkermansia_muciniphila_55290,ERR912070,ERR912145,20,970917,2,263074,0,0
Akkermansia_muciniphila_55290,ERR912075,ERR912079,49,900242,17,244145,15,0
Akkermansia_muciniphila_55290,ERR912075,ERR912083,50,895883,16,243151,12,0
Akkermansia_muciniphila_55290,ERR912079,ERR912083,23,1013925,6,275075,2,0
Akkermansia_muciniphila_55290,ERR912091,ERR912117,93,794347,28,215415,28,0
Akkermansia_muciniphila_55290,ERR912091,ERR912139,105,718425,20,194903,31,0
Akkermansia_muciniphila_55290,ERR912091,ERR912155,81,777134,25,209911,20,0
Akkermansia_muciniphila_55290,ERR912091,ERR912179,119,720412,32,195524,38,0
Akkermansia_muciniphila_55290,ERR912091,ERR912199,84,789934,20,213058,23,0
Akkermansia_muciniphila_55290,ERR912100,ERR912116,44,935519,14,253398,6,0
Akkermansia_muciniphila_55290,ERR912100,ERR912189,151,718921,38,194756,44,0
Akkermansia_muciniphila_55290,ERR912116,ERR912157,113,723216,19,195995,38,0
Akkermansia_muciniphila_55290,ERR912116,ERR912189,138,735625,27,199482,44,0
Akkermansia_muciniphila_55290,ERR912117,ERR912155,110,693570,20,186966,38,0
Akkermansia_muciniphila_55290,ERR912117,ERR912199,120,700360,27,189017,43,0
Akkermansia_muciniphila_55290,ERR912120,ERR912125,66,871323,14,236168,11,0
Akkermansia_muciniphila_55290,ERR912120,ERR912128,66,874140,12,237052,12,0
Akkermansia_muciniphila_55290,ERR912120,mickey3-11-7-0_,36,954569,9,258531,11,0
Akkermansia_muciniphila_55290,ERR912125,ERR912128,49,929948,10,252006,7,0
Akkermansia_muciniphila_55290,ERR912125,mickey3-11-7-0_,41,895311,9,242484,0,0
Akkermansia_muciniphila_55290,ERR912128,mickey3-11-7-0_,44,898479,7,243460,0,0
Akkermansia_muciniphila_55290,ERR912139,ERR912179,40,895528,13,242296,0,0
Akkermansia_muciniphila_55290,ERR912147,ERR912175,38,919729,8,249268,2,0
Akkermansia_muciniphila_55290,ERR912155,ERR912199,41,926905,20,250963,10,0
Akkermansia_muciniphila_55290,ERR912157,ERR912189,129,756967,30,205199,50,0
Akkermansia_muciniphila_55290,SRR413564,ERR912068,58,855995,15,231448,17,0
Akkermansia_muciniphila_55290,700013600,700095647,17,967517,6,261740,0,0
Akkermansia_muciniphila_55290,700013600,700117682,18,965838,7,261225,0,0
Akkermansia_muciniphila_55290,700038072,700164159,7,980369,5,265073,0,0
Akkermansia_muciniphila_55290,700095647,700117682,13,964251,3,260740,0,0
Akkermansia_muciniphila_55290,700113762,700164050,1,889018,1,236175,0,0
Akkermansia_muciniphila_55290,ERR912018,ERR912033,28,996065,7,269714,0,0
Alistipes_finegoldii_56071,700024673,ERR912091,148,1035076,45,281348,41,0
Alistipes_finegoldii_56071,700033153,ERR912091,168,960360,51,259232,58,2
Alistipes_finegoldii_56071,700033502,700038761,161,930097,61,248875,38,0
Alistipes_finegoldii_56071,700033502,ERR912091,114,1000138,44,268749,35,1
Alistipes_finegoldii_56071,700035373,ERR912091,149,1038267,50,282260,34,1
Alistipes_finegoldii_56071,700037123,700103477,147,1034989,66,281048,23,0
Alistipes_finegoldii_56071,700038761,700097291,125,960355,47,258021,13,0
Alistipes_finegoldii_56071,700038761,700106646,139,952458,34,256057,34,2
Alistipes_finegoldii_56071,700038761,ERR912091,112,1049357,52,282132,13,1
Alistipes_finegoldii_56071,700097291,ERR912091,103,1050216,30,285711,24,1
Alistipes_finegoldii_56071,700102586,ERR912091,130,1052839,59,286733,43,1
Alistipes_finegoldii_56071,700106646,ERR912091,123,1034393,21,280934,42,1
Alistipes_finegoldii_56071,700161945,ERR912091,113,980195,28,264498,31,1
Alistipes_onderdonkii_55464,700015702,700024673,92,1023429,41,276425,38,0
Alistipes_onderdonkii_55464,700015702,700038414,99,954279,39,256967,28,0
Alistipes_onderdonkii_55464,700015702,700101840,93,933466,43,250567,23,0
Alistipes_onderdonkii_55464,700015702,700106056,106,905321,28,243338,39,0
Alistipes_onderdonkii_55464,700015702,700106876,90,974268,36,263056,26,0
Alistipes_onderdonkii_55464,700015702,700107398,87,998519,28,269897,29,0
Alistipes_onderdonkii_55464,700015702,SRR2822459,118,956404,37,258066,19,0
Alistipes_onderdonkii_55464,700021902,700023267,94,886348,31,237774,35,0
Alistipes_onderdonkii_55464,700021902,700023845,117,809383,45,214197,43,0
Alistipes_onderdonkii_55464,700021902,700024545,103,900852,26,241156,45,1
Alistipes_onderdonkii_55464,700021902,700024711,119,927661,29,250107,62,2
Alistipes_onderdonkii_55464,700021902,700033797,95,1004682,40,270143,28,2
Alistipes_onderdonkii_55464,700021902,700099059,48,1056184,23,284610,6,0
Alistipes_onderdonkii_55464,700021902,700103479,106,982108,35,264569,36,2
Alistipes_onderdonkii_55464,700021902,700113975,108,984066,42,265895,41,1
Alistipes_onderdonkii_55464,700021902,700116730,113,1001362,23,270255,39,2
Alistipes_onderdonkii_55464,700021902,700117938,96,954507,28,256025,31,1
Alistipes_onderdonkii_55464,700021902,700119739,129,984875,37,265802,57,2
Alistipes_onderdonkii_55464,700021902,700120753,98,967542,38,261093,27,0
Alistipes_onderdonkii_55464,700021902,700163772,110,949011,30,255392,51,1
Alistipes_onderdonkii_55464,700021902,ERR911992,118,958452,31,258553,59,1
Alistipes_onderdonkii_55464,700021902,ERR912076,97,1011224,42,272815,36,1
Alistipes_onderdonkii_55464,700021902,ERR912126,91,978454,28,264139,31,1
Alistipes_onderdonkii_55464,700023267,700023634,105,905500,20,242925,40,0
Alistipes_onderdonkii_55464,700023267,700023845,96,841177,27,222317,28,1
Alistipes_onderdonkii_55464,700023267,700024086,106,893917,22,239573,51,0
Alistipes_onderdonkii_55464,700023267,700024545,39,1019562,13,272448,13,0
Alistipes_onderdonkii_55464,700023267,700024711,61,1029422,12,276353,29,1
Alistipes_onderdonkii_55464,700023267,700033797,91,915814,24,245489,34,0
Alistipes_onderdonkii_55464,700023267,700037632,120,896807,26,238921,52,0
Alistipes_onderdonkii_55464,700023267,700038263,74,898007,21,238702,34,0
Alistipes_onderdonkii_55464,700023267,700103479,99,957817,14,256859,40,1
Alistipes_onderdonkii_55464,700023267,700111156,87,952122,18,255570,31,0
Alistipes_onderdonkii_55464,700023267,700111296,74,943475,18,253320,28,0
Alistipes_onderdonkii_55464,700023267,700113975,78,971669,29,261148,25,0
Alistipes_onderdonkii_55464,700023267,700116730,84,984491,21,264295,39,0
Alistipes_onderdonkii_55464,700023267,700117938,104,882190,25,235763,35,0
Alistipes_onderdonkii_55464,700023267,700119739,94,965996,21,259479,46,0
Alistipes_onderdonkii_55464,700023267,700120753,103,929441,21,249408,41,1
Alistipes_onderdonkii_55464,700023267,700164735,112,942347,40,252944,30,0
Alistipes_onderdonkii_55464,700023267,ERR911956,74,943947,14,253045,35,0
Alistipes_onderdonkii_55464,700023267,ERR911988,82,934132,26,250738,27,1
Alistipes_onderdonkii_55464,700023267,ERR911992,88,946047,23,253781,37,0
Alistipes_onderdonkii_55464,700023267,ERR912037,108,939582,27,252172,55,0
Alistipes_onderdonkii_55464,700023267,ERR912076,58,986222,15,264754,20,0
Alistipes_onderdonkii_55464,700023267,ERR912078,107,908327,32,243563,42,0
Alistipes_onderdonkii_55464,700023267,ERR912126,57,986088,16,264783,25,0
Alistipes_onderdonkii_55464,700023267,mickey4-11-0-0_,89,917191,26,245772,38,1
Alistipes_onderdonkii_55464,700023267,pluto3-11-7-0_,89,929977,24,249574,40,0
Alistipes_onderdonkii_55464,700023634,700023845,77,921222,23,244006,20,0
Alistipes_onderdonkii_55464,700023634,700023872,102,862661,19,232236,39,0
Alistipes_onderdonkii_55464,700023634,700024086,86,990442,18,266635,36,0
Alistipes_onderdonkii_55464,700023634,700024545,105,917066,22,245329,39,0
Alistipes_onderdonkii_55464,700023634,700024711,111,945417,20,254783,45,2
Alistipes_onderdonkii_55464,700023634,700033797,112,905639,23,243688,43,1
Alistipes_onderdonkii_55464,700023634,700037632,123,953665,33,254486,42,0
Alistipes_onderdonkii_55464,700023634,700038263,68,979900,28,260857,18,0
Alistipes_onderdonkii_55464,700023634,700103479,110,995671,20,268242,41,1
Alistipes_onderdonkii_55464,700023634,700111156,116,981935,22,264884,43,0
Alistipes_onderdonkii_55464,700023634,700111296,98,972560,18,262322,39,2
Alistipes_onderdonkii_55464,700023634,700113975,108,1001636,40,270325,32,0
Alistipes_onderdonkii_55464,700023634,700116730,97,1010729,23,272668,29,0
Alistipes_onderdonkii_55464,700023634,700119739,108,995404,23,268585,39,1
Alistipes_onderdonkii_55464,700023634,700120753,97,1060915,28,286287,32,1
Alistipes_onderdonkii_55464,700023634,700164735,133,985347,48,265749,40,0
Alistipes_onderdonkii_55464,700023634,700171115,90,1011962,32,273334,24,1
Alistipes_onderdonkii_55464,700023634,ERR911956,91,976979,26,263124,36,1
Alistipes_onderdonkii_55464,700023634,ERR911988,108,972723,24,262554,50,0
Alistipes_onderdonkii_55464,700023634,ERR911992,108,984989,21,265587,41,0
Alistipes_onderdonkii_55464,700023634,ERR912033,120,973093,29,262701,43,0
Alistipes_onderdonkii_55464,700023634,ERR912036,98,1014608,27,273829,39,0
Alistipes_onderdonkii_55464,700023634,ERR912037,114,969499,33,261352,28,0
Alistipes_onderdonkii_55464,700023634,ERR912061,126,949928,27,256498,45,0
Alistipes_onderdonkii_55464,700023634,ERR912076,90,1020987,26,275509,27,0
Alistipes_onderdonkii_55464,700023634,ERR912078,93,1028487,28,277172,28,0
Alistipes_onderdonkii_55464,700023634,ERR912126,83,983511,18,265474,26,1
Alistipes_onderdonkii_55464,700023634,ERR912128,114,961877,26,259596,40,0
Alistipes_onderdonkii_55464,700023634,ERR912159,122,950026,22,256235,46,1
Alistipes_onderdonkii_55464,700023634,ERR912188,98,971360,13,262422,28,0
Alistipes_onderdonkii_55464,700023634,mickey4-11-0-0_,113,954395,52,256849,45,0
Alistipes_onderdonkii_55464,700023634,pluto3-11-7-0_,114,946017,25,255065,46,0
Alistipes_onderdonkii_55464,700023845,700023872,79,809116,26,213961,12,0
Alistipes_onderdonkii_55464,700023845,700024086,63,928725,16,245828,16,0
Alistipes_onderdonkii_55464,700023845,700024545,92,853591,35,225320,19,0
Alistipes_onderdonkii_55464,700023845,700024711,105,855237,35,226399,39,1
Alistipes_onderdonkii_55464,700023845,700033797,102,824352,28,218298,37,2
Alistipes_onderdonkii_55464,700023845,700037632,110,886110,34,233816,22,0
Alistipes_onderdonkii_55464,700023845,700038263,45,962750,23,254291,8,0
Alistipes_onderdonkii_55464,700023845,700103479,93,888406,32,234864,23,0
Alistipes_onderdonkii_55464,700023845,700111156,114,876729,38,231863,33,0
Alistipes_onderdonkii_55464,700023845,700111296,115,857479,30,227010,40,0
Alistipes_onderdonkii_55464,700023845,700113975,101,884849,33,234414,26,0
Alistipes_onderdonkii_55464,700023845,700116730,87,898765,21,237906,24,0
Alistipes_onderdonkii_55464,700023845,700117938,122,810094,27,213968,50,3
Alistipes_onderdonkii_55464,700023845,700119739,104,882750,27,233661,33,0
Alistipes_onderdonkii_55464,700023845,700120753,75,939131,29,248798,5,0
Alistipes_onderdonkii_55464,700023845,700164735,111,869205,44,230028,21,0
Alistipes_onderdonkii_55464,700023845,700171115,72,898084,36,237896,4,1
Alistipes_onderdonkii_55464,700023845,ERR911956,92,871933,30,230522,24,0
Alistipes_onderdonkii_55464,700023845,ERR911972,98,833047,24,220336,23,0
Alistipes_onderdonkii_55464,700023845,ERR911988,106,868683,30,229858,31,0
Alistipes_onderdonkii_55464,700023845,ERR911992,102,879734,28,232644,27,0
Alistipes_onderdonkii_55464,700023845,ERR912033,115,861378,47,228049,42,0
Alistipes_onderdonkii_55464,700023845,ERR912036,85,910188,30,241093,20,0
Alistipes_onderdonkii_55464,700023845,ERR912037,104,853951,23,225954,33,0
Alistipes_onderdonkii_55464,700023845,ERR912061,104,877233,33,232380,23,0
Alistipes_onderdonkii_55464,700023845,ERR912076,75,903772,20,239252,15,0
Alistipes_onderdonkii_55464,700023845,ERR912078,83,942128,26,249248,23,0
Alistipes_onderdonkii_55464,700023845,ERR912126,81,888958,27,235372,17,0
Alistipes_onderdonkii_55464,700023845,ERR912128,106,860155,28,227754,19,0
Alistipes_onderdonkii_55464,700023845,ERR912159,113,836435,30,221467,38,1
Alistipes_onderdonkii_55464,700023845,ERR912188,85,886810,22,234952,13,0
Alistipes_onderdonkii_55464,700023845,mickey4-11-0-0_,96,851127,53,224777,30,0
Alistipes_onderdonkii_55464,700023845,pluto3-11-7-0_,101,847835,34,224486,28,0
Alistipes_onderdonkii_55464,700023872,700024086,108,848335,23,228062,35,0
Alistipes_onderdonkii_55464,700023872,700024545,112,791160,29,211151,27,0
Alistipes_onderdonkii_55464,700023872,700037632,114,828569,35,220740,37,0
Alistipes_onderdonkii_55464,700023872,700038263,80,865475,24,230034,32,0
Alistipes_onderdonkii_55464,700023872,700113975,115,845578,41,227680,35,0
Alistipes_onderdonkii_55464,700023872,700116730,118,859445,31,231456,45,0
Alistipes_onderdonkii_55464,700023872,700120753,98,892152,39,240343,31,0
Alistipes_onderdonkii_55464,700023872,700171115,119,854298,42,229740,21,0
Alistipes_onderdonkii_55464,700023872,ERR912036,111,878951,39,236723,31,0
Alistipes_onderdonkii_55464,700023872,ERR912076,95,859955,29,231297,26,0
Alistipes_onderdonkii_55464,700023872,ERR912078,107,866499,35,232917,35,0
Alistipes_onderdonkii_55464,700023872,ERR912126,105,829663,29,223297,24,0
Alistipes_onderdonkii_55464,700023872,ERR912188,107,883802,28,237941,31,0
Alistipes_onderdonkii_55464,700024086,700024545,111,911217,34,243758,42,0
Alistipes_onderdonkii_55464,700024086,700024711,105,923114,28,248542,46,1
Alistipes_onderdonkii_55464,700024086,700037632,108,925333,24,246801,37,0
Alistipes_onderdonkii_55464,700024086,700038263,51,985626,22,262333,10,0
Alistipes_onderdonkii_55464,700024086,700103479,113,950673,18,255494,48,1
Alistipes_onderdonkii_55464,700024086,700111156,108,952321,30,256286,38,0
Alistipes_onderdonkii_55464,700024086,700111296,111,928416,17,249806,48,1
Alistipes_onderdonkii_55464,700024086,700113975,111,962603,41,259269,38,0
Alistipes_onderdonkii_55464,700024086,700116730,87,977664,22,263107,29,0
Alistipes_onderdonkii_55464,700024086,700119739,104,954270,21,256847,50,0
Alistipes_onderdonkii_55464,700024086,700120753,79,1023454,25,275710,27,1
Alistipes_onderdonkii_55464,700024086,700171115,91,976578,36,262857,21,1
Alistipes_onderdonkii_55464,700024086,ERR911956,91,940408,24,252845,40,0
Alistipes_onderdonkii_55464,700024086,ERR911972,99,896105,25,240982,30,0
Alistipes_onderdonkii_55464,700024086,ERR911988,108,927573,22,249746,51,0
Alistipes_onderdonkii_55464,700024086,ERR911992,96,941668,25,253144,30,0
Alistipes_onderdonkii_55464,700024086,ERR912036,95,986700,26,265554,38,0
Alistipes_onderdonkii_55464,700024086,ERR912037,97,940195,30,252856,29,0
Alistipes_onderdonkii_55464,700024086,ERR912061,119,955371,28,257322,45,0
Alistipes_onderdonkii_55464,700024086,ERR912076,80,980350,22,263872,27,0
Alistipes_onderdonkii_55464,700024086,ERR912078,92,1021670,27,274668,37,0
Alistipes_onderdonkii_55464,700024086,ERR912126,91,960702,30,258618,35,0
Alistipes_onderdonkii_55464,700024086,ERR912128,121,934559,28,251557,38,0
Alistipes_onderdonkii_55464,700024086,ERR912159,103,900903,23,242476,38,1
Alistipes_onderdonkii_55464,700024086,ERR912188,86,953051,23,256886,26,0
Alistipes_onderdonkii_55464,700024545,700024711,49,1050479,16,281215,15,1
Alistipes_onderdonkii_55464,700024545,700033797,80,926304,21,247889,26,0
Alistipes_onderdonkii_55464,700024545,700037632,103,901075,25,239575,37,0
Alistipes_onderdonkii_55464,700024545,700038263,76,906106,27,240503,26,0
Alistipes_onderdonkii_55464,700024545,700099059,94,897187,24,240186,41,1
Alistipes_onderdonkii_55464,700024545,700103479,78,965930,15,258251,21,1
Alistipes_onderdonkii_55464,700024545,700111156,75,967319,27,258954,14,0
Alistipes_onderdonkii_55464,700024545,700111296,71,948708,16,253990,27,0
Alistipes_onderdonkii_55464,700024545,700113975,60,987659,27,264545,10,0
Alistipes_onderdonkii_55464,700024545,700116730,59,995368,13,266399,17,0
Alistipes_onderdonkii_55464,700024545,700117938,91,902791,20,240892,27,0
Alistipes_onderdonkii_55464,700024545,700119739,74,981515,20,262731,24,0
Alistipes_onderdonkii_55464,700024545,700120753,91,942141,30,252224,24,2
Alistipes_onderdonkii_55464,700024545,700163772,85,874373,33,233930,26,0
Alistipes_onderdonkii_55464,700024545,700164735,85,957965,34,256426,16,0
Alistipes_onderdonkii_55464,700024545,700171115,106,885682,36,237049,22,1
Alistipes_onderdonkii_55464,700024545,ERR911956,54,962116,15,257230,16,0
Alistipes_onderdonkii_55464,700024545,ERR911988,84,951375,37,254896,20,0
Alistipes_onderdonkii_55464,700024545,ERR911992,77,962321,23,257451,25,0
Alistipes_onderdonkii_55464,700024545,ERR912036,114,904615,41,242120,33,0
Alistipes_onderdonkii_55464,700024545,ERR912037,98,950401,34,254284,32,0
Alistipes_onderdonkii_55464,700024545,ERR912076,41,1007220,17,269692,4,0
Alistipes_onderdonkii_55464,700024545,ERR912078,96,919098,25,245654,30,1
Alistipes_onderdonkii_55464,700024545,ERR912126,35,993552,11,266003,8,0
Alistipes_onderdonkii_55464,700024545,ERR912188,108,871721,20,233530,27,0
Alistipes_onderdonkii_55464,700024545,mickey4-11-0-0_,76,937789,31,250676,26,0
Alistipes_onderdonkii_55464,700024545,pluto3-11-7-0_,78,935093,23,250392,30,1
Alistipes_onderdonkii_55464,700024615,700099886,47,1076129,15,288654,7,0
Alistipes_onderdonkii_55464,700024615,700101581,20,1110599,3,298423,5,0
Alistipes_onderdonkii_55464,700024673,700038414,67,1030768,29,277615,7,0
Alistipes_onderdonkii_55464,700024673,700095486,129,943305,49,252373,58,0
Alistipes_onderdonkii_55464,700024673,700097688,119,964675,48,259828,40,0
Alistipes_onderdonkii_55464,700024673,700101840,72,1011662,26,271795,17,0
Alistipes_onderdonkii_55464,700024673,700105613,126,977319,45,263553,45,1
Alistipes_onderdonkii_55464,700024673,700106056,82,1007414,29,270473,29,0
Alistipes_onderdonkii_55464,700024673,700106876,72,1059016,31,285758,14,0
Alistipes_onderdonkii_55464,700024673,700107398,67,1071708,18,289510,21,0
Alistipes_onderdonkii_55464,700024673,700116505,120,980165,39,264871,30,1
Alistipes_onderdonkii_55464,700024673,700161742,89,989183,24,267084,23,1
Alistipes_onderdonkii_55464,700024673,700172221,119,995551,26,268373,37,1
Alistipes_onderdonkii_55464,700024673,700172813,121,991768,33,267870,41,1
Alistipes_onderdonkii_55464,700024673,SRR2822459,133,1032696,36,278652,34,0
Alistipes_onderdonkii_55464,700024711,700033797,95,936563,22,252102,37,1
Alistipes_onderdonkii_55464,700024711,700037632,116,916494,23,244671,56,1
Alistipes_onderdonkii_55464,700024711,700038263,95,913959,31,243319,44,1
Alistipes_onderdonkii_55464,700024711,700099059,105,921222,27,248311,44,2
Alistipes_onderdonkii_55464,700024711,700103479,87,987154,19,265738,31,1
Alistipes_onderdonkii_55464,700024711,700111156,97,1006321,29,271251,24,0
Alistipes_onderdonkii_55464,700024711,700111296,84,974844,16,262873,28,1
Alistipes_onderdonkii_55464,700024711,700113975,88,1026177,40,276754,27,1
Alistipes_onderdonkii_55464,700024711,700116730,80,1026279,20,276672,25,1
Alistipes_onderdonkii_55464,700024711,700117938,121,912021,30,244708,46,1
Alistipes_onderdonkii_55464,700024711,700119739,84,1010602,29,272526,22,1
Alistipes_onderdonkii_55464,700024711,700120753,100,969881,30,261681,40,3
Alistipes_onderdonkii_55464,700024711,700163772,109,884937,37,238204,50,1
Alistipes_onderdonkii_55464,700024711,700164735,111,991721,44,267301,32,0
Alistipes_onderdonkii_55464,700024711,ERR911956,74,991643,16,267043,29,1
Alistipes_onderdonkii_55464,700024711,ERR911988,101,978816,34,264030,40,1
Alistipes_onderdonkii_55464,700024711,ERR911992,92,986687,21,265885,36,1
Alistipes_onderdonkii_55464,700024711,ERR912036,123,933250,43,251589,45,1
Alistipes_onderdonkii_55464,700024711,ERR912037,126,980307,42,264019,48,1
Alistipes_onderdonkii_55464,700024711,ERR912076,64,1038088,28,279980,20,1
Alistipes_onderdonkii_55464,700024711,ERR912078,106,948909,35,255679,36,1
Alistipes_onderdonkii_55464,700024711,ERR912126,49,1024692,16,276308,19,0
Alistipes_onderdonkii_55464,700024711,mickey4-11-0-0_,91,964005,30,259366,41,1
Alistipes_onderdonkii_55464,700024711,pluto3-11-7-0_,103,959781,27,258819,42,2
Alistipes_onderdonkii_55464,700033153,700033726,114,990093,61,266649,32,0
Alistipes_onderdonkii_55464,700033153,700034254,124,929441,72,249770,30,0
Alistipes_onderdonkii_55464,700033153,700037501,116,936163,39,251787,49,0
Alistipes_onderdonkii_55464,700033153,700165167,135,969497,69,260934,51,0
Alistipes_onderdonkii_55464,700033726,700034254,111,968990,55,260723,41,1
Alistipes_onderdonkii_55464,700033726,700037501,129,1019493,29,274467,55,0
Alistipes_onderdonkii_55464,700033726,700117766,159,973349,58,262465,51,0
Alistipes_onderdonkii_55464,700033726,700165167,127,1042760,43,281276,49,0
Alistipes_onderdonkii_55464,700033726,ERR911971,115,964739,32,260569,52,0
Alistipes_onderdonkii_55464,700033726,ERR912024,133,1014730,63,273587,34,0
Alistipes_onderdonkii_55464,700033726,ERR912070,125,976546,44,263149,29,0
Alistipes_onderdonkii_55464,700033726,ERR912085,131,983334,42,265193,29,0
Alistipes_onderdonkii_55464,700033797,700037632,113,896848,43,239276,39,1
Alistipes_onderdonkii_55464,700033797,700038263,99,890197,35,237014,41,0
Alistipes_onderdonkii_55464,700033797,700099059,77,1007279,27,270875,30,1
Alistipes_onderdonkii_55464,700033797,700103479,86,975458,23,261956,19,0
Alistipes_onderdonkii_55464,700033797,700111156,119,973850,44,261909,31,0
Alistipes_onderdonkii_55464,700033797,700111296,88,952300,24,256201,27,0
Alistipes_onderdonkii_55464,700033797,700113975,88,980026,33,263895,23,0
Alistipes_onderdonkii_55464,700033797,700116730,97,1000537,27,269093,31,0
Alistipes_onderdonkii_55464,700033797,700117938,83,996231,35,266597,16,0
Alistipes_onderdonkii_55464,700033797,700119739,108,981856,29,264039,38,0
Alistipes_onderdonkii_55464,700033797,700120753,102,942877,28,253607,34,2
Alistipes_onderdonkii_55464,700033797,700163772,76,978924,30,262742,24,0
Alistipes_onderdonkii_55464,700033797,700164735,121,959365,44,258088,31,0
Alistipes_onderdonkii_55464,700033797,ERR911956,75,955808,16,256639,30,0
Alistipes_onderdonkii_55464,700033797,ERR911988,112,953956,32,256538,34,1
Alistipes_onderdonkii_55464,700033797,ERR911992,107,961770,28,258564,48,0
Alistipes_onderdonkii_55464,700033797,ERR912037,114,953981,36,256320,35,0
Alistipes_onderdonkii_55464,700033797,ERR912076,70,1008585,22,271297,19,0
Alistipes_onderdonkii_55464,700033797,ERR912126,75,976442,27,262742,21,0
Alistipes_onderdonkii_55464,700033797,ERR912161,105,947162,48,254330,37,0
Alistipes_onderdonkii_55464,700033797,SRR413610,92,918525,34,247467,19,0
Alistipes_onderdonkii_55464,700033797,mickey4-11-0-0_,85,935010,34,251172,32,1
Alistipes_onderdonkii_55464,700033797,pluto3-11-7-0_,104,933673,24,250980,41,0
Alistipes_onderdonkii_55464,700034254,700037501,121,922074,49,247681,35,0
Alistipes_onderdonkii_55464,700035237,700165224,32,952053,8,256834,2,0
Alistipes_onderdonkii_55464,700035747,700106465,76,997289,31,267340,15,0
Alistipes_onderdonkii_55464,700035747,700163181,83,1000463,43,268274,32,1
Alistipes_onderdonkii_55464,700037042,700119562,78,1001348,19,270215,28,0
Alistipes_onderdonkii_55464,700037042,ERR912048,101,1018822,29,274798,46,1
Alistipes_onderdonkii_55464,700037042,ERR912143,77,1036742,33,279616,26,1
Alistipes_onderdonkii_55464,700037042,ERR912153,125,983252,52,265500,31,1
Alistipes_onderdonkii_55464,700037123,ERR911971,101,989953,29,267241,41,0
Alistipes_onderdonkii_55464,700037284,ERR912181,116,934470,39,250788,59,0
Alistipes_onderdonkii_55464,700037501,700165167,85,1037957,27,279798,23,0
Alistipes_onderdonkii_55464,700037632,700038263,106,938685,41,248876,31,0
Alistipes_onderdonkii_55464,700037632,700103479,100,937032,26,249693,40,1
Alistipes_onderdonkii_55464,700037632,700111156,115,950974,40,253749,44,0
Alistipes_onderdonkii_55464,700037632,700111296,96,919262,27,245328,31,0
Alistipes_onderdonkii_55464,700037632,700113975,111,957316,48,255764,39,0
Alistipes_onderdonkii_55464,700037632,700116730,99,973831,30,259907,36,0
Alistipes_onderdonkii_55464,700037632,700119739,109,948136,35,253210,44,0
Alistipes_onderdonkii_55464,700037632,700120753,105,981485,45,262165,34,1
Alistipes_onderdonkii_55464,700037632,700164735,132,934702,60,249368,45,0
Alistipes_onderdonkii_55464,700037632,700171115,122,921686,44,245952,44,4
Alistipes_onderdonkii_55464,700037632,ERR911956,88,941173,30,251044,33,1
Alistipes_onderdonkii_55464,700037632,ERR911988,119,934113,39,249448,51,1
Alistipes_onderdonkii_55464,700037632,ERR911992,109,939009,40,250605,39,0
Alistipes_onderdonkii_55464,700037632,ERR912036,130,943657,48,251931,39,0
Alistipes_onderdonkii_55464,700037632,ERR912037,113,923128,41,246387,40,0
Alistipes_onderdonkii_55464,700037632,ERR912076,92,981605,40,262083,38,0
Alistipes_onderdonkii_55464,700037632,ERR912078,121,945799,45,252325,49,0
Alistipes_onderdonkii_55464,700037632,ERR912126,89,961208,32,256666,35,0
Alistipes_onderdonkii_55464,700037632,ERR912188,112,897814,27,239735,37,0
Alistipes_onderdonkii_55464,700037632,mickey4-11-0-0_,113,927707,54,247147,58,0
Alistipes_onderdonkii_55464,700037632,pluto3-11-7-0_,96,910846,49,243209,30,0
Alistipes_onderdonkii_55464,700038072,700107398,123,960384,31,258562,36,1
Alistipes_onderdonkii_55464,700038072,700161742,127,917694,27,246661,44,2
Alistipes_onderdonkii_55464,700038072,700172221,148,944991,31,254058,61,2
Alistipes_onderdonkii_55464,700038263,700099059,110,889605,50,236623,37,0
Alistipes_onderdonkii_55464,700038263,700103479,78,938978,26,249471,20,0
Alistipes_onderdonkii_55464,700038263,700111156,103,934370,39,248440,36,0
Alistipes_onderdonkii_55464,700038263,700111296,101,918598,28,244432,48,1
Alistipes_onderdonkii_55464,700038263,700113975,88,944648,34,251651,27,0
Alistipes_onderdonkii_55464,700038263,700116730,81,959037,22,255091,36,0
Alistipes_onderdonkii_55464,700038263,700119739,88,943962,25,251168,36,0
Alistipes_onderdonkii_55464,700038263,700120753,64,1000413,22,266393,14,0
Alistipes_onderdonkii_55464,700038263,700164735,102,921748,36,245258,34,0
Alistipes_onderdonkii_55464,700038263,700171115,70,957532,38,254908,14,1
Alistipes_onderdonkii_55464,700038263,ERR911956,67,926720,22,246234,28,0
Alistipes_onderdonkii_55464,700038263,ERR911972,88,872143,28,231871,22,0
Alistipes_onderdonkii_55464,700038263,ERR911988,91,923041,37,245599,28,0
Alistipes_onderdonkii_55464,700038263,ERR911992,82,916549,22,243524,22,0
Alistipes_onderdonkii_55464,700038263,ERR912033,108,909767,40,241955,51,0
Alistipes_onderdonkii_55464,700038263,ERR912036,84,971467,31,258553,30,0
Alistipes_onderdonkii_55464,700038263,ERR912037,86,915635,26,243471,26,0
Alistipes_onderdonkii_55464,700038263,ERR912061,111,933922,38,248725,32,0
Alistipes_onderdonkii_55464,700038263,ERR912076,57,967256,19,257264,18,0
Alistipes_onderdonkii_55464,700038263,ERR912078,62,1001904,30,266451,20,0
Alistipes_onderdonkii_55464,700038263,ERR912126,66,936169,23,249132,17,0
Alistipes_onderdonkii_55464,700038263,ERR912128,104,925100,38,246218,21,0
Alistipes_onderdonkii_55464,700038263,ERR912159,104,891299,30,237250,41,2
Alistipes_onderdonkii_55464,700038263,ERR912188,79,942630,31,251106,15,0
Alistipes_onderdonkii_55464,700038263,mickey4-11-0-0_,80,895064,42,237780,35,0
Alistipes_onderdonkii_55464,700038263,pluto3-11-7-0_,87,900938,32,239714,32,0
Alistipes_onderdonkii_55464,700038414,700095486,136,923297,62,246874,63,0
Alistipes_onderdonkii_55464,700038414,700097688,117,934511,36,251149,46,0
Alistipes_onderdonkii_55464,700038414,700101840,83,979514,54,262623,23,0
Alistipes_onderdonkii_55464,700038414,700105613,133,934050,54,250703,41,1
Alistipes_onderdonkii_55464,700038414,700106056,87,970302,17,260244,35,0
Alistipes_onderdonkii_55464,700038414,700106876,82,1007812,38,271028,20,0
Alistipes_onderdonkii_55464,700038414,700107398,61,1034311,29,278429,16,0
Alistipes_onderdonkii_55464,700038414,700116505,126,936279,39,252118,31,1
Alistipes_onderdonkii_55464,700038414,700161742,110,965136,53,259412,29,2
Alistipes_onderdonkii_55464,700038414,700172221,111,962890,24,258494,39,0
Alistipes_onderdonkii_55464,700038414,700172813,114,945232,29,254144,40,1
Alistipes_onderdonkii_55464,700038414,SRR2822459,122,1000060,45,268948,36,0
Alistipes_onderdonkii_55464,700095213,700101840,112,927882,68,248697,28,0
Alistipes_onderdonkii_55464,700095213,700106056,119,922976,49,247449,30,0
Alistipes_onderdonkii_55464,700095213,700106876,113,956130,52,256639,25,0
Alistipes_onderdonkii_55464,700095213,700107398,95,961521,36,258370,24,0
Alistipes_onderdonkii_55464,700095486,700101840,112,937362,45,249920,42,0
Alistipes_onderdonkii_55464,700095486,700106056,114,930387,44,248180,48,0
Alistipes_onderdonkii_55464,700095486,700106876,121,963688,49,257378,48,0
Alistipes_onderdonkii_55464,700095486,700107398,116,973814,42,260369,47,0
Alistipes_onderdonkii_55464,700097688,700101840,94,963606,53,258348,14,0
Alistipes_onderdonkii_55464,700097688,700106056,98,949168,40,254529,40,0
Alistipes_onderdonkii_55464,700097688,700106876,94,983609,51,264127,17,0
Alistipes_onderdonkii_55464,700097688,700107398,94,1000215,34,269034,28,0
Alistipes_onderdonkii_55464,700097688,700161742,126,943122,51,253355,40,0
Alistipes_onderdonkii_55464,700097688,700172221,146,964628,61,258992,41,0
Alistipes_onderdonkii_55464,700099059,700103479,104,973100,40,262108,47,2
Alistipes_onderdonkii_55464,700099059,700111156,131,968432,40,261100,52,1
Alistipes_onderdonkii_55464,700099059,700113975,111,979823,45,264239,46,1
Alistipes_onderdonkii_55464,700099059,700116730,113,997804,35,269220,47,2
Alistipes_onderdonkii_55464,700099059,700117938,93,957279,31,256705,32,1
Alistipes_onderdonkii_55464,700099059,700119739,111,972122,32,262036,45,1
Alistipes_onderdonkii_55464,700099059,700120753,88,956018,32,257919,17,0
Alistipes_onderdonkii_55464,700099059,700163772,96,932097,20,250891,43,1
Alistipes_onderdonkii_55464,700099059,ERR911956,108,961532,37,258787,53,1
Alistipes_onderdonkii_55464,700099059,ERR911992,101,954110,25,257431,45,2
Alistipes_onderdonkii_55464,700099059,ERR912076,89,1000501,29,269726,35,1
Alistipes_onderdonkii_55464,700099059,ERR912126,86,966013,35,260669,31,2
Alistipes_onderdonkii_55464,700099886,700101581,30,1094305,15,293711,4,0
Alistipes_onderdonkii_55464,700101840,700105613,128,966525,50,258853,30,0
Alistipes_onderdonkii_55464,700101840,700106056,67,985471,33,263674,12,0
Alistipes_onderdonkii_55464,700101840,700106876,47,1050384,33,281663,4,0
Alistipes_onderdonkii_55464,700101840,700107398,56,1044002,32,280187,6,0
Alistipes_onderdonkii_55464,700101840,700116505,103,956959,41,256755,15,0
Alistipes_onderdonkii_55464,700101840,700161742,85,975713,36,261577,17,0
Alistipes_onderdonkii_55464,700101840,700172221,109,1005606,41,269387,21,0
Alistipes_onderdonkii_55464,700101840,700172813,113,970357,32,260343,26,0
Alistipes_onderdonkii_55464,700101840,SRR2822459,137,979720,54,262552,33,0
Alistipes_onderdonkii_55464,700103479,700111156,99,1049867,25,282889,35,1
Alistipes_onderdonkii_55464,700103479,700111296,87,1024703,16,275975,26,0
Alistipes_onderdonkii_55464,700103479,700113975,84,1060559,36,285978,26,1
Alistipes_onderdonkii_55464,700103479,700116730,74,1072153,15,289038,23,1
Alistipes_onderdonkii_55464,700103479,700117938,122,955815,36,255916,38,1
Alistipes_onderdonkii_55464,700103479,700119739,80,1056309,26,284760,27,1
Alistipes_onderdonkii_55464,700103479,700120753,106,1019115,25,274714,41,2
Alistipes_onderdonkii_55464,700103479,700163772,113,951869,45,255650,34,1
Alistipes_onderdonkii_55464,700103479,700164735,112,1033657,47,278548,32,1
Alistipes_onderdonkii_55464,700103479,700171115,100,953452,35,256821,25,2
Alistipes_onderdonkii_55464,700103479,ERR911956,63,1040005,10,280072,28,1
Alistipes_onderdonkii_55464,700103479,ERR911988,118,1031531,25,278170,37,1
Alistipes_onderdonkii_55464,700103479,ERR911992,86,1036811,25,279445,42,1
Alistipes_onderdonkii_55464,700103479,ERR912036,109,989610,27,266880,31,1
Alistipes_onderdonkii_55464,700103479,ERR912037,100,1030798,30,277734,33,1
Alistipes_onderdonkii_55464,700103479,ERR912076,57,1079399,17,291029,14,1
Alistipes_onderdonkii_55464,700103479,ERR912078,93,983201,16,264632,33,1
Alistipes_onderdonkii_55464,700103479,ERR912126,70,1056686,24,284831,18,1
Alistipes_onderdonkii_55464,700103479,mickey4-11-0-0_,104,998130,29,268159,43,1
Alistipes_onderdonkii_55464,700103479,pluto3-11-7-0_,107,996004,29,268224,46,2
Alistipes_onderdonkii_55464,700105613,700106056,118,935393,38,250622,39,0
Alistipes_onderdonkii_55464,700105613,700106876,133,1010754,58,272043,40,2
Alistipes_onderdonkii_55464,700105613,700107398,110,1013824,36,273256,35,1
Alistipes_onderdonkii_55464,700105613,700116505,114,996123,35,268563,24,0
Alistipes_onderdonkii_55464,700105613,700161742,98,1019358,41,274496,40,0
Alistipes_onderdonkii_55464,700105613,700172221,81,1035171,30,278521,30,1
Alistipes_onderdonkii_55464,700105613,700172813,110,1003468,20,270360,35,0
Alistipes_onderdonkii_55464,700106056,700106876,63,1023044,26,274265,12,0
Alistipes_onderdonkii_55464,700106056,700107398,66,1036637,26,278176,15,0
Alistipes_onderdonkii_55464,700106056,700116505,119,936845,38,251171,29,0
Alistipes_onderdonkii_55464,700106056,700161742,85,957505,28,256530,27,0
Alistipes_onderdonkii_55464,700106056,700172221,98,973209,24,260725,37,0
Alistipes_onderdonkii_55464,700106056,700172813,117,953902,21,255724,44,0
Alistipes_onderdonkii_55464,700106056,SRR2822459,132,960838,37,257555,43,0
Alistipes_onderdonkii_55464,700106465,700163181,109,985863,34,265158,40,1
Alistipes_onderdonkii_55464,700106876,700107398,52,1100593,29,296836,7,0
Alistipes_onderdonkii_55464,700106876,700116505,110,997667,40,268994,23,1
Alistipes_onderdonkii_55464,700106876,700161742,91,1016953,35,273808,23,1
Alistipes_onderdonkii_55464,700106876,700172221,114,1040979,34,280020,30,1
Alistipes_onderdonkii_55464,700106876,700172813,107,1007806,18,271868,30,1
Alistipes_onderdonkii_55464,700106876,SRR2822459,128,1017533,36,274005,42,0
Alistipes_onderdonkii_55464,700107398,700116505,99,1007549,32,271960,26,1
Alistipes_onderdonkii_55464,700107398,700161742,82,1024401,24,276203,26,1
Alistipes_onderdonkii_55464,700107398,700165778,139,974404,37,262988,46,1
Alistipes_onderdonkii_55464,700107398,700172221,84,1048515,26,282320,18,1
Alistipes_onderdonkii_55464,700107398,700172813,100,1022584,21,276147,33,1
Alistipes_onderdonkii_55464,700107398,SRR2822459,127,1048452,37,282763,36,0
Alistipes_onderdonkii_55464,700111156,700111296,100,1028780,24,277573,36,0
Alistipes_onderdonkii_55464,700111156,700113975,93,1056220,34,285452,22,0
Alistipes_onderdonkii_55464,700111156,700116730,74,1095442,19,295880,16,0
Alistipes_onderdonkii_55464,700111156,700117938,117,938094,28,251501,48,1
Alistipes_onderdonkii_55464,700111156,700119739,81,1051808,24,284065,14,0
Alistipes_onderdonkii_55464,700111156,700120753,106,1014829,34,273976,33,1
Alistipes_onderdonkii_55464,700111156,700164735,116,1029301,49,277836,33,0
Alistipes_onderdonkii_55464,700111156,ERR911956,75,1043368,28,281165,22,0
Alistipes_onderdonkii_55464,700111156,ERR911988,104,1030582,20,278239,41,1
Alistipes_onderdonkii_55464,700111156,ERR911992,92,1048442,32,282855,30,0
Alistipes_onderdonkii_55464,700111156,ERR912036,107,974731,26,263173,33,0
Alistipes_onderdonkii_55464,700111156,ERR912037,95,1017093,24,274410,38,0
Alistipes_onderdonkii_55464,700111156,ERR912076,73,1097509,25,296095,16,0
Alistipes_onderdonkii_55464,700111156,ERR912078,115,989687,41,266743,39,0
Alistipes_onderdonkii_55464,700111156,ERR912126,72,1061177,32,286440,15,0
Alistipes_onderdonkii_55464,700111156,mickey4-11-0-0_,96,1017907,37,274039,43,0
Alistipes_onderdonkii_55464,700111156,pluto3-11-7-0_,105,1007912,32,271755,39,1
Alistipes_onderdonkii_55464,700111296,700113975,90,1038553,31,280481,26,0
Alistipes_onderdonkii_55464,700111296,700116730,73,1054836,15,284727,19,0
Alistipes_onderdonkii_55464,700111296,700117938,99,923577,12,247634,34,1
Alistipes_onderdonkii_55464,700111296,700119739,90,1034595,24,279295,29,0
Alistipes_onderdonkii_55464,700111296,700120753,107,998843,39,269629,41,3
Alistipes_onderdonkii_55464,700111296,700164735,100,1007475,43,271846,24,0
Alistipes_onderdonkii_55464,700111296,ERR911956,71,1019424,18,274912,25,0
Alistipes_onderdonkii_55464,700111296,ERR911988,104,1002013,31,270647,41,1
Alistipes_onderdonkii_55464,700111296,ERR911992,95,1018087,25,274800,32,0
Alistipes_onderdonkii_55464,700111296,ERR912036,122,964912,31,260500,46,0
Alistipes_onderdonkii_55464,700111296,ERR912037,108,999553,36,269665,37,0
Alistipes_onderdonkii_55464,700111296,ERR912076,58,1065242,20,287510,14,0
Alistipes_onderdonkii_55464,700111296,ERR912078,112,958381,28,258297,34,1
Alistipes_onderdonkii_55464,700111296,ERR912126,64,1030363,19,278252,15,0
Alistipes_onderdonkii_55464,700111296,mickey4-11-0-0_,102,989576,32,266348,43,0
Alistipes_onderdonkii_55464,700111296,pluto3-11-7-0_,95,989643,26,266841,39,1
Alistipes_onderdonkii_55464,700113975,700116730,75,1095502,29,296019,22,0
Alistipes_onderdonkii_55464,700113975,700117938,118,961392,39,258082,34,0
Alistipes_onderdonkii_55464,700113975,700119739,80,1070309,32,289309,17,0
Alistipes_onderdonkii_55464,700113975,700120753,95,1031222,38,278684,32,1
Alistipes_onderdonkii_55464,700113975,700163772,130,953771,55,256794,49,0
Alistipes_onderdonkii_55464,700113975,700164735,104,1051568,57,283998,21,0
Alistipes_onderdonkii_55464,700113975,700171115,102,964140,46,260374,26,1
Alistipes_onderdonkii_55464,700113975,ERR911956,59,1044198,25,281611,15,0
Alistipes_onderdonkii_55464,700113975,ERR911988,100,1040867,42,281534,26,0
Alistipes_onderdonkii_55464,700113975,ERR911992,77,1050019,32,283568,24,0
Alistipes_onderdonkii_55464,700113975,ERR912036,108,984605,33,266154,42,0
Alistipes_onderdonkii_55464,700113975,ERR912037,102,1024462,36,276765,38,0
Alistipes_onderdonkii_55464,700113975,ERR912076,47,1094282,25,295648,9,0
Alistipes_onderdonkii_55464,700113975,ERR912078,88,985745,35,265846,21,0
Alistipes_onderdonkii_55464,700113975,ERR912126,62,1065165,33,287889,5,0
Alistipes_onderdonkii_55464,700113975,ERR912128,123,944884,40,255038,33,1
Alistipes_onderdonkii_55464,700113975,ERR912188,99,938911,21,253565,28,0
Alistipes_onderdonkii_55464,700113975,mickey4-11-0-0_,83,1017198,45,274064,36,1
Alistipes_onderdonkii_55464,700113975,pluto3-11-7-0_,94,1016154,39,274571,33,1
Alistipes_onderdonkii_55464,700116505,700161742,67,1036553,29,279621,14,0
Alistipes_onderdonkii_55464,700116505,700172221,86,1049600,32,282913,19,0
Alistipes_onderdonkii_55464,700116505,700172813,89,1055566,25,285054,20,0
Alistipes_onderdonkii_55464,700116730,700117938,111,971585,18,260539,36,0
Alistipes_onderdonkii_55464,700116730,700119739,76,1091119,16,294596,23,0
Alistipes_onderdonkii_55464,700116730,700120753,91,1051417,43,283901,25,1
Alistipes_onderdonkii_55464,700116730,700163772,108,968705,30,260591,36,0
Alistipes_onderdonkii_55464,700116730,700164735,90,1057978,42,285619,16,0
Alistipes_onderdonkii_55464,700116730,700171115,94,982525,35,265141,31,1
Alistipes_onderdonkii_55464,700116730,ERR911956,48,1065350,14,287261,10,0
Alistipes_onderdonkii_55464,700116730,ERR911988,96,1054454,21,284904,33,0
Alistipes_onderdonkii_55464,700116730,ERR911992,75,1074799,27,290196,20,0
Alistipes_onderdonkii_55464,700116730,ERR912033,130,943181,39,254518,60,1
Alistipes_onderdonkii_55464,700116730,ERR912036,102,1009913,36,272776,35,0
Alistipes_onderdonkii_55464,700116730,ERR912037,92,1056543,35,285152,23,0
Alistipes_onderdonkii_55464,700116730,ERR912076,45,1117295,13,301734,8,0
Alistipes_onderdonkii_55464,700116730,ERR912078,88,1006017,24,271235,23,0
Alistipes_onderdonkii_55464,700116730,ERR912126,52,1079068,19,291377,8,0
Alistipes_onderdonkii_55464,700116730,ERR912128,113,957815,23,258349,30,1
Alistipes_onderdonkii_55464,700116730,ERR912188,102,947355,13,255553,37,0
Alistipes_onderdonkii_55464,700116730,mickey4-11-0-0_,80,1053170,37,283659,32,1
Alistipes_onderdonkii_55464,700116730,pluto3-11-7-0_,88,1033600,31,278895,24,1
Alistipes_onderdonkii_55464,700117766,ERR912085,130,954730,40,258111,40,0
Alistipes_onderdonkii_55464,700117938,700119739,128,960454,29,257689,47,0
Alistipes_onderdonkii_55464,700117938,700120753,112,926526,30,248414,38,0
Alistipes_onderdonkii_55464,700117938,700163772,92,951982,32,254921,22,1
Alistipes_onderdonkii_55464,700117938,700164735,129,926507,39,248612,43,0
Alistipes_onderdonkii_55464,700117938,ERR911956,103,935892,29,250497,48,0
Alistipes_onderdonkii_55464,700117938,ERR911988,136,934441,43,250810,62,2
Alistipes_onderdonkii_55464,700117938,ERR911992,108,928823,25,249100,37,0
Alistipes_onderdonkii_55464,700117938,ERR912076,86,977749,25,262226,29,0
Alistipes_onderdonkii_55464,700117938,ERR912126,88,952801,24,255788,24,0
Alistipes_onderdonkii_55464,700117938,ERR912161,97,926205,39,248042,35,0
Alistipes_onderdonkii_55464,700117938,SRR413610,103,881159,36,236802,34,1
Alistipes_onderdonkii_55464,700119562,ERR912048,105,1001503,34,270760,44,1
Alistipes_onderdonkii_55464,700119562,ERR912143,84,1016064,29,274973,31,1
Alistipes_onderdonkii_55464,700119562,ERR912153,134,971849,40,263015,47,1
Alistipes_onderdonkii_55464,700119739,700120753,104,1029280,35,277912,35,1
Alistipes_onderdonkii_55464,700119739,700163772,124,949152,33,255371,49,0
Alistipes_onderdonkii_55464,700119739,700164735,100,1040896,40,281046,26,0
Alistipes_onderdonkii_55464,700119739,700171115,110,970455,35,261919,41,1
Alistipes_onderdonkii_55464,700119739,ERR911956,74,1047620,16,282613,29,0
Alistipes_onderdonkii_55464,700119739,ERR911988,109,1037247,21,280293,42,0
Alistipes_onderdonkii_55464,700119739,ERR911992,90,1056188,22,285327,34,0
Alistipes_onderdonkii_55464,700119739,ERR912036,117,997022,34,269110,44,0
Alistipes_onderdonkii_55464,700119739,ERR912037,106,1045926,31,282363,39,0
Alistipes_onderdonkii_55464,700119739,ERR912076,53,1096009,19,296067,12,0
Alistipes_onderdonkii_55464,700119739,ERR912078,98,989133,28,266698,29,1
Alistipes_onderdonkii_55464,700119739,ERR912126,60,1058630,22,285962,16,0
Alistipes_onderdonkii_55464,700119739,ERR912128,115,936470,19,252627,37,1
Alistipes_onderdonkii_55464,700119739,mickey4-11-0-0_,85,1012522,42,272633,31,0
Alistipes_onderdonkii_55464,700119739,pluto3-11-7-0_,95,1005867,23,271511,45,1
Alistipes_onderdonkii_55464,700120753,700164735,111,1010597,53,272879,31,1
Alistipes_onderdonkii_55464,700120753,700171115,95,1029016,38,277872,31,5
Alistipes_onderdonkii_55464,700120753,ERR911956,81,1010330,35,272322,33,2
Alistipes_onderdonkii_55464,700120753,ERR911972,117,937412,32,253023,39,1
Alistipes_onderdonkii_55464,700120753,ERR911988,117,1010977,58,273276,42,2
Alistipes_onderdonkii_55464,700120753,ERR911992,116,1018571,39,274805,45,3
Alistipes_onderdonkii_55464,700120753,ERR912033,124,979572,41,264558,54,2
Alistipes_onderdonkii_55464,700120753,ERR912036,98,1048393,33,283197,34,1
Alistipes_onderdonkii_55464,700120753,ERR912037,117,1005675,51,271238,28,1
Alistipes_onderdonkii_55464,700120753,ERR912061,122,979445,40,264685,44,1
Alistipes_onderdonkii_55464,700120753,ERR912076,73,1053662,35,284537,23,2
Alistipes_onderdonkii_55464,700120753,ERR912078,97,1051570,39,283757,32,1
Alistipes_onderdonkii_55464,700120753,ERR912126,81,1022611,39,276263,15,1
Alistipes_onderdonkii_55464,700120753,ERR912128,126,1003905,31,271007,42,1
Alistipes_onderdonkii_55464,700120753,ERR912159,133,987689,44,266680,51,2
Alistipes_onderdonkii_55464,700120753,ERR912188,100,1005603,30,271905,29,1
Alistipes_onderdonkii_55464,700120753,mickey4-11-0-0_,99,990990,46,266771,34,0
Alistipes_onderdonkii_55464,700120753,pluto3-11-7-0_,108,982562,40,265041,34,1
Alistipes_onderdonkii_55464,700161742,700172221,52,1064015,19,286594,13,0
Alistipes_onderdonkii_55464,700161742,700172813,55,1045421,9,282001,23,0
Alistipes_onderdonkii_55464,700161742,SRR2822459,141,969003,33,260931,54,1
Alistipes_onderdonkii_55464,700163772,ERR911956,101,936580,40,251610,36,0
Alistipes_onderdonkii_55464,700163772,ERR912076,103,979929,34,263668,44,0
Alistipes_onderdonkii_55464,700163772,ERR912126,87,934762,33,251566,35,0
Alistipes_onderdonkii_55464,700164735,ERR911956,90,1022122,37,275595,27,0
Alistipes_onderdonkii_55464,700164735,ERR911988,130,1017973,57,274784,35,0
Alistipes_onderdonkii_55464,700164735,ERR911992,107,1030079,42,277901,33,0
Alistipes_onderdonkii_55464,700164735,ERR912037,114,1009169,48,272274,31,0
Alistipes_onderdonkii_55464,700164735,ERR912076,76,1069729,39,288832,12,0
Alistipes_onderdonkii_55464,700164735,ERR912126,81,1035331,42,279500,10,0
Alistipes_onderdonkii_55464,700164735,mickey4-11-0-0_,109,996156,59,268308,32,0
Alistipes_onderdonkii_55464,700164735,pluto3-11-7-0_,125,990326,51,267417,41,0
Alistipes_onderdonkii_55464,700165148,ERR912153,107,928147,44,248777,21,1
Alistipes_onderdonkii_55464,700165224,ERR912138,87,1086647,34,293323,9,0
Alistipes_onderdonkii_55464,700171115,ERR911956,95,944808,43,254639,36,1
Alistipes_onderdonkii_55464,700171115,ERR911988,134,958522,53,258736,48,1
Alistipes_onderdonkii_55464,700171115,ERR912036,111,984191,41,265643,33,1
Alistipes_onderdonkii_55464,700171115,ERR912076,87,993208,36,267939,29,1
Alistipes_onderdonkii_55464,700171115,ERR912078,93,990033,42,266905,21,1
Alistipes_onderdonkii_55464,700171115,ERR912126,97,976488,44,263581,15,1
Alistipes_onderdonkii_55464,700171115,ERR912188,118,952442,28,257243,35,3
Alistipes_onderdonkii_55464,700172221,700172813,80,1061923,11,286276,25,0
Alistipes_onderdonkii_55464,700172221,SRR2822459,139,972393,32,261635,49,1
Alistipes_onderdonkii_55464,ERR911956,ERR911988,107,1029775,34,277861,41,1
Alistipes_onderdonkii_55464,ERR911956,ERR911992,72,1037450,26,279598,26,0
Alistipes_onderdonkii_55464,ERR911956,ERR912036,85,970384,23,261542,36,0
Alistipes_onderdonkii_55464,ERR911956,ERR912037,90,1027463,36,276954,28,0
Alistipes_onderdonkii_55464,ERR911956,ERR912076,37,1081904,16,291793,11,0
Alistipes_onderdonkii_55464,ERR911956,ERR912078,82,984335,24,265201,24,1
Alistipes_onderdonkii_55464,ERR911956,ERR912126,39,1045622,13,282053,9,0
Alistipes_onderdonkii_55464,ERR911956,mickey4-11-0-0_,73,998640,35,268225,31,0
Alistipes_onderdonkii_55464,ERR911956,pluto3-11-7-0_,92,1005994,28,271267,40,0
Alistipes_onderdonkii_55464,ERR911963,ERR912089,87,944709,17,255681,32,0
Alistipes_onderdonkii_55464,ERR911963,ERR912153,91,973013,34,263419,32,1
Alistipes_onderdonkii_55464,ERR911968,ERR912092,107,1082137,37,292993,23,0
Alistipes_onderdonkii_55464,ERR911971,ERR911985,86,1019562,25,274785,36,1
Alistipes_onderdonkii_55464,ERR911971,ERR912007,112,967353,20,262059,55,0
Alistipes_onderdonkii_55464,ERR911971,ERR912041,108,979758,32,264611,39,1
Alistipes_onderdonkii_55464,ERR911985,ERR912041,109,1007388,27,271616,38,0
Alistipes_onderdonkii_55464,ERR911988,ERR911992,110,1028546,28,277695,47,1
Alistipes_onderdonkii_55464,ERR911988,ERR912036,120,971562,33,262646,57,0
Alistipes_onderdonkii_55464,ERR911988,ERR912037,114,1012874,42,273518,38,0
Alistipes_onderdonkii_55464,ERR911988,ERR912076,86,1078438,29,291423,27,0
Alistipes_onderdonkii_55464,ERR911988,ERR912078,111,974510,44,262793,40,0
Alistipes_onderdonkii_55464,ERR911988,ERR912126,81,1043439,33,281917,29,0
Alistipes_onderdonkii_55464,ERR911988,mickey4-11-0-0_,107,977619,62,263221,41,1
Alistipes_onderdonkii_55464,ERR911988,pluto3-11-7-0_,114,983656,36,265584,45,1
Alistipes_onderdonkii_55464,ERR911992,ERR912036,120,987466,38,266256,47,1
Alistipes_onderdonkii_55464,ERR911992,ERR912037,103,1035114,39,279352,29,0
Alistipes_onderdonkii_55464,ERR911992,ERR912076,59,1092350,16,294842,25,0
Alistipes_onderdonkii_55464,ERR911992,ERR912078,110,979909,34,263983,32,1
Alistipes_onderdonkii_55464,ERR911992,ERR912126,74,1049070,27,283116,24,0
Alistipes_onderdonkii_55464,ERR911992,mickey4-11-0-0_,97,992463,41,267280,42,0
Alistipes_onderdonkii_55464,ERR911992,pluto3-11-7-0_,98,1003913,29,270749,36,0
Alistipes_onderdonkii_55464,ERR912036,ERR912037,120,970698,38,262073,41,0
Alistipes_onderdonkii_55464,ERR912036,ERR912076,90,1018353,27,274901,32,0
Alistipes_onderdonkii_55464,ERR912036,ERR912078,122,1024306,34,276170,44,0
Alistipes_onderdonkii_55464,ERR912036,ERR912126,101,986960,39,266553,29,0
Alistipes_onderdonkii_55464,ERR912036,ERR912128,128,967314,31,261141,27,0
Alistipes_onderdonkii_55464,ERR912036,ERR912159,135,942953,28,254215,62,1
Alistipes_onderdonkii_55464,ERR912036,ERR912188,96,971568,24,262473,26,0
Alistipes_onderdonkii_55464,ERR912037,ERR912076,88,1072345,27,289417,32,0
Alistipes_onderdonkii_55464,ERR912037,ERR912126,89,1038299,39,280115,26,0
Alistipes_onderdonkii_55464,ERR912037,mickey4-11-0-0_,119,995295,55,267957,43,1
Alistipes_onderdonkii_55464,ERR912037,pluto3-11-7-0_,110,985044,46,265437,32,0
Alistipes_onderdonkii_55464,ERR912048,ERR912143,91,1061641,30,286667,31,0
Alistipes_onderdonkii_55464,ERR912048,ERR912153,145,989165,41,267294,65,1
Alistipes_onderdonkii_55464,ERR912070,ERR912085,67,1025405,15,276974,21,1
Alistipes_onderdonkii_55464,ERR912076,ERR912078,76,1026390,30,276663,20,1
Alistipes_onderdonkii_55464,ERR912076,ERR912126,30,1092321,16,295076,0,0
Alistipes_onderdonkii_55464,ERR912076,ERR912128,103,972414,29,262328,20,0
Alistipes_onderdonkii_55464,ERR912076,ERR912188,90,961628,15,259488,21,0
Alistipes_onderdonkii_55464,ERR912076,mickey4-11-0-0_,86,1048389,47,282308,42,1
Alistipes_onderdonkii_55464,ERR912076,pluto3-11-7-0_,80,1045097,29,282083,24,1
Alistipes_onderdonkii_55464,ERR912078,ERR912126,86,991471,33,267400,14,0
Alistipes_onderdonkii_55464,ERR912078,ERR912128,127,964643,34,260165,32,0
Alistipes_onderdonkii_55464,ERR912078,ERR912188,99,986267,26,266148,33,0
Alistipes_onderdonkii_55464,ERR912078,pluto3-11-7-0_,116,951017,31,256212,35,0
Alistipes_onderdonkii_55464,ERR912089,ERR912153,112,996886,40,269255,29,2
Alistipes_onderdonkii_55464,ERR912126,ERR912188,79,932927,16,252149,19,0
Alistipes_onderdonkii_55464,ERR912126,mickey4-11-0-0_,81,1015284,38,273459,33,0
Alistipes_onderdonkii_55464,ERR912126,pluto3-11-7-0_,75,1008709,28,272307,27,1
Alistipes_onderdonkii_55464,ERR912143,ERR912153,111,1003185,50,271222,35,1
Alistipes_onderdonkii_55464,SRR413610,ERR912076,103,929298,33,251350,28,1
Alistipes_onderdonkii_55464,mickey4-11-0-0_,pluto3-11-7-0_,103,954207,32,257080,46,2
Alistipes_onderdonkii_55464,700038072,700165778,4,1131165,2,304780,0,0
Alistipes_putredinis_61533,700013715,700015250,108,834808,26,220470,32,0
Alistipes_putredinis_61533,700013715,700015415,162,746343,38,196861,36,0
Alistipes_putredinis_61533,700013715,700021261,142,790658,27,208855,56,0
Alistipes_putredinis_61533,700013715,700023919,112,799610,35,210996,30,1
Alistipes_putredinis_61533,700013715,700024318,158,781788,43,206500,40,0
Alistipes_putredinis_61533,700013715,700032133,168,771006,34,203283,40,0
Alistipes_putredinis_61533,700013715,700033797,156,759872,41,200636,19,0
Alistipes_putredinis_61533,700013715,700034622,157,775241,36,204630,28,0
Alistipes_putredinis_61533,700013715,700037008,156,766278,42,202354,39,0
Alistipes_putredinis_61533,700013715,700037357,166,767705,45,202848,65,2
Alistipes_putredinis_61533,700013715,700037632,184,731817,34,193010,75,3
Alistipes_putredinis_61533,700013715,700037738,172,769350,51,202457,58,1
Alistipes_putredinis_61533,700013715,700037852,111,805332,41,212331,31,1
Alistipes_putredinis_61533,700013715,700037916,156,770732,42,203366,40,0
Alistipes_putredinis_61533,700013715,700095524,127,815306,31,215120,32,0
Alistipes_putredinis_61533,700013715,700110812,108,750393,36,196061,40,1
Alistipes_putredinis_61533,700013715,700111223,113,756640,33,199323,36,0
Alistipes_putredinis_61533,700013715,700116668,136,809348,50,213651,55,1
Alistipes_putredinis_61533,700013715,700117303,171,733453,43,193550,55,1
Alistipes_putredinis_61533,700013715,700117766,117,782751,39,206788,38,1
Alistipes_putredinis_61533,700013715,700122408,138,783143,36,206900,35,0
Alistipes_putredinis_61533,700013715,700124429,126,773453,39,204107,45,1
Alistipes_putredinis_61533,700013715,700124561,142,815501,42,215430,59,0
Alistipes_putredinis_61533,700013715,700161342,138,821676,38,216863,51,1
Alistipes_putredinis_61533,700013715,ERR911954,108,801859,52,211766,45,1
Alistipes_putredinis_61533,700013715,ERR911956,100,780233,22,206425,42,0
Alistipes_putredinis_61533,700013715,ERR911960,151,775160,29,204787,40,0
Alistipes_putredinis_61533,700013715,ERR911963,167,769961,37,203378,49,0
Alistipes_putredinis_61533,700013715,ERR911966,121,789356,27,208767,45,0
Alistipes_putredinis_61533,700013715,ERR911970,153,805636,21,212433,47,0
Alistipes_putredinis_61533,700013715,ERR911988,145,790118,45,208599,37,0
Alistipes_putredinis_61533,700013715,ERR911995,35,897026,3,236974,8,0
Alistipes_putredinis_61533,700013715,ERR911999,95,845961,27,223298,23,0
Alistipes_putredinis_61533,700013715,ERR912000,97,849724,27,224369,30,0
Alistipes_putredinis_61533,700013715,ERR912007,110,802456,27,211624,26,0
Alistipes_putredinis_61533,700013715,ERR912009,126,773192,49,204201,44,2
Alistipes_putredinis_61533,700013715,ERR912013,194,829768,51,219043,47,0
Alistipes_putredinis_61533,700013715,ERR912033,107,852238,25,224976,38,0
Alistipes_putredinis_61533,700013715,ERR912041,160,743830,38,196266,58,0
Alistipes_putredinis_61533,700013715,ERR912048,89,859194,26,226869,30,1
Alistipes_putredinis_61533,700013715,ERR912063,141,763052,41,201501,28,0
Alistipes_putredinis_61533,700013715,ERR912064,121,777995,33,205341,28,0
Alistipes_putredinis_61533,700013715,ERR912071,171,782763,37,206674,45,1
Alistipes_putredinis_61533,700013715,ERR912072,127,842511,38,222407,39,1
Alistipes_putredinis_61533,700013715,ERR912086,148,788365,32,208173,44,0
Alistipes_putredinis_61533,700013715,ERR912096,159,819742,55,216511,51,2
Alistipes_putredinis_61533,700013715,ERR912100,92,847495,22,223698,17,0
Alistipes_putredinis_61533,700013715,ERR912103,102,859887,34,227124,43,1
Alistipes_putredinis_61533,700013715,ERR912111,118,810376,27,214118,39,0
Alistipes_putredinis_61533,700013715,ERR912124,92,817388,27,215860,26,1
Alistipes_putredinis_61533,700013715,ERR912144,155,745564,39,196728,35,0
Alistipes_putredinis_61533,700013715,ERR912152,204,771130,41,203807,67,0
Alistipes_putredinis_61533,700013715,ERR912159,191,759800,34,200429,49,0
Alistipes_putredinis_61533,700013715,ERR912175,157,755184,46,199495,46,0
Alistipes_putredinis_61533,700013715,SRR413582,162,756651,54,199220,48,0
Alistipes_putredinis_61533,700013715,SRR413603,101,808911,39,213515,28,1
Alistipes_putredinis_61533,700013715,SRR413629,81,817544,22,215951,27,1
Alistipes_putredinis_61533,700013715,SRR413653,114,803207,45,212023,37,1
Alistipes_putredinis_61533,700013715,mickey3-11-30-0_,128,762423,23,201462,34,0
Alistipes_putredinis_61533,700014386,700023788,165,742511,39,196286,40,1
Alistipes_putredinis_61533,700014386,700024086,218,773405,49,204411,41,1
Alistipes_putredinis_61533,700014386,700035157,152,767342,26,202915,33,1
Alistipes_putredinis_61533,700014386,700037967,164,799225,40,211195,24,3
Alistipes_putredinis_61533,700014386,700038761,158,796799,36,210161,38,1
Alistipes_putredinis_61533,700014386,700097688,159,749309,36,198005,19,0
Alistipes_putredinis_61533,700014386,700121919,179,785695,50,207569,57,0
Alistipes_putredinis_61533,700014386,ERR911957,164,784644,37,207590,43,1
Alistipes_putredinis_61533,700014386,ERR911976,152,759583,33,201023,36,1
Alistipes_putredinis_61533,700014386,ERR911977,164,757062,41,200315,64,4
Alistipes_putredinis_61533,700014386,ERR911990,207,780305,42,206404,51,0
Alistipes_putredinis_61533,700014386,ERR912170,174,799171,47,211277,46,4
Alistipes_putredinis_61533,700014562,700024615,111,719310,36,190075,31,2
Alistipes_putredinis_61533,700014562,700113810,76,851164,28,224909,13,0
Alistipes_putredinis_61533,700014724,700037967,148,741024,35,195758,44,0
Alistipes_putredinis_61533,700014724,700038761,146,733133,40,193619,40,1
Alistipes_putredinis_61533,700014954,700024615,128,732658,35,193809,29,0
Alistipes_putredinis_61533,700015250,700015415,139,775833,35,204726,56,0
Alistipes_putredinis_61533,700015250,700021261,104,815602,9,215577,33,0
Alistipes_putredinis_61533,700015250,700023919,115,826461,21,218160,37,2
Alistipes_putredinis_61533,700015250,700024318,149,790800,28,209206,55,1
Alistipes_putredinis_61533,700015250,700032133,150,772315,24,204010,37,1
Alistipes_putredinis_61533,700015250,700033797,144,728840,30,192482,45,1
Alistipes_putredinis_61533,700015250,700034622,148,789865,28,208925,49,1
Alistipes_putredinis_61533,700015250,700037008,156,783151,42,207077,56,1
Alistipes_putredinis_61533,700015250,700037357,146,792572,31,209633,39,1
Alistipes_putredinis_61533,700015250,700037632,162,755395,19,199251,51,1
Alistipes_putredinis_61533,700015250,700037738,139,763102,21,200877,36,1
Alistipes_putredinis_61533,700015250,700037852,80,821744,26,216846,17,0
Alistipes_putredinis_61533,700015250,700037916,152,778254,35,205767,60,1
Alistipes_putredinis_61533,700015250,700095524,83,858937,12,226979,21,0
Alistipes_putredinis_61533,700015250,700110812,106,772788,22,201746,43,2
Alistipes_putredinis_61533,700015250,700111223,125,781757,28,206405,44,0
Alistipes_putredinis_61533,700015250,700116668,107,821805,19,216807,46,1
Alistipes_putredinis_61533,700015250,700117766,132,812779,24,214729,50,2
Alistipes_putredinis_61533,700015250,700122408,125,797288,28,210931,43,1
Alistipes_putredinis_61533,700015250,700124429,141,788652,19,208299,65,2
Alistipes_putredinis_61533,700015250,700124561,108,844560,26,223347,39,0
Alistipes_putredinis_61533,700015250,700161342,121,836730,8,221042,63,2
Alistipes_putredinis_61533,700015250,ERR911954,116,832730,24,219915,43,1
Alistipes_putredinis_61533,700015250,ERR911956,118,827305,15,219226,39,0
Alistipes_putredinis_61533,700015250,ERR911960,126,786433,22,208235,54,1
Alistipes_putredinis_61533,700015250,ERR911963,143,781515,29,206764,61,0
Alistipes_putredinis_61533,700015250,ERR911966,133,823410,28,217835,56,1
Alistipes_putredinis_61533,700015250,ERR911970,152,836167,23,220860,76,2
Alistipes_putredinis_61533,700015250,ERR911988,133,798886,35,211371,45,1
Alistipes_putredinis_61533,700015250,ERR911995,108,815017,27,215532,39,0
Alistipes_putredinis_61533,700015250,ERR911999,94,883719,15,233382,50,1
Alistipes_putredinis_61533,700015250,ERR912000,93,881405,8,232887,44,1
Alistipes_putredinis_61533,700015250,ERR912007,104,838825,15,221445,39,1
Alistipes_putredinis_61533,700015250,ERR912009,112,793699,28,210056,64,2
Alistipes_putredinis_61533,700015250,ERR912013,171,849150,28,224101,64,1
Alistipes_putredinis_61533,700015250,ERR912033,94,873137,14,230691,22,0
Alistipes_putredinis_61533,700015250,ERR912041,147,763596,36,202044,65,1
Alistipes_putredinis_61533,700015250,ERR912048,85,894449,15,236479,37,1
Alistipes_putredinis_61533,700015250,ERR912063,146,785360,37,207701,44,0
Alistipes_putredinis_61533,700015250,ERR912064,126,784133,28,207568,58,1
Alistipes_putredinis_61533,700015250,ERR912071,156,792332,23,209708,70,2
Alistipes_putredinis_61533,700015250,ERR912072,125,866994,21,229206,37,1
Alistipes_putredinis_61533,700015250,ERR912085,135,750417,28,198927,54,0
Alistipes_putredinis_61533,700015250,ERR912086,137,794792,23,210435,59,1
Alistipes_putredinis_61533,700015250,ERR912096,154,841251,27,222177,58,2
Alistipes_putredinis_61533,700015250,ERR912100,115,889272,21,235105,46,1
Alistipes_putredinis_61533,700015250,ERR912103,109,883703,16,233699,65,1
Alistipes_putredinis_61533,700015250,ERR912111,84,842502,8,222745,33,0
Alistipes_putredinis_61533,700015250,ERR912124,105,848941,19,224286,46,2
Alistipes_putredinis_61533,700015250,ERR912144,156,761115,34,201398,57,1
Alistipes_putredinis_61533,700015250,ERR912152,173,774637,32,205244,57,0
Alistipes_putredinis_61533,700015250,ERR912159,172,781452,31,206439,67,1
Alistipes_putredinis_61533,700015250,ERR912175,148,779454,41,206269,58,1
Alistipes_putredinis_61533,700015250,SRR413582,138,760577,35,200323,45,0
Alistipes_putredinis_61533,700015250,SRR413603,108,852068,13,224796,44,2
Alistipes_putredinis_61533,700015250,SRR413629,90,851396,10,224836,46,2
Alistipes_putredinis_61533,700015250,SRR413653,113,835081,21,220391,48,2
Alistipes_putredinis_61533,700015250,mickey3-11-30-0_,132,796179,30,210817,39,0
Alistipes_putredinis_61533,700015415,700021261,167,732366,29,193475,57,0
Alistipes_putredinis_61533,700015415,700023919,173,761736,38,201345,63,1
Alistipes_putredinis_61533,700015415,700024318,79,872497,17,230412,13,0
Alistipes_putredinis_61533,700015415,700032133,102,871612,15,229919,27,0
Alistipes_putredinis_61533,700015415,700033797,93,843518,21,222469,20,0
Alistipes_putredinis_61533,700015415,700034622,72,890615,21,235337,14,0
Alistipes_putredinis_61533,700015415,700037008,84,861209,14,227477,24,0
Alistipes_putredinis_61533,700015415,700037852,143,716251,27,189050,38,0
Alistipes_putredinis_61533,700015415,700037916,82,893668,21,235978,22,0
Alistipes_putredinis_61533,700015415,700095524,148,768396,22,202855,54,0
Alistipes_putredinis_61533,700015415,700098932,133,793709,17,209374,83,1
Alistipes_putredinis_61533,700015415,700110812,166,702151,37,183460,43,1
Alistipes_putredinis_61533,700015415,700116668,176,760647,31,201100,78,1
Alistipes_putredinis_61533,700015415,700122408,62,882396,8,233114,17,0
Alistipes_putredinis_61533,700015415,700124561,179,760688,26,201108,93,0
Alistipes_putredinis_61533,700015415,700161342,169,762550,26,201518,66,1
Alistipes_putredinis_61533,700015415,ERR911954,157,749012,30,197576,54,1
Alistipes_putredinis_61533,700015415,ERR911956,122,712471,28,188474,42,1
Alistipes_putredinis_61533,700015415,ERR911960,57,883570,9,233542,16,0
Alistipes_putredinis_61533,700015415,ERR911963,78,875572,11,231281,30,0
Alistipes_putredinis_61533,700015415,ERR911966,154,797094,32,211053,58,0
Alistipes_putredinis_61533,700015415,ERR911970,163,758535,25,200410,71,0
Alistipes_putredinis_61533,700015415,ERR911988,65,894982,17,236444,14,0
Alistipes_putredinis_61533,700015415,ERR911995,125,739051,31,194758,44,0
Alistipes_putredinis_61533,700015415,ERR911996,118,805942,22,213243,58,0
Alistipes_putredinis_61533,700015415,ERR911999,174,788815,46,208463,53,0
Alistipes_putredinis_61533,700015415,ERR912000,162,814815,34,215382,54,0
Alistipes_putredinis_61533,700015415,ERR912007,171,764349,25,201815,64,0
Alistipes_putredinis_61533,700015415,ERR912009,154,742901,31,196783,49,1
Alistipes_putredinis_61533,700015415,ERR912013,142,750681,28,198135,60,0
Alistipes_putredinis_61533,700015415,ERR912026,162,814022,18,214841,80,0
Alistipes_putredinis_61533,700015415,ERR912033,156,794901,26,209883,45,0
Alistipes_putredinis_61533,700015415,ERR912041,79,868710,13,229442,25,0
Alistipes_putredinis_61533,700015415,ERR912048,150,806174,28,212967,53,0
Alistipes_putredinis_61533,700015415,ERR912062,127,846946,18,223966,22,0
Alistipes_putredinis_61533,700015415,ERR912063,88,865973,17,228661,32,0
Alistipes_putredinis_61533,700015415,ERR912064,63,877761,12,231891,13,0
Alistipes_putredinis_61533,700015415,ERR912071,72,884529,15,233701,24,1
Alistipes_putredinis_61533,700015415,ERR912072,175,791385,34,209236,60,0
Alistipes_putredinis_61533,700015415,ERR912086,75,889132,13,234996,31,0
Alistipes_putredinis_61533,700015415,ERR912096,184,753239,30,199397,69,1
Alistipes_putredinis_61533,700015415,ERR912100,173,801356,36,211620,53,0
Alistipes_putredinis_61533,700015415,ERR912103,145,800020,34,211443,50,0
Alistipes_putredinis_61533,700015415,ERR912111,145,770515,32,203847,39,0
Alistipes_putredinis_61533,700015415,ERR912124,149,770621,26,203497,50,1
Alistipes_putredinis_61533,700015415,ERR912144,98,861258,28,227544,20,0
Alistipes_putredinis_61533,700015415,ERR912152,134,876041,32,231516,57,0
Alistipes_putredinis_61533,700015415,ERR912159,96,877480,19,231630,23,0
Alistipes_putredinis_61533,700015415,ERR912175,123,862183,27,227760,33,0
Alistipes_putredinis_61533,700015415,SRR413582,94,842349,22,221821,39,0
Alistipes_putredinis_61533,700015415,SRR413603,149,755947,25,199488,52,1
Alistipes_putredinis_61533,700015415,SRR413629,149,788027,33,208243,51,1
Alistipes_putredinis_61533,700015415,SRR413653,167,772181,48,204150,53,1
Alistipes_putredinis_61533,700015415,mickey3-11-30-0_,67,871644,14,230231,12,0
Alistipes_putredinis_61533,700016610,700121919,119,795073,46,209859,28,0
Alistipes_putredinis_61533,700016716,700105940,169,802957,44,212589,51,0
Alistipes_putredinis_61533,700016960,700109921,73,819603,25,215920,19,0
Alistipes_putredinis_61533,700021261,700023919,128,776747,20,205255,52,2
Alistipes_putredinis_61533,700021261,700034622,164,757555,25,200450,57,1
Alistipes_putredinis_61533,700021261,700037852,111,753198,14,198657,38,0
Alistipes_putredinis_61533,700021261,700095524,77,862751,12,228078,22,0
Alistipes_putredinis_61533,700021261,700110812,117,716719,24,187654,37,2
Alistipes_putredinis_61533,700021261,700116668,137,782013,26,206913,60,2
Alistipes_putredinis_61533,700021261,700117766,134,756515,14,200201,50,2
Alistipes_putredinis_61533,700021261,700122408,152,731752,19,193522,43,1
Alistipes_putredinis_61533,700021261,700124561,97,843888,16,223279,48,0
Alistipes_putredinis_61533,700021261,700161342,132,796332,17,210639,42,2
Alistipes_putredinis_61533,700021261,ERR911954,100,777351,10,205558,29,1
Alistipes_putredinis_61533,700021261,ERR911956,129,758238,14,200942,46,0
Alistipes_putredinis_61533,700021261,ERR911960,144,744708,17,197165,46,1
Alistipes_putredinis_61533,700021261,ERR911966,169,777956,31,206035,71,1
Alistipes_putredinis_61533,700021261,ERR911970,156,766583,16,202554,72,1
Alistipes_putredinis_61533,700021261,ERR911988,155,733589,20,193871,57,1
Alistipes_putredinis_61533,700021261,ERR911995,138,770832,26,203827,58,0
Alistipes_putredinis_61533,700021261,ERR911999,134,815085,18,215441,55,1
Alistipes_putredinis_61533,700021261,ERR912000,136,826934,15,218526,55,1
Alistipes_putredinis_61533,700021261,ERR912007,138,767513,12,202659,55,1
Alistipes_putredinis_61533,700021261,ERR912013,210,803721,38,212541,75,1
Alistipes_putredinis_61533,700021261,ERR912033,119,787719,8,208289,39,0
Alistipes_putredinis_61533,700021261,ERR912048,115,823602,10,217861,41,1
Alistipes_putredinis_61533,700021261,ERR912072,161,785941,20,207887,56,1
Alistipes_putredinis_61533,700021261,ERR912096,150,764399,18,202209,48,2
Alistipes_putredinis_61533,700021261,ERR912100,143,816395,21,215965,52,1
Alistipes_putredinis_61533,700021261,ERR912103,141,806931,16,213521,68,1
Alistipes_putredinis_61533,700021261,ERR912111,119,779937,8,206325,48,0
Alistipes_putredinis_61533,700021261,ERR912124,116,788828,9,208738,38,2
Alistipes_putredinis_61533,700021261,SRR413603,118,779838,7,206038,46,2
Alistipes_putredinis_61533,700021261,SRR413629,125,797750,11,210947,58,2
Alistipes_putredinis_61533,700021261,SRR413653,114,780599,11,206324,47,2
Alistipes_putredinis_61533,700021261,mickey3-11-30-0_,133,740408,24,196099,28,0
Alistipes_putredinis_61533,700021295,700023578,188,736919,43,194019,65,0
Alistipes_putredinis_61533,700021295,700024866,201,742624,42,196349,79,2
Alistipes_putredinis_61533,700021295,700024998,180,748910,34,197491,49,0
Alistipes_putredinis_61533,700021295,700034926,155,744291,29,195992,42,0
Alistipes_putredinis_61533,700021295,700037284,153,759908,27,200237,44,0
Alistipes_putredinis_61533,700021295,700095213,202,771019,31,203946,100,0
Alistipes_putredinis_61533,700021295,700103558,131,751689,22,198763,44,0
Alistipes_putredinis_61533,700021295,700106412,138,754560,20,199477,53,0
Alistipes_putredinis_61533,700021295,700107398,140,802084,38,212193,18,0
Alistipes_putredinis_61533,700021295,700111439,148,737163,24,194900,39,0
Alistipes_putredinis_61533,700021295,700116028,151,776583,41,205748,57,1
Alistipes_putredinis_61533,700021295,700116865,172,777949,52,206102,47,0
Alistipes_putredinis_61533,700021295,700173320,211,764157,50,201976,55,0
Alistipes_putredinis_61533,700021295,ERR911998,167,771420,23,204263,52,0
Alistipes_putredinis_61533,700021295,ERR912012,167,780054,32,206337,42,0
Alistipes_putredinis_61533,700021295,ERR912052,211,746150,33,197442,71,0
Alistipes_putredinis_61533,700021295,ERR912054,166,747192,32,197542,36,0
Alistipes_putredinis_61533,700021295,ERR912110,193,767652,42,203192,63,0
Alistipes_putredinis_61533,700021295,ERR912157,187,752910,38,199439,54,0
Alistipes_putredinis_61533,700021295,ERR912172,165,760740,40,201252,50,0
Alistipes_putredinis_61533,700021295,ERR912187,210,764491,40,202283,58,0
Alistipes_putredinis_61533,700021361,700023788,143,784262,43,206906,43,0
Alistipes_putredinis_61533,700021361,ERR911957,135,797605,43,210672,32,0
Alistipes_putredinis_61533,700021361,ERR911976,149,805703,40,213052,39,0
Alistipes_putredinis_61533,700021361,ERR911977,98,805623,38,212951,32,0
Alistipes_putredinis_61533,700021361,ERR912170,118,797298,48,210582,20,0
Alistipes_putredinis_61533,700023066,700037757,142,779882,41,206122,27,0
Alistipes_putredinis_61533,700023066,700163628,159,749163,16,197637,51,0
Alistipes_putredinis_61533,700023578,700024615,176,721762,34,189897,39,0
Alistipes_putredinis_61533,700023578,700116076,208,712591,39,187668,99,0
Alistipes_putredinis_61533,700023578,700165455,213,706119,33,186198,94,0
Alistipes_putredinis_61533,700023578,ERR911962,141,718369,28,189234,44,0
Alistipes_putredinis_61533,700023578,ERR911985,171,722509,26,190434,57,0
Alistipes_putredinis_61533,700023578,ERR912012,143,760950,23,200418,35,0
Alistipes_putredinis_61533,700023578,ERR912018,186,683788,25,180176,54,0
Alistipes_putredinis_61533,700023578,ERR912054,175,742709,39,195345,43,0
Alistipes_putredinis_61533,700023578,ERR912090,162,716474,28,189004,64,0
Alistipes_putredinis_61533,700023578,ERR912110,155,745228,33,196169,70,0
Alistipes_putredinis_61533,700023578,ERR912157,166,741377,30,195032,61,0
Alistipes_putredinis_61533,700023578,ERR912172,165,752892,34,197977,63,0
Alistipes_putredinis_61533,700023788,700024086,112,773305,44,204248,31,0
Alistipes_putredinis_61533,700023788,700033922,118,749008,47,197701,32,0
Alistipes_putredinis_61533,700023788,700035157,107,795304,32,210040,42,0
Alistipes_putredinis_61533,700023788,700037967,113,780818,26,206092,35,1
Alistipes_putredinis_61533,700023788,700038761,84,807615,39,212600,23,0
Alistipes_putredinis_61533,700023788,700097688,153,734915,37,193912,49,1
Alistipes_putredinis_61533,700023788,700121919,181,806668,67,212708,53,1
Alistipes_putredinis_61533,700023788,ERR911957,79,845953,17,223234,17,0
Alistipes_putredinis_61533,700023788,ERR911968,200,872754,83,230530,10,0
Alistipes_putredinis_61533,700023788,ERR911976,81,849771,13,224293,17,0
Alistipes_putredinis_61533,700023788,ERR911977,94,853034,34,225159,22,0
Alistipes_putredinis_61533,700023788,ERR911990,181,759336,31,200576,46,1
Alistipes_putredinis_61533,700023788,ERR912004,232,809577,51,213834,111,1
Alistipes_putredinis_61533,700023788,ERR912066,216,809790,58,213812,96,1
Alistipes_putredinis_61533,700023788,ERR912087,218,761297,56,200704,82,1
Alistipes_putredinis_61533,700023788,ERR912135,227,783770,52,206742,71,1
Alistipes_putredinis_61533,700023788,ERR912170,106,848256,18,223892,26,0
Alistipes_putredinis_61533,700023788,ERR912199,228,787369,60,207575,73,0
Alistipes_putredinis_61533,700023845,ERR912107,128,785658,35,206637,32,0
Alistipes_putredinis_61533,700023919,700024318,148,742327,21,196469,49,1
Alistipes_putredinis_61533,700023919,700034622,175,761612,22,201503,46,1
Alistipes_putredinis_61533,700023919,700037008,167,745571,37,197009,49,1
Alistipes_putredinis_61533,700023919,700037738,146,751640,27,197727,37,0
Alistipes_putredinis_61533,700023919,700037852,120,799109,39,210787,24,1
Alistipes_putredinis_61533,700023919,700037916,179,759640,40,200797,45,1
Alistipes_putredinis_61533,700023919,700095524,124,832159,17,219868,48,2
Alistipes_putredinis_61533,700023919,700110812,62,816476,13,213375,16,0
Alistipes_putredinis_61533,700023919,700116668,73,878443,12,232196,20,0
Alistipes_putredinis_61533,700023919,700117766,68,867916,15,229559,19,0
Alistipes_putredinis_61533,700023919,700122408,166,776422,43,205449,46,1
Alistipes_putredinis_61533,700023919,700124429,76,830943,7,219792,28,0
Alistipes_putredinis_61533,700023919,700124561,137,802058,18,212052,60,2
Alistipes_putredinis_61533,700023919,700161342,74,886217,8,234393,15,0
Alistipes_putredinis_61533,700023919,ERR911954,70,879383,15,232565,26,1
Alistipes_putredinis_61533,700023919,ERR911956,124,799188,27,211539,32,3
Alistipes_putredinis_61533,700023919,ERR911960,158,768379,22,203328,54,1
Alistipes_putredinis_61533,700023919,ERR911963,161,760687,31,201148,54,1
Alistipes_putredinis_61533,700023919,ERR911966,129,796688,32,210824,33,1
Alistipes_putredinis_61533,700023919,ERR911970,130,807912,26,213425,65,1
Alistipes_putredinis_61533,700023919,ERR911988,163,770803,24,203917,46,1
Alistipes_putredinis_61533,700023919,ERR911995,99,779985,24,205935,32,1
Alistipes_putredinis_61533,700023919,ERR911999,108,853567,18,225501,27,1
Alistipes_putredinis_61533,700023919,ERR912000,87,872317,22,230534,22,1
Alistipes_putredinis_61533,700023919,ERR912007,92,807887,16,213393,26,1
Alistipes_putredinis_61533,700023919,ERR912009,110,781997,25,206911,21,2
Alistipes_putredinis_61533,700023919,ERR912013,129,813150,26,214949,34,1
Alistipes_putredinis_61533,700023919,ERR912033,144,848035,35,223944,48,1
Alistipes_putredinis_61533,700023919,ERR912041,170,751227,37,198782,55,0
Alistipes_putredinis_61533,700023919,ERR912048,96,861283,24,227465,28,1
Alistipes_putredinis_61533,700023919,ERR912064,140,758540,16,200729,43,1
Alistipes_putredinis_61533,700023919,ERR912071,186,772621,38,204315,59,2
Alistipes_putredinis_61533,700023919,ERR912072,124,836789,24,221108,23,1
Alistipes_putredinis_61533,700023919,ERR912086,174,776208,22,205329,67,1
Alistipes_putredinis_61533,700023919,ERR912096,76,874948,5,231299,16,0
Alistipes_putredinis_61533,700023919,ERR912100,117,857201,31,226501,29,1
Alistipes_putredinis_61533,700023919,ERR912103,110,849057,30,224495,39,1
Alistipes_putredinis_61533,700023919,ERR912111,93,830496,13,219564,25,0
Alistipes_putredinis_61533,700023919,ERR912124,42,894147,8,236534,2,0
Alistipes_putredinis_61533,700023919,ERR912144,174,760672,23,201209,41,1
Alistipes_putredinis_61533,700023919,ERR912152,202,759222,25,200980,58,1
Alistipes_putredinis_61533,700023919,ERR912159,192,747310,14,197368,62,1
Alistipes_putredinis_61533,700023919,SRR413603,35,888585,9,234702,2,0
Alistipes_putredinis_61533,700023919,SRR413629,43,904878,12,239172,2,0
Alistipes_putredinis_61533,700023919,SRR413653,60,885360,15,234058,10,0
Alistipes_putredinis_61533,700023919,mickey3-11-30-0_,152,745988,17,197389,40,1
Alistipes_putredinis_61533,700024086,700035157,110,816892,33,216059,15,0
Alistipes_putredinis_61533,700024086,700037967,142,785963,36,207657,22,1
Alistipes_putredinis_61533,700024086,700038761,90,844146,32,222560,13,0
Alistipes_putredinis_61533,700024086,700097688,212,758462,40,200476,45,1
Alistipes_putredinis_61533,700024086,700121919,194,785286,40,207545,49,1
Alistipes_putredinis_61533,700024086,ERR911957,113,798343,32,211077,34,0
Alistipes_putredinis_61533,700024086,ERR911968,209,821265,99,217155,11,0
Alistipes_putredinis_61533,700024086,ERR911976,105,800415,32,211490,15,0
Alistipes_putredinis_61533,700024086,ERR911977,137,797225,55,210358,23,0
Alistipes_putredinis_61533,700024086,ERR911990,213,779778,35,206234,71,1
Alistipes_putredinis_61533,700024086,ERR912170,120,812500,42,214667,28,0
Alistipes_putredinis_61533,700024318,700032133,98,867911,11,229112,26,0
Alistipes_putredinis_61533,700024318,700033797,101,826381,15,218129,30,0
Alistipes_putredinis_61533,700024318,700034622,90,882311,19,233295,22,0
Alistipes_putredinis_61533,700024318,700037008,111,860762,18,227623,35,0
Alistipes_putredinis_61533,700024318,700037852,132,750468,39,198296,33,0
Alistipes_putredinis_61533,700024318,700037916,117,867092,26,229049,35,0
Alistipes_putredinis_61533,700024318,700095524,163,790052,27,208869,53,1
Alistipes_putredinis_61533,700024318,700098932,147,781352,20,206156,83,1
Alistipes_putredinis_61533,700024318,700116668,159,741058,19,196130,80,1
Alistipes_putredinis_61533,700024318,700122408,77,880731,10,232846,17,0
Alistipes_putredinis_61533,700024318,700124561,183,773258,26,204650,77,1
Alistipes_putredinis_61533,700024318,700161342,172,765226,25,202386,67,1
Alistipes_putredinis_61533,700024318,ERR911954,159,762378,43,201680,38,1
Alistipes_putredinis_61533,700024318,ERR911960,78,885918,13,234312,14,0
Alistipes_putredinis_61533,700024318,ERR911963,75,866739,9,229138,24,0
Alistipes_putredinis_61533,700024318,ERR911966,156,809198,32,214448,56,0
Alistipes_putredinis_61533,700024318,ERR911970,169,760778,24,201251,57,0
Alistipes_putredinis_61533,700024318,ERR911988,80,888853,13,234994,21,0
Alistipes_putredinis_61533,700024318,ERR911995,141,762816,30,201422,43,0
Alistipes_putredinis_61533,700024318,ERR911996,141,809370,20,214322,58,0
Alistipes_putredinis_61533,700024318,ERR911999,164,810168,29,214426,56,0
Alistipes_putredinis_61533,700024318,ERR912000,147,825610,22,218456,53,0
Alistipes_putredinis_61533,700024318,ERR912007,149,746952,23,197574,59,0
Alistipes_putredinis_61533,700024318,ERR912013,167,781739,30,206853,70,0
Alistipes_putredinis_61533,700024318,ERR912026,179,818067,27,215987,79,0
Alistipes_putredinis_61533,700024318,ERR912033,143,813000,24,214961,48,0
Alistipes_putredinis_61533,700024318,ERR912041,96,819748,13,216711,24,0
Alistipes_putredinis_61533,700024318,ERR912048,150,821285,21,217264,60,0
Alistipes_putredinis_61533,700024318,ERR912062,144,840194,27,222506,20,0
Alistipes_putredinis_61533,700024318,ERR912063,95,871433,21,230375,32,0
Alistipes_putredinis_61533,700024318,ERR912064,81,872814,9,230822,21,0
Alistipes_putredinis_61533,700024318,ERR912071,99,890381,12,235407,37,1
Alistipes_putredinis_61533,700024318,ERR912072,151,808592,26,213910,54,0
Alistipes_putredinis_61533,700024318,ERR912086,89,890861,15,235697,29,0
Alistipes_putredinis_61533,700024318,ERR912100,159,815332,29,215710,44,0
Alistipes_putredinis_61533,700024318,ERR912103,155,819953,33,217186,58,0
Alistipes_putredinis_61533,700024318,ERR912111,137,778815,20,206092,37,0
Alistipes_putredinis_61533,700024318,ERR912124,139,758519,23,200775,51,1
Alistipes_putredinis_61533,700024318,ERR912144,112,856910,24,226608,27,0
Alistipes_putredinis_61533,700024318,ERR912152,159,875801,22,231668,60,0
Alistipes_putredinis_61533,700024318,ERR912159,86,866440,14,228814,25,0
Alistipes_putredinis_61533,700024318,ERR912175,124,851220,20,225172,31,0
Alistipes_putredinis_61533,700024318,SRR413582,110,841824,24,221624,41,0
Alistipes_putredinis_61533,700024318,SRR413603,147,762444,27,201673,47,1
Alistipes_putredinis_61533,700024318,SRR413629,156,778791,40,206004,62,1
Alistipes_putredinis_61533,700024318,SRR413653,145,741511,23,196314,57,1
Alistipes_putredinis_61533,700024318,mickey3-11-30-0_,82,876133,15,231656,17,0
Alistipes_putredinis_61533,700024349,ERR911982,147,771131,31,204120,42,1
Alistipes_putredinis_61533,700024349,ERR912087,175,776795,39,205123,42,1
Alistipes_putredinis_61533,700024349,ERR912135,155,768857,26,203046,59,1
Alistipes_putredinis_61533,700024349,ERR912199,177,774510,30,204578,51,1
Alistipes_putredinis_61533,700024437,700113975,183,783738,15,207064,67,0
Alistipes_putredinis_61533,700024437,700161872,177,779555,16,206057,61,0
Alistipes_putredinis_61533,700024437,700163628,181,741850,12,195748,61,0
Alistipes_putredinis_61533,700024449,ERR912004,140,759202,75,201102,16,0
Alistipes_putredinis_61533,700024449,ERR912066,161,755048,67,200012,10,0
Alistipes_putredinis_61533,700024545,700034565,156,750540,30,198354,36,0
Alistipes_putredinis_61533,700024545,700038594,160,768220,30,202792,51,0
Alistipes_putredinis_61533,700024545,700105940,146,774476,24,204740,40,0
Alistipes_putredinis_61533,700024615,700113810,129,719769,30,190168,38,2
Alistipes_putredinis_61533,700024615,700175331,178,717532,39,189280,30,0
Alistipes_putredinis_61533,700024615,ERR911962,124,735018,39,194214,17,0
Alistipes_putredinis_61533,700024615,ERR912012,155,770493,34,203018,35,0
Alistipes_putredinis_61533,700024615,ERR912110,189,762802,40,201353,69,0
Alistipes_putredinis_61533,700024615,ERR912157,169,750027,47,198111,45,0
Alistipes_putredinis_61533,700024615,ERR912172,156,758228,49,200089,33,0
Alistipes_putredinis_61533,700024711,700038263,163,701267,39,184759,36,0
Alistipes_putredinis_61533,700024711,700106754,87,861534,30,227692,22,0
Alistipes_putredinis_61533,700024711,700161533,207,792201,48,209371,75,0
Alistipes_putredinis_61533,700024711,700165224,114,851453,33,225106,27,0
Alistipes_putredinis_61533,700024752,700113975,146,769061,25,202857,42,0
Alistipes_putredinis_61533,700024752,700161872,160,778568,26,205344,64,0
Alistipes_putredinis_61533,700024752,700163628,154,774250,31,204083,25,0
Alistipes_putredinis_61533,700024866,700024998,115,763669,21,201135,50,1
Alistipes_putredinis_61533,700024866,700034926,120,771940,24,203266,33,0
Alistipes_putredinis_61533,700024866,700037284,90,790835,18,208074,25,0
Alistipes_putredinis_61533,700024866,700095213,120,783404,15,207025,55,0
Alistipes_putredinis_61533,700024866,700097973,68,830453,16,219480,20,0
Alistipes_putredinis_61533,700024866,700103558,100,757640,27,200269,30,1
Alistipes_putredinis_61533,700024866,700105991,136,743231,30,196596,45,0
Alistipes_putredinis_61533,700024866,700106412,102,779855,27,206186,30,1
Alistipes_putredinis_61533,700024866,700107398,77,802701,18,211921,17,0
Alistipes_putredinis_61533,700024866,700109449,162,744360,21,196974,48,0
Alistipes_putredinis_61533,700024866,700111439,112,767957,35,203090,22,0
Alistipes_putredinis_61533,700024866,700116028,90,778613,26,205724,29,1
Alistipes_putredinis_61533,700024866,700116865,95,796514,35,210478,20,0
Alistipes_putredinis_61533,700024866,700173320,117,773211,21,204103,30,0
Alistipes_putredinis_61533,700024866,ERR911998,91,781449,23,206568,21,0
Alistipes_putredinis_61533,700024866,ERR912052,59,860551,11,227278,12,0
Alistipes_putredinis_61533,700024866,ERR912187,165,790380,38,208790,37,0
Alistipes_putredinis_61533,700024998,700034926,156,792701,30,208196,51,0
Alistipes_putredinis_61533,700024998,700037284,97,801327,17,210765,28,0
Alistipes_putredinis_61533,700024998,700038956,99,762787,36,200764,43,0
Alistipes_putredinis_61533,700024998,700095213,165,799028,17,210617,77,0
Alistipes_putredinis_61533,700024998,700097973,136,764806,25,201503,38,0
Alistipes_putredinis_61533,700024998,700103558,143,797736,25,209968,56,1
Alistipes_putredinis_61533,700024998,700105991,128,749501,28,197359,24,0
Alistipes_putredinis_61533,700024998,700106412,135,797193,28,209839,43,2
Alistipes_putredinis_61533,700024998,700107398,103,814098,26,214470,14,0
Alistipes_putredinis_61533,700024998,700109449,176,756468,30,199353,50,0
Alistipes_putredinis_61533,700024998,700111439,152,789325,30,207786,56,1
Alistipes_putredinis_61533,700024998,700116028,112,784248,27,206552,32,1
Alistipes_putredinis_61533,700024998,700116865,105,792531,22,208856,34,0
Alistipes_putredinis_61533,700024998,700173320,126,783023,27,206044,38,0
Alistipes_putredinis_61533,700024998,ERR911998,125,790437,29,208351,34,0
Alistipes_putredinis_61533,700024998,ERR912052,134,791779,25,208488,48,0
Alistipes_putredinis_61533,700024998,ERR912114,119,743879,35,195754,41,0
Alistipes_putredinis_61533,700024998,ERR912187,102,817994,30,215389,16,0
Alistipes_putredinis_61533,700024998,ERR912194,137,745995,39,196497,37,0
Alistipes_putredinis_61533,700032133,700033797,100,819432,14,216155,33,0
Alistipes_putredinis_61533,700032133,700034622,93,869227,16,229559,32,0
Alistipes_putredinis_61533,700032133,700037008,90,846451,17,223598,30,0
Alistipes_putredinis_61533,700032133,700037916,96,855347,21,225731,18,0
Alistipes_putredinis_61533,700032133,700095524,159,761553,15,201063,44,1
Alistipes_putredinis_61533,700032133,700098932,141,767494,17,202368,75,1
Alistipes_putredinis_61533,700032133,700122408,81,871290,5,230107,29,0
Alistipes_putredinis_61533,700032133,700124561,176,746118,25,197198,59,1
Alistipes_putredinis_61533,700032133,700161342,172,757873,14,200313,46,1
Alistipes_putredinis_61533,700032133,ERR911960,78,876878,8,231636,28,0
Alistipes_putredinis_61533,700032133,ERR911963,92,856831,8,226326,38,0
Alistipes_putredinis_61533,700032133,ERR911966,154,784448,24,207719,51,0
Alistipes_putredinis_61533,700032133,ERR911970,199,757431,25,200054,62,0
Alistipes_putredinis_61533,700032133,ERR911988,84,880543,12,232553,11,0
Alistipes_putredinis_61533,700032133,ERR911995,159,749540,30,197805,50,0
Alistipes_putredinis_61533,700032133,ERR911996,136,796014,16,210448,50,0
Alistipes_putredinis_61533,700032133,ERR911999,178,770622,22,203639,49,0
Alistipes_putredinis_61533,700032133,ERR912000,160,809458,19,213897,39,0
Alistipes_putredinis_61533,700032133,ERR912007,181,754078,20,199177,57,0
Alistipes_putredinis_61533,700032133,ERR912026,182,807116,24,212979,80,0
Alistipes_putredinis_61533,700032133,ERR912033,180,796808,26,210407,41,0
Alistipes_putredinis_61533,700032133,ERR912041,113,833178,15,219956,47,0
Alistipes_putredinis_61533,700032133,ERR912048,169,804113,20,212490,43,0
Alistipes_putredinis_61533,700032133,ERR912062,140,826316,18,218568,28,0
Alistipes_putredinis_61533,700032133,ERR912063,122,860003,19,227065,46,0
Alistipes_putredinis_61533,700032133,ERR912064,93,858625,11,226845,26,0
Alistipes_putredinis_61533,700032133,ERR912071,92,871740,9,230235,35,1
Alistipes_putredinis_61533,700032133,ERR912072,191,790137,28,208807,50,0
Alistipes_putredinis_61533,700032133,ERR912086,82,873129,10,230779,35,0
Alistipes_putredinis_61533,700032133,ERR912100,191,804476,31,212573,40,0
Alistipes_putredinis_61533,700032133,ERR912103,151,798821,19,211158,41,0
Alistipes_putredinis_61533,700032133,ERR912111,142,764148,19,202028,31,0
Alistipes_putredinis_61533,700032133,ERR912124,181,769848,27,203556,45,1
Alistipes_putredinis_61533,700032133,ERR912144,122,847450,29,223877,23,0
Alistipes_putredinis_61533,700032133,ERR912152,159,861736,25,227684,64,0
Alistipes_putredinis_61533,700032133,ERR912159,113,849673,11,224287,26,0
Alistipes_putredinis_61533,700032133,ERR912175,152,837465,20,221196,45,0
Alistipes_putredinis_61533,700032133,SRR413582,105,826327,14,217390,46,0
Alistipes_putredinis_61533,700032133,SRR413603,174,759063,17,200561,50,1
Alistipes_putredinis_61533,700032133,SRR413629,175,777404,24,205421,44,1
Alistipes_putredinis_61533,700032133,SRR413653,182,755685,34,199882,54,1
Alistipes_putredinis_61533,700032133,mickey3-11-30-0_,92,863408,11,228062,22,0
Alistipes_putredinis_61533,700033435,700163868,55,864586,9,227700,4,0
Alistipes_putredinis_61533,700033665,700113867,116,788543,16,208680,44,0
Alistipes_putredinis_61533,700033665,ERR912030,127,819469,17,216922,59,1
Alistipes_putredinis_61533,700033665,ERR912162,188,798606,42,211288,86,4
Alistipes_putredinis_61533,700033665,SRR413559,103,837731,32,221596,31,3
Alistipes_putredinis_61533,700033665,SRR413579,143,760821,41,198027,33,0
Alistipes_putredinis_61533,700033665,SRR413625,114,838394,18,221841,19,0
Alistipes_putredinis_61533,700033665,SRR413626,156,783491,51,206856,52,0
Alistipes_putredinis_61533,700033797,700034622,71,826165,12,217985,23,2
Alistipes_putredinis_61533,700033797,700037008,91,804562,13,212461,33,2
Alistipes_putredinis_61533,700033797,700037916,112,828830,28,218654,32,2
Alistipes_putredinis_61533,700033797,700095524,153,725292,27,191559,49,1
Alistipes_putredinis_61533,700033797,700098932,148,736993,23,194176,74,1
Alistipes_putredinis_61533,700033797,700122408,84,832290,15,219846,34,2
Alistipes_putredinis_61533,700033797,ERR911960,68,839612,21,221778,17,2
Alistipes_putredinis_61533,700033797,ERR911963,76,810145,11,214046,32,0
Alistipes_putredinis_61533,700033797,ERR911966,152,744376,28,196973,51,0
Alistipes_putredinis_61533,700033797,ERR911988,79,839683,23,221627,21,1
Alistipes_putredinis_61533,700033797,ERR911995,124,736470,38,194359,19,0
Alistipes_putredinis_61533,700033797,ERR911996,146,764908,20,202194,65,2
Alistipes_putredinis_61533,700033797,ERR911999,177,763222,45,201639,45,0
Alistipes_putredinis_61533,700033797,ERR912000,157,765609,28,202236,44,0
Alistipes_putredinis_61533,700033797,ERR912026,162,778829,22,205441,79,2
Alistipes_putredinis_61533,700033797,ERR912033,155,757719,28,199978,35,0
Alistipes_putredinis_61533,700033797,ERR912041,98,794029,17,209557,35,1
Alistipes_putredinis_61533,700033797,ERR912048,129,748289,18,197620,31,0
Alistipes_putredinis_61533,700033797,ERR912062,119,800719,27,211557,16,0
Alistipes_putredinis_61533,700033797,ERR912063,85,816682,18,215554,26,0
Alistipes_putredinis_61533,700033797,ERR912064,73,826094,19,218097,19,2
Alistipes_putredinis_61533,700033797,ERR912071,85,833638,15,220109,30,1
Alistipes_putredinis_61533,700033797,ERR912072,168,755270,26,199473,44,0
Alistipes_putredinis_61533,700033797,ERR912086,88,838300,20,221377,41,2
Alistipes_putredinis_61533,700033797,ERR912100,156,760897,28,201011,36,0
Alistipes_putredinis_61533,700033797,ERR912103,151,753047,26,199002,35,0
Alistipes_putredinis_61533,700033797,ERR912144,116,809592,34,213747,23,2
Alistipes_putredinis_61533,700033797,ERR912152,150,830079,35,219268,59,2
Alistipes_putredinis_61533,700033797,ERR912159,111,817608,18,215533,33,0
Alistipes_putredinis_61533,700033797,ERR912175,129,811961,23,214274,36,0
Alistipes_putredinis_61533,700033797,SRR413582,88,806137,23,212075,26,0
Alistipes_putredinis_61533,700033797,SRR413603,167,724842,26,191401,52,1
Alistipes_putredinis_61533,700033797,SRR413629,151,742135,29,196039,40,1
Alistipes_putredinis_61533,700033797,mickey3-11-30-0_,81,827620,18,218367,22,2
Alistipes_putredinis_61533,700033922,700035157,131,696292,47,184114,40,0
Alistipes_putredinis_61533,700033922,ERR911957,115,768034,46,203249,32,0
Alistipes_putredinis_61533,700033922,ERR911976,139,769466,46,203707,47,0
Alistipes_putredinis_61533,700033922,ERR911977,140,791101,63,209406,35,0
Alistipes_putredinis_61533,700033922,ERR912170,150,782151,44,206968,59,0
Alistipes_putredinis_61533,700034565,700038158,170,765938,28,201698,57,0
Alistipes_putredinis_61533,700034565,700038594,152,807230,32,213217,38,0
Alistipes_putredinis_61533,700034565,700105940,122,849098,27,224665,26,0
Alistipes_putredinis_61533,700034565,ERR912046,156,807314,35,213734,38,1
Alistipes_putredinis_61533,700034622,700037008,102,868639,30,229684,19,0
Alistipes_putredinis_61533,700034622,700037916,90,877175,23,232022,19,0
Alistipes_putredinis_61533,700034622,700095524,158,780656,28,206403,47,1
Alistipes_putredinis_61533,700034622,700098932,140,791199,24,208714,68,1
Alistipes_putredinis_61533,700034622,700122408,63,881537,17,233019,13,0
Alistipes_putredinis_61533,700034622,700124561,177,776282,22,205449,70,1
Alistipes_putredinis_61533,700034622,700161342,180,776484,26,205450,54,1
Alistipes_putredinis_61533,700034622,ERR911954,157,765827,31,202524,41,1
Alistipes_putredinis_61533,700034622,ERR911960,63,893186,17,236257,10,0
Alistipes_putredinis_61533,700034622,ERR911963,70,872170,12,230647,28,0
Alistipes_putredinis_61533,700034622,ERR911966,141,811891,33,215160,53,0
Alistipes_putredinis_61533,700034622,ERR911970,179,764956,24,202198,73,0
Alistipes_putredinis_61533,700034622,ERR911988,58,883371,19,233651,10,0
Alistipes_putredinis_61533,700034622,ERR911995,131,756099,30,199475,44,0
Alistipes_putredinis_61533,700034622,ERR911996,121,807778,15,213821,56,0
Alistipes_putredinis_61533,700034622,ERR911999,153,795819,35,210637,46,0
Alistipes_putredinis_61533,700034622,ERR912000,169,828448,30,219189,49,0
Alistipes_putredinis_61533,700034622,ERR912007,158,771943,28,204045,53,0
Alistipes_putredinis_61533,700034622,ERR912026,142,817049,22,215767,76,0
Alistipes_putredinis_61533,700034622,ERR912033,176,811304,25,214478,44,0
Alistipes_putredinis_61533,700034622,ERR912041,84,853008,16,225556,38,0
Alistipes_putredinis_61533,700034622,ERR912048,148,821364,23,217267,53,0
Alistipes_putredinis_61533,700034622,ERR912062,130,845555,28,223709,11,0
Alistipes_putredinis_61533,700034622,ERR912063,103,872645,30,230653,28,0
Alistipes_putredinis_61533,700034622,ERR912064,59,883199,11,233601,9,0
Alistipes_putredinis_61533,700034622,ERR912071,79,886622,13,234485,30,1
Alistipes_putredinis_61533,700034622,ERR912072,175,812453,34,214877,47,0
Alistipes_putredinis_61533,700034622,ERR912086,71,891428,15,235788,25,0
Alistipes_putredinis_61533,700034622,ERR912100,163,815711,34,215760,36,0
Alistipes_putredinis_61533,700034622,ERR912103,140,818720,25,216701,55,0
Alistipes_putredinis_61533,700034622,ERR912111,130,784696,19,207747,31,0
Alistipes_putredinis_61533,700034622,ERR912124,170,789874,39,209083,40,1
Alistipes_putredinis_61533,700034622,ERR912144,104,861111,32,227781,26,0
Alistipes_putredinis_61533,700034622,ERR912152,142,878853,28,232363,59,0
Alistipes_putredinis_61533,700034622,ERR912159,102,877148,16,231748,32,0
Alistipes_putredinis_61533,700034622,ERR912175,115,867983,32,229650,26,0
Alistipes_putredinis_61533,700034622,SRR413582,104,846396,25,222777,38,0
Alistipes_putredinis_61533,700034622,SRR413603,164,771393,26,204068,51,1
Alistipes_putredinis_61533,700034622,SRR413629,158,796279,28,210586,50,1
Alistipes_putredinis_61533,700034622,SRR413653,182,782206,48,206951,48,1
Alistipes_putredinis_61533,700034622,mickey3-11-30-0_,98,870063,21,230045,24,0
Alistipes_putredinis_61533,700034926,700037284,115,807572,16,212156,32,0
Alistipes_putredinis_61533,700034926,700038956,150,731079,29,192355,54,0
Alistipes_putredinis_61533,700034926,700095213,148,805994,15,212231,63,0
Alistipes_putredinis_61533,700034926,700097973,168,759041,32,199741,44,0
Alistipes_putredinis_61533,700034926,700103558,113,804792,15,211770,37,0
Alistipes_putredinis_61533,700034926,700105991,142,745298,19,196403,48,0
Alistipes_putredinis_61533,700034926,700106412,117,802356,13,211170,39,0
Alistipes_putredinis_61533,700034926,700107398,114,828281,17,218029,36,0
Alistipes_putredinis_61533,700034926,700109449,158,764135,20,201121,55,0
Alistipes_putredinis_61533,700034926,700111439,138,794468,15,209067,55,0
Alistipes_putredinis_61533,700034926,700116028,140,796277,29,209756,54,1
Alistipes_putredinis_61533,700034926,700116865,129,780470,12,205861,46,0
Alistipes_putredinis_61533,700034926,700173320,143,786095,16,206770,47,0
Alistipes_putredinis_61533,700034926,ERR911998,127,794840,16,209282,59,0
Alistipes_putredinis_61533,700034926,ERR912012,192,714532,23,188319,68,0
Alistipes_putredinis_61533,700034926,ERR912052,148,782821,24,205845,47,0
Alistipes_putredinis_61533,700034926,ERR912114,155,731329,19,192360,49,0
Alistipes_putredinis_61533,700034926,ERR912187,191,797775,37,209880,38,0
Alistipes_putredinis_61533,700034926,ERR912194,139,729155,18,191791,48,0
Alistipes_putredinis_61533,700035157,700037967,124,808404,32,213777,31,1
Alistipes_putredinis_61533,700035157,700038761,73,842881,23,222324,15,0
Alistipes_putredinis_61533,700035157,700097688,138,755132,36,199454,34,1
Alistipes_putredinis_61533,700035157,700121919,124,772457,36,204456,41,1
Alistipes_putredinis_61533,700035157,ERR911957,87,806404,31,213456,15,0
Alistipes_putredinis_61533,700035157,ERR911968,179,828780,94,219525,16,0
Alistipes_putredinis_61533,700035157,ERR911976,86,814434,24,215707,13,0
Alistipes_putredinis_61533,700035157,ERR911977,103,808898,45,214090,19,0
Alistipes_putredinis_61533,700035157,ERR911990,182,774969,34,205149,56,1
Alistipes_putredinis_61533,700035157,ERR912066,207,762912,63,201759,74,0
Alistipes_putredinis_61533,700035157,ERR912170,109,802849,29,212376,43,0
Alistipes_putredinis_61533,700037008,700037916,102,837785,20,221658,43,0
Alistipes_putredinis_61533,700037008,700095524,158,757511,33,200470,52,1
Alistipes_putredinis_61533,700037008,700098932,141,772991,22,203993,65,1
Alistipes_putredinis_61533,700037008,700122408,73,863851,7,228499,25,0
Alistipes_putredinis_61533,700037008,700124561,193,753351,35,199297,78,1
Alistipes_putredinis_61533,700037008,700161342,184,758610,34,200609,77,1
Alistipes_putredinis_61533,700037008,ERR911954,173,741840,33,196081,49,1
Alistipes_putredinis_61533,700037008,ERR911960,64,861716,19,228131,2,0
Alistipes_putredinis_61533,700037008,ERR911963,62,864047,8,228668,11,0
Alistipes_putredinis_61533,700037008,ERR911966,150,797819,42,211428,47,0
Alistipes_putredinis_61533,700037008,ERR911970,200,757626,42,200281,54,0
Alistipes_putredinis_61533,700037008,ERR911988,83,880181,26,232769,20,0
Alistipes_putredinis_61533,700037008,ERR911995,154,757843,34,200207,53,0
Alistipes_putredinis_61533,700037008,ERR911996,85,805468,10,213280,46,0
Alistipes_putredinis_61533,700037008,ERR911999,184,807716,57,213644,51,1
Alistipes_putredinis_61533,700037008,ERR912000,177,824100,44,217995,49,0
Alistipes_putredinis_61533,700037008,ERR912007,182,753242,35,199202,67,0
Alistipes_putredinis_61533,700037008,ERR912026,141,815940,26,215543,62,0
Alistipes_putredinis_61533,700037008,ERR912033,187,807884,41,213502,47,0
Alistipes_putredinis_61533,700037008,ERR912041,102,813193,16,215080,55,0
Alistipes_putredinis_61533,700037008,ERR912048,167,815688,34,215680,48,1
Alistipes_putredinis_61533,700037008,ERR912062,137,829432,28,219511,23,0
Alistipes_putredinis_61533,700037008,ERR912063,98,854491,21,225896,27,0
Alistipes_putredinis_61533,700037008,ERR912064,72,862659,19,228269,19,0
Alistipes_putredinis_61533,700037008,ERR912071,61,881996,12,233331,16,0
Alistipes_putredinis_61533,700037008,ERR912072,164,786521,36,207976,53,0
Alistipes_putredinis_61533,700037008,ERR912086,42,875812,16,231924,5,0
Alistipes_putredinis_61533,700037008,ERR912100,187,815700,45,215680,51,1
Alistipes_putredinis_61533,700037008,ERR912103,140,812216,41,214838,52,1
Alistipes_putredinis_61533,700037008,ERR912111,164,771427,37,204264,40,0
Alistipes_putredinis_61533,700037008,ERR912124,160,765948,33,202680,54,1
Alistipes_putredinis_61533,700037008,ERR912144,122,839308,30,222179,44,0
Alistipes_putredinis_61533,700037008,ERR912152,117,875756,32,231616,37,0
Alistipes_putredinis_61533,700037008,ERR912159,96,863912,21,228220,5,0
Alistipes_putredinis_61533,700037008,ERR912175,105,848371,31,224416,15,0
Alistipes_putredinis_61533,700037008,SRR413582,95,840267,32,221342,29,0
Alistipes_putredinis_61533,700037008,SRR413603,162,758219,31,200426,61,1
Alistipes_putredinis_61533,700037008,SRR413629,156,783234,35,207013,54,1
Alistipes_putredinis_61533,700037008,SRR413653,179,762661,42,201576,71,1
Alistipes_putredinis_61533,700037008,mickey3-11-30-0_,97,859803,21,227383,17,0
Alistipes_putredinis_61533,700037284,700038956,109,726746,24,191450,38,0
Alistipes_putredinis_61533,700037284,700095213,126,822104,14,216722,60,0
Alistipes_putredinis_61533,700037284,700097973,117,778047,16,205036,27,0
Alistipes_putredinis_61533,700037284,700103558,92,815954,15,214731,18,0
Alistipes_putredinis_61533,700037284,700105991,111,763826,8,201257,39,0
Alistipes_putredinis_61533,700037284,700106412,96,815294,10,214544,25,0
Alistipes_putredinis_61533,700037284,700107398,72,842864,15,221992,18,0
Alistipes_putredinis_61533,700037284,700109449,152,781948,28,206203,34,0
Alistipes_putredinis_61533,700037284,700111439,110,802520,14,211226,29,0
Alistipes_putredinis_61533,700037284,700116028,80,812907,16,214108,27,0
Alistipes_putredinis_61533,700037284,700116865,90,823086,24,217024,20,0
Alistipes_putredinis_61533,700037284,700173320,103,807437,17,212460,31,0
Alistipes_putredinis_61533,700037284,ERR911998,89,814252,13,214628,31,0
Alistipes_putredinis_61533,700037284,ERR912012,145,730467,26,192377,50,0
Alistipes_putredinis_61533,700037284,ERR912052,103,802988,12,211392,28,0
Alistipes_putredinis_61533,700037284,ERR912114,117,746501,18,196661,27,0
Alistipes_putredinis_61533,700037284,ERR912187,143,807948,23,212605,24,0
Alistipes_putredinis_61533,700037284,ERR912194,113,742020,16,195420,35,0
Alistipes_putredinis_61533,700037357,700037632,136,807545,25,212850,54,0
Alistipes_putredinis_61533,700037357,700037738,84,876610,11,230862,25,0
Alistipes_putredinis_61533,700037357,700095524,146,760866,23,201149,64,2
Alistipes_putredinis_61533,700037357,700116668,158,760655,34,201336,51,1
Alistipes_putredinis_61533,700037357,700117303,131,821963,21,217147,44,0
Alistipes_putredinis_61533,700037357,700117766,157,765190,34,202674,45,1
Alistipes_putredinis_61533,700037357,700124561,160,760907,34,201264,66,2
Alistipes_putredinis_61533,700037357,700161342,119,768606,23,203424,26,1
Alistipes_putredinis_61533,700037357,ERR911954,115,763814,30,202143,26,0
Alistipes_putredinis_61533,700037357,ERR911995,174,748222,38,197909,77,1
Alistipes_putredinis_61533,700037357,ERR911999,127,788845,30,208762,29,1
Alistipes_putredinis_61533,700037357,ERR912000,163,808251,29,214062,56,1
Alistipes_putredinis_61533,700037357,ERR912007,173,762993,34,201807,46,1
Alistipes_putredinis_61533,700037357,ERR912013,176,745378,37,197246,33,2
Alistipes_putredinis_61533,700037357,ERR912033,177,778854,37,206182,46,1
Alistipes_putredinis_61533,700037357,ERR912048,189,810980,37,214508,57,1
Alistipes_putredinis_61533,700037357,ERR912072,183,770571,37,203898,52,1
Alistipes_putredinis_61533,700037357,ERR912100,191,805140,37,213095,54,1
Alistipes_putredinis_61533,700037357,ERR912103,180,796740,29,210992,64,1
Alistipes_putredinis_61533,700037357,ERR912111,135,758819,27,201232,50,1
Alistipes_putredinis_61533,700037357,ERR912124,127,779741,28,206392,38,0
Alistipes_putredinis_61533,700037357,SRR413603,126,768889,23,203326,40,0
Alistipes_putredinis_61533,700037357,SRR413629,134,784121,22,207531,56,1
Alistipes_putredinis_61533,700037357,SRR413653,155,764583,35,202505,44,1
Alistipes_putredinis_61533,700037632,700037738,151,792057,22,208491,57,0
Alistipes_putredinis_61533,700037632,700095524,152,734974,19,193651,48,1
Alistipes_putredinis_61533,700037632,700117303,188,778307,29,204997,50,0
Alistipes_putredinis_61533,700037632,ERR911999,130,752255,20,198510,53,2
Alistipes_putredinis_61533,700037632,ERR912000,165,770900,23,203430,70,2
Alistipes_putredinis_61533,700037632,ERR912007,152,716780,20,188940,59,1
Alistipes_putredinis_61533,700037632,ERR912033,150,740751,28,195393,41,2
Alistipes_putredinis_61533,700037632,ERR912048,159,767699,20,202584,52,2
Alistipes_putredinis_61533,700037632,ERR912072,169,736889,25,194334,64,2
Alistipes_putredinis_61533,700037632,ERR912100,152,760646,21,200776,50,2
Alistipes_putredinis_61533,700037632,ERR912103,142,729840,26,192454,60,2
Alistipes_putredinis_61533,700037632,ERR912111,147,735006,12,194266,66,1
Alistipes_putredinis_61533,700037632,ERR912124,156,739962,31,195150,51,0
Alistipes_putredinis_61533,700037632,SRR413603,145,705804,18,185855,50,0
Alistipes_putredinis_61533,700037632,SRR413629,137,739277,23,194925,54,0
Alistipes_putredinis_61533,700037632,SRR413653,167,726541,44,191559,41,0
Alistipes_putredinis_61533,700037738,700037852,115,727159,36,191423,33,1
Alistipes_putredinis_61533,700037738,700095524,158,755632,25,198798,62,2
Alistipes_putredinis_61533,700037738,700116668,168,743587,42,195884,48,1
Alistipes_putredinis_61533,700037738,700117303,148,820138,13,215929,58,0
Alistipes_putredinis_61533,700037738,700117766,134,745864,35,196555,42,1
Alistipes_putredinis_61533,700037738,700124561,165,754166,39,198547,45,2
Alistipes_putredinis_61533,700037738,700161342,112,752126,31,198024,23,1
Alistipes_putredinis_61533,700037738,ERR911954,99,746977,31,196669,18,0
Alistipes_putredinis_61533,700037738,ERR911970,170,744984,32,196106,56,2
Alistipes_putredinis_61533,700037738,ERR911995,207,742250,40,195350,82,1
Alistipes_putredinis_61533,700037738,ERR911999,165,779489,36,205412,43,1
Alistipes_putredinis_61533,700037738,ERR912000,128,787362,24,207433,53,1
Alistipes_putredinis_61533,700037738,ERR912007,196,755575,37,198963,50,1
Alistipes_putredinis_61533,700037738,ERR912013,150,731277,34,192495,31,2
Alistipes_putredinis_61533,700037738,ERR912033,154,773462,32,203770,53,1
Alistipes_putredinis_61533,700037738,ERR912048,179,792254,34,208590,54,1
Alistipes_putredinis_61533,700037738,ERR912072,192,764381,30,201206,53,1
Alistipes_putredinis_61533,700037738,ERR912100,192,790230,34,208227,50,1
Alistipes_putredinis_61533,700037738,ERR912103,176,774913,29,204201,62,1
Alistipes_putredinis_61533,700037738,ERR912111,155,747936,18,197499,67,1
Alistipes_putredinis_61533,700037738,ERR912124,123,761435,27,200587,37,0
Alistipes_putredinis_61533,700037738,SRR413603,131,758711,35,199757,40,0
Alistipes_putredinis_61533,700037738,SRR413629,131,774792,26,203942,50,0
Alistipes_putredinis_61533,700037738,SRR413653,134,745311,31,196323,47,1
Alistipes_putredinis_61533,700037852,700095524,96,803049,25,211885,27,0
Alistipes_putredinis_61533,700037852,700110812,99,753934,43,197019,35,1
Alistipes_putredinis_61533,700037852,700116668,128,789555,40,208299,39,1
Alistipes_putredinis_61533,700037852,700117766,115,788454,37,208234,34,1
Alistipes_putredinis_61533,700037852,700122408,132,767657,34,202661,19,0
Alistipes_putredinis_61533,700037852,700124429,107,723773,28,190884,34,1
Alistipes_putredinis_61533,700037852,700124561,108,783610,25,206832,33,0
Alistipes_putredinis_61533,700037852,700161342,121,808526,39,213376,27,1
Alistipes_putredinis_61533,700037852,ERR911954,113,793712,56,209601,48,2
Alistipes_putredinis_61533,700037852,ERR911956,98,772779,23,204266,32,0
Alistipes_putredinis_61533,700037852,ERR911960,132,742392,23,196172,30,0
Alistipes_putredinis_61533,700037852,ERR911966,140,784044,36,207261,36,0
Alistipes_putredinis_61533,700037852,ERR911970,142,780157,28,205904,57,1
Alistipes_putredinis_61533,700037852,ERR911988,152,769516,45,203042,28,0
Alistipes_putredinis_61533,700037852,ERR911995,98,782350,40,206285,21,0
Alistipes_putredinis_61533,700037852,ERR911999,105,821483,23,216814,31,0
Alistipes_putredinis_61533,700037852,ERR912000,84,834650,19,220191,20,0
Alistipes_putredinis_61533,700037852,ERR912007,113,783112,25,206544,21,0
Alistipes_putredinis_61533,700037852,ERR912009,105,754883,37,199454,20,0
Alistipes_putredinis_61533,700037852,ERR912013,177,795529,40,209825,55,0
Alistipes_putredinis_61533,700037852,ERR912033,97,830881,25,219137,18,0
Alistipes_putredinis_61533,700037852,ERR912048,91,841244,20,222036,12,0
Alistipes_putredinis_61533,700037852,ERR912064,132,742354,28,195956,28,0
Alistipes_putredinis_61533,700037852,ERR912071,151,755477,36,199446,37,1
Alistipes_putredinis_61533,700037852,ERR912072,136,815199,27,215223,9,0
Alistipes_putredinis_61533,700037852,ERR912086,153,769076,32,202989,43,0
Alistipes_putredinis_61533,700037852,ERR912096,150,794950,32,209744,37,1
Alistipes_putredinis_61533,700037852,ERR912100,115,829680,22,219087,14,0
Alistipes_putredinis_61533,700037852,ERR912103,110,829885,29,219290,32,0
Alistipes_putredinis_61533,700037852,ERR912111,87,797146,23,210582,20,0
Alistipes_putredinis_61533,700037852,ERR912124,106,813516,35,214724,16,1
Alistipes_putredinis_61533,700037852,ERR912152,186,749982,34,198177,47,0
Alistipes_putredinis_61533,700037852,ERR912159,175,724105,29,191085,44,0
Alistipes_putredinis_61533,700037852,SRR413603,113,809984,36,213672,16,1
Alistipes_putredinis_61533,700037852,SRR413629,88,815854,28,215310,21,1
Alistipes_putredinis_61533,700037852,SRR413653,116,798415,31,210734,31,1
Alistipes_putredinis_61533,700037852,mickey3-11-30-0_,142,756420,36,199790,31,0
Alistipes_putredinis_61533,700037916,700095524,157,764258,20,202024,56,1
Alistipes_putredinis_61533,700037916,700098932,144,786452,17,207539,74,1
Alistipes_putredinis_61533,700037916,700122408,88,869633,19,229923,29,0
Alistipes_putredinis_61533,700037916,700124561,185,754402,35,199546,74,1
Alistipes_putredinis_61533,700037916,700161342,185,762889,35,201610,66,1
Alistipes_putredinis_61533,700037916,ERR911960,75,866458,21,229206,21,0
Alistipes_putredinis_61533,700037916,ERR911963,109,864642,23,228610,44,0
Alistipes_putredinis_61533,700037916,ERR911966,159,791802,35,209769,59,0
Alistipes_putredinis_61533,700037916,ERR911970,181,752162,30,198802,84,0
Alistipes_putredinis_61533,700037916,ERR911988,77,884430,27,233807,13,0
Alistipes_putredinis_61533,700037916,ERR911995,147,738417,37,194920,49,0
Alistipes_putredinis_61533,700037916,ERR911996,109,788506,26,208672,33,0
Alistipes_putredinis_61533,700037916,ERR911999,156,779592,33,206088,43,0
Alistipes_putredinis_61533,700037916,ERR912000,162,808358,31,213775,45,0
Alistipes_putredinis_61533,700037916,ERR912007,156,750677,30,198405,55,0
Alistipes_putredinis_61533,700037916,ERR912026,161,805427,32,212365,59,0
Alistipes_putredinis_61533,700037916,ERR912033,170,794091,33,209921,52,0
Alistipes_putredinis_61533,700037916,ERR912041,84,856312,18,226275,37,0
Alistipes_putredinis_61533,700037916,ERR912048,159,799002,27,211311,57,0
Alistipes_putredinis_61533,700037916,ERR912062,150,839198,34,222014,35,0
Alistipes_putredinis_61533,700037916,ERR912063,120,850541,34,224791,47,0
Alistipes_putredinis_61533,700037916,ERR912064,69,856542,18,226476,18,0
Alistipes_putredinis_61533,700037916,ERR912071,99,870545,25,230177,40,1
Alistipes_putredinis_61533,700037916,ERR912072,163,785143,27,207584,45,0
Alistipes_putredinis_61533,700037916,ERR912086,99,878491,23,232367,42,0
Alistipes_putredinis_61533,700037916,ERR912100,176,797948,33,210947,45,0
Alistipes_putredinis_61533,700037916,ERR912103,169,798320,37,211301,61,0
Alistipes_putredinis_61533,700037916,ERR912111,134,763527,21,201895,42,0
Alistipes_putredinis_61533,700037916,ERR912124,176,774118,41,204695,54,1
Alistipes_putredinis_61533,700037916,ERR912144,109,854131,36,225827,29,0
Alistipes_putredinis_61533,700037916,ERR912152,161,870947,37,230248,72,0
Alistipes_putredinis_61533,700037916,ERR912159,146,874956,35,231339,37,0
Alistipes_putredinis_61533,700037916,ERR912175,134,855695,39,226374,35,0
Alistipes_putredinis_61533,700037916,SRR413582,118,839569,32,221008,48,0
Alistipes_putredinis_61533,700037916,SRR413603,161,762121,30,201392,46,1
Alistipes_putredinis_61533,700037916,SRR413629,169,780430,31,206256,57,1
Alistipes_putredinis_61533,700037916,mickey3-11-30-0_,101,865417,27,228729,38,0
Alistipes_putredinis_61533,700037967,700038761,115,819634,32,215900,19,1
Alistipes_putredinis_61533,700037967,700097688,82,822215,22,217138,21,0
Alistipes_putredinis_61533,700037967,700121919,127,819544,39,216317,45,0
Alistipes_putredinis_61533,700037967,ERR911957,117,825880,35,218174,22,1
Alistipes_putredinis_61533,700037967,ERR911968,213,844438,110,223207,22,1
Alistipes_putredinis_61533,700037967,ERR911976,132,824300,25,217862,30,1
Alistipes_putredinis_61533,700037967,ERR911977,133,821799,51,217128,29,1
Alistipes_putredinis_61533,700037967,ERR911990,180,807103,32,213292,40,0
Alistipes_putredinis_61533,700037967,ERR912170,116,827193,32,218606,35,1
Alistipes_putredinis_61533,700038053,700105312,132,811805,33,214622,51,0
Alistipes_putredinis_61533,700038158,700038594,152,738782,29,194282,46,0
Alistipes_putredinis_61533,700038158,700105940,126,785925,29,207089,39,0
Alistipes_putredinis_61533,700038158,ERR912046,161,745205,29,196216,56,2
Alistipes_putredinis_61533,700038167,ERR911962,156,746268,42,197311,31,0
Alistipes_putredinis_61533,700038167,ERR912012,172,785365,41,207508,51,0
Alistipes_putredinis_61533,700038167,ERR912172,194,761470,58,201085,45,0
Alistipes_putredinis_61533,700038493,700113975,156,764119,40,201807,66,1
Alistipes_putredinis_61533,700038493,700161872,164,767249,35,202630,61,1
Alistipes_putredinis_61533,700038594,700105940,126,821445,23,217171,36,0
Alistipes_putredinis_61533,700038594,ERR912046,155,783262,36,207232,36,0
Alistipes_putredinis_61533,700038761,700097688,163,791874,40,208741,44,1
Alistipes_putredinis_61533,700038761,700121919,152,828743,36,218264,56,1
Alistipes_putredinis_61533,700038761,ERR911957,75,846054,44,223077,8,0
Alistipes_putredinis_61533,700038761,ERR911968,171,854472,93,225303,8,0
Alistipes_putredinis_61533,700038761,ERR911976,78,837579,27,220813,11,0
Alistipes_putredinis_61533,700038761,ERR911977,77,835061,47,220135,19,0
Alistipes_putredinis_61533,700038761,ERR911990,179,796047,43,209940,54,1
Alistipes_putredinis_61533,700038761,ERR912066,183,778973,73,205313,75,1
Alistipes_putredinis_61533,700038761,ERR912170,104,840611,37,221538,17,0
Alistipes_putredinis_61533,700038956,700095213,150,733941,26,193842,71,0
Alistipes_putredinis_61533,700038956,700103558,137,735131,25,194055,43,0
Alistipes_putredinis_61533,700038956,700107398,116,766572,32,202668,31,0
Alistipes_putredinis_61533,700038956,ERR912187,161,777381,49,205406,71,0
Alistipes_putredinis_61533,700095213,700097973,138,772377,20,204034,81,0
Alistipes_putredinis_61533,700095213,700103558,138,811840,17,214400,67,1
Alistipes_putredinis_61533,700095213,700105991,195,779822,19,206084,84,0
Alistipes_putredinis_61533,700095213,700106412,158,812273,16,214597,62,1
Alistipes_putredinis_61533,700095213,700107398,126,839169,13,221767,66,0
Alistipes_putredinis_61533,700095213,700109449,229,787039,28,208175,102,0
Alistipes_putredinis_61533,700095213,700111439,153,796861,20,210355,61,0
Alistipes_putredinis_61533,700095213,700116028,125,801411,13,211816,65,1
Alistipes_putredinis_61533,700095213,700116865,138,816379,18,215894,64,0
Alistipes_putredinis_61533,700095213,700173320,137,797712,13,210643,66,0
Alistipes_putredinis_61533,700095213,ERR911998,147,807132,13,213435,86,0
Alistipes_putredinis_61533,700095213,ERR912012,160,728844,18,192774,73,0
Alistipes_putredinis_61533,700095213,ERR912052,143,798379,15,210908,83,0
Alistipes_putredinis_61533,700095213,ERR912114,165,757323,16,200106,76,0
Alistipes_putredinis_61533,700095213,ERR912187,220,810464,35,214142,86,0
Alistipes_putredinis_61533,700095213,ERR912194,154,743031,12,196193,80,0
Alistipes_putredinis_61533,700095524,700110812,117,769697,18,201103,51,1
Alistipes_putredinis_61533,700095524,700116668,133,834141,16,220478,68,2
Alistipes_putredinis_61533,700095524,700117766,130,819620,16,216651,57,2
Alistipes_putredinis_61533,700095524,700122408,142,790478,21,209109,45,1
Alistipes_putredinis_61533,700095524,700124429,133,784019,13,207244,59,2
Alistipes_putredinis_61533,700095524,700124561,83,886020,9,234302,35,0
Alistipes_putredinis_61533,700095524,700161342,145,846677,11,223669,51,2
Alistipes_putredinis_61533,700095524,ERR911954,101,831024,16,219613,23,1
Alistipes_putredinis_61533,700095524,ERR911956,119,801269,10,212309,28,0
Alistipes_putredinis_61533,700095524,ERR911960,136,774047,15,204823,47,1
Alistipes_putredinis_61533,700095524,ERR911963,151,772731,18,204275,56,0
Alistipes_putredinis_61533,700095524,ERR911966,153,810463,25,214443,60,1
Alistipes_putredinis_61533,700095524,ERR911970,166,821578,20,216934,59,1
Alistipes_putredinis_61533,700095524,ERR911988,145,788522,26,208583,41,1
Alistipes_putredinis_61533,700095524,ERR911995,126,801285,31,211696,40,1
Alistipes_putredinis_61533,700095524,ERR911999,114,857070,14,226544,42,1
Alistipes_putredinis_61533,700095524,ERR912000,114,876173,16,231621,40,1
Alistipes_putredinis_61533,700095524,ERR912007,150,826759,22,218202,44,1
Alistipes_putredinis_61533,700095524,ERR912009,120,793120,40,209917,36,0
Alistipes_putredinis_61533,700095524,ERR912013,194,834829,29,220783,59,1
Alistipes_putredinis_61533,700095524,ERR912033,102,848732,11,224347,26,0
Alistipes_putredinis_61533,700095524,ERR912041,150,746821,22,197561,56,1
Alistipes_putredinis_61533,700095524,ERR912048,115,870068,14,229975,40,1
Alistipes_putredinis_61533,700095524,ERR912063,168,767406,31,203005,44,0
Alistipes_putredinis_61533,700095524,ERR912064,144,784398,24,207621,44,1
Alistipes_putredinis_61533,700095524,ERR912071,167,771871,16,204108,69,2
Alistipes_putredinis_61533,700095524,ERR912072,145,844231,16,223241,43,1
Alistipes_putredinis_61533,700095524,ERR912086,152,790376,19,209155,59,1
Alistipes_putredinis_61533,700095524,ERR912096,155,821956,22,217377,42,2
Alistipes_putredinis_61533,700095524,ERR912100,129,865763,19,228952,39,1
Alistipes_putredinis_61533,700095524,ERR912103,129,857130,16,226863,64,1
Alistipes_putredinis_61533,700095524,ERR912111,110,827506,8,218936,43,0
Alistipes_putredinis_61533,700095524,ERR912124,116,841453,14,222493,46,2
Alistipes_putredinis_61533,700095524,ERR912144,147,733927,19,194145,53,1
Alistipes_putredinis_61533,700095524,ERR912152,180,762307,23,201967,58,0
Alistipes_putredinis_61533,700095524,ERR912159,175,765404,14,202104,69,1
Alistipes_putredinis_61533,700095524,ERR912175,149,748428,23,198155,49,1
Alistipes_putredinis_61533,700095524,SRR413603,113,834942,7,220411,41,2
Alistipes_putredinis_61533,700095524,SRR413629,99,852548,9,225326,43,2
Alistipes_putredinis_61533,700095524,SRR413653,117,829861,19,219257,46,2
Alistipes_putredinis_61533,700095524,mickey3-11-30-0_,147,784084,23,207476,29,0
Alistipes_putredinis_61533,700096047,SRR413584,127,799572,67,211023,11,0
Alistipes_putredinis_61533,700097482,700099746,110,840893,30,221983,25,0
Alistipes_putredinis_61533,700097482,700105882,96,876459,20,231433,32,2
Alistipes_putredinis_61533,700097482,ERR912109,86,852162,21,225212,9,0
Alistipes_putredinis_61533,700097482,ERR912140,112,872917,20,230500,4,0
Alistipes_putredinis_61533,700097688,700121919,161,776411,48,204942,54,0
Alistipes_putredinis_61533,700097688,ERR911957,159,775973,41,204996,45,1
Alistipes_putredinis_61533,700097688,ERR911976,161,767013,32,202462,51,1
Alistipes_putredinis_61533,700097688,ERR911977,167,772192,66,203949,51,1
Alistipes_putredinis_61533,700097688,ERR911990,206,758867,44,200428,57,0
Alistipes_putredinis_61533,700097688,ERR912170,163,771697,38,203606,68,1
Alistipes_putredinis_61533,700097973,700103558,139,767947,29,202975,38,0
Alistipes_putredinis_61533,700097973,700106412,122,756035,22,199820,40,0
Alistipes_putredinis_61533,700097973,700107398,112,803819,31,212601,28,0
Alistipes_putredinis_61533,700097973,700109449,185,736901,33,195036,55,0
Alistipes_putredinis_61533,700097973,700111439,151,745020,37,196691,43,0
Alistipes_putredinis_61533,700097973,700116028,132,780970,36,206644,47,1
Alistipes_putredinis_61533,700097973,700116865,140,779725,35,206338,45,0
Alistipes_putredinis_61533,700097973,700173320,167,760896,30,201063,39,0
Alistipes_putredinis_61533,700097973,ERR911998,117,758406,27,200923,35,0
Alistipes_putredinis_61533,700097973,ERR912052,85,860991,24,227601,13,0
Alistipes_putredinis_61533,700097973,ERR912187,180,775771,37,205159,37,0
Alistipes_putredinis_61533,700098932,700122408,128,783540,22,206843,62,1
Alistipes_putredinis_61533,700098932,ERR911960,123,793531,19,209558,67,1
Alistipes_putredinis_61533,700098932,ERR911963,123,781867,17,206332,69,1
Alistipes_putredinis_61533,700098932,ERR911988,140,797526,24,210549,82,1
Alistipes_putredinis_61533,700098932,ERR912063,140,775404,24,204519,72,1
Alistipes_putredinis_61533,700098932,ERR912064,124,781074,17,206185,62,1
Alistipes_putredinis_61533,700098932,ERR912071,148,796166,19,210179,84,0
Alistipes_putredinis_61533,700098932,ERR912086,130,796634,22,210444,77,1
Alistipes_putredinis_61533,700098932,ERR912159,158,770089,22,203062,66,1
Alistipes_putredinis_61533,700098932,mickey3-11-30-0_,128,782859,20,206818,64,0
Alistipes_putredinis_61533,700099746,700105882,90,854780,20,225993,41,2
Alistipes_putredinis_61533,700099746,ERR912109,79,851684,25,225192,16,0
Alistipes_putredinis_61533,700099746,ERR912140,115,871123,34,230391,27,0
Alistipes_putredinis_61533,700102299,700113867,144,759537,23,200249,53,0
Alistipes_putredinis_61533,700102299,ERR912030,150,800129,19,210945,59,0
Alistipes_putredinis_61533,700102299,ERR912162,161,737070,26,194293,75,3
Alistipes_putredinis_61533,700103558,700105991,123,779867,20,206401,30,0
Alistipes_putredinis_61533,700103558,700106412,2,905480,0,239388,0,0
Alistipes_putredinis_61533,700103558,700107398,87,836163,17,220920,18,0
Alistipes_putredinis_61533,700103558,700109449,157,779992,20,206261,45,0
Alistipes_putredinis_61533,700103558,700111439,75,873329,11,230820,18,0
Alistipes_putredinis_61533,700103558,700116028,110,820328,21,216837,29,0
Alistipes_putredinis_61533,700103558,700116865,109,829626,28,219275,21,1
Alistipes_putredinis_61533,700103558,700173320,133,822056,26,217012,40,1
Alistipes_putredinis_61533,700103558,ERR911998,99,813243,16,214929,30,0
Alistipes_putredinis_61533,700103558,ERR912052,128,795775,16,210039,40,0
Alistipes_putredinis_61533,700103558,ERR912114,125,771811,22,203909,39,0
Alistipes_putredinis_61533,700103558,ERR912187,169,817478,35,215820,20,0
Alistipes_putredinis_61533,700103558,ERR912194,117,766902,21,202585,34,0
Alistipes_putredinis_61533,700105882,ERR912109,67,878160,25,232313,28,2
Alistipes_putredinis_61533,700105882,ERR912140,102,893811,25,236450,29,2
Alistipes_putredinis_61533,700105940,ERR912046,150,820122,43,217232,22,0
Alistipes_putredinis_61533,700105991,700106412,118,775410,17,205240,31,0
Alistipes_putredinis_61533,700105991,700107398,113,772941,11,204407,38,0
Alistipes_putredinis_61533,700105991,700111439,133,757823,15,200548,38,0
Alistipes_putredinis_61533,700105991,700116028,111,752104,16,198973,46,0
Alistipes_putredinis_61533,700105991,700116865,127,764444,18,202501,48,0
Alistipes_putredinis_61533,700105991,700173320,154,766938,25,202731,53,0
Alistipes_putredinis_61533,700105991,ERR911998,140,758486,9,200814,55,0
Alistipes_putredinis_61533,700105991,ERR912052,148,753950,26,199114,48,1
Alistipes_putredinis_61533,700105991,ERR912187,177,748268,26,197832,58,0
Alistipes_putredinis_61533,700106170,ERR912083,220,767511,54,202594,80,1
Alistipes_putredinis_61533,700106229,700113762,70,881898,18,233152,2,0
Alistipes_putredinis_61533,700106229,700117172,56,897456,18,237292,4,0
Alistipes_putredinis_61533,700106412,700107398,89,835044,17,220628,17,0
Alistipes_putredinis_61533,700106412,700109449,166,779538,24,206141,55,0
Alistipes_putredinis_61533,700106412,700111439,71,871866,10,230431,25,1
Alistipes_putredinis_61533,700106412,700116028,112,811140,18,214526,39,0
Alistipes_putredinis_61533,700106412,700116865,101,827596,27,218744,11,0
Alistipes_putredinis_61533,700106412,700173320,135,819370,22,216414,43,1
Alistipes_putredinis_61533,700106412,ERR911998,95,810607,18,214262,25,0
Alistipes_putredinis_61533,700106412,ERR912052,131,792650,19,209277,39,0
Alistipes_putredinis_61533,700106412,ERR912114,121,767666,19,202764,39,0
Alistipes_putredinis_61533,700106412,ERR912187,177,814460,29,215010,30,0
Alistipes_putredinis_61533,700106412,ERR912194,111,759981,19,200842,33,0
Alistipes_putredinis_61533,700106754,700161533,170,776892,48,205334,58,0
Alistipes_putredinis_61533,700106754,700165224,60,889586,23,235267,8,0
Alistipes_putredinis_61533,700107398,700109449,141,801486,23,212122,44,0
Alistipes_putredinis_61533,700107398,700111439,110,822955,15,217419,30,0
Alistipes_putredinis_61533,700107398,700116028,95,834080,28,220652,32,1
Alistipes_putredinis_61533,700107398,700116865,71,837199,24,221518,11,0
Alistipes_putredinis_61533,700107398,700173320,118,825706,27,218226,29,0
Alistipes_putredinis_61533,700107398,ERR911998,89,835293,14,221004,28,0
Alistipes_putredinis_61533,700107398,ERR912012,149,758303,27,200717,57,0
Alistipes_putredinis_61533,700107398,ERR912052,105,817035,21,215865,21,0
Alistipes_putredinis_61533,700107398,ERR912114,99,773579,15,204605,28,0
Alistipes_putredinis_61533,700107398,ERR912187,144,836351,39,221026,16,0
Alistipes_putredinis_61533,700107398,ERR912194,98,775237,22,205010,24,0
Alistipes_putredinis_61533,700109449,700111439,173,765957,16,202510,89,0
Alistipes_putredinis_61533,700109449,700116028,148,772909,31,204470,48,0
Alistipes_putredinis_61533,700109449,700116865,164,783608,44,207521,42,0
Alistipes_putredinis_61533,700109449,700173320,188,768185,36,203216,63,0
Alistipes_putredinis_61533,700109449,ERR911998,162,777943,22,205949,52,0
Alistipes_putredinis_61533,700109449,ERR912052,180,761231,22,201397,70,0
Alistipes_putredinis_61533,700109449,ERR912187,218,779448,46,206195,48,0
Alistipes_putredinis_61533,700109921,700116917,184,733823,37,194162,60,0
Alistipes_putredinis_61533,700110354,ERR911959,161,792552,48,209298,32,0
Alistipes_putredinis_61533,700110812,700116668,57,811207,11,211924,30,0
Alistipes_putredinis_61533,700110812,700117766,61,822373,30,214832,11,0
Alistipes_putredinis_61533,700110812,700122408,147,716847,24,187443,47,1
Alistipes_putredinis_61533,700110812,700124429,92,774675,11,202588,32,0
Alistipes_putredinis_61533,700110812,700124561,121,746375,22,195079,42,1
Alistipes_putredinis_61533,700110812,700161342,62,832438,9,217572,26,0
Alistipes_putredinis_61533,700110812,ERR911954,47,824233,11,215258,16,0
Alistipes_putredinis_61533,700110812,ERR911956,107,741005,34,194068,36,1
Alistipes_putredinis_61533,700110812,ERR911966,144,754959,50,197592,43,1
Alistipes_putredinis_61533,700110812,ERR911970,124,760108,34,198477,34,1
Alistipes_putredinis_61533,700110812,ERR911988,154,715807,33,187176,45,1
Alistipes_putredinis_61533,700110812,ERR911995,122,743688,59,194288,42,1
Alistipes_putredinis_61533,700110812,ERR911999,125,798062,28,208651,43,1
Alistipes_putredinis_61533,700110812,ERR912000,96,815811,37,213247,30,1
Alistipes_putredinis_61533,700110812,ERR912007,104,760263,29,198678,22,1
Alistipes_putredinis_61533,700110812,ERR912009,106,724104,37,189425,26,1
Alistipes_putredinis_61533,700110812,ERR912013,160,772720,46,201988,60,1
Alistipes_putredinis_61533,700110812,ERR912033,98,771799,37,201734,16,1
Alistipes_putredinis_61533,700110812,ERR912048,108,803128,40,209856,28,1
Alistipes_putredinis_61533,700110812,ERR912064,132,703953,25,184101,40,1
Alistipes_putredinis_61533,700110812,ERR912071,173,710526,27,185804,62,2
Alistipes_putredinis_61533,700110812,ERR912072,132,782626,39,204567,30,1
Alistipes_putredinis_61533,700110812,ERR912086,152,716114,24,187336,52,1
Alistipes_putredinis_61533,700110812,ERR912096,108,816971,20,213484,25,0
Alistipes_putredinis_61533,700110812,ERR912100,122,805308,46,210407,26,1
Alistipes_putredinis_61533,700110812,ERR912103,116,785487,40,205536,41,1
Alistipes_putredinis_61533,700110812,ERR912111,99,768687,25,201062,31,0
Alistipes_putredinis_61533,700110812,ERR912124,39,841908,13,220045,14,0
Alistipes_putredinis_61533,700110812,SRR413603,46,842106,22,220101,14,0
Alistipes_putredinis_61533,700110812,SRR413629,43,844431,17,220749,16,0
Alistipes_putredinis_61533,700110812,SRR413653,42,832849,21,217617,13,0
Alistipes_putredinis_61533,700110812,mickey3-11-30-0_,151,713136,31,186491,36,1
Alistipes_putredinis_61533,700111223,ERR911995,103,741398,21,195528,37,0
Alistipes_putredinis_61533,700111223,ERR911999,175,794313,40,209762,59,1
Alistipes_putredinis_61533,700111223,ERR912000,130,813071,33,214638,37,0
Alistipes_putredinis_61533,700111223,ERR912033,149,810129,23,214070,56,0
Alistipes_putredinis_61533,700111223,ERR912048,123,812594,30,214421,34,1
Alistipes_putredinis_61533,700111223,ERR912072,121,787283,24,207911,47,0
Alistipes_putredinis_61533,700111223,ERR912100,158,811774,34,214337,55,1
Alistipes_putredinis_61533,700111223,ERR912103,130,811146,34,214280,48,1
Alistipes_putredinis_61533,700111223,ERR912111,127,776108,24,205052,48,0
Alistipes_putredinis_61533,700111223,SRR413603,128,774396,33,203950,46,1
Alistipes_putredinis_61533,700111223,SRR413629,107,786789,30,207686,30,1
Alistipes_putredinis_61533,700111439,700116028,135,799405,24,211325,51,0
Alistipes_putredinis_61533,700111439,700116865,119,810527,18,214090,23,0
Alistipes_putredinis_61533,700111439,700173320,136,799751,16,211127,43,0
Alistipes_putredinis_61533,700111439,ERR911998,126,801016,15,211681,40,0
Alistipes_putredinis_61533,700111439,ERR912052,153,779474,21,205752,51,0
Alistipes_putredinis_61533,700111439,ERR912114,140,740287,18,195545,33,0
Alistipes_putredinis_61533,700111439,ERR912187,197,806952,40,212992,43,0
Alistipes_putredinis_61533,700111439,ERR912194,125,735754,15,194363,34,0
Alistipes_putredinis_61533,700113762,700117172,39,891885,9,235796,6,0
Alistipes_putredinis_61533,700113867,ERR912030,92,851449,16,225182,21,0
Alistipes_putredinis_61533,700113867,ERR912061,109,802174,43,212362,39,0
Alistipes_putredinis_61533,700113867,ERR912162,84,847978,26,224459,24,3
Alistipes_putredinis_61533,700113867,SRR413559,126,760911,34,201291,47,0
Alistipes_putredinis_61533,700113867,SRR413579,164,728378,35,189787,35,0
Alistipes_putredinis_61533,700113867,SRR413625,131,819860,30,216968,49,0
Alistipes_putredinis_61533,700113867,SRR413626,113,790421,46,208751,31,0
Alistipes_putredinis_61533,700113975,700116401,122,787377,33,208383,31,0
Alistipes_putredinis_61533,700113975,700117069,134,779389,31,206220,33,0
Alistipes_putredinis_61533,700113975,700161967,79,787576,18,207845,21,0
Alistipes_putredinis_61533,700113975,700163628,109,845983,18,223154,38,0
Alistipes_putredinis_61533,700113975,ERR912002,105,816694,29,215793,24,0
Alistipes_putredinis_61533,700113975,ERR912166,150,793851,19,209348,57,0
Alistipes_putredinis_61533,700116028,700116865,105,822918,28,217845,24,1
Alistipes_putredinis_61533,700116028,700173320,125,796756,22,210510,58,1
Alistipes_putredinis_61533,700116028,ERR911998,108,806064,22,213421,41,1
Alistipes_putredinis_61533,700116028,ERR912052,124,797489,27,210939,46,1
Alistipes_putredinis_61533,700116028,ERR912114,118,745399,22,197203,48,0
Alistipes_putredinis_61533,700116028,ERR912187,155,808071,45,213678,31,1
Alistipes_putredinis_61533,700116076,ERR912012,180,776983,31,205257,66,0
Alistipes_putredinis_61533,700116076,ERR912110,206,767601,44,203025,110,0
Alistipes_putredinis_61533,700116076,ERR912172,173,765221,62,202068,68,0
Alistipes_putredinis_61533,700116401,700161872,131,789027,37,208793,12,0
Alistipes_putredinis_61533,700116401,700163628,149,759887,34,200769,54,0
Alistipes_putredinis_61533,700116505,ERR912012,174,744693,27,197426,69,0
Alistipes_putredinis_61533,700116668,700117766,80,884328,18,233956,34,0
Alistipes_putredinis_61533,700116668,700122408,174,772492,41,204496,69,1
Alistipes_putredinis_61533,700116668,700124429,92,841405,9,222548,45,0
Alistipes_putredinis_61533,700116668,700124561,134,806735,29,213278,48,1
Alistipes_putredinis_61533,700116668,700161342,81,894919,10,236518,31,0
Alistipes_putredinis_61533,700116668,ERR911954,84,883806,17,233615,45,1
Alistipes_putredinis_61533,700116668,ERR911956,111,789591,23,208957,35,2
Alistipes_putredinis_61533,700116668,ERR911960,177,774634,38,204985,69,1
Alistipes_putredinis_61533,700116668,ERR911966,148,791460,32,209133,58,1
Alistipes_putredinis_61533,700116668,ERR911970,146,806435,31,213095,64,1
Alistipes_putredinis_61533,700116668,ERR911988,179,777858,47,205690,67,1
Alistipes_putredinis_61533,700116668,ERR911995,133,786201,40,207837,50,1
Alistipes_putredinis_61533,700116668,ERR911999,120,840982,21,222137,39,1
Alistipes_putredinis_61533,700116668,ERR912000,106,866944,16,229068,47,1
Alistipes_putredinis_61533,700116668,ERR912007,118,807518,24,213383,29,1
Alistipes_putredinis_61533,700116668,ERR912009,98,764033,26,202119,17,1
Alistipes_putredinis_61533,700116668,ERR912013,180,818106,39,216351,44,1
Alistipes_putredinis_61533,700116668,ERR912033,155,849742,35,224558,61,1
Alistipes_putredinis_61533,700116668,ERR912048,122,856090,24,226094,43,1
Alistipes_putredinis_61533,700116668,ERR912071,191,771572,43,204118,72,2
Alistipes_putredinis_61533,700116668,ERR912072,140,834025,32,220329,45,1
Alistipes_putredinis_61533,700116668,ERR912086,185,781672,42,206804,74,1
Alistipes_putredinis_61533,700116668,ERR912096,103,866687,14,228902,32,0
Alistipes_putredinis_61533,700116668,ERR912100,139,852364,26,225171,41,1
Alistipes_putredinis_61533,700116668,ERR912103,146,851902,27,225220,75,1
Alistipes_putredinis_61533,700116668,ERR912111,107,805640,15,212737,47,0
Alistipes_putredinis_61533,700116668,ERR912124,56,906119,11,239539,19,0
Alistipes_putredinis_61533,700116668,SRR413603,50,889909,12,234924,19,0
Alistipes_putredinis_61533,700116668,SRR413629,55,908752,15,240256,17,0
Alistipes_putredinis_61533,700116668,SRR413653,51,891633,16,235607,16,0
Alistipes_putredinis_61533,700116668,mickey3-11-30-0_,159,762554,32,201715,48,1
Alistipes_putredinis_61533,700116865,700173320,101,855690,25,226006,34,0
Alistipes_putredinis_61533,700116865,ERR911998,101,812344,23,215167,23,0
Alistipes_putredinis_61533,700116865,ERR912052,139,806308,41,213269,43,0
Alistipes_putredinis_61533,700116865,ERR912114,117,767110,38,202927,26,0
Alistipes_putredinis_61533,700116865,ERR912187,152,808335,35,213689,27,0
Alistipes_putredinis_61533,700116865,ERR912194,99,751847,29,198818,17,0
Alistipes_putredinis_61533,700117069,700161872,140,787532,35,208351,31,0
Alistipes_putredinis_61533,700117303,ERR911995,180,717940,35,189718,60,0
Alistipes_putredinis_61533,700117303,ERR911999,165,768176,36,203195,71,0
Alistipes_putredinis_61533,700117303,ERR912000,154,753269,19,198953,57,0
Alistipes_putredinis_61533,700117303,ERR912033,156,753244,33,199181,70,0
Alistipes_putredinis_61533,700117303,ERR912048,158,763242,32,201535,68,0
Alistipes_putredinis_61533,700117303,ERR912072,206,757101,37,200077,81,0
Alistipes_putredinis_61533,700117303,ERR912100,171,771793,31,204087,77,0
Alistipes_putredinis_61533,700117303,ERR912103,145,744091,32,196696,41,0
Alistipes_putredinis_61533,700117303,ERR912111,148,727867,14,192780,80,0
Alistipes_putredinis_61533,700117303,SRR413603,148,714329,24,188462,67,0
Alistipes_putredinis_61533,700117303,SRR413629,141,735275,26,194182,66,1
Alistipes_putredinis_61533,700117766,700122408,171,765024,37,202654,48,1
Alistipes_putredinis_61533,700117766,700124429,90,833927,18,220721,36,0
Alistipes_putredinis_61533,700117766,700124561,144,794709,23,210356,50,2
Alistipes_putredinis_61533,700117766,700161342,67,884877,12,234032,18,0
Alistipes_putredinis_61533,700117766,ERR911954,74,873450,18,230962,36,1
Alistipes_putredinis_61533,700117766,ERR911956,130,774049,20,205078,41,3
Alistipes_putredinis_61533,700117766,ERR911966,139,787549,37,208572,45,1
Alistipes_putredinis_61533,700117766,ERR911970,141,790251,26,209035,66,1
Alistipes_putredinis_61533,700117766,ERR911995,131,776123,38,205320,46,1
Alistipes_putredinis_61533,700117766,ERR911999,129,843152,24,222976,43,1
Alistipes_putredinis_61533,700117766,ERR912000,118,861147,24,227723,48,1
Alistipes_putredinis_61533,700117766,ERR912007,121,810013,20,214030,35,1
Alistipes_putredinis_61533,700117766,ERR912009,111,769974,30,203951,24,2
Alistipes_putredinis_61533,700117766,ERR912013,195,806014,38,213210,44,1
Alistipes_putredinis_61533,700117766,ERR912033,164,837109,39,221261,61,1
Alistipes_putredinis_61533,700117766,ERR912048,125,849793,25,224645,35,1
Alistipes_putredinis_61533,700117766,ERR912072,139,820425,33,217040,37,1
Alistipes_putredinis_61533,700117766,ERR912096,102,867040,20,229185,28,0
Alistipes_putredinis_61533,700117766,ERR912100,141,853250,42,225658,35,1
Alistipes_putredinis_61533,700117766,ERR912103,146,847826,39,224334,58,1
Alistipes_putredinis_61533,700117766,ERR912111,115,815645,24,215928,33,0
Alistipes_putredinis_61533,700117766,ERR912124,45,896769,16,237253,12,0
Alistipes_putredinis_61533,700117766,SRR413603,57,892972,24,235867,14,0
Alistipes_putredinis_61533,700117766,SRR413629,52,901016,21,238342,14,0
Alistipes_putredinis_61533,700117766,SRR413653,54,889312,21,235183,17,0
Alistipes_putredinis_61533,700121919,ERR911957,135,811441,38,214334,39,1
Alistipes_putredinis_61533,700121919,ERR911968,279,847910,129,223862,63,2
Alistipes_putredinis_61533,700121919,ERR911976,163,792281,39,209491,58,1
Alistipes_putredinis_61533,700121919,ERR911977,166,815043,67,215442,47,1
Alistipes_putredinis_61533,700121919,ERR911990,207,807024,39,213242,70,0
Alistipes_putredinis_61533,700121919,ERR912170,154,827220,62,218507,41,1
Alistipes_putredinis_61533,700122408,700124561,160,771839,24,204368,66,1
Alistipes_putredinis_61533,700122408,700161342,162,787896,30,208656,51,1
Alistipes_putredinis_61533,700122408,ERR911954,149,778058,45,205853,34,1
Alistipes_putredinis_61533,700122408,ERR911956,132,758643,33,201262,46,2
Alistipes_putredinis_61533,700122408,ERR911960,51,887393,6,234858,12,0
Alistipes_putredinis_61533,700122408,ERR911963,74,884717,9,233990,29,0
Alistipes_putredinis_61533,700122408,ERR911966,127,812519,33,215274,44,0
Alistipes_putredinis_61533,700122408,ERR911970,164,772299,23,204341,74,1
Alistipes_putredinis_61533,700122408,ERR911988,55,891292,8,235758,13,0
Alistipes_putredinis_61533,700122408,ERR911995,130,773667,33,204469,37,0
Alistipes_putredinis_61533,700122408,ERR911996,114,819179,10,216965,51,0
Alistipes_putredinis_61533,700122408,ERR911999,143,814507,37,215641,39,0
Alistipes_putredinis_61533,700122408,ERR912000,138,833479,32,220574,31,0
Alistipes_putredinis_61533,700122408,ERR912007,155,777371,31,205589,46,0
Alistipes_putredinis_61533,700122408,ERR912009,153,747673,48,198275,45,1
Alistipes_putredinis_61533,700122408,ERR912013,140,778300,33,205925,45,0
Alistipes_putredinis_61533,700122408,ERR912026,122,817927,15,216179,74,0
Alistipes_putredinis_61533,700122408,ERR912033,132,825518,27,218260,26,0
Alistipes_putredinis_61533,700122408,ERR912041,71,844534,11,223338,30,0
Alistipes_putredinis_61533,700122408,ERR912048,132,826586,29,218667,40,0
Alistipes_putredinis_61533,700122408,ERR912062,121,841535,22,222800,19,0
Alistipes_putredinis_61533,700122408,ERR912063,77,868350,14,229617,17,0
Alistipes_putredinis_61533,700122408,ERR912064,63,891513,9,235755,11,0
Alistipes_putredinis_61533,700122408,ERR912071,76,892080,14,235997,24,1
Alistipes_putredinis_61533,700122408,ERR912072,148,811718,31,214835,35,0
Alistipes_putredinis_61533,700122408,ERR912086,66,893793,11,236592,24,0
Alistipes_putredinis_61533,700122408,ERR912096,180,774133,37,205205,58,1
Alistipes_putredinis_61533,700122408,ERR912100,150,819081,28,216771,32,0
Alistipes_putredinis_61533,700122408,ERR912103,112,819985,27,217088,35,0
Alistipes_putredinis_61533,700122408,ERR912111,122,790698,25,209296,37,1
Alistipes_putredinis_61533,700122408,ERR912124,148,799403,39,211698,39,1
Alistipes_putredinis_61533,700122408,ERR912144,98,861369,30,227868,23,0
Alistipes_putredinis_61533,700122408,ERR912152,125,887777,22,234840,55,0
Alistipes_putredinis_61533,700122408,ERR912159,93,873840,6,230905,18,0
Alistipes_putredinis_61533,700122408,ERR912175,106,856326,16,226498,27,0
Alistipes_putredinis_61533,700122408,SRR413582,73,843445,16,222072,25,0
Alistipes_putredinis_61533,700122408,SRR413603,144,786971,29,208260,41,1
Alistipes_putredinis_61533,700122408,SRR413629,141,802630,33,212423,40,1
Alistipes_putredinis_61533,700122408,SRR413653,156,780195,38,206439,52,1
Alistipes_putredinis_61533,700122408,mickey3-11-30-0_,77,886226,14,234382,25,1
Alistipes_putredinis_61533,700122860,700165407,134,794961,42,210541,47,0
Alistipes_putredinis_61533,700122860,ERR912082,136,780849,31,206467,52,1
Alistipes_putredinis_61533,700124429,700124561,157,770136,28,203811,75,2
Alistipes_putredinis_61533,700124429,700161342,97,851265,9,225162,36,0
Alistipes_putredinis_61533,700124429,ERR911954,92,830160,16,219450,42,1
Alistipes_putredinis_61533,700124429,ERR911970,153,766241,26,202654,62,1
Alistipes_putredinis_61533,700124429,ERR911995,123,757774,34,200329,46,1
Alistipes_putredinis_61533,700124429,ERR911999,128,809954,21,214149,44,1
Alistipes_putredinis_61533,700124429,ERR912000,114,822775,14,217565,34,1
Alistipes_putredinis_61533,700124429,ERR912007,126,768933,20,203105,39,1
Alistipes_putredinis_61533,700124429,ERR912009,122,737046,21,195106,31,1
Alistipes_putredinis_61533,700124429,ERR912013,142,780428,32,206477,46,1
Alistipes_putredinis_61533,700124429,ERR912033,131,789620,19,208870,58,1
Alistipes_putredinis_61533,700124429,ERR912048,116,810154,14,214198,35,1
Alistipes_putredinis_61533,700124429,ERR912072,144,797342,26,210868,39,1
Alistipes_putredinis_61533,700124429,ERR912086,147,746064,25,197480,54,1
Alistipes_putredinis_61533,700124429,ERR912096,100,825351,7,218248,38,1
Alistipes_putredinis_61533,700124429,ERR912100,126,812082,21,214767,36,1
Alistipes_putredinis_61533,700124429,ERR912103,122,809894,22,214394,45,1
Alistipes_putredinis_61533,700124429,ERR912111,101,782264,19,207001,28,0
Alistipes_putredinis_61533,700124429,ERR912124,74,860499,8,227621,27,0
Alistipes_putredinis_61533,700124429,SRR413603,87,843933,11,222958,21,0
Alistipes_putredinis_61533,700124429,SRR413629,76,865091,13,228853,19,0
Alistipes_putredinis_61533,700124429,SRR413653,83,852096,16,225395,31,0
Alistipes_putredinis_61533,700124561,700161342,148,826550,16,218570,52,2
Alistipes_putredinis_61533,700124561,ERR911954,130,800462,17,211757,47,1
Alistipes_putredinis_61533,700124561,ERR911956,129,791252,18,209691,50,0
Alistipes_putredinis_61533,700124561,ERR911960,167,773537,29,204815,74,1
Alistipes_putredinis_61533,700124561,ERR911966,182,811596,33,214823,80,1
Alistipes_putredinis_61533,700124561,ERR911970,160,804722,24,212626,64,1
Alistipes_putredinis_61533,700124561,ERR911988,175,779473,30,206192,69,1
Alistipes_putredinis_61533,700124561,ERR911995,145,794733,41,210169,61,0
Alistipes_putredinis_61533,700124561,ERR911999,130,839330,27,221980,47,1
Alistipes_putredinis_61533,700124561,ERR912000,140,863430,27,228288,51,1
Alistipes_putredinis_61533,700124561,ERR912007,140,797909,29,210828,36,1
Alistipes_putredinis_61533,700124561,ERR912009,153,777067,41,205808,80,2
Alistipes_putredinis_61533,700124561,ERR912013,196,823286,40,217729,70,1
Alistipes_putredinis_61533,700124561,ERR912033,133,839552,25,222010,51,0
Alistipes_putredinis_61533,700124561,ERR912041,149,735629,23,194619,66,1
Alistipes_putredinis_61533,700124561,ERR912048,130,849953,25,224881,42,1
Alistipes_putredinis_61533,700124561,ERR912064,163,770886,22,203982,75,1
Alistipes_putredinis_61533,700124561,ERR912071,183,761255,14,201502,89,2
Alistipes_putredinis_61533,700124561,ERR912072,175,829620,36,219606,48,1
Alistipes_putredinis_61533,700124561,ERR912086,187,780465,23,206575,88,1
Alistipes_putredinis_61533,700124561,ERR912096,162,806335,18,213293,63,2
Alistipes_putredinis_61533,700124561,ERR912100,153,853668,32,225826,56,1
Alistipes_putredinis_61533,700124561,ERR912103,139,842049,17,222944,80,1
Alistipes_putredinis_61533,700124561,ERR912111,120,817902,24,216496,45,0
Alistipes_putredinis_61533,700124561,ERR912124,128,818106,19,216512,45,2
Alistipes_putredinis_61533,700124561,ERR912159,201,752306,17,198884,92,1
Alistipes_putredinis_61533,700124561,SRR413603,121,809391,13,213962,56,2
Alistipes_putredinis_61533,700124561,SRR413629,116,827022,15,218834,62,2
Alistipes_putredinis_61533,700124561,SRR413653,104,802012,13,212119,39,2
Alistipes_putredinis_61533,700124561,mickey3-11-30-0_,157,760876,22,201536,56,0
Alistipes_putredinis_61533,700161219,ERR912021,161,834746,40,220818,32,0
Alistipes_putredinis_61533,700161342,ERR911954,94,898264,13,237580,37,1
Alistipes_putredinis_61533,700161342,ERR911956,117,797958,12,211383,41,3
Alistipes_putredinis_61533,700161342,ERR911960,147,771583,16,204215,61,1
Alistipes_putredinis_61533,700161342,ERR911963,171,770812,26,203946,69,1
Alistipes_putredinis_61533,700161342,ERR911966,151,805979,28,213346,52,1
Alistipes_putredinis_61533,700161342,ERR911970,148,811940,21,214592,63,1
Alistipes_putredinis_61533,700161342,ERR911988,161,782037,28,206899,58,1
Alistipes_putredinis_61533,700161342,ERR911995,129,797970,32,210923,41,1
Alistipes_putredinis_61533,700161342,ERR911999,112,860592,17,227590,40,1
Alistipes_putredinis_61533,700161342,ERR912000,108,879356,7,232596,39,1
Alistipes_putredinis_61533,700161342,ERR912007,123,821609,17,217177,27,1
Alistipes_putredinis_61533,700161342,ERR912009,112,783372,29,207362,28,2
Alistipes_putredinis_61533,700161342,ERR912013,207,840675,32,222277,54,1
Alistipes_putredinis_61533,700161342,ERR912033,137,851925,27,225196,44,1
Alistipes_putredinis_61533,700161342,ERR912041,167,748666,28,198149,61,0
Alistipes_putredinis_61533,700161342,ERR912048,107,864806,27,228627,26,1
Alistipes_putredinis_61533,700161342,ERR912063,168,753294,32,199349,55,1
Alistipes_putredinis_61533,700161342,ERR912064,158,785106,31,207711,55,1
Alistipes_putredinis_61533,700161342,ERR912071,194,765960,16,202773,74,2
Alistipes_putredinis_61533,700161342,ERR912072,148,852516,25,225317,37,1
Alistipes_putredinis_61533,700161342,ERR912086,183,790910,30,209293,72,1
Alistipes_putredinis_61533,700161342,ERR912096,100,884930,8,233984,23,0
Alistipes_putredinis_61533,700161342,ERR912100,137,865455,29,228871,38,1
Alistipes_putredinis_61533,700161342,ERR912103,141,863424,28,228357,66,1
Alistipes_putredinis_61533,700161342,ERR912111,105,832306,3,220287,39,0
Alistipes_putredinis_61533,700161342,ERR912124,51,914609,4,241900,13,0
Alistipes_putredinis_61533,700161342,ERR912144,170,738539,27,195516,61,1
Alistipes_putredinis_61533,700161342,ERR912152,205,772342,26,204316,74,1
Alistipes_putredinis_61533,700161342,ERR912159,189,744948,13,196785,69,1
Alistipes_putredinis_61533,700161342,ERR912175,170,735487,18,194654,71,1
Alistipes_putredinis_61533,700161342,SRR413603,53,902554,7,238439,13,0
Alistipes_putredinis_61533,700161342,SRR413629,53,918931,9,243060,13,0
Alistipes_putredinis_61533,700161342,SRR413653,63,904311,13,239074,19,0
Alistipes_putredinis_61533,700161342,mickey3-11-30-0_,141,758781,13,200910,40,1
Alistipes_putredinis_61533,700161533,700165224,188,776246,51,205165,61,0
Alistipes_putredinis_61533,700161872,700161967,81,788152,18,207976,21,0
Alistipes_putredinis_61533,700161872,700163628,104,846331,18,223220,38,0
Alistipes_putredinis_61533,700161872,ERR912002,105,816204,25,215588,35,0
Alistipes_putredinis_61533,700161872,ERR912166,148,794300,19,209437,38,0
Alistipes_putredinis_61533,700161967,700163628,128,773469,14,203845,29,0
Alistipes_putredinis_61533,700161967,ERR912002,103,761074,22,200750,40,0
Alistipes_putredinis_61533,700163628,ERR912002,108,796722,21,210182,25,0
Alistipes_putredinis_61533,700163628,ERR912166,172,774433,25,203935,64,0
Alistipes_putredinis_61533,700165407,ERR912082,155,771997,24,204701,66,0
Alistipes_putredinis_61533,700165455,ERR911962,168,741282,23,196126,60,0
Alistipes_putredinis_61533,700165455,ERR912012,180,761938,16,201508,68,0
Alistipes_putredinis_61533,700165455,ERR912172,183,759894,41,200686,69,0
Alistipes_putredinis_61533,700166862,SRR413584,125,807133,70,212914,33,0
Alistipes_putredinis_61533,700173023,ERR912014,115,850823,32,224971,25,0
Alistipes_putredinis_61533,700173320,ERR911998,152,800143,28,211554,47,0
Alistipes_putredinis_61533,700173320,ERR912052,156,786671,29,207739,41,0
Alistipes_putredinis_61533,700173320,ERR912114,162,758673,28,200693,63,0
Alistipes_putredinis_61533,700173320,ERR912187,186,805273,37,212435,39,0
Alistipes_putredinis_61533,700173320,ERR912194,159,755798,35,199762,58,0
Alistipes_putredinis_61533,700175331,ERR911985,144,777789,38,205974,17,0
Alistipes_putredinis_61533,700175331,ERR912012,191,753681,21,199184,72,1
Alistipes_putredinis_61533,700175331,ERR912110,189,724265,37,191464,64,1
Alistipes_putredinis_61533,700175331,ERR912172,174,745004,45,196769,37,0
Alistipes_putredinis_61533,ERR911954,ERR911956,99,800912,27,211969,21,1
Alistipes_putredinis_61533,ERR911954,ERR911960,101,749279,17,198293,34,1
Alistipes_putredinis_61533,ERR911954,ERR911966,150,795415,36,210488,77,3
Alistipes_putredinis_61533,ERR911954,ERR911970,147,809891,32,214095,47,2
Alistipes_putredinis_61533,ERR911954,ERR911988,154,773128,34,204515,38,1
Alistipes_putredinis_61533,ERR911954,ERR911995,100,786933,31,207976,46,1
Alistipes_putredinis_61533,ERR911954,ERR911999,89,852761,23,225328,20,1
Alistipes_putredinis_61533,ERR911954,ERR912000,102,871860,23,230549,28,1
Alistipes_putredinis_61533,ERR911954,ERR912007,107,799472,7,211431,47,2
Alistipes_putredinis_61533,ERR911954,ERR912009,77,772865,33,204558,11,2
Alistipes_putredinis_61533,ERR911954,ERR912013,158,823323,31,217683,78,2
Alistipes_putredinis_61533,ERR911954,ERR912033,115,850939,36,224903,29,1
Alistipes_putredinis_61533,ERR911954,ERR912041,159,734887,29,194376,56,0
Alistipes_putredinis_61533,ERR911954,ERR912048,121,859703,28,227191,51,2
Alistipes_putredinis_61533,ERR911954,ERR912064,160,772156,35,204299,46,1
Alistipes_putredinis_61533,ERR911954,ERR912071,166,761129,26,201469,54,1
Alistipes_putredinis_61533,ERR911954,ERR912072,128,823343,22,217657,57,2
Alistipes_putredinis_61533,ERR911954,ERR912086,171,775966,29,205368,61,1
Alistipes_putredinis_61533,ERR911954,ERR912096,72,873069,8,230827,37,1
Alistipes_putredinis_61533,ERR911954,ERR912100,148,857756,33,226773,58,2
Alistipes_putredinis_61533,ERR911954,ERR912103,145,848687,31,224564,71,2
Alistipes_putredinis_61533,ERR911954,ERR912111,99,827145,17,218963,27,0
Alistipes_putredinis_61533,ERR911954,ERR912124,52,899214,7,237848,28,1
Alistipes_putredinis_61533,ERR911954,ERR912159,183,725693,13,191611,55,1
Alistipes_putredinis_61533,ERR911954,mickey3-11-30-0_,135,765860,37,202596,37,1
Alistipes_putredinis_61533,ERR911956,ERR911960,122,749591,24,198981,49,2
Alistipes_putredinis_61533,ERR911956,ERR911966,128,788903,28,209162,47,2
Alistipes_putredinis_61533,ERR911956,ERR911970,108,783193,10,207345,59,2
Alistipes_putredinis_61533,ERR911956,ERR911988,142,753832,36,199972,50,2
Alistipes_putredinis_61533,ERR911956,ERR911995,96,762283,25,201927,35,0
Alistipes_putredinis_61533,ERR911956,ERR911999,103,835153,16,221354,42,2
Alistipes_putredinis_61533,ERR911956,ERR912000,86,846441,13,224259,27,2
Alistipes_putredinis_61533,ERR911956,ERR912007,95,783201,6,207381,33,2
Alistipes_putredinis_61533,ERR911956,ERR912009,123,784519,43,207975,53,3
Alistipes_putredinis_61533,ERR911956,ERR912013,143,810226,27,214585,39,2
Alistipes_putredinis_61533,ERR911956,ERR912033,104,827968,14,219303,38,0
Alistipes_putredinis_61533,ERR911956,ERR912048,90,839881,14,222501,24,2
Alistipes_putredinis_61533,ERR911956,ERR912064,122,751523,28,199324,50,2
Alistipes_putredinis_61533,ERR911956,ERR912071,138,735625,25,195418,50,3
Alistipes_putredinis_61533,ERR911956,ERR912072,131,810437,21,214736,36,2
Alistipes_putredinis_61533,ERR911956,ERR912086,142,753157,23,199882,63,2
Alistipes_putredinis_61533,ERR911956,ERR912096,149,787512,25,208548,39,3
Alistipes_putredinis_61533,ERR911956,ERR912100,126,836356,19,221647,48,2
Alistipes_putredinis_61533,ERR911956,ERR912103,131,835647,16,221567,67,2
Alistipes_putredinis_61533,ERR911956,ERR912111,104,787076,7,208781,42,0
Alistipes_putredinis_61533,ERR911956,ERR912124,108,815485,25,216111,31,3
Alistipes_putredinis_61533,ERR911957,ERR911968,168,890211,76,235430,4,0
Alistipes_putredinis_61533,ERR911957,ERR911976,86,876536,21,231919,6,0
Alistipes_putredinis_61533,ERR911957,ERR911977,93,877185,40,231952,13,0
Alistipes_putredinis_61533,ERR911957,ERR911990,200,797189,37,210753,58,1
Alistipes_putredinis_61533,ERR911957,ERR912004,219,831003,68,219691,65,0
Alistipes_putredinis_61533,ERR911957,ERR912066,188,822149,63,217157,72,0
Alistipes_putredinis_61533,ERR911957,ERR912170,100,884829,31,233989,13,0
Alistipes_putredinis_61533,ERR911957,ERR912199,214,792910,65,209365,62,1
Alistipes_putredinis_61533,ERR911960,ERR911963,55,879320,14,232719,11,0
Alistipes_putredinis_61533,ERR911960,ERR911966,139,818314,33,217044,48,0
Alistipes_putredinis_61533,ERR911960,ERR911970,155,765223,19,202567,73,0
Alistipes_putredinis_61533,ERR911960,ERR911988,46,898163,11,237684,10,0
Alistipes_putredinis_61533,ERR911960,ERR911995,131,778616,26,205798,36,0
Alistipes_putredinis_61533,ERR911960,ERR911996,102,820249,8,217441,46,0
Alistipes_putredinis_61533,ERR911960,ERR911999,149,807000,33,213717,46,0
Alistipes_putredinis_61533,ERR911960,ERR912000,133,821879,19,217583,44,0
Alistipes_putredinis_61533,ERR911960,ERR912007,143,775210,25,205130,47,0
Alistipes_putredinis_61533,ERR911960,ERR912013,145,762646,23,201767,63,0
Alistipes_putredinis_61533,ERR911960,ERR912026,132,811315,15,214521,68,0
Alistipes_putredinis_61533,ERR911960,ERR912033,138,810313,18,214324,41,0
Alistipes_putredinis_61533,ERR911960,ERR912041,73,845432,11,223596,40,0
Alistipes_putredinis_61533,ERR911960,ERR912048,125,812719,17,215186,57,0
Alistipes_putredinis_61533,ERR911960,ERR912062,106,846806,11,224361,10,0
Alistipes_putredinis_61533,ERR911960,ERR912063,76,877368,21,232078,27,0
Alistipes_putredinis_61533,ERR911960,ERR912064,48,882740,5,233680,9,0
Alistipes_putredinis_61533,ERR911960,ERR912071,63,898277,11,237766,22,1
Alistipes_putredinis_61533,ERR911960,ERR912072,144,797929,23,211360,43,0
Alistipes_putredinis_61533,ERR911960,ERR912086,39,886767,8,234850,9,0
Alistipes_putredinis_61533,ERR911960,ERR912096,162,761384,30,201760,47,1
Alistipes_putredinis_61533,ERR911960,ERR912100,140,810273,25,214354,47,0
Alistipes_putredinis_61533,ERR911960,ERR912103,106,811028,21,214884,42,0
Alistipes_putredinis_61533,ERR911960,ERR912111,114,777091,16,205899,38,1
Alistipes_putredinis_61533,ERR911960,ERR912124,145,791239,29,209475,43,1
Alistipes_putredinis_61533,ERR911960,ERR912144,81,863659,24,228514,15,0
Alistipes_putredinis_61533,ERR911960,ERR912152,111,888452,22,235141,41,0
Alistipes_putredinis_61533,ERR911960,ERR912159,77,870672,12,230159,13,0
Alistipes_putredinis_61533,ERR911960,ERR912175,102,862164,20,228170,22,0
Alistipes_putredinis_61533,ERR911960,mickey3-11-30-0_,45,879442,7,232757,7,0
Alistipes_putredinis_61533,ERR911962,ERR911985,140,751353,52,198980,35,0
Alistipes_putredinis_61533,ERR911962,ERR912012,132,776485,15,205454,30,0
Alistipes_putredinis_61533,ERR911962,ERR912018,137,744510,34,196923,38,0
Alistipes_putredinis_61533,ERR911962,ERR912054,157,763095,32,201951,51,0
Alistipes_putredinis_61533,ERR911962,ERR912090,123,732731,34,194109,25,0
Alistipes_putredinis_61533,ERR911962,ERR912110,101,756954,28,200222,19,0
Alistipes_putredinis_61533,ERR911962,ERR912157,109,761853,19,201652,34,0
Alistipes_putredinis_61533,ERR911962,ERR912172,120,766858,31,202547,41,0
Alistipes_putredinis_61533,ERR911963,ERR911966,138,807645,34,214008,53,0
Alistipes_putredinis_61533,ERR911963,ERR911970,187,755673,29,199931,66,0
Alistipes_putredinis_61533,ERR911963,ERR911988,67,887510,12,234822,27,0
Alistipes_putredinis_61533,ERR911963,ERR911995,149,757385,26,200225,52,0
Alistipes_putredinis_61533,ERR911963,ERR911996,98,815051,10,215959,41,0
Alistipes_putredinis_61533,ERR911963,ERR911999,157,802986,38,212480,53,0
Alistipes_putredinis_61533,ERR911963,ERR912000,148,817398,27,216400,59,0
Alistipes_putredinis_61533,ERR911963,ERR912007,158,770136,31,203659,65,0
Alistipes_putredinis_61533,ERR911963,ERR912026,136,815228,17,215403,71,0
Alistipes_putredinis_61533,ERR911963,ERR912033,162,810741,25,214489,58,0
Alistipes_putredinis_61533,ERR911963,ERR912041,83,828141,9,218912,42,0
Alistipes_putredinis_61533,ERR911963,ERR912048,145,812470,23,214901,54,0
Alistipes_putredinis_61533,ERR911963,ERR912062,129,839689,21,222401,32,0
Alistipes_putredinis_61533,ERR911963,ERR912063,95,866593,16,229144,40,0
Alistipes_putredinis_61533,ERR911963,ERR912064,64,870700,5,230400,26,0
Alistipes_putredinis_61533,ERR911963,ERR912071,66,892639,10,236166,23,0
Alistipes_putredinis_61533,ERR911963,ERR912072,165,792204,27,209611,51,0
Alistipes_putredinis_61533,ERR911963,ERR912086,41,894093,7,236698,12,0
Alistipes_putredinis_61533,ERR911963,ERR912096,189,751252,34,199051,74,1
Alistipes_putredinis_61533,ERR911963,ERR912100,163,801533,29,212173,48,0
Alistipes_putredinis_61533,ERR911963,ERR912103,152,815001,29,215727,60,0
Alistipes_putredinis_61533,ERR911963,ERR912111,141,772208,21,204600,45,0
Alistipes_putredinis_61533,ERR911963,ERR912124,154,777450,27,205720,57,1
Alistipes_putredinis_61533,ERR911963,ERR912144,100,856020,25,226526,36,0
Alistipes_putredinis_61533,ERR911963,ERR912152,105,887423,23,234868,42,0
Alistipes_putredinis_61533,ERR911963,ERR912159,61,887694,5,234658,9,0
Alistipes_putredinis_61533,ERR911963,ERR912175,85,871702,18,230818,20,0
Alistipes_putredinis_61533,ERR911963,mickey3-11-30-0_,86,870871,14,230507,11,0
Alistipes_putredinis_61533,ERR911966,ERR911970,143,777406,15,205790,71,0
Alistipes_putredinis_61533,ERR911966,ERR911988,139,814988,30,215952,45,0
Alistipes_putredinis_61533,ERR911966,ERR911995,124,780340,26,206564,50,0
Alistipes_putredinis_61533,ERR911966,ERR911999,140,844972,31,223568,38,0
Alistipes_putredinis_61533,ERR911966,ERR912000,120,848715,18,224667,52,0
Alistipes_putredinis_61533,ERR911966,ERR912007,127,789434,21,209020,40,0
Alistipes_putredinis_61533,ERR911966,ERR912009,144,763354,31,202308,51,2
Alistipes_putredinis_61533,ERR911966,ERR912013,190,828018,51,218940,69,0
Alistipes_putredinis_61533,ERR911966,ERR912033,136,845075,26,223488,55,0
Alistipes_putredinis_61533,ERR911966,ERR912041,142,768434,26,203464,66,0
Alistipes_putredinis_61533,ERR911966,ERR912048,121,852110,19,225468,39,0
Alistipes_putredinis_61533,ERR911966,ERR912062,182,760856,33,202049,46,0
Alistipes_putredinis_61533,ERR911966,ERR912063,150,797145,40,211112,49,0
Alistipes_putredinis_61533,ERR911966,ERR912064,132,800363,24,212207,48,0
Alistipes_putredinis_61533,ERR911966,ERR912071,159,807054,24,213947,66,1
Alistipes_putredinis_61533,ERR911966,ERR912072,122,825255,26,218442,36,0
Alistipes_putredinis_61533,ERR911966,ERR912086,148,814618,31,215951,62,0
Alistipes_putredinis_61533,ERR911966,ERR912096,153,784854,32,207653,55,1
Alistipes_putredinis_61533,ERR911966,ERR912100,141,849522,25,224916,41,0
Alistipes_putredinis_61533,ERR911966,ERR912103,140,845858,26,223975,43,0
Alistipes_putredinis_61533,ERR911966,ERR912111,116,802469,16,212592,40,0
Alistipes_putredinis_61533,ERR911966,ERR912124,124,818405,31,216770,38,1
Alistipes_putredinis_61533,ERR911966,ERR912144,155,784905,42,207963,49,0
Alistipes_putredinis_61533,ERR911966,ERR912152,189,802857,46,212824,69,0
Alistipes_putredinis_61533,ERR911966,ERR912159,174,786872,27,208314,67,0
Alistipes_putredinis_61533,ERR911966,ERR912175,153,783454,40,207733,48,0
Alistipes_putredinis_61533,ERR911966,mickey3-11-30-0_,125,801087,24,212370,36,0
Alistipes_putredinis_61533,ERR911968,ERR911976,196,893454,69,236405,5,0
Alistipes_putredinis_61533,ERR911968,ERR911977,182,889311,85,235265,10,0
Alistipes_putredinis_61533,ERR911968,ERR911990,277,819392,95,216832,53,1
Alistipes_putredinis_61533,ERR911968,ERR912066,295,835550,114,221049,81,0
Alistipes_putredinis_61533,ERR911968,ERR912170,202,900788,80,238217,20,0
Alistipes_putredinis_61533,ERR911970,ERR911988,159,774539,31,204801,64,0
Alistipes_putredinis_61533,ERR911970,ERR911995,144,791595,21,209055,56,0
Alistipes_putredinis_61533,ERR911970,ERR911999,114,840305,14,222113,53,0
Alistipes_putredinis_61533,ERR911970,ERR912000,115,850167,13,224736,51,0
Alistipes_putredinis_61533,ERR911970,ERR912007,104,867203,16,228810,33,0
Alistipes_putredinis_61533,ERR911970,ERR912009,132,782781,38,207203,57,2
Alistipes_putredinis_61533,ERR911970,ERR912013,152,809605,27,213874,68,0
Alistipes_putredinis_61533,ERR911970,ERR912033,148,838748,22,221503,44,0
Alistipes_putredinis_61533,ERR911970,ERR912041,166,744580,31,196815,75,0
Alistipes_putredinis_61533,ERR911970,ERR912048,146,848460,20,224156,68,0
Alistipes_putredinis_61533,ERR911970,ERR912064,144,766746,22,202841,64,0
Alistipes_putredinis_61533,ERR911970,ERR912071,181,771225,28,204023,59,1
Alistipes_putredinis_61533,ERR911970,ERR912072,147,827543,20,218614,53,0
Alistipes_putredinis_61533,ERR911970,ERR912086,209,780610,26,206462,74,1
Alistipes_putredinis_61533,ERR911970,ERR912096,159,806141,28,213096,69,1
Alistipes_putredinis_61533,ERR911970,ERR912100,132,843922,19,223069,57,0
Alistipes_putredinis_61533,ERR911970,ERR912103,131,844651,15,223271,59,0
Alistipes_putredinis_61533,ERR911970,ERR912111,101,813468,8,215235,53,0
Alistipes_putredinis_61533,ERR911970,ERR912124,123,821675,26,217202,53,1
Alistipes_putredinis_61533,ERR911970,ERR912144,223,755113,37,199616,82,1
Alistipes_putredinis_61533,ERR911970,ERR912152,244,763816,36,202059,101,1
Alistipes_putredinis_61533,ERR911970,ERR912159,217,747307,21,197497,71,1
Alistipes_putredinis_61533,ERR911970,mickey3-11-30-0_,177,775804,31,205072,58,1
Alistipes_putredinis_61533,ERR911976,ERR911977,111,874635,34,231440,9,0
Alistipes_putredinis_61533,ERR911976,ERR911990,200,804780,34,212928,56,1
Alistipes_putredinis_61533,ERR911976,ERR912004,219,829125,49,219388,85,0
Alistipes_putredinis_61533,ERR911976,ERR912066,206,822270,47,217399,85,0
Alistipes_putredinis_61533,ERR911976,ERR912087,225,785326,50,207447,68,0
Alistipes_putredinis_61533,ERR911976,ERR912135,222,808445,61,213662,62,0
Alistipes_putredinis_61533,ERR911976,ERR912155,198,773577,63,204988,43,0
Alistipes_putredinis_61533,ERR911976,ERR912170,97,888538,15,234984,39,0
Alistipes_putredinis_61533,ERR911976,ERR912199,212,786027,50,207694,78,0
Alistipes_putredinis_61533,ERR911977,ERR911982,205,816374,74,215933,72,0
Alistipes_putredinis_61533,ERR911977,ERR911990,183,801206,52,211992,48,1
Alistipes_putredinis_61533,ERR911977,ERR912004,239,849752,82,224828,77,0
Alistipes_putredinis_61533,ERR911977,ERR912066,196,845685,64,223576,79,0
Alistipes_putredinis_61533,ERR911977,ERR912087,186,797273,62,210634,51,0
Alistipes_putredinis_61533,ERR911977,ERR912135,207,821783,82,217135,50,0
Alistipes_putredinis_61533,ERR911977,ERR912155,149,760083,62,201474,34,0
Alistipes_putredinis_61533,ERR911977,ERR912170,90,886460,40,234375,9,0
Alistipes_putredinis_61533,ERR911977,ERR912199,217,809220,66,213766,68,1
Alistipes_putredinis_61533,ERR911981,ERR912053,134,804692,44,213079,28,1
Alistipes_putredinis_61533,ERR911982,ERR912004,192,809140,58,214042,41,0
Alistipes_putredinis_61533,ERR911982,ERR912066,178,810933,57,214388,30,0
Alistipes_putredinis_61533,ERR911982,ERR912087,120,850012,34,224650,13,0
Alistipes_putredinis_61533,ERR911982,ERR912135,111,846468,24,224018,19,0
Alistipes_putredinis_61533,ERR911982,ERR912199,129,857175,35,226617,28,0
Alistipes_putredinis_61533,ERR911985,ERR912012,139,778428,27,205857,46,0
Alistipes_putredinis_61533,ERR911985,ERR912110,169,773028,36,204588,50,0
Alistipes_putredinis_61533,ERR911985,ERR912157,155,741153,38,196601,56,0
Alistipes_putredinis_61533,ERR911985,ERR912172,142,753572,46,199406,29,0
Alistipes_putredinis_61533,ERR911988,ERR911995,137,774510,41,204610,34,0
Alistipes_putredinis_61533,ERR911988,ERR911996,106,815176,19,215818,43,0
Alistipes_putredinis_61533,ERR911988,ERR911999,169,813720,44,215370,46,0
Alistipes_putredinis_61533,ERR911988,ERR912000,149,838653,37,221956,34,0
Alistipes_putredinis_61533,ERR911988,ERR912007,165,776959,30,205469,55,0
Alistipes_putredinis_61533,ERR911988,ERR912009,169,739499,24,196155,64,1
Alistipes_putredinis_61533,ERR911988,ERR912013,146,772044,38,204178,46,0
Alistipes_putredinis_61533,ERR911988,ERR912026,146,819556,24,216619,60,0
Alistipes_putredinis_61533,ERR911988,ERR912033,156,824373,33,218029,41,0
Alistipes_putredinis_61533,ERR911988,ERR912041,75,857093,17,226573,33,0
Alistipes_putredinis_61533,ERR911988,ERR912048,149,832494,28,220277,40,0
Alistipes_putredinis_61533,ERR911988,ERR912062,127,853554,21,226038,18,0
Alistipes_putredinis_61533,ERR911988,ERR912063,80,872253,20,230633,24,0
Alistipes_putredinis_61533,ERR911988,ERR912064,47,889530,5,235304,9,0
Alistipes_putredinis_61533,ERR911988,ERR912071,74,904998,21,239409,23,1
Alistipes_putredinis_61533,ERR911988,ERR912072,160,816612,30,216084,46,0
Alistipes_putredinis_61533,ERR911988,ERR912086,58,902560,14,238896,22,0
Alistipes_putredinis_61533,ERR911988,ERR912096,172,771213,38,204299,55,1
Alistipes_putredinis_61533,ERR911988,ERR912100,167,826614,38,218718,37,0
Alistipes_putredinis_61533,ERR911988,ERR912103,132,821916,32,217637,38,0
Alistipes_putredinis_61533,ERR911988,ERR912111,127,796676,28,210845,34,1
Alistipes_putredinis_61533,ERR911988,ERR912124,157,797793,38,211156,44,1
Alistipes_putredinis_61533,ERR911988,ERR912144,90,883254,31,233697,14,0
Alistipes_putredinis_61533,ERR911988,ERR912152,130,889718,27,235391,56,0
Alistipes_putredinis_61533,ERR911988,ERR912159,95,890471,13,235308,27,0
Alistipes_putredinis_61533,ERR911988,ERR912175,116,873024,22,230998,38,0
Alistipes_putredinis_61533,ERR911988,mickey3-11-30-0_,56,889395,17,235243,10,0
Alistipes_putredinis_61533,ERR911990,ERR912170,199,796167,31,210573,72,1
Alistipes_putredinis_61533,ERR911995,ERR911999,103,820427,24,216861,30,0
Alistipes_putredinis_61533,ERR911995,ERR912000,91,821768,22,217213,36,0
Alistipes_putredinis_61533,ERR911995,ERR912007,121,803253,30,212057,48,1
Alistipes_putredinis_61533,ERR911995,ERR912009,97,747147,37,197621,30,0
Alistipes_putredinis_61533,ERR911995,ERR912013,158,803234,40,212365,62,0
Alistipes_putredinis_61533,ERR911995,ERR912033,90,835699,19,220742,40,0
Alistipes_putredinis_61533,ERR911995,ERR912041,120,725538,30,191537,42,0
Alistipes_putredinis_61533,ERR911995,ERR912048,84,844964,28,223311,31,1
Alistipes_putredinis_61533,ERR911995,ERR912063,135,728432,29,192445,40,0
Alistipes_putredinis_61533,ERR911995,ERR912064,117,741727,27,195887,36,0
Alistipes_putredinis_61533,ERR911995,ERR912071,151,748638,23,197655,54,1
Alistipes_putredinis_61533,ERR911995,ERR912072,110,812765,27,214780,30,0
Alistipes_putredinis_61533,ERR911995,ERR912086,129,759628,29,200645,46,0
Alistipes_putredinis_61533,ERR911995,ERR912096,135,789761,45,208957,48,2
Alistipes_putredinis_61533,ERR911995,ERR912100,93,826107,15,218225,32,0
Alistipes_putredinis_61533,ERR911995,ERR912103,84,834221,29,220623,19,0
Alistipes_putredinis_61533,ERR911995,ERR912111,97,790238,24,209072,22,0
Alistipes_putredinis_61533,ERR911995,ERR912124,102,807521,35,213599,33,1
Alistipes_putredinis_61533,ERR911995,ERR912144,151,740840,35,195680,43,0
Alistipes_putredinis_61533,ERR911995,ERR912152,180,763566,35,201848,68,0
Alistipes_putredinis_61533,ERR911995,ERR912159,174,747769,28,197343,56,0
Alistipes_putredinis_61533,ERR911995,mickey3-11-30-0_,124,757439,28,200330,37,0
Alistipes_putredinis_61533,ERR911996,ERR912026,154,769394,15,203553,69,0
Alistipes_putredinis_61533,ERR911996,ERR912041,104,762210,9,201822,56,0
Alistipes_putredinis_61533,ERR911996,ERR912062,172,774374,36,205526,55,0
Alistipes_putredinis_61533,ERR911996,ERR912063,111,799886,22,211790,42,0
Alistipes_putredinis_61533,ERR911996,ERR912064,104,800148,11,211911,40,0
Alistipes_putredinis_61533,ERR911996,ERR912071,116,827207,12,219077,62,0
Alistipes_putredinis_61533,ERR911996,ERR912086,64,826628,12,218956,19,0
Alistipes_putredinis_61533,ERR911996,ERR912103,159,743649,17,197173,56,0
Alistipes_putredinis_61533,ERR911996,ERR912144,118,797183,29,211029,36,0
Alistipes_putredinis_61533,ERR911996,ERR912152,130,825044,22,218532,54,0
Alistipes_putredinis_61533,ERR911996,ERR912159,111,806503,12,213260,37,0
Alistipes_putredinis_61533,ERR911996,ERR912175,121,793746,16,210208,51,0
Alistipes_putredinis_61533,ERR911996,mickey3-11-30-0_,99,807481,22,213954,13,0
Alistipes_putredinis_61533,ERR911998,ERR912052,103,803941,27,212530,24,0
Alistipes_putredinis_61533,ERR911998,ERR912114,133,757701,19,200809,61,0
Alistipes_putredinis_61533,ERR911998,ERR912187,175,811340,35,214491,43,0
Alistipes_putredinis_61533,ERR911998,ERR912194,127,759230,21,201001,57,0
Alistipes_putredinis_61533,ERR911999,ERR912000,81,899917,9,238036,27,0
Alistipes_putredinis_61533,ERR911999,ERR912007,101,853244,13,225318,35,0
Alistipes_putredinis_61533,ERR911999,ERR912009,99,812355,32,215213,22,1
Alistipes_putredinis_61533,ERR911999,ERR912013,133,882432,33,233195,39,0
Alistipes_putredinis_61533,ERR911999,ERR912033,115,882927,12,233445,41,0
Alistipes_putredinis_61533,ERR911999,ERR912041,175,772570,37,204447,56,0
Alistipes_putredinis_61533,ERR911999,ERR912048,77,888849,9,235080,25,0
Alistipes_putredinis_61533,ERR911999,ERR912063,188,795902,50,210782,57,4
Alistipes_putredinis_61533,ERR911999,ERR912064,154,803511,42,212729,50,0
Alistipes_putredinis_61533,ERR911999,ERR912071,180,810936,39,214674,58,1
Alistipes_putredinis_61533,ERR911999,ERR912072,139,872711,21,230791,27,0
Alistipes_putredinis_61533,ERR911999,ERR912085,166,767961,39,203808,43,0
Alistipes_putredinis_61533,ERR911999,ERR912086,160,811630,31,214899,58,0
Alistipes_putredinis_61533,ERR911999,ERR912096,147,853404,19,225540,42,1
Alistipes_putredinis_61533,ERR911999,ERR912100,97,890772,13,235544,25,0
Alistipes_putredinis_61533,ERR911999,ERR912103,92,884336,17,234076,37,0
Alistipes_putredinis_61533,ERR911999,ERR912111,71,855600,7,226420,9,0
Alistipes_putredinis_61533,ERR911999,ERR912124,106,872602,19,230795,35,1
Alistipes_putredinis_61533,ERR911999,ERR912144,160,769163,36,203486,39,0
Alistipes_putredinis_61533,ERR911999,ERR912152,191,771080,28,204135,76,0
Alistipes_putredinis_61533,ERR911999,ERR912159,188,797531,37,210795,57,0
Alistipes_putredinis_61533,ERR911999,ERR912175,162,777068,43,205847,55,0
Alistipes_putredinis_61533,ERR911999,mickey3-11-30-0_,140,810290,31,214498,31,0
Alistipes_putredinis_61533,ERR912000,ERR912007,83,854664,10,225883,31,0
Alistipes_putredinis_61533,ERR912000,ERR912009,93,819253,22,217047,28,1
Alistipes_putredinis_61533,ERR912000,ERR912013,126,872472,23,230566,33,0
Alistipes_putredinis_61533,ERR912000,ERR912033,106,894402,11,236386,41,0
Alistipes_putredinis_61533,ERR912000,ERR912041,148,789639,30,208885,45,0
Alistipes_putredinis_61533,ERR912000,ERR912048,74,907875,8,240056,23,0
Alistipes_putredinis_61533,ERR912000,ERR912062,173,777977,28,206310,33,0
Alistipes_putredinis_61533,ERR912000,ERR912063,147,805816,36,213168,43,0
Alistipes_putredinis_61533,ERR912000,ERR912064,129,816632,22,216234,39,0
Alistipes_putredinis_61533,ERR912000,ERR912071,164,830197,26,219735,58,1
Alistipes_putredinis_61533,ERR912000,ERR912072,106,883551,11,233646,35,0
Alistipes_putredinis_61533,ERR912000,ERR912085,147,780916,35,207244,42,0
Alistipes_putredinis_61533,ERR912000,ERR912086,147,832263,22,220333,50,0
Alistipes_putredinis_61533,ERR912000,ERR912096,114,868923,13,229699,38,1
Alistipes_putredinis_61533,ERR912000,ERR912100,87,903373,12,238926,20,0
Alistipes_putredinis_61533,ERR912000,ERR912103,88,900040,13,238135,46,0
Alistipes_putredinis_61533,ERR912000,ERR912111,64,875429,5,231685,20,0
Alistipes_putredinis_61533,ERR912000,ERR912124,89,890227,21,235457,27,1
Alistipes_putredinis_61533,ERR912000,ERR912144,154,800440,28,211762,43,0
Alistipes_putredinis_61533,ERR912000,ERR912152,178,811674,31,214847,57,0
Alistipes_putredinis_61533,ERR912000,ERR912159,181,809602,24,213857,63,0
Alistipes_putredinis_61533,ERR912000,ERR912175,165,795130,32,210579,54,0
Alistipes_putredinis_61533,ERR912000,mickey3-11-30-0_,130,819897,21,217049,25,0
Alistipes_putredinis_61533,ERR912002,ERR912166,161,751515,23,198047,54,0
Alistipes_putredinis_61533,ERR912004,ERR912034,206,814153,71,215224,34,0
Alistipes_putredinis_61533,ERR912004,ERR912066,56,905846,14,239517,10,0
Alistipes_putredinis_61533,ERR912004,ERR912087,209,807740,68,213466,33,0
Alistipes_putredinis_61533,ERR912004,ERR912135,214,815784,76,215694,45,1
Alistipes_putredinis_61533,ERR912004,ERR912170,258,843854,77,223129,92,1
Alistipes_putredinis_61533,ERR912004,ERR912199,222,822182,69,217269,29,0
Alistipes_putredinis_61533,ERR912007,ERR912009,103,776764,26,205663,29,1
Alistipes_putredinis_61533,ERR912007,ERR912013,126,808360,21,213740,36,0
Alistipes_putredinis_61533,ERR912007,ERR912033,111,834932,10,220312,39,0
Alistipes_putredinis_61533,ERR912007,ERR912041,163,748720,29,197933,57,0
Alistipes_putredinis_61533,ERR912007,ERR912048,93,856024,10,226032,24,0
Alistipes_putredinis_61533,ERR912007,ERR912064,131,768674,22,203379,45,0
Alistipes_putredinis_61533,ERR912007,ERR912071,181,778623,25,205895,62,1
Alistipes_putredinis_61533,ERR912007,ERR912072,120,837345,24,221030,32,0
Alistipes_putredinis_61533,ERR912007,ERR912086,171,779919,27,206361,64,0
Alistipes_putredinis_61533,ERR912007,ERR912096,125,808400,8,213545,34,1
Alistipes_putredinis_61533,ERR912007,ERR912100,107,853434,10,225373,30,0
Alistipes_putredinis_61533,ERR912007,ERR912103,85,846021,19,223690,21,0
Alistipes_putredinis_61533,ERR912007,ERR912111,74,812721,7,215021,18,0
Alistipes_putredinis_61533,ERR912007,ERR912124,97,838147,8,221503,26,1
Alistipes_putredinis_61533,ERR912007,ERR912152,194,758268,26,200582,70,0
Alistipes_putredinis_61533,ERR912007,ERR912159,200,760488,31,200696,66,0
Alistipes_putredinis_61533,ERR912007,ERR912175,157,746461,36,197519,54,0
Alistipes_putredinis_61533,ERR912007,mickey3-11-30-0_,151,773387,25,204558,34,0
Alistipes_putredinis_61533,ERR912009,ERR912013,149,778013,47,205937,43,2
Alistipes_putredinis_61533,ERR912009,ERR912033,142,812707,39,215203,62,2
Alistipes_putredinis_61533,ERR912009,ERR912048,102,814559,29,215631,26,0
Alistipes_putredinis_61533,ERR912009,ERR912064,115,736482,20,195362,28,0
Alistipes_putredinis_61533,ERR912009,ERR912072,147,803909,38,212974,43,2
Alistipes_putredinis_61533,ERR912009,ERR912086,169,758739,28,201184,64,2
Alistipes_putredinis_61533,ERR912009,ERR912096,122,764515,15,202570,33,1
Alistipes_putredinis_61533,ERR912009,ERR912100,138,815679,38,216104,36,2
Alistipes_putredinis_61533,ERR912009,ERR912103,130,810512,38,214807,43,1
Alistipes_putredinis_61533,ERR912009,ERR912111,86,790019,28,209321,33,1
Alistipes_putredinis_61533,ERR912009,ERR912124,99,792404,31,209864,22,2
Alistipes_putredinis_61533,ERR912012,ERR912018,185,773526,17,204669,61,0
Alistipes_putredinis_61533,ERR912012,ERR912054,145,819469,18,216475,35,0
Alistipes_putredinis_61533,ERR912012,ERR912057,126,779704,30,205967,32,0
Alistipes_putredinis_61533,ERR912012,ERR912090,111,798663,19,211164,26,0
Alistipes_putredinis_61533,ERR912012,ERR912110,112,838196,28,221405,25,0
Alistipes_putredinis_61533,ERR912012,ERR912157,121,814997,17,215372,34,0
Alistipes_putredinis_61533,ERR912012,ERR912172,111,825689,22,217936,28,0
Alistipes_putredinis_61533,ERR912012,ERR912181,159,753547,35,199037,40,0
Alistipes_putredinis_61533,ERR912012,ERR912193,154,779308,20,206051,61,0
Alistipes_putredinis_61533,ERR912013,ERR912033,175,847211,27,223835,45,0
Alistipes_putredinis_61533,ERR912013,ERR912048,170,866178,34,228952,33,0
Alistipes_putredinis_61533,ERR912013,ERR912064,121,754654,15,199478,47,0
Alistipes_putredinis_61533,ERR912013,ERR912071,160,769527,22,203500,69,1
Alistipes_putredinis_61533,ERR912013,ERR912072,169,839333,27,221962,41,0
Alistipes_putredinis_61533,ERR912013,ERR912086,149,768037,25,203299,68,0
Alistipes_putredinis_61533,ERR912013,ERR912096,156,818552,25,216355,51,1
Alistipes_putredinis_61533,ERR912013,ERR912100,193,859639,45,227271,29,0
Alistipes_putredinis_61533,ERR912013,ERR912103,156,853610,33,225815,66,1
Alistipes_putredinis_61533,ERR912013,ERR912111,106,822981,11,217751,36,0
Alistipes_putredinis_61533,ERR912013,ERR912124,134,839448,27,222103,43,1
Alistipes_putredinis_61533,ERR912013,ERR912152,185,753284,34,199212,77,0
Alistipes_putredinis_61533,ERR912013,mickey3-11-30-0_,145,785269,39,207878,39,0
Alistipes_putredinis_61533,ERR912018,ERR912110,178,764547,38,202260,63,0
Alistipes_putredinis_61533,ERR912018,ERR912157,167,748610,31,198081,76,0
Alistipes_putredinis_61533,ERR912018,ERR912172,177,764161,45,201873,62,0
Alistipes_putredinis_61533,ERR912026,ERR912041,141,777865,18,205289,52,0
Alistipes_putredinis_61533,ERR912026,ERR912062,207,794223,32,209974,58,0
Alistipes_putredinis_61533,ERR912026,ERR912063,149,787846,19,208287,72,0
Alistipes_putredinis_61533,ERR912026,ERR912064,146,815172,16,215551,81,0
Alistipes_putredinis_61533,ERR912026,ERR912071,132,831180,14,219684,70,0
Alistipes_putredinis_61533,ERR912026,ERR912086,132,835339,19,220848,56,0
Alistipes_putredinis_61533,ERR912026,ERR912144,170,798212,39,211057,66,0
Alistipes_putredinis_61533,ERR912026,ERR912152,166,822772,23,217417,58,0
Alistipes_putredinis_61533,ERR912026,ERR912159,152,795022,17,209939,63,0
Alistipes_putredinis_61533,ERR912026,ERR912175,159,799115,22,211039,58,0
Alistipes_putredinis_61533,ERR912026,mickey3-11-30-0_,160,787325,21,208277,51,0
Alistipes_putredinis_61533,ERR912030,ERR912061,152,777937,25,206130,72,0
Alistipes_putredinis_61533,ERR912030,ERR912162,109,834542,27,221079,48,3
Alistipes_putredinis_61533,ERR912031,ERR912046,192,762455,54,202078,67,0
Alistipes_putredinis_61533,ERR912031,donald4-11-0-0_,123,849277,21,224343,64,0
Alistipes_putredinis_61533,ERR912033,ERR912041,150,775553,26,205032,42,0
Alistipes_putredinis_61533,ERR912033,ERR912048,84,896074,13,236793,29,0
Alistipes_putredinis_61533,ERR912033,ERR912062,178,763838,26,202416,40,0
Alistipes_putredinis_61533,ERR912033,ERR912063,162,808681,31,213966,29,0
Alistipes_putredinis_61533,ERR912033,ERR912064,150,804770,20,212884,45,0
Alistipes_putredinis_61533,ERR912033,ERR912071,157,809646,22,214087,60,1
Alistipes_putredinis_61533,ERR912033,ERR912072,79,886834,5,234504,37,0
Alistipes_putredinis_61533,ERR912033,ERR912086,159,819397,19,216793,54,0
Alistipes_putredinis_61533,ERR912033,ERR912096,146,829894,35,219460,30,1
Alistipes_putredinis_61533,ERR912033,ERR912100,109,896390,15,237037,25,0
Alistipes_putredinis_61533,ERR912033,ERR912103,101,884148,13,233918,51,0
Alistipes_putredinis_61533,ERR912033,ERR912111,112,860616,16,227712,44,0
Alistipes_putredinis_61533,ERR912033,ERR912124,116,854396,19,226124,35,1
Alistipes_putredinis_61533,ERR912033,ERR912144,169,789797,33,208795,52,0
Alistipes_putredinis_61533,ERR912033,ERR912152,205,808300,30,213936,66,0
Alistipes_putredinis_61533,ERR912033,ERR912159,171,799659,23,211314,60,0
Alistipes_putredinis_61533,ERR912033,ERR912175,175,791611,28,209364,57,0
Alistipes_putredinis_61533,ERR912033,mickey3-11-30-0_,147,808756,23,214040,35,0
Alistipes_putredinis_61533,ERR912034,ERR912066,191,817969,65,216079,27,1
Alistipes_putredinis_61533,ERR912041,ERR912048,144,793501,29,209914,55,0
Alistipes_putredinis_61533,ERR912041,ERR912062,130,810241,16,214421,42,0
Alistipes_putredinis_61533,ERR912041,ERR912063,97,829855,17,219224,41,0
Alistipes_putredinis_61533,ERR912041,ERR912064,68,840536,11,222199,31,0
Alistipes_putredinis_61533,ERR912041,ERR912071,92,839029,11,221840,52,0
Alistipes_putredinis_61533,ERR912041,ERR912072,163,768150,28,203231,56,0
Alistipes_putredinis_61533,ERR912041,ERR912086,85,848619,14,224451,52,0
Alistipes_putredinis_61533,ERR912041,ERR912100,158,772251,28,204176,53,0
Alistipes_putredinis_61533,ERR912041,ERR912103,143,782417,34,207175,64,0
Alistipes_putredinis_61533,ERR912041,ERR912111,148,757502,28,200470,45,0
Alistipes_putredinis_61533,ERR912041,ERR912124,154,760237,26,201327,49,0
Alistipes_putredinis_61533,ERR912041,ERR912144,110,825795,21,218334,47,0
Alistipes_putredinis_61533,ERR912041,ERR912152,126,838263,16,221570,61,0
Alistipes_putredinis_61533,ERR912041,ERR912159,110,835854,10,220725,47,0
Alistipes_putredinis_61533,ERR912041,ERR912175,122,828077,30,218974,51,0
Alistipes_putredinis_61533,ERR912041,mickey3-11-30-0_,78,838228,20,221640,30,4
Alistipes_putredinis_61533,ERR912046,donald4-11-0-0_,162,765723,32,202533,84,0
Alistipes_putredinis_61533,ERR912048,ERR912062,179,770305,23,204268,40,0
Alistipes_putredinis_61533,ERR912048,ERR912063,155,810526,32,214434,42,0
Alistipes_putredinis_61533,ERR912048,ERR912064,135,816954,18,216223,44,0
Alistipes_putredinis_61533,ERR912048,ERR912071,149,821208,22,217313,54,1
Alistipes_putredinis_61533,ERR912048,ERR912072,100,887825,6,234677,24,0
Alistipes_putredinis_61533,ERR912048,ERR912085,164,774962,34,205601,55,0
Alistipes_putredinis_61533,ERR912048,ERR912086,145,828582,17,219317,64,0
Alistipes_putredinis_61533,ERR912048,ERR912096,105,850463,23,224724,34,1
Alistipes_putredinis_61533,ERR912048,ERR912100,63,906212,11,239603,7,0
Alistipes_putredinis_61533,ERR912048,ERR912103,79,905450,12,239496,34,0
Alistipes_putredinis_61533,ERR912048,ERR912111,93,871052,10,230362,30,0
Alistipes_putredinis_61533,ERR912048,ERR912124,91,883855,19,233691,18,1
Alistipes_putredinis_61533,ERR912048,ERR912144,152,792306,29,209573,43,0
Alistipes_putredinis_61533,ERR912048,ERR912152,191,815250,36,215781,79,0
Alistipes_putredinis_61533,ERR912048,ERR912159,156,799457,20,211263,54,0
Alistipes_putredinis_61533,ERR912048,ERR912175,139,784603,31,207769,38,0
Alistipes_putredinis_61533,ERR912048,mickey3-11-30-0_,132,814168,20,215486,36,0
Alistipes_putredinis_61533,ERR912052,ERR912114,137,751934,20,198782,45,0
Alistipes_putredinis_61533,ERR912052,ERR912187,183,815254,42,215291,40,0
Alistipes_putredinis_61533,ERR912052,ERR912194,139,744074,21,196531,49,0
Alistipes_putredinis_61533,ERR912054,ERR912090,145,764346,27,202163,43,0
Alistipes_putredinis_61533,ERR912054,ERR912110,188,804183,42,212446,65,0
Alistipes_putredinis_61533,ERR912054,ERR912157,168,789377,34,208834,52,0
Alistipes_putredinis_61533,ERR912054,ERR912172,159,796162,31,210215,52,0
Alistipes_putredinis_61533,ERR912054,ERR912193,170,755941,27,199842,72,1
Alistipes_putredinis_61533,ERR912057,ERR912110,144,776384,39,205147,60,1
Alistipes_putredinis_61533,ERR912057,ERR912172,204,783702,60,207091,63,0
Alistipes_putredinis_61533,ERR912057,ERR912193,126,796641,23,210452,29,0
Alistipes_putredinis_61533,ERR912059,ERR912141,99,853945,25,225945,27,0
Alistipes_putredinis_61533,ERR912061,ERR912162,89,767489,25,203455,25,3
Alistipes_putredinis_61533,ERR912062,ERR912063,139,838181,34,221788,31,0
Alistipes_putredinis_61533,ERR912062,ERR912064,110,846323,20,224227,7,0
Alistipes_putredinis_61533,ERR912062,ERR912071,132,855754,21,226659,29,1
Alistipes_putredinis_61533,ERR912062,ERR912072,182,752542,22,199635,35,0
Alistipes_putredinis_61533,ERR912062,ERR912086,115,856223,26,226922,28,0
Alistipes_putredinis_61533,ERR912062,ERR912100,173,756443,31,200451,29,0
Alistipes_putredinis_61533,ERR912062,ERR912103,178,760177,25,201908,44,0
Alistipes_putredinis_61533,ERR912062,ERR912144,130,820023,32,217244,23,0
Alistipes_putredinis_61533,ERR912062,ERR912152,179,845450,29,223928,59,0
Alistipes_putredinis_61533,ERR912062,ERR912159,116,836593,27,221333,25,0
Alistipes_putredinis_61533,ERR912062,ERR912175,167,824025,32,218338,28,0
Alistipes_putredinis_61533,ERR912062,mickey3-11-30-0_,111,839915,22,222399,9,0
Alistipes_putredinis_61533,ERR912063,ERR912064,72,852192,15,225487,19,0
Alistipes_putredinis_61533,ERR912063,ERR912071,98,875920,15,231535,49,1
Alistipes_putredinis_61533,ERR912063,ERR912072,163,797271,38,210931,38,0
Alistipes_putredinis_61533,ERR912063,ERR912086,98,888037,28,235015,40,0
Alistipes_putredinis_61533,ERR912063,ERR912100,162,803309,42,212471,31,0
Alistipes_putredinis_61533,ERR912063,ERR912103,132,806486,38,213420,33,0
Alistipes_putredinis_61533,ERR912063,ERR912124,167,778289,32,206063,51,1
Alistipes_putredinis_61533,ERR912063,ERR912144,105,849944,37,224815,27,0
Alistipes_putredinis_61533,ERR912063,ERR912152,143,876874,31,231928,48,0
Alistipes_putredinis_61533,ERR912063,ERR912159,117,857370,21,226380,34,0
Alistipes_putredinis_61533,ERR912063,ERR912175,132,843943,33,223248,44,0
Alistipes_putredinis_61533,ERR912063,mickey3-11-30-0_,104,870746,25,230344,41,0
Alistipes_putredinis_61533,ERR912064,ERR912071,68,881217,7,233147,23,1
Alistipes_putredinis_61533,ERR912064,ERR912072,152,803152,26,212557,43,0
Alistipes_putredinis_61533,ERR912064,ERR912086,59,885774,6,234511,21,0
Alistipes_putredinis_61533,ERR912064,ERR912096,161,757768,26,201096,49,1
Alistipes_putredinis_61533,ERR912064,ERR912100,148,814010,31,215439,34,0
Alistipes_putredinis_61533,ERR912064,ERR912103,124,814370,20,215585,39,0
Alistipes_putredinis_61533,ERR912064,ERR912111,122,772831,16,204776,38,0
Alistipes_putredinis_61533,ERR912064,ERR912124,142,791321,24,209576,48,1
Alistipes_putredinis_61533,ERR912064,ERR912144,97,858950,25,227207,21,0
Alistipes_putredinis_61533,ERR912064,ERR912152,128,875869,20,231809,59,0
Alistipes_putredinis_61533,ERR912064,ERR912159,85,863433,5,228156,22,0
Alistipes_putredinis_61533,ERR912064,ERR912175,109,855722,10,226409,34,0
Alistipes_putredinis_61533,ERR912064,mickey3-11-30-0_,56,872993,12,230965,10,0
Alistipes_putredinis_61533,ERR912066,ERR912087,219,814267,65,215153,34,0
Alistipes_putredinis_61533,ERR912066,ERR912135,209,816647,70,215761,37,0
Alistipes_putredinis_61533,ERR912066,ERR912170,233,832140,66,219821,82,0
Alistipes_putredinis_61533,ERR912066,ERR912199,214,825134,63,217966,50,0
Alistipes_putredinis_61533,ERR912071,ERR912072,181,816646,31,216030,62,1
Alistipes_putredinis_61533,ERR912071,ERR912086,57,909998,5,240853,24,0
Alistipes_putredinis_61533,ERR912071,ERR912096,180,761802,23,201803,55,2
Alistipes_putredinis_61533,ERR912071,ERR912100,173,815572,26,215812,60,1
Alistipes_putredinis_61533,ERR912071,ERR912103,144,817424,24,216434,54,1
Alistipes_putredinis_61533,ERR912071,ERR912111,153,787091,18,208354,55,2
Alistipes_putredinis_61533,ERR912071,ERR912124,173,775301,21,205366,59,2
Alistipes_putredinis_61533,ERR912071,ERR912144,94,870823,26,230333,31,1
Alistipes_putredinis_61533,ERR912071,ERR912152,124,897537,19,237459,59,0
Alistipes_putredinis_61533,ERR912071,ERR912159,91,888100,6,234660,25,0
Alistipes_putredinis_61533,ERR912071,ERR912175,118,872223,18,230784,36,0
Alistipes_putredinis_61533,ERR912071,mickey3-11-30-0_,83,881740,10,233250,40,0
Alistipes_putredinis_61533,ERR912072,ERR912086,163,812589,19,215098,53,0
Alistipes_putredinis_61533,ERR912072,ERR912096,159,827675,24,218779,30,1
Alistipes_putredinis_61533,ERR912072,ERR912100,120,884772,18,233999,27,0
Alistipes_putredinis_61533,ERR912072,ERR912103,93,883690,23,233824,27,0
Alistipes_putredinis_61533,ERR912072,ERR912111,103,845437,12,223693,27,0
Alistipes_putredinis_61533,ERR912072,ERR912124,119,854588,25,225944,21,1
Alistipes_putredinis_61533,ERR912072,ERR912144,164,776336,31,205300,47,0
Alistipes_putredinis_61533,ERR912072,ERR912152,199,800660,35,211919,60,0
Alistipes_putredinis_61533,ERR912072,ERR912159,177,782658,21,206859,62,0
Alistipes_putredinis_61533,ERR912072,ERR912175,165,767329,27,203050,44,0
Alistipes_putredinis_61533,ERR912072,mickey3-11-30-0_,145,803397,25,212612,25,0
Alistipes_putredinis_61533,ERR912085,ERR912103,208,770512,36,204615,92,0
Alistipes_putredinis_61533,ERR912086,ERR912096,186,766174,21,203084,60,1
Alistipes_putredinis_61533,ERR912086,ERR912100,170,829762,33,219650,54,0
Alistipes_putredinis_61533,ERR912086,ERR912103,132,823008,19,217990,56,0
Alistipes_putredinis_61533,ERR912086,ERR912111,142,793559,25,210134,42,0
Alistipes_putredinis_61533,ERR912086,ERR912124,162,798319,23,211366,59,1
Alistipes_putredinis_61533,ERR912086,ERR912144,98,871401,26,230644,32,0
Alistipes_putredinis_61533,ERR912086,ERR912152,84,898775,27,237856,25,0
Alistipes_putredinis_61533,ERR912086,ERR912159,72,888948,10,235015,14,0
Alistipes_putredinis_61533,ERR912086,ERR912175,83,870093,19,230457,13,0
Alistipes_putredinis_61533,ERR912086,mickey3-11-30-0_,66,885767,16,234472,12,0
Alistipes_putredinis_61533,ERR912087,ERR912135,129,833560,41,220305,6,0
Alistipes_putredinis_61533,ERR912087,ERR912170,243,798640,64,210918,84,1
Alistipes_putredinis_61533,ERR912087,ERR912199,83,887058,14,234513,17,0
Alistipes_putredinis_61533,ERR912090,ERR912110,149,772959,40,204576,40,0
Alistipes_putredinis_61533,ERR912090,ERR912157,145,770500,29,204065,33,0
Alistipes_putredinis_61533,ERR912090,ERR912172,141,780026,42,206362,51,0
Alistipes_putredinis_61533,ERR912096,ERR912100,134,846916,27,223931,37,1
Alistipes_putredinis_61533,ERR912096,ERR912103,114,836962,29,221481,28,1
Alistipes_putredinis_61533,ERR912096,ERR912111,113,815463,18,215878,30,0
Alistipes_putredinis_61533,ERR912096,ERR912124,82,895608,7,236760,20,0
Alistipes_putredinis_61533,ERR912096,mickey3-11-30-0_,137,732810,15,194158,34,1
Alistipes_putredinis_61533,ERR912100,ERR912103,84,901567,18,238604,25,0
Alistipes_putredinis_61533,ERR912100,ERR912111,89,866497,16,229272,21,0
Alistipes_putredinis_61533,ERR912100,ERR912124,122,880523,29,232851,28,1
Alistipes_putredinis_61533,ERR912100,ERR912144,169,794016,31,209986,48,0
Alistipes_putredinis_61533,ERR912100,ERR912152,202,811501,36,214762,65,0
Alistipes_putredinis_61533,ERR912100,ERR912159,183,798212,31,211009,58,0
Alistipes_putredinis_61533,ERR912100,ERR912175,168,787594,33,208500,46,0
Alistipes_putredinis_61533,ERR912100,mickey3-11-30-0_,148,811368,33,214838,26,0
Alistipes_putredinis_61533,ERR912103,ERR912111,90,861991,9,228255,40,0
Alistipes_putredinis_61533,ERR912103,ERR912124,125,872612,24,230942,50,1
Alistipes_putredinis_61533,ERR912103,ERR912144,161,783921,34,207534,54,0
Alistipes_putredinis_61533,ERR912103,ERR912152,198,817536,42,216546,64,0
Alistipes_putredinis_61533,ERR912103,ERR912159,152,797440,25,210799,61,0
Alistipes_putredinis_61533,ERR912103,ERR912175,171,794735,37,210517,47,0
Alistipes_putredinis_61533,ERR912103,mickey3-11-30-0_,133,809793,22,214663,40,0
Alistipes_putredinis_61533,ERR912109,ERR912140,72,877903,17,232167,2,0
Alistipes_putredinis_61533,ERR912110,ERR912157,117,803378,37,212423,34,0
Alistipes_putredinis_61533,ERR912110,ERR912172,127,820087,40,216704,56,0
Alistipes_putredinis_61533,ERR912110,ERR912193,186,770420,23,203862,90,1
Alistipes_putredinis_61533,ERR912111,ERR912124,81,829968,14,219870,23,0
Alistipes_putredinis_61533,ERR912111,ERR912144,138,752123,18,199186,40,0
Alistipes_putredinis_61533,ERR912111,ERR912152,170,776511,25,205648,65,1
Alistipes_putredinis_61533,ERR912111,ERR912159,162,764503,19,202062,50,0
Alistipes_putredinis_61533,ERR912111,ERR912175,136,750362,23,198839,40,0
Alistipes_putredinis_61533,ERR912111,mickey3-11-30-0_,121,775777,23,205649,25,0
Alistipes_putredinis_61533,ERR912114,ERR912187,165,771692,39,203896,48,0
Alistipes_putredinis_61533,ERR912114,ERR912194,32,906846,6,239875,0,0
Alistipes_putredinis_61533,ERR912124,ERR912144,164,765686,29,202625,55,1
Alistipes_putredinis_61533,ERR912124,ERR912152,185,783060,22,207324,55,1
Alistipes_putredinis_61533,ERR912124,ERR912159,174,755444,20,199618,57,1
Alistipes_putredinis_61533,ERR912124,ERR912175,166,747436,31,197863,50,1
Alistipes_putredinis_61533,ERR912124,mickey3-11-30-0_,134,787523,28,208424,24,1
Alistipes_putredinis_61533,ERR912135,ERR912170,255,822728,70,217359,69,1
Alistipes_putredinis_61533,ERR912135,ERR912199,151,851534,40,224973,27,0
Alistipes_putredinis_61533,ERR912144,ERR912152,134,858577,32,227144,48,0
Alistipes_putredinis_61533,ERR912144,ERR912159,130,857435,32,226651,31,0
Alistipes_putredinis_61533,ERR912144,ERR912175,143,845495,38,223714,41,0
Alistipes_putredinis_61533,ERR912144,mickey3-11-30-0_,107,854648,23,226083,33,0
Alistipes_putredinis_61533,ERR912152,ERR912159,128,880949,13,232951,46,0
Alistipes_putredinis_61533,ERR912152,ERR912175,158,868423,27,229782,55,0
Alistipes_putredinis_61533,ERR912152,mickey3-11-30-0_,123,875445,27,231607,30,0
Alistipes_putredinis_61533,ERR912157,ERR912172,149,799759,40,211307,45,0
Alistipes_putredinis_61533,ERR912157,ERR912193,173,742162,22,196213,91,0
Alistipes_putredinis_61533,ERR912159,ERR912175,112,889675,21,235196,24,0
Alistipes_putredinis_61533,ERR912159,mickey3-11-30-0_,95,862998,14,228047,7,0
Alistipes_putredinis_61533,ERR912170,ERR912199,263,806532,70,213113,87,1
Alistipes_putredinis_61533,ERR912172,ERR912193,184,767293,41,203110,76,0
Alistipes_putredinis_61533,ERR912175,mickey3-11-30-0_,126,854760,23,226053,23,0
Alistipes_putredinis_61533,ERR912187,ERR912194,159,767849,36,202780,42,0
Alistipes_putredinis_61533,SRR341709,ERR912000,204,759435,14,200901,100,0
Alistipes_putredinis_61533,SRR341709,ERR912048,217,736089,16,194714,94,0
Alistipes_putredinis_61533,SRR341721,SRR413584,153,741131,59,195337,40,0
Alistipes_putredinis_61533,SRR413559,ERR912030,127,798283,40,211276,41,0
Alistipes_putredinis_61533,SRR413559,SRR413579,152,728969,43,190129,37,0
Alistipes_putredinis_61533,SRR413559,SRR413625,124,797120,37,211160,37,0
Alistipes_putredinis_61533,SRR413579,ERR912030,159,755493,42,196938,50,0
Alistipes_putredinis_61533,SRR413579,ERR912162,165,717699,47,187355,27,0
Alistipes_putredinis_61533,SRR413579,SRR413625,106,786927,30,205069,27,0
Alistipes_putredinis_61533,SRR413579,SRR413626,182,707283,49,184072,54,1
Alistipes_putredinis_61533,SRR413582,ERR911960,76,854437,19,225170,32,0
Alistipes_putredinis_61533,SRR413582,ERR911963,76,834559,17,219852,26,0
Alistipes_putredinis_61533,SRR413582,ERR911966,172,766751,38,202393,80,0
Alistipes_putredinis_61533,SRR413582,ERR911988,91,858562,23,226194,40,0
Alistipes_putredinis_61533,SRR413582,ERR911996,112,770165,22,203250,47,0
Alistipes_putredinis_61533,SRR413582,ERR911999,180,772261,45,203584,71,0
Alistipes_putredinis_61533,SRR413582,ERR912000,160,789481,34,208046,59,0
Alistipes_putredinis_61533,SRR413582,ERR912026,158,797929,33,210044,51,0
Alistipes_putredinis_61533,SRR413582,ERR912033,172,773582,39,203711,64,0
Alistipes_putredinis_61533,SRR413582,ERR912041,108,805875,20,212219,47,0
Alistipes_putredinis_61533,SRR413582,ERR912048,165,790883,34,208497,68,0
Alistipes_putredinis_61533,SRR413582,ERR912062,118,806252,31,212533,21,0
Alistipes_putredinis_61533,SRR413582,ERR912063,117,841777,30,221648,42,0
Alistipes_putredinis_61533,SRR413582,ERR912064,96,849906,28,223948,41,0
Alistipes_putredinis_61533,SRR413582,ERR912071,90,862344,21,227234,34,0
Alistipes_putredinis_61533,SRR413582,ERR912072,204,776102,42,204713,84,1
Alistipes_putredinis_61533,SRR413582,ERR912086,72,843043,20,222223,25,0
Alistipes_putredinis_61533,SRR413582,ERR912100,167,778334,37,205156,52,0
Alistipes_putredinis_61533,SRR413582,ERR912103,156,769452,33,202835,74,0
Alistipes_putredinis_61533,SRR413582,ERR912111,177,761320,43,200691,78,0
Alistipes_putredinis_61533,SRR413582,ERR912144,150,825724,47,217638,53,1
Alistipes_putredinis_61533,SRR413582,ERR912152,132,839118,29,221179,48,0
Alistipes_putredinis_61533,SRR413582,ERR912159,96,837562,19,220459,20,0
Alistipes_putredinis_61533,SRR413582,ERR912175,124,831016,32,219033,40,1
Alistipes_putredinis_61533,SRR413582,SRR413603,171,747534,44,196997,70,1
Alistipes_putredinis_61533,SRR413582,mickey3-11-30-0_,105,834250,20,219837,43,0
Alistipes_putredinis_61533,SRR413603,ERR911954,61,898667,17,237383,28,1
Alistipes_putredinis_61533,SRR413603,ERR911956,102,800772,16,211844,29,3
Alistipes_putredinis_61533,SRR413603,ERR911960,146,778382,21,205926,51,1
Alistipes_putredinis_61533,SRR413603,ERR911963,146,764886,22,202206,52,1
Alistipes_putredinis_61533,SRR413603,ERR911966,127,806710,27,213263,41,1
Alistipes_putredinis_61533,SRR413603,ERR911970,125,813372,17,214693,55,1
Alistipes_putredinis_61533,SRR413603,ERR911988,148,783667,29,207237,48,1
Alistipes_putredinis_61533,SRR413603,ERR911995,106,792981,25,209419,39,1
Alistipes_putredinis_61533,SRR413603,ERR911999,96,862408,15,227776,32,1
Alistipes_putredinis_61533,SRR413603,ERR912000,84,878320,11,231999,28,1
Alistipes_putredinis_61533,SRR413603,ERR912007,105,826416,13,218255,15,1
Alistipes_putredinis_61533,SRR413603,ERR912009,99,789449,37,208717,21,2
Alistipes_putredinis_61533,SRR413603,ERR912013,154,830290,28,219356,40,1
Alistipes_putredinis_61533,SRR413603,ERR912033,128,850928,27,224689,43,1
Alistipes_putredinis_61533,SRR413603,ERR912041,150,748258,26,197883,47,0
Alistipes_putredinis_61533,SRR413603,ERR912048,96,867058,16,228927,25,1
Alistipes_putredinis_61533,SRR413603,ERR912063,164,756960,42,200185,46,1
Alistipes_putredinis_61533,SRR413603,ERR912064,134,783785,20,207347,48,1
Alistipes_putredinis_61533,SRR413603,ERR912071,175,767385,24,203100,66,2
Alistipes_putredinis_61533,SRR413603,ERR912072,113,842365,19,222510,22,1
Alistipes_putredinis_61533,SRR413603,ERR912086,156,785602,22,207811,55,1
Alistipes_putredinis_61533,SRR413603,ERR912096,81,886776,16,234167,16,0
Alistipes_putredinis_61533,SRR413603,ERR912100,116,867369,26,229078,27,1
Alistipes_putredinis_61533,SRR413603,ERR912103,107,852647,20,225493,44,1
Alistipes_putredinis_61533,SRR413603,ERR912111,91,836429,6,221076,28,0
Alistipes_putredinis_61533,SRR413603,ERR912124,27,913064,8,241276,2,0
Alistipes_putredinis_61533,SRR413603,ERR912144,158,744073,28,196848,47,1
Alistipes_putredinis_61533,SRR413603,ERR912152,186,773077,26,204473,60,1
Alistipes_putredinis_61533,SRR413603,ERR912159,180,761249,19,200896,59,1
Alistipes_putredinis_61533,SRR413603,ERR912175,166,743258,29,196507,57,1
Alistipes_putredinis_61533,SRR413603,SRR413629,28,917093,12,242364,4,0
Alistipes_putredinis_61533,SRR413603,SRR413653,43,909381,17,240124,9,0
Alistipes_putredinis_61533,SRR413603,mickey3-11-30-0_,134,775319,20,205117,29,1
Alistipes_putredinis_61533,SRR413625,ERR912030,104,851925,24,225673,33,0
Alistipes_putredinis_61533,SRR413625,ERR912162,138,808642,38,214274,49,3
Alistipes_putredinis_61533,SRR413625,SRR413626,155,793296,43,210018,56,0
Alistipes_putredinis_61533,SRR413626,ERR912030,125,840267,42,221935,36,0
Alistipes_putredinis_61533,SRR413626,ERR912162,145,784350,48,207396,50,3
Alistipes_putredinis_61533,SRR413629,ERR911954,57,905811,12,239620,30,1
Alistipes_putredinis_61533,SRR413629,ERR911956,96,819628,21,217055,37,3
Alistipes_putredinis_61533,SRR413629,ERR911960,135,797559,21,211148,42,1
Alistipes_putredinis_61533,SRR413629,ERR911963,149,786580,29,208042,54,1
Alistipes_putredinis_61533,SRR413629,ERR911966,120,826497,33,218823,42,1
Alistipes_putredinis_61533,SRR413629,ERR911970,113,833259,23,220173,51,1
Alistipes_putredinis_61533,SRR413629,ERR911988,148,800712,30,211795,46,1
Alistipes_putredinis_61533,SRR413629,ERR911995,89,802777,18,212259,39,1
Alistipes_putredinis_61533,SRR413629,ERR911999,90,880928,13,232886,31,1
Alistipes_putredinis_61533,SRR413629,ERR912000,71,894649,6,236544,32,1
Alistipes_putredinis_61533,SRR413629,ERR912007,85,840524,11,222070,24,1
Alistipes_putredinis_61533,SRR413629,ERR912009,82,799486,28,211608,19,2
Alistipes_putredinis_61533,SRR413629,ERR912013,156,844219,24,223263,46,1
Alistipes_putredinis_61533,SRR413629,ERR912033,99,865428,26,228676,44,1
Alistipes_putredinis_61533,SRR413629,ERR912041,145,762006,32,201627,51,0
Alistipes_putredinis_61533,SRR413629,ERR912048,76,882451,18,233204,20,1
Alistipes_putredinis_61533,SRR413629,ERR912063,139,768294,32,203201,40,1
Alistipes_putredinis_61533,SRR413629,ERR912064,136,796822,23,210894,49,1
Alistipes_putredinis_61533,SRR413629,ERR912071,163,794699,21,210229,58,2
Alistipes_putredinis_61533,SRR413629,ERR912072,82,856353,17,226410,19,1
Alistipes_putredinis_61533,SRR413629,ERR912086,159,804540,21,212901,59,1
Alistipes_putredinis_61533,SRR413629,ERR912096,82,900002,12,237919,19,0
Alistipes_putredinis_61533,SRR413629,ERR912100,93,880491,13,232772,23,1
Alistipes_putredinis_61533,SRR413629,ERR912103,94,871611,21,230622,47,1
Alistipes_putredinis_61533,SRR413629,ERR912111,68,842875,7,223073,26,0
Alistipes_putredinis_61533,SRR413629,ERR912124,29,930004,10,246060,2,0
Alistipes_putredinis_61533,SRR413629,ERR912144,153,767221,28,202902,42,1
Alistipes_putredinis_61533,SRR413629,ERR912152,194,788104,34,208553,64,1
Alistipes_putredinis_61533,SRR413629,ERR912159,173,775956,25,204924,63,1
Alistipes_putredinis_61533,SRR413629,ERR912175,158,746069,29,197495,57,1
Alistipes_putredinis_61533,SRR413629,SRR413653,38,919216,18,243065,8,0
Alistipes_putredinis_61533,SRR413629,mickey3-11-30-0_,135,793976,25,210193,36,1
Alistipes_putredinis_61533,SRR413653,ERR911954,63,890121,16,235348,31,1
Alistipes_putredinis_61533,SRR413653,ERR911956,111,804921,27,213097,36,3
Alistipes_putredinis_61533,SRR413653,ERR911960,161,784836,37,207708,57,1
Alistipes_putredinis_61533,SRR413653,ERR911963,159,762172,40,201624,56,1
Alistipes_putredinis_61533,SRR413653,ERR911966,141,815761,43,215882,46,1
Alistipes_putredinis_61533,SRR413653,ERR911970,130,809829,33,213994,46,1
Alistipes_putredinis_61533,SRR413653,ERR911988,163,784225,41,207478,52,1
Alistipes_putredinis_61533,SRR413653,ERR911995,118,790797,43,209041,45,1
Alistipes_putredinis_61533,SRR413653,ERR911999,107,863691,24,228191,31,1
Alistipes_putredinis_61533,SRR413653,ERR912000,89,874046,17,231024,32,1
Alistipes_putredinis_61533,SRR413653,ERR912007,104,825921,23,218059,24,1
Alistipes_putredinis_61533,SRR413653,ERR912009,107,785581,43,207995,25,2
Alistipes_putredinis_61533,SRR413653,ERR912013,162,827271,27,218703,39,1
Alistipes_putredinis_61533,SRR413653,ERR912033,123,844506,40,223134,49,1
Alistipes_putredinis_61533,SRR413653,ERR912041,162,747810,45,197929,52,0
Alistipes_putredinis_61533,SRR413653,ERR912048,106,863520,31,228155,29,1
Alistipes_putredinis_61533,SRR413653,ERR912064,151,777671,39,205852,48,1
Alistipes_putredinis_61533,SRR413653,ERR912071,176,764758,32,202473,65,2
Alistipes_putredinis_61533,SRR413653,ERR912072,124,841471,31,222426,29,1
Alistipes_putredinis_61533,SRR413653,ERR912086,169,781774,38,206926,64,1
Alistipes_putredinis_61533,SRR413653,ERR912096,89,882837,14,233288,21,0
Alistipes_putredinis_61533,SRR413653,ERR912100,116,861307,26,227652,29,1
Alistipes_putredinis_61533,SRR413653,ERR912103,113,851826,27,225395,49,1
Alistipes_putredinis_61533,SRR413653,ERR912111,102,817069,12,216151,40,0
Alistipes_putredinis_61533,SRR413653,ERR912124,36,909546,8,240559,7,0
Alistipes_putredinis_61533,SRR413653,ERR912152,195,773778,35,204760,63,1
Alistipes_putredinis_61533,SRR413653,ERR912159,166,745596,21,197178,59,1
Alistipes_putredinis_61533,SRR413653,mickey3-11-30-0_,137,770351,26,203851,31,1
Alistipes_putredinis_61533,700096047,700166862,5,920489,3,243304,0,0
Alistipes_shahii_62199,700013597,700175331,125,841822,39,233911,21,0
Alistipes_shahii_62199,700013603,700015250,135,754835,49,209727,27,0
Alistipes_shahii_62199,700013603,700033153,109,783462,40,217492,18,0
Alistipes_shahii_62199,700013603,700034622,146,844787,64,235012,20,0
Alistipes_shahii_62199,700013603,700035785,102,682851,44,189793,13,0
Alistipes_shahii_62199,700013603,700038870,116,771713,48,215006,19,0
Alistipes_shahii_62199,700013603,700103477,142,858488,73,238367,15,0
Alistipes_shahii_62199,700013603,700116358,128,804316,51,223606,28,0
Alistipes_shahii_62199,700013603,700164159,94,691495,35,192218,13,0
Alistipes_shahii_62199,700013603,700173320,138,788993,57,219224,24,0
Alistipes_shahii_62199,700013603,ERR911988,109,735976,26,205259,15,0
Alistipes_shahii_62199,700013603,ERR912118,147,844115,55,234494,26,0
Alistipes_shahii_62199,700015250,700033153,135,781521,40,216753,10,0
Alistipes_shahii_62199,700015250,700034622,113,893344,30,248437,23,0
Alistipes_shahii_62199,700015250,700035785,94,800291,25,221935,13,0
Alistipes_shahii_62199,700015250,700038870,135,875757,34,243594,24,0
Alistipes_shahii_62199,700015250,700103477,121,898390,43,249642,18,0
Alistipes_shahii_62199,700015250,700116358,110,883436,34,245767,20,0
Alistipes_shahii_62199,700015250,700164159,121,744599,44,207305,18,0
Alistipes_shahii_62199,700015250,700173320,121,877220,41,243862,29,0
Alistipes_shahii_62199,700015250,ERR911988,132,755450,25,210152,20,0
Alistipes_shahii_62199,700015250,ERR912016,142,745709,41,207203,14,0
Alistipes_shahii_62199,700015250,ERR912055,103,639986,21,178129,14,0
Alistipes_shahii_62199,700015250,ERR912097,165,831311,51,231287,34,1
Alistipes_shahii_62199,700015250,ERR912118,133,900553,26,250383,25,0
Alistipes_shahii_62199,700024673,700037649,115,836803,33,232665,20,0
Alistipes_shahii_62199,700024673,700095213,96,670175,27,185974,19,0
Alistipes_shahii_62199,700033153,700034622,104,829708,37,230075,11,0
Alistipes_shahii_62199,700033153,700035785,83,678245,27,187858,8,0
Alistipes_shahii_62199,700033153,700038870,80,732268,27,202991,9,0
Alistipes_shahii_62199,700033153,700103477,115,845095,46,234303,18,1
Alistipes_shahii_62199,700033153,700116028,121,799736,42,221814,25,0
Alistipes_shahii_62199,700033153,700116358,73,755980,22,209487,7,0
Alistipes_shahii_62199,700033153,700164159,84,741467,39,205842,18,0
Alistipes_shahii_62199,700033153,700173320,83,684073,19,189654,15,0
Alistipes_shahii_62199,700033153,ERR911988,86,779227,28,216067,6,0
Alistipes_shahii_62199,700033153,ERR912016,77,742733,23,205988,8,0
Alistipes_shahii_62199,700033153,ERR912118,95,787921,27,218497,14,0
Alistipes_shahii_62199,700034622,700035785,68,871898,35,242262,2,0
Alistipes_shahii_62199,700034622,700038870,72,903143,32,251555,2,0
Alistipes_shahii_62199,700034622,700103477,63,926199,19,257637,6,1
Alistipes_shahii_62199,700034622,700116028,154,776767,47,216040,24,0
Alistipes_shahii_62199,700034622,700116358,56,904618,20,251973,7,0
Alistipes_shahii_62199,700034622,700164159,99,792849,44,220838,12,0
Alistipes_shahii_62199,700034622,700173320,73,915534,14,254709,16,0
Alistipes_shahii_62199,700034622,ERR911988,94,818326,25,227875,12,0
Alistipes_shahii_62199,700034622,ERR912016,115,790227,32,220066,17,0
Alistipes_shahii_62199,700034622,ERR912032,116,693319,24,192680,13,0
Alistipes_shahii_62199,700034622,ERR912055,94,781985,27,217878,12,0
Alistipes_shahii_62199,700034622,ERR912097,134,849862,45,237052,16,1
Alistipes_shahii_62199,700034622,ERR912118,71,931621,19,259325,4,0
Alistipes_shahii_62199,700034622,ERR912164,111,800251,42,223013,9,0
Alistipes_shahii_62199,700035785,700038870,66,874335,47,242956,0,0
Alistipes_shahii_62199,700035785,700103477,69,876173,38,243602,4,0
Alistipes_shahii_62199,700035785,700116028,122,723050,29,200455,26,0
Alistipes_shahii_62199,700035785,700116358,77,856259,46,238302,7,0
Alistipes_shahii_62199,700035785,700164159,86,711227,51,197870,7,0
Alistipes_shahii_62199,700035785,700173320,82,837690,36,233058,15,0
Alistipes_shahii_62199,700035785,ERR911988,78,705424,19,195562,7,0
Alistipes_shahii_62199,700035785,ERR912016,96,694556,32,193104,15,0
Alistipes_shahii_62199,700035785,ERR912097,119,788166,43,219447,20,0
Alistipes_shahii_62199,700035785,ERR912118,76,896958,35,249291,6,0
Alistipes_shahii_62199,700037123,700163868,45,601898,32,166323,6,0
Alistipes_shahii_62199,700037123,ERR911956,36,633413,18,175189,6,0
Alistipes_shahii_62199,700037649,700095213,65,855316,21,237149,16,0
Alistipes_shahii_62199,700038870,700103477,93,915076,43,254590,6,1
Alistipes_shahii_62199,700038870,700116358,85,896398,36,249880,10,0
Alistipes_shahii_62199,700038870,700164159,87,749699,31,208712,18,0
Alistipes_shahii_62199,700038870,700173320,101,889045,45,247514,7,0
Alistipes_shahii_62199,700038870,ERR911988,87,758249,21,210983,16,0
Alistipes_shahii_62199,700038870,ERR912016,84,671708,18,186811,9,0
Alistipes_shahii_62199,700038870,ERR912032,98,621316,8,172607,13,0
Alistipes_shahii_62199,700038870,ERR912055,90,741897,33,206447,9,0
Alistipes_shahii_62199,700038870,ERR912097,98,872631,32,243103,24,0
Alistipes_shahii_62199,700038870,ERR912118,73,931756,20,259141,14,0
Alistipes_shahii_62199,700038870,ERR912164,103,710233,24,198004,12,0
Alistipes_shahii_62199,700095647,700111156,56,923330,17,256162,9,0
Alistipes_shahii_62199,700100471,700106836,125,793864,35,220262,14,0
Alistipes_shahii_62199,700103477,700116028,149,752584,45,208947,29,1
Alistipes_shahii_62199,700103477,700116358,73,921246,23,256373,12,1
Alistipes_shahii_62199,700103477,700164159,102,803879,58,223702,14,0
Alistipes_shahii_62199,700103477,700173320,71,903867,21,251337,11,0
Alistipes_shahii_62199,700103477,ERR911988,99,798660,31,222255,12,1
Alistipes_shahii_62199,700103477,ERR912016,118,789094,45,219533,16,0
Alistipes_shahii_62199,700103477,ERR912055,103,783649,37,218209,18,1
Alistipes_shahii_62199,700103477,ERR912097,153,867662,63,241550,14,1
Alistipes_shahii_62199,700103477,ERR912118,88,934596,24,259960,15,1
Alistipes_shahii_62199,700103477,ERR912164,92,752606,34,209459,2,0
Alistipes_shahii_62199,700116028,700116358,139,749511,34,208292,27,0
Alistipes_shahii_62199,700116028,700173320,158,748907,48,207913,36,0
Alistipes_shahii_62199,700116028,ERR912118,158,781152,42,217005,24,0
Alistipes_shahii_62199,700116358,700164159,90,798512,59,222281,12,0
Alistipes_shahii_62199,700116358,700173320,75,889721,25,247890,15,0
Alistipes_shahii_62199,700116358,ERR911988,85,751708,22,209394,14,0
Alistipes_shahii_62199,700116358,ERR912016,127,774907,47,215992,20,0
Alistipes_shahii_62199,700116358,ERR912055,101,771625,41,215076,15,0
Alistipes_shahii_62199,700116358,ERR912097,150,839202,60,234111,14,1
Alistipes_shahii_62199,700116358,ERR912118,84,911726,23,254005,14,0
Alistipes_shahii_62199,700116358,ERR912164,112,761641,38,212498,12,0
Alistipes_shahii_62199,700163868,ERR911956,37,606287,25,167734,5,0
Alistipes_shahii_62199,700164159,700173320,82,692257,38,192895,11,0
Alistipes_shahii_62199,700164159,ERR912118,93,768033,37,214065,11,0
Alistipes_shahii_62199,700173320,ERR911988,97,747387,22,208244,22,0
Alistipes_shahii_62199,700173320,ERR912016,102,736091,27,204907,18,0
Alistipes_shahii_62199,700173320,ERR912055,82,678469,20,188908,25,0
Alistipes_shahii_62199,700173320,ERR912097,132,822016,43,228972,29,0
Alistipes_shahii_62199,700173320,ERR912118,99,905058,27,251824,12,0
Alistipes_shahii_62199,ERR911988,ERR912016,93,839098,20,233651,14,0
Alistipes_shahii_62199,ERR911988,ERR912032,101,836286,30,231771,7,0
Alistipes_shahii_62199,ERR911988,ERR912055,82,902725,44,251313,10,0
Alistipes_shahii_62199,ERR911988,ERR912118,94,784029,10,218268,14,0
Alistipes_shahii_62199,ERR911988,ERR912164,110,843437,33,234880,18,0
Alistipes_shahii_62199,ERR912016,ERR912032,109,752945,25,209240,12,0
Alistipes_shahii_62199,ERR912016,ERR912055,97,820902,33,228924,13,0
Alistipes_shahii_62199,ERR912016,ERR912118,116,777351,27,216368,31,0
Alistipes_shahii_62199,ERR912016,ERR912164,107,867744,27,241488,21,0
Alistipes_shahii_62199,ERR912026,ERR912187,121,737802,24,205196,24,0
Alistipes_shahii_62199,ERR912032,ERR912055,104,796336,32,221235,16,0
Alistipes_shahii_62199,ERR912032,ERR912118,118,684910,16,190462,8,0
Alistipes_shahii_62199,ERR912032,ERR912164,117,740450,37,205483,4,0
Alistipes_shahii_62199,ERR912055,ERR912118,112,787810,26,219316,17,0
Alistipes_shahii_62199,ERR912055,ERR912164,94,771875,25,215323,11,0
Alistipes_shahii_62199,ERR912091,ERR912134,118,777667,31,216020,35,0
Alistipes_shahii_62199,ERR912097,ERR912118,135,872071,39,242968,23,1
Alistipes_shahii_62199,ERR912118,ERR912164,121,777130,24,216415,11,0
Alistipes_sp_60764,700015702,ERR911965,62,1003693,8,270272,14,0
Alistipes_sp_60764,700015702,ERR912172,29,1090785,4,293416,3,0
Alistipes_sp_60764,700035785,700105613,59,998069,19,268584,11,0
Alistipes_sp_60764,700035785,700105787,95,964434,41,259093,12,0
Alistipes_sp_60764,700035785,ERR912032,78,972229,25,261450,10,0
Alistipes_sp_60764,700035785,ERR912127,80,987446,32,265043,8,0
Alistipes_sp_60764,700035785,ERR912139,63,981649,23,264127,8,0
Alistipes_sp_60764,700105613,700105787,93,1027169,28,276244,15,0
Alistipes_sp_60764,700105613,ERR912032,59,1069764,20,287830,3,0
Alistipes_sp_60764,700105613,ERR912127,73,1041473,20,279793,8,0
Alistipes_sp_60764,700105613,ERR912139,52,1074031,13,288926,7,0
Alistipes_sp_60764,700105787,ERR912032,87,978414,28,263088,4,0
Alistipes_sp_60764,700105787,ERR912127,86,1023333,20,274884,13,0
Alistipes_sp_60764,700105787,ERR912139,91,999887,27,268791,13,0
Alistipes_sp_60764,700106333,ERR911967,120,981897,60,263707,11,0
Alistipes_sp_60764,700106333,ERR911972,116,914670,54,245767,15,0
Alistipes_sp_60764,700106333,SRR2822459,150,799127,54,214554,37,0
Alistipes_sp_60764,700108095,700108161,156,829714,64,223828,22,0
Alistipes_sp_60764,700108095,700164735,113,928679,44,250000,20,0
Alistipes_sp_60764,700108095,ERR911979,124,847913,38,227640,25,0
Alistipes_sp_60764,700108095,ERR911997,123,871868,44,234214,22,1
Alistipes_sp_60764,700108095,ERR912006,117,863393,43,231948,23,1
Alistipes_sp_60764,700108095,ERR912008,119,858426,36,230609,24,1
Alistipes_sp_60764,700108095,ERR912039,125,863692,45,232023,24,1
Alistipes_sp_60764,700108095,ERR912040,83,980710,41,264025,19,0
Alistipes_sp_60764,700108095,ERR912051,130,940474,58,253002,22,0
Alistipes_sp_60764,700108095,ERR912079,108,910397,48,244781,16,0
Alistipes_sp_60764,700108095,ERR912081,118,852593,43,229013,25,1
Alistipes_sp_60764,700108095,ERR912099,121,858823,41,230676,23,1
Alistipes_sp_60764,700108095,ERR912112,129,840241,47,226140,24,0
Alistipes_sp_60764,700108095,ERR912120,85,934839,26,251786,14,0
Alistipes_sp_60764,700108095,ERR912121,120,896406,43,241111,17,0
Alistipes_sp_60764,700108095,ERR912179,118,912178,61,245170,21,0
Alistipes_sp_60764,700108095,pluto3-11-30-0_,124,861156,39,231320,26,1
Alistipes_sp_60764,700108161,700164735,123,1012772,66,272392,4,0
Alistipes_sp_60764,700108161,ERR911979,144,870589,45,233754,9,0
Alistipes_sp_60764,700108161,ERR911997,119,880800,45,236914,20,1
Alistipes_sp_60764,700108161,ERR912006,115,883053,42,237556,18,1
Alistipes_sp_60764,700108161,ERR912008,121,890730,53,239591,20,1
Alistipes_sp_60764,700108161,ERR912039,123,884391,54,237916,22,1
Alistipes_sp_60764,700108161,ERR912040,150,935534,72,252027,12,0
Alistipes_sp_60764,700108161,ERR912051,135,982560,61,264304,4,0
Alistipes_sp_60764,700108161,ERR912079,135,911449,60,245458,8,0
Alistipes_sp_60764,700108161,ERR912081,118,886620,54,238578,18,1
Alistipes_sp_60764,700108161,ERR912099,121,888653,48,239062,18,1
Alistipes_sp_60764,700108161,ERR912112,146,907184,60,243820,11,0
Alistipes_sp_60764,700108161,ERR912120,169,929550,73,250456,16,0
Alistipes_sp_60764,700108161,ERR912121,140,915179,54,246397,11,0
Alistipes_sp_60764,700108161,ERR912179,133,908688,64,244776,5,0
Alistipes_sp_60764,700108161,pluto3-11-30-0_,128,882505,46,237402,22,1
Alistipes_sp_60764,700164735,ERR911979,108,970696,32,260608,14,0
Alistipes_sp_60764,700164735,ERR911997,96,997940,22,267892,20,1
Alistipes_sp_60764,700164735,ERR912006,88,985791,19,264697,17,1
Alistipes_sp_60764,700164735,ERR912008,94,991373,19,266193,18,1
Alistipes_sp_60764,700164735,ERR912039,97,983718,24,264153,20,1
Alistipes_sp_60764,700164735,ERR912040,101,1021721,39,274834,12,0
Alistipes_sp_60764,700164735,ERR912051,73,1057679,33,284596,0,0
Alistipes_sp_60764,700164735,ERR912079,93,1025397,37,275726,9,0
Alistipes_sp_60764,700164735,ERR912081,91,987692,29,265205,18,1
Alistipes_sp_60764,700164735,ERR912099,95,992437,25,266476,20,1
Alistipes_sp_60764,700164735,ERR912112,114,984389,58,264553,5,0
Alistipes_sp_60764,700164735,ERR912120,114,1000705,48,269250,14,0
Alistipes_sp_60764,700164735,ERR912121,101,1005767,36,270532,9,0
Alistipes_sp_60764,700164735,ERR912179,99,1001019,33,269486,9,0
Alistipes_sp_60764,700164735,pluto3-11-30-0_,98,991730,29,266194,19,1
Alistipes_sp_60764,ERR911965,ERR912172,65,1006067,7,270826,17,0
Alistipes_sp_60764,ERR911967,ERR911972,117,997543,55,268011,2,0
Alistipes_sp_60764,ERR911976,ERR912164,96,920987,28,247196,23,0
Alistipes_sp_60764,ERR911979,ERR911997,109,907731,19,243404,24,1
Alistipes_sp_60764,ERR911979,ERR912006,109,905500,20,243012,25,1
Alistipes_sp_60764,ERR911979,ERR912008,125,916080,34,245762,26,1
Alistipes_sp_60764,ERR911979,ERR912039,130,916733,21,245982,28,1
Alistipes_sp_60764,ERR911979,ERR912040,128,954996,47,256195,16,0
Alistipes_sp_60764,ERR911979,ERR912051,115,982899,34,263951,11,0
Alistipes_sp_60764,ERR911979,ERR912079,97,981171,30,263502,15,0
Alistipes_sp_60764,ERR911979,ERR912081,125,927732,27,248935,26,1
Alistipes_sp_60764,ERR911979,ERR912099,117,913824,20,245166,26,1
Alistipes_sp_60764,ERR911979,ERR912112,138,934967,49,251075,4,0
Alistipes_sp_60764,ERR911979,ERR912120,143,950393,61,255230,18,0
Alistipes_sp_60764,ERR911979,ERR912121,112,960472,30,257848,12,0
Alistipes_sp_60764,ERR911979,ERR912179,99,977433,35,262363,13,0
Alistipes_sp_60764,ERR911979,pluto3-11-30-0_,130,926013,24,248424,23,1
Alistipes_sp_60764,ERR911997,ERR912006,21,1105863,7,297464,3,0
Alistipes_sp_60764,ERR911997,ERR912008,24,1105339,11,297299,0,0
Alistipes_sp_60764,ERR911997,ERR912039,26,1105802,12,297453,2,0
Alistipes_sp_60764,ERR911997,ERR912040,110,976054,35,262226,33,1
Alistipes_sp_60764,ERR911997,ERR912051,82,1009453,27,271206,16,0
Alistipes_sp_60764,ERR911997,ERR912079,103,972701,29,261192,20,0
Alistipes_sp_60764,ERR911997,ERR912081,20,1105842,13,297456,0,0
Alistipes_sp_60764,ERR911997,ERR912099,24,1104722,11,297159,0,0
Alistipes_sp_60764,ERR911997,ERR912112,90,894905,30,239926,12,0
Alistipes_sp_60764,ERR911997,ERR912120,128,978060,48,262747,30,1
Alistipes_sp_60764,ERR911997,ERR912121,116,962778,30,258617,20,0
Alistipes_sp_60764,ERR911997,ERR912179,107,967887,35,260037,19,0
Alistipes_sp_60764,ERR911997,pluto3-11-30-0_,25,1100539,11,295969,0,0
Alistipes_sp_60764,ERR912003,ERR912113,52,1079716,16,290443,2,0
Alistipes_sp_60764,ERR912006,ERR912039,20,1106201,7,297571,0,0
Alistipes_sp_60764,ERR912006,ERR912040,101,973522,32,261538,23,1
Alistipes_sp_60764,ERR912006,ERR912051,80,1007669,33,270785,15,0
Alistipes_sp_60764,ERR912006,ERR912079,103,975565,27,262001,21,0
Alistipes_sp_60764,ERR912006,ERR912099,15,1106263,8,297569,0,0
Alistipes_sp_60764,ERR912006,ERR912112,91,908626,33,244138,13,0
Alistipes_sp_60764,ERR912006,ERR912120,122,964375,43,259118,26,1
Alistipes_sp_60764,ERR912006,ERR912121,113,965796,31,259450,22,0
Alistipes_sp_60764,ERR912006,ERR912179,101,969057,35,260374,20,0
Alistipes_sp_60764,ERR912006,pluto3-11-30-0_,17,1102036,8,296374,0,0
Alistipes_sp_60764,ERR912008,ERR912040,117,974918,34,261999,29,1
Alistipes_sp_60764,ERR912008,ERR912051,77,983598,19,264340,16,0
Alistipes_sp_60764,ERR912008,ERR912079,107,973695,25,261512,22,0
Alistipes_sp_60764,ERR912008,ERR912112,95,916779,35,246350,18,0
Alistipes_sp_60764,ERR912008,ERR912120,136,972189,50,261382,27,1
Alistipes_sp_60764,ERR912008,ERR912121,110,952855,31,255995,18,0
Alistipes_sp_60764,ERR912008,ERR912179,107,968158,41,260132,24,0
Alistipes_sp_60764,ERR912008,pluto3-11-30-0_,12,1101867,3,296323,0,0
Alistipes_sp_60764,ERR912032,ERR912127,75,1031318,22,277171,0,0
Alistipes_sp_60764,ERR912032,ERR912139,44,1094456,8,294507,0,0
Alistipes_sp_60764,ERR912039,ERR912040,116,975702,34,262211,28,1
Alistipes_sp_60764,ERR912039,ERR912051,78,984827,20,264673,14,0
Alistipes_sp_60764,ERR912039,ERR912079,111,975602,30,262017,21,0
Alistipes_sp_60764,ERR912039,ERR912099,14,1106336,7,297591,0,0
Alistipes_sp_60764,ERR912039,ERR912112,89,881092,21,236355,16,0
Alistipes_sp_60764,ERR912039,ERR912120,128,958716,47,257645,25,1
Alistipes_sp_60764,ERR912039,ERR912121,120,965855,32,259479,19,0
Alistipes_sp_60764,ERR912039,ERR912179,109,968289,38,260179,21,0
Alistipes_sp_60764,ERR912040,ERR912051,116,1048936,51,281932,16,0
Alistipes_sp_60764,ERR912040,ERR912079,113,1021934,65,274618,9,0
Alistipes_sp_60764,ERR912040,ERR912081,112,964739,34,259339,28,1
Alistipes_sp_60764,ERR912040,ERR912099,108,963329,31,258926,24,1
Alistipes_sp_60764,ERR912040,ERR912112,129,964950,49,259627,15,0
Alistipes_sp_60764,ERR912040,ERR912120,30,1093765,11,294212,2,0
Alistipes_sp_60764,ERR912040,ERR912121,108,981880,47,264102,14,0
Alistipes_sp_60764,ERR912040,ERR912179,121,1021897,64,274785,14,0
Alistipes_sp_60764,ERR912040,pluto3-11-30-0_,126,980156,48,263405,22,1
Alistipes_sp_60764,ERR912051,ERR912079,95,1048436,49,281918,3,0
Alistipes_sp_60764,ERR912051,ERR912081,78,994216,27,267148,14,0
Alistipes_sp_60764,ERR912051,ERR912099,75,975466,18,262130,18,0
Alistipes_sp_60764,ERR912051,ERR912112,106,998947,49,268507,5,0
Alistipes_sp_60764,ERR912051,ERR912120,130,1038634,56,279318,13,0
Alistipes_sp_60764,ERR912051,ERR912121,100,1029287,45,276833,5,0
Alistipes_sp_60764,ERR912051,ERR912179,88,996593,43,268313,3,0
Alistipes_sp_60764,ERR912051,pluto3-11-30-0_,77,955803,24,256915,13,0
Alistipes_sp_60764,ERR912079,ERR912081,102,974992,29,261874,20,0
Alistipes_sp_60764,ERR912079,ERR912099,104,974330,27,261703,22,0
Alistipes_sp_60764,ERR912079,ERR912112,113,948745,57,254956,5,0
Alistipes_sp_60764,ERR912079,ERR912120,117,965594,48,259811,17,0
Alistipes_sp_60764,ERR912079,ERR912121,39,1089708,7,293172,2,0
Alistipes_sp_60764,ERR912079,ERR912179,42,1102599,18,296527,0,0
Alistipes_sp_60764,ERR912079,pluto3-11-30-0_,108,970781,28,260654,17,0
Alistipes_sp_60764,ERR912081,ERR912112,101,922386,45,247901,14,0
Alistipes_sp_60764,ERR912081,ERR912120,126,950628,47,255594,30,1
Alistipes_sp_60764,ERR912081,ERR912121,112,962367,30,258544,22,0
Alistipes_sp_60764,ERR912081,ERR912179,110,984975,46,264668,21,0
Alistipes_sp_60764,ERR912096,ERR912190,79,952541,39,256219,12,0
Alistipes_sp_60764,ERR912099,ERR912112,99,921822,42,247673,17,0
Alistipes_sp_60764,ERR912099,ERR912120,139,972602,46,261440,31,1
Alistipes_sp_60764,ERR912099,ERR912121,116,962556,31,258560,23,0
Alistipes_sp_60764,ERR912099,ERR912179,105,968352,32,260173,22,0
Alistipes_sp_60764,ERR912099,pluto3-11-30-0_,14,1102883,4,296592,0,0
Alistipes_sp_60764,ERR912112,ERR912120,135,935821,43,251676,10,0
Alistipes_sp_60764,ERR912112,ERR912121,112,974817,46,262238,7,0
Alistipes_sp_60764,ERR912112,ERR912179,110,938600,46,252252,10,0
Alistipes_sp_60764,ERR912112,pluto3-11-30-0_,95,885813,36,238090,15,0
Alistipes_sp_60764,ERR912120,ERR912121,138,989140,50,266053,18,0
Alistipes_sp_60764,ERR912120,ERR912179,134,995106,57,267751,16,0
Alistipes_sp_60764,ERR912120,pluto3-11-30-0_,136,969666,54,260561,22,1
Alistipes_sp_60764,ERR912121,ERR912179,49,1087572,17,292584,2,0
Alistipes_sp_60764,ERR912121,pluto3-11-30-0_,116,955808,29,256699,21,0
Alistipes_sp_60764,ERR912127,ERR912139,66,1035914,23,278193,2,0
Alistipes_sp_60764,ERR912148,ERR912154,41,1095625,16,294527,0,0
Alistipes_sp_60764,ERR912179,pluto3-11-30-0_,104,944907,30,253909,15,0
Alistipes_sp_60764,SRR2822459,ERR911967,141,909331,48,244499,13,0
Alistipes_sp_60764,SRR2822459,ERR911972,152,900673,56,242258,21,0
Alistipes_sp_60764,ERR912006,ERR912008,14,1106955,8,297724,0,0
Alistipes_sp_60764,ERR912006,ERR912081,14,1107300,10,297842,0,0
Alistipes_sp_60764,ERR912008,ERR912039,13,1107028,7,297752,0,0
Alistipes_sp_60764,ERR912008,ERR912081,8,1106939,6,297731,0,0
Alistipes_sp_60764,ERR912008,ERR912099,11,1106950,4,297730,0,0
Alistipes_sp_60764,ERR912039,ERR912081,12,1107444,8,297900,0,0
Alistipes_sp_60764,ERR912039,pluto3-11-30-0_,17,1104815,9,297105,0,0
Alistipes_sp_60764,ERR912081,ERR912099,11,1107376,8,297870,0,0
Alistipes_sp_60764,ERR912081,pluto3-11-30-0_,13,1104787,9,297083,0,0
Bacteroidales_bacterium_58650,700014724,700117828,156,996239,46,274459,50,0
Bacteroidales_bacterium_58650,700015181,700173377,71,1172632,32,323565,16,0
Bacteroidales_bacterium_58650,700033665,ERR912085,164,1006539,94,278638,13,0
Bacteroidales_bacterium_58650,700035237,700105613,120,1113568,48,309488,12,0
Bacteroidales_bacterium_58650,700035237,ERR912048,155,1067807,49,297309,27,0
Bacteroidales_bacterium_58650,700035237,ERR912135,137,1107149,51,307972,22,0
Bacteroidales_bacterium_58650,700035237,ERR912161,117,1123162,46,310457,14,0
Bacteroidales_bacterium_58650,700038053,700171648,155,888443,76,242780,16,0
Bacteroidales_bacterium_58650,700038053,ERR911988,94,1045871,40,289321,7,0
Bacteroidales_bacterium_58650,700095647,700163699,49,1118582,19,307729,9,0
Bacteroidales_bacterium_58650,700105613,ERR912048,127,1036274,42,288215,28,0
Bacteroidales_bacterium_58650,700105613,ERR912135,46,1201807,20,334055,13,0
Bacteroidales_bacterium_58650,700105613,ERR912161,110,1108128,49,306562,19,0
Bacteroidales_bacterium_58650,700110419,ERR912091,143,1029594,87,283670,25,0
Bacteroidales_bacterium_58650,700113762,700113975,116,1140760,44,317462,19,0
Bacteroidales_bacterium_58650,700113762,700164159,90,1151261,36,320018,11,0
Bacteroidales_bacterium_58650,700113975,700164159,56,1224999,22,340577,8,0
Bacteroidales_bacterium_58650,700117828,700161742,153,1054113,63,290981,32,0
Bacteroidales_bacterium_58650,700117828,ERR912096,127,1110601,53,308034,14,0
Bacteroidales_bacterium_58650,700117828,ERR912148,123,1114884,53,309463,14,0
Bacteroidales_bacterium_58650,700117992,700119562,109,1116930,44,307825,17,0
Bacteroidales_bacterium_58650,700117992,700123562,156,1136218,76,313268,14,0
Bacteroidales_bacterium_58650,700119562,700123562,141,1153237,52,320483,20,0
Bacteroidales_bacterium_58650,700161742,ERR912096,86,1165650,13,322444,17,0
Bacteroidales_bacterium_58650,700161742,ERR912148,76,1179975,11,326447,15,0
Bacteroidales_bacterium_58650,700171648,ERR911988,127,870178,61,238145,7,0
Bacteroidales_bacterium_58650,ERR911980,ERR912155,115,1175740,23,326388,25,0
Bacteroidales_bacterium_58650,ERR912008,ERR912078,49,1196295,13,332743,10,0
Bacteroidales_bacterium_58650,ERR912048,ERR912135,145,1046616,51,291140,34,0
Bacteroidales_bacterium_58650,ERR912048,ERR912161,139,1043978,46,288656,27,0
Bacteroidales_bacterium_58650,ERR912057,ERR912088,151,1090347,57,303565,27,0
Bacteroidales_bacterium_58650,ERR912057,ERR912097,119,1151185,66,320495,6,0
Bacteroidales_bacterium_58650,ERR912088,ERR912097,88,1150457,27,319737,18,0
Bacteroidales_bacterium_58650,ERR912096,ERR912148,35,1242579,7,345409,4,0
Bacteroidales_bacterium_58650,ERR912135,ERR912161,130,1113008,54,307666,25,0
Bacteroides_caccae_53434,700013715,700014562,75,1777555,17,389862,0,0
Bacteroides_caccae_53434,700013715,700021902,74,1983801,15,435236,0,0
Bacteroides_caccae_53434,700013715,700023267,63,2055836,20,450434,0,0
Bacteroides_caccae_53434,700013715,700023337,66,1954544,19,428697,0,0
Bacteroides_caccae_53434,700013715,700023919,77,1983268,17,435121,0,0
Bacteroides_caccae_53434,700013715,700024437,86,1983048,17,435012,0,0
Bacteroides_caccae_53434,700013715,700034166,68,2060198,17,451579,0,0
Bacteroides_caccae_53434,700013715,700034926,63,2054580,13,450266,0,0
Bacteroides_caccae_53434,700013715,700035533,74,2054972,24,450460,0,0
Bacteroides_caccae_53434,700013715,700035861,70,2054150,18,450762,0,0
Bacteroides_caccae_53434,700013715,700037090,63,2061298,14,451815,0,0
Bacteroides_caccae_53434,700013715,700038386,74,1952782,17,426760,0,0
Bacteroides_caccae_53434,700013715,700100600,65,1978987,21,433944,0,0
Bacteroides_caccae_53434,700013715,700101243,71,1979333,22,434156,0,0
Bacteroides_caccae_53434,700013715,700102586,67,2062137,24,451999,0,0
Bacteroides_caccae_53434,700013715,700102659,65,1822277,16,399819,4,0
Bacteroides_caccae_53434,700013715,700105049,65,2062404,13,452052,0,0
Bacteroides_caccae_53434,700013715,700106836,80,2060700,21,451661,0,0
Bacteroides_caccae_53434,700013715,700111156,86,1937663,33,424806,0,0
Bacteroides_caccae_53434,700013715,700113867,59,2062298,17,452081,0,0
Bacteroides_caccae_53434,700013715,700114480,79,1969684,23,431406,0,0
Bacteroides_caccae_53434,700013715,700116296,60,2061995,13,452014,0,0
Bacteroides_caccae_53434,700013715,700161743,45,2061860,13,451865,0,0
Bacteroides_caccae_53434,700013715,700161872,61,1941753,20,425106,3,0
Bacteroides_caccae_53434,700013715,700161967,83,1921122,14,420794,0,0
Bacteroides_caccae_53434,700013715,700171859,68,2060774,17,451706,0,0
Bacteroides_caccae_53434,700013715,700172279,84,2063052,13,452257,0,0
Bacteroides_caccae_53434,700013715,700172393,82,2062335,17,452068,0,0
Bacteroides_caccae_53434,700013715,700172498,78,1979165,16,434183,0,0
Bacteroides_caccae_53434,700013715,700173546,73,1983729,32,435225,0,0
Bacteroides_caccae_53434,700013715,ERR912014,70,2046302,17,448821,0,0
Bacteroides_caccae_53434,700013715,ERR912100,68,1975786,16,432929,0,0
Bacteroides_caccae_53434,700013715,ERR912124,65,1978323,15,433454,2,0
Bacteroides_caccae_53434,700013715,ERR912164,70,2061737,18,451923,0,0
Bacteroides_caccae_53434,700014562,700021902,83,1806904,14,396332,0,0
Bacteroides_caccae_53434,700014562,700023267,91,1817606,23,398513,2,0
Bacteroides_caccae_53434,700014562,700023337,98,1714237,22,376249,2,0
Bacteroides_caccae_53434,700014562,700023919,105,1821128,19,399409,2,0
Bacteroides_caccae_53434,700014562,700024437,99,1803555,14,395556,0,0
Bacteroides_caccae_53434,700014562,700034166,84,1804219,20,395765,0,0
Bacteroides_caccae_53434,700014562,700034926,75,1761685,16,385903,0,0
Bacteroides_caccae_53434,700014562,700035533,115,1814560,27,398018,2,0
Bacteroides_caccae_53434,700014562,700035861,86,1801673,19,395539,0,0
Bacteroides_caccae_53434,700014562,700037090,78,1806688,16,396335,0,0
Bacteroides_caccae_53434,700014562,700038386,99,1799203,17,393046,2,0
Bacteroides_caccae_53434,700014562,700100600,90,1819313,20,398758,2,0
Bacteroides_caccae_53434,700014562,700101243,100,1818951,22,398795,2,0
Bacteroides_caccae_53434,700014562,700102586,96,1785802,24,391271,2,0
Bacteroides_caccae_53434,700014562,700102659,74,1803170,15,395744,0,0
Bacteroides_caccae_53434,700014562,700105049,83,1803738,16,395687,0,0
Bacteroides_caccae_53434,700014562,700106836,91,1805021,24,395941,0,0
Bacteroides_caccae_53434,700014562,700111156,110,1700255,32,373042,2,0
Bacteroides_caccae_53434,700014562,700113867,91,1823070,18,399854,2,0
Bacteroides_caccae_53434,700014562,700114480,97,1797165,25,393600,0,0
Bacteroides_caccae_53434,700014562,700116296,77,1803562,18,395629,0,0
Bacteroides_caccae_53434,700014562,700161743,82,1822029,18,399575,2,0
Bacteroides_caccae_53434,700014562,700161872,79,1795533,16,393764,3,0
Bacteroides_caccae_53434,700014562,700161967,96,1749780,15,383610,0,0
Bacteroides_caccae_53434,700014562,700171859,85,1804212,20,395812,0,0
Bacteroides_caccae_53434,700014562,700172279,103,1805885,16,396163,0,0
Bacteroides_caccae_53434,700014562,700172393,101,1804951,21,395941,0,0
Bacteroides_caccae_53434,700014562,700172498,90,1801851,13,395235,0,0
Bacteroides_caccae_53434,700014562,700173546,97,1828919,26,401158,2,0
Bacteroides_caccae_53434,700014562,ERR912014,86,1807171,18,396442,0,0
Bacteroides_caccae_53434,700014562,ERR912100,79,1804008,15,395643,0,0
Bacteroides_caccae_53434,700014562,ERR912124,78,1804945,15,395868,0,0
Bacteroides_caccae_53434,700014562,ERR912164,87,1805886,21,396114,0,0
Bacteroides_caccae_53434,700014724,ERR912086,64,2059250,22,451181,0,0
Bacteroides_caccae_53434,700014724,mickey4-11-0-0_,83,2057410,26,450664,0,0
Bacteroides_caccae_53434,700014837,700024615,107,1881269,34,411564,2,0
Bacteroides_caccae_53434,700014837,700037405,74,1937149,14,424045,0,0
Bacteroides_caccae_53434,700014837,700037852,118,1893595,33,414143,2,0
Bacteroides_caccae_53434,700014837,700038072,57,2072130,14,454134,0,0
Bacteroides_caccae_53434,700014837,700095058,96,1875196,32,410620,3,0
Bacteroides_caccae_53434,700014837,700113114,55,2010226,16,440409,0,0
Bacteroides_caccae_53434,700014837,700114218,109,1871144,43,409360,4,0
Bacteroides_caccae_53434,700014837,ERR912168,92,1846303,40,404227,0,0
Bacteroides_caccae_53434,700015250,ERR912055,92,2012372,25,441153,0,0
Bacteroides_caccae_53434,700021361,700096865,153,1945916,48,425983,5,0
Bacteroides_caccae_53434,700021361,700106229,159,1963881,59,429506,5,0
Bacteroides_caccae_53434,700021361,pluto3-11-30-0_,140,2068628,48,453271,2,0
Bacteroides_caccae_53434,700021902,700023267,76,2003937,20,439525,0,0
Bacteroides_caccae_53434,700021902,700023337,86,1901732,19,417593,0,0
Bacteroides_caccae_53434,700021902,700034166,84,2010613,18,441232,0,0
Bacteroides_caccae_53434,700021902,700034926,74,2003410,11,439429,0,0
Bacteroides_caccae_53434,700021902,700035533,93,2002467,23,439440,0,0
Bacteroides_caccae_53434,700021902,700035861,86,2007174,24,440914,0,0
Bacteroides_caccae_53434,700021902,700037090,85,2014337,22,441998,0,0
Bacteroides_caccae_53434,700021902,700102586,83,2012645,25,441632,0,0
Bacteroides_caccae_53434,700021902,700102659,71,1846953,16,405357,0,0
Bacteroides_caccae_53434,700021902,700105049,81,2010122,13,441078,0,0
Bacteroides_caccae_53434,700021902,700106836,90,2010139,21,441043,0,0
Bacteroides_caccae_53434,700021902,700111156,101,1887114,33,414196,0,0
Bacteroides_caccae_53434,700021902,700113867,81,2010072,18,441114,0,0
Bacteroides_caccae_53434,700021902,700116296,76,2009687,14,441012,0,0
Bacteroides_caccae_53434,700021902,700161743,63,2010304,13,441041,0,0
Bacteroides_caccae_53434,700021902,700161872,73,1979850,14,434115,0,0
Bacteroides_caccae_53434,700021902,700161967,98,1997168,15,437662,2,0
Bacteroides_caccae_53434,700021902,700171859,87,2009071,19,440846,0,0
Bacteroides_caccae_53434,700021902,700172279,97,2011334,12,441392,0,0
Bacteroides_caccae_53434,700021902,700172393,97,2010205,17,441110,0,0
Bacteroides_caccae_53434,700021902,ERR912014,80,2010763,16,441257,0,0
Bacteroides_caccae_53434,700021902,ERR912100,77,2051257,10,449678,0,0
Bacteroides_caccae_53434,700021902,ERR912124,76,2051898,10,449840,0,0
Bacteroides_caccae_53434,700021902,ERR912164,85,2012160,20,441533,0,0
Bacteroides_caccae_53434,700023267,700023337,78,1974140,20,432854,0,0
Bacteroides_caccae_53434,700023267,700023919,80,2003762,21,439489,0,0
Bacteroides_caccae_53434,700023267,700024437,94,2005349,26,439783,0,0
Bacteroides_caccae_53434,700023267,700034166,72,2081245,18,456101,0,0
Bacteroides_caccae_53434,700023267,700034926,65,2074253,17,454474,0,0
Bacteroides_caccae_53434,700023267,700035533,82,2076145,23,455037,0,0
Bacteroides_caccae_53434,700023267,700035861,75,2075951,20,455473,0,0
Bacteroides_caccae_53434,700023267,700037090,69,2083207,16,456522,0,0
Bacteroides_caccae_53434,700023267,700038386,81,1977348,30,432107,0,0
Bacteroides_caccae_53434,700023267,700100600,66,1999342,23,438339,0,0
Bacteroides_caccae_53434,700023267,700101243,74,1999374,26,438446,0,0
Bacteroides_caccae_53434,700023267,700102586,73,2082103,25,456263,0,0
Bacteroides_caccae_53434,700023267,700102659,69,1842114,21,404056,5,0
Bacteroides_caccae_53434,700023267,700105049,67,2082129,15,456255,0,0
Bacteroides_caccae_53434,700023267,700106836,81,2080578,24,455948,0,0
Bacteroides_caccae_53434,700023267,700111156,97,1959498,32,429496,0,0
Bacteroides_caccae_53434,700023267,700113867,74,2081907,19,456258,0,0
Bacteroides_caccae_53434,700023267,700114480,81,1989942,26,435825,0,0
Bacteroides_caccae_53434,700023267,700116296,63,2081597,18,456183,0,0
Bacteroides_caccae_53434,700023267,700161743,47,2082089,14,456180,0,0
Bacteroides_caccae_53434,700023267,700161872,60,1961941,21,429414,3,0
Bacteroides_caccae_53434,700023267,700161967,95,1945349,17,425946,2,0
Bacteroides_caccae_53434,700023267,700171859,80,2082742,23,456428,0,0
Bacteroides_caccae_53434,700023267,700172279,87,2083136,17,456530,0,0
Bacteroides_caccae_53434,700023267,700172393,88,2082210,20,456318,0,0
Bacteroides_caccae_53434,700023267,700172498,81,2001033,19,438895,0,0
Bacteroides_caccae_53434,700023267,700173546,70,2003610,30,439474,0,0
Bacteroides_caccae_53434,700023267,ERR912014,73,2068669,19,453640,0,0
Bacteroides_caccae_53434,700023267,ERR912100,75,1999692,19,438005,2,0
Bacteroides_caccae_53434,700023267,ERR912124,72,1999204,20,437895,2,0
Bacteroides_caccae_53434,700023267,ERR912164,75,2082006,17,456232,0,0
Bacteroides_caccae_53434,700023337,700023919,94,1901442,22,417519,0,0
Bacteroides_caccae_53434,700023337,700024437,97,1901142,20,417400,0,0
Bacteroides_caccae_53434,700023337,700034166,86,1978428,23,434008,0,0
Bacteroides_caccae_53434,700023337,700034926,77,1973094,16,432730,0,0
Bacteroides_caccae_53434,700023337,700035533,101,1977862,25,433870,0,0
Bacteroides_caccae_53434,700023337,700035861,91,1972305,20,433138,0,0
Bacteroides_caccae_53434,700023337,700037090,76,1979281,17,434191,0,0
Bacteroides_caccae_53434,700023337,700038386,82,1871848,20,409370,0,0
Bacteroides_caccae_53434,700023337,700100600,76,1896922,24,416316,0,0
Bacteroides_caccae_53434,700023337,700101243,86,1897900,26,416648,0,0
Bacteroides_caccae_53434,700023337,700102586,86,1980204,27,434391,0,0
Bacteroides_caccae_53434,700023337,700102659,69,1740715,21,382269,4,0
Bacteroides_caccae_53434,700023337,700105049,80,1980587,16,434477,0,0
Bacteroides_caccae_53434,700023337,700106836,95,1978898,24,434080,0,0
Bacteroides_caccae_53434,700023337,700111156,94,2030614,35,445421,0,0
Bacteroides_caccae_53434,700023337,700113867,81,1980397,22,434477,0,0
Bacteroides_caccae_53434,700023337,700114480,95,1890982,35,414528,0,0
Bacteroides_caccae_53434,700023337,700116296,78,1980236,17,434433,0,0
Bacteroides_caccae_53434,700023337,700161743,64,1979972,16,434271,0,0
Bacteroides_caccae_53434,700023337,700161872,76,1859819,22,407492,3,0
Bacteroides_caccae_53434,700023337,700161967,104,1843617,20,404087,4,0
Bacteroides_caccae_53434,700023337,700171859,82,1978943,22,434116,0,0
Bacteroides_caccae_53434,700023337,700172279,101,1981124,14,434633,0,0
Bacteroides_caccae_53434,700023337,700172393,102,1980477,17,434477,0,0
Bacteroides_caccae_53434,700023337,700172498,100,1899602,28,417090,0,0
Bacteroides_caccae_53434,700023337,700173546,80,1899935,26,417174,0,0
Bacteroides_caccae_53434,700023337,ERR912014,80,1964842,19,431304,0,0
Bacteroides_caccae_53434,700023337,ERR912100,81,1894027,21,415359,0,0
Bacteroides_caccae_53434,700023337,ERR912124,78,1893122,20,415156,0,0
Bacteroides_caccae_53434,700023337,ERR912164,93,1979985,21,434346,0,0
Bacteroides_caccae_53434,700023919,700034166,89,2008191,18,440689,0,0
Bacteroides_caccae_53434,700023919,700034926,80,2003267,14,439387,0,0
Bacteroides_caccae_53434,700023919,700035533,101,2002071,25,439352,0,0
Bacteroides_caccae_53434,700023919,700035861,92,2004617,27,440363,0,0
Bacteroides_caccae_53434,700023919,700037090,90,2011750,25,441436,0,0
Bacteroides_caccae_53434,700023919,700102586,87,2010118,28,441089,0,0
Bacteroides_caccae_53434,700023919,700102659,86,1853347,22,406815,4,0
Bacteroides_caccae_53434,700023919,700105049,83,2009530,16,440944,0,0
Bacteroides_caccae_53434,700023919,700106836,98,2008754,24,440756,0,0
Bacteroides_caccae_53434,700023919,700111156,107,1885549,36,413870,0,0
Bacteroides_caccae_53434,700023919,700113867,88,2009559,21,440994,0,0
Bacteroides_caccae_53434,700023919,700116296,89,2011539,25,441418,0,0
Bacteroides_caccae_53434,700023919,700161743,67,2009821,16,440925,0,0
Bacteroides_caccae_53434,700023919,700161872,85,1981495,25,434469,0,0
Bacteroides_caccae_53434,700023919,700161967,103,1993467,7,436863,0,0
Bacteroides_caccae_53434,700023919,700171859,94,2008777,22,440784,0,0
Bacteroides_caccae_53434,700023919,700172279,106,2013183,23,441807,0,0
Bacteroides_caccae_53434,700023919,700172393,99,2009775,19,441025,0,0
Bacteroides_caccae_53434,700023919,700173546,64,2087842,17,457735,0,0
Bacteroides_caccae_53434,700023919,ERR912014,83,2008068,19,440660,0,0
Bacteroides_caccae_53434,700023919,ERR912100,84,2049455,14,449291,0,0
Bacteroides_caccae_53434,700023919,ERR912124,80,2049199,14,449240,0,0
Bacteroides_caccae_53434,700023919,ERR912164,90,2010329,20,441131,0,0
Bacteroides_caccae_53434,700024437,700034166,94,2004993,15,439928,0,0
Bacteroides_caccae_53434,700024437,700034926,89,2002802,14,439241,0,0
Bacteroides_caccae_53434,700024437,700035533,108,2001619,25,439196,0,0
Bacteroides_caccae_53434,700024437,700035861,98,2003630,24,440081,0,0
Bacteroides_caccae_53434,700024437,700037090,97,2010394,22,441086,0,0
Bacteroides_caccae_53434,700024437,700102586,96,2009002,23,440788,0,0
Bacteroides_caccae_53434,700024437,700102659,90,1852151,17,406480,4,0
Bacteroides_caccae_53434,700024437,700105049,98,2011525,23,441335,0,0
Bacteroides_caccae_53434,700024437,700106836,102,2007557,23,440422,0,0
Bacteroides_caccae_53434,700024437,700111156,111,1884700,32,413631,0,0
Bacteroides_caccae_53434,700024437,700113867,100,2011268,24,441300,0,0
Bacteroides_caccae_53434,700024437,700116296,87,2008639,16,440727,0,0
Bacteroides_caccae_53434,700024437,700161743,77,2008885,14,440670,0,0
Bacteroides_caccae_53434,700024437,700161872,93,1980520,22,434181,0,0
Bacteroides_caccae_53434,700024437,700161967,112,1993491,9,436793,2,0
Bacteroides_caccae_53434,700024437,700171859,101,2007734,21,440513,0,0
Bacteroides_caccae_53434,700024437,700172279,108,2009916,14,441012,0,0
Bacteroides_caccae_53434,700024437,700172393,110,2009073,17,440805,0,0
Bacteroides_caccae_53434,700024437,ERR912014,93,2006441,16,440228,0,0
Bacteroides_caccae_53434,700024437,ERR912100,90,2047894,8,448884,0,0
Bacteroides_caccae_53434,700024437,ERR912124,89,2047555,10,448803,0,0
Bacteroides_caccae_53434,700024437,ERR912164,98,2009076,20,440795,0,0
Bacteroides_caccae_53434,700024615,700037405,123,1946218,36,426149,0,0
Bacteroides_caccae_53434,700024615,700037852,83,2065576,18,452562,0,0
Bacteroides_caccae_53434,700024615,700038072,124,1878032,48,411149,2,0
Bacteroides_caccae_53434,700024615,700095058,81,2046008,20,448883,0,0
Bacteroides_caccae_53434,700024615,700113114,107,1829742,34,400504,2,0
Bacteroides_caccae_53434,700024615,ERR912168,76,1999631,20,438709,0,0
Bacteroides_caccae_53434,700024998,700037008,99,1854475,22,406401,15,0
Bacteroides_caccae_53434,700033665,700037649,103,1861714,28,409437,7,0
Bacteroides_caccae_53434,700033665,700105685,96,2020913,21,444483,2,0
Bacteroides_caccae_53434,700033797,700097291,98,2051629,20,450417,0,0
Bacteroides_caccae_53434,700033797,700171648,134,1811116,42,396819,6,0
Bacteroides_caccae_53434,700033797,ERR912037,116,1317496,35,288543,4,0
Bacteroides_caccae_53434,700034166,700034926,74,2076535,11,455147,0,0
Bacteroides_caccae_53434,700034166,700035533,92,2080460,21,456166,0,0
Bacteroides_caccae_53434,700034166,700035861,80,2079502,15,456375,0,0
Bacteroides_caccae_53434,700034166,700037090,77,2088203,18,457812,0,0
Bacteroides_caccae_53434,700034166,700038386,86,1979124,21,432602,0,0
Bacteroides_caccae_53434,700034166,700100600,76,1997922,19,438279,0,0
Bacteroides_caccae_53434,700034166,700101243,87,2003497,25,439541,0,0
Bacteroides_caccae_53434,700034166,700102586,86,2088882,30,457957,0,0
Bacteroides_caccae_53434,700034166,700102659,75,1847958,20,405515,4,0
Bacteroides_caccae_53434,700034166,700105049,79,2086262,17,457389,0,0
Bacteroides_caccae_53434,700034166,700106836,98,2084208,22,456901,0,0
Bacteroides_caccae_53434,700034166,700111156,103,1963571,38,430578,0,0
Bacteroides_caccae_53434,700034166,700113867,81,2086323,21,457439,0,0
Bacteroides_caccae_53434,700034166,700114480,95,1995984,35,437247,0,0
Bacteroides_caccae_53434,700034166,700116296,75,2085930,18,457340,0,0
Bacteroides_caccae_53434,700034166,700161743,64,2086424,17,457334,0,0
Bacteroides_caccae_53434,700034166,700161872,76,1965309,24,430379,0,0
Bacteroides_caccae_53434,700034166,700161967,96,1947574,19,426674,2,0
Bacteroides_caccae_53434,700034166,700171859,87,2085127,21,457142,0,0
Bacteroides_caccae_53434,700034166,700172279,95,2087435,15,457696,0,0
Bacteroides_caccae_53434,700034166,700172393,92,2084398,15,457002,0,0
Bacteroides_caccae_53434,700034166,700172498,97,2003805,23,439689,0,0
Bacteroides_caccae_53434,700034166,700173546,79,2007369,28,440502,0,0
Bacteroides_caccae_53434,700034166,ERR912014,81,2073331,21,454853,0,0
Bacteroides_caccae_53434,700034166,ERR912100,78,2001736,20,438710,0,0
Bacteroides_caccae_53434,700034166,ERR912124,76,2001867,19,438746,0,0
Bacteroides_caccae_53434,700034166,ERR912164,86,2088284,25,457831,0,0
Bacteroides_caccae_53434,700034926,700035533,87,2073081,21,454394,0,0
Bacteroides_caccae_53434,700034926,700038386,76,1973199,15,431170,0,0
Bacteroides_caccae_53434,700034926,700100600,66,1999141,18,438299,0,0
Bacteroides_caccae_53434,700034926,700101243,74,1999508,17,438470,0,0
Bacteroides_caccae_53434,700034926,700102659,67,1843742,17,404412,4,0
Bacteroides_caccae_53434,700034926,700111156,100,1956282,32,428875,0,0
Bacteroides_caccae_53434,700034926,700114480,82,1990163,21,435835,0,0
Bacteroides_caccae_53434,700034926,700161872,65,1961036,17,429284,0,0
Bacteroides_caccae_53434,700034926,700161967,100,1945998,16,426117,2,0
Bacteroides_caccae_53434,700034926,700172498,82,1998803,13,438376,0,0
Bacteroides_caccae_53434,700034926,700173546,71,2001122,21,438909,0,0
Bacteroides_caccae_53434,700034926,ERR912100,81,1999980,17,438109,2,0
Bacteroides_caccae_53434,700034926,ERR912124,78,1999149,16,437925,2,0
Bacteroides_caccae_53434,700034926,ERR912164,82,2079805,16,455862,0,0
Bacteroides_caccae_53434,700035533,700035861,67,2072689,22,454923,0,0
Bacteroides_caccae_53434,700035533,700037090,88,2079904,22,456011,0,0
Bacteroides_caccae_53434,700035533,700038386,95,1970816,24,430779,0,0
Bacteroides_caccae_53434,700035533,700100600,89,1997539,31,438127,0,0
Bacteroides_caccae_53434,700035533,700101243,96,1998159,30,438385,0,0
Bacteroides_caccae_53434,700035533,700102586,90,2080749,33,456181,0,0
Bacteroides_caccae_53434,700035533,700102659,88,1841241,29,404076,5,0
Bacteroides_caccae_53434,700035533,700105049,89,2081037,21,456264,0,0
Bacteroides_caccae_53434,700035533,700106836,100,2079277,29,455833,0,0
Bacteroides_caccae_53434,700035533,700111156,115,1956424,39,429017,0,0
Bacteroides_caccae_53434,700035533,700113867,88,2080933,27,456289,0,0
Bacteroides_caccae_53434,700035533,700114480,99,1988154,31,435540,0,0
Bacteroides_caccae_53434,700035533,700116296,84,2080642,22,456208,0,0
Bacteroides_caccae_53434,700035533,700161743,68,2080574,21,456084,0,0
Bacteroides_caccae_53434,700035533,700161872,78,1959837,28,429197,0,0
Bacteroides_caccae_53434,700035533,700161967,111,1940867,28,425220,2,0
Bacteroides_caccae_53434,700035533,700171859,98,2079404,27,455904,0,0
Bacteroides_caccae_53434,700035533,700172279,80,2081750,17,456468,0,0
Bacteroides_caccae_53434,700035533,700172393,78,2081062,20,456285,0,0
Bacteroides_caccae_53434,700035533,700172498,98,1997827,24,438392,0,0
Bacteroides_caccae_53434,700035533,700173546,91,2000268,35,438945,0,0
Bacteroides_caccae_53434,700035533,ERR912014,90,2065086,25,453063,0,0
Bacteroides_caccae_53434,700035533,ERR912100,90,1994724,26,437197,0,0
Bacteroides_caccae_53434,700035533,ERR912124,86,1993926,25,437021,0,0
Bacteroides_caccae_53434,700035533,ERR912164,89,2080787,29,456219,0,0
Bacteroides_caccae_53434,700035861,700038386,89,1977500,26,432753,0,0
Bacteroides_caccae_53434,700035861,700100600,82,2001963,30,439559,0,0
Bacteroides_caccae_53434,700035861,700101243,81,1997876,23,438741,0,0
Bacteroides_caccae_53434,700035861,700102659,73,1843050,18,404784,4,0
Bacteroides_caccae_53434,700035861,700111156,107,1959361,33,430166,0,0
Bacteroides_caccae_53434,700035861,700114480,90,1990088,30,436461,0,0
Bacteroides_caccae_53434,700035861,700161872,70,1959451,20,429543,0,0
Bacteroides_caccae_53434,700035861,700161967,98,1941510,17,425793,0,0
Bacteroides_caccae_53434,700035861,700172498,92,2001830,23,439749,0,0
Bacteroides_caccae_53434,700035861,700173546,83,2005703,36,440639,0,0
Bacteroides_caccae_53434,700035861,ERR912100,76,1995348,18,437787,0,0
Bacteroides_caccae_53434,700035861,ERR912124,76,1995863,19,437915,0,0
Bacteroides_caccae_53434,700037008,ERR912173,131,1348942,25,295232,13,0
Bacteroides_caccae_53434,700037090,700038386,79,1981678,16,433146,0,0
Bacteroides_caccae_53434,700037090,700100600,71,2005691,19,439881,0,0
Bacteroides_caccae_53434,700037090,700101243,80,2004380,21,439705,0,0
Bacteroides_caccae_53434,700037090,700102659,67,1848745,15,405696,4,0
Bacteroides_caccae_53434,700037090,700111156,95,1966541,29,431253,0,0
Bacteroides_caccae_53434,700037090,700114480,83,1994323,20,436849,0,0
Bacteroides_caccae_53434,700037090,700161872,66,1966708,17,430644,0,0
Bacteroides_caccae_53434,700037090,700161967,90,1948179,14,426783,2,0
Bacteroides_caccae_53434,700037090,700172498,88,2006783,13,440351,0,0
Bacteroides_caccae_53434,700037090,700173546,76,2010670,26,441226,0,0
Bacteroides_caccae_53434,700037090,ERR912100,75,2003116,15,438984,0,0
Bacteroides_caccae_53434,700037090,ERR912124,73,2006927,16,439797,2,0
Bacteroides_caccae_53434,700037090,ERR912164,82,2089351,16,458051,0,0
Bacteroides_caccae_53434,700037405,700037852,132,1963111,33,429744,0,0
Bacteroides_caccae_53434,700037405,700038072,90,1957741,26,428937,0,0
Bacteroides_caccae_53434,700037405,700095058,106,1926193,25,422270,3,0
Bacteroides_caccae_53434,700037405,700113114,95,1937673,32,424517,0,0
Bacteroides_caccae_53434,700037405,700114218,129,1970788,44,431745,2,0
Bacteroides_caccae_53434,700037405,ERR912168,108,1890609,38,414439,0,0
Bacteroides_caccae_53434,700037632,700038702,109,2043353,30,447909,0,0
Bacteroides_caccae_53434,700037632,700103477,111,2043227,28,447877,6,0
Bacteroides_caccae_53434,700037632,700105613,78,2079553,25,455628,2,0
Bacteroides_caccae_53434,700037632,700108218,142,2043852,34,447987,3,0
Bacteroides_caccae_53434,700037632,700116730,165,2043680,37,447971,2,0
Bacteroides_caccae_53434,700037632,700161429,89,2077443,21,455161,2,0
Bacteroides_caccae_53434,700037632,ERR912052,85,2080690,24,455879,2,0
Bacteroides_caccae_53434,700037632,ERR912071,75,2080165,22,455751,2,0
Bacteroides_caccae_53434,700037632,ERR912087,170,2047623,49,448792,2,0
Bacteroides_caccae_53434,700037632,ERR912107,172,2037545,45,446704,2,0
Bacteroides_caccae_53434,700037632,ERR912117,181,2048429,42,448949,2,0
Bacteroides_caccae_53434,700037632,ERR912122,183,2047507,46,448761,2,0
Bacteroides_caccae_53434,700037632,ERR912144,175,2045963,49,448463,2,0
Bacteroides_caccae_53434,700037632,ERR912148,113,2045612,32,448378,2,0
Bacteroides_caccae_53434,700037632,ERR912178,162,2046040,42,448497,2,0
Bacteroides_caccae_53434,700037632,ERR912189,177,2048640,43,449004,2,0
Bacteroides_caccae_53434,700037649,700105685,143,1857341,31,407803,4,0
Bacteroides_caccae_53434,700037738,ERR912011,142,2087809,33,457319,0,0
Bacteroides_caccae_53434,700037852,700038072,136,1891783,46,414002,2,0
Bacteroides_caccae_53434,700037852,700095058,88,2058953,14,451604,0,0
Bacteroides_caccae_53434,700037852,700113114,119,1842495,33,403208,0,0
Bacteroides_caccae_53434,700037852,ERR912168,88,2026384,19,444426,0,0
Bacteroides_caccae_53434,700038072,700095058,110,1871118,35,409955,3,0
Bacteroides_caccae_53434,700038072,700113114,74,2026580,19,444510,0,0
Bacteroides_caccae_53434,700038072,700114218,127,1889482,51,413688,2,0
Bacteroides_caccae_53434,700038072,ERR912168,107,1844845,49,404194,2,0
Bacteroides_caccae_53434,700038386,700102586,82,1980961,25,432978,0,0
Bacteroides_caccae_53434,700038386,700102659,83,1827342,26,399487,4,0
Bacteroides_caccae_53434,700038386,700105049,80,1978385,15,432411,0,0
Bacteroides_caccae_53434,700038386,700106836,97,1982481,31,433314,0,0
Bacteroides_caccae_53434,700038386,700111156,100,1859039,35,406451,0,0
Bacteroides_caccae_53434,700038386,700113867,81,1978056,20,432356,0,0
Bacteroides_caccae_53434,700038386,700116296,76,1977965,16,432343,0,0
Bacteroides_caccae_53434,700038386,700161743,68,1980884,23,432912,0,0
Bacteroides_caccae_53434,700038386,700161872,79,1950323,25,425912,0,0
Bacteroides_caccae_53434,700038386,700161967,101,1964396,10,428778,0,0
Bacteroides_caccae_53434,700038386,700171859,84,1978733,21,432486,0,0
Bacteroides_caccae_53434,700038386,700172279,96,1979249,14,432619,0,0
Bacteroides_caccae_53434,700038386,700172393,101,1980639,27,432915,0,0
Bacteroides_caccae_53434,700038386,700173546,58,2060492,20,449979,0,0
Bacteroides_caccae_53434,700038386,ERR912014,76,1980121,18,432824,0,0
Bacteroides_caccae_53434,700038386,ERR912100,79,2018665,13,440773,0,0
Bacteroides_caccae_53434,700038386,ERR912124,74,2019590,13,440981,0,0
Bacteroides_caccae_53434,700038386,ERR912164,87,1979838,19,432707,0,0
Bacteroides_caccae_53434,700038472,700114082,112,1952001,33,426996,6,0
Bacteroides_caccae_53434,700038472,SRR413615,112,1493938,33,327372,10,0
Bacteroides_caccae_53434,700038702,700103477,107,2091195,20,458512,4,0
Bacteroides_caccae_53434,700038702,700105613,114,2056827,26,451183,0,0
Bacteroides_caccae_53434,700038702,700108218,134,2091848,31,458648,0,0
Bacteroides_caccae_53434,700038702,700116730,163,2091272,31,458552,0,0
Bacteroides_caccae_53434,700038702,700161429,126,2053235,22,450380,0,0
Bacteroides_caccae_53434,700038702,ERR912052,117,2057049,31,451225,0,0
Bacteroides_caccae_53434,700038702,ERR912071,111,2055979,20,451003,0,0
Bacteroides_caccae_53434,700038702,ERR912107,170,2084221,39,457061,0,0
Bacteroides_caccae_53434,700038702,ERR912117,167,2092642,35,458816,0,0
Bacteroides_caccae_53434,700038702,ERR912148,91,2092254,23,458744,0,0
Bacteroides_caccae_53434,700038702,ERR912178,161,2092755,37,458864,0,0
Bacteroides_caccae_53434,700038702,ERR912189,167,2092788,38,458862,0,0
Bacteroides_caccae_53434,700038806,700106754,116,2063439,22,452601,0,0
Bacteroides_caccae_53434,700038806,ERR912136,115,2048743,25,449321,0,0
Bacteroides_caccae_53434,700038806,ERR912162,98,1923418,30,421462,2,0
Bacteroides_caccae_53434,700095058,700113114,97,1827736,31,400413,3,0
Bacteroides_caccae_53434,700095058,700114218,82,2062743,28,452800,0,0
Bacteroides_caccae_53434,700095058,ERR912168,64,2008592,21,441137,0,0
Bacteroides_caccae_53434,700096865,700114000,150,1946141,52,426059,5,0
Bacteroides_caccae_53434,700096865,pluto3-11-30-0_,156,1987338,53,435615,5,0
Bacteroides_caccae_53434,700097291,700171648,117,1752191,31,383615,6,0
Bacteroides_caccae_53434,700097291,ERR911970,87,2067887,20,453872,0,0
Bacteroides_caccae_53434,700097291,ERR912037,104,1316545,28,288337,0,0
Bacteroides_caccae_53434,700097291,SRR2822459,84,2068623,17,454055,0,0
Bacteroides_caccae_53434,700099886,700116668,113,1509722,49,330974,17,0
Bacteroides_caccae_53434,700099886,ERR912059,103,1510481,39,330809,14,0
Bacteroides_caccae_53434,700099886,ERR912175,116,1503630,43,329609,14,0
Bacteroides_caccae_53434,700100022,700117682,62,1978856,14,433435,2,0
Bacteroides_caccae_53434,700100600,700102586,73,2006622,30,440095,0,0
Bacteroides_caccae_53434,700100600,700102659,65,1849609,22,405759,4,0
Bacteroides_caccae_53434,700100600,700105049,71,2004988,20,439731,0,0
Bacteroides_caccae_53434,700100600,700106836,81,2005389,29,439782,0,0
Bacteroides_caccae_53434,700100600,700111156,95,1882462,37,412955,0,0
Bacteroides_caccae_53434,700100600,700113867,73,2004976,23,439760,0,0
Bacteroides_caccae_53434,700100600,700116296,68,2004690,21,439679,0,0
Bacteroides_caccae_53434,700100600,700161743,52,2004912,20,439655,0,0
Bacteroides_caccae_53434,700100600,700161872,73,1978573,28,433615,0,0
Bacteroides_caccae_53434,700100600,700161967,88,1990373,14,435910,0,0
Bacteroides_caccae_53434,700100600,700171859,77,2003922,27,439483,0,0
Bacteroides_caccae_53434,700100600,700172279,87,2006056,19,440000,0,0
Bacteroides_caccae_53434,700100600,700172393,86,2004968,23,439746,0,0
Bacteroides_caccae_53434,700100600,ERR912014,72,2004029,22,439516,0,0
Bacteroides_caccae_53434,700100600,ERR912100,69,2045190,16,448089,0,0
Bacteroides_caccae_53434,700100600,ERR912124,66,2044908,18,448029,0,0
Bacteroides_caccae_53434,700100600,ERR912164,79,2006232,23,440018,0,0
Bacteroides_caccae_53434,700101243,700102586,80,2005400,31,439938,0,0
Bacteroides_caccae_53434,700101243,700102659,73,1848922,24,405723,4,0
Bacteroides_caccae_53434,700101243,700105049,83,2005686,20,439998,0,0
Bacteroides_caccae_53434,700101243,700106836,89,2003897,28,439586,0,0
Bacteroides_caccae_53434,700101243,700111156,101,1881010,40,412762,0,0
Bacteroides_caccae_53434,700101243,700113867,79,2005401,24,439980,0,0
Bacteroides_caccae_53434,700101243,700116296,81,2007472,28,440413,0,0
Bacteroides_caccae_53434,700101243,700161743,68,2007803,28,440399,0,0
Bacteroides_caccae_53434,700101243,700161872,76,1977107,28,433392,0,0
Bacteroides_caccae_53434,700101243,700161967,95,1989997,15,435992,0,0
Bacteroides_caccae_53434,700101243,700171859,87,2004089,26,439669,0,0
Bacteroides_caccae_53434,700101243,700172279,96,2006318,19,440182,0,0
Bacteroides_caccae_53434,700101243,700172393,96,2005594,24,440005,0,0
Bacteroides_caccae_53434,700101243,ERR912014,81,2002895,23,439405,0,0
Bacteroides_caccae_53434,700101243,ERR912100,77,2044438,18,448063,0,0
Bacteroides_caccae_53434,700101243,ERR912124,74,2044133,18,448001,0,0
Bacteroides_caccae_53434,700101243,ERR912164,84,2005474,27,439971,0,0
Bacteroides_caccae_53434,700102586,700102659,75,1849463,25,405854,4,0
Bacteroides_caccae_53434,700102586,700111156,104,1965536,40,431000,0,0
Bacteroides_caccae_53434,700102586,700114480,91,1996871,35,437417,0,0
Bacteroides_caccae_53434,700102586,700161872,65,1958207,21,428743,0,0
Bacteroides_caccae_53434,700102586,700161967,102,1948798,25,426931,2,0
Bacteroides_caccae_53434,700102586,700172498,85,2005625,24,440067,0,0
Bacteroides_caccae_53434,700102586,700173546,87,2011926,45,441474,0,0
Bacteroides_caccae_53434,700102586,ERR912100,84,2003811,24,439152,0,0
Bacteroides_caccae_53434,700102586,ERR912124,82,2007131,25,439845,2,0
Bacteroides_caccae_53434,700102659,700105049,69,1848500,15,405648,4,0
Bacteroides_caccae_53434,700102659,700106836,81,1848249,24,405555,4,0
Bacteroides_caccae_53434,700102659,700111156,87,1725114,29,378682,4,0
Bacteroides_caccae_53434,700102659,700113867,67,1848633,16,405720,4,0
Bacteroides_caccae_53434,700102659,700114480,83,1839369,24,403036,4,0
Bacteroides_caccae_53434,700102659,700116296,67,1848499,17,405672,4,0
Bacteroides_caccae_53434,700102659,700161743,56,1848238,16,405510,4,0
Bacteroides_caccae_53434,700102659,700161872,75,1867718,18,409625,9,0
Bacteroides_caccae_53434,700102659,700161967,92,1784294,18,391208,6,0
Bacteroides_caccae_53434,700102659,700171859,69,1847294,20,405388,4,0
Bacteroides_caccae_53434,700102659,700172279,89,1849553,15,405939,4,0
Bacteroides_caccae_53434,700102659,700172393,89,1848548,20,405695,4,0
Bacteroides_caccae_53434,700102659,700172498,84,1843830,23,404675,0,0
Bacteroides_caccae_53434,700102659,700173546,73,1852174,29,406544,4,0
Bacteroides_caccae_53434,700102659,ERR912014,76,1847001,18,405327,4,0
Bacteroides_caccae_53434,700102659,ERR912100,72,1838487,18,403248,4,0
Bacteroides_caccae_53434,700102659,ERR912124,74,1838251,18,403212,4,0
Bacteroides_caccae_53434,700102659,ERR912164,75,1849348,20,405835,4,0
Bacteroides_caccae_53434,700103477,700105613,112,2056558,24,451125,4,0
Bacteroides_caccae_53434,700103477,700108218,139,2091396,31,458535,4,0
Bacteroides_caccae_53434,700103477,700116730,162,2090818,33,458424,4,0
Bacteroides_caccae_53434,700103477,700161429,127,2052971,20,450315,4,0
Bacteroides_caccae_53434,700103477,ERR912052,117,2056303,20,451073,4,0
Bacteroides_caccae_53434,700103477,ERR912071,111,2055532,16,450904,4,0
Bacteroides_caccae_53434,700103477,ERR912087,160,2092117,40,458717,4,0
Bacteroides_caccae_53434,700103477,ERR912107,173,2084068,41,457017,4,0
Bacteroides_caccae_53434,700103477,ERR912117,169,2092267,33,458734,4,0
Bacteroides_caccae_53434,700103477,ERR912122,173,2091448,38,458573,4,0
Bacteroides_caccae_53434,700103477,ERR912144,175,2092755,41,458850,4,0
Bacteroides_caccae_53434,700103477,ERR912148,112,2092125,26,458686,4,0
Bacteroides_caccae_53434,700103477,ERR912178,163,2092660,37,458844,4,0
Bacteroides_caccae_53434,700103477,ERR912189,167,2092716,38,458843,4,0
Bacteroides_caccae_53434,700105049,700111156,101,1964013,30,430671,0,0
Bacteroides_caccae_53434,700105049,700114480,87,1997709,29,437618,0,0
Bacteroides_caccae_53434,700105049,700161872,64,1967483,16,430825,0,0
Bacteroides_caccae_53434,700105049,700161967,96,1947401,14,426638,0,0
Bacteroides_caccae_53434,700105049,700172498,89,2005532,14,440047,0,0
Bacteroides_caccae_53434,700105049,700173546,73,2008022,25,440613,0,0
Bacteroides_caccae_53434,700105049,ERR912100,84,2004822,20,439299,0,0
Bacteroides_caccae_53434,700105049,ERR912124,79,2004626,15,439304,2,0
Bacteroides_caccae_53434,700105613,700108218,140,2057329,31,451284,0,0
Bacteroides_caccae_53434,700105613,700116730,161,2055439,33,450878,0,0
Bacteroides_caccae_53434,700105613,ERR912087,161,2055921,42,450985,0,0
Bacteroides_caccae_53434,700105613,ERR912107,170,2049733,42,449694,0,0
Bacteroides_caccae_53434,700105613,ERR912117,170,2056795,36,451152,0,0
Bacteroides_caccae_53434,700105613,ERR912122,182,2058254,41,451448,0,0
Bacteroides_caccae_53434,700105613,ERR912144,173,2056799,44,451172,0,0
Bacteroides_caccae_53434,700105613,ERR912148,109,2057700,26,451357,0,0
Bacteroides_caccae_53434,700105613,ERR912178,163,2056923,37,451210,0,0
Bacteroides_caccae_53434,700105613,ERR912189,169,2056968,37,451204,0,0
Bacteroides_caccae_53434,700106229,700114000,157,1963575,60,429460,5,0
Bacteroides_caccae_53434,700106229,pluto3-11-30-0_,159,1996385,56,437083,3,0
Bacteroides_caccae_53434,700106754,700113975,110,2054304,26,450656,0,0
Bacteroides_caccae_53434,700106754,ERR912136,141,2031976,25,445759,0,0
Bacteroides_caccae_53434,700106754,ERR912162,98,1948118,28,426701,0,0
Bacteroides_caccae_53434,700106836,700111156,115,1965652,38,431036,0,0
Bacteroides_caccae_53434,700106836,700114480,102,1996282,37,437277,0,0
Bacteroides_caccae_53434,700106836,700161872,79,1966398,26,430533,3,0
Bacteroides_caccae_53434,700106836,700161967,109,1947340,22,426581,2,0
Bacteroides_caccae_53434,700106836,700172498,104,2008135,30,440634,0,0
Bacteroides_caccae_53434,700106836,700173546,82,2009623,28,440974,0,0
Bacteroides_caccae_53434,700106836,ERR912100,91,2002228,24,438764,0,0
Bacteroides_caccae_53434,700106836,ERR912124,89,2004992,23,439328,2,0
Bacteroides_caccae_53434,700106836,ERR912164,85,2088308,21,457790,0,0
Bacteroides_caccae_53434,700108218,700161429,155,2053595,27,450425,0,0
Bacteroides_caccae_53434,700108218,ERR912052,146,2057031,32,451204,0,0
Bacteroides_caccae_53434,700108218,ERR912071,135,2056322,27,451036,0,0
Bacteroides_caccae_53434,700108218,ERR912122,193,2091842,39,458633,0,0
Bacteroides_caccae_53434,700111156,700113867,99,1963974,34,430690,0,0
Bacteroides_caccae_53434,700111156,700114480,109,1871428,38,410051,0,0
Bacteroides_caccae_53434,700111156,700116296,96,1963664,31,430626,0,0
Bacteroides_caccae_53434,700111156,700161743,83,1963760,30,430518,0,0
Bacteroides_caccae_53434,700111156,700161872,86,1842818,35,403569,0,0
Bacteroides_caccae_53434,700111156,700161967,111,1825009,36,399863,0,0
Bacteroides_caccae_53434,700111156,700171859,108,1964551,37,430810,0,0
Bacteroides_caccae_53434,700111156,700172279,119,1964966,28,430907,0,0
Bacteroides_caccae_53434,700111156,700172393,117,1963984,30,430671,0,0
Bacteroides_caccae_53434,700111156,700172498,105,1882755,31,413255,0,0
Bacteroides_caccae_53434,700111156,700173546,95,1887229,40,414235,0,0
Bacteroides_caccae_53434,700111156,ERR912014,98,1951803,31,428300,0,0
Bacteroides_caccae_53434,700111156,ERR912100,95,1879160,34,411905,0,0
Bacteroides_caccae_53434,700111156,ERR912124,93,1881896,35,412475,2,0
Bacteroides_caccae_53434,700111156,ERR912164,109,1965583,35,430990,0,0
Bacteroides_caccae_53434,700112490,ERR912055,139,1361570,40,298391,6,0
Bacteroides_caccae_53434,700113114,700114218,121,1861040,55,407378,2,0
Bacteroides_caccae_53434,700113114,ERR912168,95,1821987,43,399195,2,0
Bacteroides_caccae_53434,700113867,700114480,87,1995263,24,437105,0,0
Bacteroides_caccae_53434,700113867,700161872,63,1959035,14,428965,3,0
Bacteroides_caccae_53434,700113867,700161967,88,1947485,14,426693,0,0
Bacteroides_caccae_53434,700113867,700172498,85,2005561,17,440094,0,0
Bacteroides_caccae_53434,700113867,700173546,76,2007943,30,440639,0,0
Bacteroides_caccae_53434,700113867,ERR912100,76,2002299,15,438876,0,0
Bacteroides_caccae_53434,700113867,ERR912124,67,1995195,12,437237,2,0
Bacteroides_caccae_53434,700113975,ERR912136,116,2038005,28,446967,0,0
Bacteroides_caccae_53434,700113975,ERR912162,93,1914710,33,419614,2,0
Bacteroides_caccae_53434,700114000,pluto3-11-30-0_,140,2068523,48,453271,2,0
Bacteroides_caccae_53434,700114082,SRR413615,151,1731188,53,379185,13,0
Bacteroides_caccae_53434,700114218,ERR912168,85,2031802,33,445951,0,0
Bacteroides_caccae_53434,700114480,700116296,79,1995065,22,437067,0,0
Bacteroides_caccae_53434,700114480,700161743,68,1995153,21,436997,0,0
Bacteroides_caccae_53434,700114480,700161872,81,1964583,20,430017,0,0
Bacteroides_caccae_53434,700114480,700161967,102,1980148,19,433190,0,0
Bacteroides_caccae_53434,700114480,700171859,92,1993906,27,436768,0,0
Bacteroides_caccae_53434,700114480,700172279,102,1996110,20,437289,0,0
Bacteroides_caccae_53434,700114480,700172393,106,1997667,33,437623,0,0
Bacteroides_caccae_53434,700114480,700173546,60,2072396,26,453562,0,0
Bacteroides_caccae_53434,700114480,ERR912014,80,1993695,23,436719,0,0
Bacteroides_caccae_53434,700114480,ERR912100,81,2033846,18,445088,0,0
Bacteroides_caccae_53434,700114480,ERR912124,81,2033624,20,445048,0,0
Bacteroides_caccae_53434,700114480,ERR912164,94,1995957,27,437228,3,0
Bacteroides_caccae_53434,700116201,700164050,136,1768954,23,386892,10,0
Bacteroides_caccae_53434,700116296,700161872,60,1967140,19,430782,0,0
Bacteroides_caccae_53434,700116296,700161967,91,1947126,15,426593,2,0
Bacteroides_caccae_53434,700116296,700172498,82,2005160,15,439995,0,0
Bacteroides_caccae_53434,700116296,700173546,66,2007309,23,440498,0,0
Bacteroides_caccae_53434,700116296,ERR912100,75,2001879,17,438753,0,0
Bacteroides_caccae_53434,700116296,ERR912124,74,2004300,16,439258,2,0
Bacteroides_caccae_53434,700116296,ERR912164,74,2087792,16,457742,0,0
Bacteroides_caccae_53434,700116668,ERR912037,94,1420786,32,312137,15,0
Bacteroides_caccae_53434,700116668,ERR912059,56,1966659,19,431151,6,0
Bacteroides_caccae_53434,700116730,700161429,178,2052945,30,450316,0,0
Bacteroides_caccae_53434,700116730,ERR912052,171,2056367,34,451081,0,0
Bacteroides_caccae_53434,700116730,ERR912071,162,2055667,30,450926,0,0
Bacteroides_caccae_53434,700116730,ERR912087,106,2090867,16,458462,0,0
Bacteroides_caccae_53434,700116730,ERR912122,111,2091137,18,458503,0,0
Bacteroides_caccae_53434,700116730,ERR912144,117,2091406,15,458571,0,0
Bacteroides_caccae_53434,700116730,ERR912189,112,2091831,13,458659,0,0
Bacteroides_caccae_53434,700122408,ERR912074,152,1467888,63,321285,17,0
Bacteroides_caccae_53434,700161429,ERR912087,184,2050510,35,449775,0,0
Bacteroides_caccae_53434,700161429,ERR912107,187,2047803,37,449242,0,0
Bacteroides_caccae_53434,700161429,ERR912117,183,2056237,33,451019,0,0
Bacteroides_caccae_53434,700161429,ERR912122,200,2058786,38,451552,0,0
Bacteroides_caccae_53434,700161429,ERR912144,187,2056302,41,451041,0,0
Bacteroides_caccae_53434,700161429,ERR912148,126,2055848,22,450920,0,0
Bacteroides_caccae_53434,700161429,ERR912178,178,2056345,34,451058,0,0
Bacteroides_caccae_53434,700161429,ERR912189,187,2057347,34,451277,0,0
Bacteroides_caccae_53434,700161533,ERR911971,168,1434633,57,313914,16,0
Bacteroides_caccae_53434,700161743,700161872,43,1967206,16,430690,0,0
Bacteroides_caccae_53434,700161743,700161967,83,1947870,14,426676,2,0
Bacteroides_caccae_53434,700161743,700172498,65,2005426,14,439941,0,0
Bacteroides_caccae_53434,700161743,700173546,65,2010138,33,440993,0,0
Bacteroides_caccae_53434,700161743,ERR912100,61,2002486,15,438779,0,0
Bacteroides_caccae_53434,700161743,ERR912124,58,2001597,14,438592,0,0
Bacteroides_caccae_53434,700161872,700161967,91,1939800,22,424941,4,0
Bacteroides_caccae_53434,700161872,700171859,74,1966422,24,430603,0,0
Bacteroides_caccae_53434,700161872,700172279,81,1968569,17,431117,0,0
Bacteroides_caccae_53434,700161872,700172393,78,1967655,22,430909,0,0
Bacteroides_caccae_53434,700161872,700172498,77,1974967,13,433015,0,0
Bacteroides_caccae_53434,700161872,700173546,76,1979697,34,434053,0,0
Bacteroides_caccae_53434,700161872,ERR912014,70,1954343,19,428202,0,0
Bacteroides_caccae_53434,700161872,ERR912100,72,1993647,17,436925,2,0
Bacteroides_caccae_53434,700161872,ERR912124,68,1993291,18,436844,2,0
Bacteroides_caccae_53434,700161872,ERR912164,72,1968235,25,430986,3,0
Bacteroides_caccae_53434,700161967,700171859,105,1946682,16,426471,2,0
Bacteroides_caccae_53434,700161967,700172279,112,1949098,17,427053,2,0
Bacteroides_caccae_53434,700161967,700172393,109,1948162,19,426830,2,0
Bacteroides_caccae_53434,700161967,700172498,104,1989791,8,436013,2,0
Bacteroides_caccae_53434,700161967,700173546,94,1993850,17,436900,2,0
Bacteroides_caccae_53434,700161967,ERR912014,99,1937421,15,424681,0,0
Bacteroides_caccae_53434,700161967,ERR912100,75,2037688,8,446563,2,0
Bacteroides_caccae_53434,700161967,ERR912124,74,2028363,9,444349,2,0
Bacteroides_caccae_53434,700161967,ERR912164,100,1949956,17,427184,0,0
Bacteroides_caccae_53434,700171648,ERR911970,121,1822017,40,398771,6,0
Bacteroides_caccae_53434,700171648,SRR2822459,115,1820472,27,398486,6,0
Bacteroides_caccae_53434,700171859,700172498,95,2006126,20,440229,0,0
Bacteroides_caccae_53434,700171859,700173546,83,2008409,28,440740,0,0
Bacteroides_caccae_53434,700171859,ERR912100,86,2001426,20,438637,0,0
Bacteroides_caccae_53434,700171859,ERR912124,84,2004056,19,439177,2,0
Bacteroides_caccae_53434,700171859,ERR912164,93,2087331,21,457617,0,0
Bacteroides_caccae_53434,700172279,700172498,103,2006748,13,440372,0,0
Bacteroides_caccae_53434,700172279,700173546,90,1989016,17,436434,0,0
Bacteroides_caccae_53434,700172279,ERR912100,93,2003535,15,439150,0,0
Bacteroides_caccae_53434,700172279,ERR912124,90,2002585,14,438942,0,0
Bacteroides_caccae_53434,700172393,700172498,104,2008115,25,440641,0,0
Bacteroides_caccae_53434,700172393,700173546,89,1975041,20,433371,0,0
Bacteroides_caccae_53434,700172393,ERR912100,91,2002433,17,438883,0,0
Bacteroides_caccae_53434,700172393,ERR912124,87,2001662,17,438704,0,0
Bacteroides_caccae_53434,700172498,ERR912014,88,2005125,15,440017,0,0
Bacteroides_caccae_53434,700172498,ERR912100,84,2044824,10,448258,0,0
Bacteroides_caccae_53434,700172498,ERR912124,82,2044873,12,448264,0,0
Bacteroides_caccae_53434,700172498,ERR912164,89,2005692,18,440100,0,0
Bacteroides_caccae_53434,700173546,ERR912014,73,2008897,28,440855,0,0
Bacteroides_caccae_53434,700173546,ERR912100,74,2048122,20,448992,0,0
Bacteroides_caccae_53434,700173546,ERR912124,72,2048228,20,449014,0,0
Bacteroides_caccae_53434,700173546,ERR912164,79,2009793,29,441018,0,0
Bacteroides_caccae_53434,ERR911970,ERR912037,102,1324066,32,289901,5,0
Bacteroides_caccae_53434,ERR912014,ERR912100,83,1992368,17,436864,0,0
Bacteroides_caccae_53434,ERR912014,ERR912124,81,1996185,18,437690,2,0
Bacteroides_caccae_53434,ERR912037,ERR912059,94,1426907,26,313487,16,0
Bacteroides_caccae_53434,ERR912037,ERR912175,102,1416870,33,311172,15,0
Bacteroides_caccae_53434,ERR912052,ERR912087,178,2061665,44,452208,0,0
Bacteroides_caccae_53434,ERR912052,ERR912107,175,2051468,41,450078,0,0
Bacteroides_caccae_53434,ERR912052,ERR912117,178,2059940,33,451843,0,0
Bacteroides_caccae_53434,ERR912052,ERR912122,192,2061452,42,452161,0,0
Bacteroides_caccae_53434,ERR912052,ERR912144,181,2059961,45,451868,0,0
Bacteroides_caccae_53434,ERR912052,ERR912148,119,2059555,25,451753,0,0
Bacteroides_caccae_53434,ERR912052,ERR912178,171,2060006,34,451883,0,0
Bacteroides_caccae_53434,ERR912052,ERR912189,187,2062593,39,452395,0,0
Bacteroides_caccae_53434,ERR912059,ERR912175,68,1961598,18,429984,4,0
Bacteroides_caccae_53434,ERR912071,ERR912087,169,2060795,40,452016,0,0
Bacteroides_caccae_53434,ERR912071,ERR912107,168,2050635,36,449897,0,0
Bacteroides_caccae_53434,ERR912071,ERR912117,167,2059170,33,451680,0,0
Bacteroides_caccae_53434,ERR912071,ERR912122,182,2060745,38,452001,0,0
Bacteroides_caccae_53434,ERR912071,ERR912144,171,2059178,42,451701,0,0
Bacteroides_caccae_53434,ERR912071,ERR912148,112,2058788,22,451591,0,0
Bacteroides_caccae_53434,ERR912071,ERR912178,160,2059267,35,451722,0,0
Bacteroides_caccae_53434,ERR912071,ERR912189,168,2059332,35,451724,0,0
Bacteroides_caccae_53434,ERR912087,ERR912107,112,2085947,25,457448,0,0
Bacteroides_caccae_53434,ERR912087,ERR912122,115,2094547,26,459279,0,0
Bacteroides_caccae_53434,ERR912100,ERR912164,83,2004247,18,439246,0,0
Bacteroides_caccae_53434,ERR912107,ERR912122,115,2086232,23,457497,0,0
Bacteroides_caccae_53434,ERR912107,ERR912178,121,2086948,23,457672,0,0
Bacteroides_caccae_53434,ERR912117,ERR912122,131,2094716,25,459273,0,0
Bacteroides_caccae_53434,ERR912122,ERR912148,176,2094290,44,459174,0,0
Bacteroides_caccae_53434,ERR912122,ERR912178,123,2094926,26,459339,0,0
Bacteroides_caccae_53434,ERR912122,ERR912189,117,2095861,23,459549,0,0
Bacteroides_caccae_53434,ERR912124,ERR912164,82,2006719,17,439757,2,0
Bacteroides_caccae_53434,ERR912136,ERR912162,132,1909870,40,418588,0,0
Bacteroides_caccae_53434,SRR2822459,ERR912037,107,1326128,33,290419,0,0
Bacteroides_caccae_53434,700016765,ERR912152,17,2046386,13,449112,0,0
Bacteroides_caccae_53434,700021361,700114000,6,2090241,6,458278,0,0
Bacteroides_caccae_53434,700021902,700023919,73,2090427,9,458310,0,0
Bacteroides_caccae_53434,700021902,700024437,64,2089017,6,457927,0,0
Bacteroides_caccae_53434,700021902,700038386,65,2062225,10,450328,0,0
Bacteroides_caccae_53434,700021902,700100600,57,2086663,14,457220,0,0
Bacteroides_caccae_53434,700021902,700101243,64,2085344,13,457066,0,0
Bacteroides_caccae_53434,700021902,700114480,53,2074800,14,454092,0,0
Bacteroides_caccae_53434,700021902,700172498,75,2085929,8,457282,0,0
Bacteroides_caccae_53434,700021902,700173546,62,2089650,19,458111,0,0
Bacteroides_caccae_53434,700023919,700024437,84,2088668,11,457852,0,0
Bacteroides_caccae_53434,700023919,700038386,68,2060029,14,449863,0,0
Bacteroides_caccae_53434,700023919,700100600,61,2085460,18,456972,0,0
Bacteroides_caccae_53434,700023919,700101243,70,2085046,15,456988,0,0
Bacteroides_caccae_53434,700023919,700114480,74,2074677,20,454071,0,0
Bacteroides_caccae_53434,700023919,700172498,79,2085401,10,457161,0,0
Bacteroides_caccae_53434,700024437,700038386,76,2059077,12,449630,0,0
Bacteroides_caccae_53434,700024437,700100600,68,2084462,14,456711,0,0
Bacteroides_caccae_53434,700024437,700101243,78,2084401,16,456802,0,0
Bacteroides_caccae_53434,700024437,700114480,65,2074194,14,453950,0,0
Bacteroides_caccae_53434,700024437,700172498,87,2084436,8,456892,0,0
Bacteroides_caccae_53434,700024437,700173546,72,2086955,21,457472,0,0
Bacteroides_caccae_53434,700024615,700114218,104,2069151,42,453685,0,0
Bacteroides_caccae_53434,700033797,SRR2822459,92,2063153,22,452827,0,0
Bacteroides_caccae_53434,700033797,ERR911970,72,2063737,18,452938,0,0
Bacteroides_caccae_53434,700034926,700035861,76,2072499,15,454749,0,0
Bacteroides_caccae_53434,700034926,700037090,72,2079289,12,455737,0,0
Bacteroides_caccae_53434,700034926,700102586,74,2080170,22,455925,0,0
Bacteroides_caccae_53434,700034926,700105049,73,2080605,11,456030,0,0
Bacteroides_caccae_53434,700034926,700106836,88,2078817,19,455596,0,0
Bacteroides_caccae_53434,700034926,700113867,75,2080347,16,455990,0,0
Bacteroides_caccae_53434,700034926,700116296,68,2080174,11,455953,0,0
Bacteroides_caccae_53434,700034926,700161743,53,2080087,11,455856,0,0
Bacteroides_caccae_53434,700034926,700171859,79,2078956,17,455672,0,0
Bacteroides_caccae_53434,700034926,700172279,90,2081121,11,456176,0,0
Bacteroides_caccae_53434,700034926,700172393,91,2080469,16,456034,0,0
Bacteroides_caccae_53434,700034926,ERR912014,73,2067323,15,453326,0,0
Bacteroides_caccae_53434,700035861,700037090,78,2083911,14,457394,0,0
Bacteroides_caccae_53434,700035861,700102586,81,2082726,25,457108,0,0
Bacteroides_caccae_53434,700035861,700105049,76,2080183,15,456547,0,0
Bacteroides_caccae_53434,700035861,700106836,93,2082072,23,456949,0,0
Bacteroides_caccae_53434,700035861,700113867,79,2080255,19,456595,0,0
Bacteroides_caccae_53434,700035861,700116296,71,2079999,16,456526,0,0
Bacteroides_caccae_53434,700035861,700161743,57,2080219,15,456487,0,0
Bacteroides_caccae_53434,700035861,700171859,90,2080669,21,456687,0,0
Bacteroides_caccae_53434,700035861,700172279,74,2081309,11,456835,0,0
Bacteroides_caccae_53434,700035861,700172393,71,2080234,16,456587,0,0
Bacteroides_caccae_53434,700035861,ERR912014,82,2069042,17,454419,0,0
Bacteroides_caccae_53434,700035861,ERR912164,82,2082098,23,456959,0,0
Bacteroides_caccae_53434,700037090,700102586,77,2090303,21,458265,0,0
Bacteroides_caccae_53434,700037090,700105049,69,2087681,11,457669,0,0
Bacteroides_caccae_53434,700037090,700106836,87,2089583,19,458098,0,0
Bacteroides_caccae_53434,700037090,700113867,72,2087696,15,457734,0,0
Bacteroides_caccae_53434,700037090,700116296,63,2087412,12,457659,0,0
Bacteroides_caccae_53434,700037090,700161743,56,2087641,11,457576,0,0
Bacteroides_caccae_53434,700037090,700171859,81,2088399,17,457865,0,0
Bacteroides_caccae_53434,700037090,700172279,91,2088999,11,458019,0,0
Bacteroides_caccae_53434,700037090,700172393,92,2087906,15,457762,0,0
Bacteroides_caccae_53434,700037090,ERR912014,77,2076414,13,455547,0,0
Bacteroides_caccae_53434,700037852,700114218,113,2080697,28,456070,0,0
Bacteroides_caccae_53434,700038386,700100600,45,2059302,18,449672,0,0
Bacteroides_caccae_53434,700038386,700101243,64,2055921,18,448932,0,0
Bacteroides_caccae_53434,700038386,700114480,66,2053034,20,448189,0,0
Bacteroides_caccae_53434,700038386,700172498,73,2056754,12,449126,0,0
Bacteroides_caccae_53434,700038702,ERR912087,158,2092265,41,458742,0,0
Bacteroides_caccae_53434,700038702,ERR912122,173,2092280,43,458744,0,0
Bacteroides_caccae_53434,700038702,ERR912144,174,2093143,44,458934,0,0
Bacteroides_caccae_53434,700038806,700113975,68,2071667,19,454316,0,0
Bacteroides_caccae_53434,700096865,700106229,82,2075704,22,455566,0,0
Bacteroides_caccae_53434,700100600,700101243,54,2080973,22,455918,0,0
Bacteroides_caccae_53434,700100600,700114480,62,2072581,24,453556,0,0
Bacteroides_caccae_53434,700100600,700172498,64,2080603,15,455865,0,0
Bacteroides_caccae_53434,700100600,700173546,50,2084712,26,456796,0,0
Bacteroides_caccae_53434,700101243,700114480,70,2071273,24,453269,0,0
Bacteroides_caccae_53434,700101243,700172498,69,2080832,13,456057,0,0
Bacteroides_caccae_53434,700101243,700173546,60,2083209,25,456586,0,0
Bacteroides_caccae_53434,700102586,700105049,79,2088428,22,457841,0,0
Bacteroides_caccae_53434,700102586,700106836,91,2088512,30,457829,0,0
Bacteroides_caccae_53434,700102586,700113867,78,2088254,24,457858,0,0
Bacteroides_caccae_53434,700102586,700116296,73,2088036,23,457794,0,0
Bacteroides_caccae_53434,700102586,700161743,55,2088273,21,457723,0,0
Bacteroides_caccae_53434,700102586,700171859,86,2087157,28,457574,0,0
Bacteroides_caccae_53434,700102586,700172279,93,2089492,22,458126,0,0
Bacteroides_caccae_53434,700102586,700172393,90,2088588,25,457911,0,0
Bacteroides_caccae_53434,700102586,ERR912014,79,2075138,24,455232,0,0
Bacteroides_caccae_53434,700102586,ERR912164,83,2090199,28,458230,0,0
Bacteroides_caccae_53434,700105049,700106836,87,2087000,18,457498,0,0
Bacteroides_caccae_53434,700105049,700113867,75,2088580,16,457926,0,0
Bacteroides_caccae_53434,700105049,700116296,63,2088399,11,457885,0,0
Bacteroides_caccae_53434,700105049,700161743,48,2088267,8,457745,0,0
Bacteroides_caccae_53434,700105049,700171859,84,2087240,16,457595,0,0
Bacteroides_caccae_53434,700105049,700172279,89,2089508,10,458129,0,0
Bacteroides_caccae_53434,700105049,700172393,92,2088944,15,457990,0,0
Bacteroides_caccae_53434,700105049,ERR912014,76,2072594,14,454671,0,0
Bacteroides_caccae_53434,700105049,ERR912164,81,2088338,18,457826,0,0
Bacteroides_caccae_53434,700105613,700161429,94,2089409,16,458097,0,0
Bacteroides_caccae_53434,700105613,ERR912052,77,2092952,17,458908,0,0
Bacteroides_caccae_53434,700105613,ERR912071,69,2092254,15,458752,0,0
Bacteroides_caccae_53434,700106836,700113867,88,2086823,24,457496,0,0
Bacteroides_caccae_53434,700106836,700116296,80,2086558,19,457439,0,0
Bacteroides_caccae_53434,700106836,700161743,70,2086808,18,457377,0,0
Bacteroides_caccae_53434,700106836,700171859,97,2087546,24,457653,0,0
Bacteroides_caccae_53434,700106836,700172279,104,2088040,18,457778,0,0
Bacteroides_caccae_53434,700106836,700172393,107,2087034,23,457531,0,0
Bacteroides_caccae_53434,700106836,ERR912014,82,2074581,20,455098,0,0
Bacteroides_caccae_53434,700108218,700116730,183,2091984,30,458671,0,0
Bacteroides_caccae_53434,700108218,ERR912087,180,2092249,39,458726,0,0
Bacteroides_caccae_53434,700108218,ERR912107,190,2084708,36,457141,0,0
Bacteroides_caccae_53434,700108218,ERR912117,189,2093141,33,458891,0,0
Bacteroides_caccae_53434,700108218,ERR912144,195,2093069,41,458898,0,0
Bacteroides_caccae_53434,700108218,ERR912148,136,2092645,34,458785,0,0
Bacteroides_caccae_53434,700108218,ERR912178,182,2093255,35,458951,0,0
Bacteroides_caccae_53434,700108218,ERR912189,190,2093294,36,458944,0,0
Bacteroides_caccae_53434,700113867,700116296,70,2088259,17,457889,0,0
Bacteroides_caccae_53434,700113867,700161743,54,2088062,15,457719,0,0
Bacteroides_caccae_53434,700113867,700171859,81,2087107,20,457621,0,0
Bacteroides_caccae_53434,700113867,700172279,94,2089476,16,458168,0,0
Bacteroides_caccae_53434,700113867,700172393,93,2088703,18,457989,0,0
Bacteroides_caccae_53434,700113867,ERR912014,77,2072730,18,454744,0,0
Bacteroides_caccae_53434,700113867,ERR912164,78,2088462,22,457910,0,0
Bacteroides_caccae_53434,700114480,700172498,79,2070167,16,453034,0,0
Bacteroides_caccae_53434,700116296,700161743,51,2087700,11,457628,0,0
Bacteroides_caccae_53434,700116296,700171859,78,2086842,17,457544,0,0
Bacteroides_caccae_53434,700116296,700172279,86,2089180,11,458100,0,0
Bacteroides_caccae_53434,700116296,700172393,87,2088291,15,457876,0,0
Bacteroides_caccae_53434,700116296,ERR912014,71,2072410,15,454654,0,0
Bacteroides_caccae_53434,700116668,ERR912175,53,2092325,18,458811,0,0
Bacteroides_caccae_53434,700116730,ERR912107,113,2084057,18,457018,0,0
Bacteroides_caccae_53434,700116730,ERR912117,127,2092450,17,458758,0,0
Bacteroides_caccae_53434,700116730,ERR912148,165,2091941,35,458655,0,0
Bacteroides_caccae_53434,700116730,ERR912178,118,2092580,18,458825,0,0
Bacteroides_caccae_53434,700161429,ERR912052,97,2091030,15,458449,0,0
Bacteroides_caccae_53434,700161429,ERR912071,91,2090494,13,458330,0,0
Bacteroides_caccae_53434,700161743,700171859,63,2087113,16,457494,0,0
Bacteroides_caccae_53434,700161743,700172279,72,2089398,10,458034,0,0
Bacteroides_caccae_53434,700161743,700172393,69,2088357,14,457777,0,0
Bacteroides_caccae_53434,700161743,ERR912014,57,2073050,14,454689,0,0
Bacteroides_caccae_53434,700161743,ERR912164,61,2088829,17,457847,0,0
Bacteroides_caccae_53434,700165148,700175331,67,2083840,17,456758,0,0
Bacteroides_caccae_53434,700171859,700172279,102,2088436,16,457909,0,0
Bacteroides_caccae_53434,700171859,700172393,102,2087423,20,457658,0,0
Bacteroides_caccae_53434,700171859,ERR912014,83,2073787,20,454965,0,0
Bacteroides_caccae_53434,700172279,700172393,7,2089694,4,458210,0,0
Bacteroides_caccae_53434,700172279,ERR912014,94,2074040,14,455057,0,0
Bacteroides_caccae_53434,700172279,ERR912164,100,2089836,18,458222,0,0
Bacteroides_caccae_53434,700172393,ERR912014,94,2072906,19,454770,0,0
Bacteroides_caccae_53434,700172393,ERR912164,94,2088719,20,457941,0,0
Bacteroides_caccae_53434,700172498,700173546,66,2085469,19,457211,0,0
Bacteroides_caccae_53434,SRR2822459,ERR911970,80,2079929,23,456355,0,0
Bacteroides_caccae_53434,ERR912014,ERR912164,77,2075107,20,455241,0,0
Bacteroides_caccae_53434,ERR912052,ERR912071,75,2093969,14,459126,0,0
Bacteroides_caccae_53434,ERR912086,mickey4-11-0-0_,81,2085923,14,457217,0,0
Bacteroides_caccae_53434,ERR912087,ERR912117,122,2095178,26,459369,0,0
Bacteroides_caccae_53434,ERR912087,ERR912144,102,2095351,14,459429,0,0
Bacteroides_caccae_53434,ERR912087,ERR912148,160,2094663,44,459252,0,0
Bacteroides_caccae_53434,ERR912087,ERR912178,116,2095262,28,459426,0,0
Bacteroides_caccae_53434,ERR912087,ERR912189,74,2096363,11,459659,0,0
Bacteroides_caccae_53434,ERR912100,ERR912124,56,2083019,10,456484,0,0
Bacteroides_caccae_53434,ERR912107,ERR912117,130,2087468,25,457747,0,0
Bacteroides_caccae_53434,ERR912107,ERR912144,124,2087523,29,457778,0,0
Bacteroides_caccae_53434,ERR912107,ERR912148,173,2087063,42,457647,0,0
Bacteroides_caccae_53434,ERR912107,ERR912189,115,2087683,24,457808,0,0
Bacteroides_caccae_53434,ERR912117,ERR912144,134,2096110,26,459579,0,0
Bacteroides_caccae_53434,ERR912117,ERR912148,170,2095568,38,459427,0,0
Bacteroides_caccae_53434,ERR912117,ERR912178,90,2096235,9,459606,0,0
Bacteroides_caccae_53434,ERR912117,ERR912189,127,2096263,22,459604,0,0
Bacteroides_caccae_53434,ERR912122,ERR912144,124,2095305,27,459414,0,0
Bacteroides_caccae_53434,ERR912144,ERR912148,176,2095556,46,459445,0,0
Bacteroides_caccae_53434,ERR912144,ERR912178,128,2096228,28,459630,0,0
Bacteroides_caccae_53434,ERR912144,ERR912189,110,2096299,15,459629,0,0
Bacteroides_caccae_53434,ERR912148,ERR912178,163,2095618,40,459464,0,0
Bacteroides_caccae_53434,ERR912148,ERR912189,171,2095650,41,459457,0,0
Bacteroides_caccae_53434,ERR912178,ERR912189,118,2096438,23,459662,0,0
Bacteroides_cellulosilyticus_58046,700013588,700023113,31,1627892,7,359653,0,0
Bacteroides_cellulosilyticus_58046,700014562,700024752,87,1438840,17,317863,8,0
Bacteroides_cellulosilyticus_58046,700014562,700098867,98,1371717,29,302886,14,0
Bacteroides_cellulosilyticus_58046,700014562,700163419,55,1555072,14,343873,7,0
Bacteroides_cellulosilyticus_58046,700014562,700164192,53,1540289,8,341593,0,0
Bacteroides_cellulosilyticus_58046,700015181,700024866,76,1666852,32,368795,0,0
Bacteroides_cellulosilyticus_58046,700015181,700173086,62,1668119,18,369023,0,0
Bacteroides_cellulosilyticus_58046,700015181,ERR912176,143,1337009,44,294775,10,0
Bacteroides_cellulosilyticus_58046,700015181,mickey4-11-7-0_,151,1356221,55,299033,8,0
Bacteroides_cellulosilyticus_58046,700016456,700023845,83,1567442,28,345742,18,2
Bacteroides_cellulosilyticus_58046,700016456,700024086,93,1514339,16,334427,12,0
Bacteroides_cellulosilyticus_58046,700016456,700032222,89,1296470,27,286457,13,0
Bacteroides_cellulosilyticus_58046,700016456,700033726,110,1186086,24,262709,36,0
Bacteroides_cellulosilyticus_58046,700016456,700100540,85,1191724,32,263920,21,0
Bacteroides_cellulosilyticus_58046,700016456,700106646,93,1157525,26,256316,22,0
Bacteroides_cellulosilyticus_58046,700016456,ERR911968,86,1223735,23,271049,20,0
Bacteroides_cellulosilyticus_58046,700016456,ERR912169,79,1315311,20,290480,20,0
Bacteroides_cellulosilyticus_58046,700016960,700033797,124,1229090,18,270865,36,1
Bacteroides_cellulosilyticus_58046,700016960,700034794,133,1218787,36,268755,20,0
Bacteroides_cellulosilyticus_58046,700016960,700038594,47,1629924,10,360161,0,0
Bacteroides_cellulosilyticus_58046,700016960,ERR912040,101,1181231,17,259748,19,1
Bacteroides_cellulosilyticus_58046,700016960,ERR912058,115,1316500,29,290595,22,1
Bacteroides_cellulosilyticus_58046,700016960,ERR912114,91,1490232,31,329005,12,1
Bacteroides_cellulosilyticus_58046,700016960,SRR2822459,133,1206721,41,265225,22,1
Bacteroides_cellulosilyticus_58046,700023845,700024086,127,1508094,27,332939,26,2
Bacteroides_cellulosilyticus_58046,700023845,700032222,120,1300439,32,287287,24,2
Bacteroides_cellulosilyticus_58046,700023845,700033726,145,1190368,27,263369,46,0
Bacteroides_cellulosilyticus_58046,700023845,700100540,122,1187407,37,262849,24,0
Bacteroides_cellulosilyticus_58046,700023845,700106646,127,1149175,34,254455,28,2
Bacteroides_cellulosilyticus_58046,700023845,ERR911968,110,1209029,33,267660,22,0
Bacteroides_cellulosilyticus_58046,700023845,ERR912169,108,1317078,34,290713,14,0
Bacteroides_cellulosilyticus_58046,700023845,ERR912197,96,1572097,28,346954,13,0
Bacteroides_cellulosilyticus_58046,700024086,700032222,129,1265174,33,279925,28,0
Bacteroides_cellulosilyticus_58046,700024086,700033726,143,1143427,26,253732,50,0
Bacteroides_cellulosilyticus_58046,700024086,700100540,121,1148866,27,254888,28,0
Bacteroides_cellulosilyticus_58046,700024086,700106646,139,1124485,23,249283,37,0
Bacteroides_cellulosilyticus_58046,700024086,ERR911968,103,1174379,22,260616,22,0
Bacteroides_cellulosilyticus_58046,700024086,ERR912169,120,1270803,24,281289,31,0
Bacteroides_cellulosilyticus_58046,700024086,ERR912197,110,1521735,20,336582,17,0
Bacteroides_cellulosilyticus_58046,700024234,700108840,87,1640978,34,362944,3,0
Bacteroides_cellulosilyticus_58046,700024234,700122860,72,1736773,32,384406,0,0
Bacteroides_cellulosilyticus_58046,700024545,700116401,61,1410196,26,311492,3,0
Bacteroides_cellulosilyticus_58046,700024545,700123562,62,1389728,31,307155,0,0
Bacteroides_cellulosilyticus_58046,700024545,ERR911962,60,1389314,26,306917,2,0
Bacteroides_cellulosilyticus_58046,700024545,ERR912089,75,1391043,25,307117,2,0
Bacteroides_cellulosilyticus_58046,700024545,ERR912106,67,1389475,25,306709,5,0
Bacteroides_cellulosilyticus_58046,700024545,pluto3-11-30-0_,54,1437325,23,317361,2,0
Bacteroides_cellulosilyticus_58046,700024752,700098867,104,1407933,32,310960,6,0
Bacteroides_cellulosilyticus_58046,700024752,700163419,102,1398254,26,308568,15,0
Bacteroides_cellulosilyticus_58046,700024752,700164192,103,1386223,27,306921,6,0
Bacteroides_cellulosilyticus_58046,700024866,ERR912176,161,1361943,55,300061,5,0
Bacteroides_cellulosilyticus_58046,700024866,mickey4-11-7-0_,184,1441847,68,318001,12,0
Bacteroides_cellulosilyticus_58046,700032222,700033726,105,1251666,28,276451,21,0
Bacteroides_cellulosilyticus_58046,700032222,700100540,62,1277536,21,282347,8,0
Bacteroides_cellulosilyticus_58046,700032222,700106646,87,1245008,24,274972,17,0
Bacteroides_cellulosilyticus_58046,700032222,ERR911968,70,1300021,25,287365,10,0
Bacteroides_cellulosilyticus_58046,700032222,ERR912169,68,1350636,21,298157,6,0
Bacteroides_cellulosilyticus_58046,700032222,ERR912197,99,1294488,23,286285,13,0
Bacteroides_cellulosilyticus_58046,700033726,700100540,91,1407948,16,311385,30,0
Bacteroides_cellulosilyticus_58046,700033726,700106646,100,1276868,15,282073,38,0
Bacteroides_cellulosilyticus_58046,700033726,ERR911968,105,1463426,26,323974,33,0
Bacteroides_cellulosilyticus_58046,700033726,ERR912169,101,1271075,26,281495,23,0
Bacteroides_cellulosilyticus_58046,700033726,ERR912197,127,1262467,21,280358,35,0
Bacteroides_cellulosilyticus_58046,700033797,700038594,122,1327190,32,292876,35,1
Bacteroides_cellulosilyticus_58046,700033797,ERR912040,52,1452557,9,320796,10,0
Bacteroides_cellulosilyticus_58046,700033797,ERR912114,82,1273936,26,281000,30,1
Bacteroides_cellulosilyticus_58046,700034565,1089274-24-0-0_,34,1757743,9,388818,0,0
Bacteroides_cellulosilyticus_58046,700034794,700038594,143,1295559,32,286074,28,0
Bacteroides_cellulosilyticus_58046,700034794,ERR912114,118,1209113,41,266593,30,1
Bacteroides_cellulosilyticus_58046,700035861,ERR911965,25,1734405,10,383923,2,0
Bacteroides_cellulosilyticus_58046,700037632,ERR911986,60,1689536,11,373956,2,0
Bacteroides_cellulosilyticus_58046,700037738,700113975,46,1641606,14,362346,0,0
Bacteroides_cellulosilyticus_58046,700037738,ERR911970,55,1649826,16,364095,0,0
Bacteroides_cellulosilyticus_58046,700037738,ERR912150,32,1627699,8,359125,0,0
Bacteroides_cellulosilyticus_58046,700037738,donald3-11-7-0_,51,1640309,20,362014,0,0
Bacteroides_cellulosilyticus_58046,700038158,700108840,67,1634895,21,361377,0,0
Bacteroides_cellulosilyticus_58046,700038158,700122860,58,1735384,20,383863,0,0
Bacteroides_cellulosilyticus_58046,700038594,ERR912040,94,1192959,18,262530,17,1
Bacteroides_cellulosilyticus_58046,700038594,ERR912058,110,1327780,24,293053,17,0
Bacteroides_cellulosilyticus_58046,700038594,ERR912114,88,1516679,30,334912,12,1
Bacteroides_cellulosilyticus_58046,700038594,SRR2822459,140,1291852,41,284512,25,1
Bacteroides_cellulosilyticus_58046,700098867,700163419,109,1339837,43,295674,18,0
Bacteroides_cellulosilyticus_58046,700098867,700164192,108,1326741,32,293887,9,0
Bacteroides_cellulosilyticus_58046,700100540,700106646,31,1455790,5,321483,4,0
Bacteroides_cellulosilyticus_58046,700100540,ERR911968,40,1584294,11,350408,12,0
Bacteroides_cellulosilyticus_58046,700100540,ERR912169,58,1261079,11,279150,9,0
Bacteroides_cellulosilyticus_58046,700100540,ERR912197,98,1261597,28,280067,22,1
Bacteroides_cellulosilyticus_58046,700106465,1089274-24-0-0_,23,1654156,3,365515,0,0
Bacteroides_cellulosilyticus_58046,700106646,ERR911968,51,1404073,11,310450,14,0
Bacteroides_cellulosilyticus_58046,700106646,ERR912169,82,1223629,15,270665,16,0
Bacteroides_cellulosilyticus_58046,700106646,ERR912197,108,1160351,28,257333,22,0
Bacteroides_cellulosilyticus_58046,700108840,700122860,62,1615558,25,357386,3,0
Bacteroides_cellulosilyticus_58046,700113975,ERR911970,36,1758438,10,389030,0,0
Bacteroides_cellulosilyticus_58046,700113975,ERR912018,56,1757104,18,388725,0,0
Bacteroides_cellulosilyticus_58046,700113975,ERR912150,44,1653360,17,365300,0,0
Bacteroides_cellulosilyticus_58046,700113975,donald3-11-7-0_,43,1747754,17,386648,0,0
Bacteroides_cellulosilyticus_58046,700116401,700123562,36,1550766,14,343017,3,0
Bacteroides_cellulosilyticus_58046,700116401,ERR911962,27,1543094,7,341143,0,0
Bacteroides_cellulosilyticus_58046,700116401,ERR912089,44,1551744,10,342866,0,0
Bacteroides_cellulosilyticus_58046,700116401,ERR912106,37,1554008,8,343390,2,0
Bacteroides_cellulosilyticus_58046,700116401,pluto3-11-30-0_,27,1593400,6,352187,0,0
Bacteroides_cellulosilyticus_58046,700123562,ERR911962,32,1624391,11,359673,2,0
Bacteroides_cellulosilyticus_58046,700123562,ERR912089,46,1539049,15,340147,0,0
Bacteroides_cellulosilyticus_58046,700123562,ERR912106,41,1636082,7,362083,6,0
Bacteroides_cellulosilyticus_58046,700123562,pluto3-11-30-0_,31,1684136,9,372777,2,0
Bacteroides_cellulosilyticus_58046,700163419,700164192,55,1565001,14,346796,2,0
Bacteroides_cellulosilyticus_58046,700165224,ERR912088,54,1619896,21,358384,3,0
Bacteroides_cellulosilyticus_58046,700173086,ERR912176,158,1365305,53,300753,10,0
Bacteroides_cellulosilyticus_58046,700173086,mickey4-11-7-0_,172,1442170,64,318017,9,0
Bacteroides_cellulosilyticus_58046,ERR911955,ERR912109,135,1173222,28,259220,20,0
Bacteroides_cellulosilyticus_58046,ERR911955,ERR912112,120,1255922,24,277304,21,0
Bacteroides_cellulosilyticus_58046,ERR911962,ERR912089,27,1600265,6,353582,0,0
Bacteroides_cellulosilyticus_58046,ERR911962,ERR912106,29,1706974,8,377614,3,0
Bacteroides_cellulosilyticus_58046,ERR911962,pluto3-11-30-0_,25,1680876,6,371814,0,0
Bacteroides_cellulosilyticus_58046,ERR911968,ERR912169,67,1294640,26,286666,13,0
Bacteroides_cellulosilyticus_58046,ERR911968,ERR912197,94,1299666,21,288575,22,0
Bacteroides_cellulosilyticus_58046,ERR911970,ERR912150,50,1662340,16,367219,0,0
Bacteroides_cellulosilyticus_58046,ERR911970,donald3-11-7-0_,47,1757001,16,388628,0,0
Bacteroides_cellulosilyticus_58046,ERR911971,ERR911990,131,1235090,45,272089,22,0
Bacteroides_cellulosilyticus_58046,ERR912018,ERR912150,64,1660426,22,366778,0,0
Bacteroides_cellulosilyticus_58046,ERR912018,donald3-11-7-0_,59,1755072,23,388199,0,0
Bacteroides_cellulosilyticus_58046,ERR912040,ERR912114,55,1234101,20,271902,8,1
Bacteroides_cellulosilyticus_58046,ERR912058,ERR912114,96,1309200,24,289261,23,2
Bacteroides_cellulosilyticus_58046,ERR912089,ERR912106,45,1611369,12,355845,5,0
Bacteroides_cellulosilyticus_58046,ERR912089,pluto3-11-30-0_,36,1588509,10,350763,0,0
Bacteroides_cellulosilyticus_58046,ERR912090,1089274-24-0-0_,31,1671887,4,369464,0,0
Bacteroides_cellulosilyticus_58046,ERR912096,ERR912112,127,1330589,29,294114,30,0
Bacteroides_cellulosilyticus_58046,ERR912106,pluto3-11-30-0_,34,1691961,7,374079,3,0
Bacteroides_cellulosilyticus_58046,ERR912109,ERR912112,108,1255514,22,277612,15,0
Bacteroides_cellulosilyticus_58046,ERR912150,donald3-11-7-0_,48,1651539,20,364835,0,0
Bacteroides_cellulosilyticus_58046,ERR912169,ERR912197,99,1344092,25,297474,23,1
Bacteroides_cellulosilyticus_58046,ERR912179,1089274-24-0-0_,31,1743715,8,385649,0,0
Bacteroides_cellulosilyticus_58046,SRR2822459,ERR912114,99,1277867,28,281163,36,1
Bacteroides_cellulosilyticus_58046,700016456,ERR912197,48,1634816,17,360801,0,0
Bacteroides_cellulosilyticus_58046,700024234,700038158,83,1761315,30,389484,0,0
Bacteroides_cellulosilyticus_58046,700024866,700173086,89,1767240,33,391035,0,0
Bacteroides_cellulosilyticus_58046,700034565,700106465,28,1654348,5,365598,0,0
Bacteroides_cellulosilyticus_58046,700034565,ERR912090,39,1671065,6,369366,0,0
Bacteroides_cellulosilyticus_58046,700034565,ERR912179,40,1744558,13,385927,0,0
Bacteroides_cellulosilyticus_58046,700037738,ERR912018,59,1648364,17,363764,0,0
Bacteroides_cellulosilyticus_58046,700106465,ERR912090,24,1647018,1,363959,0,0
Bacteroides_cellulosilyticus_58046,700106465,ERR912179,28,1645373,8,363585,0,0
Bacteroides_cellulosilyticus_58046,ERR911955,ERR912096,60,1664370,3,367724,0,0
Bacteroides_cellulosilyticus_58046,ERR911970,ERR912018,62,1766983,20,390845,0,0
Bacteroides_cellulosilyticus_58046,ERR912090,ERR912179,34,1663288,8,367601,0,0
Bacteroides_cellulosilyticus_58046,ERR912176,mickey4-11-7-0_,60,1682245,10,371716,0,0
Bacteroides_coprocola_61586,700015181,700175331,173,1051445,33,231165,32,0
Bacteroides_coprocola_61586,700015702,700024318,127,1146077,36,251910,19,0
Bacteroides_coprocola_61586,700015702,700095058,138,1194728,44,263147,27,1
Bacteroides_coprocola_61586,700015702,700120572,140,1204538,49,265549,17,0
Bacteroides_coprocola_61586,700015702,ERR912118,180,1259822,44,277121,17,0
Bacteroides_coprocola_61586,700023188,700175331,177,1053725,21,231317,37,0
Bacteroides_coprocola_61586,700024318,700095058,141,1077767,42,236645,35,0
Bacteroides_coprocola_61586,700024318,700120572,132,1101445,50,242435,30,0
Bacteroides_coprocola_61586,700024318,ERR912118,196,1130845,49,248039,37,0
Bacteroides_coprocola_61586,700034081,700175331,196,1059594,39,232883,43,0
Bacteroides_coprocola_61586,700095058,700120572,159,1112172,42,245099,29,1
Bacteroides_coprocola_61586,700095058,ERR912118,220,1196090,43,263024,44,0
Bacteroides_coprocola_61586,700120572,ERR912118,184,1168143,49,256986,22,0
Bacteroides_coprocola_61586,SRR341706,SRR413607,139,1173498,59,258283,8,2
Bacteroides_eggerthii_54457,700013597,700097482,119,1317154,45,296894,4,0
Bacteroides_eggerthii_54457,700013597,ERR911967,100,1072961,43,241041,2,0
Bacteroides_eggerthii_54457,700013597,ERR912001,62,1557522,27,352111,0,0
Bacteroides_eggerthii_54457,700013597,ERR912165,77,1551762,24,351047,0,0
Bacteroides_eggerthii_54457,700013597,SRR413585,120,1346034,52,303430,0,0
Bacteroides_eggerthii_54457,700013597,SRR413613,105,1293403,36,291798,2,0
Bacteroides_eggerthii_54457,700013672,700096865,34,1443932,23,326727,0,0
Bacteroides_eggerthii_54457,700013672,ERR912005,41,1443794,16,326589,2,0
Bacteroides_eggerthii_54457,700015981,700023337,189,1474685,75,330821,3,0
Bacteroides_eggerthii_54457,700015981,ERR911960,72,1484953,15,333154,3,0
Bacteroides_eggerthii_54457,700015981,ERR912144,152,1466219,65,329146,3,0
Bacteroides_eggerthii_54457,700023337,ERR911960,183,1557855,77,352031,0,0
Bacteroides_eggerthii_54457,700023337,ERR912144,142,1540298,55,348252,0,0
Bacteroides_eggerthii_54457,700024673,700097482,143,1317949,45,297170,2,0
Bacteroides_eggerthii_54457,700024673,ERR911967,125,1097035,48,246390,3,0
Bacteroides_eggerthii_54457,700024673,ERR912001,101,1558453,30,352404,0,0
Bacteroides_eggerthii_54457,700024673,ERR912165,108,1552662,23,351320,0,0
Bacteroides_eggerthii_54457,700024673,SRR413585,136,1342023,42,302629,6,0
Bacteroides_eggerthii_54457,700024673,SRR413613,130,1292528,35,291626,2,0
Bacteroides_eggerthii_54457,700096865,ERR911967,54,919194,24,207274,0,0
Bacteroides_eggerthii_54457,700097482,ERR912001,118,1308788,47,295070,0,0
Bacteroides_eggerthii_54457,700097482,ERR912018,246,1315635,72,296538,2,0
Bacteroides_eggerthii_54457,700097482,ERR912020,118,1316738,42,296864,2,0
Bacteroides_eggerthii_54457,700097482,ERR912054,119,1314636,39,296293,2,0
Bacteroides_eggerthii_54457,700097482,ERR912070,105,1319581,41,297526,2,0
Bacteroides_eggerthii_54457,700097482,ERR912165,118,1305518,38,294535,2,0
Bacteroides_eggerthii_54457,700097482,SRR413585,110,1309653,38,295477,10,0
Bacteroides_eggerthii_54457,700097482,SRR413613,103,1262205,30,284911,7,0
Bacteroides_eggerthii_54457,700161219,ERR912155,95,1179556,20,265776,2,0
Bacteroides_eggerthii_54457,700161219,ERR912193,107,1071609,30,241012,6,0
Bacteroides_eggerthii_54457,ERR911965,ERR912057,59,1574987,16,356113,0,0
Bacteroides_eggerthii_54457,ERR911967,ERR912001,110,1110841,53,249453,2,0
Bacteroides_eggerthii_54457,ERR911967,ERR912005,47,925395,22,208537,0,0
Bacteroides_eggerthii_54457,ERR911967,ERR912020,112,1114445,53,250218,2,0
Bacteroides_eggerthii_54457,ERR911967,ERR912054,111,1118100,53,250988,4,0
Bacteroides_eggerthii_54457,ERR911967,ERR912070,88,1068957,40,240242,2,0
Bacteroides_eggerthii_54457,ERR911967,ERR912165,114,1099198,46,247040,2,0
Bacteroides_eggerthii_54457,ERR911981,ERR912137,48,1513100,20,342631,2,0
Bacteroides_eggerthii_54457,ERR912001,ERR912018,222,1558053,64,352269,0,0
Bacteroides_eggerthii_54457,ERR912001,ERR912020,71,1558045,25,352300,0,0
Bacteroides_eggerthii_54457,ERR912001,ERR912054,69,1559436,30,352592,0,0
Bacteroides_eggerthii_54457,ERR912001,ERR912070,49,1559647,25,352685,0,0
Bacteroides_eggerthii_54457,ERR912001,ERR912165,73,1543320,24,349257,0,0
Bacteroides_eggerthii_54457,ERR912018,ERR912165,232,1552424,63,351233,0,0
Bacteroides_eggerthii_54457,ERR912020,ERR912165,82,1552297,22,351223,0,0
Bacteroides_eggerthii_54457,ERR912025,ERR912148,106,1240990,30,279395,21,0
Bacteroides_eggerthii_54457,ERR912025,ERR912155,96,1370880,55,309323,6,0
Bacteroides_eggerthii_54457,ERR912054,ERR912165,78,1553743,23,351544,0,0
Bacteroides_eggerthii_54457,ERR912070,ERR912165,61,1553794,22,351575,0,0
Bacteroides_eggerthii_54457,ERR912077,ERR912148,134,1243724,24,279695,17,0
Bacteroides_eggerthii_54457,ERR912077,ERR912155,134,1377299,43,310479,6,0
Bacteroides_eggerthii_54457,ERR912148,ERR912155,107,1343602,25,302812,15,0
Bacteroides_eggerthii_54457,ERR912148,ERR912185,116,1217155,36,274321,21,0
Bacteroides_eggerthii_54457,ERR912148,ERR912193,118,1241385,31,279607,23,0
Bacteroides_eggerthii_54457,ERR912155,ERR912185,105,1348539,44,304425,6,0
Bacteroides_eggerthii_54457,ERR912155,ERR912193,105,1357781,35,306189,6,0
Bacteroides_eggerthii_54457,SRR341641,ERR912155,83,1053040,34,236476,7,0
Bacteroides_eggerthii_54457,SRR341706,ERR912155,94,1040582,33,233903,6,0
Bacteroides_eggerthii_54457,SRR341716,ERR911965,121,1028360,14,229807,33,0
Bacteroides_eggerthii_54457,SRR341716,SRR413622,77,1360914,13,306300,6,0
Bacteroides_eggerthii_54457,SRR413562,SRR413603,19,1546257,11,349487,0,0
Bacteroides_eggerthii_54457,SRR413585,ERR911967,106,1099671,58,247165,6,0
Bacteroides_eggerthii_54457,SRR413585,ERR912001,108,1336311,41,301342,0,0
Bacteroides_eggerthii_54457,SRR413585,ERR912018,251,1341376,74,302480,4,0
Bacteroides_eggerthii_54457,SRR413585,ERR912020,118,1343181,43,302905,2,0
Bacteroides_eggerthii_54457,SRR413585,ERR912054,121,1343966,52,302931,0,0
Bacteroides_eggerthii_54457,SRR413585,ERR912070,105,1344206,45,303152,4,0
Bacteroides_eggerthii_54457,SRR413585,ERR912165,115,1326169,38,299320,2,0
Bacteroides_eggerthii_54457,SRR413585,SRR413613,58,1498204,13,338660,0,0
Bacteroides_eggerthii_54457,SRR413587,ERR911967,38,925597,24,208283,4,0
Bacteroides_eggerthii_54457,SRR413587,ERR912005,47,903467,22,203797,2,0
Bacteroides_eggerthii_54457,SRR413587,SRR413600,18,1557970,8,352191,0,0
Bacteroides_eggerthii_54457,SRR413600,ERR911967,37,927179,28,208691,2,0
Bacteroides_eggerthii_54457,SRR413613,ERR912001,101,1290163,36,291080,0,0
Bacteroides_eggerthii_54457,SRR413613,ERR912018,243,1298973,79,293013,0,0
Bacteroides_eggerthii_54457,SRR413613,ERR912020,109,1294308,36,292058,2,0
Bacteroides_eggerthii_54457,SRR413613,ERR912054,110,1292156,37,291516,2,0
Bacteroides_eggerthii_54457,SRR413613,ERR912070,93,1293743,37,291913,2,0
Bacteroides_eggerthii_54457,SRR413613,ERR912165,106,1277207,35,288436,2,0
Bacteroides_eggerthii_54457,SRR413622,ERR911965,111,1106987,11,247851,22,0
Bacteroides_eggerthii_54457,SRR413622,ERR912053,93,1099043,20,245891,16,0
Bacteroides_eggerthii_54457,SRR413622,ERR912057,99,1104630,13,247298,23,0
Bacteroides_eggerthii_54457,SRR413626,ERR912155,87,1047179,35,235535,9,0
Bacteroides_eggerthii_54457,700013597,700024673,101,1567662,27,354385,0,0
Bacteroides_eggerthii_54457,700013597,ERR912018,220,1566833,64,354135,0,0
Bacteroides_eggerthii_54457,700013597,ERR912020,72,1567266,20,354256,0,0
Bacteroides_eggerthii_54457,700013597,ERR912054,71,1568342,27,354496,0,0
Bacteroides_eggerthii_54457,700013597,ERR912070,48,1568717,20,354612,0,0
Bacteroides_eggerthii_54457,700016142,ERR912117,122,1542572,32,348789,0,0
Bacteroides_eggerthii_54457,700024673,ERR912018,256,1569749,67,354863,0,0
Bacteroides_eggerthii_54457,700024673,ERR912020,106,1571069,25,355220,0,0
Bacteroides_eggerthii_54457,700024673,ERR912054,103,1569542,28,354840,0,0
Bacteroides_eggerthii_54457,700024673,ERR912070,86,1570722,27,355167,0,0
Bacteroides_eggerthii_54457,700096865,ERR912005,47,1568749,22,354888,0,0
Bacteroides_eggerthii_54457,700097973,SRR341641,44,1524657,13,345399,0,0
Bacteroides_eggerthii_54457,700097973,SRR341691,42,1524083,18,345280,0,0
Bacteroides_eggerthii_54457,700097973,SRR341706,58,1524927,13,345526,0,0
Bacteroides_eggerthii_54457,700097973,SRR413626,46,1527853,14,346317,0,0
Bacteroides_eggerthii_54457,700164159,SRR341637,129,1531588,38,345905,0,0
Bacteroides_eggerthii_54457,SRR341641,SRR341691,44,1562400,17,353178,0,0
Bacteroides_eggerthii_54457,SRR341641,SRR341706,44,1563300,8,353435,0,0
Bacteroides_eggerthii_54457,SRR341641,SRR413626,20,1564575,3,353775,0,0
Bacteroides_eggerthii_54457,SRR341691,SRR341706,60,1563790,17,353600,0,0
Bacteroides_eggerthii_54457,SRR341691,SRR413626,46,1564068,18,353682,0,0
Bacteroides_eggerthii_54457,SRR341706,SRR413626,46,1564980,9,353957,0,0
Bacteroides_eggerthii_54457,ERR911960,ERR912144,140,1551739,65,350928,0,0
Bacteroides_eggerthii_54457,ERR911965,ERR912053,61,1574747,27,355982,0,0
Bacteroides_eggerthii_54457,ERR912018,ERR912020,218,1569710,60,354820,0,0
Bacteroides_eggerthii_54457,ERR912018,ERR912054,229,1568903,69,354653,0,0
Bacteroides_eggerthii_54457,ERR912018,ERR912070,205,1569122,64,354723,0,0
Bacteroides_eggerthii_54457,ERR912020,ERR912054,77,1569222,25,354749,0,0
Bacteroides_eggerthii_54457,ERR912020,ERR912070,56,1570417,20,355064,0,0
Bacteroides_eggerthii_54457,ERR912025,ERR912077,73,1571181,21,355539,0,0
Bacteroides_eggerthii_54457,ERR912025,ERR912185,55,1559504,27,352983,0,0
Bacteroides_eggerthii_54457,ERR912025,ERR912193,52,1554778,15,352065,0,0
Bacteroides_eggerthii_54457,ERR912053,ERR912057,38,1573050,29,355592,0,0
Bacteroides_eggerthii_54457,ERR912054,ERR912070,57,1571475,25,355289,0,0
Bacteroides_eggerthii_54457,ERR912077,ERR912185,80,1568818,25,354837,0,0
Bacteroides_eggerthii_54457,ERR912077,ERR912193,91,1564370,13,353971,0,0
Bacteroides_eggerthii_54457,ERR912185,ERR912193,71,1552734,18,351451,0,0
Bacteroides_finegoldii_57739,700016960,700021123,62,1264781,13,277721,5,0
Bacteroides_finegoldii_57739,700016960,700033153,42,1328103,9,291734,0,0
Bacteroides_finegoldii_57739,700016960,700037967,52,1289199,12,282949,0,0
Bacteroides_finegoldii_57739,700016960,700097688,46,1333276,10,292972,0,0
Bacteroides_finegoldii_57739,700016960,700099886,50,1309668,13,287542,4,0
Bacteroides_finegoldii_57739,700016960,700107189,45,1274825,9,278860,0,0
Bacteroides_finegoldii_57739,700016960,700173483,46,1311757,15,287958,4,0
Bacteroides_finegoldii_57739,700021123,700033153,47,1251237,10,274753,5,0
Bacteroides_finegoldii_57739,700021123,700037967,45,1202997,14,263783,3,0
Bacteroides_finegoldii_57739,700021123,700097688,46,1256294,11,275984,5,0
Bacteroides_finegoldii_57739,700021123,700099886,65,1238746,16,272004,9,0
Bacteroides_finegoldii_57739,700021123,700107189,66,1199205,15,262230,8,0
Bacteroides_finegoldii_57739,700021123,700173483,63,1241158,18,272516,9,0
Bacteroides_finegoldii_57739,700021123,ERR912191,43,1266717,8,278183,5,0
Bacteroides_finegoldii_57739,700024437,700035533,47,1274174,17,279772,5,0
Bacteroides_finegoldii_57739,700024449,700038594,21,1304350,15,286504,2,0
Bacteroides_finegoldii_57739,700024449,700123827,33,1305965,14,286914,2,0
Bacteroides_finegoldii_57739,700024998,SRR341699,77,850040,29,185812,12,0
Bacteroides_finegoldii_57739,700024998,SRR413577,63,837950,15,183508,6,0
Bacteroides_finegoldii_57739,700032133,700113810,69,1134745,17,248883,4,0
Bacteroides_finegoldii_57739,700032133,700171066,97,1068819,22,233896,6,0
Bacteroides_finegoldii_57739,700033153,700037967,37,1285290,10,282069,0,0
Bacteroides_finegoldii_57739,700033153,700097688,24,1329069,7,292024,0,0
Bacteroides_finegoldii_57739,700033153,700099886,53,1296122,14,284614,4,0
Bacteroides_finegoldii_57739,700033153,700107189,42,1270438,9,277883,0,0
Bacteroides_finegoldii_57739,700033153,700173483,49,1298471,16,285097,4,0
Bacteroides_finegoldii_57739,700033153,ERR912191,26,1329875,6,292175,0,0
Bacteroides_finegoldii_57739,700037967,700097688,39,1288607,8,282885,0,0
Bacteroides_finegoldii_57739,700037967,700099886,65,1260806,15,276641,6,0
Bacteroides_finegoldii_57739,700037967,700107189,57,1242378,17,271547,0,0
Bacteroides_finegoldii_57739,700037967,700173483,60,1262793,16,277041,4,0
Bacteroides_finegoldii_57739,700037967,ERR912191,37,1291233,9,283451,0,0
Bacteroides_finegoldii_57739,700097688,700099886,57,1301793,13,285957,4,0
Bacteroides_finegoldii_57739,700097688,700107189,45,1275729,9,279135,0,0
Bacteroides_finegoldii_57739,700097688,700173483,53,1303711,16,286365,4,0
Bacteroides_finegoldii_57739,700097688,ERR912191,30,1335246,7,293482,0,0
Bacteroides_finegoldii_57739,700099886,700107189,50,1244036,13,272061,4,0
Bacteroides_finegoldii_57739,700099886,700173483,18,1339880,4,294512,0,0
Bacteroides_finegoldii_57739,700099886,ERR912191,51,1311252,12,287968,4,0
Bacteroides_finegoldii_57739,700107189,700173483,46,1245458,15,272325,4,0
Bacteroides_finegoldii_57739,700107189,ERR912191,44,1275700,9,279060,0,0
Bacteroides_finegoldii_57739,700113810,700171066,62,1209408,15,265223,2,0
Bacteroides_finegoldii_57739,700117395,700171648,52,1170659,14,256165,5,0
Bacteroides_finegoldii_57739,700173483,ERR912191,47,1313958,14,288549,4,0
Bacteroides_finegoldii_57739,700016960,ERR912191,38,1342924,7,295001,0,0
Bacteroides_finegoldii_57739,700021824,700096865,62,1337201,11,293815,0,0
Bacteroides_finegoldii_57739,700021824,700106876,54,1336951,11,293721,0,0
Bacteroides_finegoldii_57739,700021824,700163628,55,1337386,11,293667,0,0
Bacteroides_finegoldii_57739,700021824,700171390,55,1331879,14,292513,0,0
Bacteroides_finegoldii_57739,700038594,700123827,47,1304858,13,286632,0,0
Bacteroides_finegoldii_57739,700096865,700106876,38,1337969,8,294161,0,0
Bacteroides_finegoldii_57739,700096865,700163628,41,1338004,11,294002,0,0
Bacteroides_finegoldii_57739,700096865,700171390,40,1332986,10,292959,0,0
Bacteroides_finegoldii_57739,700106876,700163628,7,1337568,3,293853,0,0
Bacteroides_finegoldii_57739,700106876,700171390,6,1332763,3,292867,0,0
Bacteroides_finegoldii_57739,700163628,700171390,7,1332578,6,292672,0,0
Bacteroides_finegoldii_57739,SRR341696,SRR413624,14,1266922,9,277801,0,0
Bacteroides_finegoldii_57739,SRR341699,SRR413577,9,1232385,4,270260,0,0
Bacteroides_fragilis_54507,700014724,700116468,32,2043420,7,460029,0,0
Bacteroides_fragilis_54507,700015113,700015922,112,1928693,37,434461,6,0
Bacteroides_fragilis_54507,700015113,700023390,77,1994429,27,449435,7,0
Bacteroides_fragilis_54507,700015113,700024615,88,1987227,35,447369,7,0
Bacteroides_fragilis_54507,700015113,700111439,105,1898290,30,427519,9,0
Bacteroides_fragilis_54507,700015113,700161856,113,1900519,37,427375,6,0
Bacteroides_fragilis_54507,700015113,ERR912035,103,1927716,39,434211,9,0
Bacteroides_fragilis_54507,700015922,700023390,115,1897139,49,426963,5,0
Bacteroides_fragilis_54507,700015922,700024615,126,1892805,51,425612,5,0
Bacteroides_fragilis_54507,700015922,700111439,89,2034775,25,458267,2,0
Bacteroides_fragilis_54507,700015922,700161856,50,2049988,5,460866,4,0
Bacteroides_fragilis_54507,700015922,ERR912035,48,2088275,10,470317,0,0
Bacteroides_fragilis_54507,700023390,700111439,113,1885192,36,424338,8,0
Bacteroides_fragilis_54507,700023390,700161856,106,1862597,38,418324,5,0
Bacteroides_fragilis_54507,700023390,ERR912035,100,1892313,39,425734,8,0
Bacteroides_fragilis_54507,700023845,700165778,179,1782466,77,399830,0,0
Bacteroides_fragilis_54507,700023845,SRR413605,105,1983196,34,445061,0,0
Bacteroides_fragilis_54507,700023845,pluto3-11-0-0_,114,2025784,35,454357,2,0
Bacteroides_fragilis_54507,700024545,ERR912136,96,2095617,36,471561,0,0
Bacteroides_fragilis_54507,700024615,700111439,122,1878764,43,422448,8,0
Bacteroides_fragilis_54507,700024615,700161856,118,1862904,45,418074,5,0
Bacteroides_fragilis_54507,700024615,ERR912035,118,1892923,54,425505,10,0
Bacteroides_fragilis_54507,700024930,SRR341636,81,2085605,58,469329,0,0
Bacteroides_fragilis_54507,700024930,SRR341653,56,2081257,16,467971,0,0
Bacteroides_fragilis_54507,700037008,ERR912039,140,1775464,48,398878,0,0
Bacteroides_fragilis_54507,700037008,ERR912072,113,1891772,46,424683,4,0
Bacteroides_fragilis_54507,700037123,700100540,58,2084434,20,469513,0,0
Bacteroides_fragilis_54507,700037123,700164870,77,2076673,18,466805,0,0
Bacteroides_fragilis_54507,700037868,SRR413603,100,1958111,37,440786,8,0
Bacteroides_fragilis_54507,700038072,700165634,98,2083639,22,468922,0,0
Bacteroides_fragilis_54507,700100540,700164870,83,2058952,21,462841,0,0
Bacteroides_fragilis_54507,700105237,700171441,124,1903548,73,426798,6,2
Bacteroides_fragilis_54507,700106333,SRR341651,174,1700778,60,380875,8,0
Bacteroides_fragilis_54507,700111439,700161856,85,2022715,25,454799,2,0
Bacteroides_fragilis_54507,700111439,ERR912035,85,2038360,26,459045,7,0
Bacteroides_fragilis_54507,700112433,ERR912176,116,1918772,30,431274,12,0
Bacteroides_fragilis_54507,700112433,SRR413610,101,1826183,28,412551,7,0
Bacteroides_fragilis_54507,700112433,SRR413670,96,1892687,31,425912,7,0
Bacteroides_fragilis_54507,700117766,ERR912191,226,2081236,74,468893,7,0
Bacteroides_fragilis_54507,700117766,SRR341617,212,1997767,65,448285,9,0
Bacteroides_fragilis_54507,700161856,ERR912035,42,2053341,5,461520,7,0
Bacteroides_fragilis_54507,700161967,700165778,184,1820564,88,410125,0,0
Bacteroides_fragilis_54507,700161967,SRR413605,107,2023722,36,456043,0,0
Bacteroides_fragilis_54507,700161967,pluto3-11-0-0_,118,2064664,34,464816,0,0
Bacteroides_fragilis_54507,700163868,SRR341644,78,2031456,19,456520,6,0
Bacteroides_fragilis_54507,700163868,SRR413606,83,2048802,27,461226,6,0
Bacteroides_fragilis_54507,700165778,SRR413605,177,1766363,96,398078,0,0
Bacteroides_fragilis_54507,700165778,pluto3-11-0-0_,181,1812612,98,408054,0,0
Bacteroides_fragilis_54507,ERR912024,ERR912145,94,2084751,39,469379,3,0
Bacteroides_fragilis_54507,ERR912039,ERR912072,136,1895464,37,426488,0,0
Bacteroides_fragilis_54507,ERR912039,ERR912114,151,1779634,44,399781,0,0
Bacteroides_fragilis_54507,ERR912072,ERR912114,123,1893282,37,425058,4,0
Bacteroides_fragilis_54507,SRR341617,ERR912191,187,2007464,56,450480,2,0
Bacteroides_fragilis_54507,SRR341617,SRR341704,217,1986814,65,445779,6,0
Bacteroides_fragilis_54507,SRR341636,SRR341653,96,2078748,51,467417,0,0
Bacteroides_fragilis_54507,SRR341644,SRR413606,24,2081852,11,468119,0,0
Bacteroides_fragilis_54507,SRR341704,ERR912191,235,2066363,71,465425,6,0
Bacteroides_fragilis_54507,SRR413605,pluto3-11-0-0_,109,2011566,43,453058,4,0
Bacteroides_fragilis_54507,SRR413610,ERR912176,106,1958300,26,442770,7,0
Bacteroides_fragilis_54507,SRR413610,SRR413670,33,2032651,8,459779,0,0
Bacteroides_fragilis_54507,SRR413670,ERR912176,108,2025632,30,456224,8,0
Bacteroides_fragilis_54507,SRR413688,ERR912039,144,1774199,44,398481,0,0
Bacteroides_fragilis_54507,SRR413688,ERR912072,115,1890552,38,424311,4,0
Bacteroides_fragilis_54507,700023390,700024615,63,2088482,19,470093,0,0
Bacteroides_fragilis_54507,700023845,700161967,100,2036225,21,456792,0,0
Bacteroides_fragilis_54507,700035747,700037738,29,2065625,8,463970,0,0
Bacteroides_fragilis_54507,700037008,SRR413688,43,2100270,14,473043,0,0
Bacteroides_fragilis_54507,700037008,ERR912114,52,2103368,15,473873,0,0
Bacteroides_fragilis_54507,700037284,ERR912080,98,2099323,20,472584,0,0
Bacteroides_fragilis_54507,700117766,SRR341704,130,2088009,47,470290,0,0
Bacteroides_fragilis_54507,700122042,SRR341632,61,2011819,16,448959,0,0
Bacteroides_fragilis_54507,SRR413688,ERR912114,53,2101738,10,473402,0,0
Bacteroides_massiliensis_44749,700013672,700015250,121,1395301,43,300505,5,0
Bacteroides_massiliensis_44749,700013672,700015415,124,1405506,63,302376,10,0
Bacteroides_massiliensis_44749,700013672,700021123,110,1458351,30,313815,4,0
Bacteroides_massiliensis_44749,700013672,700023113,107,1435851,28,308998,4,0
Bacteroides_massiliensis_44749,700013672,700024024,127,1440665,39,310122,4,0
Bacteroides_massiliensis_44749,700013672,700024141,119,1430008,38,307703,3,0
Bacteroides_massiliensis_44749,700013672,700024711,113,1426672,43,306839,3,0
Bacteroides_massiliensis_44749,700013672,700033435,97,1315421,26,282878,10,0
Bacteroides_massiliensis_44749,700013672,700034166,98,1309197,52,282003,10,0
Bacteroides_massiliensis_44749,700013672,700035533,49,1456743,20,313826,0,0
Bacteroides_massiliensis_44749,700013672,700035861,116,1391447,49,299671,2,0
Bacteroides_massiliensis_44749,700013672,700037303,142,1442580,39,310639,3,0
Bacteroides_massiliensis_44749,700013672,700095647,73,1447335,17,311634,2,0
Bacteroides_massiliensis_44749,700013672,700097234,117,1392010,44,300134,2,0
Bacteroides_massiliensis_44749,700013672,700098267,139,1418667,39,305552,8,0
Bacteroides_massiliensis_44749,700013672,700098867,112,1435626,42,309323,4,0
Bacteroides_massiliensis_44749,700013672,700105882,111,1433562,49,308760,2,0
Bacteroides_massiliensis_44749,700013672,700105940,118,1405436,44,302528,3,0
Bacteroides_massiliensis_44749,700013672,700107189,105,1318511,42,282651,4,0
Bacteroides_massiliensis_44749,700013672,700164249,131,1400294,43,301465,6,0
Bacteroides_massiliensis_44749,700013672,700173320,131,1385714,41,298591,6,0
Bacteroides_massiliensis_44749,700013672,700175331,118,1438920,30,309613,3,0
Bacteroides_massiliensis_44749,700013672,ERR912165,134,1435280,39,309023,3,0
Bacteroides_massiliensis_44749,700013672,ERR912195,61,1495645,19,322215,0,0
Bacteroides_massiliensis_44749,700013672,SRR2822459,140,1442206,38,310602,0,0
Bacteroides_massiliensis_44749,700013672,SRR413589,121,1394681,32,300408,7,0
Bacteroides_massiliensis_44749,700015250,700015415,145,1399060,65,301128,17,0
Bacteroides_massiliensis_44749,700015250,700021123,128,1427074,36,307360,4,0
Bacteroides_massiliensis_44749,700015250,700023113,104,1451471,27,312656,7,0
Bacteroides_massiliensis_44749,700015250,700024024,101,1454400,31,313277,2,0
Bacteroides_massiliensis_44749,700015250,700024141,134,1420987,42,305967,3,0
Bacteroides_massiliensis_44749,700015250,700024711,97,1428349,36,307541,2,0
Bacteroides_massiliensis_44749,700015250,700033435,126,1277618,44,274915,7,0
Bacteroides_massiliensis_44749,700015250,700034166,117,1296029,47,279249,10,0
Bacteroides_massiliensis_44749,700015250,700035533,119,1382381,47,297793,5,0
Bacteroides_massiliensis_44749,700015250,700035861,94,1401393,42,301923,5,0
Bacteroides_massiliensis_44749,700015250,700037303,115,1455442,29,313593,4,0
Bacteroides_massiliensis_44749,700015250,700095647,125,1368997,42,294806,6,0
Bacteroides_massiliensis_44749,700015250,700097234,65,1492004,19,321731,4,0
Bacteroides_massiliensis_44749,700015250,700098267,105,1425185,39,306964,6,0
Bacteroides_massiliensis_44749,700015250,700098867,92,1447588,30,312037,2,0
Bacteroides_massiliensis_44749,700015250,700105049,128,1405716,45,302703,7,0
Bacteroides_massiliensis_44749,700015250,700105882,127,1443412,59,310811,0,0
Bacteroides_massiliensis_44749,700015250,700105940,139,1411858,59,303930,2,0
Bacteroides_massiliensis_44749,700015250,700107189,143,1290841,57,276673,8,0
Bacteroides_massiliensis_44749,700015250,700164249,79,1501141,31,323393,0,0
Bacteroides_massiliensis_44749,700015250,700173320,155,1360044,48,293170,7,0
Bacteroides_massiliensis_44749,700015250,700175331,111,1449420,29,312156,2,0
Bacteroides_massiliensis_44749,700015250,ERR912165,100,1447011,29,311723,2,0
Bacteroides_massiliensis_44749,700015250,ERR912195,137,1400777,51,301739,7,0
Bacteroides_massiliensis_44749,700015250,SRR2822459,120,1455926,31,313588,2,0
Bacteroides_massiliensis_44749,700015415,700021123,137,1438276,58,309714,8,0
Bacteroides_massiliensis_44749,700015415,700023113,122,1445363,51,311250,11,0
Bacteroides_massiliensis_44749,700015415,700024024,138,1434491,57,308685,14,0
Bacteroides_massiliensis_44749,700015415,700024141,135,1438663,63,309754,9,0
Bacteroides_massiliensis_44749,700015415,700024711,140,1421397,61,305731,6,0
Bacteroides_massiliensis_44749,700015415,700033435,141,1275795,70,274311,17,0
Bacteroides_massiliensis_44749,700015415,700034166,98,1375295,39,296260,12,0
Bacteroides_massiliensis_44749,700015415,700035533,130,1380328,71,297005,13,0
Bacteroides_massiliensis_44749,700015415,700035861,120,1408956,49,303780,9,0
Bacteroides_massiliensis_44749,700015415,700037303,152,1432976,54,308436,11,0
Bacteroides_massiliensis_44749,700015415,700095647,138,1375229,79,295898,14,4
Bacteroides_massiliensis_44749,700015415,700097234,144,1390690,65,299669,15,0
Bacteroides_massiliensis_44749,700015415,700098267,155,1410633,67,303609,14,0
Bacteroides_massiliensis_44749,700015415,700098867,132,1432218,61,308464,11,0
Bacteroides_massiliensis_44749,700015415,700105049,136,1417548,64,304884,13,0
Bacteroides_massiliensis_44749,700015415,700105882,140,1458207,76,314059,9,0
Bacteroides_massiliensis_44749,700015415,700105940,123,1468424,44,316243,12,0
Bacteroides_massiliensis_44749,700015415,700107189,140,1295479,78,277705,7,0
Bacteroides_massiliensis_44749,700015415,700164249,144,1398638,66,301101,10,0
Bacteroides_massiliensis_44749,700015415,700173320,142,1353480,63,291596,7,0
Bacteroides_massiliensis_44749,700015415,700175331,150,1447317,53,311657,11,0
Bacteroides_massiliensis_44749,700015415,ERR912165,143,1430238,60,307808,11,0
Bacteroides_massiliensis_44749,700015415,ERR912195,144,1418795,73,305242,13,0
Bacteroides_massiliensis_44749,700015415,SRR2822459,152,1435063,53,308953,11,0
Bacteroides_massiliensis_44749,700015415,SRR413589,138,1394486,54,300293,12,0
Bacteroides_massiliensis_44749,700021123,700023113,111,1478251,25,318343,2,0
Bacteroides_massiliensis_44749,700021123,700024024,127,1463856,35,315052,0,0
Bacteroides_massiliensis_44749,700021123,700024141,124,1467799,30,316116,4,0
Bacteroides_massiliensis_44749,700021123,700024711,130,1452189,42,312351,2,0
Bacteroides_massiliensis_44749,700021123,700033435,132,1295712,36,278585,9,0
Bacteroides_massiliensis_44749,700021123,700034166,119,1343745,53,289416,7,0
Bacteroides_massiliensis_44749,700021123,700035533,111,1428388,37,307420,4,0
Bacteroides_massiliensis_44749,700021123,700035861,129,1428386,48,307667,0,0
Bacteroides_massiliensis_44749,700021123,700037303,141,1465004,34,315397,0,0
Bacteroides_massiliensis_44749,700021123,700095647,129,1419037,29,305363,8,0
Bacteroides_massiliensis_44749,700021123,700097234,122,1420115,33,306226,2,0
Bacteroides_massiliensis_44749,700021123,700098267,132,1439515,39,309862,6,0
Bacteroides_massiliensis_44749,700021123,700098867,121,1461310,41,314758,0,0
Bacteroides_massiliensis_44749,700021123,700105049,121,1467309,35,315675,4,0
Bacteroides_massiliensis_44749,700021123,700105882,122,1488657,48,320670,0,0
Bacteroides_massiliensis_44749,700021123,700105940,128,1439087,44,309763,0,0
Bacteroides_massiliensis_44749,700021123,700107189,116,1344406,38,288326,0,0
Bacteroides_massiliensis_44749,700021123,700164249,132,1426706,35,307332,0,0
Bacteroides_massiliensis_44749,700021123,700173320,133,1418317,38,305672,0,0
Bacteroides_massiliensis_44749,700021123,700175331,130,1479306,25,318567,0,0
Bacteroides_massiliensis_44749,700021123,ERR912165,130,1458449,28,313934,0,0
Bacteroides_massiliensis_44749,700021123,ERR912195,127,1467551,34,315801,4,0
Bacteroides_massiliensis_44749,700021123,SRR2822459,135,1463347,28,315070,0,0
Bacteroides_massiliensis_44749,700021123,SRR413589,128,1427795,27,307572,4,0
Bacteroides_massiliensis_44749,700023113,700024024,96,1483444,24,319306,0,0
Bacteroides_massiliensis_44749,700023113,700024141,113,1469631,24,316568,0,0
Bacteroides_massiliensis_44749,700023113,700024711,99,1459275,32,313977,0,0
Bacteroides_massiliensis_44749,700023113,700033435,130,1310347,37,281817,7,0
Bacteroides_massiliensis_44749,700023113,700034166,113,1334471,43,287381,7,0
Bacteroides_massiliensis_44749,700023113,700035533,109,1422836,38,306281,4,0
Bacteroides_massiliensis_44749,700023113,700035861,98,1438912,34,309957,4,0
Bacteroides_massiliensis_44749,700023113,700037303,111,1484993,23,319725,0,0
Bacteroides_massiliensis_44749,700023113,700095647,119,1405218,28,302494,3,0
Bacteroides_massiliensis_44749,700023113,700097234,105,1442286,29,311069,5,0
Bacteroides_massiliensis_44749,700023113,700098267,112,1459038,28,314124,6,0
Bacteroides_massiliensis_44749,700023113,700098867,91,1480097,24,318888,0,0
Bacteroides_massiliensis_44749,700023113,700105049,116,1447348,30,311417,5,0
Bacteroides_massiliensis_44749,700023113,700105882,113,1494237,45,321901,0,0
Bacteroides_massiliensis_44749,700023113,700105940,123,1447248,44,311548,0,0
Bacteroides_massiliensis_44749,700023113,700107189,135,1328533,58,284756,3,0
Bacteroides_massiliensis_44749,700023113,700164249,97,1446388,30,311485,0,0
Bacteroides_massiliensis_44749,700023113,700173320,132,1392419,32,300124,2,0
Bacteroides_massiliensis_44749,700023113,700175331,103,1499461,18,322919,2,0
Bacteroides_massiliensis_44749,700023113,ERR912165,96,1477917,21,318167,0,0
Bacteroides_massiliensis_44749,700023113,ERR912195,116,1443780,37,310732,5,0
Bacteroides_massiliensis_44749,700023113,SRR2822459,116,1484076,17,319615,0,0
Bacteroides_massiliensis_44749,700023113,SRR413589,97,1448934,19,312186,7,0
Bacteroides_massiliensis_44749,700024024,700024141,126,1452404,34,312594,0,0
Bacteroides_massiliensis_44749,700024024,700024711,96,1461388,25,314537,2,0
Bacteroides_massiliensis_44749,700024024,700033435,133,1322510,52,284599,7,0
Bacteroides_massiliensis_44749,700024024,700034166,120,1326324,47,285601,7,0
Bacteroides_massiliensis_44749,700024024,700035533,124,1427524,45,307364,4,0
Bacteroides_massiliensis_44749,700024024,700035861,86,1434936,35,309045,2,0
Bacteroides_massiliensis_44749,700024024,700037303,104,1500211,23,323100,2,0
Bacteroides_massiliensis_44749,700024024,700095647,130,1409999,38,303396,3,0
Bacteroides_massiliensis_44749,700024024,700097234,106,1443228,28,311204,8,0
Bacteroides_massiliensis_44749,700024024,700098267,97,1476214,32,317896,4,0
Bacteroides_massiliensis_44749,700024024,700098867,80,1496490,26,322466,0,0
Bacteroides_massiliensis_44749,700024024,700105049,138,1449900,42,312038,5,0
Bacteroides_massiliensis_44749,700024024,700105882,133,1477144,53,317977,0,0
Bacteroides_massiliensis_44749,700024024,700105940,142,1443128,52,310577,3,0
Bacteroides_massiliensis_44749,700024024,700107189,145,1332363,52,285809,5,0
Bacteroides_massiliensis_44749,700024024,700164249,109,1454745,35,313251,0,0
Bacteroides_massiliensis_44749,700024024,700173320,150,1392621,43,300353,2,0
Bacteroides_massiliensis_44749,700024024,700175331,114,1483809,26,319349,0,0
Bacteroides_massiliensis_44749,700024024,ERR912165,105,1491149,26,321084,0,0
Bacteroides_massiliensis_44749,700024024,ERR912195,142,1448493,41,311787,5,0
Bacteroides_massiliensis_44749,700024024,SRR413589,104,1451687,24,312733,2,0
Bacteroides_massiliensis_44749,700024141,700024711,133,1450834,49,312098,2,0
Bacteroides_massiliensis_44749,700024141,700033435,138,1310875,59,281883,7,0
Bacteroides_massiliensis_44749,700024141,700034166,120,1325046,50,285410,10,0
Bacteroides_massiliensis_44749,700024141,700035533,120,1402767,46,301912,6,0
Bacteroides_massiliensis_44749,700024141,700035861,139,1421079,52,306178,6,0
Bacteroides_massiliensis_44749,700024141,700037303,143,1452130,31,312595,3,0
Bacteroides_massiliensis_44749,700024141,700095647,131,1393840,37,299974,7,0
Bacteroides_massiliensis_44749,700024141,700097234,132,1412521,39,304518,3,0
Bacteroides_massiliensis_44749,700024141,700098267,136,1426988,37,307194,6,0
Bacteroides_massiliensis_44749,700024141,700098867,122,1448557,34,312008,2,0
Bacteroides_massiliensis_44749,700024141,700105049,130,1441358,45,310122,5,0
Bacteroides_massiliensis_44749,700024141,700105882,88,1478126,29,318458,3,0
Bacteroides_massiliensis_44749,700024141,700105940,137,1439002,52,309764,3,0
Bacteroides_massiliensis_44749,700024141,700107189,129,1299620,50,278555,0,0
Bacteroides_massiliensis_44749,700024141,700164249,136,1420986,44,306027,0,0
Bacteroides_massiliensis_44749,700024141,700173320,144,1382229,45,297901,0,0
Bacteroides_massiliensis_44749,700024141,700175331,141,1473945,30,317407,2,0
Bacteroides_massiliensis_44749,700024141,ERR912165,138,1447158,32,311498,2,0
Bacteroides_massiliensis_44749,700024141,ERR912195,134,1443886,47,310715,8,0
Bacteroides_massiliensis_44749,700024141,SRR2822459,145,1453232,27,312930,2,0
Bacteroides_massiliensis_44749,700024141,SRR413589,135,1419774,34,305785,3,0
Bacteroides_massiliensis_44749,700024234,700095486,54,1485970,14,319888,0,0
Bacteroides_massiliensis_44749,700024234,700097688,62,1460438,15,314712,0,0
Bacteroides_massiliensis_44749,700024234,700102299,48,1499353,11,322993,0,0
Bacteroides_massiliensis_44749,700024234,700167759,79,1452518,22,312971,2,0
Bacteroides_massiliensis_44749,700024234,SRR341630,79,1432463,24,307540,0,0
Bacteroides_massiliensis_44749,700024234,SRR341691,58,1467296,18,315833,4,0
Bacteroides_massiliensis_44749,700024234,SRR341709,61,1464606,18,315274,4,0
Bacteroides_massiliensis_44749,700024234,SRR341717,63,1467213,20,315872,4,0
Bacteroides_massiliensis_44749,700024234,SRR413557,57,1429793,18,307919,3,0
Bacteroides_massiliensis_44749,700024234,SRR413622,62,1468492,18,316207,7,0
Bacteroides_massiliensis_44749,700024234,SRR413651,71,1453848,21,313216,0,0
Bacteroides_massiliensis_44749,700024234,donald4-11-30-0_,85,1487323,17,320262,3,0
Bacteroides_massiliensis_44749,700024711,700033435,121,1283763,43,276076,5,0
Bacteroides_massiliensis_44749,700024711,700034166,116,1321933,61,284592,6,0
Bacteroides_massiliensis_44749,700024711,700035533,114,1402945,47,301942,2,0
Bacteroides_massiliensis_44749,700024711,700035861,90,1417280,39,305134,0,0
Bacteroides_massiliensis_44749,700024711,700037303,120,1468713,34,316254,3,0
Bacteroides_massiliensis_44749,700024711,700095647,119,1393622,43,299704,2,0
Bacteroides_massiliensis_44749,700024711,700097234,102,1417344,32,305496,2,0
Bacteroides_massiliensis_44749,700024711,700098267,108,1440979,36,310216,6,0
Bacteroides_massiliensis_44749,700024711,700098867,95,1464511,36,315503,2,0
Bacteroides_massiliensis_44749,700024711,700105049,120,1437029,51,309039,4,0
Bacteroides_massiliensis_44749,700024711,700105882,134,1467984,62,315873,0,0
Bacteroides_massiliensis_44749,700024711,700105940,142,1432819,60,308209,0,0
Bacteroides_massiliensis_44749,700024711,700107189,138,1315770,55,282053,0,0
Bacteroides_massiliensis_44749,700024711,700164249,112,1430023,43,307840,0,0
Bacteroides_massiliensis_44749,700024711,700173320,156,1382781,51,297968,0,0
Bacteroides_massiliensis_44749,700024711,700175331,118,1459077,33,313891,0,0
Bacteroides_massiliensis_44749,700024711,ERR912165,109,1460927,34,314482,3,0
Bacteroides_massiliensis_44749,700024711,ERR912195,129,1433874,51,308404,6,0
Bacteroides_massiliensis_44749,700024711,SRR2822459,123,1467846,31,316099,3,0
Bacteroides_massiliensis_44749,700024711,SRR413589,107,1425643,27,307023,2,0
Bacteroides_massiliensis_44749,700033435,700034166,117,1157406,53,248977,11,0
Bacteroides_massiliensis_44749,700033435,700035533,82,1334390,30,286976,7,0
Bacteroides_massiliensis_44749,700033435,700035861,130,1257783,50,270690,5,0
Bacteroides_massiliensis_44749,700033435,700037303,156,1324997,56,285185,7,0
Bacteroides_massiliensis_44749,700033435,700095647,104,1290708,28,277798,9,0
Bacteroides_massiliensis_44749,700033435,700097234,137,1269679,46,273488,7,0
Bacteroides_massiliensis_44749,700033435,700098267,149,1275352,50,274573,7,0
Bacteroides_massiliensis_44749,700033435,700098867,139,1317838,53,283819,11,0
Bacteroides_massiliensis_44749,700033435,700105049,101,1323846,26,284855,10,0
Bacteroides_massiliensis_44749,700033435,700105882,137,1310104,69,281743,10,0
Bacteroides_massiliensis_44749,700033435,700105940,145,1273588,56,273872,7,0
Bacteroides_massiliensis_44749,700033435,700107189,120,1176321,45,252198,5,0
Bacteroides_massiliensis_44749,700033435,700164249,149,1293525,56,278392,5,0
Bacteroides_massiliensis_44749,700033435,700173320,149,1262601,54,271976,12,0
Bacteroides_massiliensis_44749,700033435,700175331,147,1319159,46,283638,7,0
Bacteroides_massiliensis_44749,700033435,ERR912165,151,1328931,49,285960,7,0
Bacteroides_massiliensis_44749,700033435,ERR912195,104,1322418,38,284401,10,0
Bacteroides_massiliensis_44749,700033435,SRR2822459,149,1322670,45,284743,8,0
Bacteroides_massiliensis_44749,700033435,SRR413589,136,1280045,36,275435,8,0
Bacteroides_massiliensis_44749,700033502,700034081,187,1119181,77,240030,14,0
Bacteroides_massiliensis_44749,700033502,700095410,97,1445354,37,311417,0,0
Bacteroides_massiliensis_44749,700033502,700111296,185,1105384,63,237084,8,0
Bacteroides_massiliensis_44749,700034166,700035533,107,1293957,62,278689,10,0
Bacteroides_massiliensis_44749,700034166,700035861,104,1303693,39,281246,7,0
Bacteroides_massiliensis_44749,700034166,700037303,126,1322245,40,284804,7,0
Bacteroides_massiliensis_44749,700034166,700095647,108,1271410,56,273851,10,0
Bacteroides_massiliensis_44749,700034166,700097234,122,1279454,48,276021,9,0
Bacteroides_massiliensis_44749,700034166,700098267,121,1302542,50,280649,13,0
Bacteroides_massiliensis_44749,700034166,700098867,106,1330718,50,286836,7,0
Bacteroides_massiliensis_44749,700034166,700105049,102,1305174,48,280990,7,0
Bacteroides_massiliensis_44749,700034166,700105882,123,1351066,70,290959,7,0
Bacteroides_massiliensis_44749,700034166,700105940,103,1372574,37,295778,7,0
Bacteroides_massiliensis_44749,700034166,700107189,115,1226749,61,263226,10,0
Bacteroides_massiliensis_44749,700034166,700164249,152,1309916,63,282065,7,0
Bacteroides_massiliensis_44749,700034166,700173320,130,1239449,53,267469,6,0
Bacteroides_massiliensis_44749,700034166,700175331,135,1334545,43,287412,7,0
Bacteroides_massiliensis_44749,700034166,ERR912165,122,1318189,49,283907,7,0
Bacteroides_massiliensis_44749,700034166,ERR912195,123,1324527,70,285267,8,0
Bacteroides_massiliensis_44749,700034166,SRR2822459,131,1326687,48,285844,7,0
Bacteroides_massiliensis_44749,700034166,SRR413589,119,1281937,39,276335,7,0
Bacteroides_massiliensis_44749,700035533,700035861,115,1377892,54,296797,0,0
Bacteroides_massiliensis_44749,700035533,700037303,149,1430355,55,308089,3,0
Bacteroides_massiliensis_44749,700035533,700095647,75,1419781,24,305727,2,0
Bacteroides_massiliensis_44749,700035533,700097234,127,1377176,50,296967,2,0
Bacteroides_massiliensis_44749,700035533,700098267,135,1396605,44,300754,9,0
Bacteroides_massiliensis_44749,700035533,700098867,122,1425183,52,307095,4,0
Bacteroides_massiliensis_44749,700035533,700105049,59,1465116,19,315646,0,0
Bacteroides_massiliensis_44749,700035533,700105882,116,1420503,58,305756,4,0
Bacteroides_massiliensis_44749,700035533,700105940,125,1380905,56,297275,3,0
Bacteroides_massiliensis_44749,700035533,700107189,112,1298049,52,278296,7,0
Bacteroides_massiliensis_44749,700035533,700164249,135,1388380,56,298993,3,0
Bacteroides_massiliensis_44749,700035533,700173320,132,1354774,51,291942,6,0
Bacteroides_massiliensis_44749,700035533,700175331,122,1425687,41,306814,2,0
Bacteroides_massiliensis_44749,700035533,ERR912165,138,1421702,50,306142,5,0
Bacteroides_massiliensis_44749,700035533,ERR912195,69,1465637,25,315773,0,0
Bacteroides_massiliensis_44749,700035533,SRR2822459,143,1428005,42,307610,0,0
Bacteroides_massiliensis_44749,700035533,SRR413589,123,1381006,40,297533,7,0
Bacteroides_massiliensis_44749,700035861,700037303,98,1434649,35,309127,0,0
Bacteroides_massiliensis_44749,700035861,700095647,132,1362151,63,293435,7,6
Bacteroides_massiliensis_44749,700035861,700097234,96,1391025,36,299926,6,0
Bacteroides_massiliensis_44749,700035861,700098267,98,1406238,39,302901,4,0
Bacteroides_massiliensis_44749,700035861,700098867,88,1441941,50,310824,4,0
Bacteroides_massiliensis_44749,700035861,700105049,124,1401653,50,301846,5,0
Bacteroides_massiliensis_44749,700035861,700105882,130,1443578,67,311010,0,0
Bacteroides_massiliensis_44749,700035861,700105940,131,1424604,45,307216,3,0
Bacteroides_massiliensis_44749,700035861,700107189,134,1290482,64,276918,2,0
Bacteroides_massiliensis_44749,700035861,700164249,102,1400118,46,301720,0,0
Bacteroides_massiliensis_44749,700035861,700173320,148,1338674,51,288874,0,0
Bacteroides_massiliensis_44749,700035861,700175331,109,1438276,36,309760,0,0
Bacteroides_massiliensis_44749,700035861,ERR912165,100,1426620,36,307316,2,0
Bacteroides_massiliensis_44749,700035861,ERR912195,125,1401382,50,301823,5,0
Bacteroides_massiliensis_44749,700035861,SRR2822459,108,1435776,34,309331,2,0
Bacteroides_massiliensis_44749,700035861,SRR413589,102,1397858,32,301346,7,0
Bacteroides_massiliensis_44749,700037303,700095647,153,1411719,41,303854,3,0
Bacteroides_massiliensis_44749,700037303,700097234,123,1446716,31,312086,4,0
Bacteroides_massiliensis_44749,700037303,700098267,115,1476757,31,318152,8,0
Bacteroides_massiliensis_44749,700037303,700098867,90,1498225,28,322962,2,0
Bacteroides_massiliensis_44749,700037303,700105049,158,1451984,46,312604,5,0
Bacteroides_massiliensis_44749,700037303,700105882,146,1472821,50,317187,0,0
Bacteroides_massiliensis_44749,700037303,700105940,152,1442519,49,310543,0,0
Bacteroides_massiliensis_44749,700037303,700107189,144,1327009,46,284658,3,0
Bacteroides_massiliensis_44749,700037303,700164249,127,1457757,39,314044,0,0
Bacteroides_massiliensis_44749,700037303,700173320,158,1394111,40,300765,2,0
Bacteroides_massiliensis_44749,700037303,700175331,131,1486406,27,320019,3,0
Bacteroides_massiliensis_44749,700037303,ERR912165,125,1494091,30,321847,0,0
Bacteroides_massiliensis_44749,700037303,ERR912195,166,1451111,52,312507,5,0
Bacteroides_massiliensis_44749,700037303,SRR2822459,119,1501549,23,323546,2,0
Bacteroides_massiliensis_44749,700037303,SRR413589,118,1453232,25,313197,2,0
Bacteroides_massiliensis_44749,700095486,700097688,47,1463063,12,315224,0,0
Bacteroides_massiliensis_44749,700095486,700102299,47,1489937,18,320674,0,0
Bacteroides_massiliensis_44749,700095486,700105580,56,1490641,17,320753,0,0
Bacteroides_massiliensis_44749,700095486,700167759,65,1445044,19,311046,0,0
Bacteroides_massiliensis_44749,700095486,SRR341630,66,1424344,22,305540,0,0
Bacteroides_massiliensis_44749,700095486,SRR341691,22,1470007,10,316394,4,0
Bacteroides_massiliensis_44749,700095486,SRR341709,26,1467087,10,315773,4,0
Bacteroides_massiliensis_44749,700095486,SRR341717,26,1469909,12,316400,4,0
Bacteroides_massiliensis_44749,700095486,SRR413557,47,1432816,16,308335,3,0
Bacteroides_massiliensis_44749,700095486,SRR413566,47,1492324,13,321247,0,0
Bacteroides_massiliensis_44749,700095486,SRR413622,29,1471110,10,316702,7,0
Bacteroides_massiliensis_44749,700095486,SRR413651,58,1446427,19,311293,0,0
Bacteroides_massiliensis_44749,700095486,donald4-11-30-0_,71,1488502,14,320507,3,0
Bacteroides_massiliensis_44749,700095647,700097234,130,1364000,41,294044,2,0
Bacteroides_massiliensis_44749,700095647,700098267,144,1386870,40,298601,6,0
Bacteroides_massiliensis_44749,700095647,700098867,124,1407191,39,303040,3,0
Bacteroides_massiliensis_44749,700095647,700105049,79,1445902,14,311320,2,0
Bacteroides_massiliensis_44749,700095647,700105882,129,1411721,48,303880,2,0
Bacteroides_massiliensis_44749,700095647,700105940,137,1376577,48,296226,3,0
Bacteroides_massiliensis_44749,700095647,700107189,125,1282795,58,274955,8,0
Bacteroides_massiliensis_44749,700095647,700164249,137,1375153,46,296040,3,0
Bacteroides_massiliensis_44749,700095647,700173320,147,1352104,41,291521,12,0
Bacteroides_massiliensis_44749,700095647,700175331,132,1408021,31,303009,2,0
Bacteroides_massiliensis_44749,700095647,ERR912165,145,1404642,40,302280,5,0
Bacteroides_massiliensis_44749,700095647,ERR912195,90,1448098,20,311763,2,0
Bacteroides_massiliensis_44749,700095647,SRR2822459,148,1409462,30,303437,0,0
Bacteroides_massiliensis_44749,700095647,SRR413589,130,1367758,30,294595,7,0
Bacteroides_massiliensis_44749,700097234,700098267,115,1426632,44,307551,6,0
Bacteroides_massiliensis_44749,700097234,700098867,96,1443799,31,311550,2,0
Bacteroides_massiliensis_44749,700097234,700105049,129,1400022,44,301790,5,0
Bacteroides_massiliensis_44749,700097234,700105882,120,1433399,54,309018,0,0
Bacteroides_massiliensis_44749,700097234,700105940,132,1403400,55,302481,2,0
Bacteroides_massiliensis_44749,700097234,700107189,142,1262468,46,271150,12,0
Bacteroides_massiliensis_44749,700097234,700173320,148,1359692,50,293411,6,0
Bacteroides_massiliensis_44749,700097234,700175331,113,1440800,28,310682,2,0
Bacteroides_massiliensis_44749,700097234,ERR912165,105,1439204,27,310410,2,0
Bacteroides_massiliensis_44749,700097234,ERR912195,138,1397569,46,301335,5,0
Bacteroides_massiliensis_44749,700097234,SRR2822459,120,1446853,29,312007,2,0
Bacteroides_massiliensis_44749,700097482,700116028,104,1108139,51,238843,6,1
Bacteroides_massiliensis_44749,700097482,SRR413623,27,1496028,10,322384,0,0
Bacteroides_massiliensis_44749,700097688,700102299,55,1464223,18,315442,0,0
Bacteroides_massiliensis_44749,700097688,700105580,64,1464883,17,315508,0,0
Bacteroides_massiliensis_44749,700097688,700167759,74,1419430,20,305832,0,0
Bacteroides_massiliensis_44749,700097688,SRR341630,75,1396242,21,299793,0,0
Bacteroides_massiliensis_44749,700097688,SRR341691,51,1445781,16,311407,4,0
Bacteroides_massiliensis_44749,700097688,SRR341709,52,1442972,16,310812,4,0
Bacteroides_massiliensis_44749,700097688,SRR341717,55,1444441,16,311176,4,0
Bacteroides_massiliensis_44749,700097688,SRR413557,44,1406295,15,302939,3,0
Bacteroides_massiliensis_44749,700097688,SRR413566,54,1466638,13,316029,0,0
Bacteroides_massiliensis_44749,700097688,SRR413622,58,1446909,16,311754,7,0
Bacteroides_massiliensis_44749,700097688,SRR413651,68,1420663,19,306051,0,0
Bacteroides_massiliensis_44749,700097688,donald4-11-30-0_,76,1464080,14,315531,0,0
Bacteroides_massiliensis_44749,700098267,700098867,91,1475969,38,318128,4,0
Bacteroides_massiliensis_44749,700098267,700105049,151,1419755,39,305656,10,0
Bacteroides_massiliensis_44749,700098267,700105882,139,1452942,61,312824,4,0
Bacteroides_massiliensis_44749,700098267,700105940,149,1417366,53,305113,6,0
Bacteroides_massiliensis_44749,700098267,700107189,147,1313124,57,281634,10,0
Bacteroides_massiliensis_44749,700098267,700164249,123,1429238,45,307933,4,0
Bacteroides_massiliensis_44749,700098267,700173320,155,1364098,45,294199,8,0
Bacteroides_massiliensis_44749,700098267,700175331,125,1460988,33,314519,6,0
Bacteroides_massiliensis_44749,700098267,ERR912165,122,1465111,32,315507,4,0
Bacteroides_massiliensis_44749,700098267,ERR912195,161,1418589,41,305494,8,0
Bacteroides_massiliensis_44749,700098267,SRR2822459,122,1477365,30,318292,5,0
Bacteroides_massiliensis_44749,700098267,SRR413589,114,1426696,35,307349,8,0
Bacteroides_massiliensis_44749,700098867,700105049,132,1443521,45,310965,5,0
Bacteroides_massiliensis_44749,700098867,700105882,119,1474667,53,317723,0,0
Bacteroides_massiliensis_44749,700098867,700105940,130,1439894,51,310172,0,0
Bacteroides_massiliensis_44749,700098867,700107189,133,1327683,51,284960,6,0
Bacteroides_massiliensis_44749,700098867,700164249,106,1452867,38,313151,0,0
Bacteroides_massiliensis_44749,700098867,700173320,142,1387975,49,299608,4,0
Bacteroides_massiliensis_44749,700098867,700175331,107,1482108,30,319275,0,0
Bacteroides_massiliensis_44749,700098867,ERR912165,97,1489586,29,321058,0,0
Bacteroides_massiliensis_44749,700098867,ERR912195,139,1442397,43,310786,5,0
Bacteroides_massiliensis_44749,700098867,SRR2822459,93,1497580,22,322841,0,0
Bacteroides_massiliensis_44749,700098867,SRR413589,100,1448912,24,312427,4,0
Bacteroides_massiliensis_44749,700102299,700105580,47,1504810,12,324089,0,0
Bacteroides_massiliensis_44749,700102299,700167759,75,1457089,24,313884,2,0
Bacteroides_massiliensis_44749,700102299,SRR341630,73,1435199,27,308049,0,0
Bacteroides_massiliensis_44749,700102299,SRR341691,50,1471236,22,316595,4,0
Bacteroides_massiliensis_44749,700102299,SRR341709,56,1468467,21,315998,4,0
Bacteroides_massiliensis_44749,700102299,SRR341717,56,1471180,24,316607,4,0
Bacteroides_massiliensis_44749,700102299,SRR413557,55,1436051,23,309017,4,0
Bacteroides_massiliensis_44749,700102299,SRR413566,54,1505917,18,324384,0,0
Bacteroides_massiliensis_44749,700102299,SRR413622,55,1473580,23,317203,4,0
Bacteroides_massiliensis_44749,700102299,SRR413651,68,1457991,24,314008,0,0
Bacteroides_massiliensis_44749,700102299,donald4-11-30-0_,79,1491006,20,320958,3,0
Bacteroides_massiliensis_44749,700105049,700105882,127,1460285,58,314229,5,0
Bacteroides_massiliensis_44749,700105049,700105940,128,1413793,48,304234,5,0
Bacteroides_massiliensis_44749,700105049,700107189,122,1334625,51,286042,4,0
Bacteroides_massiliensis_44749,700105049,700164249,139,1412002,52,303955,5,0
Bacteroides_massiliensis_44749,700105049,700173320,144,1394558,45,300426,6,0
Bacteroides_massiliensis_44749,700105049,700175331,129,1448087,36,311511,4,0
Bacteroides_massiliensis_44749,700105049,ERR912165,149,1444392,45,310897,7,0
Bacteroides_massiliensis_44749,700105049,ERR912195,61,1502128,17,323587,0,0
Bacteroides_massiliensis_44749,700105049,SRR2822459,156,1450536,39,312314,3,0
Bacteroides_massiliensis_44749,700105049,SRR413589,131,1404069,36,302392,8,0
Bacteroides_massiliensis_44749,700105580,700167759,80,1456310,23,313638,2,0
Bacteroides_massiliensis_44749,700105580,SRR341630,79,1436772,25,308362,0,0
Bacteroides_massiliensis_44749,700105580,SRR341691,57,1471743,21,316626,4,0
Bacteroides_massiliensis_44749,700105580,SRR341709,62,1469030,21,316056,4,0
Bacteroides_massiliensis_44749,700105580,SRR341717,61,1471668,23,316646,4,0
Bacteroides_massiliensis_44749,700105580,SRR413557,61,1431791,23,308085,3,0
Bacteroides_massiliensis_44749,700105580,SRR413622,64,1472825,21,316940,7,0
Bacteroides_massiliensis_44749,700105580,SRR413651,73,1457869,22,313921,0,0
Bacteroides_massiliensis_44749,700105580,donald4-11-30-0_,92,1491761,20,321033,3,0
Bacteroides_massiliensis_44749,700105882,700105940,131,1458302,63,313991,0,0
Bacteroides_massiliensis_44749,700105882,700107189,130,1322978,68,284003,0,0
Bacteroides_massiliensis_44749,700105882,700164249,127,1443372,61,310868,0,0
Bacteroides_massiliensis_44749,700105882,700173320,144,1406089,60,303061,0,0
Bacteroides_massiliensis_44749,700105882,700175331,135,1493247,40,321689,0,0
Bacteroides_massiliensis_44749,700105882,ERR912165,130,1472876,51,317126,2,0
Bacteroides_massiliensis_44749,700105882,ERR912195,129,1457881,56,313784,5,0
Bacteroides_massiliensis_44749,700105882,SRR2822459,148,1478223,46,318362,0,0
Bacteroides_massiliensis_44749,700105882,SRR413589,128,1441401,44,310574,2,0
Bacteroides_massiliensis_44749,700105940,700107189,143,1299111,67,278493,0,0
Bacteroides_massiliensis_44749,700105940,700164249,138,1412475,60,304152,0,0
Bacteroides_massiliensis_44749,700105940,700173320,149,1366431,54,294497,2,0
Bacteroides_massiliensis_44749,700105940,700175331,138,1447020,44,311481,0,0
Bacteroides_massiliensis_44749,700105940,ERR912165,137,1439265,52,309816,0,0
Bacteroides_massiliensis_44749,700105940,ERR912195,140,1419700,53,305569,5,0
Bacteroides_massiliensis_44749,700105940,SRR2822459,151,1444029,45,310943,0,0
Bacteroides_massiliensis_44749,700105940,SRR413589,134,1406920,44,303002,2,0
Bacteroides_massiliensis_44749,700106229,SRR341650,120,1297752,39,278265,10,0
Bacteroides_massiliensis_44749,700106229,SRR413562,115,1233757,34,265191,8,0
Bacteroides_massiliensis_44749,700106229,SRR413565,83,1509297,16,325242,0,0
Bacteroides_massiliensis_44749,700107189,700164249,151,1291373,61,276844,3,0
Bacteroides_massiliensis_44749,700107189,700173320,130,1243894,43,267202,4,0
Bacteroides_massiliensis_44749,700107189,700175331,128,1317729,41,282408,5,0
Bacteroides_massiliensis_44749,700107189,ERR912165,150,1324079,56,284054,2,0
Bacteroides_massiliensis_44749,700107189,ERR912195,121,1326976,53,284525,4,0
Bacteroides_massiliensis_44749,700107189,SRR2822459,159,1332348,50,285856,5,0
Bacteroides_massiliensis_44749,700107189,SRR413589,139,1285610,50,275733,6,0
Bacteroides_massiliensis_44749,700116028,SRR413623,109,1120589,53,241462,4,0
Bacteroides_massiliensis_44749,700164249,700173320,149,1366321,41,294635,4,0
Bacteroides_massiliensis_44749,700164249,700175331,124,1453090,40,312892,0,0
Bacteroides_massiliensis_44749,700164249,ERR912165,112,1449349,38,312157,0,0
Bacteroides_massiliensis_44749,700164249,ERR912195,144,1405804,54,302764,5,0
Bacteroides_massiliensis_44749,700164249,SRR2822459,127,1456170,32,313740,3,0
Bacteroides_massiliensis_44749,700167759,SRR341630,59,1469992,17,315807,2,0
Bacteroides_massiliensis_44749,700167759,SRR341691,68,1440566,21,310147,4,0
Bacteroides_massiliensis_44749,700167759,SRR341709,71,1440484,26,310144,4,0
Bacteroides_massiliensis_44749,700167759,SRR341717,73,1441020,25,310300,4,0
Bacteroides_massiliensis_44749,700167759,SRR413557,73,1419430,25,305636,2,0
Bacteroides_massiliensis_44749,700167759,SRR413566,71,1457568,19,314077,2,0
Bacteroides_massiliensis_44749,700167759,SRR413622,69,1442673,23,310719,4,0
Bacteroides_massiliensis_44749,700167759,donald4-11-30-0_,96,1446389,22,311421,3,0
Bacteroides_massiliensis_44749,700172621,SRR341725,91,1452759,43,312878,0,0
Bacteroides_massiliensis_44749,700172621,SRR413585,123,1393319,61,299865,0,0
Bacteroides_massiliensis_44749,700172621,SRR413600,116,1429826,51,307866,4,0
Bacteroides_massiliensis_44749,700172621,SRR413621,125,1390999,52,299291,0,0
Bacteroides_massiliensis_44749,700172621,SRR413653,114,1436647,57,309346,2,0
Bacteroides_massiliensis_44749,700173320,700175331,149,1390995,30,299705,2,0
Bacteroides_massiliensis_44749,700173320,ERR912165,157,1388865,41,299600,4,0
Bacteroides_massiliensis_44749,700173320,ERR912195,152,1390717,46,299694,6,0
Bacteroides_massiliensis_44749,700173320,SRR2822459,159,1393396,35,300688,4,0
Bacteroides_massiliensis_44749,700173320,SRR413589,150,1366543,39,294692,7,0
Bacteroides_massiliensis_44749,700175331,ERR912165,121,1480180,27,318620,0,0
Bacteroides_massiliensis_44749,700175331,ERR912195,137,1448873,37,311767,4,0
Bacteroides_massiliensis_44749,700175331,SRR2822459,126,1484743,22,319708,0,0
Bacteroides_massiliensis_44749,700175331,SRR413589,118,1448781,24,312116,2,0
Bacteroides_massiliensis_44749,ERR912165,ERR912195,155,1445999,47,311329,7,0
Bacteroides_massiliensis_44749,SRR2822459,ERR912165,126,1492170,22,321469,2,0
Bacteroides_massiliensis_44749,SRR2822459,ERR912195,160,1450030,42,312292,3,0
Bacteroides_massiliensis_44749,SRR2822459,SRR413589,121,1452642,17,313079,4,0
Bacteroides_massiliensis_44749,SRR341630,SRR341691,64,1420218,23,304725,4,0
Bacteroides_massiliensis_44749,SRR341630,SRR341709,74,1419033,25,304458,4,0
Bacteroides_massiliensis_44749,SRR341630,SRR341717,74,1423819,31,305520,4,0
Bacteroides_massiliensis_44749,SRR341630,SRR413557,60,1375709,20,295142,3,0
Bacteroides_massiliensis_44749,SRR341630,SRR413566,70,1437830,20,308690,0,0
Bacteroides_massiliensis_44749,SRR341630,SRR413622,78,1423316,29,305434,9,0
Bacteroides_massiliensis_44749,SRR341630,SRR413651,52,1472140,17,316216,0,0
Bacteroides_massiliensis_44749,SRR341630,donald4-11-30-0_,94,1423911,24,305521,3,0
Bacteroides_massiliensis_44749,SRR341650,SRR413562,104,1380237,56,295818,2,0
Bacteroides_massiliensis_44749,SRR341650,SRR413565,126,1312172,46,281377,10,0
Bacteroides_massiliensis_44749,SRR341691,SRR413557,51,1420100,16,305732,7,0
Bacteroides_massiliensis_44749,SRR341691,SRR413566,49,1472953,15,317065,4,0
Bacteroides_massiliensis_44749,SRR341691,SRR413622,20,1508631,6,325041,3,0
Bacteroides_massiliensis_44749,SRR341691,SRR413651,67,1444754,22,311008,8,0
Bacteroides_massiliensis_44749,SRR341691,donald4-11-30-0_,75,1474095,18,317255,7,0
Bacteroides_massiliensis_44749,SRR341699,SRR413658,44,1395940,26,300234,0,0
Bacteroides_massiliensis_44749,SRR341700,SRR413658,44,1395756,28,300179,3,0
Bacteroides_massiliensis_44749,SRR341709,SRR413557,51,1422599,18,306278,7,0
Bacteroides_massiliensis_44749,SRR341709,SRR413566,52,1470287,14,316505,4,0
Bacteroides_massiliensis_44749,SRR341709,SRR413622,23,1505788,5,324435,3,0
Bacteroides_massiliensis_44749,SRR341709,SRR413651,66,1442381,23,310515,4,0
Bacteroides_massiliensis_44749,SRR341709,donald4-11-30-0_,77,1471352,17,316680,4,0
Bacteroides_massiliensis_44749,SRR341714,SRR413577,62,1471629,24,316714,2,0
Bacteroides_massiliensis_44749,SRR341717,SRR413557,55,1419873,19,305715,7,0
Bacteroides_massiliensis_44749,SRR341717,SRR413566,54,1472899,17,317087,4,0
Bacteroides_massiliensis_44749,SRR341717,SRR413622,23,1508449,8,325032,3,0
Bacteroides_massiliensis_44749,SRR341717,SRR413651,69,1444939,26,311079,6,0
Bacteroides_massiliensis_44749,SRR341717,donald4-11-30-0_,79,1473860,20,317250,4,0
Bacteroides_massiliensis_44749,SRR341725,SRR413585,116,1347677,58,289905,0,0
Bacteroides_massiliensis_44749,SRR341725,SRR413600,116,1391185,55,299478,2,0
Bacteroides_massiliensis_44749,SRR341725,SRR413621,121,1344248,53,289080,0,0
Bacteroides_massiliensis_44749,SRR341725,SRR413653,115,1397365,59,300862,0,0
Bacteroides_massiliensis_44749,SRR413557,SRR413566,52,1442522,12,310574,3,0
Bacteroides_massiliensis_44749,SRR413557,SRR413622,49,1425423,23,307003,4,0
Bacteroides_massiliensis_44749,SRR413557,SRR413651,65,1405704,23,302677,3,0
Bacteroides_massiliensis_44749,SRR413557,donald4-11-30-0_,80,1436682,19,309246,6,0
Bacteroides_massiliensis_44749,SRR413562,SRR413565,121,1247689,36,268331,6,0
Bacteroides_massiliensis_44749,SRR413566,SRR413622,52,1474388,15,317478,7,0
Bacteroides_massiliensis_44749,SRR413566,SRR413651,63,1459711,18,314481,0,0
Bacteroides_massiliensis_44749,SRR413566,donald4-11-30-0_,78,1493920,15,321675,6,0
Bacteroides_massiliensis_44749,SRR413585,SRR413600,51,1427446,22,307254,0,0
Bacteroides_massiliensis_44749,SRR413585,SRR413621,59,1499032,17,323036,0,0
Bacteroides_massiliensis_44749,SRR413585,SRR413653,65,1438340,25,309606,0,0
Bacteroides_massiliensis_44749,SRR413587,ERR912059,135,1481510,67,319255,6,0
Bacteroides_massiliensis_44749,SRR413589,ERR912165,104,1445287,21,311426,4,0
Bacteroides_massiliensis_44749,SRR413589,ERR912195,134,1398984,37,301411,8,0
Bacteroides_massiliensis_44749,SRR413600,SRR413621,56,1435475,13,309045,0,0
Bacteroides_massiliensis_44749,SRR413600,SRR413653,50,1494486,19,322099,0,0
Bacteroides_massiliensis_44749,SRR413621,SRR413653,64,1445938,18,311301,0,0
Bacteroides_massiliensis_44749,SRR413622,SRR413651,69,1446479,24,311473,10,0
Bacteroides_massiliensis_44749,SRR413622,donald4-11-30-0_,78,1475295,18,317626,10,0
Bacteroides_massiliensis_44749,SRR413651,donald4-11-30-0_,89,1447931,21,311702,3,0
Bacteroides_massiliensis_44749,700013603,700014837,58,1502749,13,323981,0,0
Bacteroides_massiliensis_44749,700013603,700016000,58,1506210,20,324813,0,0
Bacteroides_massiliensis_44749,700013603,700016716,54,1503162,10,324213,0,0
Bacteroides_massiliensis_44749,700013603,700023337,56,1505335,17,324533,0,0
Bacteroides_massiliensis_44749,700013603,700034926,51,1503480,10,324090,0,0
Bacteroides_massiliensis_44749,700013603,700171390,57,1503747,12,324201,0,0
Bacteroides_massiliensis_44749,700013672,700105049,52,1494801,17,321981,0,0
Bacteroides_massiliensis_44749,700014837,700016000,55,1506110,18,324596,0,0
Bacteroides_massiliensis_44749,700014837,700016716,43,1504364,9,324256,0,0
Bacteroides_massiliensis_44749,700014837,700023337,45,1506740,16,324614,0,0
Bacteroides_massiliensis_44749,700014837,700034926,46,1505616,9,324358,0,0
Bacteroides_massiliensis_44749,700014837,700171390,45,1504700,11,324175,0,0
Bacteroides_massiliensis_44749,700015250,SRR413589,67,1501009,20,323349,0,0
Bacteroides_massiliensis_44749,700016000,700016716,51,1506511,15,324827,0,0
Bacteroides_massiliensis_44749,700016000,700023337,52,1508815,20,325167,0,0
Bacteroides_massiliensis_44749,700016000,700034926,49,1506856,13,324704,0,0
Bacteroides_massiliensis_44749,700016000,700171390,55,1506904,17,324764,0,0
Bacteroides_massiliensis_44749,700016716,700023337,44,1506595,12,324724,0,0
Bacteroides_massiliensis_44749,700016716,700034926,44,1505194,6,324378,0,0
Bacteroides_massiliensis_44749,700016716,700171390,46,1504689,8,324322,0,0
Bacteroides_massiliensis_44749,700021824,SRR413662,78,1508350,14,324991,0,0
Bacteroides_massiliensis_44749,700023337,700034926,43,1507567,11,324765,0,0
Bacteroides_massiliensis_44749,700023337,700171390,43,1507363,15,324750,0,0
Bacteroides_massiliensis_44749,700023872,700095717,84,1515670,18,326774,0,0
Bacteroides_massiliensis_44749,700024024,SRR2822459,96,1500619,23,323204,0,0
Bacteroides_massiliensis_44749,700024234,700105580,55,1499848,11,323012,0,0
Bacteroides_massiliensis_44749,700024234,SRR413566,59,1501976,16,323655,0,0
Bacteroides_massiliensis_44749,700034081,700111296,132,1505574,28,324545,0,0
Bacteroides_massiliensis_44749,700034926,700171390,43,1505433,8,324304,0,0
Bacteroides_massiliensis_44749,700097234,700164249,76,1492346,28,321889,0,0
Bacteroides_massiliensis_44749,700097234,SRR413589,62,1490591,17,321488,0,0
Bacteroides_massiliensis_44749,700102586,700109449,39,1504435,10,324330,0,0
Bacteroides_massiliensis_44749,700105580,SRR413566,63,1506110,19,324340,0,0
Bacteroides_massiliensis_44749,700164249,SRR413589,75,1500197,25,323244,0,0
Bacteroides_massiliensis_44749,700167759,SRR413651,24,1508505,5,325237,0,0
Bacteroides_massiliensis_44749,SRR341691,SRR341709,21,1505440,5,324297,0,0
Bacteroides_massiliensis_44749,SRR341691,SRR341717,11,1508117,4,324911,0,0
Bacteroides_massiliensis_44749,SRR341699,SRR341700,12,1482557,3,319371,0,0
Bacteroides_massiliensis_44749,SRR341709,SRR341717,25,1505268,7,324285,0,0
Bacteroides_ovatus_58035,700014562,700014724,33,555677,12,121200,0,0
Bacteroides_ovatus_58035,700014562,700016000,39,556732,15,121481,0,0
Bacteroides_ovatus_58035,700014562,700023113,20,560193,10,122154,0,0
Bacteroides_ovatus_58035,700014562,700095213,26,559214,13,122021,0,0
Bacteroides_ovatus_58035,700014562,700102043,24,559626,14,122146,0,0
Bacteroides_ovatus_58035,700014562,700106170,28,562018,14,122655,0,0
Bacteroides_ovatus_58035,700014562,700114082,31,561491,18,122489,0,0
Bacteroides_ovatus_58035,700014562,700116468,32,555173,14,121039,0,0
Bacteroides_ovatus_58035,700014562,700117239,26,556808,14,121452,0,0
Bacteroides_ovatus_58035,700014562,700122765,29,561313,24,122539,0,0
Bacteroides_ovatus_58035,700014562,700123135,28,556215,8,121355,0,0
Bacteroides_ovatus_58035,700014562,700161945,21,551372,7,120144,0,0
Bacteroides_ovatus_58035,700014562,700164641,27,550711,12,120198,0,0
Bacteroides_ovatus_58035,700014562,700171441,24,545657,18,118664,0,0
Bacteroides_ovatus_58035,700014562,ERR911967,21,556205,10,121291,0,0
Bacteroides_ovatus_58035,700014562,ERR912031,29,538154,17,117108,2,0
Bacteroides_ovatus_58035,700014724,700023113,15,604503,2,131776,0,0
Bacteroides_ovatus_58035,700014724,700095213,13,602975,2,131483,0,0
Bacteroides_ovatus_58035,700014724,700102043,15,603086,3,131534,0,0
Bacteroides_ovatus_58035,700014724,700106170,16,601795,0,131227,0,0
Bacteroides_ovatus_58035,700014724,700114082,18,602408,4,131257,0,0
Bacteroides_ovatus_58035,700014724,700116468,18,597936,2,130260,0,0
Bacteroides_ovatus_58035,700014724,700122765,16,599243,3,130691,0,0
Bacteroides_ovatus_58035,700014724,700123135,22,603442,0,131577,0,0
Bacteroides_ovatus_58035,700014724,700164641,15,594270,1,129591,0,0
Bacteroides_ovatus_58035,700014724,700171441,15,599192,12,130353,0,0
Bacteroides_ovatus_58035,700014724,ERR911967,16,600414,2,130888,0,0
Bacteroides_ovatus_58035,700014724,ERR912031,28,575273,18,125170,0,0
Bacteroides_ovatus_58035,700014724,ERR912193,35,557828,13,121630,0,0
Bacteroides_ovatus_58035,700016000,700023113,24,606449,6,132293,0,0
Bacteroides_ovatus_58035,700016000,700095213,20,603225,5,131568,0,0
Bacteroides_ovatus_58035,700016000,700102043,22,603503,6,131675,0,0
Bacteroides_ovatus_58035,700016000,700106170,23,602456,3,131441,0,0
Bacteroides_ovatus_58035,700016000,700114082,25,602349,7,131297,0,0
Bacteroides_ovatus_58035,700016000,700116468,25,598453,5,130413,0,0
Bacteroides_ovatus_58035,700016000,700122765,24,603385,12,131636,0,0
Bacteroides_ovatus_58035,700016000,700123135,29,604719,3,131931,0,0
Bacteroides_ovatus_58035,700016000,700164641,22,594201,4,129629,0,0
Bacteroides_ovatus_58035,700016000,700171441,22,599734,15,130513,0,0
Bacteroides_ovatus_58035,700016000,ERR911967,23,601625,5,131220,0,0
Bacteroides_ovatus_58035,700016000,ERR912031,40,577496,27,125736,0,0
Bacteroides_ovatus_58035,700016000,ERR912193,41,558998,16,121937,0,0
Bacteroides_ovatus_58035,700016542,700023919,26,524744,1,114226,2,0
Bacteroides_ovatus_58035,700016542,700024086,61,400879,4,87335,6,0
Bacteroides_ovatus_58035,700016542,700096865,7,563410,1,122783,0,0
Bacteroides_ovatus_58035,700016542,700106170,92,452832,42,98717,4,0
Bacteroides_ovatus_58035,700016542,700117239,88,448123,38,97637,3,0
Bacteroides_ovatus_58035,700016542,700123135,94,452247,37,98589,6,0
Bacteroides_ovatus_58035,700016542,700161342,4,556629,0,121350,0,0
Bacteroides_ovatus_58035,700016542,700171648,19,529078,3,115072,2,0
Bacteroides_ovatus_58035,700016542,700172813,15,531707,2,115899,0,0
Bacteroides_ovatus_58035,700016542,ERR912031,98,460632,47,100660,4,0
Bacteroides_ovatus_58035,700023113,700106170,11,606331,2,132266,0,0
Bacteroides_ovatus_58035,700023113,700116468,13,602688,4,131317,0,0
Bacteroides_ovatus_58035,700023113,700117239,9,605789,4,132040,0,0
Bacteroides_ovatus_58035,700023113,700122765,11,603561,5,131672,0,0
Bacteroides_ovatus_58035,700023113,700161945,11,604481,2,131683,0,0
Bacteroides_ovatus_58035,700023113,700171441,12,597190,14,129872,0,0
Bacteroides_ovatus_58035,700023113,700171648,60,446756,28,97169,4,0
Bacteroides_ovatus_58035,700023113,ERR911967,11,609207,4,132820,0,0
Bacteroides_ovatus_58035,700023113,ERR912031,24,582452,16,126740,2,0
Bacteroides_ovatus_58035,700023113,ERR912193,30,565695,16,123371,0,0
Bacteroides_ovatus_58035,700023267,700107930,38,510830,20,111180,2,0
Bacteroides_ovatus_58035,700023267,700111223,41,503170,11,109613,3,0
Bacteroides_ovatus_58035,700023267,700161856,34,503833,6,109532,6,0
Bacteroides_ovatus_58035,700023267,ERR912068,34,513916,9,111771,0,0
Bacteroides_ovatus_58035,700023267,ERR912139,35,472690,9,102599,3,0
Bacteroides_ovatus_58035,700023337,700033797,27,498117,10,108750,3,0
Bacteroides_ovatus_58035,700023337,700121919,14,539955,5,117644,0,0
Bacteroides_ovatus_58035,700023337,ERR911997,10,540066,1,117649,0,0
Bacteroides_ovatus_58035,700023337,ERR912004,25,491108,17,107328,2,0
Bacteroides_ovatus_58035,700023337,ERR912033,21,496706,7,108351,0,0
Bacteroides_ovatus_58035,700023337,ERR912114,12,551836,3,120271,0,0
Bacteroides_ovatus_58035,700023337,ERR912181,14,525928,2,114579,0,0
Bacteroides_ovatus_58035,700023337,SRR341651,23,498297,11,108571,0,0
Bacteroides_ovatus_58035,700023337,SRR413629,18,546433,4,119011,3,0
Bacteroides_ovatus_58035,700023919,700024086,69,393653,8,85730,6,0
Bacteroides_ovatus_58035,700023919,700096865,43,531237,5,115698,2,0
Bacteroides_ovatus_58035,700023919,700161342,22,548202,2,119350,0,0
Bacteroides_ovatus_58035,700023919,700171648,22,557863,2,121219,2,0
Bacteroides_ovatus_58035,700023919,700172813,20,562078,1,122432,2,0
Bacteroides_ovatus_58035,700024086,700096865,70,402023,6,87759,4,0
Bacteroides_ovatus_58035,700024086,700161342,64,408986,5,89232,6,0
Bacteroides_ovatus_58035,700024086,700171648,65,395733,6,86173,4,0
Bacteroides_ovatus_58035,700024086,700172813,61,395634,5,86345,4,0
Bacteroides_ovatus_58035,700024233,700038702,41,449346,18,97992,5,0
Bacteroides_ovatus_58035,700024233,ERR911970,48,497700,13,108356,8,0
Bacteroides_ovatus_58035,700024449,700117766,48,484359,10,105202,12,0
Bacteroides_ovatus_58035,700024449,ERR911986,25,484565,10,105145,0,0
Bacteroides_ovatus_58035,700024673,700033797,54,421249,18,91600,4,0
Bacteroides_ovatus_58035,700024673,700035747,62,444823,25,96409,4,0
Bacteroides_ovatus_58035,700024673,700038167,36,472073,7,102591,2,0
Bacteroides_ovatus_58035,700024673,700106325,18,528941,14,115304,0,0
Bacteroides_ovatus_58035,700024673,700122860,39,448357,9,97700,0,0
Bacteroides_ovatus_58035,700024673,700123959,53,428668,6,93036,14,0
Bacteroides_ovatus_58035,700024673,ERR912033,50,410865,16,89050,0,0
Bacteroides_ovatus_58035,700024673,ERR912038,43,429112,6,93068,9,0
Bacteroides_ovatus_58035,700024673,ERR912052,53,425476,9,92249,15,0
Bacteroides_ovatus_58035,700024673,ERR912187,47,430932,14,93475,7,0
Bacteroides_ovatus_58035,700024673,SRR341651,42,421004,13,91345,0,0
Bacteroides_ovatus_58035,700024789,ERR912163,10,552865,5,120307,0,0
Bacteroides_ovatus_58035,700024930,700038594,30,541687,12,117987,2,0
Bacteroides_ovatus_58035,700024930,700116401,30,542041,15,118025,2,0
Bacteroides_ovatus_58035,700024930,700172132,57,521988,22,113739,5,0
Bacteroides_ovatus_58035,700024930,SRR413659,51,467103,21,101732,0,0
Bacteroides_ovatus_58035,700033797,700034166,22,498787,11,108882,3,0
Bacteroides_ovatus_58035,700033797,700038167,38,428997,14,92951,0,0
Bacteroides_ovatus_58035,700033797,700121919,27,491013,10,107163,3,0
Bacteroides_ovatus_58035,700033797,700173546,21,502869,10,109783,3,0
Bacteroides_ovatus_58035,700033797,ERR911997,21,485786,6,106000,3,0
Bacteroides_ovatus_58035,700033797,ERR912004,15,533644,8,116408,3,0
Bacteroides_ovatus_58035,700033797,ERR912033,11,540047,4,117627,0,0
Bacteroides_ovatus_58035,700033797,ERR912064,23,499263,12,108941,3,0
Bacteroides_ovatus_58035,700033797,ERR912113,23,498541,10,108842,3,0
Bacteroides_ovatus_58035,700033797,ERR912114,25,498688,8,108888,3,0
Bacteroides_ovatus_58035,700033797,ERR912181,29,476727,9,104130,6,0
Bacteroides_ovatus_58035,700033797,SRR341651,11,539230,3,117328,0,0
Bacteroides_ovatus_58035,700033797,SRR413629,30,496495,12,108320,5,0
Bacteroides_ovatus_58035,700033922,700172621,23,427094,12,93196,0,0
Bacteroides_ovatus_58035,700034166,700121919,8,542040,4,118101,0,0
Bacteroides_ovatus_58035,700034166,ERR911997,5,542461,2,118215,0,0
Bacteroides_ovatus_58035,700034166,ERR912004,19,496071,20,108331,0,0
Bacteroides_ovatus_58035,700034166,ERR912033,18,494318,8,107882,2,0
Bacteroides_ovatus_58035,700034166,ERR912114,9,554346,5,120877,0,0
Bacteroides_ovatus_58035,700034166,ERR912181,12,528385,2,115154,0,0
Bacteroides_ovatus_58035,700034166,SRR341651,18,497500,9,108436,0,0
Bacteroides_ovatus_58035,700034166,SRR413629,13,549107,5,119653,2,0
Bacteroides_ovatus_58035,700034794,700108840,16,537867,15,117229,2,0
Bacteroides_ovatus_58035,700034794,ERR912183,38,490908,10,106765,3,0
Bacteroides_ovatus_58035,700034794,SRR413577,20,499037,14,108604,0,0
Bacteroides_ovatus_58035,700034794,SRR413641,15,504856,4,109825,0,0
Bacteroides_ovatus_58035,700035747,700038167,36,509513,17,110621,4,0
Bacteroides_ovatus_58035,700035747,700122860,41,487861,12,106112,2,0
Bacteroides_ovatus_58035,700035747,700123959,68,461855,21,100167,19,0
Bacteroides_ovatus_58035,700035747,ERR912038,58,463202,17,100420,12,0
Bacteroides_ovatus_58035,700035747,ERR912052,66,455487,15,98763,21,0
Bacteroides_ovatus_58035,700035747,ERR912187,60,460882,26,99904,16,0
Bacteroides_ovatus_58035,700035785,700037042,114,425374,31,92342,12,0
Bacteroides_ovatus_58035,700035785,700095410,82,426474,28,92918,12,0
Bacteroides_ovatus_58035,700035785,700106065,77,420555,20,91228,11,0
Bacteroides_ovatus_58035,700035785,700106754,76,425718,25,92642,11,0
Bacteroides_ovatus_58035,700035785,700114218,81,426170,26,92787,14,0
Bacteroides_ovatus_58035,700035785,700163030,66,455036,29,98865,6,0
Bacteroides_ovatus_58035,700035785,700163419,78,424097,24,92323,10,0
Bacteroides_ovatus_58035,700035785,700164792,81,428199,27,93268,15,0
Bacteroides_ovatus_58035,700037042,700095410,61,518285,8,112768,3,0
Bacteroides_ovatus_58035,700037042,700106056,60,517445,13,112404,3,0
Bacteroides_ovatus_58035,700037042,700106754,62,521607,10,113388,3,0
Bacteroides_ovatus_58035,700037042,700114218,65,522201,11,113540,3,0
Bacteroides_ovatus_58035,700037042,700122108,113,430573,25,93618,14,0
Bacteroides_ovatus_58035,700037042,700163030,73,506933,16,110085,7,0
Bacteroides_ovatus_58035,700037042,700163419,63,521243,11,113365,3,0
Bacteroides_ovatus_58035,700037042,700164792,57,521010,10,113279,3,0
Bacteroides_ovatus_58035,700037090,700102242,107,457940,47,99360,11,0
Bacteroides_ovatus_58035,700037090,ERR912179,104,462120,50,100312,4,0
Bacteroides_ovatus_58035,700038167,700106325,43,450025,13,97820,2,0
Bacteroides_ovatus_58035,700038167,700122860,25,517921,4,112855,2,0
Bacteroides_ovatus_58035,700038167,700123959,46,497374,6,108073,12,0
Bacteroides_ovatus_58035,700038167,ERR912004,48,426256,19,92400,0,0
Bacteroides_ovatus_58035,700038167,ERR912033,41,436275,19,94474,0,0
Bacteroides_ovatus_58035,700038167,ERR912038,41,501909,5,109082,7,0
Bacteroides_ovatus_58035,700038167,ERR912052,50,494274,5,107457,17,0
Bacteroides_ovatus_58035,700038167,ERR912187,43,499950,19,108660,12,0
Bacteroides_ovatus_58035,700038167,SRR341651,35,431492,10,93220,0,0
Bacteroides_ovatus_58035,700038594,700172132,43,520193,15,113405,3,0
Bacteroides_ovatus_58035,700038594,SRR413659,43,468663,14,102075,2,0
Bacteroides_ovatus_58035,700038702,ERR911970,56,483865,18,105326,13,0
Bacteroides_ovatus_58035,700095213,700106170,9,604008,2,131780,0,0
Bacteroides_ovatus_58035,700095213,700116468,11,600046,4,130800,0,0
Bacteroides_ovatus_58035,700095213,700117239,7,603265,4,131539,0,0
Bacteroides_ovatus_58035,700095213,700122765,9,601645,5,131280,0,0
Bacteroides_ovatus_58035,700095213,700161945,11,602530,2,131329,0,0
Bacteroides_ovatus_58035,700095213,700171441,10,594528,11,129336,0,0
Bacteroides_ovatus_58035,700095213,ERR911967,9,602400,4,131393,0,0
Bacteroides_ovatus_58035,700095213,ERR912031,21,577345,20,125695,0,0
Bacteroides_ovatus_58035,700095213,ERR912193,28,560690,14,122321,0,0
Bacteroides_ovatus_58035,700095410,700106056,15,545884,6,118896,0,0
Bacteroides_ovatus_58035,700095410,700106065,25,518746,4,112825,4,0
Bacteroides_ovatus_58035,700095410,700122108,85,432367,24,94250,18,0
Bacteroides_ovatus_58035,700095410,700163030,42,506898,11,110297,10,0
Bacteroides_ovatus_58035,700096865,700161342,11,557307,1,121666,0,0
Bacteroides_ovatus_58035,700096865,700171648,38,535107,7,116445,2,0
Bacteroides_ovatus_58035,700096865,700172813,35,538384,6,117453,2,0
Bacteroides_ovatus_58035,700097234,ERR912150,34,455973,10,99415,4,0
Bacteroides_ovatus_58035,700098867,700111745,16,541336,18,118068,0,0
Bacteroides_ovatus_58035,700098867,700164354,17,541745,17,118177,0,0
Bacteroides_ovatus_58035,700098867,700172393,23,541685,15,118109,0,0
Bacteroides_ovatus_58035,700098867,ERR912127,30,551194,22,120217,0,0
Bacteroides_ovatus_58035,700098867,SRR413556,10,554934,5,121032,0,0
Bacteroides_ovatus_58035,700102043,700106170,11,604170,3,131847,0,0
Bacteroides_ovatus_58035,700102043,700116468,13,600285,5,130876,0,0
Bacteroides_ovatus_58035,700102043,700117239,9,603428,5,131604,0,0
Bacteroides_ovatus_58035,700102043,700122765,11,601931,6,131370,0,0
Bacteroides_ovatus_58035,700102043,700161945,11,602549,3,131343,0,0
Bacteroides_ovatus_58035,700102043,700171441,11,595067,15,129492,0,0
Bacteroides_ovatus_58035,700102043,ERR911967,11,602881,5,131554,0,0
Bacteroides_ovatus_58035,700102043,ERR912031,25,577930,26,125859,0,0
Bacteroides_ovatus_58035,700102043,ERR912193,28,560860,15,122386,0,0
Bacteroides_ovatus_58035,700102242,ERR912061,60,464962,41,100750,2,0
Bacteroides_ovatus_58035,700102242,ERR912081,65,476262,21,103396,10,0
Bacteroides_ovatus_58035,700102242,ERR912179,59,488738,19,106257,10,0
Bacteroides_ovatus_58035,700102242,pluto3-11-0-0_,58,491493,37,106619,5,0
Bacteroides_ovatus_58035,700106056,700106065,24,517993,7,112536,4,0
Bacteroides_ovatus_58035,700106056,700106754,14,547858,4,119220,0,0
Bacteroides_ovatus_58035,700106056,700114218,18,548184,5,119291,0,0
Bacteroides_ovatus_58035,700106056,700122108,76,425702,23,92679,14,0
Bacteroides_ovatus_58035,700106056,700163030,45,504728,21,109737,10,0
Bacteroides_ovatus_58035,700106056,700163419,16,547498,7,119195,0,0
Bacteroides_ovatus_58035,700106056,700164792,12,548549,5,119377,0,0
Bacteroides_ovatus_58035,700106065,700106754,26,520224,4,113050,4,0
Bacteroides_ovatus_58035,700106065,700114218,29,521007,5,113229,4,0
Bacteroides_ovatus_58035,700106065,700122108,76,423465,19,91947,11,0
Bacteroides_ovatus_58035,700106065,700163030,42,507789,13,110244,6,0
Bacteroides_ovatus_58035,700106065,700163419,27,520333,6,113108,4,0
Bacteroides_ovatus_58035,700106065,700164792,21,520556,5,113136,4,0
Bacteroides_ovatus_58035,700106170,700114082,14,603795,4,131652,0,0
Bacteroides_ovatus_58035,700106170,700116468,14,599569,2,130700,0,0
Bacteroides_ovatus_58035,700106170,700117239,10,602787,2,131448,0,0
Bacteroides_ovatus_58035,700106170,700122765,12,601038,3,131177,0,0
Bacteroides_ovatus_58035,700106170,700123135,18,605061,0,132038,0,0
Bacteroides_ovatus_58035,700106170,700161945,14,601777,0,131162,0,0
Bacteroides_ovatus_58035,700106170,700164641,11,595486,1,129935,0,0
Bacteroides_ovatus_58035,700106170,700171441,13,593847,9,129198,0,0
Bacteroides_ovatus_58035,700106170,ERR911967,12,602394,2,131415,0,0
Bacteroides_ovatus_58035,700106170,ERR912031,26,577469,21,125735,0,0
Bacteroides_ovatus_58035,700106170,ERR912193,29,562445,14,122670,0,0
Bacteroides_ovatus_58035,700106325,700122860,47,440792,12,96049,4,0
Bacteroides_ovatus_58035,700106325,ERR912038,50,406493,13,88124,4,0
Bacteroides_ovatus_58035,700106325,ERR912052,68,408342,17,88507,9,0
Bacteroides_ovatus_58035,700106325,ERR912187,44,402692,15,87377,4,0
Bacteroides_ovatus_58035,700106754,700114218,18,555772,5,121087,0,0
Bacteroides_ovatus_58035,700106754,700122108,85,433532,24,94391,14,0
Bacteroides_ovatus_58035,700106754,700163030,43,509218,11,110730,10,0
Bacteroides_ovatus_58035,700107930,700111223,37,508348,13,110855,2,0
Bacteroides_ovatus_58035,700107930,700161856,26,505193,16,109868,0,0
Bacteroides_ovatus_58035,700107930,ERR912068,38,511018,14,111293,3,0
Bacteroides_ovatus_58035,700107930,ERR912139,41,471239,25,102336,2,0
Bacteroides_ovatus_58035,700108840,700113975,21,545287,24,119015,2,0
Bacteroides_ovatus_58035,700108840,700116730,19,544572,18,118840,2,0
Bacteroides_ovatus_58035,700108840,ERR912183,42,490585,26,106945,9,0
Bacteroides_ovatus_58035,700108840,SRR413577,26,497556,27,108499,2,0
Bacteroides_ovatus_58035,700108840,SRR413641,24,497077,17,108265,2,0
Bacteroides_ovatus_58035,700111223,700161856,32,500896,6,108963,3,0
Bacteroides_ovatus_58035,700111223,ERR912068,37,508453,9,110796,0,0
Bacteroides_ovatus_58035,700111223,ERR912139,35,473987,14,103130,2,0
Bacteroides_ovatus_58035,700111745,700172393,18,550699,7,120000,0,0
Bacteroides_ovatus_58035,700111745,ERR912127,15,554979,8,120961,0,0
Bacteroides_ovatus_58035,700111745,SRR413556,28,549175,29,119660,0,0
Bacteroides_ovatus_58035,700113975,ERR912183,40,499512,16,108762,3,0
Bacteroides_ovatus_58035,700113975,SRR413577,26,508203,21,110752,0,0
Bacteroides_ovatus_58035,700113975,SRR413641,19,513944,8,112000,0,0
Bacteroides_ovatus_58035,700114082,700116468,16,600152,6,130748,0,0
Bacteroides_ovatus_58035,700114082,700117239,12,602734,6,131326,0,0
Bacteroides_ovatus_58035,700114082,700122765,14,600976,7,131042,0,0
Bacteroides_ovatus_58035,700114082,700161945,14,602046,4,131128,0,0
Bacteroides_ovatus_58035,700114082,700171441,15,594583,13,129289,0,0
Bacteroides_ovatus_58035,700114082,ERR911967,14,601956,6,131208,0,0
Bacteroides_ovatus_58035,700114082,ERR912031,26,576950,20,125515,0,0
Bacteroides_ovatus_58035,700114082,ERR912193,33,560195,17,122133,0,0
Bacteroides_ovatus_58035,700114218,700122108,92,435117,24,94818,18,0
Bacteroides_ovatus_58035,700114218,700163030,47,509650,13,110854,10,0
Bacteroides_ovatus_58035,700116401,700172132,51,525263,17,114514,3,0
Bacteroides_ovatus_58035,700116401,SRR413659,53,474031,18,103216,0,0
Bacteroides_ovatus_58035,700116468,700117239,12,598837,4,130445,0,0
Bacteroides_ovatus_58035,700116468,700122765,14,597057,4,130164,0,0
Bacteroides_ovatus_58035,700116468,700123135,20,601280,2,131058,0,0
Bacteroides_ovatus_58035,700116468,700161945,16,598170,2,130256,0,0
Bacteroides_ovatus_58035,700116468,700164641,13,591430,3,128940,0,0
Bacteroides_ovatus_58035,700116468,700171441,14,590941,14,128474,0,0
Bacteroides_ovatus_58035,700116468,ERR911967,14,597009,4,130050,0,0
Bacteroides_ovatus_58035,700116468,ERR912031,29,573966,24,124827,0,0
Bacteroides_ovatus_58035,700116468,ERR912193,33,556994,14,121373,0,0
Bacteroides_ovatus_58035,700116730,ERR912183,34,488792,7,106456,0,0
Bacteroides_ovatus_58035,700116730,SRR413577,23,505452,16,110154,0,0
Bacteroides_ovatus_58035,700116730,SRR413641,17,511484,5,111443,0,0
Bacteroides_ovatus_58035,700117239,700122765,10,600622,5,130993,0,0
Bacteroides_ovatus_58035,700117239,700123135,16,604792,2,131890,0,0
Bacteroides_ovatus_58035,700117239,700164641,9,594362,3,129624,0,0
Bacteroides_ovatus_58035,700117239,700171441,10,600053,14,130529,0,0
Bacteroides_ovatus_58035,700117239,700171648,62,439208,27,95657,2,0
Bacteroides_ovatus_58035,700117239,ERR911967,10,601894,4,131196,0,0
Bacteroides_ovatus_58035,700117239,ERR912031,25,576860,26,125509,2,0
Bacteroides_ovatus_58035,700117239,ERR912193,28,559184,15,121918,0,0
Bacteroides_ovatus_58035,700117766,ERR911986,44,467358,27,101356,7,0
Bacteroides_ovatus_58035,700121919,700173546,11,550211,8,119923,0,0
Bacteroides_ovatus_58035,700121919,ERR911997,10,550330,11,119828,0,0
Bacteroides_ovatus_58035,700121919,ERR912004,26,496402,27,108322,0,0
Bacteroides_ovatus_58035,700121919,ERR912033,21,497781,11,108515,0,0
Bacteroides_ovatus_58035,700121919,ERR912064,10,549916,9,119759,0,0
Bacteroides_ovatus_58035,700121919,ERR912113,11,546412,5,119042,0,0
Bacteroides_ovatus_58035,700121919,ERR912114,17,552882,15,120462,0,0
Bacteroides_ovatus_58035,700121919,ERR912181,21,526555,6,114706,4,1
Bacteroides_ovatus_58035,700121919,SRR341651,23,496016,13,107985,0,0
Bacteroides_ovatus_58035,700121919,SRR413629,19,548203,8,119390,2,0
Bacteroides_ovatus_58035,700122108,700163030,70,459735,28,99950,11,0
Bacteroides_ovatus_58035,700122108,700163419,76,429454,23,93602,13,0
Bacteroides_ovatus_58035,700122108,700164792,80,431152,21,93974,18,0
Bacteroides_ovatus_58035,700122765,700123135,16,603024,3,131586,0,0
Bacteroides_ovatus_58035,700122765,700161945,14,599189,3,130610,0,0
Bacteroides_ovatus_58035,700122765,700164641,9,593297,4,129478,0,0
Bacteroides_ovatus_58035,700122765,700171441,13,591387,12,128689,0,0
Bacteroides_ovatus_58035,700122765,ERR911967,10,599618,5,130818,0,0
Bacteroides_ovatus_58035,700122765,ERR912031,24,577286,27,125712,0,0
Bacteroides_ovatus_58035,700122765,ERR912193,30,561354,23,122500,0,0
Bacteroides_ovatus_58035,700122860,700123959,53,480102,5,104605,16,0
Bacteroides_ovatus_58035,700122860,ERR912038,47,483863,5,105436,11,0
Bacteroides_ovatus_58035,700122860,ERR912052,55,479598,5,104480,15,0
Bacteroides_ovatus_58035,700122860,ERR912187,48,483355,16,105291,11,0
Bacteroides_ovatus_58035,700123135,700161945,20,603395,0,131508,0,0
Bacteroides_ovatus_58035,700123135,700171441,17,595966,12,129639,0,0
Bacteroides_ovatus_58035,700123135,ERR911967,12,604498,2,131873,0,0
Bacteroides_ovatus_58035,700123135,ERR912031,30,578750,15,126019,0,0
Bacteroides_ovatus_58035,700123135,ERR912193,36,563003,14,122833,0,0
Bacteroides_ovatus_58035,700123959,ERR912038,25,554252,1,120790,7,0
Bacteroides_ovatus_58035,700123959,ERR912052,17,560779,1,122184,2,0
Bacteroides_ovatus_58035,700123959,ERR912187,24,551262,16,120152,5,0
Bacteroides_ovatus_58035,700161342,700171648,16,548950,3,119382,0,0
Bacteroides_ovatus_58035,700161342,700172813,13,553462,2,120681,0,0
Bacteroides_ovatus_58035,700161856,ERR912068,25,524499,4,113876,0,0
Bacteroides_ovatus_58035,700161856,ERR912139,35,485253,13,105025,5,0
Bacteroides_ovatus_58035,700161945,700164641,13,593864,1,129468,0,0
Bacteroides_ovatus_58035,700161945,700171441,14,599051,9,130296,0,0
Bacteroides_ovatus_58035,700161945,ERR911967,13,600528,2,130824,0,0
Bacteroides_ovatus_58035,700161945,ERR912031,26,575367,16,125121,0,0
Bacteroides_ovatus_58035,700161945,ERR912193,31,557998,13,121593,0,0
Bacteroides_ovatus_58035,700163030,700163419,42,509093,13,110777,9,0
Bacteroides_ovatus_58035,700163030,700164792,42,507709,11,110385,10,0
Bacteroides_ovatus_58035,700164354,700172393,23,551766,13,120234,0,0
Bacteroides_ovatus_58035,700164354,ERR912127,21,556161,12,121224,0,0
Bacteroides_ovatus_58035,700164354,SRR413556,18,546537,19,119104,0,0
Bacteroides_ovatus_58035,700164641,700171441,11,587121,9,127748,0,0
Bacteroides_ovatus_58035,700164641,ERR911967,5,593323,3,129429,0,0
Bacteroides_ovatus_58035,700164641,ERR912031,24,568963,20,123882,0,0
Bacteroides_ovatus_58035,700164641,ERR912193,28,552734,14,120614,0,0
Bacteroides_ovatus_58035,700171441,ERR911967,13,593177,14,128993,0,0
Bacteroides_ovatus_58035,700171441,ERR912031,26,567691,25,123215,0,0
Bacteroides_ovatus_58035,700171441,ERR912193,31,549407,19,119445,0,0
Bacteroides_ovatus_58035,700171648,700172813,4,572568,1,124550,0,0
Bacteroides_ovatus_58035,700172132,SRR413659,48,453228,15,98837,7,0
Bacteroides_ovatus_58035,700172393,ERR912127,21,555793,7,121084,0,0
Bacteroides_ovatus_58035,700172393,SRR413556,24,548561,21,119508,0,0
Bacteroides_ovatus_58035,700173546,ERR911997,9,553510,3,120632,0,0
Bacteroides_ovatus_58035,700173546,ERR912004,22,503526,18,110051,0,0
Bacteroides_ovatus_58035,700173546,ERR912033,18,508741,10,111006,0,0
Bacteroides_ovatus_58035,700173546,ERR912114,9,565426,6,123284,0,0
Bacteroides_ovatus_58035,700173546,ERR912181,12,538096,4,117273,0,0
Bacteroides_ovatus_58035,700173546,SRR341651,19,509838,12,111064,0,0
Bacteroides_ovatus_58035,700173546,SRR413629,15,559197,6,121870,2,0
Bacteroides_ovatus_58035,ERR911967,ERR912031,24,578438,16,125879,2,0
Bacteroides_ovatus_58035,ERR911967,ERR912193,30,561702,16,122509,0,0
Bacteroides_ovatus_58035,ERR911997,ERR912004,23,512534,5,111987,0,0
Bacteroides_ovatus_58035,ERR911997,ERR912033,17,499428,5,108926,0,0
Bacteroides_ovatus_58035,ERR911997,ERR912064,7,554841,1,120782,0,0
Bacteroides_ovatus_58035,ERR911997,ERR912113,8,555998,1,121106,0,0
Bacteroides_ovatus_58035,ERR911997,ERR912114,13,580786,3,126560,0,0
Bacteroides_ovatus_58035,ERR911997,ERR912181,16,529813,0,115383,0,0
Bacteroides_ovatus_58035,ERR912004,ERR912033,16,547722,9,119340,0,0
Bacteroides_ovatus_58035,ERR912004,ERR912064,22,500854,11,109383,2,0
Bacteroides_ovatus_58035,ERR912004,ERR912113,23,503785,13,110063,2,0
Bacteroides_ovatus_58035,ERR912004,ERR912114,26,532153,14,116127,2,0
Bacteroides_ovatus_58035,ERR912004,ERR912181,25,490494,11,107073,0,0
Bacteroides_ovatus_58035,ERR912031,ERR912193,32,540486,24,117624,0,0
Bacteroides_ovatus_58035,ERR912033,ERR912064,19,510443,7,111320,0,0
Bacteroides_ovatus_58035,ERR912033,ERR912113,20,505004,7,110100,0,0
Bacteroides_ovatus_58035,ERR912033,ERR912114,24,505727,8,110251,0,0
Bacteroides_ovatus_58035,ERR912033,ERR912181,24,481808,7,105094,0,0
Bacteroides_ovatus_58035,ERR912038,ERR912052,24,561127,1,122282,7,0
Bacteroides_ovatus_58035,ERR912038,ERR912187,10,565650,17,123256,0,0
Bacteroides_ovatus_58035,ERR912052,ERR912187,22,558634,12,121743,5,0
Bacteroides_ovatus_58035,ERR912061,ERR912179,63,467413,30,101220,4,0
Bacteroides_ovatus_58035,ERR912064,ERR912114,9,566867,4,123478,0,0
Bacteroides_ovatus_58035,ERR912064,ERR912181,11,542188,1,118091,0,0
Bacteroides_ovatus_58035,ERR912068,ERR912139,33,500021,13,108440,3,0
Bacteroides_ovatus_58035,ERR912081,ERR912179,58,452616,10,98009,11,0
Bacteroides_ovatus_58035,ERR912081,pluto3-11-0-0_,65,492497,34,106400,5,0
Bacteroides_ovatus_58035,ERR912113,ERR912114,11,566919,4,123542,0,0
Bacteroides_ovatus_58035,ERR912113,ERR912181,17,542546,3,118192,3,0
Bacteroides_ovatus_58035,ERR912114,ERR912181,15,546763,3,119100,0,0
Bacteroides_ovatus_58035,ERR912179,pluto3-11-0-0_,59,497619,26,107799,5,0
Bacteroides_ovatus_58035,SRR341651,ERR911997,21,515638,4,112228,0,0
Bacteroides_ovatus_58035,SRR341651,ERR912004,15,567731,8,123518,0,0
Bacteroides_ovatus_58035,SRR341651,ERR912033,10,552248,3,120008,0,0
Bacteroides_ovatus_58035,SRR341651,ERR912038,46,382607,12,82432,0,0
Bacteroides_ovatus_58035,SRR341651,ERR912064,21,510873,12,111241,0,0
Bacteroides_ovatus_58035,SRR341651,ERR912113,22,509161,8,110931,0,0
Bacteroides_ovatus_58035,SRR341651,ERR912114,23,527101,6,114736,0,0
Bacteroides_ovatus_58035,SRR341651,ERR912181,27,491235,9,107004,0,0
Bacteroides_ovatus_58035,SRR341651,SRR413629,26,509457,24,110951,0,0
Bacteroides_ovatus_58035,SRR413556,ERR912127,25,580995,28,126636,0,0
Bacteroides_ovatus_58035,SRR413577,ERR912183,50,475815,24,103584,7,0
Bacteroides_ovatus_58035,SRR413577,SRR413641,11,590608,13,128764,0,0
Bacteroides_ovatus_58035,SRR413629,ERR911997,15,554341,3,120741,2,0
Bacteroides_ovatus_58035,SRR413629,ERR912004,30,502805,16,109851,0,0
Bacteroides_ovatus_58035,SRR413629,ERR912033,30,511188,25,111516,0,0
Bacteroides_ovatus_58035,SRR413629,ERR912064,15,565055,4,123063,2,0
Bacteroides_ovatus_58035,SRR413629,ERR912113,16,563718,4,122818,2,0
Bacteroides_ovatus_58035,SRR413629,ERR912114,22,567451,7,123662,2,0
Bacteroides_ovatus_58035,SRR413629,ERR912181,21,538119,3,117241,2,0
Bacteroides_ovatus_58035,SRR413641,ERR912183,34,474287,9,103262,0,0
Bacteroides_ovatus_58035,700014562,ERR912193,12,606207,5,132183,0,0
Bacteroides_ovatus_58035,700014724,700016000,25,606134,3,132210,0,0
Bacteroides_ovatus_58035,700014724,700117239,12,606288,2,132192,0,0
Bacteroides_ovatus_58035,700016000,700117239,19,607440,5,132495,0,0
Bacteroides_ovatus_58035,700016000,700161945,21,606105,3,132135,0,0
Bacteroides_ovatus_58035,700023113,700095213,8,606317,4,132244,0,0
Bacteroides_ovatus_58035,700023113,700102043,8,606786,5,132398,0,0
Bacteroides_ovatus_58035,700023113,700114082,11,606077,6,132103,0,0
Bacteroides_ovatus_58035,700023113,700123135,17,608418,2,132721,0,0
Bacteroides_ovatus_58035,700023113,700164641,10,597065,3,130249,0,0
Bacteroides_ovatus_58035,700023337,700034166,7,549354,2,119679,0,0
Bacteroides_ovatus_58035,700023337,700173546,7,553913,3,120695,0,0
Bacteroides_ovatus_58035,700023337,ERR912064,7,548402,2,119433,0,0
Bacteroides_ovatus_58035,700023337,ERR912113,10,547906,2,119374,0,0
Bacteroides_ovatus_58035,700023845,700109231,20,533216,4,115837,0,0
Bacteroides_ovatus_58035,700034166,700173546,4,556104,4,121208,0,0
Bacteroides_ovatus_58035,700034166,ERR912064,3,551160,3,120091,0,0
Bacteroides_ovatus_58035,700034166,ERR912113,5,550584,4,119986,0,0
Bacteroides_ovatus_58035,700034794,700113975,14,547379,2,119266,0,0
Bacteroides_ovatus_58035,700034794,700116730,13,547751,1,119331,0,0
Bacteroides_ovatus_58035,700037042,700106065,48,551804,10,120186,0,0
Bacteroides_ovatus_58035,700038594,700116401,1,547558,2,119272,0,0
Bacteroides_ovatus_58035,700095213,700102043,8,605719,5,132155,0,0
Bacteroides_ovatus_58035,700095213,700114082,11,604639,6,131819,0,0
Bacteroides_ovatus_58035,700095213,700123135,15,605764,2,132157,0,0
Bacteroides_ovatus_58035,700095213,700164641,8,596992,3,130249,0,0
Bacteroides_ovatus_58035,700095410,700106754,15,551989,2,120322,0,0
Bacteroides_ovatus_58035,700095410,700114218,18,553281,4,120616,0,0
Bacteroides_ovatus_58035,700095410,700163419,15,553877,4,120820,0,0
Bacteroides_ovatus_58035,700095410,700164792,13,550991,3,120081,0,0
Bacteroides_ovatus_58035,700102043,700114082,11,604875,7,131898,0,0
Bacteroides_ovatus_58035,700102043,700123135,17,605962,3,132245,0,0
Bacteroides_ovatus_58035,700102043,700164641,10,596973,4,130275,0,0
Bacteroides_ovatus_58035,700106754,700163419,17,554121,4,120734,0,0
Bacteroides_ovatus_58035,700106754,700164792,12,553308,4,120490,0,0
Bacteroides_ovatus_58035,700111745,700164354,15,552520,13,120432,0,0
Bacteroides_ovatus_58035,700113975,700116730,17,553980,4,120839,0,0
Bacteroides_ovatus_58035,700114082,700123135,20,605012,4,131899,0,0
Bacteroides_ovatus_58035,700114082,700164641,13,596255,5,130016,0,0
Bacteroides_ovatus_58035,700114218,700163419,19,555483,6,121081,0,0
Bacteroides_ovatus_58035,700114218,700164792,16,554114,5,120700,0,0
Bacteroides_ovatus_58035,700117239,700161945,10,606314,2,132115,0,0
Bacteroides_ovatus_58035,700123135,700164641,11,596905,1,130246,0,0
Bacteroides_ovatus_58035,700161743,SRR413758,19,556074,7,120920,0,0
Bacteroides_ovatus_58035,700163419,700164792,14,552498,5,120377,0,0
Bacteroides_ovatus_58035,700173546,ERR912064,4,561140,2,122242,0,0
Bacteroides_ovatus_58035,700173546,ERR912113,7,560463,2,122178,0,0
Bacteroides_ovatus_58035,ERR912064,ERR912113,4,565908,1,123259,0,0
Bacteroides_stercoris_56735,700013603,700013715,53,1144887,18,263426,10,0
Bacteroides_stercoris_56735,700013603,700016210,41,1422737,17,328600,0,0
Bacteroides_stercoris_56735,700013603,700037649,35,1376117,16,317762,2,0
Bacteroides_stercoris_56735,700013603,700038493,66,1262352,19,291466,15,0
Bacteroides_stercoris_56735,700013603,700038870,78,1229195,20,283684,10,0
Bacteroides_stercoris_56735,700013603,700098669,37,1385370,17,319249,0,0
Bacteroides_stercoris_56735,700013603,700111156,53,1401426,16,323512,5,0
Bacteroides_stercoris_56735,700013603,700164792,53,1386445,17,320079,4,0
Bacteroides_stercoris_56735,700013603,700172813,48,1387369,15,320308,2,0
Bacteroides_stercoris_56735,700013603,ERR911960,76,1257994,26,290415,11,0
Bacteroides_stercoris_56735,700013603,ERR912198,39,1430027,13,330360,0,0
Bacteroides_stercoris_56735,700013603,SRR341646,29,1368167,11,313991,0,0
Bacteroides_stercoris_56735,700013603,SRR413558,52,1387416,18,320307,0,0
Bacteroides_stercoris_56735,700013603,SRR413594,25,1370200,12,316509,0,0
Bacteroides_stercoris_56735,700013672,700106170,142,1299111,59,299873,2,0
Bacteroides_stercoris_56735,700013672,pluto3-11-0-0_,141,1145682,58,263107,7,0
Bacteroides_stercoris_56735,700013715,700016210,61,1146428,21,263753,5,0
Bacteroides_stercoris_56735,700013715,700037649,52,1100400,18,253091,7,0
Bacteroides_stercoris_56735,700013715,700038493,81,1037018,22,238637,28,0
Bacteroides_stercoris_56735,700013715,700038870,76,1009215,26,232228,18,0
Bacteroides_stercoris_56735,700013715,700098669,60,1131067,18,259711,7,0
Bacteroides_stercoris_56735,700013715,700105049,58,1145613,21,263427,11,0
Bacteroides_stercoris_56735,700013715,700111156,54,1155725,26,265971,4,0
Bacteroides_stercoris_56735,700013715,700164792,57,1142074,24,262663,12,0
Bacteroides_stercoris_56735,700013715,700172813,56,1143192,20,262888,9,0
Bacteroides_stercoris_56735,700013715,ERR911960,80,1033259,28,237733,23,0
Bacteroides_stercoris_56735,700013715,ERR912198,64,1149446,16,264416,10,0
Bacteroides_stercoris_56735,700013715,SRR341646,55,1095055,22,250534,10,0
Bacteroides_stercoris_56735,700013715,SRR413558,45,1140559,18,262304,4,0
Bacteroides_stercoris_56735,700013715,SRR413594,34,1095481,10,251827,4,0
Bacteroides_stercoris_56735,700014386,700161945,65,1311178,27,302417,8,0
Bacteroides_stercoris_56735,700014386,ERR911956,58,1304479,31,301127,8,0
Bacteroides_stercoris_56735,700014386,ERR911974,83,1198426,19,276559,19,0
Bacteroides_stercoris_56735,700014386,ERR912003,86,1207457,33,278495,12,0
Bacteroides_stercoris_56735,700014386,SRR341709,78,1270532,24,293160,12,0
Bacteroides_stercoris_56735,700014724,1089275-24-28-0_,103,1350540,41,311365,2,0
Bacteroides_stercoris_56735,700014724,700024711,74,1326811,34,305724,0,0
Bacteroides_stercoris_56735,700014724,700035157,112,1239414,33,285736,5,0
Bacteroides_stercoris_56735,700014724,700096380,94,1266260,29,291408,4,0
Bacteroides_stercoris_56735,700014724,700106325,91,1355443,35,312635,0,0
Bacteroides_stercoris_56735,700014724,700113810,108,1338720,42,309038,2,0
Bacteroides_stercoris_56735,700014724,700114218,95,1282418,32,295314,12,0
Bacteroides_stercoris_56735,700014724,700116865,120,1053141,33,242168,14,0
Bacteroides_stercoris_56735,700014724,700171679,104,1287692,42,296500,12,0
Bacteroides_stercoris_56735,700014724,700172346,88,1303885,29,300350,4,0
Bacteroides_stercoris_56735,700014724,ERR912001,104,1345669,44,310271,5,0
Bacteroides_stercoris_56735,700014724,ERR912018,128,1301064,42,299996,8,0
Bacteroides_stercoris_56735,700014724,ERR912022,102,1295502,41,298639,8,0
Bacteroides_stercoris_56735,700015250,700032133,85,992540,26,227954,6,0
Bacteroides_stercoris_56735,700015415,SRR413589,30,1417080,17,326828,0,0
Bacteroides_stercoris_56735,700016210,700037649,45,1378618,17,318325,2,0
Bacteroides_stercoris_56735,700016210,700038493,79,1262261,25,291375,15,0
Bacteroides_stercoris_56735,700016210,700038870,79,1224332,22,282424,15,0
Bacteroides_stercoris_56735,700016210,700098669,46,1384487,14,318978,0,0
Bacteroides_stercoris_56735,700016210,700105049,42,1420265,14,327820,0,0
Bacteroides_stercoris_56735,700016210,700111156,66,1400854,18,323340,2,0
Bacteroides_stercoris_56735,700016210,700164792,53,1383874,19,319414,0,0
Bacteroides_stercoris_56735,700016210,700172813,57,1385025,16,319706,2,0
Bacteroides_stercoris_56735,700016210,ERR911960,81,1249015,26,288187,9,0
Bacteroides_stercoris_56735,700016210,ERR912198,43,1421539,15,328265,0,0
Bacteroides_stercoris_56735,700016210,SRR341646,34,1360175,13,312028,0,0
Bacteroides_stercoris_56735,700016210,SRR413558,46,1383091,14,319225,0,0
Bacteroides_stercoris_56735,700016210,SRR413594,30,1360923,13,314225,0,0
Bacteroides_stercoris_56735,700016542,700108161,60,1436728,23,331822,2,0
Bacteroides_stercoris_56735,700016542,700166862,68,1402176,21,323630,2,0
Bacteroides_stercoris_56735,700016542,SRR341638,69,1427179,19,328940,0,0
Bacteroides_stercoris_56735,700016542,SRR413621,75,1430893,22,330441,0,0
Bacteroides_stercoris_56735,700016610,700023337,47,1352195,15,311584,10,0
Bacteroides_stercoris_56735,700016610,700033922,65,1297563,20,298892,2,0
Bacteroides_stercoris_56735,700016610,700035533,66,1143123,11,262603,11,0
Bacteroides_stercoris_56735,700016610,700097291,52,1252354,12,288594,9,0
Bacteroides_stercoris_56735,700016610,700097906,32,1429663,17,329784,0,0
Bacteroides_stercoris_56735,700016610,700116730,45,1420427,21,327589,0,0
Bacteroides_stercoris_56735,700016610,700161533,43,1425487,12,328738,0,0
Bacteroides_stercoris_56735,700016610,700163628,42,1360996,9,313493,2,0
Bacteroides_stercoris_56735,700016610,ERR911990,66,1270405,22,292287,8,0
Bacteroides_stercoris_56735,700016610,ERR911993,41,1388298,16,319928,0,0
Bacteroides_stercoris_56735,700016610,ERR912165,38,1426601,18,328991,0,0
Bacteroides_stercoris_56735,700016610,SRR413601,43,1409328,12,325053,2,0
Bacteroides_stercoris_56735,700016610,SRR413607,41,1428775,14,329555,0,0
Bacteroides_stercoris_56735,700016610,SRR413614,172,1070780,61,246690,14,0
Bacteroides_stercoris_56735,700016610,SRR413618,41,1429292,16,329672,0,0
Bacteroides_stercoris_56735,700016610,SRR413619,43,1429269,18,329657,0,0
Bacteroides_stercoris_56735,700016960,ERR912095,111,1431288,33,330102,0,0
Bacteroides_stercoris_56735,700023337,700033922,87,1265754,21,291809,9,0
Bacteroides_stercoris_56735,700023337,700035533,63,1115299,12,256312,10,0
Bacteroides_stercoris_56735,700023337,700097291,60,1221074,18,281548,11,0
Bacteroides_stercoris_56735,700023337,700097906,40,1370739,18,316259,4,0
Bacteroides_stercoris_56735,700023337,700116730,52,1365037,21,314895,4,0
Bacteroides_stercoris_56735,700023337,700161533,50,1367560,16,315422,2,0
Bacteroides_stercoris_56735,700023337,700163628,43,1328080,12,306164,6,0
Bacteroides_stercoris_56735,700023337,ERR911990,78,1223115,23,281473,13,0
Bacteroides_stercoris_56735,700023337,ERR911993,52,1334847,16,307680,8,0
Bacteroides_stercoris_56735,700023337,ERR912165,46,1371551,19,316455,6,0
Bacteroides_stercoris_56735,700023337,SRR413601,51,1353738,13,312307,4,0
Bacteroides_stercoris_56735,700023337,SRR413607,49,1370984,17,316323,6,0
Bacteroides_stercoris_56735,700023337,SRR413618,49,1370299,20,316140,4,0
Bacteroides_stercoris_56735,700023337,SRR413619,45,1370067,17,316115,7,0
Bacteroides_stercoris_56735,700023578,700099886,107,1134537,26,261177,30,0
Bacteroides_stercoris_56735,700023578,700105882,109,1230144,21,283426,23,0
Bacteroides_stercoris_56735,700024234,ERR911969,144,1117595,57,257257,36,0
Bacteroides_stercoris_56735,700024615,700102043,78,1308497,27,301255,2,0
Bacteroides_stercoris_56735,700024615,700116505,75,1309545,23,301462,2,0
Bacteroides_stercoris_56735,700024711,1089275-24-28-0_,83,1315693,50,303027,0,0
Bacteroides_stercoris_56735,700024711,700035157,97,1214887,37,279799,9,0
Bacteroides_stercoris_56735,700024711,700037405,81,1355637,35,312390,0,0
Bacteroides_stercoris_56735,700024711,700095213,68,1356977,37,312627,0,0
Bacteroides_stercoris_56735,700024711,700095717,68,1354294,35,312095,0,0
Bacteroides_stercoris_56735,700024711,700096380,75,1238266,31,284545,6,0
Bacteroides_stercoris_56735,700024711,700106325,70,1326326,37,305636,0,0
Bacteroides_stercoris_56735,700024711,700113810,91,1301414,49,300077,2,0
Bacteroides_stercoris_56735,700024711,700114218,71,1265885,37,291142,6,0
Bacteroides_stercoris_56735,700024711,700116865,101,1026041,34,235557,17,0
Bacteroides_stercoris_56735,700024711,700117303,68,1349532,43,310980,2,0
Bacteroides_stercoris_56735,700024711,700167825,70,1344375,38,309823,0,0
Bacteroides_stercoris_56735,700024711,700171679,77,1263526,46,290545,6,0
Bacteroides_stercoris_56735,700024711,700172346,71,1294046,35,297695,2,0
Bacteroides_stercoris_56735,700024711,ERR912001,82,1309965,47,301570,5,0
Bacteroides_stercoris_56735,700024711,ERR912018,112,1274348,45,293523,8,0
Bacteroides_stercoris_56735,700024711,ERR912022,84,1272909,47,293069,8,0
Bacteroides_stercoris_56735,700024711,ERR912173,69,1350420,36,311155,0,0
Bacteroides_stercoris_56735,700032413,700037868,24,1381593,6,319420,4,0
Bacteroides_stercoris_56735,700033665,700117069,81,1283973,25,295628,6,0
Bacteroides_stercoris_56735,700033922,700035533,84,1052298,17,241723,12,0
Bacteroides_stercoris_56735,700033922,700097291,86,1154724,17,266074,13,0
Bacteroides_stercoris_56735,700033922,700097906,71,1312612,20,302788,3,0
Bacteroides_stercoris_56735,700033922,700116730,71,1303127,23,300514,3,0
Bacteroides_stercoris_56735,700033922,700161533,75,1308813,16,301796,3,0
Bacteroides_stercoris_56735,700033922,700163628,74,1253197,15,288661,8,0
Bacteroides_stercoris_56735,700033922,ERR911990,68,1274135,25,293446,6,0
Bacteroides_stercoris_56735,700033922,ERR911993,65,1272281,19,293129,2,0
Bacteroides_stercoris_56735,700033922,ERR912165,73,1310161,19,302162,3,0
Bacteroides_stercoris_56735,700033922,SRR413601,76,1291578,12,297919,7,0
Bacteroides_stercoris_56735,700033922,SRR413607,72,1311425,16,302502,3,0
Bacteroides_stercoris_56735,700033922,SRR413618,74,1312494,18,302751,7,0
Bacteroides_stercoris_56735,700033922,SRR413619,75,1312141,20,302650,9,0
Bacteroides_stercoris_56735,700035157,1089275-24-28-0_,116,1223555,47,282061,5,0
Bacteroides_stercoris_56735,700035157,700037405,114,1256358,29,289762,10,0
Bacteroides_stercoris_56735,700035157,700095213,108,1262356,34,291037,7,0
Bacteroides_stercoris_56735,700035157,700095717,107,1253507,36,289170,5,0
Bacteroides_stercoris_56735,700035157,700096380,105,1158814,30,266675,12,0
Bacteroides_stercoris_56735,700035157,700106325,108,1243457,39,286797,7,0
Bacteroides_stercoris_56735,700035157,700113810,122,1212030,46,279725,5,0
Bacteroides_stercoris_56735,700035157,700114218,102,1166790,29,268716,13,0
Bacteroides_stercoris_56735,700035157,700116865,109,985403,30,226524,22,0
Bacteroides_stercoris_56735,700035157,700117303,104,1249776,38,288219,5,0
Bacteroides_stercoris_56735,700035157,700167825,99,1244193,34,286968,8,0
Bacteroides_stercoris_56735,700035157,700171679,108,1165749,38,268382,9,0
Bacteroides_stercoris_56735,700035157,700172346,104,1207339,29,278002,7,0
Bacteroides_stercoris_56735,700035157,ERR912001,122,1210351,48,278792,14,0
Bacteroides_stercoris_56735,700035157,ERR912018,133,1187472,41,273661,10,0
Bacteroides_stercoris_56735,700035157,ERR912022,109,1186413,43,273327,8,0
Bacteroides_stercoris_56735,700035157,ERR912173,101,1251716,33,288629,10,0
Bacteroides_stercoris_56735,700035533,700097291,69,1066671,12,245230,16,0
Bacteroides_stercoris_56735,700035533,700097906,60,1150853,10,264752,14,0
Bacteroides_stercoris_56735,700035533,700116730,61,1152546,18,265080,13,0
Bacteroides_stercoris_56735,700035533,700161533,67,1155262,13,265684,9,0
Bacteroides_stercoris_56735,700035533,700163628,60,1136088,12,261463,4,0
Bacteroides_stercoris_56735,700035533,ERR911990,77,1040111,23,238791,15,0
Bacteroides_stercoris_56735,700035533,ERR911993,56,1138598,12,261801,7,0
Bacteroides_stercoris_56735,700035533,ERR912165,59,1157053,14,266130,11,0
Bacteroides_stercoris_56735,700035533,SRR413601,63,1141932,11,262624,13,0
Bacteroides_stercoris_56735,700035533,SRR413607,70,1156851,13,266082,19,0
Bacteroides_stercoris_56735,700035533,SRR413618,63,1157031,9,266147,9,0
Bacteroides_stercoris_56735,700035533,SRR413619,53,1155016,14,265595,11,0
Bacteroides_stercoris_56735,700037405,1089275-24-28-0_,111,1369356,44,315737,0,0
Bacteroides_stercoris_56735,700037405,700096380,107,1282308,31,295133,6,0
Bacteroides_stercoris_56735,700037405,700106325,97,1371726,36,316458,0,0
Bacteroides_stercoris_56735,700037405,700113810,114,1348049,46,311269,2,0
Bacteroides_stercoris_56735,700037405,700114218,101,1304051,35,300360,12,0
Bacteroides_stercoris_56735,700037405,700116865,123,1059161,32,243505,19,0
Bacteroides_stercoris_56735,700037405,700171679,107,1302260,43,299889,9,0
Bacteroides_stercoris_56735,700037405,700172346,97,1342893,34,309413,2,0
Bacteroides_stercoris_56735,700037405,ERR912001,112,1363546,48,314385,7,0
Bacteroides_stercoris_56735,700037405,ERR912018,132,1317013,44,303728,6,0
Bacteroides_stercoris_56735,700037405,ERR912022,113,1312899,46,302689,8,0
Bacteroides_stercoris_56735,700037649,700038493,65,1226244,21,283141,16,0
Bacteroides_stercoris_56735,700037649,700038870,79,1193880,25,275431,15,0
Bacteroides_stercoris_56735,700037649,700098669,41,1340875,14,308887,2,0
Bacteroides_stercoris_56735,700037649,700105049,38,1373025,14,316828,4,0
Bacteroides_stercoris_56735,700037649,700111156,60,1355281,21,312785,2,0
Bacteroides_stercoris_56735,700037649,700164792,54,1346969,20,310972,2,0
Bacteroides_stercoris_56735,700037649,700172813,43,1347232,15,311057,0,0
Bacteroides_stercoris_56735,700037649,ERR911960,79,1218278,30,281167,13,0
Bacteroides_stercoris_56735,700037649,ERR912198,41,1376175,14,317756,2,0
Bacteroides_stercoris_56735,700037649,SRR341646,32,1317598,9,302226,4,0
Bacteroides_stercoris_56735,700037649,SRR413558,48,1346377,14,310829,0,0
Bacteroides_stercoris_56735,700037649,SRR413594,33,1314831,15,303487,2,0
Bacteroides_stercoris_56735,700038493,700038870,100,1146474,30,264304,27,0
Bacteroides_stercoris_56735,700038493,700098669,67,1237499,19,284967,15,0
Bacteroides_stercoris_56735,700038493,700105049,70,1260894,25,290961,15,0
Bacteroides_stercoris_56735,700038493,700111156,71,1259726,24,290782,18,0
Bacteroides_stercoris_56735,700038493,700164792,76,1248443,26,288184,18,0
Bacteroides_stercoris_56735,700038493,700172813,72,1250533,22,288727,14,0
Bacteroides_stercoris_56735,700038493,ERR911960,94,1168452,25,269433,23,0
Bacteroides_stercoris_56735,700038493,ERR912198,75,1261772,20,291286,14,0
Bacteroides_stercoris_56735,700038493,SRR341646,68,1205056,19,276386,16,0
Bacteroides_stercoris_56735,700038493,SRR413558,81,1249212,25,288423,18,0
Bacteroides_stercoris_56735,700038493,SRR413594,62,1222432,17,282254,14,0
Bacteroides_stercoris_56735,700038870,700098669,76,1207382,22,277913,18,0
Bacteroides_stercoris_56735,700038870,700105049,81,1231691,25,284100,18,0
Bacteroides_stercoris_56735,700038870,700111156,87,1224882,21,282625,15,0
Bacteroides_stercoris_56735,700038870,700164792,71,1267036,18,292307,15,0
Bacteroides_stercoris_56735,700038870,700172813,67,1267342,15,292371,16,0
Bacteroides_stercoris_56735,700038870,ERR911960,28,1404399,18,324208,0,0
Bacteroides_stercoris_56735,700038870,ERR912198,78,1230263,19,283880,14,0
Bacteroides_stercoris_56735,700038870,SRR341646,72,1184954,18,271609,11,0
Bacteroides_stercoris_56735,700038870,SRR413558,73,1266875,20,292285,16,0
Bacteroides_stercoris_56735,700038870,SRR413594,69,1181495,15,272625,16,0
Bacteroides_stercoris_56735,700095213,1089275-24-28-0_,102,1383406,49,319061,2,0
Bacteroides_stercoris_56735,700095213,700096380,91,1291770,33,297285,4,0
Bacteroides_stercoris_56735,700095213,700106325,83,1376137,35,317440,0,0
Bacteroides_stercoris_56735,700095213,700113810,104,1361428,45,314298,2,0
Bacteroides_stercoris_56735,700095213,700114218,89,1304023,33,300290,9,0
Bacteroides_stercoris_56735,700095213,700116865,113,1065809,30,245111,19,0
Bacteroides_stercoris_56735,700095213,700171679,101,1308887,42,301373,10,0
Bacteroides_stercoris_56735,700095213,700172346,85,1348869,36,310713,2,0
Bacteroides_stercoris_56735,700095213,ERR912001,97,1377261,45,317519,6,0
Bacteroides_stercoris_56735,700095213,ERR912018,125,1330282,45,306732,8,0
Bacteroides_stercoris_56735,700095213,ERR912022,99,1329098,47,306350,8,0
Bacteroides_stercoris_56735,700095717,1089275-24-28-0_,99,1383676,49,319256,0,0
Bacteroides_stercoris_56735,700095717,700096380,88,1288056,28,296473,4,0
Bacteroides_stercoris_56735,700095717,700106325,85,1373684,34,316948,0,0
Bacteroides_stercoris_56735,700095717,700113810,103,1357949,47,313606,2,0
Bacteroides_stercoris_56735,700095717,700114218,85,1304566,35,300563,12,0
Bacteroides_stercoris_56735,700095717,700116865,108,1056431,28,243013,19,0
Bacteroides_stercoris_56735,700095717,700171679,97,1311389,51,302095,7,0
Bacteroides_stercoris_56735,700095717,700172346,87,1345355,35,309992,4,0
Bacteroides_stercoris_56735,700095717,ERR912001,95,1374966,42,317105,7,0
Bacteroides_stercoris_56735,700095717,ERR912018,123,1327240,43,306141,8,0
Bacteroides_stercoris_56735,700095717,ERR912022,104,1325612,45,305635,8,0
Bacteroides_stercoris_56735,700096380,1089275-24-28-0_,102,1292895,40,297469,9,0
Bacteroides_stercoris_56735,700096380,700106325,91,1261825,32,290349,6,0
Bacteroides_stercoris_56735,700096380,700113810,113,1278856,41,294595,8,0
Bacteroides_stercoris_56735,700096380,700114218,95,1200668,31,275972,16,0
Bacteroides_stercoris_56735,700096380,700117303,88,1269250,41,292060,4,0
Bacteroides_stercoris_56735,700096380,700167825,94,1281711,41,295029,4,0
Bacteroides_stercoris_56735,700096380,700171679,104,1207251,39,277473,13,0
Bacteroides_stercoris_56735,700096380,700172346,74,1313282,23,302435,2,0
Bacteroides_stercoris_56735,700096380,ERR912001,108,1229498,45,282624,11,1
Bacteroides_stercoris_56735,700096380,ERR912018,124,1258111,35,289524,12,0
Bacteroides_stercoris_56735,700096380,ERR912022,100,1254902,36,288703,12,0
Bacteroides_stercoris_56735,700096380,ERR912173,91,1279914,28,294512,4,0
Bacteroides_stercoris_56735,700097291,700097906,51,1271562,14,293391,10,0
Bacteroides_stercoris_56735,700097291,700116730,62,1268501,19,292664,10,0
Bacteroides_stercoris_56735,700097291,700161533,61,1270104,13,292949,10,0
Bacteroides_stercoris_56735,700097291,700163628,56,1245344,14,287130,10,0
Bacteroides_stercoris_56735,700097291,ERR911990,83,1124243,30,258803,12,0
Bacteroides_stercoris_56735,700097291,ERR911993,54,1241455,13,286200,9,0
Bacteroides_stercoris_56735,700097291,ERR912165,53,1274211,19,293981,9,0
Bacteroides_stercoris_56735,700097291,SRR413601,62,1255992,10,289761,8,0
Bacteroides_stercoris_56735,700097291,SRR413607,60,1270867,11,293198,13,0
Bacteroides_stercoris_56735,700097291,SRR413618,57,1273257,17,293759,8,0
Bacteroides_stercoris_56735,700097291,SRR413619,62,1271942,18,293444,10,0
Bacteroides_stercoris_56735,700097688,700117537,121,1221694,44,281423,8,0
Bacteroides_stercoris_56735,700097688,SRR341618,75,1388200,18,320115,0,0
Bacteroides_stercoris_56735,700097688,SRR341624,130,1182260,49,271585,14,0
Bacteroides_stercoris_56735,700097688,SRR341640,133,1009565,44,231129,17,0
Bacteroides_stercoris_56735,700097688,SRR341645,79,1361613,21,313125,0,0
Bacteroides_stercoris_56735,700097688,SRR341710,83,1391401,24,321014,0,0
Bacteroides_stercoris_56735,700097688,SRR413559,138,1251389,51,288573,6,0
Bacteroides_stercoris_56735,700097688,SRR413580,127,1025184,41,234923,12,0
Bacteroides_stercoris_56735,700097688,SRR413627,143,1028279,42,235611,17,0
Bacteroides_stercoris_56735,700097688,SRR413663,127,1036081,43,237475,13,0
Bacteroides_stercoris_56735,700097906,700116730,41,1439125,20,332336,0,0
Bacteroides_stercoris_56735,700097906,700163628,37,1383413,15,319019,2,0
Bacteroides_stercoris_56735,700097906,ERR911990,69,1282497,25,295480,9,0
Bacteroides_stercoris_56735,700097906,ERR911993,37,1406939,16,324662,0,0
Bacteroides_stercoris_56735,700098669,700105049,43,1384598,19,318916,0,0
Bacteroides_stercoris_56735,700098669,700111156,51,1368295,19,315136,0,0
Bacteroides_stercoris_56735,700098669,700164792,54,1360350,19,313313,0,0
Bacteroides_stercoris_56735,700098669,700172813,49,1360922,16,313451,0,0
Bacteroides_stercoris_56735,700098669,ERR911960,78,1229621,27,283081,12,0
Bacteroides_stercoris_56735,700098669,ERR912198,45,1384950,16,319104,0,0
Bacteroides_stercoris_56735,700098669,SRR341646,34,1330605,11,304899,0,0
Bacteroides_stercoris_56735,700098669,SRR413558,51,1359901,15,313184,2,0
Bacteroides_stercoris_56735,700098669,SRR413594,35,1325716,13,305416,0,0
Bacteroides_stercoris_56735,700099886,700105882,86,1325012,35,305582,12,0
Bacteroides_stercoris_56735,700102043,700116505,69,1392511,25,321501,4,0
Bacteroides_stercoris_56735,700105049,700111156,62,1398483,20,322595,6,0
Bacteroides_stercoris_56735,700105049,700164792,59,1384451,20,319413,2,0
Bacteroides_stercoris_56735,700105049,700172813,53,1384931,17,319532,2,0
Bacteroides_stercoris_56735,700105049,ERR911960,81,1255651,30,289698,14,0
Bacteroides_stercoris_56735,700105049,SRR341646,34,1365261,13,313193,0,0
Bacteroides_stercoris_56735,700105049,SRR413558,56,1383047,16,319087,2,0
Bacteroides_stercoris_56735,700105049,SRR413594,29,1366361,16,315411,0,0
Bacteroides_stercoris_56735,700106170,pluto3-11-0-0_,135,1217306,56,279645,9,0
Bacteroides_stercoris_56735,700106229,700116028,63,1345122,18,310261,3,0
Bacteroides_stercoris_56735,700106325,1089275-24-28-0_,100,1333310,48,307382,0,0
Bacteroides_stercoris_56735,700106325,700113810,106,1332712,50,307596,2,0
Bacteroides_stercoris_56735,700106325,700114218,88,1288299,37,296610,9,0
Bacteroides_stercoris_56735,700106325,700116865,115,1038304,33,238627,20,0
Bacteroides_stercoris_56735,700106325,700117303,82,1362502,43,314260,0,0
Bacteroides_stercoris_56735,700106325,700167825,83,1362786,39,314379,0,0
Bacteroides_stercoris_56735,700106325,700171679,94,1283910,43,295594,6,0
Bacteroides_stercoris_56735,700106325,700172346,90,1321923,38,304514,2,0
Bacteroides_stercoris_56735,700106325,ERR912001,98,1323580,42,305050,5,0
Bacteroides_stercoris_56735,700106325,ERR912018,123,1297246,42,299126,4,0
Bacteroides_stercoris_56735,700106325,ERR912022,100,1294121,44,298321,4,0
Bacteroides_stercoris_56735,700106325,ERR912173,84,1371446,38,316336,0,0
Bacteroides_stercoris_56735,700108161,700166862,56,1401864,25,323701,0,0
Bacteroides_stercoris_56735,700108161,SRR413621,47,1428289,17,329961,0,0
Bacteroides_stercoris_56735,700111156,700164792,58,1383081,18,319298,2,0
Bacteroides_stercoris_56735,700111156,700172813,55,1384799,18,319695,2,0
Bacteroides_stercoris_56735,700111156,ERR911960,81,1252635,25,289082,16,0
Bacteroides_stercoris_56735,700111156,ERR912198,68,1401059,18,323362,7,0
Bacteroides_stercoris_56735,700111156,SRR341646,47,1337514,14,306674,0,0
Bacteroides_stercoris_56735,700111156,SRR413558,62,1388057,20,320485,4,0
Bacteroides_stercoris_56735,700111156,SRR413594,55,1345921,16,310597,6,0
Bacteroides_stercoris_56735,700113810,1089275-24-28-0_,108,1368622,54,316074,2,0
Bacteroides_stercoris_56735,700113810,700114218,104,1256809,48,289671,10,0
Bacteroides_stercoris_56735,700113810,700117303,99,1339601,53,309267,0,0
Bacteroides_stercoris_56735,700113810,700167825,107,1347567,49,311173,2,0
Bacteroides_stercoris_56735,700113810,700171679,114,1262391,61,290953,6,0
Bacteroides_stercoris_56735,700113810,700172346,106,1339964,43,309074,4,0
Bacteroides_stercoris_56735,700113810,ERR912001,113,1294836,57,298637,7,0
Bacteroides_stercoris_56735,700113810,ERR912018,129,1311802,48,302841,6,0
Bacteroides_stercoris_56735,700113810,ERR912022,110,1308151,49,301929,8,0
Bacteroides_stercoris_56735,700113810,ERR912173,105,1355604,48,312998,2,0
Bacteroides_stercoris_56735,700114218,1089275-24-28-0_,104,1266310,44,291317,10,0
Bacteroides_stercoris_56735,700114218,700116865,112,1008030,32,231368,22,0
Bacteroides_stercoris_56735,700114218,700117303,86,1292596,39,297714,8,0
Bacteroides_stercoris_56735,700114218,700167825,90,1297733,39,298847,6,0
Bacteroides_stercoris_56735,700114218,700171679,59,1421446,25,328059,0,0
Bacteroides_stercoris_56735,700114218,700172346,92,1261719,37,290370,6,0
Bacteroides_stercoris_56735,700114218,ERR912001,97,1252182,44,288149,13,0
Bacteroides_stercoris_56735,700114218,ERR912018,122,1232378,41,283699,15,0
Bacteroides_stercoris_56735,700114218,ERR912022,101,1229681,44,282925,17,0
Bacteroides_stercoris_56735,700114218,ERR912173,86,1304835,37,300511,6,0
Bacteroides_stercoris_56735,700116730,700161533,51,1435983,18,331525,0,0
Bacteroides_stercoris_56735,700116730,700163628,55,1376876,17,317496,6,0
Bacteroides_stercoris_56735,700116730,ERR911990,69,1275813,25,293908,12,0
Bacteroides_stercoris_56735,700116730,ERR911993,41,1400973,21,323273,0,0
Bacteroides_stercoris_56735,700116730,ERR912165,38,1437767,20,331991,0,0
Bacteroides_stercoris_56735,700116730,SRR413601,50,1420149,15,327915,0,0
Bacteroides_stercoris_56735,700116730,SRR413607,44,1438337,15,332127,0,0
Bacteroides_stercoris_56735,700116730,SRR413618,38,1438959,20,332280,0,0
Bacteroides_stercoris_56735,700116730,SRR413619,43,1438798,24,332231,0,0
Bacteroides_stercoris_56735,700116865,1089275-24-28-0_,122,1036074,49,238194,22,0
Bacteroides_stercoris_56735,700116865,700117303,110,1047154,32,240737,20,0
Bacteroides_stercoris_56735,700116865,700167825,111,1038194,34,238880,19,0
Bacteroides_stercoris_56735,700116865,700172346,112,1028878,37,236295,17,0
Bacteroides_stercoris_56735,700116865,ERR912001,125,1025008,50,235679,20,1
Bacteroides_stercoris_56735,700116865,ERR912173,109,1052463,35,242077,17,0
Bacteroides_stercoris_56735,700117303,1089275-24-28-0_,97,1358076,53,313059,0,0
Bacteroides_stercoris_56735,700117303,700171679,92,1287375,47,296464,11,0
Bacteroides_stercoris_56735,700117303,700172346,83,1326783,34,305649,4,0
Bacteroides_stercoris_56735,700117303,ERR912001,96,1356106,52,312610,5,0
Bacteroides_stercoris_56735,700117303,ERR912018,124,1309129,52,301859,6,0
Bacteroides_stercoris_56735,700117303,ERR912022,96,1307281,54,301308,8,0
Bacteroides_stercoris_56735,700117537,SRR341618,116,1228925,36,282563,8,0
Bacteroides_stercoris_56735,700117537,SRR341624,130,1279605,48,293679,4,0
Bacteroides_stercoris_56735,700117537,SRR341640,133,1091231,48,250025,13,0
Bacteroides_stercoris_56735,700117537,SRR341645,124,1208870,40,277216,11,0
Bacteroides_stercoris_56735,700117537,SRR341710,124,1230713,42,283131,8,0
Bacteroides_stercoris_56735,700117537,SRR413559,129,1340771,53,308994,2,0
Bacteroides_stercoris_56735,700117537,SRR413580,122,1110083,40,254571,10,0
Bacteroides_stercoris_56735,700117537,SRR413581,135,1122209,54,257468,11,0
Bacteroides_stercoris_56735,700117537,SRR413627,138,1116665,45,256115,14,0
Bacteroides_stercoris_56735,700117537,SRR413663,129,1125419,50,258204,9,0
Bacteroides_stercoris_56735,700161533,700163628,54,1381101,13,318394,2,0
Bacteroides_stercoris_56735,700161533,ERR911990,70,1277677,20,294231,9,0
Bacteroides_stercoris_56735,700161533,ERR911993,47,1404011,14,323878,0,0
Bacteroides_stercoris_56735,700161533,SRR413601,34,1424146,3,328774,0,0
Bacteroides_stercoris_56735,700161533,SRR413614,191,1084011,70,249873,14,0
Bacteroides_stercoris_56735,700161945,700165778,76,1310819,28,302387,8,0
Bacteroides_stercoris_56735,700161945,ERR911974,72,1309622,21,302096,12,0
Bacteroides_stercoris_56735,700161945,ERR912003,75,1295094,29,298774,11,0
Bacteroides_stercoris_56735,700161945,SRR341709,65,1381138,20,318551,6,0
Bacteroides_stercoris_56735,700163628,ERR911990,70,1228930,19,282737,14,0
Bacteroides_stercoris_56735,700163628,ERR911993,47,1353427,12,311942,7,0
Bacteroides_stercoris_56735,700163628,ERR912165,46,1382573,15,318789,2,0
Bacteroides_stercoris_56735,700163628,SRR413601,46,1360276,6,313692,2,0
Bacteroides_stercoris_56735,700163628,SRR413607,46,1375446,8,317150,6,0
Bacteroides_stercoris_56735,700163628,SRR413618,43,1379624,12,318129,2,0
Bacteroides_stercoris_56735,700163628,SRR413619,44,1381540,14,318566,2,0
Bacteroides_stercoris_56735,700164792,ERR911960,74,1292130,25,298186,13,0
Bacteroides_stercoris_56735,700164792,ERR912198,57,1385098,13,319727,2,0
Bacteroides_stercoris_56735,700164792,SRR341646,48,1325196,11,303942,2,0
Bacteroides_stercoris_56735,700164792,SRR413558,41,1430463,12,330350,0,0
Bacteroides_stercoris_56735,700164792,SRR413594,42,1327426,12,306354,4,0
Bacteroides_stercoris_56735,700165778,ERR911956,68,1303750,29,301013,8,0
Bacteroides_stercoris_56735,700165778,ERR911974,90,1197737,18,276456,21,0
Bacteroides_stercoris_56735,700165778,ERR912003,91,1206910,35,278398,12,0
Bacteroides_stercoris_56735,700165778,SRR341709,86,1269713,24,293033,10,0
Bacteroides_stercoris_56735,700166862,SRR341638,42,1388135,13,319817,0,0
Bacteroides_stercoris_56735,700166862,SRR413562,52,1399133,22,322952,0,0
Bacteroides_stercoris_56735,700166862,SRR413616,55,1402888,27,323859,0,0
Bacteroides_stercoris_56735,700166862,SRR413621,69,1402000,22,323628,5,0
Bacteroides_stercoris_56735,700167825,1089275-24-28-0_,105,1367031,50,315163,2,0
Bacteroides_stercoris_56735,700167825,700171679,97,1301954,49,299802,9,0
Bacteroides_stercoris_56735,700167825,700172346,88,1336382,40,307862,2,0
Bacteroides_stercoris_56735,700167825,ERR912001,100,1363836,50,314522,5,0
Bacteroides_stercoris_56735,700167825,ERR912018,130,1313990,47,302998,6,0
Bacteroides_stercoris_56735,700167825,ERR912022,103,1312360,48,302486,6,0
Bacteroides_stercoris_56735,700171679,1089275-24-28-0_,113,1268895,53,291896,9,0
Bacteroides_stercoris_56735,700171679,700172346,98,1259268,42,289735,9,0
Bacteroides_stercoris_56735,700171679,ERR912001,111,1258751,64,289676,10,0
Bacteroides_stercoris_56735,700171679,ERR912018,134,1237902,51,284913,16,0
Bacteroides_stercoris_56735,700171679,ERR912022,111,1233359,53,283743,14,0
Bacteroides_stercoris_56735,700171679,ERR912173,96,1306799,45,300930,10,0
Bacteroides_stercoris_56735,700172346,1089275-24-28-0_,97,1366200,44,314830,4,0
Bacteroides_stercoris_56735,700172346,ERR912001,98,1286962,47,296110,11,0
Bacteroides_stercoris_56735,700172346,ERR912018,132,1315813,46,303144,8,0
Bacteroides_stercoris_56735,700172346,ERR912022,106,1316511,41,303351,8,0
Bacteroides_stercoris_56735,700172346,ERR912173,85,1342949,37,309356,2,0
Bacteroides_stercoris_56735,700172813,ERR911960,63,1292561,20,298325,13,0
Bacteroides_stercoris_56735,700172813,ERR912198,54,1385917,13,319931,0,0
Bacteroides_stercoris_56735,700172813,SRR341646,41,1324904,7,303874,0,0
Bacteroides_stercoris_56735,700172813,SRR413558,41,1430954,10,330482,2,0
Bacteroides_stercoris_56735,700172813,SRR413594,42,1327346,10,306321,2,0
Bacteroides_stercoris_56735,ERR911956,ERR911974,73,1305909,27,301547,14,0
Bacteroides_stercoris_56735,ERR911956,ERR912003,75,1298212,33,299856,12,0
Bacteroides_stercoris_56735,ERR911960,ERR912198,83,1257097,26,290182,14,0
Bacteroides_stercoris_56735,ERR911974,ERR912003,84,1174592,27,271139,18,0
Bacteroides_stercoris_56735,ERR911990,ERR911993,61,1245965,22,286781,6,0
Bacteroides_stercoris_56735,ERR911990,ERR912165,67,1281449,25,295215,9,0
Bacteroides_stercoris_56735,ERR911993,ERR912165,39,1407438,16,324755,0,0
Bacteroides_stercoris_56735,ERR912001,1089275-24-28-0_,113,1318727,61,303862,7,0
Bacteroides_stercoris_56735,ERR912001,ERR912018,134,1270275,50,292599,13,0
Bacteroides_stercoris_56735,ERR912001,ERR912022,110,1268713,51,292170,13,0
Bacteroides_stercoris_56735,ERR912001,ERR912173,100,1371827,51,316297,5,0
Bacteroides_stercoris_56735,ERR912018,1089275-24-28-0_,131,1344821,50,310215,6,0
Bacteroides_stercoris_56735,ERR912018,ERR912173,126,1324708,43,305486,6,0
Bacteroides_stercoris_56735,ERR912022,1089275-24-28-0_,109,1343150,53,309704,8,0
Bacteroides_stercoris_56735,ERR912022,ERR912173,102,1323447,45,305085,6,0
Bacteroides_stercoris_56735,ERR912032,ERR912055,49,1398420,12,322897,0,0
Bacteroides_stercoris_56735,ERR912032,ERR912191,35,1412076,10,326013,0,0
Bacteroides_stercoris_56735,ERR912173,1089275-24-28-0_,101,1379765,50,318295,0,0
Bacteroides_stercoris_56735,SRR341618,SRR341624,128,1193896,43,273965,14,0
Bacteroides_stercoris_56735,SRR341618,SRR341640,128,1014777,41,232110,15,0
Bacteroides_stercoris_56735,SRR341618,SRR413559,133,1259496,44,290012,6,0
Bacteroides_stercoris_56735,SRR341618,SRR413580,130,1030611,38,235842,16,0
Bacteroides_stercoris_56735,SRR341618,SRR413581,130,1043263,48,238866,17,0
Bacteroides_stercoris_56735,SRR341618,SRR413627,142,1036573,42,237230,17,0
Bacteroides_stercoris_56735,SRR341618,SRR413663,128,1049071,45,240161,13,0
Bacteroides_stercoris_56735,SRR341624,SRR341640,129,1060170,51,242116,13,0
Bacteroides_stercoris_56735,SRR341624,SRR341645,129,1177602,42,269586,13,0
Bacteroides_stercoris_56735,SRR341624,SRR341710,134,1194391,47,274153,12,0
Bacteroides_stercoris_56735,SRR341624,SRR413559,93,1346094,31,309637,5,0
Bacteroides_stercoris_56735,SRR341624,SRR413580,125,1068526,42,244089,10,0
Bacteroides_stercoris_56735,SRR341624,SRR413581,130,1086910,57,248415,9,0
Bacteroides_stercoris_56735,SRR341624,SRR413627,141,1072384,48,244995,14,0
Bacteroides_stercoris_56735,SRR341624,SRR413663,126,1088003,54,248691,9,0
Bacteroides_stercoris_56735,SRR341638,SRR413621,68,1417324,22,326698,0,0
Bacteroides_stercoris_56735,SRR341640,SRR341645,132,997907,41,227583,18,0
Bacteroides_stercoris_56735,SRR341640,SRR341710,134,1013195,44,231812,18,0
Bacteroides_stercoris_56735,SRR341640,SRR413559,126,1093347,49,250702,15,0
Bacteroides_stercoris_56735,SRR341640,SRR413580,106,1351182,49,311494,0,0
Bacteroides_stercoris_56735,SRR341640,SRR413627,117,1354592,49,312304,0,0
Bacteroides_stercoris_56735,SRR341645,SRR413559,138,1237510,46,284172,10,0
Bacteroides_stercoris_56735,SRR341645,SRR413580,136,1013429,41,231240,17,0
Bacteroides_stercoris_56735,SRR341645,SRR413627,144,1014394,45,231497,22,0
Bacteroides_stercoris_56735,SRR341645,SRR413663,126,1024978,45,234007,15,0
Bacteroides_stercoris_56735,SRR341646,ERR911960,72,1209558,24,277273,10,0
Bacteroides_stercoris_56735,SRR341646,ERR912198,33,1366743,8,313625,0,0
Bacteroides_stercoris_56735,SRR341646,SRR413558,41,1331326,13,305383,0,0
Bacteroides_stercoris_56735,SRR341646,SRR413594,22,1313651,7,301424,0,0
Bacteroides_stercoris_56735,SRR341697,SRR413566,82,1165605,32,268267,16,0
Bacteroides_stercoris_56735,SRR341697,SRR413665,107,1154151,41,265465,16,3
Bacteroides_stercoris_56735,SRR341709,ERR911956,60,1382461,21,319055,5,0
Bacteroides_stercoris_56735,SRR341709,ERR911974,76,1274311,20,294154,14,0
Bacteroides_stercoris_56735,SRR341709,ERR912003,81,1253038,26,289182,15,0
Bacteroides_stercoris_56735,SRR341710,SRR413559,139,1261252,49,290562,8,0
Bacteroides_stercoris_56735,SRR341710,SRR413580,132,1034806,41,236899,14,0
Bacteroides_stercoris_56735,SRR341710,SRR413627,146,1037676,46,237600,17,0
Bacteroides_stercoris_56735,SRR341710,SRR413663,129,1048117,47,240092,15,0
Bacteroides_stercoris_56735,SRR413558,ERR911960,72,1294364,27,298712,16,0
Bacteroides_stercoris_56735,SRR413558,ERR912198,54,1386132,12,319943,2,0
Bacteroides_stercoris_56735,SRR413558,SRR413594,43,1333991,14,307887,2,0
Bacteroides_stercoris_56735,SRR413559,SRR413580,121,1110519,46,254860,10,0
Bacteroides_stercoris_56735,SRR413559,SRR413581,124,1123966,58,258056,9,0
Bacteroides_stercoris_56735,SRR413559,SRR413627,125,1113776,49,255622,11,0
Bacteroides_stercoris_56735,SRR413559,SRR413663,121,1126673,54,258700,9,0
Bacteroides_stercoris_56735,SRR413562,SRR413621,47,1428530,14,329899,0,0
Bacteroides_stercoris_56735,SRR413566,SRR413665,91,1260745,40,290756,7,0
Bacteroides_stercoris_56735,SRR413580,SRR413581,115,1397989,56,322602,0,0
Bacteroides_stercoris_56735,SRR413580,SRR413663,107,1399126,47,322924,0,0
Bacteroides_stercoris_56735,SRR413581,SRR413627,126,1403965,57,324073,5,0
Bacteroides_stercoris_56735,SRR413585,ERR912066,49,1422384,7,328330,0,0
Bacteroides_stercoris_56735,SRR413594,ERR911960,72,1209198,23,279085,13,0
Bacteroides_stercoris_56735,SRR413594,ERR912198,30,1368573,7,316064,0,0
Bacteroides_stercoris_56735,SRR413601,ERR911990,71,1270665,20,292779,9,0
Bacteroides_stercoris_56735,SRR413601,ERR911993,43,1394979,9,321864,0,0
Bacteroides_stercoris_56735,SRR413601,ERR912165,30,1425687,6,329136,4,0
Bacteroides_stercoris_56735,SRR413601,SRR413614,189,1059713,55,244205,9,0
Bacteroides_stercoris_56735,SRR413607,ERR911990,74,1280899,22,295088,9,0
Bacteroides_stercoris_56735,SRR413607,ERR911993,44,1406514,13,324546,0,0
Bacteroides_stercoris_56735,SRR413607,ERR912165,22,1443676,7,333322,0,0
Bacteroides_stercoris_56735,SRR413607,SRR413614,182,1081540,60,249336,15,0
Bacteroides_stercoris_56735,SRR413607,SRR413619,27,1446585,9,334057,0,0
Bacteroides_stercoris_56735,SRR413614,ERR912165,185,1071454,58,246937,27,0
Bacteroides_stercoris_56735,SRR413614,SRR413618,187,1070729,55,246880,23,0
Bacteroides_stercoris_56735,SRR413616,SRR413621,48,1431792,18,330681,0,0
Bacteroides_stercoris_56735,SRR413618,ERR911990,68,1282422,25,295444,9,0
Bacteroides_stercoris_56735,SRR413618,ERR911993,35,1407193,16,324694,0,0
Bacteroides_stercoris_56735,SRR413618,ERR912165,39,1445085,12,333641,0,0
Bacteroides_stercoris_56735,SRR413619,ERR911990,67,1281238,26,295161,9,0
Bacteroides_stercoris_56735,SRR413619,ERR911993,38,1406963,18,324648,0,0
Bacteroides_stercoris_56735,SRR413627,SRR413663,119,1404167,48,324147,0,0
Bacteroides_stercoris_56735,700013603,700105049,36,1427659,17,329645,0,0
Bacteroides_stercoris_56735,700014386,700165778,50,1437831,14,332119,0,0
Bacteroides_stercoris_56735,700014724,700037405,38,1394497,6,321887,0,0
Bacteroides_stercoris_56735,700014724,700095213,92,1407803,31,324947,0,0
Bacteroides_stercoris_56735,700014724,700095717,89,1404071,34,324144,0,0
Bacteroides_stercoris_56735,700014724,700117303,45,1384900,15,319599,0,0
Bacteroides_stercoris_56735,700014724,700167825,93,1392300,36,321379,0,0
Bacteroides_stercoris_56735,700014724,ERR912173,92,1400269,36,323210,0,0
Bacteroides_stercoris_56735,700016000,700038956,48,1421614,11,328274,0,0
Bacteroides_stercoris_56735,700016000,ERR911954,46,1411157,10,325831,0,0
Bacteroides_stercoris_56735,700016542,SRR413562,58,1436248,23,331639,0,0
Bacteroides_stercoris_56735,700016542,SRR413616,62,1442301,27,333077,0,0
Bacteroides_stercoris_56735,700033436,700034166,53,1439032,16,332314,0,0
Bacteroides_stercoris_56735,700037405,700095213,97,1425926,33,329093,0,0
Bacteroides_stercoris_56735,700037405,700095717,95,1426875,36,329451,0,0
Bacteroides_stercoris_56735,700037405,700117303,52,1414409,17,326476,0,0
Bacteroides_stercoris_56735,700037405,700167825,100,1416621,40,327022,0,0
Bacteroides_stercoris_56735,700037405,ERR912173,99,1420060,38,327814,0,0
Bacteroides_stercoris_56735,700038956,ERR911954,42,1431585,9,330501,0,0
Bacteroides_stercoris_56735,700095213,700095717,63,1436486,24,331569,0,0
Bacteroides_stercoris_56735,700095213,700117303,82,1417087,41,326999,0,0
Bacteroides_stercoris_56735,700095213,700167825,85,1424265,39,328755,0,0
Bacteroides_stercoris_56735,700095213,ERR912173,86,1433251,38,330784,0,0
Bacteroides_stercoris_56735,700095717,700117303,81,1413546,43,326299,0,0
Bacteroides_stercoris_56735,700095717,700167825,86,1424733,41,328967,0,0
Bacteroides_stercoris_56735,700095717,ERR912173,84,1429871,38,330120,0,0
Bacteroides_stercoris_56735,700097906,700161533,40,1444952,16,333637,0,0
Bacteroides_stercoris_56735,700097906,SRR413601,41,1428057,11,329799,0,0
Bacteroides_stercoris_56735,700097906,SRR413607,35,1447593,13,334318,0,0
Bacteroides_stercoris_56735,700097906,SRR413618,35,1448282,16,334485,0,0
Bacteroides_stercoris_56735,700097906,SRR413619,37,1447913,21,334398,0,0
Bacteroides_stercoris_56735,700097906,ERR912165,35,1445274,19,333742,0,0
Bacteroides_stercoris_56735,700105049,ERR912198,45,1426999,17,329448,0,0
Bacteroides_stercoris_56735,700108161,SRR341638,56,1422921,23,328066,0,0
Bacteroides_stercoris_56735,700108161,SRR413562,32,1434492,18,331332,0,0
Bacteroides_stercoris_56735,700108161,SRR413616,34,1437558,22,332099,0,0
Bacteroides_stercoris_56735,700117303,700167825,85,1403635,46,323928,0,0
Bacteroides_stercoris_56735,700117303,ERR912173,84,1414200,45,326360,0,0
Bacteroides_stercoris_56735,700161533,SRR413607,34,1444456,6,333484,0,0
Bacteroides_stercoris_56735,700161533,SRR413618,45,1444981,14,333623,0,0
Bacteroides_stercoris_56735,700161533,SRR413619,36,1444758,15,333563,0,0
Bacteroides_stercoris_56735,700161533,ERR912165,34,1442351,10,332946,0,0
Bacteroides_stercoris_56735,700161945,ERR911956,49,1424109,25,328618,0,0
Bacteroides_stercoris_56735,700164792,700172813,42,1432188,13,330768,0,0
Bacteroides_stercoris_56735,700167825,ERR912173,80,1418520,37,327426,0,0
Bacteroides_stercoris_56735,SRR341618,SRR341645,6,1387235,3,318670,0,0
Bacteroides_stercoris_56735,SRR341618,SRR341710,28,1412879,8,325497,0,0
Bacteroides_stercoris_56735,SRR341638,SRR413562,53,1423422,23,328077,0,0
Bacteroides_stercoris_56735,SRR341638,SRR413616,56,1428657,25,329311,0,0
Bacteroides_stercoris_56735,SRR341640,SRR413581,29,1378730,8,317864,0,0
Bacteroides_stercoris_56735,SRR341640,SRR413663,49,1378975,19,317941,0,0
Bacteroides_stercoris_56735,SRR341645,SRR341710,33,1385758,10,318422,0,0
Bacteroides_stercoris_56735,SRR341690,SRR341691,49,1430138,20,329834,0,0
Bacteroides_stercoris_56735,SRR413562,SRR413616,27,1437275,19,331911,0,0
Bacteroides_stercoris_56735,SRR413580,SRR413627,69,1429196,25,329977,0,0
Bacteroides_stercoris_56735,SRR413581,SRR413663,51,1428334,24,329756,0,0
Bacteroides_stercoris_56735,SRR413601,SRR413607,33,1427820,5,329713,0,0
Bacteroides_stercoris_56735,SRR413601,SRR413618,42,1428393,10,329846,0,0
Bacteroides_stercoris_56735,SRR413601,SRR413619,29,1427948,8,329748,0,0
Bacteroides_stercoris_56735,SRR413607,SRR413618,40,1448174,11,334446,0,0
Bacteroides_stercoris_56735,SRR413618,SRR413619,38,1448380,17,334489,0,0
Bacteroides_stercoris_56735,SRR413619,ERR912165,27,1445488,15,333744,0,0
Bacteroides_stercoris_56735,ERR911968,1089279-24-0-0_,89,1433222,26,330942,0,0
Bacteroides_stercoris_56735,ERR912018,ERR912022,67,1438446,9,332006,0,0
Bacteroides_stercoris_56735,ERR912032,ERR912182,49,1416242,9,327052,0,0
Bacteroides_stercoris_56735,ERR912055,ERR912182,62,1408027,11,325166,0,0
Bacteroides_stercoris_56735,ERR912055,ERR912191,50,1407168,12,324953,0,0
Bacteroides_stercoris_56735,ERR912182,ERR912191,45,1437553,10,331928,0,0
Bacteroides_thetaiotaomicron_56941,700014486,700015922,75,1687626,40,374967,3,0
Bacteroides_thetaiotaomicron_56941,700014486,700033502,72,1698025,31,377416,3,0
Bacteroides_thetaiotaomicron_56941,700014486,700097906,131,1670416,48,371429,12,0
Bacteroides_thetaiotaomicron_56941,700014486,700106876,76,1677620,31,372931,5,0
Bacteroides_thetaiotaomicron_56941,700014486,700161342,97,1708899,37,379733,10,0
Bacteroides_thetaiotaomicron_56941,700014486,700171648,47,1819776,10,404160,0,0
Bacteroides_thetaiotaomicron_56941,700014486,700172279,89,1691728,28,375872,5,0
Bacteroides_thetaiotaomicron_56941,700014486,ERR912034,142,1617314,46,359330,20,0
Bacteroides_thetaiotaomicron_56941,700015250,700024086,88,1642281,21,365448,9,0
Bacteroides_thetaiotaomicron_56941,700015250,700122408,84,1573038,24,349253,27,0
Bacteroides_thetaiotaomicron_56941,700015250,ERR911967,88,1604583,22,356921,10,0
Bacteroides_thetaiotaomicron_56941,700015250,ERR912089,67,1714090,14,381026,6,0
Bacteroides_thetaiotaomicron_56941,700015922,700096865,70,1690113,38,375562,3,0
Bacteroides_thetaiotaomicron_56941,700015922,700097906,116,1698909,48,377632,7,0
Bacteroides_thetaiotaomicron_56941,700015922,700106876,48,1808699,25,402449,0,0
Bacteroides_thetaiotaomicron_56941,700015922,700161342,83,1767042,38,392746,5,0
Bacteroides_thetaiotaomicron_56941,700015922,700171648,84,1677236,38,371865,3,0
Bacteroides_thetaiotaomicron_56941,700015922,ERR912034,128,1644544,47,365193,13,0
Bacteroides_thetaiotaomicron_56941,700015981,700108530,113,1314963,20,291745,10,0
Bacteroides_thetaiotaomicron_56941,700015981,700113975,59,1522583,13,337890,2,0
Bacteroides_thetaiotaomicron_56941,700015981,700161872,65,1544689,19,342809,0,0
Bacteroides_thetaiotaomicron_56941,700016610,700033922,70,1663146,17,369688,9,0
Bacteroides_thetaiotaomicron_56941,700016610,700035785,111,1523296,40,338427,16,0
Bacteroides_thetaiotaomicron_56941,700016610,700037868,85,1523122,37,338138,10,1
Bacteroides_thetaiotaomicron_56941,700016960,ERR911955,78,1453900,40,323513,22,0
Bacteroides_thetaiotaomicron_56941,700016960,ERR911970,71,1513578,36,336954,16,0
Bacteroides_thetaiotaomicron_56941,700016960,ERR912191,83,1419874,37,315422,16,0
Bacteroides_thetaiotaomicron_56941,700023919,700032944,91,1468122,22,327336,9,0
Bacteroides_thetaiotaomicron_56941,700023919,700037852,149,1299220,40,288048,24,0
Bacteroides_thetaiotaomicron_56941,700023919,700105940,56,1648526,14,366910,4,0
Bacteroides_thetaiotaomicron_56941,700023919,ERR911962,89,1549614,19,344618,6,0
Bacteroides_thetaiotaomicron_56941,700024086,700122408,128,1435560,34,318660,30,1
Bacteroides_thetaiotaomicron_56941,700024086,ERR911967,57,1750752,17,389582,5,0
Bacteroides_thetaiotaomicron_56941,700024086,ERR912089,124,1546725,23,343605,17,0
Bacteroides_thetaiotaomicron_56941,700024141,700038053,137,1407789,37,313425,14,0
Bacteroides_thetaiotaomicron_56941,700024141,ERR912037,151,1369820,49,305242,19,0
Bacteroides_thetaiotaomicron_56941,700024545,ERR912104,179,1391940,70,309028,8,0
Bacteroides_thetaiotaomicron_56941,700024545,ERR912176,196,1372579,71,304490,22,0
Bacteroides_thetaiotaomicron_56941,700024615,700106325,70,1590480,12,353260,0,0
Bacteroides_thetaiotaomicron_56941,700024673,SRR413620,79,1658558,36,369028,17,0
Bacteroides_thetaiotaomicron_56941,700032133,700096700,161,1370190,62,304554,13,0
Bacteroides_thetaiotaomicron_56941,700032133,700110155,167,1385517,59,306431,19,0
Bacteroides_thetaiotaomicron_56941,700032133,ERR912024,168,1453683,53,322872,24,0
Bacteroides_thetaiotaomicron_56941,700032944,700105940,90,1441911,27,321409,11,0
Bacteroides_thetaiotaomicron_56941,700032944,ERR911962,46,1519426,8,338998,5,0
Bacteroides_thetaiotaomicron_56941,700033153,700164354,37,1685821,9,375733,2,0
Bacteroides_thetaiotaomicron_56941,700033502,700096865,66,1700246,28,378019,5,0
Bacteroides_thetaiotaomicron_56941,700033502,700097906,109,1702308,37,378536,9,0
Bacteroides_thetaiotaomicron_56941,700033502,700106876,37,1810719,12,403017,0,0
Bacteroides_thetaiotaomicron_56941,700033502,700161342,78,1774175,22,394477,5,0
Bacteroides_thetaiotaomicron_56941,700033502,700171648,72,1681733,24,372978,3,0
Bacteroides_thetaiotaomicron_56941,700033502,ERR912034,124,1647829,37,366061,16,0
Bacteroides_thetaiotaomicron_56941,700033922,700035785,138,1452491,51,322278,15,1
Bacteroides_thetaiotaomicron_56941,700033922,700037868,119,1450803,45,321784,4,0
Bacteroides_thetaiotaomicron_56941,700035785,700037868,73,1783690,30,397290,0,0
Bacteroides_thetaiotaomicron_56941,700037852,700097973,57,1630809,12,362833,6,0
Bacteroides_thetaiotaomicron_56941,700038053,ERR912037,160,1338351,47,298057,18,0
Bacteroides_thetaiotaomicron_56941,700038493,700098867,158,1599304,49,356014,6,0
Bacteroides_thetaiotaomicron_56941,700095213,700097291,19,1692587,7,377040,0,0
Bacteroides_thetaiotaomicron_56941,700095213,700106056,107,1449640,42,322601,13,0
Bacteroides_thetaiotaomicron_56941,700095213,700113762,68,1475706,27,328318,5,1
Bacteroides_thetaiotaomicron_56941,700095213,700117031,109,1471176,41,327682,13,0
Bacteroides_thetaiotaomicron_56941,700095213,700163772,89,1546696,32,344246,2,0
Bacteroides_thetaiotaomicron_56941,700095213,700171115,90,1467583,37,326884,9,0
Bacteroides_thetaiotaomicron_56941,700095213,SRR341624,68,1653157,26,366906,2,0
Bacteroides_thetaiotaomicron_56941,700095647,700113867,127,1222482,33,271633,16,0
Bacteroides_thetaiotaomicron_56941,700096700,700110155,113,1533851,60,339462,6,0
Bacteroides_thetaiotaomicron_56941,700096700,ERR912024,117,1574891,79,349828,9,0
Bacteroides_thetaiotaomicron_56941,700096865,700097906,124,1674351,47,372452,12,0
Bacteroides_thetaiotaomicron_56941,700096865,700106876,69,1682474,35,374112,5,0
Bacteroides_thetaiotaomicron_56941,700096865,700161342,85,1708909,35,379842,10,0
Bacteroides_thetaiotaomicron_56941,700096865,700171648,41,1822051,9,404739,0,0
Bacteroides_thetaiotaomicron_56941,700096865,700172279,82,1692941,29,376245,3,0
Bacteroides_thetaiotaomicron_56941,700096865,ERR912034,126,1617863,40,359585,20,0
Bacteroides_thetaiotaomicron_56941,700097291,700106056,102,1442379,44,321200,10,0
Bacteroides_thetaiotaomicron_56941,700097291,700113762,64,1477787,26,329050,7,1
Bacteroides_thetaiotaomicron_56941,700097291,700117031,93,1456166,36,324647,7,0
Bacteroides_thetaiotaomicron_56941,700097291,700163772,100,1557713,45,346990,6,0
Bacteroides_thetaiotaomicron_56941,700097291,700171115,82,1466956,38,326991,8,0
Bacteroides_thetaiotaomicron_56941,700097291,SRR341624,62,1651621,25,366844,2,0
Bacteroides_thetaiotaomicron_56941,700097906,700106876,112,1689339,43,375755,6,0
Bacteroides_thetaiotaomicron_56941,700097906,700161342,123,1706532,38,379484,12,0
Bacteroides_thetaiotaomicron_56941,700097906,700171648,136,1659891,41,368220,11,0
Bacteroides_thetaiotaomicron_56941,700097906,700172279,123,1695443,39,376913,9,0
Bacteroides_thetaiotaomicron_56941,700097906,ERR912034,123,1725601,35,383684,6,0
Bacteroides_thetaiotaomicron_56941,700105940,ERR911962,84,1488789,20,331178,6,0
Bacteroides_thetaiotaomicron_56941,700106056,700113762,106,1422609,43,315856,15,0
Bacteroides_thetaiotaomicron_56941,700106056,700117031,53,1747201,14,388569,0,0
Bacteroides_thetaiotaomicron_56941,700106056,700163772,121,1345004,49,298893,11,0
Bacteroides_thetaiotaomicron_56941,700106056,700171115,38,1760747,13,391507,0,0
Bacteroides_thetaiotaomicron_56941,700106056,SRR341624,130,1431731,55,317412,17,0
Bacteroides_thetaiotaomicron_56941,700106876,700161342,81,1750695,28,389335,5,0
Bacteroides_thetaiotaomicron_56941,700106876,700171648,83,1668371,34,370074,5,0
Bacteroides_thetaiotaomicron_56941,700106876,700172279,50,1804557,16,401588,0,0
Bacteroides_thetaiotaomicron_56941,700106876,ERR912034,130,1633803,43,362988,17,0
Bacteroides_thetaiotaomicron_56941,700108530,700113975,84,1299014,13,289477,5,0
Bacteroides_thetaiotaomicron_56941,700108530,700161872,85,1308084,13,291487,5,0
Bacteroides_thetaiotaomicron_56941,700110155,ERR912024,42,1744231,25,386509,0,0
Bacteroides_thetaiotaomicron_56941,700113762,700117031,104,1480066,40,329080,23,0
Bacteroides_thetaiotaomicron_56941,700113762,700163772,99,1362499,46,302962,9,1
Bacteroides_thetaiotaomicron_56941,700113762,700171115,94,1476732,34,328211,24,0
Bacteroides_thetaiotaomicron_56941,700113762,SRR341624,86,1484095,43,328869,5,0
Bacteroides_thetaiotaomicron_56941,700117031,700163772,130,1366527,49,303858,11,0
Bacteroides_thetaiotaomicron_56941,700117031,700171115,34,1821184,11,405613,0,0
Bacteroides_thetaiotaomicron_56941,700117031,SRR341624,106,1476833,47,327575,15,0
Bacteroides_thetaiotaomicron_56941,700122408,ERR911967,116,1411899,34,313342,28,0
Bacteroides_thetaiotaomicron_56941,700122408,ERR912089,112,1469605,26,325824,30,0
Bacteroides_thetaiotaomicron_56941,700161219,ERR912170,61,1645515,15,366027,4,0
Bacteroides_thetaiotaomicron_56941,700161219,SRR413592,77,1469055,28,326485,4,0
Bacteroides_thetaiotaomicron_56941,700161342,700171648,99,1692804,34,375315,10,0
Bacteroides_thetaiotaomicron_56941,700161342,700172279,87,1768461,26,393123,5,0
Bacteroides_thetaiotaomicron_56941,700161342,ERR912034,141,1652681,42,367204,18,0
Bacteroides_thetaiotaomicron_56941,700163772,700171115,114,1364378,47,303370,17,0
Bacteroides_thetaiotaomicron_56941,700163772,SRR341624,95,1534091,57,340192,4,0
Bacteroides_thetaiotaomicron_56941,700171115,SRR341624,102,1478998,52,327980,19,0
Bacteroides_thetaiotaomicron_56941,700171648,700172279,92,1677796,28,371945,3,0
Bacteroides_thetaiotaomicron_56941,700171648,ERR912034,131,1601126,34,354937,19,0
Bacteroides_thetaiotaomicron_56941,700172279,ERR912034,136,1641426,38,364529,15,0
Bacteroides_thetaiotaomicron_56941,ERR911955,ERR911970,84,1661546,18,369318,7,0
Bacteroides_thetaiotaomicron_56941,ERR911955,ERR912191,87,1622227,28,360242,4,0
Bacteroides_thetaiotaomicron_56941,ERR911967,ERR912089,126,1502960,24,333849,18,0
Bacteroides_thetaiotaomicron_56941,ERR911970,ERR912191,85,1621444,35,360149,15,1
Bacteroides_thetaiotaomicron_56941,ERR912104,ERR912176,207,1411982,54,313887,26,0
Bacteroides_thetaiotaomicron_56941,SRR413592,ERR912170,87,1603538,31,356536,8,0
Bacteroides_thetaiotaomicron_56941,700014486,700096865,30,1846982,9,411220,0,0
Bacteroides_thetaiotaomicron_56941,700015922,700033502,29,1827006,16,406430,0,0
Bacteroides_thetaiotaomicron_56941,700015922,700172279,51,1820088,23,404807,0,0
Bacteroides_thetaiotaomicron_56941,700024449,700038594,10,1756635,4,390731,0,0
Bacteroides_thetaiotaomicron_56941,700024752,700037042,74,1771634,21,394055,0,0
Bacteroides_thetaiotaomicron_56941,700033502,700172279,42,1827687,11,406652,0,0
Bacteroides_thetaiotaomicron_56941,700113975,700161872,6,1707291,2,380214,0,0
Bacteroides_uniformis_57318,1089279-24-0-0_,donald3-11-0-0_,46,617869,15,140937,2,0
Bacteroides_uniformis_57318,700013603,SRR413592,47,477858,15,109199,2,0
Bacteroides_uniformis_57318,700014724,1089279-24-0-0_,42,510269,7,116297,0,0
Bacteroides_uniformis_57318,700014724,700015857,69,578595,17,132000,6,0
Bacteroides_uniformis_57318,700014724,700021123,53,532955,17,121373,6,0
Bacteroides_uniformis_57318,700014724,700021306,37,574859,14,131359,0,0
Bacteroides_uniformis_57318,700014724,700023634,39,563386,9,128956,3,0
Bacteroides_uniformis_57318,700014724,700024024,43,557872,14,126790,2,0
Bacteroides_uniformis_57318,700014724,700033201,44,590204,10,134967,3,0
Bacteroides_uniformis_57318,700014724,700098429,52,506046,18,115473,13,0
Bacteroides_uniformis_57318,700014724,700117239,49,518555,26,117864,0,0
Bacteroides_uniformis_57318,700014724,700163982,49,514663,26,117030,0,0
Bacteroides_uniformis_57318,700014724,ERR911966,74,560910,19,127950,23,0
Bacteroides_uniformis_57318,700014724,ERR911977,56,511773,24,116654,0,0
Bacteroides_uniformis_57318,700014724,ERR911981,56,566083,12,129512,3,0
Bacteroides_uniformis_57318,700014724,ERR911994,44,572287,18,130822,3,0
Bacteroides_uniformis_57318,700014724,ERR912030,48,573215,19,131074,2,0
Bacteroides_uniformis_57318,700014724,ERR912041,38,563040,16,128784,0,0
Bacteroides_uniformis_57318,700014724,ERR912046,25,602750,15,137815,0,0
Bacteroides_uniformis_57318,700014724,ERR912084,45,573212,13,130982,2,0
Bacteroides_uniformis_57318,700014724,ERR912110,27,605447,15,138454,0,0
Bacteroides_uniformis_57318,700014724,ERR912122,48,520907,16,118907,6,0
Bacteroides_uniformis_57318,700014724,SRR413627,30,607074,11,138870,0,0
Bacteroides_uniformis_57318,700014724,donald3-11-0-0_,51,598944,17,136961,5,0
Bacteroides_uniformis_57318,700015702,700024866,30,850238,11,195691,0,0
Bacteroides_uniformis_57318,700015702,700105153,23,871362,2,200508,0,0
Bacteroides_uniformis_57318,700015702,700113762,21,895908,7,206457,0,0
Bacteroides_uniformis_57318,700015702,700117766,43,895000,8,206073,0,0
Bacteroides_uniformis_57318,700015702,ERR912038,31,897778,8,206768,0,0
Bacteroides_uniformis_57318,700015702,ERR912067,46,876682,20,201899,2,0
Bacteroides_uniformis_57318,700015702,ERR912165,29,887453,8,204342,0,0
Bacteroides_uniformis_57318,700015702,ERR912175,29,889051,11,204613,0,0
Bacteroides_uniformis_57318,700015857,1089279-24-0-0_,42,550478,5,125271,2,0
Bacteroides_uniformis_57318,700015857,700021123,70,572090,8,130229,17,0
Bacteroides_uniformis_57318,700015857,700021306,48,598979,6,136694,6,0
Bacteroides_uniformis_57318,700015857,700023634,53,598483,8,136598,9,0
Bacteroides_uniformis_57318,700015857,700033201,51,617177,9,140939,3,0
Bacteroides_uniformis_57318,700015857,700098429,53,552095,10,125809,11,0
Bacteroides_uniformis_57318,700015857,700117239,37,540951,12,122916,4,0
Bacteroides_uniformis_57318,700015857,700163982,43,541959,16,123152,2,0
Bacteroides_uniformis_57318,700015857,ERR911966,85,526105,20,119640,15,0
Bacteroides_uniformis_57318,700015857,ERR911977,49,535733,10,122065,2,0
Bacteroides_uniformis_57318,700015857,ERR911981,64,605474,9,138281,6,0
Bacteroides_uniformis_57318,700015857,ERR911994,51,603493,9,137859,7,0
Bacteroides_uniformis_57318,700015857,ERR912030,57,601801,7,137391,9,0
Bacteroides_uniformis_57318,700015857,ERR912041,48,597610,13,136442,6,0
Bacteroides_uniformis_57318,700015857,ERR912046,55,560760,10,127829,3,0
Bacteroides_uniformis_57318,700015857,ERR912084,48,608745,9,138863,3,0
Bacteroides_uniformis_57318,700015857,ERR912110,57,563145,13,128463,4,0
Bacteroides_uniformis_57318,700015857,ERR912122,59,560401,8,127822,14,0
Bacteroides_uniformis_57318,700015857,SRR413627,76,571728,22,130410,5,0
Bacteroides_uniformis_57318,700015857,donald3-11-0-0_,53,624536,5,142500,9,0
Bacteroides_uniformis_57318,700015981,700033435,73,548358,17,123605,11,0
Bacteroides_uniformis_57318,700015981,700038761,53,567899,9,128262,17,0
Bacteroides_uniformis_57318,700015981,700106056,27,593677,5,134193,8,0
Bacteroides_uniformis_57318,700015981,ERR912024,59,533827,19,120548,2,0
Bacteroides_uniformis_57318,700015981,ERR912042,61,524974,18,118697,2,0
Bacteroides_uniformis_57318,700015981,ERR912071,59,538537,16,121623,7,0
Bacteroides_uniformis_57318,700015981,ERR912077,56,543350,16,122696,5,0
Bacteroides_uniformis_57318,700015981,SRR341624,42,428360,8,96303,7,0
Bacteroides_uniformis_57318,700015981,SRR413615,59,554553,18,125111,9,0
Bacteroides_uniformis_57318,700015981,SRR413663,56,559134,21,126385,7,0
Bacteroides_uniformis_57318,700016142,700024866,33,846291,14,194709,2,0
Bacteroides_uniformis_57318,700016142,700113762,22,890071,7,204998,0,0
Bacteroides_uniformis_57318,700016142,700117766,43,888831,9,204611,0,0
Bacteroides_uniformis_57318,700016142,ERR912038,33,895460,9,206205,0,0
Bacteroides_uniformis_57318,700016142,ERR912067,47,873306,19,201091,2,0
Bacteroides_uniformis_57318,700016142,ERR912165,33,885041,9,203737,2,0
Bacteroides_uniformis_57318,700016142,ERR912175,32,886418,12,203963,0,0
Bacteroides_uniformis_57318,700016456,700116865,17,627533,3,143326,0,0
Bacteroides_uniformis_57318,700016716,700024866,28,847218,14,194922,0,0
Bacteroides_uniformis_57318,700016716,700113762,19,891234,7,205312,0,0
Bacteroides_uniformis_57318,700016716,700117766,40,889375,9,204713,0,0
Bacteroides_uniformis_57318,700016716,ERR912038,27,892529,9,205474,0,0
Bacteroides_uniformis_57318,700016716,ERR912067,43,871142,23,200525,2,0
Bacteroides_uniformis_57318,700016716,ERR912165,26,882151,9,203018,0,0
Bacteroides_uniformis_57318,700016716,ERR912175,28,883677,12,203259,2,0
Bacteroides_uniformis_57318,700021123,1089279-24-0-0_,62,534873,14,121801,9,0
Bacteroides_uniformis_57318,700021123,700021306,60,575850,10,131453,8,0
Bacteroides_uniformis_57318,700021123,700023634,53,575079,13,131381,12,0
Bacteroides_uniformis_57318,700021123,700024024,54,555209,11,125958,10,0
Bacteroides_uniformis_57318,700021123,700033201,48,592936,10,135415,7,0
Bacteroides_uniformis_57318,700021123,700117239,64,528451,8,120065,22,0
Bacteroides_uniformis_57318,700021123,700163982,59,515092,9,116946,15,0
Bacteroides_uniformis_57318,700021123,ERR911966,78,515658,21,117456,22,0
Bacteroides_uniformis_57318,700021123,ERR911977,65,517505,15,117940,9,0
Bacteroides_uniformis_57318,700021123,ERR911981,64,578913,10,132162,6,0
Bacteroides_uniformis_57318,700021123,ERR911994,61,590453,14,134778,13,0
Bacteroides_uniformis_57318,700021123,ERR912030,68,588879,12,134391,12,0
Bacteroides_uniformis_57318,700021123,ERR912041,51,577729,14,131815,3,0
Bacteroides_uniformis_57318,700021123,ERR912046,46,534790,16,121769,6,0
Bacteroides_uniformis_57318,700021123,ERR912084,72,594758,11,135509,7,0
Bacteroides_uniformis_57318,700021123,ERR912110,53,533655,23,121809,7,0
Bacteroides_uniformis_57318,700021123,SRR413627,54,508644,18,115982,5,0
Bacteroides_uniformis_57318,700021123,donald3-11-0-0_,59,611846,11,139569,7,0
Bacteroides_uniformis_57318,700021261,700023720,33,611740,9,139628,6,0
Bacteroides_uniformis_57318,700021261,700024711,37,644121,12,147506,0,0
Bacteroides_uniformis_57318,700021295,1089275-24-0-0_,47,639426,18,146552,3,0
Bacteroides_uniformis_57318,700021295,700034926,96,533659,47,122091,2,0
Bacteroides_uniformis_57318,700021295,700113810,35,630631,15,144381,0,0
Bacteroides_uniformis_57318,700021295,ERR912036,40,598407,16,137081,2,0
Bacteroides_uniformis_57318,700021295,ERR912139,53,589772,12,135007,4,0
Bacteroides_uniformis_57318,700021306,1089279-24-0-0_,46,552761,14,126083,3,0
Bacteroides_uniformis_57318,700021306,700023634,30,620219,8,141996,3,0
Bacteroides_uniformis_57318,700021306,700024024,39,590489,14,134408,5,0
Bacteroides_uniformis_57318,700021306,700033201,27,631294,5,144509,0,0
Bacteroides_uniformis_57318,700021306,700098429,43,555554,10,126931,6,0
Bacteroides_uniformis_57318,700021306,700117239,39,542679,16,123664,4,0
Bacteroides_uniformis_57318,700021306,700163982,37,525758,15,119516,0,0
Bacteroides_uniformis_57318,700021306,ERR911966,84,525317,20,119833,24,0
Bacteroides_uniformis_57318,700021306,ERR911977,54,539033,15,123056,2,0
Bacteroides_uniformis_57318,700021306,ERR911981,47,606652,8,138843,4,0
Bacteroides_uniformis_57318,700021306,ERR911994,34,613546,7,140417,3,0
Bacteroides_uniformis_57318,700021306,ERR912030,32,611820,7,139957,3,0
Bacteroides_uniformis_57318,700021306,ERR912041,20,599989,11,137238,0,0
Bacteroides_uniformis_57318,700021306,ERR912046,36,551599,11,126135,0,0
Bacteroides_uniformis_57318,700021306,ERR912084,24,609346,6,139313,0,0
Bacteroides_uniformis_57318,700021306,ERR912110,38,552345,13,126399,0,0
Bacteroides_uniformis_57318,700021306,ERR912122,47,564245,10,129091,9,0
Bacteroides_uniformis_57318,700021306,SRR413627,46,548226,12,125442,0,0
Bacteroides_uniformis_57318,700021306,donald3-11-0-0_,26,633524,4,144889,3,0
Bacteroides_uniformis_57318,700021824,700116865,18,626095,5,143334,0,0
Bacteroides_uniformis_57318,700021902,700037303,29,663684,19,151837,0,0
Bacteroides_uniformis_57318,700021902,700037916,24,646364,11,147784,0,0
Bacteroides_uniformis_57318,700021902,ERR911975,20,658768,12,150717,0,0
Bacteroides_uniformis_57318,700023337,700105882,82,464048,26,105884,22,0
Bacteroides_uniformis_57318,700023578,1089275-24-0-0_,49,633517,12,144401,3,0
Bacteroides_uniformis_57318,700023578,700034926,88,524870,33,119869,4,0
Bacteroides_uniformis_57318,700023578,700113810,35,615810,6,140446,0,0
Bacteroides_uniformis_57318,700023578,ERR912036,39,590348,11,134693,2,0
Bacteroides_uniformis_57318,700023578,ERR912139,52,600334,14,136776,4,0
Bacteroides_uniformis_57318,700023634,1089279-24-0-0_,45,551888,15,126074,5,0
Bacteroides_uniformis_57318,700023634,700024024,43,589599,15,134129,7,0
Bacteroides_uniformis_57318,700023634,700033201,31,627360,7,143714,3,0
Bacteroides_uniformis_57318,700023634,700098429,49,559770,14,127921,13,0
Bacteroides_uniformis_57318,700023634,700117239,49,547348,25,124761,5,0
Bacteroides_uniformis_57318,700023634,700163982,39,534296,18,121731,3,0
Bacteroides_uniformis_57318,700023634,ERR911966,67,528009,25,120348,14,0
Bacteroides_uniformis_57318,700023634,ERR911977,51,536600,17,122617,7,0
Bacteroides_uniformis_57318,700023634,ERR911981,41,616161,16,141078,0,0
Bacteroides_uniformis_57318,700023634,ERR911994,18,618886,10,141742,0,0
Bacteroides_uniformis_57318,700023634,ERR912030,20,617596,9,141379,0,0
Bacteroides_uniformis_57318,700023634,ERR912041,27,603508,13,138102,3,0
Bacteroides_uniformis_57318,700023634,ERR912046,39,552196,16,126310,3,0
Bacteroides_uniformis_57318,700023634,ERR912084,29,612423,8,140103,3,0
Bacteroides_uniformis_57318,700023634,ERR912110,38,558531,16,127676,2,0
Bacteroides_uniformis_57318,700023634,ERR912122,65,573443,12,131177,18,0
Bacteroides_uniformis_57318,700023634,SRR413627,46,555109,16,127004,5,0
Bacteroides_uniformis_57318,700023634,donald3-11-0-0_,30,634023,6,145158,6,0
Bacteroides_uniformis_57318,700023720,700024509,27,612144,16,139696,0,0
Bacteroides_uniformis_57318,700023720,700024711,32,600538,16,137378,0,0
Bacteroides_uniformis_57318,700023720,700037405,34,592639,14,135544,0,0
Bacteroides_uniformis_57318,700023720,700038546,30,609157,10,139072,0,0
Bacteroides_uniformis_57318,700023720,700097906,28,605875,8,138296,0,0
Bacteroides_uniformis_57318,700023720,700106754,36,610256,11,139436,0,0
Bacteroides_uniformis_57318,700023720,700113975,35,615117,13,140702,0,0
Bacteroides_uniformis_57318,700023720,700161429,22,613885,12,140205,2,0
Bacteroides_uniformis_57318,700023720,700161872,29,610231,15,139598,0,0
Bacteroides_uniformis_57318,700023919,700165224,66,640475,21,146498,11,0
Bacteroides_uniformis_57318,700023919,700165407,22,734437,2,168165,0,0
Bacteroides_uniformis_57318,700023919,700172279,71,616424,20,140842,8,0
Bacteroides_uniformis_57318,700023919,ERR911986,71,663876,28,152059,16,0
Bacteroides_uniformis_57318,700023919,SRR341690,69,542798,38,123433,0,0
Bacteroides_uniformis_57318,700023919,SRR413613,82,579243,35,132239,10,0
Bacteroides_uniformis_57318,700024024,1089279-24-0-0_,39,535394,16,121315,0,0
Bacteroides_uniformis_57318,700024024,700033201,40,604724,16,137569,2,0
Bacteroides_uniformis_57318,700024024,700098429,45,536639,14,121796,10,0
Bacteroides_uniformis_57318,700024024,700117239,35,533644,25,120864,0,0
Bacteroides_uniformis_57318,700024024,700163982,42,507730,25,115050,4,0
Bacteroides_uniformis_57318,700024024,ERR911966,74,501520,17,113685,13,0
Bacteroides_uniformis_57318,700024024,ERR911977,50,522746,24,118631,0,0
Bacteroides_uniformis_57318,700024024,ERR911981,57,589707,15,134106,5,0
Bacteroides_uniformis_57318,700024024,ERR911994,46,589745,20,134111,7,0
Bacteroides_uniformis_57318,700024024,ERR912030,43,581699,10,132263,5,0
Bacteroides_uniformis_57318,700024024,ERR912041,39,585353,20,133086,5,0
Bacteroides_uniformis_57318,700024024,ERR912046,45,545017,11,123833,4,0
Bacteroides_uniformis_57318,700024024,ERR912084,42,593889,16,134952,2,0
Bacteroides_uniformis_57318,700024024,ERR912110,50,540053,22,122796,2,0
Bacteroides_uniformis_57318,700024024,ERR912122,55,546144,12,124014,14,0
Bacteroides_uniformis_57318,700024024,SRR413627,54,538611,20,122420,2,0
Bacteroides_uniformis_57318,700024024,donald3-11-0-0_,41,608638,19,138282,5,0
Bacteroides_uniformis_57318,700024086,1089275-24-0-0_,51,611455,19,139291,3,0
Bacteroides_uniformis_57318,700024086,700034926,99,515258,40,117605,4,0
Bacteroides_uniformis_57318,700024086,700113810,39,606137,10,138216,0,0
Bacteroides_uniformis_57318,700024086,ERR912036,39,564943,11,128776,2,0
Bacteroides_uniformis_57318,700024086,ERR912139,50,565399,13,128806,4,0
Bacteroides_uniformis_57318,700024449,700035861,22,632646,13,144560,0,0
Bacteroides_uniformis_57318,700024449,700037967,32,633802,8,144398,10,0
Bacteroides_uniformis_57318,700024449,700097973,32,636533,12,145303,10,0
Bacteroides_uniformis_57318,700024449,700161342,30,638505,9,145640,10,0
Bacteroides_uniformis_57318,700024449,700171955,46,620428,8,141525,12,0
Bacteroides_uniformis_57318,700024449,ERR912065,23,600169,11,136890,0,0
Bacteroides_uniformis_57318,700024449,ERR912080,35,593900,14,135251,7,0
Bacteroides_uniformis_57318,700024449,SRR413650,55,609448,23,139140,13,0
Bacteroides_uniformis_57318,700024509,700024711,25,625256,11,143066,0,0
Bacteroides_uniformis_57318,700024509,700037868,75,468744,26,106646,13,0
Bacteroides_uniformis_57318,700024615,SRR413605,37,514302,13,116845,2,0
Bacteroides_uniformis_57318,700024673,700109564,41,672345,4,154257,12,0
Bacteroides_uniformis_57318,700024673,700111296,36,665312,7,152427,7,0
Bacteroides_uniformis_57318,700024673,700113867,35,676720,7,155235,7,0
Bacteroides_uniformis_57318,700024673,700117303,44,652047,9,149066,12,0
Bacteroides_uniformis_57318,700024711,700037405,35,614514,14,140918,0,0
Bacteroides_uniformis_57318,700024711,700038546,32,635168,9,145363,0,0
Bacteroides_uniformis_57318,700024711,700097906,32,640407,10,146640,0,0
Bacteroides_uniformis_57318,700024711,700106754,35,634390,11,145409,0,0
Bacteroides_uniformis_57318,700024711,700113975,34,636522,8,146089,0,0
Bacteroides_uniformis_57318,700024711,700161429,23,641776,13,147009,0,0
Bacteroides_uniformis_57318,700024711,700161872,32,634746,11,145609,0,0
Bacteroides_uniformis_57318,700024789,700116201,25,535513,5,121369,9,1
Bacteroides_uniformis_57318,700024866,700033153,27,843325,12,193636,2,0
Bacteroides_uniformis_57318,700024866,700095717,30,848605,10,195062,0,0
Bacteroides_uniformis_57318,700024866,700097837,37,844401,19,194371,0,0
Bacteroides_uniformis_57318,700024866,700105153,29,826332,15,189836,2,0
Bacteroides_uniformis_57318,700024866,700105312,25,846157,14,194574,2,0
Bacteroides_uniformis_57318,700024866,700113762,22,860945,16,198261,0,0
Bacteroides_uniformis_57318,700024866,700117766,43,858538,14,197468,0,0
Bacteroides_uniformis_57318,700024866,700120753,28,852621,13,196137,0,0
Bacteroides_uniformis_57318,700024866,ERR912038,31,864657,13,198862,0,0
Bacteroides_uniformis_57318,700024866,ERR912067,25,826927,15,189973,2,0
Bacteroides_uniformis_57318,700024866,ERR912165,29,857253,14,196999,0,0
Bacteroides_uniformis_57318,700024866,ERR912175,28,856882,17,196881,0,0
Bacteroides_uniformis_57318,700032133,700037008,60,465188,21,106221,9,0
Bacteroides_uniformis_57318,700032133,700107930,52,539254,16,123143,10,0
Bacteroides_uniformis_57318,700032133,ERR912023,49,562894,25,128637,12,0
Bacteroides_uniformis_57318,700032133,ERR912182,66,542570,29,123841,16,0
Bacteroides_uniformis_57318,700032133,ERR912187,45,554633,12,126752,7,0
Bacteroides_uniformis_57318,700033153,700113762,17,883480,5,203037,2,0
Bacteroides_uniformis_57318,700033153,700117766,39,882194,7,202652,2,0
Bacteroides_uniformis_57318,700033153,ERR912038,27,888148,7,204018,2,0
Bacteroides_uniformis_57318,700033153,ERR912067,38,864101,15,198488,0,0
Bacteroides_uniformis_57318,700033153,ERR912165,25,878439,7,201760,2,0
Bacteroides_uniformis_57318,700033153,ERR912175,26,880096,10,202048,2,0
Bacteroides_uniformis_57318,700033201,1089279-24-0-0_,47,577037,12,131872,0,0
Bacteroides_uniformis_57318,700033201,700098429,37,568354,12,129914,5,0
Bacteroides_uniformis_57318,700033201,700117239,43,562654,19,128259,2,0
Bacteroides_uniformis_57318,700033201,700163982,40,547080,14,124552,2,0
Bacteroides_uniformis_57318,700033201,ERR911966,72,547451,21,124994,11,0
Bacteroides_uniformis_57318,700033201,ERR911977,59,568409,18,130144,3,0
Bacteroides_uniformis_57318,700033201,ERR911981,53,634100,7,145393,3,0
Bacteroides_uniformis_57318,700033201,ERR911994,33,632670,7,145037,3,0
Bacteroides_uniformis_57318,700033201,ERR912030,37,630137,6,144399,3,0
Bacteroides_uniformis_57318,700033201,ERR912041,23,624841,10,143139,0,0
Bacteroides_uniformis_57318,700033201,ERR912046,33,574931,10,131522,0,0
Bacteroides_uniformis_57318,700033201,ERR912110,42,579807,15,132738,0,0
Bacteroides_uniformis_57318,700033201,ERR912122,39,583572,10,133668,5,0
Bacteroides_uniformis_57318,700033201,SRR413627,49,567904,14,130172,0,0
Bacteroides_uniformis_57318,700033201,donald3-11-0-0_,25,654960,3,150094,3,0
Bacteroides_uniformis_57318,700033435,700038761,49,580949,21,131999,9,0
Bacteroides_uniformis_57318,700033435,700106056,57,560124,28,127188,6,0
Bacteroides_uniformis_57318,700033435,ERR912024,68,553784,25,126117,9,0
Bacteroides_uniformis_57318,700033435,ERR912042,76,541921,20,123626,11,0
Bacteroides_uniformis_57318,700033435,ERR912071,52,528367,15,120388,8,0
Bacteroides_uniformis_57318,700033435,ERR912077,65,541614,21,123148,4,0
Bacteroides_uniformis_57318,700033435,SRR341624,54,432271,12,97646,8,0
Bacteroides_uniformis_57318,700033435,SRR413615,27,609284,12,139029,6,0
Bacteroides_uniformis_57318,700033435,SRR413663,37,541105,14,123194,2,0
Bacteroides_uniformis_57318,700033665,700035861,85,519959,34,118867,15,0
Bacteroides_uniformis_57318,700033665,700037967,81,499150,25,113598,18,0
Bacteroides_uniformis_57318,700033665,700097973,71,497604,32,113716,13,0
Bacteroides_uniformis_57318,700033665,700161342,86,517005,31,118111,10,0
Bacteroides_uniformis_57318,700033665,SRR413617,47,596880,8,136338,2,0
Bacteroides_uniformis_57318,700034166,700106170,61,507479,28,115929,4,0
Bacteroides_uniformis_57318,700034166,ERR911967,54,508001,33,116440,13,0
Bacteroides_uniformis_57318,700034926,1089275-24-0-0_,99,529800,39,121078,7,0
Bacteroides_uniformis_57318,700034926,700113810,100,528161,43,120762,4,0
Bacteroides_uniformis_57318,700034926,700161967,104,545175,44,124566,9,0
Bacteroides_uniformis_57318,700034926,ERR912036,96,486029,37,111188,8,0
Bacteroides_uniformis_57318,700034926,ERR912139,102,484978,44,110907,8,0
Bacteroides_uniformis_57318,700035157,700095058,81,495753,19,113642,2,0
Bacteroides_uniformis_57318,700035157,700095410,69,486589,21,111856,4,0
Bacteroides_uniformis_57318,700035157,ERR912069,69,469267,25,106881,8,0
Bacteroides_uniformis_57318,700035861,700037967,21,642371,7,146929,0,0
Bacteroides_uniformis_57318,700035861,700097973,18,655127,7,150271,0,0
Bacteroides_uniformis_57318,700035861,700161342,21,652275,7,149496,0,0
Bacteroides_uniformis_57318,700035861,700171955,28,635949,9,145686,2,0
Bacteroides_uniformis_57318,700035861,ERR912065,21,624614,7,143143,0,0
Bacteroides_uniformis_57318,700035861,ERR912080,35,613580,12,140429,5,0
Bacteroides_uniformis_57318,700035861,SRR413650,43,623231,14,142996,0,0
Bacteroides_uniformis_57318,700037008,700107930,51,506934,28,115612,7,0
Bacteroides_uniformis_57318,700037008,ERR912023,46,501461,11,114431,11,0
Bacteroides_uniformis_57318,700037008,ERR912182,53,477205,21,108729,10,0
Bacteroides_uniformis_57318,700037008,ERR912187,44,489922,8,111817,8,0
Bacteroides_uniformis_57318,700037303,700037916,19,661623,15,151231,0,0
Bacteroides_uniformis_57318,700037303,ERR911975,23,672235,19,153643,0,0
Bacteroides_uniformis_57318,700037738,ERR912047,19,527597,1,119879,0,0
Bacteroides_uniformis_57318,700037757,SRR413559,35,679247,16,155372,2,0
Bacteroides_uniformis_57318,700037868,700105613,50,518231,26,118090,2,0
Bacteroides_uniformis_57318,700037868,700106754,81,467646,22,106344,13,0
Bacteroides_uniformis_57318,700037868,700161872,71,475426,26,108176,10,0
Bacteroides_uniformis_57318,700037916,ERR911975,17,648494,9,148041,0,0
Bacteroides_uniformis_57318,700037967,700097973,21,641868,9,146667,0,0
Bacteroides_uniformis_57318,700037967,700171955,35,628082,7,143497,4,0
Bacteroides_uniformis_57318,700037967,ERR912065,22,613585,7,140042,0,0
Bacteroides_uniformis_57318,700037967,ERR912080,34,605805,9,138141,5,0
Bacteroides_uniformis_57318,700037967,SRR413650,40,611633,19,139700,3,0
Bacteroides_uniformis_57318,700038072,SRR341699,21,524827,5,119337,4,0
Bacteroides_uniformis_57318,700038493,700121919,30,475240,16,108000,2,0
Bacteroides_uniformis_57318,700038761,700106056,35,590179,13,134388,4,0
Bacteroides_uniformis_57318,700038761,ERR912024,50,569313,13,129458,11,0
Bacteroides_uniformis_57318,700038761,ERR912042,55,556948,9,126836,11,0
Bacteroides_uniformis_57318,700038761,ERR912071,39,560405,13,127557,4,0
Bacteroides_uniformis_57318,700038761,ERR912077,45,566646,11,129021,4,0
Bacteroides_uniformis_57318,700038761,SRR341624,35,473569,7,107089,2,0
Bacteroides_uniformis_57318,700038761,SRR413615,40,589170,18,133940,2,0
Bacteroides_uniformis_57318,700038761,SRR413663,22,606842,13,138318,2,0
Bacteroides_uniformis_57318,700038870,700098267,85,648517,19,148485,0,0
Bacteroides_uniformis_57318,700095058,700095410,71,506420,19,115723,2,0
Bacteroides_uniformis_57318,700095410,pluto3-11-0-0_,57,572780,6,130328,8,0
Bacteroides_uniformis_57318,700095717,700113762,24,893277,6,205606,0,0
Bacteroides_uniformis_57318,700095717,700117766,46,892467,7,205253,0,0
Bacteroides_uniformis_57318,700095717,ERR912038,34,896446,7,206178,0,0
Bacteroides_uniformis_57318,700095717,ERR912067,48,874647,18,201178,2,0
Bacteroides_uniformis_57318,700095717,ERR912165,33,886101,7,203736,2,0
Bacteroides_uniformis_57318,700095717,ERR912175,32,887674,10,204001,0,0
Bacteroides_uniformis_57318,700097482,SRR341639,29,379823,13,86908,5,0
Bacteroides_uniformis_57318,700097482,SRR413579,38,473218,12,107895,8,0
Bacteroides_uniformis_57318,700097837,700113762,28,887909,11,204599,0,0
Bacteroides_uniformis_57318,700097837,700117766,50,885771,15,203928,2,0
Bacteroides_uniformis_57318,700097837,ERR912038,37,889838,15,204969,0,0
Bacteroides_uniformis_57318,700097837,ERR912067,52,867770,27,199904,0,0
Bacteroides_uniformis_57318,700097837,ERR912165,36,879575,15,202532,0,0
Bacteroides_uniformis_57318,700097837,ERR912175,36,881022,17,202784,0,0
Bacteroides_uniformis_57318,700097973,700161342,18,667970,10,153022,0,0
Bacteroides_uniformis_57318,700097973,700171955,31,640022,7,146543,2,0
Bacteroides_uniformis_57318,700097973,ERR912065,19,637841,5,146077,0,0
Bacteroides_uniformis_57318,700097973,ERR912080,34,627391,6,143478,7,0
Bacteroides_uniformis_57318,700097973,SRR413650,39,636437,14,145908,3,0
Bacteroides_uniformis_57318,700098429,1089279-24-0-0_,65,530928,15,120935,16,0
Bacteroides_uniformis_57318,700098429,700117239,73,513573,11,116680,24,0
Bacteroides_uniformis_57318,700098429,700163982,72,507961,19,115375,17,0
Bacteroides_uniformis_57318,700098429,ERR911966,83,517994,27,118057,25,0
Bacteroides_uniformis_57318,700098429,ERR911977,70,528300,16,120428,14,0
Bacteroides_uniformis_57318,700098429,ERR911981,80,590497,11,134917,21,0
Bacteroides_uniformis_57318,700098429,ERR911994,59,601333,16,137465,15,0
Bacteroides_uniformis_57318,700098429,ERR912030,55,595549,14,136133,11,0
Bacteroides_uniformis_57318,700098429,ERR912041,46,581250,13,132802,13,0
Bacteroides_uniformis_57318,700098429,ERR912046,49,539612,14,123136,8,0
Bacteroides_uniformis_57318,700098429,ERR912084,43,593399,13,135554,7,0
Bacteroides_uniformis_57318,700098429,ERR912110,51,540957,18,123545,9,0
Bacteroides_uniformis_57318,700098429,SRR413627,64,528066,18,120587,12,0
Bacteroides_uniformis_57318,700098429,donald3-11-0-0_,51,605844,10,138327,11,0
Bacteroides_uniformis_57318,700098669,ERR911980,59,483504,13,109312,2,0
Bacteroides_uniformis_57318,700105049,700116865,15,625143,2,142810,0,0
Bacteroides_uniformis_57318,700105153,700113762,19,868148,8,199656,2,0
Bacteroides_uniformis_57318,700105153,700117766,39,867538,10,199393,0,0
Bacteroides_uniformis_57318,700105153,ERR912038,27,875029,10,201118,0,0
Bacteroides_uniformis_57318,700105153,ERR912067,43,855037,26,196566,0,0
Bacteroides_uniformis_57318,700105153,ERR912165,28,865748,10,198931,4,0
Bacteroides_uniformis_57318,700105153,ERR912175,27,867626,12,199298,2,0
Bacteroides_uniformis_57318,700105312,700113762,16,888073,7,204468,2,0
Bacteroides_uniformis_57318,700105312,700117766,37,887200,9,204110,2,0
Bacteroides_uniformis_57318,700105312,ERR912038,25,893667,9,205578,3,0
Bacteroides_uniformis_57318,700105312,ERR912067,40,872109,23,200641,0,0
Bacteroides_uniformis_57318,700105312,ERR912165,24,883136,9,203128,4,0
Bacteroides_uniformis_57318,700105312,ERR912175,24,885009,12,203468,2,0
Bacteroides_uniformis_57318,700105882,SRR413596,48,500899,25,114527,2,0
Bacteroides_uniformis_57318,700106056,ERR912024,47,557381,17,126856,4,0
Bacteroides_uniformis_57318,700106056,ERR912042,50,547368,15,124699,4,0
Bacteroides_uniformis_57318,700106056,ERR912071,40,551843,11,125694,2,0
Bacteroides_uniformis_57318,700106056,ERR912077,41,552452,14,125543,5,0
Bacteroides_uniformis_57318,700106056,SRR341624,33,454444,10,102754,4,0
Bacteroides_uniformis_57318,700106056,SRR413615,45,578425,27,131399,5,0
Bacteroides_uniformis_57318,700106056,SRR413663,36,569455,21,129549,4,0
Bacteroides_uniformis_57318,700106170,ERR911967,62,532727,26,121457,4,0
Bacteroides_uniformis_57318,700106170,ERR912002,71,520137,25,118609,7,0
Bacteroides_uniformis_57318,700106170,ERR912033,66,518923,19,118386,8,0
Bacteroides_uniformis_57318,700107930,ERR912023,35,571970,11,130664,5,0
Bacteroides_uniformis_57318,700107930,ERR912182,53,535923,14,121990,11,0
Bacteroides_uniformis_57318,700107930,ERR912187,42,564678,8,128970,4,0
Bacteroides_uniformis_57318,700109564,700111296,15,716258,4,164118,0,0
Bacteroides_uniformis_57318,700109564,700113867,16,723586,3,166065,3,0
Bacteroides_uniformis_57318,700109564,700117303,15,718703,1,164504,0,0
Bacteroides_uniformis_57318,700111296,700113867,7,730130,3,167328,0,0
Bacteroides_uniformis_57318,700111296,700117303,20,689321,7,157519,0,0
Bacteroides_uniformis_57318,700113705,700166775,30,628944,13,144055,0,0
Bacteroides_uniformis_57318,700113705,ERR911959,34,625354,8,142878,0,0
Bacteroides_uniformis_57318,700113762,700120753,18,895928,6,206422,0,0
Bacteroides_uniformis_57318,700113762,ERR912067,33,880709,21,202840,0,0
Bacteroides_uniformis_57318,700113762,ERR912165,21,897345,11,206690,2,0
Bacteroides_uniformis_57318,700113810,1089275-24-0-0_,48,635821,17,145474,3,0
Bacteroides_uniformis_57318,700113810,700161967,38,636759,10,145496,0,0
Bacteroides_uniformis_57318,700113810,ERR912036,41,595470,13,136240,2,0
Bacteroides_uniformis_57318,700113810,ERR912139,52,588439,10,134545,4,0
Bacteroides_uniformis_57318,700113867,700117303,20,696113,2,159330,3,0
Bacteroides_uniformis_57318,700114218,700116148,41,290821,18,66463,5,0
Bacteroides_uniformis_57318,700116028,700124561,22,601304,9,137757,3,0
Bacteroides_uniformis_57318,700116730,700165224,107,561932,28,128319,11,0
Bacteroides_uniformis_57318,700116730,700172279,95,586512,22,133830,7,0
Bacteroides_uniformis_57318,700116730,ERR911979,51,599210,23,136659,11,0
Bacteroides_uniformis_57318,700116730,ERR911986,94,541123,27,123507,14,0
Bacteroides_uniformis_57318,700116865,ERR912001,15,624525,6,143229,0,0
Bacteroides_uniformis_57318,700116865,ERR912052,18,624251,7,143308,0,0
Bacteroides_uniformis_57318,700116865,ERR912099,15,624253,4,143301,0,0
Bacteroides_uniformis_57318,700117239,1089279-24-0-0_,24,653096,6,149163,2,0
Bacteroides_uniformis_57318,700117239,ERR911966,60,496257,27,112667,5,0
Bacteroides_uniformis_57318,700117239,ERR911977,31,632338,9,144456,0,0
Bacteroides_uniformis_57318,700117239,ERR911981,66,573171,19,130560,7,0
Bacteroides_uniformis_57318,700117239,ERR911994,51,561227,25,127803,8,0
Bacteroides_uniformis_57318,700117239,ERR912030,47,559320,24,127372,5,0
Bacteroides_uniformis_57318,700117239,ERR912041,40,552470,18,125746,3,0
Bacteroides_uniformis_57318,700117239,ERR912046,43,512402,11,116423,2,0
Bacteroides_uniformis_57318,700117239,ERR912084,42,562378,19,127980,2,0
Bacteroides_uniformis_57318,700117239,ERR912110,50,524212,29,119291,0,0
Bacteroides_uniformis_57318,700117239,ERR912122,79,518670,13,117941,33,0
Bacteroides_uniformis_57318,700117239,SRR413627,49,513326,19,116587,0,0
Bacteroides_uniformis_57318,700117239,donald3-11-0-0_,45,573989,17,130530,5,0
Bacteroides_uniformis_57318,700117766,700120753,39,894626,8,205977,0,0
Bacteroides_uniformis_57318,700117766,ERR912067,55,882810,17,203112,0,0
Bacteroides_uniformis_57318,700117766,ERR912165,44,899731,11,207003,0,0
Bacteroides_uniformis_57318,700120753,ERR912038,27,900364,8,207330,0,0
Bacteroides_uniformis_57318,700120753,ERR912067,40,875532,16,201580,0,0
Bacteroides_uniformis_57318,700120753,ERR912165,26,890229,8,204917,0,0
Bacteroides_uniformis_57318,700120753,ERR912175,27,890807,11,204950,2,0
Bacteroides_uniformis_57318,700161342,700171955,36,632008,5,144663,4,0
Bacteroides_uniformis_57318,700161342,ERR912065,21,631735,8,144681,0,0
Bacteroides_uniformis_57318,700161342,ERR912080,37,625242,11,142931,5,0
Bacteroides_uniformis_57318,700161342,SRR413650,39,635311,14,145555,3,0
Bacteroides_uniformis_57318,700161967,1089275-24-0-0_,50,660660,15,150891,3,0
Bacteroides_uniformis_57318,700161967,ERR912036,41,613393,12,140174,2,0
Bacteroides_uniformis_57318,700161967,ERR912139,53,623464,18,142312,4,0
Bacteroides_uniformis_57318,700163982,1089279-24-0-0_,27,661150,12,151093,0,0
Bacteroides_uniformis_57318,700163982,ERR911966,53,491534,19,111363,5,0
Bacteroides_uniformis_57318,700163982,ERR911977,35,638097,12,145810,0,0
Bacteroides_uniformis_57318,700163982,ERR911981,65,563567,17,128335,5,0
Bacteroides_uniformis_57318,700163982,ERR911994,55,555543,23,126385,9,0
Bacteroides_uniformis_57318,700163982,ERR912030,55,562879,26,128252,6,0
Bacteroides_uniformis_57318,700163982,ERR912041,44,547107,23,124380,3,0
Bacteroides_uniformis_57318,700163982,ERR912046,54,519093,23,117912,2,0
Bacteroides_uniformis_57318,700163982,ERR912084,58,569184,29,129523,5,0
Bacteroides_uniformis_57318,700163982,ERR912110,57,533673,35,121444,0,0
Bacteroides_uniformis_57318,700163982,ERR912122,64,513386,12,116728,16,0
Bacteroides_uniformis_57318,700163982,SRR413627,52,519238,22,117913,0,0
Bacteroides_uniformis_57318,700163982,donald3-11-0-0_,44,566859,17,128865,3,0
Bacteroides_uniformis_57318,700165224,700165407,55,650534,17,149047,11,0
Bacteroides_uniformis_57318,700165224,700172279,91,690513,44,157763,8,0
Bacteroides_uniformis_57318,700165224,ERR911986,15,778750,9,178632,0,0
Bacteroides_uniformis_57318,700165224,SRR341690,72,532926,49,121199,7,0
Bacteroides_uniformis_57318,700165224,SRR413613,71,564102,43,129040,7,0
Bacteroides_uniformis_57318,700165407,700172279,63,626039,14,143165,14,0
Bacteroides_uniformis_57318,700165407,ERR911986,57,657556,22,150834,13,0
Bacteroides_uniformis_57318,700165407,SRR341690,82,553967,56,126382,6,0
Bacteroides_uniformis_57318,700165407,SRR413613,71,572069,29,130851,8,0
Bacteroides_uniformis_57318,700166775,ERR911959,30,608303,10,139334,0,0
Bacteroides_uniformis_57318,700171955,ERR912065,31,608382,9,139101,0,0
Bacteroides_uniformis_57318,700171955,ERR912080,43,601181,12,137358,9,0
Bacteroides_uniformis_57318,700171955,SRR413650,50,606188,15,138742,3,0
Bacteroides_uniformis_57318,700172279,ERR911986,82,668096,36,152860,10,0
Bacteroides_uniformis_57318,700172279,ERR912075,94,605321,34,138145,5,0
Bacteroides_uniformis_57318,700172279,SRR341690,78,537002,47,122197,6,0
Bacteroides_uniformis_57318,ERR911957,ERR912112,46,527735,10,120315,6,0
Bacteroides_uniformis_57318,ERR911966,1089279-24-0-0_,40,492148,5,111988,2,0
Bacteroides_uniformis_57318,ERR911966,ERR911977,45,499473,6,113725,0,0
Bacteroides_uniformis_57318,ERR911966,ERR911981,89,584479,28,133668,16,0
Bacteroides_uniformis_57318,ERR911966,ERR911994,74,587367,25,134277,14,0
Bacteroides_uniformis_57318,ERR911966,ERR912030,76,585014,28,133571,13,0
Bacteroides_uniformis_57318,ERR911966,ERR912041,62,566667,26,129473,11,0
Bacteroides_uniformis_57318,ERR911966,ERR912046,44,598907,12,136690,15,0
Bacteroides_uniformis_57318,ERR911966,ERR912084,69,583914,23,133463,13,0
Bacteroides_uniformis_57318,ERR911966,ERR912110,49,605976,17,138362,13,0
Bacteroides_uniformis_57318,ERR911966,ERR912122,91,546932,24,125044,27,0
Bacteroides_uniformis_57318,ERR911966,donald3-11-0-0_,63,578653,20,132188,11,0
Bacteroides_uniformis_57318,ERR911967,ERR912002,47,530231,26,121239,8,0
Bacteroides_uniformis_57318,ERR911967,ERR912033,50,546124,34,125111,6,0
Bacteroides_uniformis_57318,ERR911977,ERR911981,77,598464,17,136912,6,0
Bacteroides_uniformis_57318,ERR911977,ERR911994,64,604985,25,138432,9,0
Bacteroides_uniformis_57318,ERR911977,ERR912030,71,609749,33,139603,7,0
Bacteroides_uniformis_57318,ERR911977,ERR912041,53,594825,34,135985,0,0
Bacteroides_uniformis_57318,ERR911977,ERR912046,57,548677,17,125302,2,0
Bacteroides_uniformis_57318,ERR911977,ERR912084,61,605276,29,138444,0,0
Bacteroides_uniformis_57318,ERR911977,ERR912110,52,543964,22,124251,2,0
Bacteroides_uniformis_57318,ERR911977,ERR912122,75,566639,25,129710,14,0
Bacteroides_uniformis_57318,ERR911977,donald3-11-0-0_,55,594095,19,135572,2,0
Bacteroides_uniformis_57318,ERR911979,ERR912075,52,656921,26,149712,14,0
Bacteroides_uniformis_57318,ERR911981,1089279-24-0-0_,70,605809,17,138715,4,0
Bacteroides_uniformis_57318,ERR911981,ERR911994,39,669388,10,153494,0,0
Bacteroides_uniformis_57318,ERR911981,ERR912030,41,667866,9,153095,0,0
Bacteroides_uniformis_57318,ERR911981,ERR912041,45,654790,11,149964,3,0
Bacteroides_uniformis_57318,ERR911981,ERR912046,56,601780,14,137822,3,0
Bacteroides_uniformis_57318,ERR911981,ERR912084,48,671250,8,153851,2,0
Bacteroides_uniformis_57318,ERR911981,ERR912110,63,604555,17,138567,5,0
Bacteroides_uniformis_57318,ERR911981,ERR912122,75,616786,15,141299,21,0
Bacteroides_uniformis_57318,ERR911981,donald3-11-0-0_,47,668122,5,153048,3,0
Bacteroides_uniformis_57318,ERR911994,1089279-24-0-0_,51,588090,19,134381,3,0
Bacteroides_uniformis_57318,ERR911994,ERR912030,23,681898,9,156343,0,0
Bacteroides_uniformis_57318,ERR911994,ERR912041,29,662997,11,151819,3,0
Bacteroides_uniformis_57318,ERR911994,ERR912046,38,615919,17,140986,3,0
Bacteroides_uniformis_57318,ERR911994,ERR912084,32,670806,8,153660,3,0
Bacteroides_uniformis_57318,ERR911994,ERR912110,48,633704,22,145239,3,0
Bacteroides_uniformis_57318,ERR911994,ERR912122,62,631571,14,144712,19,0
Bacteroides_uniformis_57318,ERR911994,donald3-11-0-0_,34,677251,6,155152,6,0
Bacteroides_uniformis_57318,ERR912005,ERR912073,14,704901,3,161685,0,0
Bacteroides_uniformis_57318,ERR912023,ERR912182,35,605452,19,138159,5,0
Bacteroides_uniformis_57318,ERR912023,ERR912187,23,652020,7,149046,0,0
Bacteroides_uniformis_57318,ERR912024,ERR912071,57,640930,13,146781,5,0
Bacteroides_uniformis_57318,ERR912024,ERR912077,48,630317,9,144250,5,0
Bacteroides_uniformis_57318,ERR912030,1089279-24-0-0_,60,596387,20,136453,6,0
Bacteroides_uniformis_57318,ERR912030,ERR912041,30,660990,10,151347,3,0
Bacteroides_uniformis_57318,ERR912030,ERR912046,45,626495,15,143431,3,0
Bacteroides_uniformis_57318,ERR912030,ERR912084,36,669392,7,153349,3,0
Bacteroides_uniformis_57318,ERR912030,ERR912110,50,628894,18,144116,2,0
Bacteroides_uniformis_57318,ERR912030,ERR912122,72,632381,16,144869,21,0
Bacteroides_uniformis_57318,ERR912030,donald3-11-0-0_,37,675131,5,154577,6,0
Bacteroides_uniformis_57318,ERR912036,1089275-24-0-0_,52,640520,15,146724,5,0
Bacteroides_uniformis_57318,ERR912038,ERR912067,46,920087,20,211634,2,0
Bacteroides_uniformis_57318,ERR912038,ERR912165,30,936490,12,215406,0,0
Bacteroides_uniformis_57318,ERR912041,1089279-24-0-0_,48,577940,19,132019,7,0
Bacteroides_uniformis_57318,ERR912041,ERR912046,31,606950,15,138981,0,0
Bacteroides_uniformis_57318,ERR912041,ERR912084,21,662730,11,151719,0,0
Bacteroides_uniformis_57318,ERR912041,ERR912110,33,596841,19,136751,0,0
Bacteroides_uniformis_57318,ERR912041,ERR912122,57,620439,16,142005,16,0
Bacteroides_uniformis_57318,ERR912041,donald3-11-0-0_,20,660244,9,151103,0,0
Bacteroides_uniformis_57318,ERR912042,ERR912071,63,636864,15,145936,5,0
Bacteroides_uniformis_57318,ERR912042,ERR912077,57,622129,11,142465,7,0
Bacteroides_uniformis_57318,ERR912046,1089279-24-0-0_,37,524039,8,119495,0,0
Bacteroides_uniformis_57318,ERR912046,ERR912084,39,605362,12,138581,2,0
Bacteroides_uniformis_57318,ERR912046,ERR912122,61,572193,10,130881,17,0
Bacteroides_uniformis_57318,ERR912046,donald3-11-0-0_,34,613442,12,140202,0,0
Bacteroides_uniformis_57318,ERR912065,ERR912080,33,633676,6,144883,8,0
Bacteroides_uniformis_57318,ERR912067,ERR912165,42,907049,19,208608,0,0
Bacteroides_uniformis_57318,ERR912067,ERR912175,42,906885,21,208423,2,0
Bacteroides_uniformis_57318,ERR912069,ERR912081,28,605404,8,138338,2,0
Bacteroides_uniformis_57318,ERR912071,ERR912077,46,620263,11,141906,5,0
Bacteroides_uniformis_57318,ERR912084,1089279-24-0-0_,50,604231,22,138081,0,0
Bacteroides_uniformis_57318,ERR912084,ERR912110,38,618728,10,141764,0,0
Bacteroides_uniformis_57318,ERR912084,ERR912122,52,625368,13,143109,12,0
Bacteroides_uniformis_57318,ERR912084,donald3-11-0-0_,26,673454,4,154113,3,0
Bacteroides_uniformis_57318,ERR912110,1089279-24-0-0_,42,540852,11,123457,0,0
Bacteroides_uniformis_57318,ERR912110,ERR912122,56,579572,16,132618,10,0
Bacteroides_uniformis_57318,ERR912110,donald3-11-0-0_,37,614169,15,140475,0,0
Bacteroides_uniformis_57318,ERR912122,1089279-24-0-0_,69,550900,14,125882,17,0
Bacteroides_uniformis_57318,ERR912122,donald3-11-0-0_,59,630771,10,144288,11,0
Bacteroides_uniformis_57318,ERR912139,1089275-24-0-0_,63,645473,23,147649,5,0
Bacteroides_uniformis_57318,ERR912165,ERR912175,29,925766,13,212758,2,0
Bacteroides_uniformis_57318,ERR912182,ERR912187,36,613701,10,140057,5,0
Bacteroides_uniformis_57318,SRR341621,SRR413600,7,473391,6,107899,0,0
Bacteroides_uniformis_57318,SRR341621,SRR413622,12,471164,7,107445,0,0
Bacteroides_uniformis_57318,SRR341621,SRR413626,41,373469,24,84798,9,0
Bacteroides_uniformis_57318,SRR341624,ERR912024,44,455769,12,103339,7,0
Bacteroides_uniformis_57318,SRR341624,ERR912042,68,470518,20,106414,3,0
Bacteroides_uniformis_57318,SRR341624,ERR912071,36,468498,14,106048,0,0
Bacteroides_uniformis_57318,SRR341624,ERR912077,54,484496,16,109594,0,0
Bacteroides_uniformis_57318,SRR341624,SRR413615,38,480491,11,108661,3,0
Bacteroides_uniformis_57318,SRR341624,SRR413663,28,511696,7,116136,0,0
Bacteroides_uniformis_57318,SRR341632,SRR341716,40,513191,15,115395,6,0
Bacteroides_uniformis_57318,SRR341639,SRR413579,17,471496,7,107897,0,0
Bacteroides_uniformis_57318,SRR341690,ERR911986,78,564131,53,128447,10,0
Bacteroides_uniformis_57318,SRR341690,SRR413613,6,708524,2,161749,0,0
Bacteroides_uniformis_57318,SRR341693,SRR341708,54,562698,9,127951,14,0
Bacteroides_uniformis_57318,SRR341693,SRR341718,53,556957,9,126649,17,0
Bacteroides_uniformis_57318,SRR341709,SRR341716,29,537902,11,122170,7,0
Bacteroides_uniformis_57318,SRR341716,SRR341719,31,530205,9,120247,2,0
Bacteroides_uniformis_57318,SRR413557,SRR413600,6,552141,2,126021,0,0
Bacteroides_uniformis_57318,SRR413557,SRR413622,9,612546,0,139933,0,0
Bacteroides_uniformis_57318,SRR413557,SRR413626,31,541185,13,123406,3,0
Bacteroides_uniformis_57318,SRR413562,SRR413618,23,535871,11,122436,0,0
Bacteroides_uniformis_57318,SRR413562,SRR413659,28,538567,5,123079,0,0
Bacteroides_uniformis_57318,SRR413575,ERR912125,68,528585,26,120509,12,0
Bacteroides_uniformis_57318,SRR413578,ERR912100,69,474167,19,107628,4,0
Bacteroides_uniformis_57318,SRR413600,SRR413622,12,540901,3,123362,0,0
Bacteroides_uniformis_57318,SRR413600,SRR413626,31,446045,19,101363,5,0
Bacteroides_uniformis_57318,SRR413613,ERR911986,79,605834,55,138594,9,0
Bacteroides_uniformis_57318,SRR413615,ERR912024,63,614976,28,140426,9,0
Bacteroides_uniformis_57318,SRR413615,ERR912042,60,601444,19,137455,5,0
Bacteroides_uniformis_57318,SRR413615,ERR912071,47,605029,21,138270,2,0
Bacteroides_uniformis_57318,SRR413615,ERR912077,48,606062,22,138290,2,0
Bacteroides_uniformis_57318,SRR413615,SRR413663,32,625207,19,142752,0,0
Bacteroides_uniformis_57318,SRR413622,SRR413626,31,512327,9,116620,8,0
Bacteroides_uniformis_57318,SRR413627,1089279-24-0-0_,60,567033,20,129550,2,0
Bacteroides_uniformis_57318,SRR413627,ERR911966,57,602258,18,137552,11,0
Bacteroides_uniformis_57318,SRR413627,ERR911977,69,559484,27,127800,2,0
Bacteroides_uniformis_57318,SRR413627,ERR911981,64,596779,16,136870,5,0
Bacteroides_uniformis_57318,SRR413627,ERR911994,50,604306,18,138479,4,0
Bacteroides_uniformis_57318,SRR413627,ERR912030,53,599840,14,137466,2,0
Bacteroides_uniformis_57318,SRR413627,ERR912041,42,583463,18,133660,2,0
Bacteroides_uniformis_57318,SRR413627,ERR912046,30,628911,12,143917,0,0
Bacteroides_uniformis_57318,SRR413627,ERR912084,46,595501,12,136455,0,0
Bacteroides_uniformis_57318,SRR413627,ERR912110,36,632179,15,144764,0,0
Bacteroides_uniformis_57318,SRR413627,ERR912122,65,540293,21,123542,8,0
Bacteroides_uniformis_57318,SRR413627,donald3-11-0-0_,54,623980,18,142923,3,0
Bacteroides_uniformis_57318,SRR413650,ERR912065,45,639461,15,146594,5,0
Bacteroides_uniformis_57318,SRR413650,ERR912080,58,632083,24,144693,9,0
Bacteroides_uniformis_57318,SRR413663,ERR912024,52,622938,14,142597,7,0
Bacteroides_uniformis_57318,SRR413663,ERR912042,60,615367,18,140878,5,0
Bacteroides_uniformis_57318,SRR413663,ERR912071,49,621760,21,142272,0,0
Bacteroides_uniformis_57318,SRR413663,ERR912077,40,610708,18,139618,4,0
Bacteroides_uniformis_57318,700015702,700016142,25,893961,3,206039,0,0
Bacteroides_uniformis_57318,700015702,700016716,24,897598,3,206851,0,0
Bacteroides_uniformis_57318,700015702,700033153,22,887571,1,204215,0,0
Bacteroides_uniformis_57318,700015702,700095717,30,897917,1,206791,0,0
Bacteroides_uniformis_57318,700015702,700097837,33,892261,9,205679,0,0
Bacteroides_uniformis_57318,700015702,700105312,20,892520,3,205585,0,0
Bacteroides_uniformis_57318,700015702,700120753,23,900752,2,207584,0,0
Bacteroides_uniformis_57318,700015857,700024024,20,629316,6,142914,0,0
Bacteroides_uniformis_57318,700016142,700016716,21,896841,4,206573,0,0
Bacteroides_uniformis_57318,700016142,700033153,25,887935,2,204123,0,0
Bacteroides_uniformis_57318,700016142,700095717,29,889993,2,204899,0,0
Bacteroides_uniformis_57318,700016142,700097837,32,894004,10,206020,0,0
Bacteroides_uniformis_57318,700016142,700105153,26,874479,5,201117,0,0
Bacteroides_uniformis_57318,700016142,700105312,22,894179,4,205882,0,0
Bacteroides_uniformis_57318,700016142,700120753,22,898927,3,207116,0,0
Bacteroides_uniformis_57318,700016456,700021824,14,626078,3,142756,0,0
Bacteroides_uniformis_57318,700016456,700105049,11,621312,1,141188,0,0
Bacteroides_uniformis_57318,700016456,ERR912001,12,618588,3,141076,0,0
Bacteroides_uniformis_57318,700016456,ERR912052,14,618917,5,141205,0,0
Bacteroides_uniformis_57318,700016456,ERR912099,11,618570,3,141133,0,0
Bacteroides_uniformis_57318,700016716,700033153,20,887370,2,204011,0,0
Bacteroides_uniformis_57318,700016716,700095717,28,891922,2,205335,0,0
Bacteroides_uniformis_57318,700016716,700097837,29,895108,10,206294,0,0
Bacteroides_uniformis_57318,700016716,700105153,19,873465,5,200874,0,0
Bacteroides_uniformis_57318,700016716,700105312,18,894829,4,205984,0,0
Bacteroides_uniformis_57318,700016716,700120753,21,900453,3,207413,0,0
Bacteroides_uniformis_57318,700021123,700098429,16,632395,4,144310,0,0
Bacteroides_uniformis_57318,700021123,ERR912122,23,643551,6,147034,0,0
Bacteroides_uniformis_57318,700021261,700024509,21,644230,7,147211,0,0
Bacteroides_uniformis_57318,700021261,700037405,32,636438,8,145750,0,0
Bacteroides_uniformis_57318,700021261,700038546,7,656386,0,150066,0,0
Bacteroides_uniformis_57318,700021261,700097906,35,664347,8,151867,0,0
Bacteroides_uniformis_57318,700021261,700106754,38,663089,7,151751,0,0
Bacteroides_uniformis_57318,700021261,700113975,41,659820,8,151242,0,0
Bacteroides_uniformis_57318,700021261,700161429,25,685443,9,156803,0,0
Bacteroides_uniformis_57318,700021261,700161872,34,660435,8,151413,0,0
Bacteroides_uniformis_57318,700021295,700023578,35,621709,11,141955,0,0
Bacteroides_uniformis_57318,700021295,700024086,39,615834,13,140479,0,0
Bacteroides_uniformis_57318,700021295,700161967,36,643052,13,147155,0,0
Bacteroides_uniformis_57318,700021824,700105049,12,628307,3,143251,0,0
Bacteroides_uniformis_57318,700021824,ERR912001,13,620702,4,141873,0,0
Bacteroides_uniformis_57318,700021824,ERR912052,15,620290,6,141881,0,0
Bacteroides_uniformis_57318,700021824,ERR912099,13,620500,5,141864,0,0
Bacteroides_uniformis_57318,700023578,700024086,32,609870,7,138696,0,0
Bacteroides_uniformis_57318,700023578,700161967,30,636458,5,145067,0,0
Bacteroides_uniformis_57318,700024086,700161967,31,620870,9,141419,0,0
Bacteroides_uniformis_57318,700024509,700037405,23,615738,9,140851,0,0
Bacteroides_uniformis_57318,700024509,700038546,18,634731,6,145050,0,0
Bacteroides_uniformis_57318,700024509,700097906,24,641175,7,146474,0,0
Bacteroides_uniformis_57318,700024509,700106754,27,637306,6,145797,0,0
Bacteroides_uniformis_57318,700024509,700113975,30,639233,7,146349,0,0
Bacteroides_uniformis_57318,700024509,700161429,14,641787,6,146631,0,0
Bacteroides_uniformis_57318,700024509,700161872,24,634768,9,145387,0,0
Bacteroides_uniformis_57318,700033153,700095717,26,885015,0,203363,0,0
Bacteroides_uniformis_57318,700033153,700097837,29,885104,8,203560,0,0
Bacteroides_uniformis_57318,700033153,700105153,19,868561,3,199422,0,0
Bacteroides_uniformis_57318,700033153,700105312,16,886813,2,203821,0,0
Bacteroides_uniformis_57318,700033153,700120753,15,891327,1,204952,0,0
Bacteroides_uniformis_57318,700033201,ERR912084,18,642284,5,147170,0,0
Bacteroides_uniformis_57318,700034166,ERR912002,26,617682,3,141573,0,0
Bacteroides_uniformis_57318,700034166,ERR912033,20,613552,6,140697,0,0
Bacteroides_uniformis_57318,700037405,700038546,25,633349,8,145019,0,0
Bacteroides_uniformis_57318,700037405,700097906,34,633409,11,145026,0,0
Bacteroides_uniformis_57318,700037405,700106754,34,633744,12,145257,0,0
Bacteroides_uniformis_57318,700037405,700113975,37,634698,11,145676,0,0
Bacteroides_uniformis_57318,700037405,700161429,23,635083,11,145475,0,0
Bacteroides_uniformis_57318,700037405,700161872,30,633141,12,145255,0,0
Bacteroides_uniformis_57318,700037967,700161342,12,651918,4,148932,0,0
Bacteroides_uniformis_57318,700038386,700106876,22,590256,5,133856,0,0
Bacteroides_uniformis_57318,700038546,700097906,32,654722,7,149726,0,0
Bacteroides_uniformis_57318,700038546,700106754,31,654057,6,149704,0,0
Bacteroides_uniformis_57318,700038546,700113975,34,654393,7,149906,0,0
Bacteroides_uniformis_57318,700038546,700161429,20,655256,8,149831,0,0
Bacteroides_uniformis_57318,700038546,700161872,28,653447,7,149672,0,0
Bacteroides_uniformis_57318,700095717,700097837,37,888225,8,204550,0,0
Bacteroides_uniformis_57318,700095717,700105153,27,870012,3,200008,0,0
Bacteroides_uniformis_57318,700095717,700105312,24,889476,2,204636,0,0
Bacteroides_uniformis_57318,700095717,700120753,27,895824,1,206264,0,0
Bacteroides_uniformis_57318,700097837,700105153,27,870786,9,200314,0,0
Bacteroides_uniformis_57318,700097837,700105312,27,890648,10,205137,0,0
Bacteroides_uniformis_57318,700097837,700120753,30,896267,9,206598,0,0
Bacteroides_uniformis_57318,700097906,700106754,39,654678,9,149805,0,0
Bacteroides_uniformis_57318,700097906,700113975,36,655578,8,150159,0,0
Bacteroides_uniformis_57318,700097906,700161429,22,664185,9,151891,0,0
Bacteroides_uniformis_57318,700097906,700161872,28,654425,8,149898,0,0
Bacteroides_uniformis_57318,700098429,ERR912122,18,654154,6,149582,0,0
Bacteroides_uniformis_57318,700105049,ERR912001,10,618194,2,140995,0,0
Bacteroides_uniformis_57318,700105049,ERR912052,11,617458,5,140922,0,0
Bacteroides_uniformis_57318,700105049,ERR912099,9,617536,2,140892,0,0
Bacteroides_uniformis_57318,700105153,700105312,16,874717,5,201069,0,0
Bacteroides_uniformis_57318,700105153,700120753,20,875263,4,201319,0,0
Bacteroides_uniformis_57318,700105312,700120753,17,896781,3,206459,0,0
Bacteroides_uniformis_57318,700106754,700113975,41,657287,9,150790,0,0
Bacteroides_uniformis_57318,700106754,700161429,27,660820,10,151325,0,0
Bacteroides_uniformis_57318,700106754,700161872,34,656062,9,150530,0,0
Bacteroides_uniformis_57318,700113762,700117766,35,902569,11,207910,0,0
Bacteroides_uniformis_57318,700113762,ERR912038,22,907711,11,209158,0,0
Bacteroides_uniformis_57318,700113762,ERR912175,20,898521,14,206868,0,0
Bacteroides_uniformis_57318,700113975,700161429,27,658861,9,151025,0,0
Bacteroides_uniformis_57318,700113975,700161872,32,656449,10,150760,0,0
Bacteroides_uniformis_57318,700116730,ERR912075,6,751671,2,172374,0,0
Bacteroides_uniformis_57318,700117239,700163982,1,653298,1,148984,0,0
Bacteroides_uniformis_57318,700117766,ERR912038,46,910284,10,209531,0,0
Bacteroides_uniformis_57318,700117766,ERR912175,44,901084,15,207238,0,0
Bacteroides_uniformis_57318,700161429,700161872,19,659207,11,151135,0,0
Bacteroides_uniformis_57318,SRR341621,SRR413557,7,476849,5,108800,0,0
Bacteroides_uniformis_57318,SRR341632,SRR341709,4,613472,1,138552,0,0
Bacteroides_uniformis_57318,SRR341632,SRR341719,3,605174,1,136541,0,0
Bacteroides_uniformis_57318,SRR413618,SRR413659,13,665926,8,152683,0,0
Bacteroides_uniformis_57318,ERR911956,ERR912022,24,699265,6,160085,0,0
Bacteroides_uniformis_57318,ERR911956,ERR912188,34,694652,8,159040,0,0
Bacteroides_uniformis_57318,ERR911977,1089279-24-0-0_,19,684006,2,157019,0,0
Bacteroides_uniformis_57318,ERR912001,ERR912052,13,676653,7,155193,0,0
Bacteroides_uniformis_57318,ERR912001,ERR912099,10,676342,4,155019,0,0
Bacteroides_uniformis_57318,ERR912002,ERR912033,23,665262,11,152461,0,0
Bacteroides_uniformis_57318,ERR912022,ERR912188,31,693970,10,158825,0,0
Bacteroides_uniformis_57318,ERR912024,ERR912042,31,700405,9,160525,0,0
Bacteroides_uniformis_57318,ERR912036,ERR912139,39,673099,12,154040,0,0
Bacteroides_uniformis_57318,ERR912038,ERR912175,30,936072,14,215157,0,0
Bacteroides_uniformis_57318,ERR912046,ERR912110,14,681779,7,156126,0,0
Bacteroides_uniformis_57318,ERR912052,ERR912099,13,677811,7,155402,0,0
Bacteroides_vulgatus_57955,700013715,700037042,69,659903,11,141007,2,0
Bacteroides_vulgatus_57955,700013715,ERR911986,94,663384,27,141529,2,0
Bacteroides_vulgatus_57955,700013715,ERR912181,79,655061,16,139865,0,0
Bacteroides_vulgatus_57955,700014486,700161429,31,991218,9,212836,2,0
Bacteroides_vulgatus_57955,700014486,ERR912153,78,1104534,37,236883,2,0
Bacteroides_vulgatus_57955,700014562,700024711,65,877577,21,188035,12,0
Bacteroides_vulgatus_57955,700015415,700111296,34,1188740,12,254553,0,0
Bacteroides_vulgatus_57955,700015415,SRR341723,38,1167396,16,249893,3,0
Bacteroides_vulgatus_57955,700016142,ERR912152,68,913832,52,195408,5,0
Bacteroides_vulgatus_57955,700016765,700021902,37,1107383,7,237665,0,0
Bacteroides_vulgatus_57955,700016765,700023390,15,1192094,7,255859,0,0
Bacteroides_vulgatus_57955,700016765,700033922,24,1084834,4,232902,2,0
Bacteroides_vulgatus_57955,700016765,700161743,59,815994,13,174956,0,0
Bacteroides_vulgatus_57955,700021361,700034794,83,931678,30,199350,7,0
Bacteroides_vulgatus_57955,700021361,700111745,86,867681,15,186220,8,0
Bacteroides_vulgatus_57955,700021361,700161872,74,917967,15,196851,9,0
Bacteroides_vulgatus_57955,700021361,700163811,78,938905,20,201440,9,0
Bacteroides_vulgatus_57955,700021361,700172498,66,1166130,11,250158,0,0
Bacteroides_vulgatus_57955,700021361,ERR912110,81,895858,26,191883,9,0
Bacteroides_vulgatus_57955,700021902,700023390,45,1069687,10,229629,0,0
Bacteroides_vulgatus_57955,700021902,700033922,54,980529,14,210557,4,0
Bacteroides_vulgatus_57955,700021902,700113705,47,1136502,15,243942,0,0
Bacteroides_vulgatus_57955,700021902,SRR341721,37,1112265,9,238480,2,0
Bacteroides_vulgatus_57955,700021902,SRR413643,39,1113770,9,238961,2,0
Bacteroides_vulgatus_57955,700023188,700033989,60,1032765,13,220797,6,0
Bacteroides_vulgatus_57955,700023188,700111439,76,823621,22,175621,5,0
Bacteroides_vulgatus_57955,700023188,700164354,69,881540,28,188048,6,0
Bacteroides_vulgatus_57955,700023267,700161219,78,775079,34,165169,2,0
Bacteroides_vulgatus_57955,700023267,ERR912035,18,948335,3,202387,2,0
Bacteroides_vulgatus_57955,700023267,ERR912100,73,667647,22,142010,5,0
Bacteroides_vulgatus_57955,700023267,ERR912201,16,916777,5,195524,2,0
Bacteroides_vulgatus_57955,700023267,SRR341638,67,676140,14,143458,5,0
Bacteroides_vulgatus_57955,700023267,SRR341714,18,945628,4,201365,0,0
Bacteroides_vulgatus_57955,700023267,SRR413585,16,941519,0,200585,0,0
Bacteroides_vulgatus_57955,700023267,SRR413603,76,694468,18,147860,2,0
Bacteroides_vulgatus_57955,700023267,SRR413610,64,686114,16,146250,3,0
Bacteroides_vulgatus_57955,700023390,700033922,19,1058558,3,227296,2,0
Bacteroides_vulgatus_57955,700023390,700113705,15,1200165,8,257653,0,0
Bacteroides_vulgatus_57955,700023390,700161743,71,804771,19,172731,0,0
Bacteroides_vulgatus_57955,700023390,SRR341721,13,1199535,7,257263,0,0
Bacteroides_vulgatus_57955,700023390,SRR413643,16,1204566,9,258596,0,0
Bacteroides_vulgatus_57955,700023603,700038761,86,1086035,15,232051,3,0
Bacteroides_vulgatus_57955,700023720,700023845,74,845396,10,180308,9,0
Bacteroides_vulgatus_57955,700023720,700037284,36,1055980,16,225956,3,0
Bacteroides_vulgatus_57955,700023720,SRR413688,27,1191674,6,256439,0,0
Bacteroides_vulgatus_57955,700023845,700037284,108,850209,38,181250,5,0
Bacteroides_vulgatus_57955,700023845,SRR413688,74,849042,13,181113,2,0
Bacteroides_vulgatus_57955,700023872,SRR413661,61,951658,13,204019,7,0
Bacteroides_vulgatus_57955,700024233,700033989,52,1044952,11,223503,6,0
Bacteroides_vulgatus_57955,700024233,700111439,71,830139,20,177039,7,0
Bacteroides_vulgatus_57955,700024233,700123827,61,824556,22,175688,7,0
Bacteroides_vulgatus_57955,700024233,700164354,65,887873,27,189382,6,0
Bacteroides_vulgatus_57955,700024349,SRR341691,97,860542,27,184315,2,0
Bacteroides_vulgatus_57955,700024349,SRR413658,110,1012295,33,216942,4,0
Bacteroides_vulgatus_57955,700024545,700037008,20,816269,13,173854,2,0
Bacteroides_vulgatus_57955,700024545,700116296,31,906346,43,193503,0,0
Bacteroides_vulgatus_57955,700024545,ERR911961,36,893667,15,190489,5,0
Bacteroides_vulgatus_57955,700024711,ERR912159,87,1098460,30,234925,8,0
Bacteroides_vulgatus_57955,700024752,700032222,86,981163,21,209479,11,0
Bacteroides_vulgatus_57955,700032068,700101581,113,739443,77,158209,12,0
Bacteroides_vulgatus_57955,700032222,700095213,70,788789,13,169339,0,0
Bacteroides_vulgatus_57955,700032944,ERR911959,128,783941,26,168811,8,0
Bacteroides_vulgatus_57955,700033502,700035861,72,1083946,15,232041,13,0
Bacteroides_vulgatus_57955,700033502,700097688,62,1085447,15,232059,4,0
Bacteroides_vulgatus_57955,700033502,700161342,67,1083590,15,231654,5,0
Bacteroides_vulgatus_57955,700033502,ERR912145,68,1108739,18,237358,5,0
Bacteroides_vulgatus_57955,700033797,700106198,70,915767,22,195692,2,0
Bacteroides_vulgatus_57955,700033797,700113810,83,836504,20,178719,9,0
Bacteroides_vulgatus_57955,700033797,700116148,80,882339,21,188554,2,0
Bacteroides_vulgatus_57955,700033922,700113705,28,1090682,8,234137,2,0
Bacteroides_vulgatus_57955,700033922,SRR341721,26,1092512,3,234261,3,0
Bacteroides_vulgatus_57955,700033922,SRR413643,28,1099321,6,235946,3,0
Bacteroides_vulgatus_57955,700033989,700105312,66,958481,28,205112,0,0
Bacteroides_vulgatus_57955,700033989,700111439,80,1018513,29,218047,4,0
Bacteroides_vulgatus_57955,700033989,700116865,71,857192,28,183527,3,0
Bacteroides_vulgatus_57955,700033989,700123827,68,994380,28,212753,0,0
Bacteroides_vulgatus_57955,700033989,700164354,74,1069008,37,228872,3,0
Bacteroides_vulgatus_57955,700033989,700172279,73,982453,35,210326,2,0
Bacteroides_vulgatus_57955,700034254,700035785,72,792829,14,169546,12,0
Bacteroides_vulgatus_57955,700034254,700103479,51,1168247,10,250199,7,0
Bacteroides_vulgatus_57955,700034794,700111745,67,950990,19,204152,4,0
Bacteroides_vulgatus_57955,700034794,700161872,58,1125848,17,241342,3,0
Bacteroides_vulgatus_57955,700034794,700163811,56,1110077,13,238182,4,0
Bacteroides_vulgatus_57955,700034794,700172498,96,990507,34,211907,4,0
Bacteroides_vulgatus_57955,700034794,ERR912110,58,970073,18,208341,4,0
Bacteroides_vulgatus_57955,700034794,ERR912135,61,870707,15,186761,10,0
Bacteroides_vulgatus_57955,700035157,ERR912089,102,1189755,26,255249,3,0
Bacteroides_vulgatus_57955,700035533,700037008,31,842122,14,179878,0,0
Bacteroides_vulgatus_57955,700035533,ERR911961,36,918589,22,196520,0,0
Bacteroides_vulgatus_57955,700035785,700103479,75,864664,22,185104,6,0
Bacteroides_vulgatus_57955,700035861,700097688,44,1121016,11,240650,3,0
Bacteroides_vulgatus_57955,700035861,700161342,55,1124448,11,241241,10,0
Bacteroides_vulgatus_57955,700035861,ERR912145,58,1132043,14,243010,6,0
Bacteroides_vulgatus_57955,700037008,700106465,25,846909,13,180421,2,0
Bacteroides_vulgatus_57955,700037008,700108840,28,877142,12,187012,0,0
Bacteroides_vulgatus_57955,700037008,700116296,40,854137,55,182307,2,0
Bacteroides_vulgatus_57955,700037008,ERR911961,36,886797,17,189020,0,0
Bacteroides_vulgatus_57955,700037008,ERR911977,23,879907,11,187584,0,0
Bacteroides_vulgatus_57955,700037008,ERR911999,40,893848,16,190667,0,0
Bacteroides_vulgatus_57955,700037042,ERR911986,30,927432,7,198110,0,0
Bacteroides_vulgatus_57955,700037090,SRR413661,101,1033032,32,222015,8,0
Bacteroides_vulgatus_57955,700037284,SRR413688,43,993018,13,212469,3,0
Bacteroides_vulgatus_57955,700037649,700096865,60,1220682,3,262118,2,0
Bacteroides_vulgatus_57955,700037649,ERR912048,81,843519,21,180357,5,0
Bacteroides_vulgatus_57955,700037649,SRR341696,41,1208200,8,259175,0,0
Bacteroides_vulgatus_57955,700037649,SRR413665,45,1215944,7,261208,0,0
Bacteroides_vulgatus_57955,700037852,SRR413758,21,1183435,13,253214,2,0
Bacteroides_vulgatus_57955,700038386,700105153,34,1167784,7,249429,5,0
Bacteroides_vulgatus_57955,700038386,700161342,75,803936,24,171401,4,0
Bacteroides_vulgatus_57955,700038386,700167759,31,1079598,6,230883,0,0
Bacteroides_vulgatus_57955,700038386,SRR341632,41,1116909,10,238289,2,0
Bacteroides_vulgatus_57955,700038386,SRR341704,60,946116,21,202387,10,0
Bacteroides_vulgatus_57955,700038386,SRR413579,42,1122504,11,240234,2,0
Bacteroides_vulgatus_57955,700038386,SRR413601,54,1130772,11,242012,2,0
Bacteroides_vulgatus_57955,700038386,SRR413647,67,1131658,16,242063,11,0
Bacteroides_vulgatus_57955,700096865,SRR341696,62,1287345,9,276471,2,0
Bacteroides_vulgatus_57955,700096865,SRR413665,62,1293818,7,278197,2,0
Bacteroides_vulgatus_57955,700097688,700161342,43,1184963,9,254182,0,0
Bacteroides_vulgatus_57955,700097688,ERR912145,42,1151626,12,246979,0,0
Bacteroides_vulgatus_57955,700097688,SRR341624,76,931802,23,199370,8,0
Bacteroides_vulgatus_57955,700097688,SRR341648,71,934785,28,199835,8,0
Bacteroides_vulgatus_57955,700098867,700106754,46,1242164,17,266870,2,0
Bacteroides_vulgatus_57955,700098867,ERR912048,71,1028594,21,220600,0,0
Bacteroides_vulgatus_57955,700098867,SRR413594,81,1093281,32,234347,0,0
Bacteroides_vulgatus_57955,700098867,donald4-11-30-0_,79,989672,28,212123,5,0
Bacteroides_vulgatus_57955,700099512,ERR912068,13,898702,2,191654,0,0
Bacteroides_vulgatus_57955,700099512,ERR912161,13,937789,4,200054,0,0
Bacteroides_vulgatus_57955,700100022,ERR912000,98,740143,17,158020,4,0
Bacteroides_vulgatus_57955,700100022,ERR912197,98,703563,28,149971,2,0
Bacteroides_vulgatus_57955,700100022,SRR413593,108,748496,25,159586,4,0
Bacteroides_vulgatus_57955,700100022,SRR413666,95,739424,19,157915,4,0
Bacteroides_vulgatus_57955,700101581,ERR912199,96,771731,56,164675,4,0
Bacteroides_vulgatus_57955,700105153,700167759,27,1133500,4,243155,0,0
Bacteroides_vulgatus_57955,700105153,SRR341632,32,1125326,9,240337,0,0
Bacteroides_vulgatus_57955,700105153,SRR341704,81,886147,23,189813,16,0
Bacteroides_vulgatus_57955,700105153,SRR413579,28,1131984,8,242778,0,0
Bacteroides_vulgatus_57955,700105153,SRR413601,38,1134835,6,243406,0,0
Bacteroides_vulgatus_57955,700105153,SRR413647,60,1063174,20,227922,11,0
Bacteroides_vulgatus_57955,700105312,700111439,24,1176987,10,252552,0,0
Bacteroides_vulgatus_57955,700105312,700116865,35,993994,10,213075,6,0
Bacteroides_vulgatus_57955,700105312,700123827,29,1139352,11,244415,2,0
Bacteroides_vulgatus_57955,700105312,700164354,71,967936,39,207499,4,0
Bacteroides_vulgatus_57955,700106198,700113810,51,1021714,7,218087,4,0
Bacteroides_vulgatus_57955,700106198,700116148,47,1096664,14,234332,0,0
Bacteroides_vulgatus_57955,700106465,700116296,29,936043,45,200024,0,0
Bacteroides_vulgatus_57955,700106465,ERR911961,37,932186,15,198767,5,0
Bacteroides_vulgatus_57955,700106754,700117537,86,882263,24,188649,10,0
Bacteroides_vulgatus_57955,700106754,700122408,45,1269659,14,273042,5,0
Bacteroides_vulgatus_57955,700106754,ERR912048,69,1115473,20,239182,7,0
Bacteroides_vulgatus_57955,700106754,SRR413594,72,1158571,26,248595,7,0
Bacteroides_vulgatus_57955,700106754,donald4-11-30-0_,83,1104028,28,236888,4,0
Bacteroides_vulgatus_57955,700107566,700113867,56,755962,9,162412,4,0
Bacteroides_vulgatus_57955,700107566,700116468,65,1238410,19,266208,0,0
Bacteroides_vulgatus_57955,700108840,700116296,35,975613,54,208711,0,0
Bacteroides_vulgatus_57955,700108840,ERR911961,44,1216833,23,260992,0,0
Bacteroides_vulgatus_57955,700109449,ERR912132,77,1025172,12,220239,6,0
Bacteroides_vulgatus_57955,700111296,SRR341723,26,1296226,8,278557,3,0
Bacteroides_vulgatus_57955,700111439,700116865,45,1077918,7,230995,2,0
Bacteroides_vulgatus_57955,700111439,700123827,40,1219372,8,261439,2,0
Bacteroides_vulgatus_57955,700111439,700164354,76,972694,33,208417,7,0
Bacteroides_vulgatus_57955,700111439,700172279,23,1173819,10,251885,0,0
Bacteroides_vulgatus_57955,700111745,700161872,62,999762,18,214734,0,0
Bacteroides_vulgatus_57955,700111745,700163811,60,995222,10,213928,0,0
Bacteroides_vulgatus_57955,700111745,700172498,76,833307,14,178888,3,0
Bacteroides_vulgatus_57955,700111745,ERR912110,69,1236788,17,265447,0,0
Bacteroides_vulgatus_57955,700111745,ERR912135,77,935416,22,201078,3,0
Bacteroides_vulgatus_57955,700113705,700161743,66,820333,14,175877,2,0
Bacteroides_vulgatus_57955,700113810,700116148,48,1145365,8,245202,4,0
Bacteroides_vulgatus_57955,700116296,ERR911961,57,936469,63,200097,4,0
Bacteroides_vulgatus_57955,700116296,ERR911977,32,978357,54,209238,0,0
Bacteroides_vulgatus_57955,700116296,ERR911999,42,981422,65,210030,0,0
Bacteroides_vulgatus_57955,700116865,700123827,30,1129609,9,242205,2,0
Bacteroides_vulgatus_57955,700116865,700172279,32,993820,12,213115,4,0
Bacteroides_vulgatus_57955,700117395,ERR912020,44,808425,3,173172,0,0
Bacteroides_vulgatus_57955,700117537,ERR912048,75,917998,32,196952,4,0
Bacteroides_vulgatus_57955,700117537,ERR912111,46,1271115,16,272782,0,0
Bacteroides_vulgatus_57955,700117537,SRR413594,82,957119,30,205067,6,0
Bacteroides_vulgatus_57955,700117537,donald4-11-30-0_,75,871075,35,186628,4,0
Bacteroides_vulgatus_57955,700117766,ERR912142,87,840615,28,179860,5,0
Bacteroides_vulgatus_57955,700117766,SRR341633,75,806171,24,171813,5,0
Bacteroides_vulgatus_57955,700122408,ERR912048,63,1037273,19,222416,8,0
Bacteroides_vulgatus_57955,700122408,SRR413594,73,1107996,31,237534,2,0
Bacteroides_vulgatus_57955,700122408,donald4-11-30-0_,82,1004822,26,215465,4,0
Bacteroides_vulgatus_57955,700122765,ERR912032,100,870305,23,186650,4,0
Bacteroides_vulgatus_57955,700122765,ERR912087,82,877697,21,188263,2,0
Bacteroides_vulgatus_57955,700122765,ERR912192,88,860490,17,184323,2,0
Bacteroides_vulgatus_57955,700122765,SRR413560,71,972464,29,208164,3,0
Bacteroides_vulgatus_57955,700123827,700164354,71,930400,28,199410,7,0
Bacteroides_vulgatus_57955,700123827,700172279,27,1141520,12,244953,2,0
Bacteroides_vulgatus_57955,700161219,ERR911968,67,830371,31,177167,2,0
Bacteroides_vulgatus_57955,700161219,ERR912035,67,819553,26,174941,4,0
Bacteroides_vulgatus_57955,700161219,ERR912100,111,837676,62,179373,2,0
Bacteroides_vulgatus_57955,700161219,ERR912201,69,764324,31,162738,0,0
Bacteroides_vulgatus_57955,700161219,SRR341638,89,825090,47,175808,0,0
Bacteroides_vulgatus_57955,700161219,SRR341714,68,819410,30,174554,2,0
Bacteroides_vulgatus_57955,700161219,SRR413585,62,819113,28,174593,2,0
Bacteroides_vulgatus_57955,700161219,SRR413603,107,856534,56,183199,2,0
Bacteroides_vulgatus_57955,700161219,SRR413610,94,851216,53,182192,0,0
Bacteroides_vulgatus_57955,700161342,ERR912145,41,1165936,12,249946,0,0
Bacteroides_vulgatus_57955,700161342,SRR341624,63,921742,21,197274,6,0
Bacteroides_vulgatus_57955,700161342,SRR341648,57,915963,24,195780,4,0
Bacteroides_vulgatus_57955,700161429,ERR912153,66,912583,20,195942,5,0
Bacteroides_vulgatus_57955,700161743,700164249,103,798782,28,170582,9,0
Bacteroides_vulgatus_57955,700161743,SRR341721,78,862820,13,184883,2,0
Bacteroides_vulgatus_57955,700161743,SRR413643,77,863928,21,185338,0,0
Bacteroides_vulgatus_57955,700161872,700163811,13,1260435,13,270776,0,0
Bacteroides_vulgatus_57955,700161872,700172498,77,994782,21,213172,2,0
Bacteroides_vulgatus_57955,700161872,ERR912110,54,1023253,18,219939,0,0
Bacteroides_vulgatus_57955,700161872,ERR912135,65,961245,23,206427,3,0
Bacteroides_vulgatus_57955,700163811,700172498,87,1012031,22,217039,2,0
Bacteroides_vulgatus_57955,700163811,ERR912110,54,1024794,19,220393,0,0
Bacteroides_vulgatus_57955,700163811,ERR912135,62,965386,18,207425,4,0
Bacteroides_vulgatus_57955,700164354,700172279,72,961930,39,206111,4,0
Bacteroides_vulgatus_57955,700167759,SRR341704,62,835313,21,179202,8,0
Bacteroides_vulgatus_57955,700167759,SRR413647,50,975748,12,209217,11,0
Bacteroides_vulgatus_57955,700172498,ERR912110,77,923500,23,197891,2,0
Bacteroides_vulgatus_57955,ERR911961,ERR911977,37,1222790,23,262203,0,0
Bacteroides_vulgatus_57955,ERR911961,ERR911999,49,1223220,25,262289,0,0
Bacteroides_vulgatus_57955,ERR911968,ERR912035,13,1259119,5,270315,0,0
Bacteroides_vulgatus_57955,ERR911968,ERR912100,100,951051,42,203578,4,0
Bacteroides_vulgatus_57955,ERR911968,ERR912201,7,999246,4,213209,0,0
Bacteroides_vulgatus_57955,ERR911986,ERR912181,35,991254,6,211804,0,0
Bacteroides_vulgatus_57955,ERR912000,ERR912197,68,1239864,38,265765,0,0
Bacteroides_vulgatus_57955,ERR912004,ERR912093,30,1307645,6,281164,0,0
Bacteroides_vulgatus_57955,ERR912004,mickey3-11-30-0_,33,1306976,11,280943,0,0
Bacteroides_vulgatus_57955,ERR912020,ERR912061,93,1251044,12,268992,2,0
Bacteroides_vulgatus_57955,ERR912020,ERR912131,68,1183716,10,254435,2,0
Bacteroides_vulgatus_57955,ERR912032,ERR912087,68,1305047,21,280927,0,0
Bacteroides_vulgatus_57955,ERR912032,ERR912192,81,1308182,18,281611,0,0
Bacteroides_vulgatus_57955,ERR912035,ERR912100,102,940751,44,201466,2,0
Bacteroides_vulgatus_57955,ERR912045,ERR912104,73,874119,15,187584,4,0
Bacteroides_vulgatus_57955,ERR912048,ERR912111,62,958323,24,205370,6,0
Bacteroides_vulgatus_57955,ERR912048,donald4-11-30-0_,34,1130477,20,242945,2,0
Bacteroides_vulgatus_57955,ERR912061,ERR912131,86,1147917,17,246841,6,0
Bacteroides_vulgatus_57955,ERR912100,ERR912201,89,734759,35,156433,2,0
Bacteroides_vulgatus_57955,ERR912110,ERR912135,67,977430,22,210369,5,0
Bacteroides_vulgatus_57955,ERR912137,ERR912163,134,1137189,61,244130,3,0
Bacteroides_vulgatus_57955,SRR341624,ERR912145,81,956729,24,204642,14,0
Bacteroides_vulgatus_57955,SRR341632,SRR413647,64,995307,11,212611,11,0
Bacteroides_vulgatus_57955,SRR341638,ERR911968,80,932091,26,198635,2,0
Bacteroides_vulgatus_57955,SRR341638,ERR912035,80,920450,28,196222,2,0
Bacteroides_vulgatus_57955,SRR341638,ERR912100,41,1213802,21,259239,0,0
Bacteroides_vulgatus_57955,SRR341638,ERR912201,76,730256,15,155072,2,0
Bacteroides_vulgatus_57955,SRR341638,SRR341714,74,919062,25,195559,4,0
Bacteroides_vulgatus_57955,SRR341638,SRR413585,72,919438,24,195743,2,0
Bacteroides_vulgatus_57955,SRR341638,SRR413603,34,1209129,12,258299,0,0
Bacteroides_vulgatus_57955,SRR341638,SRR413610,15,1196129,6,255748,0,0
Bacteroides_vulgatus_57955,SRR341644,SRR413556,25,1308811,6,281441,0,0
Bacteroides_vulgatus_57955,SRR341648,ERR912145,76,950831,25,203152,13,0
Bacteroides_vulgatus_57955,SRR341691,SRR413658,66,1071660,25,229844,2,0
Bacteroides_vulgatus_57955,SRR341701,SRR413596,71,996330,19,214050,8,0
Bacteroides_vulgatus_57955,SRR341701,SRR413616,46,1103444,16,237580,3,0
Bacteroides_vulgatus_57955,SRR341701,SRR413633,76,1012998,17,217634,12,0
Bacteroides_vulgatus_57955,SRR341701,SRR413659,46,1085414,11,233565,0,0
Bacteroides_vulgatus_57955,SRR341714,ERR911968,26,1243159,10,266115,0,0
Bacteroides_vulgatus_57955,SRR341714,ERR912035,27,1229452,6,263281,0,0
Bacteroides_vulgatus_57955,SRR341714,ERR912100,100,966773,49,206346,2,0
Bacteroides_vulgatus_57955,SRR341714,ERR912201,21,985145,11,209902,2,0
Bacteroides_vulgatus_57955,SRR341714,SRR413585,23,1222700,4,261450,0,0
Bacteroides_vulgatus_57955,SRR341714,SRR413603,86,941500,28,201096,2,0
Bacteroides_vulgatus_57955,SRR341714,SRR413610,81,932092,29,199308,2,0
Bacteroides_vulgatus_57955,SRR413560,ERR912032,99,1046740,25,224928,0,0
Bacteroides_vulgatus_57955,SRR413560,ERR912087,66,1050959,24,225954,2,0
Bacteroides_vulgatus_57955,SRR413560,ERR912192,74,1049061,20,225488,2,0
Bacteroides_vulgatus_57955,SRR413579,SRR413647,60,1011734,13,217049,7,0
Bacteroides_vulgatus_57955,SRR413585,ERR911968,21,1239921,3,265596,0,0
Bacteroides_vulgatus_57955,SRR413585,ERR912035,23,1226353,4,262828,0,0
Bacteroides_vulgatus_57955,SRR413585,ERR912100,93,932875,36,199352,4,0
Bacteroides_vulgatus_57955,SRR413585,ERR912201,14,979631,3,208761,0,0
Bacteroides_vulgatus_57955,SRR413585,SRR413603,86,946758,31,202473,4,0
Bacteroides_vulgatus_57955,SRR413585,SRR413610,78,930789,26,199198,4,0
Bacteroides_vulgatus_57955,SRR413593,ERR912197,67,1228060,42,262965,0,0
Bacteroides_vulgatus_57955,SRR413594,ERR912048,33,1175014,13,252540,0,0
Bacteroides_vulgatus_57955,SRR413594,ERR912111,76,993000,32,212581,4,0
Bacteroides_vulgatus_57955,SRR413594,donald4-11-30-0_,38,1155464,12,248147,0,0
Bacteroides_vulgatus_57955,SRR413596,SRR413616,52,823841,11,177326,11,0
Bacteroides_vulgatus_57955,SRR413596,SRR413633,27,1213104,5,260812,2,0
Bacteroides_vulgatus_57955,SRR413601,SRR413647,73,1016584,13,218105,11,0
Bacteroides_vulgatus_57955,SRR413603,ERR911968,92,961783,29,205959,2,0
Bacteroides_vulgatus_57955,SRR413603,ERR912035,91,948886,32,203301,4,0
Bacteroides_vulgatus_57955,SRR413603,ERR912201,74,719928,21,153258,2,0
Bacteroides_vulgatus_57955,SRR413605,SRR413637,28,1123344,4,240808,2,0
Bacteroides_vulgatus_57955,SRR413610,ERR911968,83,946044,27,202762,2,0
Bacteroides_vulgatus_57955,SRR413610,ERR912035,82,932113,27,199887,2,0
Bacteroides_vulgatus_57955,SRR413610,ERR912100,38,1248197,27,268308,0,0
Bacteroides_vulgatus_57955,SRR413610,ERR912201,62,711509,16,151596,0,0
Bacteroides_vulgatus_57955,SRR413616,SRR413633,66,864422,13,186076,11,0
Bacteroides_vulgatus_57955,SRR413616,SRR413659,35,1250052,4,268733,7,0
Bacteroides_vulgatus_57955,SRR413622,ERR911966,35,1285469,15,276343,2,0
Bacteroides_vulgatus_57955,SRR413633,SRR413659,68,816188,10,175644,13,0
Bacteroides_vulgatus_57955,SRR413666,ERR912197,61,1227398,34,263099,0,0
Bacteroides_vulgatus_57955,700016456,700038493,30,937077,9,200067,0,0
Bacteroides_vulgatus_57955,700016765,700113705,18,1253330,6,268939,0,0
Bacteroides_vulgatus_57955,700016765,SRR341721,15,1256242,4,269480,0,0
Bacteroides_vulgatus_57955,700016765,SRR413643,18,1261289,6,270779,0,0
Bacteroides_vulgatus_57955,700023188,700024233,32,1246135,6,267099,0,0
Bacteroides_vulgatus_57955,700023267,ERR911968,16,957933,5,204311,0,0
Bacteroides_vulgatus_57955,700024545,700035533,8,900388,4,192303,0,0
Bacteroides_vulgatus_57955,700024545,700106465,6,912668,2,194753,0,0
Bacteroides_vulgatus_57955,700024545,700108840,12,918111,3,195893,0,0
Bacteroides_vulgatus_57955,700024545,ERR911977,8,920822,2,196431,0,0
Bacteroides_vulgatus_57955,700024545,ERR911999,17,924623,7,197294,0,0
Bacteroides_vulgatus_57955,700035533,700106465,8,926918,4,198189,0,0
Bacteroides_vulgatus_57955,700035533,700108840,15,944112,3,202206,0,0
Bacteroides_vulgatus_57955,700035533,700116296,24,927514,45,198560,0,0
Bacteroides_vulgatus_57955,700035533,ERR911977,10,946267,2,202637,0,0
Bacteroides_vulgatus_57955,700035533,ERR911999,19,948565,9,203175,0,0
Bacteroides_vulgatus_57955,700037042,ERR912181,28,972945,3,207893,0,0
Bacteroides_vulgatus_57955,700105312,700172279,1,1261596,2,270783,0,0
Bacteroides_vulgatus_57955,700106465,700108840,14,957405,3,204422,0,0
Bacteroides_vulgatus_57955,700106465,ERR911977,9,960962,2,205120,0,0
Bacteroides_vulgatus_57955,700106465,ERR911999,17,965127,7,206087,0,0
Bacteroides_vulgatus_57955,700108840,ERR911977,13,1253275,1,269094,0,0
Bacteroides_vulgatus_57955,700108840,ERR911999,23,1255144,3,269527,0,0
Bacteroides_vulgatus_57955,700113705,SRR341721,17,1261268,6,270425,0,0
Bacteroides_vulgatus_57955,700113705,SRR413643,18,1266477,8,271792,0,0
Bacteroides_vulgatus_57955,700167759,SRR341632,17,1246658,2,266580,0,0
Bacteroides_vulgatus_57955,700167759,SRR413579,14,1259427,4,270473,0,0
Bacteroides_vulgatus_57955,700167759,SRR413601,29,1259242,2,270410,0,0
Bacteroides_vulgatus_57955,SRR341624,SRR341648,9,1298781,2,278164,0,0
Bacteroides_vulgatus_57955,SRR341632,SRR413579,22,1303995,4,279216,0,0
Bacteroides_vulgatus_57955,SRR341632,SRR413601,31,1303937,2,279162,0,0
Bacteroides_vulgatus_57955,SRR341633,ERR912142,30,913805,4,194545,0,0
Bacteroides_vulgatus_57955,SRR341693,SRR413592,10,941082,4,200913,0,0
Bacteroides_vulgatus_57955,SRR341693,SRR413617,8,970717,2,207300,0,0
Bacteroides_vulgatus_57955,SRR341696,SRR413665,21,1321946,8,283938,0,0
Bacteroides_vulgatus_57955,SRR341699,SRR341709,19,1325816,5,284954,0,0
Bacteroides_vulgatus_57955,SRR341699,SRR341713,38,1325202,16,284707,0,0
Bacteroides_vulgatus_57955,SRR341699,SRR413604,18,1325844,5,284977,0,0
Bacteroides_vulgatus_57955,SRR341709,SRR341713,47,1325266,17,284735,0,0
Bacteroides_vulgatus_57955,SRR341709,SRR413604,22,1326125,4,285066,0,0
Bacteroides_vulgatus_57955,SRR341713,SRR413604,46,1328411,17,285508,0,0
Bacteroides_vulgatus_57955,SRR341721,SRR413643,17,1318903,8,283329,0,0
Bacteroides_vulgatus_57955,SRR413579,SRR413601,30,1318016,4,283466,0,0
Bacteroides_vulgatus_57955,SRR413592,SRR413617,10,963516,8,205557,0,0
Bacteroides_vulgatus_57955,SRR413593,SRR413666,20,1253719,6,268961,0,0
Bacteroides_vulgatus_57955,SRR413593,ERR912000,22,1257561,6,269773,0,0
Bacteroides_vulgatus_57955,SRR413597,SRR413606,20,1291667,7,277824,0,0
Bacteroides_vulgatus_57955,SRR413603,SRR413610,28,1240744,8,266611,0,0
Bacteroides_vulgatus_57955,SRR413603,ERR912100,36,1260681,18,270669,0,0
Bacteroides_vulgatus_57955,SRR413619,SRR413628,19,1326252,9,285194,0,0
Bacteroides_vulgatus_57955,SRR413666,ERR912000,19,1262491,6,271076,0,0
Bacteroides_vulgatus_57955,ERR911977,ERR911999,15,1264631,7,271529,0,0
Bacteroides_vulgatus_57955,ERR911993,ERR912008,22,1324679,4,284845,0,0
Bacteroides_vulgatus_57955,ERR912035,ERR912201,6,1005109,6,214574,0,0
Bacteroides_vulgatus_57955,ERR912068,ERR912161,5,996832,3,213029,0,0
Bacteroides_vulgatus_57955,ERR912087,ERR912192,50,1329243,11,285872,0,0
Bacteroides_vulgatus_57955,ERR912093,mickey3-11-30-0_,27,1313401,7,282404,0,0
Barnesiella_intestinihominis_62208,700014486,700103558,104,1515285,27,332124,7,0
Barnesiella_intestinihominis_62208,700014486,700106412,104,1512791,25,331618,11,0
Barnesiella_intestinihominis_62208,700014486,700116611,168,1220456,41,266576,46,0
Barnesiella_intestinihominis_62208,700014486,700165167,93,1396517,32,307718,9,0
Barnesiella_intestinihominis_62208,700014724,700037852,71,1478494,25,324381,20,0
Barnesiella_intestinihominis_62208,700014724,ERR912005,138,1335205,24,291883,41,0
Barnesiella_intestinihominis_62208,700014954,700016542,102,1392590,24,305109,14,0
Barnesiella_intestinihominis_62208,700014954,700024318,140,1266697,28,277487,34,0
Barnesiella_intestinihominis_62208,700014954,700024449,128,1279712,26,280672,23,0
Barnesiella_intestinihominis_62208,700014954,700033665,34,1539233,4,338289,2,0
Barnesiella_intestinihominis_62208,700014954,700034254,89,1365055,12,298865,24,0
Barnesiella_intestinihominis_62208,700014954,700034926,104,1337557,16,293018,21,0
Barnesiella_intestinihominis_62208,700014954,700037916,35,1552483,9,340651,7,0
Barnesiella_intestinihominis_62208,700014954,700095647,108,1361648,23,298564,21,0
Barnesiella_intestinihominis_62208,700014954,700105312,111,1351552,30,296122,7,0
Barnesiella_intestinihominis_62208,700014954,700161533,91,1332117,9,292260,18,0
Barnesiella_intestinihominis_62208,700014954,700173483,91,1410049,11,309054,25,0
Barnesiella_intestinihominis_62208,700014954,ERR911961,49,1554443,8,341024,4,0
Barnesiella_intestinihominis_62208,700014954,ERR911971,139,1362306,21,298570,35,0
Barnesiella_intestinihominis_62208,700014954,ERR912025,115,1333516,19,291963,20,0
Barnesiella_intestinihominis_62208,700014954,ERR912124,126,1321959,16,289751,27,0
Barnesiella_intestinihominis_62208,700014954,ERR912154,111,1294547,13,283479,29,0
Barnesiella_intestinihominis_62208,700016542,700024318,130,1308017,32,286140,35,0
Barnesiella_intestinihominis_62208,700016542,700024449,122,1333598,40,292197,19,0
Barnesiella_intestinihominis_62208,700016542,700033665,101,1360732,27,298552,14,0
Barnesiella_intestinihominis_62208,700016542,700034254,120,1325075,28,290318,31,0
Barnesiella_intestinihominis_62208,700016542,700034926,99,1435715,34,314180,18,0
Barnesiella_intestinihominis_62208,700016542,700037916,102,1377074,33,301496,14,0
Barnesiella_intestinihominis_62208,700016542,700095647,102,1413979,37,309906,18,0
Barnesiella_intestinihominis_62208,700016542,700105312,121,1400013,43,306428,22,0
Barnesiella_intestinihominis_62208,700016542,700161533,77,1393995,18,305644,14,0
Barnesiella_intestinihominis_62208,700016542,700173483,120,1370515,31,300501,29,0
Barnesiella_intestinihominis_62208,700016542,ERR911961,119,1380230,28,302154,18,0
Barnesiella_intestinihominis_62208,700016542,ERR911971,130,1415753,33,310031,29,0
Barnesiella_intestinihominis_62208,700016542,ERR912025,114,1376787,28,301154,23,0
Barnesiella_intestinihominis_62208,700016542,ERR912124,114,1363111,27,298686,25,0
Barnesiella_intestinihominis_62208,700016542,ERR912154,100,1381728,31,302321,32,0
Barnesiella_intestinihominis_62208,700021123,700038806,29,1607210,4,352449,4,0
Barnesiella_intestinihominis_62208,700021123,700123827,49,1578279,8,346034,8,0
Barnesiella_intestinihominis_62208,700024024,700024615,108,1389413,27,303743,13,0
Barnesiella_intestinihominis_62208,700024024,700033502,122,1394571,23,305715,25,1
Barnesiella_intestinihominis_62208,700024024,ERR911970,107,1433893,24,314295,13,0
Barnesiella_intestinihominis_62208,700024024,ERR912013,97,1404026,27,307443,11,0
Barnesiella_intestinihominis_62208,700024024,ERR912021,156,1400912,23,306856,19,0
Barnesiella_intestinihominis_62208,700024024,ERR912032,121,1560892,17,342029,2,0
Barnesiella_intestinihominis_62208,700024024,ERR912062,102,1349987,22,296012,19,0
Barnesiella_intestinihominis_62208,700024024,ERR912090,134,1385598,22,303744,21,0
Barnesiella_intestinihominis_62208,700024024,ERR912135,53,1544638,9,338571,4,0
Barnesiella_intestinihominis_62208,700024024,ERR912194,43,1534439,10,336383,6,0
Barnesiella_intestinihominis_62208,700024318,700024449,153,1236133,28,270418,48,0
Barnesiella_intestinihominis_62208,700024318,700033665,141,1244737,29,273127,37,0
Barnesiella_intestinihominis_62208,700024318,700034254,134,1186514,26,259685,35,0
Barnesiella_intestinihominis_62208,700024318,700034926,129,1255052,25,274379,32,0
Barnesiella_intestinihominis_62208,700024318,700037916,143,1254853,30,274832,32,0
Barnesiella_intestinihominis_62208,700024318,700095647,131,1319147,25,288631,38,0
Barnesiella_intestinihominis_62208,700024318,700105312,139,1261368,42,275906,35,0
Barnesiella_intestinihominis_62208,700024318,700161533,108,1248084,12,273495,30,0
Barnesiella_intestinihominis_62208,700024318,700173483,131,1217794,28,266683,32,0
Barnesiella_intestinihominis_62208,700024318,ERR911961,154,1258932,30,275596,28,0
Barnesiella_intestinihominis_62208,700024318,ERR911971,156,1325245,26,290053,48,0
Barnesiella_intestinihominis_62208,700024318,ERR912025,149,1243787,29,271910,48,0
Barnesiella_intestinihominis_62208,700024318,ERR912124,113,1290902,23,282844,29,0
Barnesiella_intestinihominis_62208,700024318,ERR912154,124,1196802,20,261713,45,0
Barnesiella_intestinihominis_62208,700024349,ERR911967,228,1328079,49,290441,56,0
Barnesiella_intestinihominis_62208,700024349,ERR912112,183,1229558,48,269067,56,1
Barnesiella_intestinihominis_62208,700024349,ERR912131,184,1316453,35,287959,47,0
Barnesiella_intestinihominis_62208,700024349,ERR912164,191,1231669,46,269483,57,1
Barnesiella_intestinihominis_62208,700024449,700033665,124,1257437,22,276303,23,0
Barnesiella_intestinihominis_62208,700024449,700034254,139,1234875,27,270781,37,0
Barnesiella_intestinihominis_62208,700024449,700034926,124,1276986,33,279881,19,0
Barnesiella_intestinihominis_62208,700024449,700037916,118,1268050,26,277967,21,0
Barnesiella_intestinihominis_62208,700024449,700095647,108,1334053,33,292607,17,0
Barnesiella_intestinihominis_62208,700024449,700105312,138,1285758,42,281532,33,0
Barnesiella_intestinihominis_62208,700024449,700161533,119,1278220,23,280652,27,0
Barnesiella_intestinihominis_62208,700024449,700173483,140,1270424,32,278812,32,1
Barnesiella_intestinihominis_62208,700024449,ERR911961,143,1268385,29,277966,28,0
Barnesiella_intestinihominis_62208,700024449,ERR911971,136,1341090,32,294030,30,0
Barnesiella_intestinihominis_62208,700024449,ERR912025,132,1257043,26,275098,35,0
Barnesiella_intestinihominis_62208,700024449,ERR912124,124,1278830,26,280515,25,0
Barnesiella_intestinihominis_62208,700024449,ERR912154,120,1240634,25,271747,37,0
Barnesiella_intestinihominis_62208,700024615,700033502,135,1448264,32,316871,17,1
Barnesiella_intestinihominis_62208,700024615,ERR911970,99,1522105,33,333190,4,0
Barnesiella_intestinihominis_62208,700024615,ERR912013,54,1554352,19,340764,2,0
Barnesiella_intestinihominis_62208,700024615,ERR912021,139,1469719,31,321668,6,0
Barnesiella_intestinihominis_62208,700024615,ERR912032,175,1401391,38,306516,15,0
Barnesiella_intestinihominis_62208,700024615,ERR912062,97,1437321,26,314516,10,0
Barnesiella_intestinihominis_62208,700024615,ERR912090,123,1450202,31,317632,13,0
Barnesiella_intestinihominis_62208,700024615,ERR912135,114,1380976,32,301882,15,0
Barnesiella_intestinihominis_62208,700024615,ERR912194,109,1372262,35,300194,13,0
Barnesiella_intestinihominis_62208,700024673,700037405,121,1338796,24,292716,47,0
Barnesiella_intestinihominis_62208,700024673,ERR912091,165,1266966,52,276984,48,0
Barnesiella_intestinihominis_62208,700024673,ERR912161,153,1257358,48,274919,43,0
Barnesiella_intestinihominis_62208,700024711,700113810,126,1382293,16,302645,38,0
Barnesiella_intestinihominis_62208,700024711,ERR912110,129,1383148,18,302795,38,1
Barnesiella_intestinihominis_62208,700024711,ERR912150,139,1382690,20,302659,42,0
Barnesiella_intestinihominis_62208,700033435,700172813,169,1359049,39,297909,29,0
Barnesiella_intestinihominis_62208,700033435,ERR912012,172,1348655,38,295409,32,0
Barnesiella_intestinihominis_62208,700033435,ERR912115,234,1245706,40,272495,76,0
Barnesiella_intestinihominis_62208,700033435,ERR912183,169,1370959,52,300130,30,0
Barnesiella_intestinihominis_62208,700033435,ERR912201,171,1216373,38,266098,56,0
Barnesiella_intestinihominis_62208,700033435,pluto3-11-30-0_,214,1296375,47,284105,80,0
Barnesiella_intestinihominis_62208,700033502,ERR911970,127,1514065,29,332253,14,1
Barnesiella_intestinihominis_62208,700033502,ERR912013,118,1472714,32,323040,14,1
Barnesiella_intestinihominis_62208,700033502,ERR912021,162,1457732,29,319765,20,1
Barnesiella_intestinihominis_62208,700033502,ERR912032,180,1404647,32,307961,24,1
Barnesiella_intestinihominis_62208,700033502,ERR912062,121,1434945,26,314906,20,1
Barnesiella_intestinihominis_62208,700033502,ERR912090,156,1442279,31,316577,19,0
Barnesiella_intestinihominis_62208,700033502,ERR912135,127,1393129,28,305390,24,1
Barnesiella_intestinihominis_62208,700033502,ERR912194,122,1381701,29,302981,20,1
Barnesiella_intestinihominis_62208,700033665,700034254,91,1339352,11,293782,29,0
Barnesiella_intestinihominis_62208,700033665,700034926,105,1310425,20,287500,19,0
Barnesiella_intestinihominis_62208,700033665,700037916,30,1561859,12,343454,2,0
Barnesiella_intestinihominis_62208,700033665,700095647,106,1332719,25,292698,21,0
Barnesiella_intestinihominis_62208,700033665,700105312,107,1329645,24,291813,16,0
Barnesiella_intestinihominis_62208,700033665,700161533,89,1303789,7,286365,15,0
Barnesiella_intestinihominis_62208,700033665,700173483,90,1376950,14,302239,24,0
Barnesiella_intestinihominis_62208,700033665,ERR911961,40,1555712,6,341856,2,0
Barnesiella_intestinihominis_62208,700033665,ERR911971,131,1331646,21,292347,23,0
Barnesiella_intestinihominis_62208,700033665,ERR912025,112,1312016,18,287710,21,0
Barnesiella_intestinihominis_62208,700033665,ERR912124,115,1290425,18,283315,21,0
Barnesiella_intestinihominis_62208,700033665,ERR912154,103,1273114,16,279198,19,0
Barnesiella_intestinihominis_62208,700033989,700035533,137,1304814,30,286153,25,0
Barnesiella_intestinihominis_62208,700033989,700111156,129,1371081,27,300819,14,0
Barnesiella_intestinihominis_62208,700033989,700113177,137,1345848,39,295315,21,1
Barnesiella_intestinihominis_62208,700033989,700114082,145,1368656,32,299977,15,0
Barnesiella_intestinihominis_62208,700033989,700164792,124,1340715,37,293740,25,0
Barnesiella_intestinihominis_62208,700033989,700165148,164,1369623,25,300398,19,1
Barnesiella_intestinihominis_62208,700033989,700173320,132,1326342,39,290816,25,0
Barnesiella_intestinihominis_62208,700033989,700175331,184,1378210,32,302562,22,1
Barnesiella_intestinihominis_62208,700033989,ERR912085,31,1573739,8,345665,2,0
Barnesiella_intestinihominis_62208,700033989,ERR912097,120,1365438,42,299393,22,0
Barnesiella_intestinihominis_62208,700033989,ERR912144,62,1573697,5,345633,2,0
Barnesiella_intestinihominis_62208,700033989,ERR912152,135,1366496,39,299615,22,0
Barnesiella_intestinihominis_62208,700033989,ERR912184,124,1349831,38,295625,22,0
Barnesiella_intestinihominis_62208,700034254,700034926,118,1269689,23,278194,32,0
Barnesiella_intestinihominis_62208,700034254,700037916,89,1353660,19,296383,21,0
Barnesiella_intestinihominis_62208,700034254,700095647,120,1289936,20,282881,34,0
Barnesiella_intestinihominis_62208,700034254,700105312,127,1294568,20,283510,38,0
Barnesiella_intestinihominis_62208,700034254,700161533,107,1290612,12,283229,28,0
Barnesiella_intestinihominis_62208,700034254,700173483,36,1539431,9,337518,11,0
Barnesiella_intestinihominis_62208,700034254,ERR911961,101,1357716,16,297220,23,0
Barnesiella_intestinihominis_62208,700034254,ERR911971,153,1292409,23,283352,45,0
Barnesiella_intestinihominis_62208,700034254,ERR912025,126,1275700,15,279197,40,0
Barnesiella_intestinihominis_62208,700034254,ERR912124,121,1258511,21,275886,22,0
Barnesiella_intestinihominis_62208,700034254,ERR912154,122,1244171,15,272432,47,0
Barnesiella_intestinihominis_62208,700034794,700037868,72,1511844,14,331034,15,0
Barnesiella_intestinihominis_62208,700034794,700097688,209,1264894,49,276244,59,0
Barnesiella_intestinihominis_62208,700034794,ERR912043,87,1514139,15,331427,24,0
Barnesiella_intestinihominis_62208,700034794,ERR912170,84,1489922,22,326386,17,0
Barnesiella_intestinihominis_62208,700034926,700037916,112,1324910,28,290061,23,0
Barnesiella_intestinihominis_62208,700034926,700095647,104,1349805,29,295776,16,0
Barnesiella_intestinihominis_62208,700034926,700105312,109,1338434,32,293005,17,0
Barnesiella_intestinihominis_62208,700034926,700161533,93,1336646,15,292973,25,0
Barnesiella_intestinihominis_62208,700034926,700173483,119,1312968,22,287863,30,0
Barnesiella_intestinihominis_62208,700034926,ERR911961,120,1330095,22,291189,23,0
Barnesiella_intestinihominis_62208,700034926,ERR911971,131,1353266,29,296311,24,0
Barnesiella_intestinihominis_62208,700034926,ERR912025,107,1320150,20,288803,26,0
Barnesiella_intestinihominis_62208,700034926,ERR912124,122,1314806,27,288017,26,0
Barnesiella_intestinihominis_62208,700034926,ERR912154,98,1318757,14,288555,27,0
Barnesiella_intestinihominis_62208,700035533,700111156,136,1424167,33,312212,18,0
Barnesiella_intestinihominis_62208,700035533,700113177,126,1398072,39,306702,10,0
Barnesiella_intestinihominis_62208,700035533,700114082,155,1428324,37,312709,20,0
Barnesiella_intestinihominis_62208,700035533,700164792,114,1374056,32,300650,15,0
Barnesiella_intestinihominis_62208,700035533,700165148,168,1415954,26,310353,14,1
Barnesiella_intestinihominis_62208,700035533,700173320,118,1389971,35,304407,18,0
Barnesiella_intestinihominis_62208,700035533,700175331,186,1423606,30,312243,19,1
Barnesiella_intestinihominis_62208,700035533,ERR912085,129,1320674,31,289297,15,0
Barnesiella_intestinihominis_62208,700035533,ERR912097,102,1404565,36,307398,10,0
Barnesiella_intestinihominis_62208,700035533,ERR912144,147,1321652,32,289486,15,0
Barnesiella_intestinihominis_62208,700035533,ERR912152,110,1405711,34,307641,10,0
Barnesiella_intestinihominis_62208,700035533,ERR912184,103,1388731,32,303568,12,0
Barnesiella_intestinihominis_62208,700037852,ERR912005,122,1310279,27,286424,29,0
Barnesiella_intestinihominis_62208,700037868,700109564,67,1516577,16,332334,12,0
Barnesiella_intestinihominis_62208,700037868,ERR912043,88,1477114,17,323365,19,0
Barnesiella_intestinihominis_62208,700037868,ERR912170,83,1457924,19,319401,19,0
Barnesiella_intestinihominis_62208,700037916,700095647,112,1346385,30,295069,19,0
Barnesiella_intestinihominis_62208,700037916,700105312,115,1339132,28,293217,17,0
Barnesiella_intestinihominis_62208,700037916,700161533,90,1317967,14,288951,17,0
Barnesiella_intestinihominis_62208,700037916,700173483,87,1391588,14,304777,21,0
Barnesiella_intestinihominis_62208,700037916,ERR911961,48,1571007,18,344497,2,0
Barnesiella_intestinihominis_62208,700037916,ERR911971,137,1347344,24,295170,26,0
Barnesiella_intestinihominis_62208,700037916,ERR912025,121,1326868,27,290342,23,0
Barnesiella_intestinihominis_62208,700037916,ERR912124,127,1310848,22,287151,27,0
Barnesiella_intestinihominis_62208,700037916,ERR912154,105,1278351,18,279740,23,0
Barnesiella_intestinihominis_62208,700038386,ERR912151,118,1271883,29,277396,23,0
Barnesiella_intestinihominis_62208,700038702,ERR912105,71,1399764,15,306870,13,1
Barnesiella_intestinihominis_62208,700038806,700123827,49,1581095,13,346771,4,0
Barnesiella_intestinihominis_62208,700095486,ERR911993,84,1370411,11,300375,24,0
Barnesiella_intestinihominis_62208,700095486,ERR911995,82,1394206,12,306124,25,0
Barnesiella_intestinihominis_62208,700095647,700105312,115,1354834,30,296748,23,0
Barnesiella_intestinihominis_62208,700095647,700161533,88,1347824,11,295828,20,0
Barnesiella_intestinihominis_62208,700095647,700173483,119,1338220,23,293672,29,0
Barnesiella_intestinihominis_62208,700095647,ERR911961,127,1348451,25,295478,21,0
Barnesiella_intestinihominis_62208,700095647,ERR911971,75,1526983,17,334767,11,0
Barnesiella_intestinihominis_62208,700095647,ERR912025,123,1331042,23,291409,27,0
Barnesiella_intestinihominis_62208,700095647,ERR912124,122,1369385,23,300131,37,0
Barnesiella_intestinihominis_62208,700095647,ERR912154,98,1298653,22,284554,31,0
Barnesiella_intestinihominis_62208,700097631,ERR912187,127,1416292,27,310702,31,0
Barnesiella_intestinihominis_62208,700097688,700109564,202,1267904,47,277091,57,0
Barnesiella_intestinihominis_62208,700097688,700171573,111,1473076,28,322914,26,0
Barnesiella_intestinihominis_62208,700103558,700116611,175,1242994,40,271877,33,0
Barnesiella_intestinihominis_62208,700103558,700165167,104,1420083,31,313264,13,0
Barnesiella_intestinihominis_62208,700105312,700161533,109,1341821,18,294279,20,0
Barnesiella_intestinihominis_62208,700105312,700173483,131,1341995,29,294151,23,0
Barnesiella_intestinihominis_62208,700105312,ERR911961,123,1346063,28,294755,15,0
Barnesiella_intestinihominis_62208,700105312,ERR911971,135,1362964,25,298365,36,0
Barnesiella_intestinihominis_62208,700105312,ERR912025,29,1581995,5,346870,4,0
Barnesiella_intestinihominis_62208,700105312,ERR912124,135,1319827,31,289097,39,0
Barnesiella_intestinihominis_62208,700105312,ERR912154,117,1299359,17,284209,32,0
Barnesiella_intestinihominis_62208,700106412,700116611,177,1244511,38,272199,37,0
Barnesiella_intestinihominis_62208,700106412,700165167,108,1419953,33,313178,14,0
Barnesiella_intestinihominis_62208,700109564,ERR912043,78,1519136,14,332813,24,0
Barnesiella_intestinihominis_62208,700109564,ERR912170,75,1489674,18,326689,26,0
Barnesiella_intestinihominis_62208,700111156,700113177,138,1471032,40,322456,19,0
Barnesiella_intestinihominis_62208,700111156,700114082,92,1537481,25,336711,10,0
Barnesiella_intestinihominis_62208,700111156,700164792,121,1453488,35,318190,19,0
Barnesiella_intestinihominis_62208,700111156,700165148,109,1516643,15,332500,13,1
Barnesiella_intestinihominis_62208,700111156,700173320,130,1456388,43,318935,22,0
Barnesiella_intestinihominis_62208,700111156,700175331,125,1524367,18,334419,17,1
Barnesiella_intestinihominis_62208,700111156,ERR912085,135,1392691,33,305253,15,0
Barnesiella_intestinihominis_62208,700111156,ERR912097,118,1487299,40,325730,15,0
Barnesiella_intestinihominis_62208,700111156,ERR912144,151,1392719,30,305253,18,0
Barnesiella_intestinihominis_62208,700111156,ERR912152,127,1487982,39,325864,19,0
Barnesiella_intestinihominis_62208,700111156,ERR912184,120,1468398,36,321259,21,0
Barnesiella_intestinihominis_62208,700113177,700114082,157,1471643,47,322142,21,0
Barnesiella_intestinihominis_62208,700113177,700164792,113,1416022,44,309839,19,0
Barnesiella_intestinihominis_62208,700113177,700165148,169,1467145,34,321559,21,1
Barnesiella_intestinihominis_62208,700113177,700173320,120,1438881,50,315014,19,0
Barnesiella_intestinihominis_62208,700113177,700175331,191,1470732,36,322558,24,1
Barnesiella_intestinihominis_62208,700113177,ERR912085,134,1364189,37,298969,17,0
Barnesiella_intestinihominis_62208,700113177,ERR912097,108,1453342,48,318143,11,0
Barnesiella_intestinihominis_62208,700113177,ERR912144,151,1365694,36,299296,13,0
Barnesiella_intestinihominis_62208,700113177,ERR912152,115,1453690,46,318226,8,0
Barnesiella_intestinihominis_62208,700113177,ERR912184,113,1437249,45,314278,18,0
Barnesiella_intestinihominis_62208,700114082,700164792,148,1451616,39,317352,26,0
Barnesiella_intestinihominis_62208,700114082,700165148,117,1524467,19,333735,10,1
Barnesiella_intestinihominis_62208,700114082,700173320,151,1455898,40,318410,23,0
Barnesiella_intestinihominis_62208,700114082,700175331,131,1531538,22,335510,10,1
Barnesiella_intestinihominis_62208,700114082,ERR912085,152,1390215,40,304378,15,0
Barnesiella_intestinihominis_62208,700114082,ERR912097,145,1487391,45,325314,23,0
Barnesiella_intestinihominis_62208,700114082,ERR912144,169,1390087,37,304299,15,0
Barnesiella_intestinihominis_62208,700114082,ERR912152,153,1487580,43,325369,21,0
Barnesiella_intestinihominis_62208,700114082,ERR912184,139,1467125,38,320488,27,0
Barnesiella_intestinihominis_62208,700116611,700165167,155,1167962,43,257061,37,0
Barnesiella_intestinihominis_62208,700161533,700173483,113,1333509,12,292874,32,0
Barnesiella_intestinihominis_62208,700161533,ERR911961,102,1320651,9,289523,18,0
Barnesiella_intestinihominis_62208,700161533,ERR911971,118,1350586,11,296224,30,0
Barnesiella_intestinihominis_62208,700161533,ERR912025,115,1321115,13,289496,33,0
Barnesiella_intestinihominis_62208,700161533,ERR912124,112,1305823,13,286645,26,0
Barnesiella_intestinihominis_62208,700161533,ERR912154,79,1302388,10,285631,20,0
Barnesiella_intestinihominis_62208,700164792,700165148,158,1437855,26,314705,20,1
Barnesiella_intestinihominis_62208,700164792,700173320,81,1411227,17,308682,19,0
Barnesiella_intestinihominis_62208,700164792,700175331,176,1445521,30,316649,22,1
Barnesiella_intestinihominis_62208,700164792,ERR912085,120,1351037,41,295781,21,0
Barnesiella_intestinihominis_62208,700164792,ERR912097,34,1541858,9,338152,5,0
Barnesiella_intestinihominis_62208,700164792,ERR912144,138,1352093,41,295990,17,0
Barnesiella_intestinihominis_62208,700164792,ERR912152,46,1547176,8,339413,5,0
Barnesiella_intestinihominis_62208,700164792,ERR912184,32,1530303,6,335347,8,0
Barnesiella_intestinihominis_62208,700165148,700173320,158,1442943,30,315892,23,1
Barnesiella_intestinihominis_62208,700165148,700175331,50,1590597,3,348660,3,0
Barnesiella_intestinihominis_62208,700165148,ERR912085,157,1388250,28,304181,17,1
Barnesiella_intestinihominis_62208,700165148,ERR912097,153,1472938,29,322485,16,1
Barnesiella_intestinihominis_62208,700165148,ERR912144,186,1391399,31,304860,12,1
Barnesiella_intestinihominis_62208,700165148,ERR912152,164,1474204,27,322754,17,1
Barnesiella_intestinihominis_62208,700165148,ERR912184,152,1454679,26,318193,20,1
Barnesiella_intestinihominis_62208,700171114,ERR912100,59,1569165,19,344081,11,0
Barnesiella_intestinihominis_62208,700171114,ERR912148,42,1569211,11,344069,11,0
Barnesiella_intestinihominis_62208,700171114,ERR912190,108,1509173,25,330611,22,0
Barnesiella_intestinihominis_62208,700172813,ERR911981,212,1209546,40,264618,82,0
Barnesiella_intestinihominis_62208,700172813,ERR912012,113,1545494,19,338905,0,0
Barnesiella_intestinihominis_62208,700172813,ERR912115,222,1251045,31,273832,67,0
Barnesiella_intestinihominis_62208,700172813,ERR912145,176,1362099,38,298805,34,0
Barnesiella_intestinihominis_62208,700172813,ERR912183,160,1375133,41,301350,26,0
Barnesiella_intestinihominis_62208,700172813,ERR912201,170,1239718,30,271357,52,0
Barnesiella_intestinihominis_62208,700172813,pluto3-11-30-0_,212,1304531,35,286064,74,0
Barnesiella_intestinihominis_62208,700173320,700175331,179,1451575,35,318105,27,1
Barnesiella_intestinihominis_62208,700173320,ERR912085,137,1347390,43,295146,23,0
Barnesiella_intestinihominis_62208,700173320,ERR912097,77,1447113,21,316620,15,0
Barnesiella_intestinihominis_62208,700173320,ERR912144,157,1346707,41,294975,26,0
Barnesiella_intestinihominis_62208,700173320,ERR912152,92,1445831,21,316394,17,0
Barnesiella_intestinihominis_62208,700173320,ERR912184,77,1427866,19,312047,17,0
Barnesiella_intestinihominis_62208,700173483,ERR911961,102,1397089,15,305998,24,0
Barnesiella_intestinihominis_62208,700173483,ERR911971,152,1344078,25,294902,41,0
Barnesiella_intestinihominis_62208,700173483,ERR912025,129,1324883,18,290159,35,0
Barnesiella_intestinihominis_62208,700173483,ERR912124,138,1306178,23,286513,34,0
Barnesiella_intestinihominis_62208,700173483,ERR912154,120,1287917,13,282237,39,0
Barnesiella_intestinihominis_62208,700175331,ERR912085,180,1397784,35,306550,26,1
Barnesiella_intestinihominis_62208,700175331,ERR912097,172,1481640,35,324647,19,1
Barnesiella_intestinihominis_62208,700175331,ERR912144,202,1397639,34,306487,20,1
Barnesiella_intestinihominis_62208,700175331,ERR912152,178,1482510,32,324834,18,1
Barnesiella_intestinihominis_62208,700175331,ERR912184,172,1463454,31,320345,24,1
Barnesiella_intestinihominis_62208,ERR911961,ERR911971,146,1349622,21,295624,27,0
Barnesiella_intestinihominis_62208,ERR911961,ERR912025,130,1328511,24,290733,23,0
Barnesiella_intestinihominis_62208,ERR911961,ERR912124,136,1318476,21,288857,24,0
Barnesiella_intestinihominis_62208,ERR911961,ERR912154,117,1291672,18,282692,23,0
Barnesiella_intestinihominis_62208,ERR911967,ERR912112,117,1473172,39,323135,21,1
Barnesiella_intestinihominis_62208,ERR911967,ERR912131,44,1599057,14,350879,0,0
Barnesiella_intestinihominis_62208,ERR911967,ERR912164,116,1470363,40,322550,20,1
Barnesiella_intestinihominis_62208,ERR911970,ERR912013,87,1541004,32,338085,4,0
Barnesiella_intestinihominis_62208,ERR911970,ERR912021,138,1519388,27,333347,4,0
Barnesiella_intestinihominis_62208,ERR911970,ERR912032,170,1449420,35,317840,13,0
Barnesiella_intestinihominis_62208,ERR911970,ERR912062,70,1516614,15,332578,6,0
Barnesiella_intestinihominis_62208,ERR911970,ERR912090,128,1499184,28,329197,22,0
Barnesiella_intestinihominis_62208,ERR911970,ERR912135,108,1431884,30,313896,15,0
Barnesiella_intestinihominis_62208,ERR911970,ERR912194,100,1418385,29,311059,13,0
Barnesiella_intestinihominis_62208,ERR911971,ERR912025,138,1347973,24,294922,39,0
Barnesiella_intestinihominis_62208,ERR911971,ERR912124,150,1378156,20,302003,43,0
Barnesiella_intestinihominis_62208,ERR911971,ERR912154,128,1297672,18,284183,39,0
Barnesiella_intestinihominis_62208,ERR911981,ERR912115,86,1409516,14,308433,13,0
Barnesiella_intestinihominis_62208,ERR911981,ERR912183,204,1233621,44,270070,87,0
Barnesiella_intestinihominis_62208,ERR911981,ERR912201,106,1309314,24,286139,38,0
Barnesiella_intestinihominis_62208,ERR911981,pluto3-11-30-0_,58,1454800,11,318778,19,0
Barnesiella_intestinihominis_62208,ERR911993,ERR911995,87,1430821,13,313411,22,0
Barnesiella_intestinihominis_62208,ERR912003,ERR912175,59,1494642,12,327597,14,0
Barnesiella_intestinihominis_62208,ERR912012,ERR912115,242,1258455,35,275325,76,0
Barnesiella_intestinihominis_62208,ERR912012,ERR912145,186,1351137,39,296148,36,0
Barnesiella_intestinihominis_62208,ERR912012,ERR912183,168,1371338,38,300296,25,0
Barnesiella_intestinihominis_62208,ERR912012,ERR912201,187,1224459,33,267738,51,0
Barnesiella_intestinihominis_62208,ERR912012,pluto3-11-30-0_,231,1303349,36,285607,80,0
Barnesiella_intestinihominis_62208,ERR912013,ERR912021,134,1489338,30,326518,17,0
Barnesiella_intestinihominis_62208,ERR912013,ERR912032,166,1418789,38,310860,15,0
Barnesiella_intestinihominis_62208,ERR912013,ERR912062,84,1456152,26,319413,10,0
Barnesiella_intestinihominis_62208,ERR912013,ERR912090,123,1469038,27,322301,13,0
Barnesiella_intestinihominis_62208,ERR912013,ERR912135,105,1402084,36,307127,18,0
Barnesiella_intestinihominis_62208,ERR912013,ERR912194,97,1387928,34,304147,13,0
Barnesiella_intestinihominis_62208,ERR912021,ERR912032,218,1401734,30,307144,22,0
Barnesiella_intestinihominis_62208,ERR912021,ERR912062,128,1436817,23,315214,12,0
Barnesiella_intestinihominis_62208,ERR912021,ERR912090,100,1565400,15,343653,7,0
Barnesiella_intestinihominis_62208,ERR912021,ERR912135,150,1388624,26,304156,30,0
Barnesiella_intestinihominis_62208,ERR912021,ERR912194,148,1377612,27,302037,26,0
Barnesiella_intestinihominis_62208,ERR912025,ERR912124,134,1300852,24,284719,43,0
Barnesiella_intestinihominis_62208,ERR912025,ERR912154,120,1283085,13,280455,42,0
Barnesiella_intestinihominis_62208,ERR912032,ERR912062,161,1368940,33,300308,19,0
Barnesiella_intestinihominis_62208,ERR912032,ERR912090,197,1382060,29,303114,22,0
Barnesiella_intestinihominis_62208,ERR912032,ERR912135,111,1556593,18,341355,2,0
Barnesiella_intestinihominis_62208,ERR912032,ERR912194,117,1549389,17,339803,4,0
Barnesiella_intestinihominis_62208,ERR912043,ERR912170,97,1454308,23,318464,26,0
Barnesiella_intestinihominis_62208,ERR912048,ERR912095,109,1495691,27,328197,31,0
Barnesiella_intestinihominis_62208,ERR912062,ERR912090,126,1418167,25,311441,30,0
Barnesiella_intestinihominis_62208,ERR912062,ERR912135,101,1352691,27,296673,18,0
Barnesiella_intestinihominis_62208,ERR912062,ERR912194,98,1336053,26,293116,17,0
Barnesiella_intestinihominis_62208,ERR912066,ERR912133,107,1416464,29,310989,23,0
Barnesiella_intestinihominis_62208,ERR912085,ERR912097,112,1380861,44,302468,12,0
Barnesiella_intestinihominis_62208,ERR912085,ERR912152,133,1381823,42,302710,21,0
Barnesiella_intestinihominis_62208,ERR912085,ERR912184,118,1365013,41,298689,21,0
Barnesiella_intestinihominis_62208,ERR912090,ERR912135,131,1369008,25,300125,21,0
Barnesiella_intestinihominis_62208,ERR912090,ERR912194,133,1357328,26,297860,19,0
Barnesiella_intestinihominis_62208,ERR912091,ERR912161,4,1616134,4,354646,0,0
Barnesiella_intestinihominis_62208,ERR912097,ERR912144,135,1380916,44,302467,17,0
Barnesiella_intestinihominis_62208,ERR912097,ERR912152,27,1594361,4,349643,0,0
Barnesiella_intestinihominis_62208,ERR912097,ERR912184,26,1564767,7,342946,3,0
Barnesiella_intestinihominis_62208,ERR912100,ERR912190,113,1509547,30,331457,14,0
Barnesiella_intestinihominis_62208,ERR912112,ERR912131,80,1462116,19,320732,21,1
Barnesiella_intestinihominis_62208,ERR912112,ERR912164,19,1606399,4,352448,0,0
Barnesiella_intestinihominis_62208,ERR912115,ERR912145,237,1249495,41,273457,74,0
Barnesiella_intestinihominis_62208,ERR912115,ERR912183,229,1269485,47,277751,71,0
Barnesiella_intestinihominis_62208,ERR912115,ERR912201,124,1350107,17,295164,32,0
Barnesiella_intestinihominis_62208,ERR912115,pluto3-11-30-0_,80,1512872,10,331727,11,0
Barnesiella_intestinihominis_62208,ERR912124,ERR912154,112,1266544,18,277518,35,0
Barnesiella_intestinihominis_62208,ERR912131,ERR912164,81,1457150,23,319641,23,1
Barnesiella_intestinihominis_62208,ERR912135,ERR912194,46,1540780,12,338025,4,0
Barnesiella_intestinihominis_62208,ERR912144,ERR912152,144,1381837,39,302673,18,0
Barnesiella_intestinihominis_62208,ERR912144,ERR912184,141,1365143,39,298664,26,0
Barnesiella_intestinihominis_62208,ERR912145,ERR912183,178,1369922,52,300077,30,0
Barnesiella_intestinihominis_62208,ERR912145,ERR912201,187,1228614,39,268907,69,0
Barnesiella_intestinihominis_62208,ERR912145,pluto3-11-30-0_,224,1296406,47,284336,83,0
Barnesiella_intestinihominis_62208,ERR912148,ERR912190,95,1510416,25,331630,22,0
Barnesiella_intestinihominis_62208,ERR912152,ERR912184,40,1570650,5,344330,3,0
Barnesiella_intestinihominis_62208,ERR912183,ERR912201,183,1240961,45,271145,48,0
Barnesiella_intestinihominis_62208,ERR912183,pluto3-11-30-0_,220,1314829,47,288141,75,0
Barnesiella_intestinihominis_62208,ERR912201,pluto3-11-30-0_,102,1400759,15,306479,37,1
Barnesiella_intestinihominis_62208,SRR2822459,ERR912003,99,1379500,27,302209,28,1
Barnesiella_intestinihominis_62208,SRR2822459,ERR912175,104,1324363,20,290000,33,1
Barnesiella_intestinihominis_62208,700033435,ERR912145,34,1602729,10,351247,0,0
Barnesiella_intestinihominis_62208,700034794,700109564,15,1597650,4,350285,0,0
Barnesiella_intestinihominis_62208,700103558,700106412,1,1605722,2,352387,0,0
Barnesiella_intestinihominis_62208,700113810,ERR912110,15,1602688,4,351718,0,0
Barnesiella_intestinihominis_62208,700113810,ERR912150,22,1601689,6,351451,0,0
Barnesiella_intestinihominis_62208,ERR912007,ERR912034,22,1598938,4,350895,0,0
Barnesiella_intestinihominis_62208,ERR912007,ERR912191,19,1599822,5,351082,0,0
Barnesiella_intestinihominis_62208,ERR912034,ERR912191,15,1600155,5,351141,0,0
Barnesiella_intestinihominis_62208,ERR912085,ERR912144,56,1595912,8,350163,0,0
Barnesiella_intestinihominis_62208,ERR912100,ERR912148,23,1606498,10,352499,0,0
Barnesiella_intestinihominis_62208,ERR912110,ERR912150,10,1602975,4,351716,0,0
Dialister_invisus_61905,700015415,ERR911972,67,624653,28,145926,14,0
Dialister_invisus_61905,700015415,ERR911992,61,629147,27,146271,17,0
Dialister_invisus_61905,700015415,ERR912099,59,601807,24,139352,14,0
Dialister_invisus_61905,700015702,700016765,78,624630,18,145530,8,0
Dialister_invisus_61905,700015702,700024318,79,594810,29,139107,19,2
Dialister_invisus_61905,700015702,700037868,83,582352,16,135763,30,0
Dialister_invisus_61905,700015702,700163419,58,609916,18,142191,9,0
Dialister_invisus_61905,700015702,700164735,81,568886,19,132599,8,0
Dialister_invisus_61905,700015702,700172279,62,609520,18,142286,14,0
Dialister_invisus_61905,700015702,ERR911957,70,585859,27,135990,9,0
Dialister_invisus_61905,700015702,ERR912152,57,579662,18,134734,5,0
Dialister_invisus_61905,700016765,700024318,73,675413,23,158290,16,0
Dialister_invisus_61905,700016765,700035785,71,656448,15,153004,24,0
Dialister_invisus_61905,700016765,700037868,77,705027,16,165399,23,0
Dialister_invisus_61905,700016765,700163419,53,715578,19,167539,8,0
Dialister_invisus_61905,700016765,700164735,60,659431,20,154310,6,0
Dialister_invisus_61905,700016765,700172279,74,677289,16,158433,21,0
Dialister_invisus_61905,700016765,ERR911953,49,668610,13,156548,15,0
Dialister_invisus_61905,700016765,ERR911957,66,696863,24,162606,6,0
Dialister_invisus_61905,700016765,ERR911976,67,673079,21,157241,7,0
Dialister_invisus_61905,700016765,ERR911987,66,647360,19,151702,11,1
Dialister_invisus_61905,700016765,ERR912028,86,679978,31,158901,17,0
Dialister_invisus_61905,700016765,ERR912029,67,646406,25,151256,8,0
Dialister_invisus_61905,700016765,ERR912085,72,668527,24,156500,23,0
Dialister_invisus_61905,700016765,ERR912115,78,644213,41,150478,21,0
Dialister_invisus_61905,700016765,ERR912121,87,684610,22,160117,18,1
Dialister_invisus_61905,700016765,ERR912133,57,661572,22,155157,6,0
Dialister_invisus_61905,700016765,ERR912152,60,704864,18,165087,7,0
Dialister_invisus_61905,700021295,700163030,85,692455,36,162245,13,2
Dialister_invisus_61905,700021295,700164417,72,742916,35,174470,9,0
Dialister_invisus_61905,700021361,ERR912034,110,640437,33,149461,29,0
Dialister_invisus_61905,700023578,700023788,70,682578,22,159539,13,0
Dialister_invisus_61905,700023578,700099512,72,674729,19,157825,24,0
Dialister_invisus_61905,700023788,700099512,67,677294,18,158166,15,0
Dialister_invisus_61905,700024318,700035785,84,587625,14,137047,31,0
Dialister_invisus_61905,700024318,700037868,96,622174,21,145639,28,0
Dialister_invisus_61905,700024318,700163419,67,642501,20,150241,13,0
Dialister_invisus_61905,700024318,700164735,83,608974,22,142250,22,0
Dialister_invisus_61905,700024318,700172279,76,623378,16,145896,24,0
Dialister_invisus_61905,700024318,ERR911953,71,604186,15,141446,29,0
Dialister_invisus_61905,700024318,ERR911957,81,644119,27,150487,12,0
Dialister_invisus_61905,700024318,ERR911976,81,615006,17,143776,14,0
Dialister_invisus_61905,700024318,ERR911987,90,577896,11,135340,36,0
Dialister_invisus_61905,700024318,ERR912028,119,635108,33,148656,30,0
Dialister_invisus_61905,700024318,ERR912029,60,607882,19,141992,14,1
Dialister_invisus_61905,700024318,ERR912085,90,610294,20,142919,29,0
Dialister_invisus_61905,700024318,ERR912115,76,579078,24,135207,23,0
Dialister_invisus_61905,700024318,ERR912121,82,617029,17,144334,11,0
Dialister_invisus_61905,700024318,ERR912133,72,613215,18,143866,14,0
Dialister_invisus_61905,700024318,ERR912152,77,631391,20,147650,15,0
Dialister_invisus_61905,700034254,ERR912033,57,735540,25,172098,7,0
Dialister_invisus_61905,700035785,700037868,95,608141,14,141667,36,0
Dialister_invisus_61905,700035785,700163419,74,641452,13,149487,24,0
Dialister_invisus_61905,700035785,700164735,86,595125,14,138472,23,0
Dialister_invisus_61905,700035785,700172279,84,617869,11,144050,39,0
Dialister_invisus_61905,700035785,ERR911953,66,570467,10,132742,15,0
Dialister_invisus_61905,700035785,ERR911957,81,619223,17,143939,28,0
Dialister_invisus_61905,700035785,ERR911976,76,605976,12,141094,21,0
Dialister_invisus_61905,700035785,ERR911987,74,580861,11,135508,32,0
Dialister_invisus_61905,700035785,ERR912028,100,581690,17,135390,30,0
Dialister_invisus_61905,700035785,ERR912029,70,581735,11,135617,22,0
Dialister_invisus_61905,700035785,ERR912085,78,580511,11,135052,34,0
Dialister_invisus_61905,700035785,ERR912115,70,575860,22,134095,25,0
Dialister_invisus_61905,700035785,ERR912121,97,610538,13,142152,30,0
Dialister_invisus_61905,700035785,ERR912133,66,574350,12,133813,26,0
Dialister_invisus_61905,700035785,ERR912152,72,611146,13,142209,21,0
Dialister_invisus_61905,700037868,700163419,86,678769,23,159083,19,0
Dialister_invisus_61905,700037868,700164735,83,634575,15,148778,16,0
Dialister_invisus_61905,700037868,700172279,103,639895,19,149783,37,0
Dialister_invisus_61905,700037868,ERR911953,88,629979,24,147295,26,0
Dialister_invisus_61905,700037868,ERR911957,91,654932,26,152827,19,0
Dialister_invisus_61905,700037868,ERR911976,95,622636,17,145471,22,0
Dialister_invisus_61905,700037868,ERR911987,81,598309,8,140302,24,0
Dialister_invisus_61905,700037868,ERR912028,103,634348,31,148222,19,0
Dialister_invisus_61905,700037868,ERR912029,92,597892,26,139915,21,0
Dialister_invisus_61905,700037868,ERR912085,68,606447,11,141976,16,0
Dialister_invisus_61905,700037868,ERR912115,108,595287,31,139287,33,1
Dialister_invisus_61905,700037868,ERR912121,111,650409,24,152292,22,0
Dialister_invisus_61905,700037868,ERR912133,75,612810,17,143666,20,0
Dialister_invisus_61905,700037868,ERR912152,98,659307,21,154483,26,0
Dialister_invisus_61905,700100600,ERR911969,112,643271,40,150203,12,0
Dialister_invisus_61905,700100600,ERR912127,98,648773,38,151550,13,0
Dialister_invisus_61905,700163030,700164417,56,707120,26,165543,6,0
Dialister_invisus_61905,700163419,700164735,62,644620,13,150688,7,0
Dialister_invisus_61905,700163419,700172279,83,671709,12,157324,27,0
Dialister_invisus_61905,700163419,ERR911953,48,621513,12,145114,11,0
Dialister_invisus_61905,700163419,ERR911957,68,666601,18,155329,11,0
Dialister_invisus_61905,700163419,ERR911976,68,638912,21,149060,6,0
Dialister_invisus_61905,700163419,ERR911987,65,621258,12,145558,8,0
Dialister_invisus_61905,700163419,ERR912028,86,645658,22,150727,18,0
Dialister_invisus_61905,700163419,ERR912029,62,609284,14,142222,12,1
Dialister_invisus_61905,700163419,ERR912085,82,638858,32,149376,23,0
Dialister_invisus_61905,700163419,ERR912115,75,628509,35,146975,24,1
Dialister_invisus_61905,700163419,ERR912121,92,665831,18,155806,25,1
Dialister_invisus_61905,700163419,ERR912133,54,638368,19,149416,12,0
Dialister_invisus_61905,700163419,ERR912152,51,667011,12,155858,3,0
Dialister_invisus_61905,700164735,700172279,78,616673,12,144190,24,0
Dialister_invisus_61905,700164735,ERR911953,47,596793,16,139507,0,0
Dialister_invisus_61905,700164735,ERR911957,86,617318,20,143746,8,0
Dialister_invisus_61905,700164735,ERR911976,67,596101,18,138955,6,0
Dialister_invisus_61905,700164735,ERR911987,72,595354,9,139225,14,0
Dialister_invisus_61905,700164735,ERR912028,112,593592,26,138412,18,0
Dialister_invisus_61905,700164735,ERR912029,59,579565,19,135474,5,0
Dialister_invisus_61905,700164735,ERR912085,62,584096,14,136301,14,0
Dialister_invisus_61905,700164735,ERR912121,90,609005,16,142203,15,0
Dialister_invisus_61905,700164735,ERR912133,66,598480,17,139829,2,0
Dialister_invisus_61905,700164735,ERR912152,69,611926,11,142766,7,0
Dialister_invisus_61905,700172279,ERR911953,72,602241,9,140420,29,0
Dialister_invisus_61905,700172279,ERR911957,78,649397,24,151606,13,0
Dialister_invisus_61905,700172279,ERR911976,75,618480,14,144391,19,0
Dialister_invisus_61905,700172279,ERR911987,69,597582,11,140119,14,0
Dialister_invisus_61905,700172279,ERR912028,97,612288,24,143030,20,0
Dialister_invisus_61905,700172279,ERR912029,61,599557,14,140020,14,1
Dialister_invisus_61905,700172279,ERR912085,75,597671,17,139694,22,0
Dialister_invisus_61905,700172279,ERR912115,87,585585,25,136644,28,0
Dialister_invisus_61905,700172279,ERR912121,90,634779,15,148472,22,0
Dialister_invisus_61905,700172279,ERR912133,73,596617,18,139595,23,0
Dialister_invisus_61905,700172279,ERR912152,66,635834,6,148620,17,0
Dialister_invisus_61905,ERR911953,ERR911957,70,619781,17,144313,20,0
Dialister_invisus_61905,ERR911953,ERR911976,56,605078,17,141203,19,2
Dialister_invisus_61905,ERR911953,ERR911987,70,566215,8,132342,21,0
Dialister_invisus_61905,ERR911953,ERR912028,76,616997,26,144013,19,0
Dialister_invisus_61905,ERR911953,ERR912029,61,587806,21,137410,5,0
Dialister_invisus_61905,ERR911953,ERR912085,69,607261,19,142057,24,0
Dialister_invisus_61905,ERR911953,ERR912121,59,603267,13,140837,20,1
Dialister_invisus_61905,ERR911953,ERR912133,64,589533,15,138088,16,0
Dialister_invisus_61905,ERR911953,ERR912152,71,637174,16,148897,26,0
Dialister_invisus_61905,ERR911957,ERR911976,90,635566,21,148042,14,0
Dialister_invisus_61905,ERR911957,ERR911987,76,604908,14,141227,20,0
Dialister_invisus_61905,ERR911957,ERR912028,102,624830,25,145612,19,0
Dialister_invisus_61905,ERR911957,ERR912029,72,613041,19,142860,10,0
Dialister_invisus_61905,ERR911957,ERR912085,80,627505,23,146447,25,0
Dialister_invisus_61905,ERR911957,ERR912115,98,592449,35,137782,21,1
Dialister_invisus_61905,ERR911957,ERR912121,94,659570,23,153780,16,0
Dialister_invisus_61905,ERR911957,ERR912133,71,623510,26,145592,10,0
Dialister_invisus_61905,ERR911957,ERR912152,74,662304,21,154327,11,0
Dialister_invisus_61905,ERR911964,ERR911969,107,599665,26,140382,13,0
Dialister_invisus_61905,ERR911969,ERR912048,123,642886,44,150366,21,0
Dialister_invisus_61905,ERR911969,ERR912071,87,624021,32,146333,13,0
Dialister_invisus_61905,ERR911969,ERR912127,109,619433,22,144739,17,0
Dialister_invisus_61905,ERR911972,ERR911992,83,603022,28,140818,34,1
Dialister_invisus_61905,ERR911976,ERR911987,71,583975,11,136529,12,0
Dialister_invisus_61905,ERR911976,ERR912028,100,609249,23,142097,15,0
Dialister_invisus_61905,ERR911976,ERR912029,68,599237,16,140101,10,0
Dialister_invisus_61905,ERR911976,ERR912040,81,544274,20,126547,7,0
Dialister_invisus_61905,ERR911976,ERR912085,96,618898,24,144491,34,0
Dialister_invisus_61905,ERR911976,ERR912115,83,591644,29,138192,19,1
Dialister_invisus_61905,ERR911976,ERR912121,82,632310,14,147576,32,0
Dialister_invisus_61905,ERR911976,ERR912133,62,612739,21,143393,9,0
Dialister_invisus_61905,ERR911976,ERR912152,82,633024,18,147708,14,0
Dialister_invisus_61905,ERR911987,ERR912028,109,579416,20,135481,22,1
Dialister_invisus_61905,ERR911987,ERR912029,60,558473,13,130698,19,0
Dialister_invisus_61905,ERR911987,ERR912085,83,578795,16,135438,29,0
Dialister_invisus_61905,ERR911987,ERR912115,70,583797,23,136554,14,0
Dialister_invisus_61905,ERR911987,ERR912121,104,590703,13,138402,24,1
Dialister_invisus_61905,ERR911987,ERR912133,72,577493,13,135383,22,1
Dialister_invisus_61905,ERR911987,ERR912152,75,593971,10,138826,25,0
Dialister_invisus_61905,ERR911992,ERR912099,69,648734,24,151458,14,0
Dialister_invisus_61905,ERR912028,ERR912029,87,595958,27,139210,17,1
Dialister_invisus_61905,ERR912028,ERR912085,98,606977,29,141914,22,0
Dialister_invisus_61905,ERR912028,ERR912121,121,613556,27,143187,33,0
Dialister_invisus_61905,ERR912028,ERR912133,92,612750,26,143546,16,0
Dialister_invisus_61905,ERR912028,ERR912152,87,630698,22,147069,23,0
Dialister_invisus_61905,ERR912029,ERR912085,73,572074,19,133670,29,1
Dialister_invisus_61905,ERR912029,ERR912121,78,610153,17,142661,14,1
Dialister_invisus_61905,ERR912029,ERR912133,61,578538,20,135372,10,1
Dialister_invisus_61905,ERR912029,ERR912152,67,627375,16,146745,10,0
Dialister_invisus_61905,ERR912034,ERR912186,105,610011,35,142193,30,0
Dialister_invisus_61905,ERR912048,ERR912127,113,653892,38,152941,20,0
Dialister_invisus_61905,ERR912085,ERR912115,76,582387,30,135711,32,0
Dialister_invisus_61905,ERR912085,ERR912121,79,606796,15,141769,18,0
Dialister_invisus_61905,ERR912085,ERR912133,64,600302,15,140591,22,0
Dialister_invisus_61905,ERR912085,ERR912152,62,631984,17,147683,20,0
Dialister_invisus_61905,ERR912115,ERR912121,109,589340,28,137461,25,0
Dialister_invisus_61905,ERR912115,ERR912133,75,599677,37,140140,21,0
Dialister_invisus_61905,ERR912115,ERR912152,92,611970,34,142813,16,1
Dialister_invisus_61905,ERR912121,ERR912133,71,615473,20,144036,10,0
Dialister_invisus_61905,ERR912121,ERR912152,82,654852,13,152948,7,1
Dialister_invisus_61905,ERR912133,ERR912152,58,627689,15,146926,4,0
Eubacterium_rectale_56927,700021902,700023872,84,755336,20,154305,25,0
Eubacterium_rectale_56927,700021902,700105685,57,739687,8,151058,11,0
Eubacterium_rectale_56927,700021902,700109231,56,724275,8,147261,11,0
Eubacterium_rectale_56927,700021902,700161429,60,795321,12,162085,4,0
Eubacterium_rectale_56927,700021902,700161856,79,816579,13,166217,11,1
Eubacterium_rectale_56927,700021902,700171916,55,868679,14,177236,2,0
Eubacterium_rectale_56927,700023390,700105685,52,686981,4,139860,10,0
Eubacterium_rectale_56927,700023603,700105685,47,743061,8,151573,7,0
Eubacterium_rectale_56927,700023603,700164611,45,816047,17,166448,6,0
Eubacterium_rectale_56927,700023872,700161429,71,761365,18,155060,18,0
Eubacterium_rectale_56927,700023872,700161856,89,796927,20,161951,36,1
Eubacterium_rectale_56927,700023872,700171916,66,846113,19,172379,16,0
Eubacterium_rectale_56927,700105685,700161429,57,758209,11,154399,8,0
Eubacterium_rectale_56927,700105685,700161856,57,734927,6,149609,11,0
Eubacterium_rectale_56927,700105685,700164611,57,714541,13,145528,17,0
Eubacterium_rectale_56927,700105685,700171916,50,799954,10,163255,4,0
Eubacterium_rectale_56927,700109231,700161856,65,706332,11,143040,16,1
Eubacterium_rectale_56927,700109231,700171916,50,749856,10,152177,4,0
Eubacterium_rectale_56927,700161429,700161856,62,804117,11,163280,13,2
Eubacterium_rectale_56927,700161429,700171916,40,857706,12,174580,0,0
Eubacterium_rectale_56927,700161856,700171916,70,961563,11,195437,24,1
Eubacterium_rectale_56927,ERR911973,ERR912083,53,840253,18,171974,8,0
Eubacterium_rectale_56927,ERR911973,ERR912133,55,737532,11,150852,16,0
Eubacterium_rectale_56927,ERR912002,ERR912128,51,786066,17,159960,9,0
Eubacterium_rectale_56927,ERR912062,ERR912127,42,767524,6,156292,16,0
Eubacterium_rectale_56927,ERR912083,ERR912133,51,810522,10,164961,11,0
Eubacterium_rectale_56927,ERR912128,ERR912159,38,714570,12,145972,4,0
Eubacterium_siraeum_57634,700021261,700021306,200,872767,78,191111,14,3
Eubacterium_siraeum_57634,700021261,700023267,148,888801,48,194775,30,6
Eubacterium_siraeum_57634,700021261,700023845,128,909849,39,198794,21,2
Eubacterium_siraeum_57634,700021261,700033153,152,909168,32,198970,27,3
Eubacterium_siraeum_57634,700021261,700038761,157,913232,30,199670,21,3
Eubacterium_siraeum_57634,700021261,700100022,120,879472,35,192715,19,3
Eubacterium_siraeum_57634,700021261,700106325,184,894604,53,195914,44,8
Eubacterium_siraeum_57634,700021261,700113975,152,838613,45,183774,24,3
Eubacterium_siraeum_57634,700021261,700114218,178,916069,52,200642,41,6
Eubacterium_siraeum_57634,700021261,700117000,135,895659,46,195927,18,3
Eubacterium_siraeum_57634,700021261,700165263,148,905981,38,198470,14,3
Eubacterium_siraeum_57634,700021261,ERR912044,164,878989,41,192600,39,5
Eubacterium_siraeum_57634,700021261,ERR912132,166,879194,46,192413,23,3
Eubacterium_siraeum_57634,700021306,700023267,163,915116,72,200703,6,0
Eubacterium_siraeum_57634,700021306,700023845,170,932171,84,204020,2,0
Eubacterium_siraeum_57634,700021306,700033153,188,929667,67,203769,12,0
Eubacterium_siraeum_57634,700021306,700038761,193,932697,69,204209,5,0
Eubacterium_siraeum_57634,700021306,700100022,167,899577,75,197444,4,0
Eubacterium_siraeum_57634,700021306,700106325,194,923240,73,202484,16,2
Eubacterium_siraeum_57634,700021306,700114218,199,924340,69,202694,11,0
Eubacterium_siraeum_57634,700021306,700117000,160,905233,61,198379,8,0
Eubacterium_siraeum_57634,700021306,700165263,153,954113,62,209180,0,0
Eubacterium_siraeum_57634,700021306,ERR912044,172,888706,65,195097,4,0
Eubacterium_siraeum_57634,700021306,ERR912132,202,894999,78,196121,10,0
Eubacterium_siraeum_57634,700023267,700023845,89,943016,24,206374,3,0
Eubacterium_siraeum_57634,700023267,700033153,104,941622,21,206360,6,0
Eubacterium_siraeum_57634,700023267,700038761,115,946147,21,207174,4,0
Eubacterium_siraeum_57634,700023267,700100022,88,918202,28,201337,6,0
Eubacterium_siraeum_57634,700023267,700106325,108,931975,24,204255,12,2
Eubacterium_siraeum_57634,700023267,700113975,121,868741,40,190446,12,1
Eubacterium_siraeum_57634,700023267,700114218,123,935369,21,205101,9,0
Eubacterium_siraeum_57634,700023267,700117000,82,922927,23,202226,5,0
Eubacterium_siraeum_57634,700023267,700165263,111,936461,21,205484,3,0
Eubacterium_siraeum_57634,700023267,ERR912044,95,909845,24,199537,2,0
Eubacterium_siraeum_57634,700023267,ERR912119,101,851107,29,186430,11,0
Eubacterium_siraeum_57634,700023267,ERR912132,120,905788,36,198444,9,0
Eubacterium_siraeum_57634,700023845,700033153,105,966214,32,211209,4,0
Eubacterium_siraeum_57634,700023845,700038761,117,971108,30,212162,0,0
Eubacterium_siraeum_57634,700023845,700100022,87,932299,33,203933,3,0
Eubacterium_siraeum_57634,700023845,700106325,115,952036,35,208218,13,2
Eubacterium_siraeum_57634,700023845,700113975,122,884354,40,193407,9,0
Eubacterium_siraeum_57634,700023845,700114218,122,959514,35,209868,7,0
Eubacterium_siraeum_57634,700023845,700117000,91,945262,40,206584,0,0
Eubacterium_siraeum_57634,700023845,700165263,115,956015,38,209312,0,0
Eubacterium_siraeum_57634,700023845,ERR912044,105,925522,35,202469,0,0
Eubacterium_siraeum_57634,700023845,ERR912119,115,860278,31,187842,5,0
Eubacterium_siraeum_57634,700023845,ERR912132,125,921319,34,201238,5,0
Eubacterium_siraeum_57634,700024086,700110354,104,819463,54,179057,13,0
Eubacterium_siraeum_57634,700024086,700163699,126,818451,46,178776,16,1
Eubacterium_siraeum_57634,700033153,700038761,134,968718,25,211931,4,0
Eubacterium_siraeum_57634,700033153,700100022,103,934126,32,204701,5,0
Eubacterium_siraeum_57634,700033153,700106325,124,952167,27,208565,6,0
Eubacterium_siraeum_57634,700033153,700113975,147,886871,40,194344,21,0
Eubacterium_siraeum_57634,700033153,700114218,142,958134,29,209924,11,0
Eubacterium_siraeum_57634,700033153,700117000,106,950095,23,208017,9,0
Eubacterium_siraeum_57634,700033153,700165263,129,955813,25,209601,10,0
Eubacterium_siraeum_57634,700033153,ERR912044,120,922604,28,202131,6,0
Eubacterium_siraeum_57634,700033153,ERR912119,129,858850,27,187910,12,0
Eubacterium_siraeum_57634,700033153,ERR912132,144,925839,32,202687,7,0
Eubacterium_siraeum_57634,700038761,700100022,117,936011,26,204922,5,0
Eubacterium_siraeum_57634,700038761,700106325,144,955087,33,209024,12,2
Eubacterium_siraeum_57634,700038761,700113975,160,889835,39,194817,17,0
Eubacterium_siraeum_57634,700038761,700114218,147,961144,24,210340,7,0
Eubacterium_siraeum_57634,700038761,700117000,121,948532,30,207442,7,0
Eubacterium_siraeum_57634,700038761,700165263,143,959935,32,210317,2,0
Eubacterium_siraeum_57634,700038761,ERR912044,133,925367,23,202561,2,0
Eubacterium_siraeum_57634,700038761,ERR912119,149,865222,38,189139,12,0
Eubacterium_siraeum_57634,700038761,ERR912132,157,927204,36,202699,7,0
Eubacterium_siraeum_57634,700100022,700106325,116,918124,29,201297,15,2
Eubacterium_siraeum_57634,700100022,700113975,129,854956,38,187546,17,1
Eubacterium_siraeum_57634,700100022,700114218,115,929999,20,203950,10,0
Eubacterium_siraeum_57634,700100022,700117000,86,912343,25,199875,7,0
Eubacterium_siraeum_57634,700100022,700165263,111,926636,32,203402,5,0
Eubacterium_siraeum_57634,700100022,ERR912044,110,894437,27,196223,5,0
Eubacterium_siraeum_57634,700100022,ERR912119,119,834429,30,182735,12,0
Eubacterium_siraeum_57634,700100022,ERR912132,123,891973,32,195404,6,0
Eubacterium_siraeum_57634,700106325,700113975,125,872118,40,191099,15,2
Eubacterium_siraeum_57634,700106325,700114218,150,944237,34,206946,12,2
Eubacterium_siraeum_57634,700106325,700117000,119,932821,35,204380,8,2
Eubacterium_siraeum_57634,700106325,700165263,132,944366,30,207086,11,2
Eubacterium_siraeum_57634,700106325,ERR912044,115,907607,34,198963,6,2
Eubacterium_siraeum_57634,700106325,ERR912119,127,848375,40,185730,14,2
Eubacterium_siraeum_57634,700106325,ERR912132,139,910000,43,199263,11,2
Eubacterium_siraeum_57634,700110354,700163699,126,872193,35,190962,16,2
Eubacterium_siraeum_57634,700113975,700114218,154,889867,48,195275,24,1
Eubacterium_siraeum_57634,700113975,700117000,125,868739,44,190246,17,1
Eubacterium_siraeum_57634,700113975,700165263,131,886147,38,194507,9,1
Eubacterium_siraeum_57634,700113975,ERR912044,137,854711,33,187477,9,0
Eubacterium_siraeum_57634,700113975,ERR912132,141,854101,38,187043,12,1
Eubacterium_siraeum_57634,700114218,700117000,120,936269,28,205024,11,0
Eubacterium_siraeum_57634,700114218,700165263,138,950910,30,208685,9,0
Eubacterium_siraeum_57634,700114218,ERR912044,138,918836,29,201536,7,0
Eubacterium_siraeum_57634,700114218,ERR912119,154,854670,36,187201,14,0
Eubacterium_siraeum_57634,700114218,ERR912132,160,920155,35,201527,3,0
Eubacterium_siraeum_57634,700117000,700165263,98,931641,24,204230,6,0
Eubacterium_siraeum_57634,700117000,ERR912044,110,907194,33,198799,8,0
Eubacterium_siraeum_57634,700117000,ERR912132,131,910088,35,199198,9,0
Eubacterium_siraeum_57634,700165263,ERR912044,129,917106,28,201267,4,0
Eubacterium_siraeum_57634,700165263,ERR912119,142,857307,34,187938,9,0
Eubacterium_siraeum_57634,700165263,ERR912132,143,918412,32,201273,5,0
Eubacterium_siraeum_57634,ERR912044,ERR912119,126,895923,38,196455,16,1
Eubacterium_siraeum_57634,ERR912044,ERR912132,137,942185,41,206797,5,0
Eubacterium_siraeum_57634,ERR912119,ERR912132,136,876540,36,192010,8,0
Oscillibacter_sp_60799,700014562,700024545,110,519571,59,135727,19,1
Oscillibacter_sp_60799,700014562,700024673,105,567794,71,149592,12,0
Oscillibacter_sp_60799,700014562,700037123,87,574340,47,151283,19,0
Oscillibacter_sp_60799,700014562,700038167,100,585497,48,154099,14,0
Oscillibacter_sp_60799,700014562,700103710,110,560503,63,147697,13,0
Oscillibacter_sp_60799,700014562,700117755,77,562904,54,148246,15,0
Oscillibacter_sp_60799,700015415,700021295,73,547756,37,145125,22,0
Oscillibacter_sp_60799,700015415,700023603,49,541735,29,143562,0,0
Oscillibacter_sp_60799,700015415,700024437,98,508470,50,134324,5,0
Oscillibacter_sp_60799,700015415,700035785,46,570963,19,151043,6,0
Oscillibacter_sp_60799,700015415,700038594,58,555663,33,147171,9,1
Oscillibacter_sp_60799,700015415,700098267,53,558953,30,147585,12,0
Oscillibacter_sp_60799,700015415,700105049,67,545930,32,144370,13,1
Oscillibacter_sp_60799,700015415,700105153,75,544190,32,144225,13,0
Oscillibacter_sp_60799,700015415,700105613,82,516149,50,136651,10,1
Oscillibacter_sp_60799,700015415,700106229,83,529171,35,140211,2,0
Oscillibacter_sp_60799,700015415,700116568,86,533302,46,141225,17,0
Oscillibacter_sp_60799,700015415,700161342,110,523321,38,138475,31,1
Oscillibacter_sp_60799,700015415,700161945,63,539385,43,142397,0,0
Oscillibacter_sp_60799,700015415,ERR912134,102,516881,55,136929,28,1
Oscillibacter_sp_60799,700015415,ERR912142,67,554233,39,146827,21,1
Oscillibacter_sp_60799,700021295,700023603,108,563655,63,149326,5,0
Oscillibacter_sp_60799,700021295,700024437,102,541013,41,142721,13,0
Oscillibacter_sp_60799,700021295,700035785,71,577716,31,152743,13,1
Oscillibacter_sp_60799,700021295,700038594,33,603214,12,159630,2,0
Oscillibacter_sp_60799,700021295,700098267,84,570279,29,150508,21,0
Oscillibacter_sp_60799,700021295,700105049,66,590718,21,156203,13,1
Oscillibacter_sp_60799,700021295,700105153,77,594653,26,157537,19,1
Oscillibacter_sp_60799,700021295,700105613,104,560931,37,148543,25,1
Oscillibacter_sp_60799,700021295,700116568,83,582568,29,154369,19,1
Oscillibacter_sp_60799,700021295,700161342,87,574682,27,151818,25,0
Oscillibacter_sp_60799,700021295,700161945,105,544757,66,143556,10,0
Oscillibacter_sp_60799,700021295,ERR912134,96,565183,48,149769,20,0
Oscillibacter_sp_60799,700021295,ERR912142,65,604162,30,160164,8,1
Oscillibacter_sp_60799,700023337,700024673,96,570656,30,150700,19,0
Oscillibacter_sp_60799,700023337,700035237,113,557176,57,146950,10,0
Oscillibacter_sp_60799,700023337,700037123,141,568309,73,149846,23,0
Oscillibacter_sp_60799,700023337,700038167,163,568479,81,149843,8,0
Oscillibacter_sp_60799,700023337,700103710,134,550580,51,145103,18,0
Oscillibacter_sp_60799,700023337,700117755,121,553137,61,145742,16,0
Oscillibacter_sp_60799,700023603,700035785,57,573554,25,151670,2,0
Oscillibacter_sp_60799,700023603,700038594,86,569528,48,150864,10,1
Oscillibacter_sp_60799,700023603,700098267,66,566766,35,149671,5,0
Oscillibacter_sp_60799,700023603,700105049,87,555917,36,147066,12,0
Oscillibacter_sp_60799,700023603,700105153,76,557503,31,147768,16,0
Oscillibacter_sp_60799,700023603,700106229,84,572053,37,151514,12,1
Oscillibacter_sp_60799,700023603,700116568,96,549980,42,145584,24,0
Oscillibacter_sp_60799,700023603,700161945,78,541396,57,142654,11,0
Oscillibacter_sp_60799,700023603,ERR912142,85,565825,41,149868,10,0
Oscillibacter_sp_60799,700024437,700035785,96,530915,40,140060,12,0
Oscillibacter_sp_60799,700024437,700038594,88,546921,40,144216,5,0
Oscillibacter_sp_60799,700024437,700098267,107,517597,45,136216,23,0
Oscillibacter_sp_60799,700024437,700105049,91,533990,37,140623,11,0
Oscillibacter_sp_60799,700024437,700105153,103,539365,42,142421,15,1
Oscillibacter_sp_60799,700024437,700116568,91,519038,40,136851,19,0
Oscillibacter_sp_60799,700024437,ERR912142,84,547597,40,144562,11,0
Oscillibacter_sp_60799,700024545,700024673,112,532452,58,139426,17,1
Oscillibacter_sp_60799,700024545,700037123,91,539651,48,141265,10,0
Oscillibacter_sp_60799,700024545,700038167,122,542216,42,141975,14,1
Oscillibacter_sp_60799,700024545,700103710,99,530096,47,138976,10,0
Oscillibacter_sp_60799,700024545,700117755,82,535930,43,140390,14,1
Oscillibacter_sp_60799,700024673,700035237,91,586262,49,155179,16,0
Oscillibacter_sp_60799,700024673,700037123,99,592086,53,156560,10,0
Oscillibacter_sp_60799,700024673,700038167,119,594801,56,157156,9,0
Oscillibacter_sp_60799,700024673,700103710,110,575610,47,152091,10,0
Oscillibacter_sp_60799,700024673,700117755,74,578285,52,152746,6,0
Oscillibacter_sp_60799,700024673,700161856,128,540450,61,142786,17,1
Oscillibacter_sp_60799,700033797,700117682,111,517524,59,136489,8,0
Oscillibacter_sp_60799,700035785,700038594,68,585395,30,154712,5,0
Oscillibacter_sp_60799,700035785,700098267,56,586944,24,154669,4,0
Oscillibacter_sp_60799,700035785,700105049,72,573796,24,151404,13,0
Oscillibacter_sp_60799,700035785,700105153,84,573248,27,151570,12,1
Oscillibacter_sp_60799,700035785,700105613,93,541610,54,142978,6,0
Oscillibacter_sp_60799,700035785,700106229,83,558446,33,147653,8,0
Oscillibacter_sp_60799,700035785,700116568,82,560409,32,148116,19,1
Oscillibacter_sp_60799,700035785,700161342,124,555977,45,146764,33,1
Oscillibacter_sp_60799,700035785,700161945,71,561398,44,147815,0,0
Oscillibacter_sp_60799,700035785,ERR912134,99,536834,39,141959,18,1
Oscillibacter_sp_60799,700035785,ERR912142,71,582244,35,153970,11,0
Oscillibacter_sp_60799,700037123,700038167,98,606419,36,160346,8,0
Oscillibacter_sp_60799,700037123,700103710,94,581676,38,153756,9,0
Oscillibacter_sp_60799,700037123,700117755,67,591877,34,156410,4,0
Oscillibacter_sp_60799,700038167,700103710,106,584593,39,154475,8,0
Oscillibacter_sp_60799,700038167,700117755,86,591796,38,156387,6,0
Oscillibacter_sp_60799,700038594,700098267,76,575065,32,151730,15,0
Oscillibacter_sp_60799,700038594,700105049,47,590865,14,156153,5,0
Oscillibacter_sp_60799,700038594,700105153,53,596831,19,158009,7,0
Oscillibacter_sp_60799,700038594,700105613,81,559412,30,148009,14,0
Oscillibacter_sp_60799,700038594,700116568,67,581981,26,154049,7,0
Oscillibacter_sp_60799,700038594,700161342,73,573004,25,151298,19,0
Oscillibacter_sp_60799,700038594,700161945,94,551648,62,145331,6,0
Oscillibacter_sp_60799,700038594,ERR912134,77,563517,37,149295,11,0
Oscillibacter_sp_60799,700038594,ERR912142,46,603316,20,159779,4,0
Oscillibacter_sp_60799,700038870,700113867,83,560252,32,148222,23,1
Oscillibacter_sp_60799,700038870,700122408,83,533492,40,140964,18,1
Oscillibacter_sp_60799,700098267,700105049,85,568441,40,149796,14,0
Oscillibacter_sp_60799,700098267,700105153,92,565978,33,149407,19,0
Oscillibacter_sp_60799,700098267,700105613,94,534748,46,141059,13,0
Oscillibacter_sp_60799,700098267,700106229,84,551985,57,145710,7,0
Oscillibacter_sp_60799,700098267,700116568,101,553815,43,146174,24,0
Oscillibacter_sp_60799,700098267,700161342,121,545440,46,143743,28,0
Oscillibacter_sp_60799,700098267,700161945,74,551617,41,144897,12,0
Oscillibacter_sp_60799,700098267,ERR912134,118,535663,57,141347,25,0
Oscillibacter_sp_60799,700098267,ERR912142,82,576648,47,152257,16,0
Oscillibacter_sp_60799,700103710,700117755,71,567534,36,149838,9,0
Oscillibacter_sp_60799,700105049,700105153,64,584958,19,154676,9,0
Oscillibacter_sp_60799,700105049,700105613,83,551595,33,145718,18,0
Oscillibacter_sp_60799,700105049,700106229,92,533802,36,141081,17,0
Oscillibacter_sp_60799,700105049,700116568,68,573114,25,151529,11,0
Oscillibacter_sp_60799,700105049,700161342,96,559175,28,147446,23,0
Oscillibacter_sp_60799,700105049,700161945,80,537379,48,141362,5,0
Oscillibacter_sp_60799,700105049,ERR912134,73,556760,31,147245,10,0
Oscillibacter_sp_60799,700105049,ERR912142,51,595343,20,157519,4,0
Oscillibacter_sp_60799,700105153,700105613,82,549336,28,145379,12,0
Oscillibacter_sp_60799,700105153,700116568,73,573362,25,151872,14,0
Oscillibacter_sp_60799,700105153,700161342,100,561730,28,148399,25,0
Oscillibacter_sp_60799,700105153,700161945,98,542509,52,142931,17,0
Oscillibacter_sp_60799,700105153,ERR912134,94,557512,34,147792,27,0
Oscillibacter_sp_60799,700105153,ERR912142,58,593199,23,157301,12,0
Oscillibacter_sp_60799,700105613,700116568,81,534845,24,141610,21,0
Oscillibacter_sp_60799,700105613,ERR912142,76,562513,43,148978,5,2
Oscillibacter_sp_60799,700106229,700161945,103,527394,65,138936,15,1
Oscillibacter_sp_60799,700113867,700122408,76,555997,40,146970,5,0
Oscillibacter_sp_60799,700116568,700161342,106,546633,36,144354,30,3
Oscillibacter_sp_60799,700116568,700161945,97,524951,56,138280,20,0
Oscillibacter_sp_60799,700116568,ERR912134,87,547438,48,145167,16,0
Oscillibacter_sp_60799,700116568,ERR912142,54,589466,24,156201,7,0
Oscillibacter_sp_60799,700161342,ERR912142,97,572656,37,151354,24,0
Oscillibacter_sp_60799,700161945,ERR912142,78,548369,58,144542,7,0
Oscillibacter_sp_60799,700165634,ERR912020,75,540503,33,142416,15,0
Oscillibacter_sp_60799,700165634,ERR912103,102,526229,35,138708,23,0
Oscillibacter_sp_60799,ERR912020,ERR912103,81,611940,39,162209,16,0
Oscillibacter_sp_60799,ERR912048,ERR912121,118,623357,59,165305,2,0
Oscillibacter_sp_60799,ERR912106,ERR912182,72,579380,46,153454,6,1
Oscillibacter_sp_60799,ERR912134,ERR912142,75,570723,43,151364,10,0
Oscillibacter_sp_60799,700103558,700106412,1,622692,2,164520,0,0
Parabacteroides_distasonis_56985,700013603,700034794,78,1504307,29,326018,8,0
Parabacteroides_distasonis_56985,700013603,700037649,74,1490666,33,323220,16,0
Parabacteroides_distasonis_56985,700013603,700037738,86,1497191,32,323962,23,0
Parabacteroides_distasonis_56985,700013603,700100600,76,1505177,33,325798,11,0
Parabacteroides_distasonis_56985,700013603,700107059,75,1511249,33,327398,12,0
Parabacteroides_distasonis_56985,700013603,700116076,78,1484596,27,321890,10,0
Parabacteroides_distasonis_56985,700013603,ERR911965,65,1490937,32,323304,12,0
Parabacteroides_distasonis_56985,700013603,ERR912037,56,1600955,22,346926,7,0
Parabacteroides_distasonis_56985,700013603,ERR912061,81,1530780,32,331670,15,0
Parabacteroides_distasonis_56985,700013603,ERR912065,87,1531306,34,331806,15,0
Parabacteroides_distasonis_56985,700013603,ERR912110,145,1344666,66,290814,19,0
Parabacteroides_distasonis_56985,700014837,700015181,57,1555968,19,337067,0,0
Parabacteroides_distasonis_56985,700014837,700021902,70,1569068,21,339941,0,0
Parabacteroides_distasonis_56985,700014837,700024024,61,1558433,14,337614,5,0
Parabacteroides_distasonis_56985,700014837,700037123,60,1566950,18,339523,0,0
Parabacteroides_distasonis_56985,700014837,700038386,39,1576696,12,339267,4,0
Parabacteroides_distasonis_56985,700014837,700119562,68,1556277,26,337177,0,0
Parabacteroides_distasonis_56985,700014837,ERR911993,74,1554241,20,336424,2,0
Parabacteroides_distasonis_56985,700014837,donald4-11-7-0_,90,1488466,27,322161,4,0
Parabacteroides_distasonis_56985,700015181,700024024,82,1489315,25,322840,3,0
Parabacteroides_distasonis_56985,700015181,700038386,68,1490422,20,320599,4,0
Parabacteroides_distasonis_56985,700015181,700119562,53,1634697,21,354659,0,0
Parabacteroides_distasonis_56985,700015181,ERR911993,70,1621876,26,351587,2,0
Parabacteroides_distasonis_56985,700015181,donald4-11-7-0_,94,1549573,28,335718,4,0
Parabacteroides_distasonis_56985,700015702,700164792,47,1626190,17,352821,0,0
Parabacteroides_distasonis_56985,700015702,ERR912061,165,1218931,46,263748,25,0
Parabacteroides_distasonis_56985,700015702,ERR912065,170,1244203,53,269146,18,0
Parabacteroides_distasonis_56985,700015702,ERR912110,156,1281829,56,277267,26,0
Parabacteroides_distasonis_56985,700016000,700117031,140,1385930,64,300564,6,0
Parabacteroides_distasonis_56985,700016000,700172132,46,1645832,23,356821,0,0
Parabacteroides_distasonis_56985,700016000,ERR911954,91,1515399,51,328527,7,0
Parabacteroides_distasonis_56985,700016000,SRR341698,49,1636909,23,354504,0,0
Parabacteroides_distasonis_56985,700016716,700024930,142,1230024,48,265711,16,0
Parabacteroides_distasonis_56985,700021824,700037357,23,1643437,3,356133,0,0
Parabacteroides_distasonis_56985,700021824,700038072,23,1642923,2,355923,0,0
Parabacteroides_distasonis_56985,700021824,700100227,100,1586933,54,343595,9,0
Parabacteroides_distasonis_56985,700021824,700107930,106,1514289,28,328043,8,0
Parabacteroides_distasonis_56985,700021876,700024086,63,1633676,11,354003,0,0
Parabacteroides_distasonis_56985,700021876,700095213,63,1622306,21,351605,0,0
Parabacteroides_distasonis_56985,700021876,700096047,67,1611989,24,349408,0,0
Parabacteroides_distasonis_56985,700021876,ERR911959,54,1631056,15,353505,0,0
Parabacteroides_distasonis_56985,700021876,ERR912059,59,1634718,20,354292,0,0
Parabacteroides_distasonis_56985,700021876,SRR341697,66,1626593,24,352274,0,0
Parabacteroides_distasonis_56985,700021902,700024024,97,1497363,23,324625,6,0
Parabacteroides_distasonis_56985,700021902,700038386,75,1501714,18,323027,3,0
Parabacteroides_distasonis_56985,700021902,700119562,73,1637809,26,355386,0,0
Parabacteroides_distasonis_56985,700021902,ERR911993,80,1633493,24,354148,2,0
Parabacteroides_distasonis_56985,700021902,donald4-11-7-0_,109,1561292,29,338304,4,0
Parabacteroides_distasonis_56985,700023113,700024545,36,1639241,16,355095,0,0
Parabacteroides_distasonis_56985,700023113,700037868,33,1644502,11,356556,0,0
Parabacteroides_distasonis_56985,700023113,700098867,141,1447549,56,313440,17,0
Parabacteroides_distasonis_56985,700023113,700106465,26,1643326,10,356206,0,0
Parabacteroides_distasonis_56985,700023113,700106836,138,1464998,60,316967,22,0
Parabacteroides_distasonis_56985,700023113,700172813,133,1443345,57,312361,19,0
Parabacteroides_distasonis_56985,700023845,700023919,68,1554817,22,335923,0,0
Parabacteroides_distasonis_56985,700023919,700037916,78,1573772,26,341230,0,0
Parabacteroides_distasonis_56985,700024024,700037123,84,1495720,21,324222,3,0
Parabacteroides_distasonis_56985,700024024,700038386,74,1495348,17,321864,8,0
Parabacteroides_distasonis_56985,700024024,700119562,94,1486036,26,322104,6,0
Parabacteroides_distasonis_56985,700024024,ERR911993,96,1482440,21,321011,5,0
Parabacteroides_distasonis_56985,700024024,donald4-11-7-0_,116,1427250,27,308946,10,0
Parabacteroides_distasonis_56985,700024086,700037042,75,1642870,18,356264,0,0
Parabacteroides_distasonis_56985,700024086,700095213,74,1629163,21,353288,0,0
Parabacteroides_distasonis_56985,700024086,700096047,74,1619168,25,351145,0,0
Parabacteroides_distasonis_56985,700024086,ERR911959,59,1638119,13,355209,0,0
Parabacteroides_distasonis_56985,700024086,ERR912059,67,1641499,18,355944,0,0
Parabacteroides_distasonis_56985,700024086,SRR341697,73,1633251,25,353905,0,0
Parabacteroides_distasonis_56985,700024449,700038594,13,1606812,5,348275,0,0
Parabacteroides_distasonis_56985,700024449,700116401,22,1608337,7,348684,0,0
Parabacteroides_distasonis_56985,700024545,700037868,38,1640496,9,355362,2,0
Parabacteroides_distasonis_56985,700024545,700098867,146,1445259,57,312706,24,0
Parabacteroides_distasonis_56985,700024545,700106465,29,1639733,8,355163,0,0
Parabacteroides_distasonis_56985,700024545,700106836,135,1457101,60,315029,19,0
Parabacteroides_distasonis_56985,700024545,700172813,135,1438268,58,310963,19,0
Parabacteroides_distasonis_56985,700024615,ERR912136,105,1567535,29,339803,4,0
Parabacteroides_distasonis_56985,700024752,700102356,50,1641570,25,355877,0,0
Parabacteroides_distasonis_56985,700024752,700105940,48,1644066,25,356452,0,0
Parabacteroides_distasonis_56985,700024752,700107189,48,1579663,23,339222,0,0
Parabacteroides_distasonis_56985,700024752,700171115,55,1591165,19,344726,0,0
Parabacteroides_distasonis_56985,700024752,ERR912173,63,1644421,26,356542,0,0
Parabacteroides_distasonis_56985,700033153,SRR413620,127,1219374,34,263516,17,0
Parabacteroides_distasonis_56985,700034794,700037649,51,1485022,17,322319,7,0
Parabacteroides_distasonis_56985,700034794,700037738,21,1625863,4,351738,0,0
Parabacteroides_distasonis_56985,700034794,700100600,32,1618664,7,350419,0,0
Parabacteroides_distasonis_56985,700034794,700107059,30,1624937,7,352029,0,0
Parabacteroides_distasonis_56985,700034794,700116076,42,1594536,3,345686,3,0
Parabacteroides_distasonis_56985,700034794,ERR911965,52,1487799,23,322865,0,0
Parabacteroides_distasonis_56985,700034794,ERR912037,67,1534559,27,332758,5,0
Parabacteroides_distasonis_56985,700034794,ERR912061,55,1558436,8,337977,2,0
Parabacteroides_distasonis_56985,700034794,ERR912065,63,1558243,8,337940,2,0
Parabacteroides_distasonis_56985,700034794,ERR912110,134,1290243,40,279436,11,0
Parabacteroides_distasonis_56985,700037042,700095213,74,1631733,29,353952,0,0
Parabacteroides_distasonis_56985,700037042,700096047,74,1621687,34,351821,0,0
Parabacteroides_distasonis_56985,700037042,ERR911959,65,1640545,23,355862,0,0
Parabacteroides_distasonis_56985,700037042,ERR912059,64,1643781,26,356569,0,0
Parabacteroides_distasonis_56985,700037042,SRR341697,74,1635176,32,354404,0,0
Parabacteroides_distasonis_56985,700037123,700038386,70,1501222,19,322941,5,0
Parabacteroides_distasonis_56985,700037123,700119562,63,1638211,27,355490,0,0
Parabacteroides_distasonis_56985,700037123,ERR911993,74,1633570,23,354180,2,0
Parabacteroides_distasonis_56985,700037123,donald4-11-7-0_,101,1559382,27,337889,4,0
Parabacteroides_distasonis_56985,700037357,700038072,12,1647266,1,357091,0,0
Parabacteroides_distasonis_56985,700037357,700100227,87,1591628,52,344942,5,0
Parabacteroides_distasonis_56985,700037357,700107930,98,1519459,35,329464,9,0
Parabacteroides_distasonis_56985,700037649,700037738,57,1478081,26,320235,13,0
Parabacteroides_distasonis_56985,700037649,700100600,60,1489400,30,322787,9,0
Parabacteroides_distasonis_56985,700037649,700107059,51,1495581,29,324437,5,0
Parabacteroides_distasonis_56985,700037649,700116076,55,1470762,23,319399,3,0
Parabacteroides_distasonis_56985,700037649,ERR911965,19,1644473,14,356829,0,0
Parabacteroides_distasonis_56985,700037649,ERR912037,57,1519160,27,329712,10,0
Parabacteroides_distasonis_56985,700037649,ERR912061,54,1519218,25,329633,13,0
Parabacteroides_distasonis_56985,700037649,ERR912065,57,1517565,27,329339,7,0
Parabacteroides_distasonis_56985,700037649,ERR912110,121,1275870,46,276744,16,0
Parabacteroides_distasonis_56985,700037738,700100600,25,1610890,10,348397,0,0
Parabacteroides_distasonis_56985,700037738,700107059,25,1616195,10,349719,0,0
Parabacteroides_distasonis_56985,700037738,700116076,38,1584008,5,342867,3,0
Parabacteroides_distasonis_56985,700037738,ERR911965,59,1484134,32,321510,13,0
Parabacteroides_distasonis_56985,700037738,ERR912037,66,1526131,33,330426,8,0
Parabacteroides_distasonis_56985,700037738,ERR912061,59,1549449,12,335534,14,0
Parabacteroides_distasonis_56985,700037738,ERR912065,62,1549283,12,335479,12,0
Parabacteroides_distasonis_56985,700037738,ERR912110,142,1285768,44,278074,21,0
Parabacteroides_distasonis_56985,700037868,700098867,138,1450505,46,313882,17,0
Parabacteroides_distasonis_56985,700037868,700106465,27,1645119,1,356627,0,0
Parabacteroides_distasonis_56985,700037868,700106836,124,1455985,34,315003,19,0
Parabacteroides_distasonis_56985,700037868,700172813,135,1441210,44,312215,19,0
Parabacteroides_distasonis_56985,700038072,700100227,88,1590141,52,344413,6,0
Parabacteroides_distasonis_56985,700038072,700107930,100,1518826,27,329134,8,0
Parabacteroides_distasonis_56985,700038386,700119562,79,1491234,27,320791,5,0
Parabacteroides_distasonis_56985,700038386,ERR911993,76,1487255,22,319644,4,0
Parabacteroides_distasonis_56985,700038386,donald4-11-7-0_,98,1431766,33,307793,7,0
Parabacteroides_distasonis_56985,700038594,700116401,18,1606614,9,348233,0,0
Parabacteroides_distasonis_56985,700038806,700100600,158,1199108,52,259324,21,0
Parabacteroides_distasonis_56985,700038806,700164792,43,1627528,18,352966,0,0
Parabacteroides_distasonis_56985,700038806,ERR912061,156,1222517,47,264478,21,0
Parabacteroides_distasonis_56985,700038806,ERR912065,158,1218263,46,263497,18,0
Parabacteroides_distasonis_56985,700038806,ERR912110,155,1286002,60,278090,27,0
Parabacteroides_distasonis_56985,700095213,700096047,60,1625148,24,352480,0,0
Parabacteroides_distasonis_56985,700095213,ERR911959,66,1626805,25,352859,0,0
Parabacteroides_distasonis_56985,700095213,ERR912059,69,1630520,31,353668,0,0
Parabacteroides_distasonis_56985,700095213,SRR341697,63,1622851,31,351795,0,0
Parabacteroides_distasonis_56985,700096047,ERR911959,66,1617786,29,350973,0,0
Parabacteroides_distasonis_56985,700096047,ERR912059,65,1621342,37,351757,0,0
Parabacteroides_distasonis_56985,700096047,SRR341697,60,1611873,33,349367,0,0
Parabacteroides_distasonis_56985,700096865,700117682,48,1611615,12,349128,0,0
Parabacteroides_distasonis_56985,700096865,700121919,49,1619504,15,351291,0,0
Parabacteroides_distasonis_56985,700096865,700173546,55,1619419,9,351248,2,0
Parabacteroides_distasonis_56985,700096865,ERR911962,83,1537948,22,333859,2,0
Parabacteroides_distasonis_56985,700097291,700117069,68,1646109,25,357060,0,0
Parabacteroides_distasonis_56985,700098867,700106465,130,1435304,43,310688,20,0
Parabacteroides_distasonis_56985,700098867,700106836,115,1625241,44,352332,3,0
Parabacteroides_distasonis_56985,700098867,700172813,98,1626412,45,352976,0,0
Parabacteroides_distasonis_56985,700100227,700107930,84,1523629,55,330163,2,0
Parabacteroides_distasonis_56985,700100600,700107059,1,1628059,1,352416,0,0
Parabacteroides_distasonis_56985,700100600,700116076,38,1596642,8,345710,0,0
Parabacteroides_distasonis_56985,700100600,ERR911965,51,1490094,32,322970,2,0
Parabacteroides_distasonis_56985,700100600,ERR912037,64,1535583,36,332569,5,0
Parabacteroides_distasonis_56985,700100600,ERR912061,53,1559188,14,337704,4,0
Parabacteroides_distasonis_56985,700100600,ERR912065,62,1559035,14,337687,4,0
Parabacteroides_distasonis_56985,700100600,ERR912110,139,1297220,52,280643,15,0
Parabacteroides_distasonis_56985,700102356,700171115,54,1582072,24,342803,0,0
Parabacteroides_distasonis_56985,700105940,700171115,53,1588132,22,344332,0,0
Parabacteroides_distasonis_56985,700106465,700106836,129,1459478,41,315667,19,0
Parabacteroides_distasonis_56985,700106465,700172813,121,1434077,32,310508,15,0
Parabacteroides_distasonis_56985,700106504,700171679,2,1660911,2,360448,0,0
Parabacteroides_distasonis_56985,700106836,700172813,100,1616092,35,350361,2,0
Parabacteroides_distasonis_56985,700107059,700116076,38,1603260,8,347429,0,0
Parabacteroides_distasonis_56985,700107059,ERR911965,49,1496115,31,324578,5,0
Parabacteroides_distasonis_56985,700107059,ERR912037,62,1542250,35,334291,2,0
Parabacteroides_distasonis_56985,700107059,ERR912061,50,1565788,14,339435,4,0
Parabacteroides_distasonis_56985,700107059,ERR912065,57,1565698,14,339413,4,0
Parabacteroides_distasonis_56985,700107059,ERR912110,141,1304469,52,282468,14,0
Parabacteroides_distasonis_56985,700107189,700171115,59,1519984,26,326261,0,0
Parabacteroides_distasonis_56985,700116076,ERR911965,56,1471349,26,319506,8,0
Parabacteroides_distasonis_56985,700116076,ERR912037,71,1517088,30,329213,4,0
Parabacteroides_distasonis_56985,700116076,ERR912061,60,1537209,10,333622,6,0
Parabacteroides_distasonis_56985,700116076,ERR912065,65,1537687,11,333756,4,0
Parabacteroides_distasonis_56985,700116076,ERR912110,127,1286261,49,278860,12,0
Parabacteroides_distasonis_56985,700117031,700172132,143,1387186,64,300713,15,0
Parabacteroides_distasonis_56985,700117031,ERR911954,146,1400638,52,303397,28,0
Parabacteroides_distasonis_56985,700117031,SRR341698,152,1385748,72,300144,18,0
Parabacteroides_distasonis_56985,700117682,700121919,47,1612272,16,349086,2,0
Parabacteroides_distasonis_56985,700117682,700173546,66,1612025,11,349005,0,0
Parabacteroides_distasonis_56985,700117682,ERR911962,69,1528236,16,331157,4,0
Parabacteroides_distasonis_56985,700119562,ERR911993,76,1622098,30,351733,2,0
Parabacteroides_distasonis_56985,700119562,donald4-11-7-0_,104,1548766,33,335600,4,0
Parabacteroides_distasonis_56985,700121919,700173546,65,1619782,15,351122,0,0
Parabacteroides_distasonis_56985,700121919,ERR911962,82,1539241,28,334005,3,0
Parabacteroides_distasonis_56985,700164792,ERR912061,155,1212640,54,262417,23,0
Parabacteroides_distasonis_56985,700164792,ERR912065,160,1216402,57,263262,16,0
Parabacteroides_distasonis_56985,700166643,ERR911968,74,1478776,20,320325,13,0
Parabacteroides_distasonis_56985,700171115,ERR912173,68,1587332,23,344136,0,0
Parabacteroides_distasonis_56985,700172132,ERR911954,85,1504446,46,325929,11,0
Parabacteroides_distasonis_56985,700172132,SRR341698,50,1640435,24,355219,2,0
Parabacteroides_distasonis_56985,700173546,ERR911962,106,1536932,22,333453,2,0
Parabacteroides_distasonis_56985,ERR911965,ERR912037,58,1522377,32,330430,9,0
Parabacteroides_distasonis_56985,ERR911965,ERR912061,50,1523344,28,330529,5,0
Parabacteroides_distasonis_56985,ERR911965,ERR912065,58,1521088,27,330033,11,0
Parabacteroides_distasonis_56985,ERR911965,ERR912110,121,1276106,52,276683,16,0
Parabacteroides_distasonis_56985,ERR911993,donald4-11-7-0_,106,1546360,32,334757,6,0
Parabacteroides_distasonis_56985,ERR912037,ERR912061,72,1564133,33,339180,8,0
Parabacteroides_distasonis_56985,ERR912037,ERR912065,81,1564827,36,339323,8,0
Parabacteroides_distasonis_56985,ERR912037,ERR912110,129,1357354,57,293897,10,0
Parabacteroides_distasonis_56985,ERR912051,ERR912199,89,1535610,34,333314,6,0
Parabacteroides_distasonis_56985,ERR912061,ERR912065,36,1649751,8,358024,0,0
Parabacteroides_distasonis_56985,ERR912061,ERR912110,136,1340095,56,290262,15,0
Parabacteroides_distasonis_56985,ERR912065,ERR912110,131,1332711,48,288706,14,0
Parabacteroides_distasonis_56985,ERR912085,ERR912134,120,1496050,42,323729,8,0
Parabacteroides_distasonis_56985,ERR912142,ERR912176,63,1555093,17,337457,12,0
Parabacteroides_distasonis_56985,SRR341640,SRR413587,21,1619860,7,351162,0,0
Parabacteroides_distasonis_56985,SRR341697,ERR911959,64,1630938,29,353496,0,0
Parabacteroides_distasonis_56985,SRR341697,ERR912059,62,1634455,31,354248,0,0
Parabacteroides_distasonis_56985,SRR341698,ERR911954,91,1500569,52,324841,11,0
Parabacteroides_distasonis_56985,SRR413602,SRR413608,39,1403399,3,304009,13,0
Parabacteroides_distasonis_56985,700015181,700021902,64,1638589,21,355490,0,0
Parabacteroides_distasonis_56985,700015181,700037123,53,1638420,22,355463,0,0
Parabacteroides_distasonis_56985,700015702,700038806,20,1649144,6,357899,0,0
Parabacteroides_distasonis_56985,700021876,700037042,68,1635849,20,354568,0,0
Parabacteroides_distasonis_56985,700021902,700037123,68,1650027,23,358024,0,0
Parabacteroides_distasonis_56985,700023845,700037916,25,1647886,16,356200,0,0
Parabacteroides_distasonis_56985,700102356,700105940,22,1652001,6,358187,0,0
Parabacteroides_distasonis_56985,700102356,700107189,33,1586253,17,340639,0,0
Parabacteroides_distasonis_56985,700102356,ERR912173,47,1652220,17,358230,0,0
Parabacteroides_distasonis_56985,700105940,700107189,34,1587289,17,340856,0,0
Parabacteroides_distasonis_56985,700105940,ERR912173,43,1657027,15,359506,0,0
Parabacteroides_distasonis_56985,700107189,ERR912173,49,1587624,18,340920,0,0
Parabacteroides_distasonis_56985,ERR911959,ERR912059,57,1641254,22,356064,0,0
Parabacteroides_merdae_56972,700014386,700015981,54,1513432,14,340339,0,0
Parabacteroides_merdae_56972,700014386,700016902,106,1391201,26,314650,0,0
Parabacteroides_merdae_56972,700014386,700024086,108,1363552,28,308157,10,0
Parabacteroides_merdae_56972,700014386,700032133,60,1560906,21,353565,0,0
Parabacteroides_merdae_56972,700014386,700033922,47,1560920,19,353541,0,0
Parabacteroides_merdae_56972,700014386,700037852,63,1536791,13,347871,4,0
Parabacteroides_merdae_56972,700014386,700038594,64,1560902,15,353547,0,0
Parabacteroides_merdae_56972,700014386,700105312,67,1560968,20,353571,0,0
Parabacteroides_merdae_56972,700014386,700111223,63,1558553,16,353102,0,0
Parabacteroides_merdae_56972,700014386,700113177,60,1558823,19,353061,0,0
Parabacteroides_merdae_56972,700014386,700117069,47,1560583,9,353495,0,0
Parabacteroides_merdae_56972,700014386,ERR911954,54,1485840,22,336567,7,0
Parabacteroides_merdae_56972,700014386,ERR911975,70,1561433,10,353684,0,0
Parabacteroides_merdae_56972,700014562,700016142,37,1552410,9,351679,2,0
Parabacteroides_merdae_56972,700014562,700016542,144,1201463,36,272029,29,0
Parabacteroides_merdae_56972,700014562,700016765,112,1269670,28,287560,22,0
Parabacteroides_merdae_56972,700014562,700024318,132,1284848,29,290705,27,0
Parabacteroides_merdae_56972,700014562,700034254,43,1549683,19,350927,0,0
Parabacteroides_merdae_56972,700014562,700097234,144,1195967,35,271057,30,0
Parabacteroides_merdae_56972,700014562,700106170,50,1531811,11,346850,2,0
Parabacteroides_merdae_56972,700014562,700106229,31,1550971,10,351287,0,0
Parabacteroides_merdae_56972,700014562,700117172,125,1274838,29,288734,22,0
Parabacteroides_merdae_56972,700014562,ERR912126,148,1248806,40,282521,29,0
Parabacteroides_merdae_56972,700015702,700024673,155,1002556,55,227005,10,0
Parabacteroides_merdae_56972,700015702,700032944,81,1402044,19,317936,0,0
Parabacteroides_merdae_56972,700015702,700099886,79,1408154,21,319116,3,0
Parabacteroides_merdae_56972,700015981,700016902,99,1361591,23,306159,0,0
Parabacteroides_merdae_56972,700015981,700023267,334,1509106,120,339399,0,0
Parabacteroides_merdae_56972,700015981,700024086,99,1335097,26,300000,6,0
Parabacteroides_merdae_56972,700015981,700032133,51,1520520,17,342042,0,0
Parabacteroides_merdae_56972,700015981,700033922,37,1520577,13,342043,0,0
Parabacteroides_merdae_56972,700015981,700037852,54,1500719,13,337605,5,0
Parabacteroides_merdae_56972,700015981,700038594,54,1520595,10,342052,0,0
Parabacteroides_merdae_56972,700015981,700095058,53,1518804,15,341666,0,0
Parabacteroides_merdae_56972,700015981,700105312,58,1520501,16,342028,0,0
Parabacteroides_merdae_56972,700015981,700111223,55,1518274,12,341608,0,0
Parabacteroides_merdae_56972,700015981,700113177,55,1518288,19,341515,0,0
Parabacteroides_merdae_56972,700015981,700117069,69,1520229,15,341980,0,0
Parabacteroides_merdae_56972,700015981,ERR911954,45,1444060,18,324921,6,0
Parabacteroides_merdae_56972,700015981,ERR911975,63,1520488,6,342027,0,0
Parabacteroides_merdae_56972,700015981,ERR912052,92,1520425,35,342007,0,0
Parabacteroides_merdae_56972,700016142,700016542,134,1191334,27,269507,26,0
Parabacteroides_merdae_56972,700016142,700016765,122,1270340,25,287526,20,0
Parabacteroides_merdae_56972,700016142,700024318,134,1285273,23,290631,24,0
Parabacteroides_merdae_56972,700016142,700034254,44,1543872,11,349549,2,0
Parabacteroides_merdae_56972,700016142,700097234,134,1187355,22,268658,30,0
Parabacteroides_merdae_56972,700016142,700106170,63,1529183,5,346204,4,0
Parabacteroides_merdae_56972,700016142,700106229,38,1549744,7,350968,2,0
Parabacteroides_merdae_56972,700016142,700117172,127,1267187,24,286859,20,0
Parabacteroides_merdae_56972,700016142,ERR912126,147,1246954,34,282071,24,0
Parabacteroides_merdae_56972,700016456,700095213,187,1190138,76,268446,27,0
Parabacteroides_merdae_56972,700016456,700116148,187,1236161,74,278504,21,0
Parabacteroides_merdae_56972,700016456,700171573,81,1330567,19,299403,8,0
Parabacteroides_merdae_56972,700016456,ERR912035,183,1229000,69,276892,21,0
Parabacteroides_merdae_56972,700016542,700016765,75,1429474,28,323795,6,0
Parabacteroides_merdae_56972,700016542,700024318,85,1426436,31,323059,2,0
Parabacteroides_merdae_56972,700016542,700034254,128,1198835,33,271048,26,0
Parabacteroides_merdae_56972,700016542,700106170,131,1195806,23,270367,29,0
Parabacteroides_merdae_56972,700016542,700106229,120,1200120,31,271423,30,0
Parabacteroides_merdae_56972,700016542,700117172,82,1431160,25,324340,7,0
Parabacteroides_merdae_56972,700016542,ERR912126,106,1404494,38,318122,5,0
Parabacteroides_merdae_56972,700016610,700123135,91,1269945,32,287043,7,0
Parabacteroides_merdae_56972,700016765,700034254,108,1269361,25,287057,19,0
Parabacteroides_merdae_56972,700016765,700097234,80,1430111,29,324175,3,0
Parabacteroides_merdae_56972,700016765,700106170,113,1292460,19,292248,23,0
Parabacteroides_merdae_56972,700016765,700106229,109,1279201,25,289248,20,0
Parabacteroides_merdae_56972,700016765,ERR912126,81,1489246,26,337247,5,0
Parabacteroides_merdae_56972,700016902,700023267,363,1391906,131,314751,0,0
Parabacteroides_merdae_56972,700016902,700024086,128,1239267,33,280004,11,0
Parabacteroides_merdae_56972,700016902,700032133,102,1398483,31,316419,0,0
Parabacteroides_merdae_56972,700016902,700033922,93,1398098,30,316343,2,0
Parabacteroides_merdae_56972,700016902,700037852,107,1375397,27,311059,4,0
Parabacteroides_merdae_56972,700016902,700038594,100,1398477,25,316400,0,0
Parabacteroides_merdae_56972,700016902,700095058,108,1398369,31,316449,0,0
Parabacteroides_merdae_56972,700016902,700105312,113,1399852,32,316754,0,0
Parabacteroides_merdae_56972,700016902,700111223,112,1397064,26,316183,0,0
Parabacteroides_merdae_56972,700016902,700113177,110,1397725,35,316250,0,0
Parabacteroides_merdae_56972,700016902,700117069,123,1397313,29,316169,0,0
Parabacteroides_merdae_56972,700016902,ERR911954,92,1323681,29,299593,8,0
Parabacteroides_merdae_56972,700016902,ERR911975,115,1398861,22,316516,2,0
Parabacteroides_merdae_56972,700016902,ERR912052,136,1397463,48,316205,3,0
Parabacteroides_merdae_56972,700023267,700024086,377,1375917,137,310843,15,0
Parabacteroides_merdae_56972,700023267,700037852,348,1529177,128,346004,5,0
Parabacteroides_merdae_56972,700023267,ERR911954,329,1491103,138,337605,6,0
Parabacteroides_merdae_56972,700024086,700032133,109,1374070,33,310623,10,0
Parabacteroides_merdae_56972,700024086,700033922,86,1363878,28,308352,10,0
Parabacteroides_merdae_56972,700024086,700037852,104,1352283,27,305591,15,0
Parabacteroides_merdae_56972,700024086,700038594,104,1372503,27,310277,10,0
Parabacteroides_merdae_56972,700024086,700095058,104,1371722,31,310115,5,0
Parabacteroides_merdae_56972,700024086,700105312,115,1377340,34,311338,10,0
Parabacteroides_merdae_56972,700024086,700111223,108,1370005,26,309795,8,0
Parabacteroides_merdae_56972,700024086,700113177,103,1373883,35,310597,17,0
Parabacteroides_merdae_56972,700024086,700117069,118,1367837,28,309259,10,0
Parabacteroides_merdae_56972,700024086,ERR911954,94,1305615,26,295345,14,0
Parabacteroides_merdae_56972,700024086,ERR911975,111,1371230,23,309992,10,0
Parabacteroides_merdae_56972,700024086,ERR912052,137,1371134,51,309952,10,0
Parabacteroides_merdae_56972,700024318,700034254,135,1276905,32,288568,19,0
Parabacteroides_merdae_56972,700024318,700097234,91,1424076,32,322650,2,0
Parabacteroides_merdae_56972,700024318,700106170,139,1307744,28,295740,28,0
Parabacteroides_merdae_56972,700024318,700106229,121,1277034,25,288755,18,0
Parabacteroides_merdae_56972,700024318,ERR912126,95,1481149,25,335389,4,0
Parabacteroides_merdae_56972,700024673,700032944,163,1036884,73,234888,8,0
Parabacteroides_merdae_56972,700024711,ERR912025,98,1270101,35,287344,9,0
Parabacteroides_merdae_56972,700032133,700037852,59,1542256,19,349246,4,0
Parabacteroides_merdae_56972,700032133,700113177,58,1566239,26,354875,0,0
Parabacteroides_merdae_56972,700032133,ERR911954,48,1487092,22,336895,10,0
Parabacteroides_merdae_56972,700032944,700099886,27,1421285,8,322256,2,0
Parabacteroides_merdae_56972,700033436,ERR911988,160,1417899,61,321022,7,0
Parabacteroides_merdae_56972,700033922,700037852,45,1544105,18,349611,4,0
Parabacteroides_merdae_56972,700033922,700111223,46,1565629,15,354797,0,0
Parabacteroides_merdae_56972,700033922,700113177,43,1566318,22,354857,0,0
Parabacteroides_merdae_56972,700033922,ERR911954,40,1487160,20,336872,10,0
Parabacteroides_merdae_56972,700034254,700097234,131,1201033,30,271627,29,0
Parabacteroides_merdae_56972,700034254,700106170,64,1526314,10,345429,2,0
Parabacteroides_merdae_56972,700034254,700106229,41,1546373,12,350033,0,0
Parabacteroides_merdae_56972,700034254,700117172,125,1280405,31,289393,19,0
Parabacteroides_merdae_56972,700034254,ERR912126,146,1229257,37,277892,28,0
Parabacteroides_merdae_56972,700034926,700035157,73,1433960,24,324541,3,0
Parabacteroides_merdae_56972,700034926,ERR912034,81,1420272,31,321154,3,0
Parabacteroides_merdae_56972,700034926,ERR912159,109,1390309,26,314312,4,0
Parabacteroides_merdae_56972,700035157,ERR912034,87,1529026,29,346107,0,0
Parabacteroides_merdae_56972,700035157,ERR912159,121,1497446,21,338929,2,0
Parabacteroides_merdae_56972,700037757,700106333,167,1191741,49,269443,12,1
Parabacteroides_merdae_56972,700037757,700163628,191,1192237,51,269743,15,1
Parabacteroides_merdae_56972,700037852,700038594,65,1544060,14,349624,5,0
Parabacteroides_merdae_56972,700037852,700095058,62,1542533,17,349318,4,0
Parabacteroides_merdae_56972,700037852,700105312,65,1544049,19,349610,4,0
Parabacteroides_merdae_56972,700037852,700111223,63,1541139,15,349061,4,0
Parabacteroides_merdae_56972,700037852,700113177,62,1541885,22,349092,4,0
Parabacteroides_merdae_56972,700037852,700117069,79,1543723,18,349554,6,0
Parabacteroides_merdae_56972,700037852,ERR911954,54,1460996,16,330804,12,0
Parabacteroides_merdae_56972,700037852,ERR911975,70,1544142,9,349646,4,0
Parabacteroides_merdae_56972,700037852,ERR912052,100,1544068,40,349625,5,0
Parabacteroides_merdae_56972,700037868,700117031,199,1521932,72,344411,0,0
Parabacteroides_merdae_56972,700037868,700117395,133,1536731,56,347901,0,0
Parabacteroides_merdae_56972,700038594,700113177,64,1566246,20,354860,0,0
Parabacteroides_merdae_56972,700038594,ERR911954,57,1487098,15,336877,10,0
Parabacteroides_merdae_56972,700095058,700113177,62,1564454,24,354479,0,0
Parabacteroides_merdae_56972,700095058,ERR911954,46,1485588,20,336568,9,0
Parabacteroides_merdae_56972,700095213,700116148,78,1397000,29,316370,2,0
Parabacteroides_merdae_56972,700095213,700171573,165,1262480,71,285511,17,0
Parabacteroides_merdae_56972,700095213,ERR912035,85,1390174,29,314812,2,0
Parabacteroides_merdae_56972,700097234,700106170,130,1193691,18,270187,29,0
Parabacteroides_merdae_56972,700097234,700106229,125,1180309,24,267187,29,0
Parabacteroides_merdae_56972,700097234,700117172,86,1426049,26,323248,5,0
Parabacteroides_merdae_56972,700097234,ERR912126,112,1408094,42,319153,5,0
Parabacteroides_merdae_56972,700097906,SRR413607,167,1331014,52,300847,30,0
Parabacteroides_merdae_56972,700105312,700113177,63,1566399,25,354891,0,0
Parabacteroides_merdae_56972,700105312,ERR911954,52,1487232,21,336912,10,0
Parabacteroides_merdae_56972,700106170,700106229,60,1531609,6,346678,2,0
Parabacteroides_merdae_56972,700106170,700117172,133,1303779,27,294764,28,0
Parabacteroides_merdae_56972,700106170,ERR912126,149,1255293,28,283889,35,0
Parabacteroides_merdae_56972,700106229,700117172,124,1285162,27,290742,20,0
Parabacteroides_merdae_56972,700106229,ERR912126,140,1237465,30,279951,28,0
Parabacteroides_merdae_56972,700106333,700106836,149,1186550,53,268140,9,1
Parabacteroides_merdae_56972,700106333,700161533,90,1239724,37,280062,6,0
Parabacteroides_merdae_56972,700106333,700163628,100,1363128,32,308258,6,0
Parabacteroides_merdae_56972,700106333,ERR911967,98,1295173,26,292644,15,0
Parabacteroides_merdae_56972,700106836,700163628,170,1121673,52,253429,16,1
Parabacteroides_merdae_56972,700107930,700111439,164,1372253,95,310698,10,0
Parabacteroides_merdae_56972,700107930,700114653,145,1293922,87,292769,5,0
Parabacteroides_merdae_56972,700107930,ERR912065,160,1379942,100,312456,5,0
Parabacteroides_merdae_56972,700107930,ERR912152,164,1265065,86,286473,12,0
Parabacteroides_merdae_56972,700110812,ERR912154,78,1481891,24,333555,0,0
Parabacteroides_merdae_56972,700111223,700113177,61,1565703,22,354812,0,0
Parabacteroides_merdae_56972,700111223,ERR911954,52,1484824,20,336452,7,0
Parabacteroides_merdae_56972,700111439,700114653,47,1441729,11,326215,0,0
Parabacteroides_merdae_56972,700111439,ERR912065,58,1538869,14,348597,2,0
Parabacteroides_merdae_56972,700111439,ERR912152,137,1415308,60,320283,7,0
Parabacteroides_merdae_56972,700113177,700117069,75,1565917,20,354804,0,0
Parabacteroides_merdae_56972,700113177,ERR911954,53,1487425,26,336947,10,0
Parabacteroides_merdae_56972,700113177,ERR911975,70,1566446,15,354912,0,0
Parabacteroides_merdae_56972,700114653,ERR912152,113,1327516,55,300111,6,0
Parabacteroides_merdae_56972,700116148,700171573,181,1286011,96,290448,18,0
Parabacteroides_merdae_56972,700116148,ERR912035,56,1532436,11,347012,0,0
Parabacteroides_merdae_56972,700117031,700117395,81,1524004,28,344860,0,0
Parabacteroides_merdae_56972,700117069,ERR911954,70,1486784,20,336826,10,0
Parabacteroides_merdae_56972,700117172,ERR912126,94,1492541,29,338009,4,0
Parabacteroides_merdae_56972,700161342,700173023,34,1541418,7,349008,0,0
Parabacteroides_merdae_56972,700161533,700163628,120,1263956,28,285433,16,0
Parabacteroides_merdae_56972,700161533,ERR911967,112,1186066,36,267839,17,0
Parabacteroides_merdae_56972,700161945,ERR912138,92,1193865,30,269187,4,0
Parabacteroides_merdae_56972,700163628,ERR911967,105,1306690,29,295076,22,0
Parabacteroides_merdae_56972,700171573,ERR912035,174,1279634,93,288948,18,0
Parabacteroides_merdae_56972,ERR911954,ERR911975,61,1487710,15,337041,10,0
Parabacteroides_merdae_56972,ERR911954,ERR912052,88,1487140,45,336890,8,0
Parabacteroides_merdae_56972,ERR912034,ERR912159,127,1484558,27,335787,6,0
Parabacteroides_merdae_56972,ERR912065,ERR912152,129,1417524,56,320799,11,0
Parabacteroides_merdae_56972,700014386,700023267,354,1564456,139,354302,0,0
Parabacteroides_merdae_56972,700014386,700095058,63,1565766,23,354794,0,0
Parabacteroides_merdae_56972,700014386,ERR912052,103,1567489,45,355146,0,0
Parabacteroides_merdae_56972,700016542,700097234,33,1547835,8,350772,0,0
Parabacteroides_merdae_56972,700016765,700024318,40,1547272,8,350411,0,0
Parabacteroides_merdae_56972,700016765,700117172,24,1555408,6,352311,0,0
Parabacteroides_merdae_56972,700023267,700032133,345,1565602,138,354582,0,0
Parabacteroides_merdae_56972,700023267,700033922,336,1565759,136,354586,0,0
Parabacteroides_merdae_56972,700023267,700038594,355,1565726,132,354584,0,0
Parabacteroides_merdae_56972,700023267,700095058,346,1563935,136,354209,0,0
Parabacteroides_merdae_56972,700023267,700105312,350,1565746,136,354591,0,0
Parabacteroides_merdae_56972,700023267,700111223,352,1563266,132,354117,0,0
Parabacteroides_merdae_56972,700023267,700113177,353,1565799,143,354599,0,0
Parabacteroides_merdae_56972,700023267,700117069,370,1565292,136,354513,0,0
Parabacteroides_merdae_56972,700023267,ERR911975,359,1565858,127,354632,0,0
Parabacteroides_merdae_56972,700023267,ERR912052,391,1565812,158,354609,0,0
Parabacteroides_merdae_56972,700024318,700117172,45,1548310,8,350687,0,0
Parabacteroides_merdae_56972,700024437,ERR912008,33,1440485,16,325943,0,0
Parabacteroides_merdae_56972,700032133,700033922,43,1568423,22,355374,0,0
Parabacteroides_merdae_56972,700032133,700038594,60,1568370,18,355376,0,0
Parabacteroides_merdae_56972,700032133,700095058,50,1566451,20,354967,0,0
Parabacteroides_merdae_56972,700032133,700105312,53,1568425,21,355393,0,0
Parabacteroides_merdae_56972,700032133,700111223,57,1566067,19,354932,0,0
Parabacteroides_merdae_56972,700032133,700117069,72,1568145,22,355342,0,0
Parabacteroides_merdae_56972,700032133,ERR911975,66,1568392,13,355391,0,0
Parabacteroides_merdae_56972,700032133,ERR912052,96,1568333,44,355368,0,0
Parabacteroides_merdae_56972,700033922,700038594,47,1568444,16,355362,0,0
Parabacteroides_merdae_56972,700033922,700095058,45,1566529,20,354958,0,0
Parabacteroides_merdae_56972,700033922,700105312,48,1568494,21,355373,0,0
Parabacteroides_merdae_56972,700033922,700117069,62,1568110,20,355306,0,0
Parabacteroides_merdae_56972,700033922,ERR911975,53,1568512,11,355384,0,0
Parabacteroides_merdae_56972,700033922,ERR912052,83,1568463,40,355361,0,0
Parabacteroides_merdae_56972,700037303,700103477,51,1466125,8,331760,0,0
Parabacteroides_merdae_56972,700037757,700106836,118,1442308,34,326328,0,0
Parabacteroides_merdae_56972,700038594,700095058,62,1566474,16,354963,0,0
Parabacteroides_merdae_56972,700038594,700105312,67,1568451,17,355382,0,0
Parabacteroides_merdae_56972,700038594,700111223,63,1566046,13,354921,0,0
Parabacteroides_merdae_56972,700038594,700117069,79,1568056,16,355311,0,0
Parabacteroides_merdae_56972,700038594,ERR911975,72,1568402,7,355378,0,0
Parabacteroides_merdae_56972,700038594,ERR912052,102,1568351,38,355352,0,0
Parabacteroides_merdae_56972,700095058,700105312,55,1566601,19,354988,0,0
Parabacteroides_merdae_56972,700095058,700111223,61,1564106,17,354500,0,0
Parabacteroides_merdae_56972,700095058,700117069,77,1566138,20,354900,0,0
Parabacteroides_merdae_56972,700095058,ERR911975,68,1567254,11,355141,0,0
Parabacteroides_merdae_56972,700095058,ERR912052,100,1567168,42,355110,0,0
Parabacteroides_merdae_56972,700105312,700111223,64,1566039,18,354916,0,0
Parabacteroides_merdae_56972,700105312,700117069,80,1568106,21,355325,0,0
Parabacteroides_merdae_56972,700105312,ERR911975,71,1568559,12,355413,0,0
Parabacteroides_merdae_56972,700105312,ERR912052,101,1568519,43,355390,0,0
Parabacteroides_merdae_56972,700111223,700117069,76,1565802,17,354874,0,0
Parabacteroides_merdae_56972,700111223,ERR911975,71,1565984,8,354912,0,0
Parabacteroides_merdae_56972,700111223,ERR912052,99,1565940,39,354890,0,0
Parabacteroides_merdae_56972,700113177,ERR912052,98,1568633,47,355407,0,0
Parabacteroides_merdae_56972,700113975,700172555,3,1557601,1,352899,0,0
Parabacteroides_merdae_56972,700113975,ERR911971,85,1554007,18,352104,0,0
Parabacteroides_merdae_56972,700113975,ERR912020,75,1558037,17,352991,0,0
Parabacteroides_merdae_56972,700114653,ERR912065,39,1444541,13,326972,0,0
Parabacteroides_merdae_56972,700117069,ERR911975,86,1568061,11,355320,0,0
Parabacteroides_merdae_56972,700117069,ERR912052,114,1568011,41,355298,0,0
Parabacteroides_merdae_56972,700119165,ERR912077,45,1468756,23,332871,0,0
Parabacteroides_merdae_56972,700172555,ERR911971,83,1553363,18,351938,0,0
Parabacteroides_merdae_56972,700172555,ERR912020,74,1557472,17,352862,0,0
Parabacteroides_merdae_56972,ERR911971,ERR912020,88,1555137,25,352347,0,0
Parabacteroides_merdae_56972,ERR911975,ERR912052,108,1569542,33,355633,0,0
Parabacteroides_merdae_56972,ERR912031,ERR912127,77,1544218,22,349816,0,0
Phascolarctobacterium_sp_59817,700013715,700097906,59,1087239,15,255148,3,0
Phascolarctobacterium_sp_59817,700014724,700172498,99,1078500,27,252937,0,0
Phascolarctobacterium_sp_59817,700015113,700033989,110,795843,80,186511,9,1
Phascolarctobacterium_sp_59817,700015250,700105882,90,1047480,25,245668,0,0
Phascolarctobacterium_sp_59817,700015250,700117625,77,990557,16,232221,6,0
Phascolarctobacterium_sp_59817,700015250,700161742,76,1052683,26,246719,0,0
Phascolarctobacterium_sp_59817,700015250,700175181,160,1043432,43,244820,3,0
Phascolarctobacterium_sp_59817,700015250,ERR912021,74,1059425,24,248398,3,0
Phascolarctobacterium_sp_59817,700015250,SRR413616,75,978686,35,229921,2,0
Phascolarctobacterium_sp_59817,700015250,SRR413617,51,826946,11,192930,3,0
Phascolarctobacterium_sp_59817,700015702,ERR911976,89,1044621,58,245164,0,0
Phascolarctobacterium_sp_59817,700016716,700165407,170,927295,44,217352,11,0
Phascolarctobacterium_sp_59817,700021876,700173176,131,1084021,36,254266,0,0
Phascolarctobacterium_sp_59817,700105882,700117625,87,1015709,16,238567,2,0
Phascolarctobacterium_sp_59817,700105882,700161742,61,1073749,13,251999,0,0
Phascolarctobacterium_sp_59817,700105882,700175181,169,1058560,45,248637,0,0
Phascolarctobacterium_sp_59817,700105882,ERR912021,88,1071882,25,251670,0,0
Phascolarctobacterium_sp_59817,700105882,SRR413616,76,1022067,43,240309,2,0
Phascolarctobacterium_sp_59817,700105882,SRR413617,74,807525,16,188382,0,0
Phascolarctobacterium_sp_59817,700117625,700161742,81,1015204,18,238201,5,0
Phascolarctobacterium_sp_59817,700117625,700175181,149,1001400,46,235217,3,0
Phascolarctobacterium_sp_59817,700117625,ERR912021,82,1016338,26,238536,2,0
Phascolarctobacterium_sp_59817,700117625,SRR413616,81,950355,31,223543,4,0
Phascolarctobacterium_sp_59817,700117625,SRR413617,77,772564,16,179961,7,0
Phascolarctobacterium_sp_59817,700161742,700175181,152,1056235,47,247955,0,0
Phascolarctobacterium_sp_59817,700161742,ERR912021,80,1075407,27,252344,0,0
Phascolarctobacterium_sp_59817,700161742,SRR413616,54,1015740,23,238847,2,0
Phascolarctobacterium_sp_59817,700161742,SRR413617,64,812116,15,189350,0,0
Phascolarctobacterium_sp_59817,700163699,700165311,79,1075161,35,252168,0,0
Phascolarctobacterium_sp_59817,700165634,ERR912016,87,1076889,19,252219,0,0
Phascolarctobacterium_sp_59817,700165634,ERR912137,62,1077992,14,252482,0,0
Phascolarctobacterium_sp_59817,700175181,ERR912021,163,1069468,51,251176,0,0
Phascolarctobacterium_sp_59817,700175181,SRR413616,153,995239,58,234195,2,0
Phascolarctobacterium_sp_59817,700175181,SRR413617,126,807298,35,188468,0,0
Phascolarctobacterium_sp_59817,ERR912016,ERR912137,68,1088110,13,255383,0,0
Phascolarctobacterium_sp_59817,SRR413577,SRR413646,62,698370,46,164892,14,2
Phascolarctobacterium_sp_59817,SRR413616,ERR912021,79,1008388,40,237219,2,0
Phascolarctobacterium_sp_59817,SRR413616,SRR413617,64,841475,29,195944,5,0
Phascolarctobacterium_sp_59817,SRR413617,ERR912021,67,824113,15,192249,0,0
Phascolarctobacterium_sp_59817,700014724,SRR413607,95,1086055,29,254946,0,0
Phascolarctobacterium_sp_59817,700016000,700024437,73,1090919,16,256160,0,0
Phascolarctobacterium_sp_59817,700016000,700035237,63,1091150,19,256273,0,0
Phascolarctobacterium_sp_59817,700016000,700116828,71,1084482,20,254106,0,0
Phascolarctobacterium_sp_59817,700024437,700035237,72,1092190,19,256346,0,0
Phascolarctobacterium_sp_59817,700024437,700116828,81,1085682,20,254216,0,0
Phascolarctobacterium_sp_59817,700035237,700116828,66,1085727,21,254289,0,0
Phascolarctobacterium_sp_59817,700172498,SRR413607,50,1087143,21,255275,0,0
Phascolarctobacterium_sp_59817,ERR912064,ERR912075,16,1089641,7,255866,0,0
Ruminococcus_bicirculans_59300,700013693,700033665,129,1123944,16,236342,19,0
Ruminococcus_bicirculans_59300,700013693,700117172,135,1125579,19,236509,16,0
Ruminococcus_bicirculans_59300,700013693,700161429,129,1075834,23,225953,8,0
Ruminococcus_bicirculans_59300,700015415,700038761,161,1113803,32,233426,7,0
Ruminococcus_bicirculans_59300,700021361,700167107,139,1016216,23,213126,32,0
Ruminococcus_bicirculans_59300,700023788,700105049,83,1108063,28,232422,13,0
Ruminococcus_bicirculans_59300,700023788,700171916,96,1085452,24,227774,19,0
Ruminococcus_bicirculans_59300,700033665,700117172,88,1160385,12,243946,2,0
Ruminococcus_bicirculans_59300,700033665,700161429,103,1103097,17,231824,7,0
Ruminococcus_bicirculans_59300,700105049,700171916,68,1136016,21,238600,10,0
Ruminococcus_bicirculans_59300,700105940,700106198,166,1088778,30,228751,42,0
Ruminococcus_bicirculans_59300,700117172,700161429,110,1103410,16,231722,4,0
Ruminococcus_bicirculans_59300,700171441,700172346,103,1044519,15,218573,23,0
Ruminococcus_bicirculans_59300,ERR912002,mickey4-11-0-0_,111,1030251,21,216227,24,0
Ruminococcus_bromii_62047,700015181,700015250,23,894588,9,184210,0,0
Ruminococcus_bromii_62047,700015181,700033435,31,888384,9,182899,0,0
Ruminococcus_bromii_62047,700015181,700037123,39,900342,7,185366,2,0
Ruminococcus_bromii_62047,700015181,700038761,27,891361,10,183243,2,0
Ruminococcus_bromii_62047,700015181,700112433,36,869340,8,178833,2,0
Ruminococcus_bromii_62047,700015181,700161967,34,877247,9,180411,0,0
Ruminococcus_bromii_62047,700015181,700164792,43,901601,7,185583,0,0
Ruminococcus_bromii_62047,700015181,700173023,39,905724,11,186512,2,0
Ruminococcus_bromii_62047,700015250,700024086,39,897683,10,184715,0,0
Ruminococcus_bromii_62047,700015250,700033435,26,877244,9,180464,0,0
Ruminococcus_bromii_62047,700015250,700037123,32,889230,8,182947,2,0
Ruminococcus_bromii_62047,700015250,700038761,24,880368,10,180844,2,0
Ruminococcus_bromii_62047,700015250,700112433,37,858280,9,176405,2,0
Ruminococcus_bromii_62047,700015250,700161967,30,865491,10,177896,0,0
Ruminococcus_bromii_62047,700015250,700164792,41,889577,10,183004,0,0
Ruminococcus_bromii_62047,700015250,700173023,35,895539,12,184296,2,0
Ruminococcus_bromii_62047,700016765,ERR912024,70,759901,4,156321,26,0
Ruminococcus_bromii_62047,700021824,700165778,42,888266,4,182553,17,0
Ruminococcus_bromii_62047,700023509,700106836,82,725423,16,149286,19,0
Ruminococcus_bromii_62047,700023845,700035861,53,839058,16,172752,23,0
Ruminococcus_bromii_62047,700023845,700037303,46,860012,11,176548,8,0
Ruminococcus_bromii_62047,700023845,700106065,44,859101,13,176500,6,0
Ruminococcus_bromii_62047,700024086,700033435,39,891486,6,183390,0,0
Ruminococcus_bromii_62047,700024086,700037123,47,903652,4,185915,2,0
Ruminococcus_bromii_62047,700024086,700038761,37,894572,7,183782,2,0
Ruminococcus_bromii_62047,700024086,700112433,45,872388,2,179305,2,0
Ruminococcus_bromii_62047,700024086,700161967,43,879739,5,180833,0,0
Ruminococcus_bromii_62047,700024086,700164792,48,904702,4,186081,0,0
Ruminococcus_bromii_62047,700024086,700173023,47,908673,5,186986,2,0
Ruminococcus_bromii_62047,700024318,ERR912074,76,731254,14,150521,15,0
Ruminococcus_bromii_62047,700033435,700037123,30,882791,4,181559,2,0
Ruminococcus_bromii_62047,700033435,700038761,21,874743,6,179694,2,0
Ruminococcus_bromii_62047,700033435,700112433,34,851958,3,175077,2,0
Ruminococcus_bromii_62047,700033435,700161967,25,859747,5,176662,0,0
Ruminococcus_bromii_62047,700033435,700164792,37,885285,5,182033,0,0
Ruminococcus_bromii_62047,700033435,700173023,30,887646,4,182624,2,0
Ruminococcus_bromii_62047,700035861,700037303,62,836214,14,172160,25,0
Ruminococcus_bromii_62047,700035861,700106065,60,833474,12,171611,24,0
Ruminococcus_bromii_62047,700037123,700038761,31,888685,5,182514,4,0
Ruminococcus_bromii_62047,700037123,700112433,39,864254,3,177609,4,0
Ruminococcus_bromii_62047,700037123,700161967,31,871435,4,179098,2,0
Ruminococcus_bromii_62047,700037123,700164792,44,896633,3,184408,2,0
Ruminococcus_bromii_62047,700037123,700173023,36,900383,3,185286,4,0
Ruminococcus_bromii_62047,700037303,700106065,51,854559,8,175523,12,0
Ruminococcus_bromii_62047,700038761,700112433,34,854193,6,175276,4,0
Ruminococcus_bromii_62047,700038761,700161967,24,862385,6,176953,4,0
Ruminococcus_bromii_62047,700038761,700164792,37,887554,6,182269,2,0
Ruminococcus_bromii_62047,700038761,700173023,31,891177,6,183091,4,0
Ruminococcus_bromii_62047,700112433,700161967,34,850663,6,174735,2,0
Ruminococcus_bromii_62047,700112433,700164792,44,867156,4,178224,2,0
Ruminococcus_bromii_62047,700112433,700173023,35,868922,4,178628,2,0
Ruminococcus_bromii_62047,700114082,700163458,47,830734,6,170766,15,0
Ruminococcus_bromii_62047,700114082,700171648,53,758241,7,155518,15,0
Ruminococcus_bromii_62047,700123562,700163699,70,771368,13,158285,8,0
Ruminococcus_bromii_62047,700161967,700164792,37,872944,4,179375,0,0
Ruminococcus_bromii_62047,700161967,700173023,32,876583,5,180203,2,0
Ruminococcus_bromii_62047,700163458,700171648,53,764910,6,157036,11,0
Ruminococcus_bromii_62047,700164792,700173023,41,901751,3,185528,2,0
Ruminococcus_bromii_62047,ERR911953,ERR912083,92,758401,9,156172,34,0
Ruminococcus_bromii_62047,ERR911964,ERR912033,41,862881,5,177329,3,0
Ruminococcus_bromii_62047,ERR911964,ERR912183,32,875662,4,180018,4,0
Ruminococcus_bromii_62047,ERR911974,ERR912050,37,845214,9,173872,8,0
Ruminococcus_bromii_62047,ERR911992,ERR912145,95,744928,16,152897,21,1
Ruminococcus_bromii_62047,ERR911992,ERR912175,94,776105,20,159144,21,0
Ruminococcus_bromii_62047,ERR912014,ERR912057,18,658093,5,135441,0,0
Ruminococcus_bromii_62047,ERR912019,ERR912166,51,781953,4,160673,18,0
Ruminococcus_bromii_62047,ERR912028,ERR912104,65,837362,12,172357,11,0
Ruminococcus_bromii_62047,ERR912033,ERR912183,33,865522,5,177857,0,0
Ruminococcus_bromii_62047,ERR912064,ERR912164,56,771085,4,158892,16,0
Ruminococcus_bromii_62047,SRR413587,SRR413617,54,713858,14,146659,11,0
Ruminococcus_bromii_62047,700015181,700024086,44,908770,9,187135,0,0
