species_name,sample 1,sample 2,pair_class,core_diff,core_len,core_len_4D,core_len_1D,core_diff_4D,core_diff_1D,event_count,dedup_event_count,clonal_divergence,clonal_fraction,clonal_n,clonal_m,clonal_nn,clonal_mut_n,clonal_mut_m,clonal_mut_nn
snv_table,GCF_000012825.1,GCF_002959625.1,close_no_recombination,0,2055246,287267,1335685,0,0,0,0,0.0,1.0000104432461787,205440,3794733,6882,0,0,0
snv_table,GCF_000012825.1,GCF_016766915.1,close_no_recombination,0,2056177,287415,1336299,0,0,0,0,0.0,1.0000173964476453,205525,3796484,6888,0,0,0
snv_table,GCF_000012825.1,GCF_047777885.1,close_no_recombination,0,2056162,287413,1336289,0,0,0,0,0.0,1.0000243551961812,205525,3796454,6888,0,0,0
snv_table,GCF_002959625.1,GCF_016766915.1,close_no_recombination,0,2055246,287267,1335685,0,0,0,0,0.0,1.0000104432461787,205440,3794733,6882,0,0,0
snv_table,GCF_002959625.1,GCF_047777885.1,close_no_recombination,0,2055231,287265,1335675,0,0,0,0,0.0,1.0000174055314779,205440,3794703,6882,0,0,0
snv_table,GCF_003437875.1,GCF_003469525.1,close_no_recombination,49,2029869,283958,1319339,11,24,0,0,3.8732394366197184e-05,1.0000070432951351,202899,3748536,6582,0,24,0
snv_table,GCF_003437875.1,GCF_021891215.1,close_no_recombination,40,2030316,284017,1319617,8,24,0,0,2.8070175438596492e-05,1.0000105627480045,202939,3749330,6582,0,24,0
snv_table,GCF_003438765.1,GCF_003438835.1,close_no_recombination,6,2042338,285592,1327338,1,2,0,0,3.496503496503497e-06,1.0000280119891314,204024,3771366,6624,1,1,0
snv_table,GCF_003459715.1,GCF_003466785.1,close_no_recombination,35,2034860,284572,1322488,6,26,0,0,1.4035087719298246e-05,1.0000281123933485,203359,3757490,6615,2,24,0
snv_table,GCF_003459715.1,GCF_027660715.1,close_no_recombination,41,2034910,284579,1322521,4,32,0,0,1.4035087719298246e-05,1.000003513962731,203361,3757587,6615,0,32,0
snv_table,GCF_003466785.1,GCF_027660715.1,close_no_recombination,40,2034875,284572,1322499,8,28,0,0,2.105263157894737e-05,1.0000281123933485,203362,3757520,6615,2,26,0
snv_table,GCF_003467565.1,GCF_021891295.1,close_no_recombination,52,2038106,284953,1324539,11,27,0,0,3.508771929824561e-05,1.000024565454654,203785,3763136,6696,1,26,0
snv_table,GCF_003469525.1,GCF_021891215.1,close_no_recombination,56,2030255,284023,1319597,11,29,0,0,3.859649122807018e-05,1.0000246458913538,202926,3749280,6585,0,29,0
snv_table,GCF_004167625.1,GCF_012976745.1,close_no_recombination,36,2048103,286373,1331095,2,23,0,0,6.968641114982578e-06,1.000024443645176,204743,3781903,6639,2,21,0
snv_table,GCF_004167625.1,GCF_040922045.1,close_no_recombination,44,2042108,285524,1327151,3,30,0,0,1.048951048951049e-05,1.000021013995321,204148,3770678,6627,2,28,0
snv_table,GCF_004167625.1,GCF_040922065.1,close_no_recombination,44,2042299,285517,1327309,1,31,0,0,3.496503496503497e-06,1.0000105072552599,204156,3771138,6633,2,29,0
snv_table,GCF_012976745.1,GCF_040922045.1,close_no_recombination,35,2042411,285562,1327343,5,21,0,0,1.7482517482517483e-05,1.0000280149319587,204177,3771225,6627,0,21,0
snv_table,GCF_012976745.1,GCF_040922065.1,close_no_recombination,34,2042691,285572,1327561,3,22,0,0,1.048951048951049e-05,1.0000280139509476,204186,3771864,6633,0,22,0
snv_table,GCF_015553265.1,GCF_028201255.1,close_no_recombination,4,2012499,281591,1307884,1,3,0,0,3.546099290780142e-06,1.0000319612487616,201052,3716036,6564,1,2,0
snv_table,GCF_015555055.1,GCF_028395165.1,close_no_recombination,10,2046935,286182,1330325,6,1,0,0,2.0905923344947736e-05,1.000027954238911,204657,3779679,6639,0,1,0
snv_table,GCF_015555055.1,GCF_028395175.1,close_no_recombination,7,2048959,286480,1331639,4,0,0,0,1.3937282229965156e-05,1.0,204838,3783419,6660,0,0,0
snv_table,GCF_015555055.1,GCF_028395205.1,close_no_recombination,8,2048685,286442,1331465,4,0,0,0,1.3937282229965156e-05,1.0000279288651803,204809,3782932,6654,0,0,0
snv_table,GCF_015555645.1,GCF_028396205.1,close_no_recombination,5,2045622,286005,1329433,0,2,0,0,0.0,1.0000174822118495,204507,3777027,6765,0,2,0
snv_table,GCF_015555645.1,GCF_028396285.1,close_no_recombination,0,2046078,286070,1329727,0,0,0,0,0.0,1.0,204542,3777874,6765,0,0,0
snv_table,GCF_015557505.1,GCF_028201145.1,close_no_recombination,0,2026496,283367,1317201,0,0,0,0,0.0,1.0000105869773122,202598,3742459,6546,0,0,0
snv_table,GCF_015667615.1,GCF_028200875.1,close_no_recombination,9,2032377,284247,1320797,2,5,0,0,7.017543859649123e-06,1.0000105542010997,202958,3752854,6579,0,5,0
snv_table,GCF_015667615.1,GCF_028200955.1,close_no_recombination,3,2032351,284242,1320778,1,0,0,0,3.5087719298245615e-06,1.0000281450313466,202956,3752799,6579,0,0,0
snv_table,GCF_015667615.1,GCF_028201015.1,close_no_recombination,9,2032368,284246,1320792,1,5,0,0,3.5087719298245615e-06,1.0000140723176403,202957,3752840,6579,0,5,0
snv_table,GCF_015667615.1,GCF_028395295.1,close_no_recombination,9,2032073,284203,1320605,1,6,0,0,3.5087719298245615e-06,1.000024630281876,202936,3752300,6579,0,6,0
snv_table,GCF_015667615.1,GCF_028395405.1,close_no_recombination,14,2032232,284233,1320705,1,10,0,0,3.5087719298245615e-06,1.0000246276822184,202939,3752597,6579,0,10,0
snv_table,GCF_015667615.1,GCF_028395425.1,close_no_recombination,8,2031957,284183,1320527,1,5,0,0,3.5087719298245615e-06,1.000024632015286,202922,3752080,6579,0,5,0
snv_table,GCF_015667615.1,GCF_028395455.1,close_no_recombination,3,2032047,284198,1320586,1,2,0,0,3.5087719298245615e-06,1.0000070373472016,202934,3752245,6579,0,2,0
snv_table,GCF_015667615.1,GCF_028395505.1,close_no_recombination,7,2032377,284247,1320797,1,5,0,0,3.5087719298245615e-06,1.0000105542010997,202958,3752854,6579,0,5,0
snv_table,GCF_015667615.1,GCF_028395525.1,close_no_recombination,9,2032018,284193,1320569,1,5,0,0,3.5087719298245615e-06,1.0000246311485506,202926,3752202,6579,0,5,0
snv_table,GCF_015667615.1,GCF_028395605.1,close_no_recombination,11,2032197,284215,1320679,2,7,0,0,7.017543859649123e-06,1.0000175923156764,202947,3752511,6579,0,7,0
snv_table,GCF_015667615.1,GCF_028395635.1,close_no_recombination,2,2032013,284195,1320568,1,1,0,0,3.5087719298245615e-06,1.0000175935537219,202930,3752195,6579,0,1,0
snv_table,GCF_015667825.1,GCF_028199695.1,close_no_recombination,32,2037818,285030,1324459,11,9,0,0,3.846153846153846e-05,1.0,203686,3763073,6618,0,9,0
snv_table,GCF_015668525.1,GCF_028396215.1,close_no_recombination,0,2033363,284259,1321589,0,0,0,0,0.0,1.000003517918518,203302,3754898,6567,0,0,0
snv_table,GCF_016766915.1,GCF_047777885.1,close_no_recombination,0,2056162,287413,1336289,0,0,0,0,0.0,1.0000243551961812,205525,3796454,6888,0,0,0
snv_table,GCF_019041415.1,GCF_019041435.1,close_no_recombination,5,2050289,286609,1332479,1,4,0,0,3.484320557491289e-06,1.0000034890739649,204981,3785724,6732,0,4,0
snv_table,GCF_019041415.1,GCF_019041515.1,close_no_recombination,5,2049485,286491,1331966,0,4,0,0,0.0,1.0000314145994116,204910,3784256,6732,0,4,0
snv_table,GCF_019041415.1,GCF_019041605.1,close_no_recombination,8,2050289,286609,1332479,2,3,0,0,3.484320557491289e-06,1.0000034890739649,204981,3785724,6732,0,3,0
snv_table,GCF_019041415.1,GCF_019041715.1,close_no_recombination,7,2050289,286609,1332479,0,4,0,0,0.0,1.0000034890739649,204981,3785724,6732,0,4,0
snv_table,GCF_019041415.1,GCF_019041755.1,close_no_recombination,18,2049474,286491,1331960,4,9,0,0,1.0452961672473868e-05,1.0000314145994116,204908,3784243,6729,0,9,0
snv_table,GCF_019041415.1,GCF_019041765.1,close_no_recombination,6,2050289,286609,1332479,0,4,0,0,0.0,1.0000034890739649,204981,3785724,6732,0,4,0
snv_table,GCF_019041415.1,GCF_019041815.1,close_no_recombination,8,2049485,286491,1331966,3,4,0,0,6.968641114982578e-06,1.0000314145994116,204910,3784256,6732,0,4,0
snv_table,GCF_019041415.1,GCF_019041855.1,close_no_recombination,6,2050228,286600,1332437,0,6,0,0,0.0,1.0,204975,3785604,6732,0,6,0
snv_table,GCF_019041435.1,GCF_019041515.1,close_no_recombination,5,2049485,286491,1331966,0,4,0,0,0.0,1.0000314145994116,204910,3784256,6732,0,4,0
snv_table,GCF_019041435.1,GCF_019041715.1,close_no_recombination,8,2050289,286609,1332479,1,4,0,0,3.484320557491289e-06,1.0000034890739649,204981,3785724,6732,0,4,0
snv_table,GCF_019041435.1,GCF_019041755.1,close_no_recombination,22,2049474,286491,1331960,4,13,0,0,1.0452961672473868e-05,1.0000314145994116,204908,3784243,6729,0,13,0
snv_table,GCF_019041435.1,GCF_019041765.1,close_no_recombination,7,2050289,286609,1332479,1,4,0,0,3.484320557491289e-06,1.0000034890739649,204981,3785724,6732,0,4,0
snv_table,GCF_019041435.1,GCF_019041815.1,close_no_recombination,10,2049485,286491,1331966,3,6,0,0,6.968641114982578e-06,1.0000314145994116,204910,3784256,6732,0,6,0
snv_table,GCF_019041435.1,GCF_019041855.1,close_no_recombination,7,2050228,286600,1332437,1,6,0,0,3.484320557491289e-06,1.0,204975,3785604,6732,0,6,0
snv_table,GCF_019041515.1,GCF_019041605.1,close_no_recombination,6,2049485,286491,1331966,2,3,0,0,3.484320557491289e-06,1.0000314145994116,204910,3784256,6732,0,3,0
snv_table,GCF_019041515.1,GCF_019041655.1,close_no_recombination,12,2049299,286472,1331853,2,8,0,0,3.484320557491289e-06,1.0000279259404061,204889,3783938,6732,0,8,0
snv_table,GCF_019041515.1,GCF_019041715.1,close_no_recombination,1,2049485,286491,1331966,0,0,0,0,0.0,1.0000314145994116,204910,3784256,6732,0,0,0
snv_table,GCF_019041515.1,GCF_019041755.1,close_no_recombination,19,2049474,286491,1331960,4,11,0,0,1.0452961672473868e-05,1.0000314145994116,204908,3784243,6729,0,11,0
snv_table,GCF_019041515.1,GCF_019041765.1,close_no_recombination,6,2049485,286491,1331966,0,4,0,0,0.0,1.0000314145994116,204910,3784256,6732,0,4,0
snv_table,GCF_019041515.1,GCF_019041815.1,close_no_recombination,11,2049485,286491,1331966,3,6,0,0,6.968641114982578e-06,1.0000314145994116,204910,3784256,6732,0,6,0
snv_table,GCF_019041515.1,GCF_019041855.1,close_no_recombination,4,2049424,286482,1331924,0,3,0,0,0.0,1.0000279249656174,204904,3784136,6732,0,3,0
snv_table,GCF_019041605.1,GCF_019041715.1,close_no_recombination,7,2050289,286609,1332479,2,3,0,0,3.484320557491289e-06,1.0000034890739649,204981,3785724,6732,0,3,0
snv_table,GCF_019041605.1,GCF_019041755.1,close_no_recombination,15,2049474,286491,1331960,2,10,0,0,6.968641114982578e-06,1.0000314145994116,204908,3784243,6729,0,10,0
snv_table,GCF_019041605.1,GCF_019041765.1,close_no_recombination,10,2050289,286609,1332479,2,5,0,0,3.484320557491289e-06,1.0000034890739649,204981,3785724,6732,0,5,0
snv_table,GCF_019041605.1,GCF_019041815.1,close_no_recombination,9,2049485,286491,1331966,1,7,0,0,3.484320557491289e-06,1.0000314145994116,204910,3784256,6732,0,7,0
snv_table,GCF_019041605.1,GCF_019041855.1,close_no_recombination,14,2050228,286600,1332437,2,9,0,0,3.484320557491289e-06,1.0,204975,3785604,6732,0,9,0
snv_table,GCF_019041655.1,GCF_019041755.1,close_no_recombination,15,2049349,286482,1331886,2,11,0,0,6.968641114982578e-06,1.0000279249656174,204894,3784035,6729,0,11,0
snv_table,GCF_019041655.1,GCF_019041815.1,close_no_recombination,13,2049299,286472,1331853,1,10,0,0,3.484320557491289e-06,1.0000279259404061,204889,3783938,6732,0,10,0
snv_table,GCF_019041715.1,GCF_019041755.1,close_no_recombination,20,2049474,286491,1331960,4,11,0,0,1.0452961672473868e-05,1.0000314145994116,204908,3784243,6729,0,11,0
snv_table,GCF_019041715.1,GCF_019041765.1,close_no_recombination,7,2050289,286609,1332479,0,4,0,0,0.0,1.0000034890739649,204981,3785724,6732,0,4,0
snv_table,GCF_019041715.1,GCF_019041815.1,close_no_recombination,12,2049485,286491,1331966,3,6,0,0,6.968641114982578e-06,1.0000314145994116,204910,3784256,6732,0,6,0
snv_table,GCF_019041715.1,GCF_019041855.1,close_no_recombination,9,2050228,286600,1332437,0,6,0,0,0.0,1.0,204975,3785604,6732,0,6,0
snv_table,GCF_019041755.1,GCF_019041765.1,close_no_recombination,21,2049474,286491,1331960,4,11,0,0,1.0452961672473868e-05,1.0000314145994116,204908,3784243,6729,0,11,0
snv_table,GCF_019041755.1,GCF_019041815.1,close_no_recombination,18,2049474,286491,1331960,3,11,0,0,1.0452961672473868e-05,1.0000314145994116,204908,3784243,6729,0,11,0
snv_table,GCF_019041755.1,GCF_019041855.1,close_no_recombination,19,2049413,286482,1331918,4,10,0,0,1.0452961672473868e-05,1.0000279249656174,204902,3784123,6729,0,10,0
snv_table,GCF_019041765.1,GCF_019041815.1,close_no_recombination,9,2049635,286511,1332065,3,4,0,0,6.968641114982578e-06,1.0000314124065044,204924,3784536,6735,0,4,0
snv_table,GCF_019041765.1,GCF_019041855.1,close_no_recombination,6,2050228,286600,1332437,0,4,0,0,0.0,1.0,204975,3785604,6732,0,4,0
snv_table,GCF_019041815.1,GCF_019041855.1,close_no_recombination,7,2049424,286482,1331924,3,3,0,0,6.968641114982578e-06,1.0000279249656174,204904,3784136,6732,0,3,0
snv_table,GCF_019127815.1,GCF_019127895.1,close_no_recombination,14,2048369,286369,1331233,1,10,0,0,3.484320557491289e-06,1.0000034919980865,204724,3782261,6714,1,9,0
snv_table,GCF_019128075.1,GCF_019128415.1,close_no_recombination,3,2046365,286210,1330011,1,2,0,0,3.484320557491289e-06,1.0,204475,3778955,6603,0,2,0
snv_table,GCF_019128215.1,GCF_019128325.1,close_no_recombination,24,2047716,286384,1330888,6,16,0,0,1.7421602787456446e-05,1.0000209508911113,204636,3781374,6654,1,15,0
snv_table,GCF_019128215.1,GCF_019128615.1,close_no_recombination,20,2047652,286377,1330845,4,15,0,0,1.0452961672473868e-05,1.0000104757016102,204631,3781250,6654,1,14,0
snv_table,GCF_019128215.1,GCF_019128655.1,close_no_recombination,8,2046801,286259,1330286,4,3,0,0,6.968641114982578e-06,1.0000034933399473,204549,3779658,6651,0,3,0
snv_table,GCF_019128215.1,GCF_019128665.1,close_no_recombination,9,2047723,286384,1330893,4,4,0,0,1.0452961672473868e-05,1.0000209508911113,204637,3781388,6654,0,4,0
snv_table,GCF_019128215.1,GCF_019128745.1,close_no_recombination,4,2046809,286259,1330291,2,2,0,0,3.484320557491289e-06,1.0000034933399473,204550,3779672,6651,0,2,0
snv_table,GCF_019128215.1,GCF_019128755.1,close_no_recombination,9,2046809,286259,1330291,5,3,0,0,1.0452961672473868e-05,1.0000034933399473,204550,3779672,6651,0,3,0
snv_table,GCF_019128215.1,GCF_019128815.1,close_no_recombination,10,2046809,286259,1330291,5,3,0,0,1.0452961672473868e-05,1.0000034933399473,204550,3779672,6651,0,3,0
snv_table,GCF_019128215.1,GCF_040911985.1,close_no_recombination,54,2045293,286044,1329324,4,41,0,0,1.0452961672473868e-05,1.0000209757939338,204408,3776922,6642,1,40,0
snv_table,GCF_019128325.1,GCF_019128655.1,close_no_recombination,16,2046801,286259,1330286,2,13,0,0,6.968641114982578e-06,1.0000034933399473,204549,3779658,6651,1,12,0
snv_table,GCF_019128325.1,GCF_019128665.1,close_no_recombination,19,2048450,286491,1331359,2,15,0,0,6.968641114982578e-06,1.0000314145994116,204701,3782722,6654,1,14,0
snv_table,GCF_019128325.1,GCF_019128745.1,close_no_recombination,20,2046801,286259,1330286,4,14,0,0,1.0452961672473868e-05,1.0000034933399473,204549,3779658,6651,1,13,0
snv_table,GCF_019128325.1,GCF_019128755.1,close_no_recombination,17,2047536,286366,1330757,3,13,0,0,1.0452961672473868e-05,1.0000139681386757,204614,3781006,6651,1,12,0
snv_table,GCF_019128325.1,GCF_019128815.1,close_no_recombination,18,2046801,286259,1330286,3,13,0,0,1.0452961672473868e-05,1.0000034933399473,204549,3779658,6651,1,12,0
snv_table,GCF_019128325.1,GCF_040911985.1,close_no_recombination,46,2046021,286151,1329791,4,33,0,0,1.3937282229965156e-05,1.0000314519257316,204472,3778259,6642,0,33,0
snv_table,GCF_019128615.1,GCF_019128655.1,close_no_recombination,20,2046737,286252,1330243,4,14,0,0,1.0452961672473868e-05,1.0000279474029876,204544,3779534,6651,1,13,0
snv_table,GCF_019128615.1,GCF_019128665.1,close_no_recombination,21,2047651,286377,1330845,4,15,0,0,1.3937282229965156e-05,1.0000104757016102,204631,3781250,6654,1,14,0
snv_table,GCF_019128615.1,GCF_019128745.1,close_no_recombination,16,2046737,286252,1330243,2,13,0,0,6.968641114982578e-06,1.0000279474029876,204544,3779534,6651,1,12,0
snv_table,GCF_019128615.1,GCF_019128755.1,close_no_recombination,21,2046737,286252,1330243,5,14,0,0,1.3937282229965156e-05,1.0000279474029876,204544,3779534,6651,1,13,0
snv_table,GCF_019128615.1,GCF_019128815.1,close_no_recombination,22,2046737,286252,1330243,5,14,0,0,1.3937282229965156e-05,1.0000279474029876,204544,3779534,6651,1,13,0
snv_table,GCF_019128615.1,GCF_040911985.1,close_no_recombination,42,2045222,286037,1329277,2,32,0,0,6.968641114982578e-06,1.0000104881536305,204402,3776787,6642,0,32,0
snv_table,GCF_019128655.1,GCF_019128665.1,close_no_recombination,1,2046800,286259,1330286,0,1,0,0,0.0,1.0000034933399473,204549,3779658,6651,0,1,0
snv_table,GCF_019128655.1,GCF_019128745.1,close_no_recombination,4,2046801,286259,1330286,2,1,0,0,3.484320557491289e-06,1.0000034933399473,204549,3779658,6651,0,1,0
snv_table,GCF_019128655.1,GCF_019128755.1,close_no_recombination,1,2046801,286259,1330286,1,0,0,0,3.484320557491289e-06,1.0000034933399473,204549,3779658,6651,0,0,0
snv_table,GCF_019128655.1,GCF_019128815.1,close_no_recombination,2,2046801,286259,1330286,1,0,0,0,3.484320557491289e-06,1.0000034933399473,204549,3779658,6651,0,0,0
snv_table,GCF_019128655.1,GCF_040911985.1,close_no_recombination,54,2044370,285919,1328717,4,40,0,0,1.048951048951049e-05,1.0000034974940455,204320,3775192,6639,1,39,0
snv_table,GCF_019128665.1,GCF_019128745.1,close_no_recombination,5,2046808,286259,1330291,2,2,0,0,3.484320557491289e-06,1.0000034933399473,204550,3779672,6651,0,2,0
snv_table,GCF_019128665.1,GCF_019128755.1,close_no_recombination,4,2047810,286402,1330934,1,2,0,0,3.484320557491289e-06,1.0000279327658326,204634,3781517,6651,0,2,0
snv_table,GCF_019128665.1,GCF_019128815.1,close_no_recombination,3,2046808,286259,1330291,1,1,0,0,3.484320557491289e-06,1.0000034933399473,204550,3779672,6651,0,1,0
snv_table,GCF_019128665.1,GCF_040911985.1,close_no_recombination,57,2046294,286187,1329967,4,42,0,0,1.3937282229965156e-05,1.0000104826564449,204492,3778767,6642,1,41,0
snv_table,GCF_019128745.1,GCF_019128755.1,close_no_recombination,5,2046809,286259,1330291,3,1,0,0,6.968641114982578e-06,1.0000034933399473,204550,3779672,6651,0,1,0
snv_table,GCF_019128745.1,GCF_019128815.1,close_no_recombination,6,2046809,286259,1330291,3,1,0,0,6.968641114982578e-06,1.0000034933399473,204550,3779672,6651,0,1,0
snv_table,GCF_019128745.1,GCF_040911985.1,close_no_recombination,50,2044378,285919,1328722,2,39,0,0,6.993006993006993e-06,1.0000034974940455,204321,3775206,6639,1,38,0
snv_table,GCF_019128755.1,GCF_019128815.1,close_no_recombination,1,2046809,286259,1330291,0,0,0,0,0.0,1.0000034933399473,204550,3779672,6651,0,0,0
snv_table,GCF_019128755.1,GCF_040911985.1,close_no_recombination,55,2045380,286062,1329365,5,40,0,0,1.3937282229965156e-05,1.00002796596542,204405,3777051,6639,1,39,0
snv_table,GCF_019128815.1,GCF_040911985.1,close_no_recombination,56,2044378,285919,1328722,5,40,0,0,1.3986013986013986e-05,1.0000034974940455,204321,3775206,6639,1,39,0
snv_table,GCF_019129475.1,GCF_019129485.1,close_no_recombination,1,2023687,282884,1314972,0,1,0,0,0.0,1.0000212101073231,202118,3736180,6618,0,1,0
snv_table,GCF_019129475.1,GCF_019129515.1,close_no_recombination,5,2023687,282884,1314972,0,4,0,0,0.0,1.0000212101073231,202118,3736180,6618,0,4,0
snv_table,GCF_019129475.1,GCF_019129535.1,close_no_recombination,7,2023687,282884,1314972,1,5,0,0,3.533568904593639e-06,1.0000212101073231,202118,3736180,6618,0,5,0
snv_table,GCF_019129475.1,GCF_019129555.1,close_no_recombination,11,2023258,282819,1314697,2,8,0,0,7.067137809187279e-06,1.0000035358303367,202090,3735383,6618,0,8,0
snv_table,GCF_019129475.1,GCF_019129575.1,close_no_recombination,4,2023687,282884,1314972,0,4,0,0,0.0,1.0000212101073231,202118,3736180,6618,0,4,0
snv_table,GCF_019129475.1,GCF_019129595.1,close_no_recombination,6,2023251,282818,1314692,1,5,0,0,3.533568904593639e-06,1.0000070716856777,202089,3735369,6618,0,5,0
snv_table,GCF_019129475.1,GCF_019129605.1,close_no_recombination,11,2023258,282819,1314697,1,8,0,0,3.533568904593639e-06,1.0000035358303367,202090,3735383,6618,0,8,0
snv_table,GCF_019129475.1,GCF_019129635.1,close_no_recombination,10,2023664,282878,1314957,1,7,0,0,3.533568904593639e-06,1.0000070701857338,202117,3736136,6618,0,7,0
snv_table,GCF_019129475.1,GCF_019129675.1,close_no_recombination,5,2023687,282884,1314972,0,4,0,0,0.0,1.0000212101073231,202118,3736180,6618,0,4,0
snv_table,GCF_019129485.1,GCF_019129515.1,close_no_recombination,4,2023695,282884,1314977,0,3,0,0,0.0,1.0000212101073231,202119,3736194,6618,0,3,0
snv_table,GCF_019129485.1,GCF_019129535.1,close_no_recombination,6,2023695,282884,1314977,1,4,0,0,3.533568904593639e-06,1.0000212101073231,202119,3736194,6618,0,4,0
snv_table,GCF_019129485.1,GCF_019129555.1,close_no_recombination,10,2023266,282819,1314702,2,7,0,0,7.067137809187279e-06,1.0000035358303367,202091,3735397,6618,0,7,0
snv_table,GCF_019129485.1,GCF_019129575.1,close_no_recombination,3,2023687,282884,1314972,0,3,0,0,0.0,1.0000212101073231,202118,3736180,6618,0,3,0
snv_table,GCF_019129485.1,GCF_019129595.1,close_no_recombination,5,2023259,282818,1314697,1,4,0,0,3.533568904593639e-06,1.0000070716856777,202090,3735383,6618,0,4,0
snv_table,GCF_019129485.1,GCF_019129605.1,close_no_recombination,10,2023266,282819,1314702,1,7,0,0,3.533568904593639e-06,1.0000035358303367,202091,3735397,6618,0,7,0
snv_table,GCF_019129485.1,GCF_019129635.1,close_no_recombination,9,2023664,282878,1314957,1,6,0,0,3.533568904593639e-06,1.0000070701857338,202117,3736136,6618,0,6,0
snv_table,GCF_019129485.1,GCF_019129675.1,close_no_recombination,4,2023695,282884,1314977,0,3,0,0,0.0,1.0000212101073231,202119,3736194,6618,0,3,0
snv_table,GCF_019129515.1,GCF_019129535.1,close_no_recombination,4,2023708,282884,1314986,1,1,0,0,3.533568904593639e-06,1.0000212101073231,202120,3736220,6618,0,1,0
snv_table,GCF_019129515.1,GCF_019129555.1,close_no_recombination,8,2023279,282819,1314711,2,4,0,0,7.067137809187279e-06,1.0000035358303367,202092,3735423,6618,0,4,0
snv_table,GCF_019129515.1,GCF_019129575.1,close_no_recombination,1,2023700,282884,1314981,0,0,0,0,0.0,1.0000212101073231,202119,3736206,6618,0,0,0
snv_table,GCF_019129515.1,GCF_019129595.1,close_no_recombination,3,2023272,282818,1314706,1,1,0,0,3.533568904593639e-06,1.0000070716856777,202091,3735409,6618,0,1,0
snv_table,GCF_019129515.1,GCF_019129605.1,close_no_recombination,8,2023279,282819,1314711,1,4,0,0,3.533568904593639e-06,1.0000035358303367,202092,3735423,6618,0,4,0
snv_table,GCF_019129515.1,GCF_019129635.1,close_no_recombination,5,2023677,282878,1314966,1,3,0,0,3.533568904593639e-06,1.0000070701857338,202118,3736162,6618,0,3,0
snv_table,GCF_019129515.1,GCF_019129675.1,close_no_recombination,4,2023708,282884,1314986,0,2,0,0,0.0,1.0000212101073231,202120,3736220,6618,0,2,0
snv_table,GCF_019129535.1,GCF_019129555.1,close_no_recombination,8,2023279,282819,1314711,3,3,0,0,1.060070671378092e-05,1.0000035358303367,202092,3735423,6618,0,3,0
snv_table,GCF_019129535.1,GCF_019129575.1,close_no_recombination,3,2023700,282884,1314981,1,1,0,0,3.533568904593639e-06,1.0000212101073231,202119,3736206,6618,0,1,0
snv_table,GCF_019129535.1,GCF_019129595.1,close_no_recombination,5,2023272,282818,1314706,2,2,0,0,7.067137809187279e-06,1.0000070716856777,202091,3735409,6618,0,2,0
snv_table,GCF_019129535.1,GCF_019129605.1,close_no_recombination,4,2023279,282819,1314711,0,3,0,0,0.0,1.0000035358303367,202092,3735423,6618,0,3,0
snv_table,GCF_019129535.1,GCF_019129635.1,close_no_recombination,7,2023677,282878,1314966,0,4,0,0,0.0,1.0000070701857338,202118,3736162,6618,0,4,0
snv_table,GCF_019129535.1,GCF_019129675.1,close_no_recombination,4,2023708,282884,1314986,1,3,0,0,3.533568904593639e-06,1.0000212101073231,202120,3736220,6618,0,3,0
snv_table,GCF_019129535.1,GCF_019129775.1,close_no_recombination,5,2023708,282884,1314986,3,1,0,0,1.060070671378092e-05,1.0000212101073231,202120,3736220,6618,0,1,0
snv_table,GCF_019129555.1,GCF_019129575.1,close_no_recombination,7,2023271,282819,1314706,2,4,0,0,7.067137809187279e-06,1.0000035358303367,202091,3735409,6618,0,4,0
snv_table,GCF_019129555.1,GCF_019129595.1,close_no_recombination,7,2023272,282818,1314706,1,5,0,0,3.533568904593639e-06,1.0000070716856777,202091,3735409,6618,0,5,0
snv_table,GCF_019129555.1,GCF_019129605.1,close_no_recombination,6,2023279,282819,1314711,3,2,0,0,1.060070671378092e-05,1.0000035358303367,202092,3735423,6618,0,2,0
snv_table,GCF_019129555.1,GCF_019129635.1,close_no_recombination,4,2023248,282813,1314691,2,1,0,0,7.067137809187279e-06,1.0000247513374563,202090,3735365,6618,0,1,0
snv_table,GCF_019129555.1,GCF_019129675.1,close_no_recombination,10,2023279,282819,1314711,2,6,0,0,7.067137809187279e-06,1.0000035358303367,202092,3735423,6618,0,6,0
snv_table,GCF_019129555.1,GCF_019129775.1,close_no_recombination,7,2023279,282819,1314711,2,4,0,0,7.067137809187279e-06,1.0000035358303367,202092,3735423,6618,0,4,0
snv_table,GCF_019129575.1,GCF_019129595.1,close_no_recombination,2,2023264,282818,1314701,1,1,0,0,3.533568904593639e-06,1.0000070716856777,202090,3735395,6618,0,1,0
snv_table,GCF_019129575.1,GCF_019129605.1,close_no_recombination,7,2023271,282819,1314706,1,4,0,0,3.533568904593639e-06,1.0000035358303367,202091,3735409,6618,0,4,0
snv_table,GCF_019129575.1,GCF_019129635.1,close_no_recombination,6,2023677,282878,1314966,1,3,0,0,3.533568904593639e-06,1.0000070701857338,202118,3736162,6618,0,3,0
snv_table,GCF_019129575.1,GCF_019129675.1,close_no_recombination,3,2023700,282884,1314981,0,2,0,0,0.0,1.0000212101073231,202119,3736206,6618,0,2,0
snv_table,GCF_019129595.1,GCF_019129605.1,close_no_recombination,9,2023272,282818,1314706,2,5,0,0,7.067137809187279e-06,1.0000070716856777,202091,3735409,6618,0,5,0
snv_table,GCF_019129595.1,GCF_019129635.1,close_no_recombination,6,2023241,282812,1314686,1,3,0,0,3.533568904593639e-06,1.0000282873428286,202089,3735351,6618,0,3,0
snv_table,GCF_019129595.1,GCF_019129675.1,close_no_recombination,5,2023272,282818,1314706,1,3,0,0,3.533568904593639e-06,1.0000070716856777,202091,3735409,6618,0,3,0
snv_table,GCF_019129595.1,GCF_019129775.1,close_no_recombination,2,2023272,282818,1314706,1,1,0,0,3.533568904593639e-06,1.0000070716856777,202091,3735409,6618,0,1,0
snv_table,GCF_019129605.1,GCF_019129635.1,close_no_recombination,5,2023248,282813,1314691,0,3,0,0,0.0,1.0000247513374563,202090,3735365,6618,0,3,0
snv_table,GCF_019129605.1,GCF_019129675.1,close_no_recombination,8,2023279,282819,1314711,1,6,0,0,3.533568904593639e-06,1.0000035358303367,202092,3735423,6618,0,6,0
snv_table,GCF_019129605.1,GCF_019129775.1,close_no_recombination,9,2023279,282819,1314711,3,4,0,0,1.060070671378092e-05,1.0000035358303367,202092,3735423,6618,0,4,0
snv_table,GCF_019129635.1,GCF_019129675.1,close_no_recombination,9,2023677,282878,1314966,1,5,0,0,3.533568904593639e-06,1.0000070701857338,202118,3736162,6618,0,5,0
snv_table,GCF_019129635.1,GCF_019129775.1,close_no_recombination,7,2023677,282878,1314966,2,3,0,0,7.067137809187279e-06,1.0000070701857338,202118,3736162,6618,0,3,0
snv_table,GCF_020558905.1,GCF_029076805.1,close_no_recombination,1,2039986,285267,1325803,0,0,0,0,0.0,1.0000105164635236,203869,3766931,6609,0,0,0
snv_table,GCF_020560775.1,GCF_020560835.1,close_no_recombination,14,2029168,283780,1318762,4,5,0,0,1.4084507042253522e-05,1.0,202877,3746794,6615,0,5,0
snv_table,GCF_020885775.1,GCF_020885855.1,close_no_recombination,7,2017112,282105,1310871,2,3,0,0,7.067137809187279e-06,1.0000177238971304,201617,3724396,6600,0,3,0
snv_table,GCF_021891045.1,GCF_027686505.1,close_no_recombination,69,2034506,284512,1322260,21,30,0,0,4.577464788732394e-05,1.0000281183218986,203319,3756849,6612,1,29,0
snv_table,GCF_022135705.1,GCF_022135865.1,close_no_recombination,16,2049514,286558,1332001,7,4,0,0,1.0452961672473868e-05,1.0000069793898618,204868,3784481,6654,0,4,0
snv_table,GCF_023668145.1,GCF_023668185.1,close_no_recombination,0,2032442,284142,1320803,0,0,0,0,0.0,1.0000281549366161,202949,3752875,6585,0,0,0
snv_table,GCF_023668145.1,GCF_023668875.1,close_no_recombination,1,2032442,284142,1320803,1,0,0,0,3.5087719298245615e-06,1.0000281549366161,202949,3752875,6585,0,0,0
snv_table,GCF_023668145.1,GCF_023669045.1,close_no_recombination,14,2029671,283813,1319028,3,8,0,0,1.056338028169014e-05,1.000024664127436,202664,3747862,6558,0,8,0
snv_table,GCF_023668145.1,GCF_023669145.1,close_no_recombination,0,2032442,284142,1320803,0,0,0,0,0.0,1.0000281549366161,202949,3752875,6585,0,0,0
snv_table,GCF_023668145.1,GCF_023669285.1,close_no_recombination,2,2032442,284142,1320803,1,1,0,0,3.5087719298245615e-06,1.0000281549366161,202949,3752875,6585,0,1,0
snv_table,GCF_023668185.1,GCF_023668875.1,close_no_recombination,1,2032442,284142,1320803,1,0,0,0,3.5087719298245615e-06,1.0000281549366161,202949,3752875,6585,0,0,0
snv_table,GCF_023668185.1,GCF_023669045.1,close_no_recombination,14,2029671,283813,1319028,3,8,0,0,1.056338028169014e-05,1.000024664127436,202664,3747862,6558,0,8,0
snv_table,GCF_023668185.1,GCF_023669145.1,close_no_recombination,0,2032442,284142,1320803,0,0,0,0,0.0,1.0000281549366161,202949,3752875,6585,0,0,0
snv_table,GCF_023668185.1,GCF_023669285.1,close_no_recombination,2,2032442,284142,1320803,1,1,0,0,3.5087719298245615e-06,1.0000281549366161,202949,3752875,6585,0,1,0
snv_table,GCF_023668565.1,GCF_023668585.1,close_no_recombination,0,2046542,286240,1330136,0,0,0,0,0.0,1.0,204589,3779198,6621,0,0,0
snv_table,GCF_023668565.1,GCF_023668665.1,close_no_recombination,18,2046924,286287,1330389,3,10,0,0,1.0452961672473868e-05,1.0000104789948547,204616,3779933,6618,1,9,0
snv_table,GCF_023668585.1,GCF_023668665.1,close_no_recombination,18,2046316,286204,1329997,3,10,0,0,1.0452961672473868e-05,1.0000209640675881,204574,3778799,6618,1,9,0
snv_table,GCF_023668665.1,GCF_023668715.1,close_no_recombination,10,2045295,286094,1329343,1,7,0,0,3.484320557491289e-06,1.0000209721280418,204471,3776943,6615,0,7,0
snv_table,GCF_023668665.1,GCF_023669385.1,close_no_recombination,12,2045175,286067,1329254,1,7,0,0,3.484320557491289e-06,1.000010487053732,204443,3776704,6615,0,7,0
snv_table,GCF_023668665.1,GCF_023669405.1,close_no_recombination,15,2046320,286213,1329999,1,11,0,0,3.484320557491289e-06,1.0000244573097659,204569,3778810,6618,1,10,0
snv_table,GCF_023668715.1,GCF_023669385.1,close_no_recombination,5,2044427,285987,1328773,0,2,0,0,0.0,1.000010489987307,204362,3775345,6612,0,2,0
snv_table,GCF_023668715.1,GCF_023669405.1,close_no_recombination,7,2045199,286088,1329279,0,6,0,0,0.0,1.0000069908559603,204460,3776762,6615,1,5,0
snv_table,GCF_023668875.1,GCF_023669045.1,close_no_recombination,15,2029671,283813,1319028,4,8,0,0,1.4084507042253522e-05,1.000024664127436,202664,3747862,6558,0,8,0
snv_table,GCF_023668875.1,GCF_023669145.1,close_no_recombination,1,2032442,284142,1320803,1,0,0,0,3.5087719298245615e-06,1.0000281549366161,202949,3752875,6585,0,0,0
snv_table,GCF_023668875.1,GCF_023669285.1,close_no_recombination,1,2032442,284142,1320803,0,1,0,0,0.0,1.0000281549366161,202949,3752875,6585,0,1,0
snv_table,GCF_023669045.1,GCF_023669145.1,close_no_recombination,14,2029671,283813,1319028,3,8,0,0,1.056338028169014e-05,1.000024664127436,202664,3747862,6558,0,8,0
snv_table,GCF_023669045.1,GCF_023669285.1,close_no_recombination,16,2029671,283813,1319028,4,9,0,0,1.4084507042253522e-05,1.000024664127436,202664,3747862,6558,0,9,0
snv_table,GCF_023669145.1,GCF_023669285.1,close_no_recombination,2,2032442,284142,1320803,1,1,0,0,3.5087719298245615e-06,1.0000281549366161,202949,3752875,6585,0,1,0
snv_table,GCF_023669385.1,GCF_023669405.1,close_no_recombination,5,2045098,286064,1329201,0,4,0,0,0.0,1.0000209743274233,204433,3776555,6615,1,3,0
snv_table,GCF_024463175.1,GCF_036419465.1,close_no_recombination,3,2040044,285272,1325841,1,2,0,0,3.496503496503497e-06,1.0000280434112006,203881,3767030,6612,0,2,0
snv_table,GCF_024759565.1,GCF_024789245.1,close_no_recombination,23,2028376,283559,1318128,3,14,0,0,1.056338028169014e-05,1.0000035266029292,202599,3745197,6588,0,12,2
snv_table,GCF_028199355.1,GCF_028200165.1,close_no_recombination,12,2049425,286510,1331911,4,7,0,0,1.3937282229965156e-05,1.0,204854,3784147,6732,0,7,0
snv_table,GCF_028199365.1,GCF_028200295.1,close_no_recombination,14,2032417,284251,1320854,3,7,0,0,1.0526315789473684e-05,1.000031662157741,203156,3752776,6630,1,6,0
snv_table,GCF_028199365.1,GCF_028200325.1,close_no_recombination,18,2032362,284241,1320818,6,7,0,0,1.7543859649122806e-05,1.0000316632716604,203146,3752678,6630,1,6,0
snv_table,GCF_028199365.1,GCF_028395935.1,close_no_recombination,14,2030010,283889,1319312,3,7,0,0,1.056338028169014e-05,1.0000035225035138,202962,3748344,6630,1,6,0
snv_table,GCF_028199395.1,GCF_028199435.1,close_no_recombination,67,2048683,286475,1331460,11,45,0,0,3.832752613240418e-05,1.0000174535299764,204741,3782973,6666,0,44,1
snv_table,GCF_028199395.1,GCF_028200195.1,close_no_recombination,4,2048442,286453,1331305,3,1,0,0,1.0452961672473868e-05,1.0000244368186055,204705,3782556,6654,0,1,0
snv_table,GCF_028199395.1,GCF_028200215.1,close_no_recombination,29,2048490,286452,1331339,5,19,0,0,1.7421602787456446e-05,1.0000279278901876,204721,3782639,6657,0,19,0
snv_table,GCF_028199395.1,GCF_028200225.1,close_no_recombination,0,2048523,286457,1331359,0,0,0,0,0.0,1.0000104727760188,204721,3782699,6657,0,0,0
snv_table,GCF_028199395.1,GCF_028200255.1,close_no_recombination,0,2048523,286457,1331359,0,0,0,0,0.0,1.0000104727760188,204721,3782699,6657,0,0,0
snv_table,GCF_028199435.1,GCF_028200195.1,close_no_recombination,71,2048442,286453,1331305,14,46,0,0,4.878048780487805e-05,1.0000244368186055,204705,3782556,6654,0,45,1
snv_table,GCF_028199435.1,GCF_028200215.1,close_no_recombination,92,2048490,286452,1331339,16,60,0,0,5.5749128919860624e-05,1.0000279278901876,204721,3782639,6657,0,59,1
snv_table,GCF_028199435.1,GCF_028200225.1,close_no_recombination,67,2048523,286457,1331359,11,45,0,0,3.832752613240418e-05,1.0000104727760188,204721,3782699,6657,0,44,1
snv_table,GCF_028199435.1,GCF_028200255.1,close_no_recombination,67,2048523,286457,1331359,11,45,0,0,3.832752613240418e-05,1.0000104727760188,204721,3782699,6657,0,44,1
snv_table,GCF_028199485.1,GCF_028199655.1,close_no_recombination,9,2048106,286499,1331127,3,4,0,0,1.0452961672473868e-05,1.000003490413579,204686,3782077,6618,1,3,0
snv_table,GCF_028199485.1,GCF_028199715.1,close_no_recombination,6,2048217,286518,1331195,1,4,0,0,3.484320557491289e-06,1.0000069803642353,204694,3782273,6618,1,3,0
snv_table,GCF_028199485.1,GCF_028199775.1,close_no_recombination,16,2048217,286518,1331195,3,11,0,0,1.0452961672473868e-05,1.0000069803642353,204694,3782273,6618,1,10,0
snv_table,GCF_028199485.1,GCF_028199815.1,close_no_recombination,16,2048217,286518,1331195,4,10,0,0,1.3937282229965156e-05,1.0000069803642353,204694,3782273,6618,1,9,0
snv_table,GCF_028199485.1,GCF_028199885.1,close_no_recombination,16,2048217,286518,1331195,3,11,0,0,1.0452961672473868e-05,1.0000069803642353,204694,3782273,6618,1,10,0
snv_table,GCF_028199485.1,GCF_028200095.1,close_no_recombination,18,2047996,286486,1331049,4,12,0,0,1.3937282229965156e-05,1.0000139622878605,204677,3781855,6615,1,11,0
snv_table,GCF_028199485.1,GCF_028395745.1,close_no_recombination,2,2046514,286252,1330107,1,1,0,0,3.484320557491289e-06,1.0000279474029876,204574,3779132,6615,0,1,0
snv_table,GCF_028199485.1,GCF_028395765.1,close_no_recombination,7,2046814,286302,1330307,1,3,0,0,3.484320557491289e-06,1.0000279425222318,204575,3779737,6609,1,2,0
snv_table,GCF_028199485.1,GCF_028395835.1,close_no_recombination,13,2047203,286357,1330553,3,9,0,0,1.0452961672473868e-05,1.0000104764332634,204608,3780436,6615,1,8,0
snv_table,GCF_028199575.1,GCF_028199605.1,close_no_recombination,13,2046176,286241,1329884,5,6,0,0,1.7421602787456446e-05,1.0000314420366054,204439,3778556,6657,0,6,0
snv_table,GCF_028199575.1,GCF_028199755.1,close_no_recombination,9,2046111,286227,1329839,3,5,0,0,1.0452961672473868e-05,1.0000104811915018,204440,3778414,6663,0,5,0
snv_table,GCF_028199575.1,GCF_028200275.1,close_no_recombination,1,2045984,286212,1329756,1,0,0,0,3.484320557491289e-06,1.00002795130882,204426,3778188,6654,0,0,0
snv_table,GCF_028199575.1,GCF_028200355.1,close_no_recombination,1,2046127,286233,1329854,1,0,0,0,3.484320557491289e-06,1.0000244556008566,204432,3778476,6654,0,0,0
snv_table,GCF_028199575.1,GCF_028200765.1,close_no_recombination,17,2046164,286239,1329875,5,10,0,0,1.7421602787456446e-05,1.000003493584033,204436,3778526,6663,0,10,0
snv_table,GCF_028199575.1,GCF_028200975.1,close_no_recombination,13,2046006,286216,1329775,3,8,0,0,1.0452961672473868e-05,1.0000139754590938,204422,3778249,6654,0,8,0
snv_table,GCF_028199575.1,GCF_028394965.1,close_no_recombination,5,2045800,286178,1329637,3,1,0,0,1.0452961672473868e-05,1.000006988657409,204408,3777840,6663,0,1,0
snv_table,GCF_028199575.1,GCF_028394975.1,close_no_recombination,17,2045746,286178,1329602,3,10,0,0,1.0452961672473868e-05,1.000006988657409,204395,3777748,6663,0,10,0
snv_table,GCF_028199575.1,GCF_028395025.1,close_no_recombination,13,2046124,286231,1329847,4,7,0,0,1.3937282229965156e-05,1.0000314431350903,204437,3778441,6663,0,7,0
snv_table,GCF_028199575.1,GCF_028395045.1,close_no_recombination,5,2045800,286178,1329637,3,1,0,0,1.0452961672473868e-05,1.000006988657409,204408,3777840,6663,0,1,0
snv_table,GCF_028199595.1,GCF_028199655.1,close_no_recombination,3,2048115,286500,1331132,1,1,0,0,3.484320557491289e-06,1.0,204687,3782091,6618,0,1,0
snv_table,GCF_028199595.1,GCF_028199715.1,close_no_recombination,8,2048226,286519,1331200,3,3,0,0,1.0452961672473868e-05,1.0000034901699364,204695,3782287,6618,0,3,0
snv_table,GCF_028199595.1,GCF_028199775.1,close_no_recombination,18,2048217,286518,1331195,5,10,0,0,1.7421602787456446e-05,1.0000069803642353,204694,3782273,6618,0,10,0
snv_table,GCF_028199595.1,GCF_028199815.1,close_no_recombination,10,2048217,286518,1331195,2,7,0,0,6.968641114982578e-06,1.0000069803642353,204694,3782273,6618,0,7,0
snv_table,GCF_028199595.1,GCF_028199885.1,close_no_recombination,18,2048217,286518,1331195,5,10,0,0,1.7421602787456446e-05,1.0000069803642353,204694,3782273,6618,0,10,0
snv_table,GCF_028199595.1,GCF_028200095.1,close_no_recombination,20,2048005,286487,1331054,6,11,0,0,2.0905923344947736e-05,1.0000104716793432,204678,3781869,6615,0,11,0
snv_table,GCF_028199595.1,GCF_028395745.1,close_no_recombination,6,2046515,286253,1330107,3,2,0,0,1.0452961672473868e-05,1.0000244538921863,204574,3779132,6615,1,1,0
snv_table,GCF_028199595.1,GCF_028395765.1,close_no_recombination,9,2046815,286303,1330307,3,2,0,0,6.968641114982578e-06,1.0000244496215547,204575,3779737,6609,0,2,0
snv_table,GCF_028199595.1,GCF_028395835.1,close_no_recombination,15,2047204,286358,1330553,5,8,0,0,1.7421602787456446e-05,1.0000069842644521,204608,3780436,6615,0,8,0
snv_table,GCF_028199605.1,GCF_028199755.1,close_no_recombination,9,2046109,286222,1329839,2,6,0,0,6.968641114982578e-06,1.0000279503322596,204444,3778410,6663,0,6,0
snv_table,GCF_028199605.1,GCF_028200275.1,close_no_recombination,11,2045984,286212,1329756,3,6,0,0,1.0452961672473868e-05,1.00002795130882,204426,3778188,6654,0,6,0
snv_table,GCF_028199605.1,GCF_028200355.1,close_no_recombination,11,2046127,286233,1329854,3,6,0,0,1.0452961672473868e-05,1.0000244556008566,204432,3778476,6654,0,6,0
snv_table,GCF_028199605.1,GCF_028200765.1,close_no_recombination,13,2046156,286234,1329871,2,9,0,0,6.968641114982578e-06,1.0000209618703577,204440,3778516,6657,0,9,0
snv_table,GCF_028199605.1,GCF_028200975.1,close_no_recombination,11,2046067,286218,1329813,1,8,0,0,3.484320557491289e-06,1.000006987680719,204434,3778351,6654,0,8,0
snv_table,GCF_028199605.1,GCF_028394965.1,close_no_recombination,10,2045731,286171,1329595,2,5,0,0,6.968641114982578e-06,1.0000314497276104,204400,3777728,6657,0,5,0
snv_table,GCF_028199605.1,GCF_028394975.1,close_no_recombination,18,2045738,286173,1329598,4,10,0,0,1.3937282229965156e-05,1.0000244607283006,204399,3777738,6657,0,10,0
snv_table,GCF_028199605.1,GCF_028395025.1,close_no_recombination,10,2046116,286226,1329843,1,7,0,0,3.484320557491289e-06,1.0000139749708272,204441,3778431,6657,0,7,0
snv_table,GCF_028199605.1,GCF_028395045.1,close_no_recombination,10,2045731,286171,1329595,2,5,0,0,6.968641114982578e-06,1.0000314497276104,204400,3777728,6657,0,5,0
snv_table,GCF_028199655.1,GCF_028199775.1,close_no_recombination,17,2048106,286499,1331127,4,9,0,0,1.3937282229965156e-05,1.000003490413579,204686,3782077,6618,0,9,0
snv_table,GCF_028199655.1,GCF_028199815.1,close_no_recombination,9,2048106,286499,1331127,1,6,0,0,3.484320557491289e-06,1.000003490413579,204686,3782077,6618,0,6,0
snv_table,GCF_028199655.1,GCF_028199885.1,close_no_recombination,17,2048106,286499,1331127,4,9,0,0,1.3937282229965156e-05,1.000003490413579,204686,3782077,6618,0,9,0
snv_table,GCF_028199655.1,GCF_028200095.1,close_no_recombination,19,2047894,286468,1330986,5,10,0,0,1.7421602787456446e-05,1.0000069815825852,204670,3781673,6615,0,10,0
snv_table,GCF_028199655.1,GCF_028395765.1,close_no_recombination,6,2046815,286303,1330307,2,1,0,0,3.484320557491289e-06,1.0000244496215547,204575,3779737,6609,0,1,0
snv_table,GCF_028199655.1,GCF_028395835.1,close_no_recombination,14,2047204,286358,1330553,4,7,0,0,1.3937282229965156e-05,1.0000069842644521,204608,3780436,6615,0,7,0
snv_table,GCF_028199715.1,GCF_028199775.1,close_no_recombination,14,2048217,286518,1331195,2,9,0,0,6.968641114982578e-06,1.0000069803642353,204694,3782273,6618,0,9,0
snv_table,GCF_028199715.1,GCF_028199815.1,close_no_recombination,14,2048217,286518,1331195,3,8,0,0,1.0452961672473868e-05,1.0000069803642353,204694,3782273,6618,0,8,0
snv_table,GCF_028199715.1,GCF_028199885.1,close_no_recombination,14,2048217,286518,1331195,2,9,0,0,6.968641114982578e-06,1.0000069803642353,204694,3782273,6618,0,9,0
snv_table,GCF_028199715.1,GCF_028200095.1,close_no_recombination,16,2048005,286487,1331054,3,10,0,0,1.0452961672473868e-05,1.0000104716793432,204678,3781869,6615,0,10,0
snv_table,GCF_028199715.1,GCF_028395765.1,close_no_recombination,3,2046815,286303,1330307,0,1,0,0,0.0,1.0000244496215547,204575,3779737,6609,0,1,0
snv_table,GCF_028199715.1,GCF_028395835.1,close_no_recombination,11,2047204,286358,1330553,2,7,0,0,6.968641114982578e-06,1.0000069842644521,204608,3780436,6615,0,7,0
snv_table,GCF_028199725.1,GCF_028199785.1,close_no_recombination,2,2040814,285428,1326411,1,1,0,0,3.496503496503497e-06,1.0000070070210352,204012,3768615,6606,0,1,0
snv_table,GCF_028199725.1,GCF_028199835.1,close_no_recombination,7,2040814,285428,1326411,1,5,0,0,3.496503496503497e-06,1.0000070070210352,204012,3768615,6606,0,5,0
snv_table,GCF_028199725.1,GCF_028199855.1,close_no_recombination,8,2040686,285407,1326329,1,6,0,0,3.496503496503497e-06,1.0000105113049085,204002,3768379,6606,0,6,0
snv_table,GCF_028199725.1,GCF_028199875.1,close_no_recombination,3,2040814,285428,1326411,1,2,0,0,3.496503496503497e-06,1.0000070070210352,204012,3768615,6606,0,2,0
snv_table,GCF_028199725.1,GCF_028199915.1,close_no_recombination,7,2040814,285428,1326411,2,5,0,0,6.993006993006993e-06,1.0000070070210352,204012,3768615,6606,0,5,0
snv_table,GCF_028199725.1,GCF_028199925.1,close_no_recombination,7,2040814,285428,1326411,2,5,0,0,6.993006993006993e-06,1.0000070070210352,204012,3768615,6606,0,5,0
snv_table,GCF_028199725.1,GCF_028199955.1,close_no_recombination,4,2040365,285362,1326126,2,2,0,0,6.993006993006993e-06,1.0000280345666206,203975,3767797,6606,0,2,0
snv_table,GCF_028199725.1,GCF_028199975.1,close_no_recombination,7,2040730,285420,1326360,2,5,0,0,6.993006993006993e-06,1.0,204004,3768473,6603,0,5,0
snv_table,GCF_028199725.1,GCF_028199995.1,close_no_recombination,7,2040814,285428,1326411,2,5,0,0,6.993006993006993e-06,1.0000070070210352,204012,3768615,6606,0,5,0
snv_table,GCF_028199725.1,GCF_028200035.1,close_no_recombination,7,2040814,285428,1326411,2,5,0,0,6.993006993006993e-06,1.0000070070210352,204012,3768615,6606,0,5,0
snv_table,GCF_028199725.1,GCF_028200075.1,close_no_recombination,4,2040814,285428,1326411,2,2,0,0,6.993006993006993e-06,1.0000070070210352,204012,3768615,6606,0,2,0
snv_table,GCF_028199725.1,GCF_028200115.1,close_no_recombination,3,2036885,284881,1323836,1,2,0,0,3.5087719298245615e-06,1.000031592138472,203619,3761307,6582,0,2,0
snv_table,GCF_028199725.1,GCF_039734225.1,close_no_recombination,8,2040814,285428,1326411,2,4,0,0,6.993006993006993e-06,1.0000070070210352,204012,3768615,6606,0,4,0
snv_table,GCF_028199725.1,GCF_039760355.1,close_no_recombination,3,2037676,284963,1324376,0,3,0,0,0.0,1.0000245645925963,203719,3762809,6600,0,3,0
snv_table,GCF_028199725.1,GCF_039760375.1,close_no_recombination,11,2040814,285428,1326411,3,7,0,0,1.048951048951049e-05,1.0000070070210352,204012,3768615,6606,0,7,0
snv_table,GCF_028199725.1,GCF_039760395.1,close_no_recombination,12,2040814,285428,1326411,3,9,0,0,1.048951048951049e-05,1.0000070070210352,204012,3768615,6606,0,9,0
snv_table,GCF_028199725.1,GCF_039760415.1,close_no_recombination,5,2040814,285428,1326411,1,4,0,0,3.496503496503497e-06,1.0000070070210352,204012,3768615,6606,0,4,0
snv_table,GCF_028199725.1,GCF_039760475.1,close_no_recombination,9,2040191,285335,1326011,0,7,0,0,0.0,1.0000175232621304,203960,3767467,6606,2,5,0
snv_table,GCF_028199755.1,GCF_028200275.1,close_no_recombination,9,2045850,286191,1329669,4,4,0,0,1.3937282229965156e-05,1.0000314475297964,204419,3777934,6654,0,4,0
snv_table,GCF_028199755.1,GCF_028200355.1,close_no_recombination,10,2045993,286212,1329767,4,5,0,0,1.3937282229965156e-05,1.00002795130882,204425,3778222,6654,0,5,0
snv_table,GCF_028199755.1,GCF_028200765.1,close_no_recombination,15,2046101,286221,1329832,4,10,0,0,1.3937282229965156e-05,1.0000314442336515,204442,3778391,6663,0,10,0
snv_table,GCF_028199755.1,GCF_028200975.1,close_no_recombination,11,2045934,286197,1329727,2,8,0,0,6.968641114982578e-06,1.0000104822901708,204427,3778100,6654,0,8,0
snv_table,GCF_028199755.1,GCF_028394965.1,close_no_recombination,8,2045666,286157,1329550,2,4,0,0,6.968641114982578e-06,1.000010483755421,204401,3777586,6663,0,4,0
snv_table,GCF_028199755.1,GCF_028394975.1,close_no_recombination,15,2045674,286159,1329554,2,10,0,0,6.968641114982578e-06,1.0000034945607164,204400,3777599,6663,0,10,0
snv_table,GCF_028199755.1,GCF_028395025.1,close_no_recombination,11,2046052,286212,1329799,3,7,0,0,1.0452961672473868e-05,1.00002795130882,204442,3778292,6663,0,7,0
snv_table,GCF_028199755.1,GCF_028395045.1,close_no_recombination,8,2045666,286157,1329550,2,4,0,0,6.968641114982578e-06,1.000010483755421,204401,3777586,6663,0,4,0
snv_table,GCF_028199775.1,GCF_028199815.1,close_no_recombination,10,2048217,286518,1331195,3,5,0,0,1.0452961672473868e-05,1.0000069803642353,204694,3782273,6618,0,5,0
snv_table,GCF_028199775.1,GCF_028199885.1,close_no_recombination,0,2048217,286518,1331195,0,0,0,0,0.0,1.0000069803642353,204694,3782273,6618,0,0,0
snv_table,GCF_028199775.1,GCF_028200095.1,close_no_recombination,2,2047996,286486,1331049,1,1,0,0,3.484320557491289e-06,1.0000139622878605,204677,3781855,6615,0,1,0
snv_table,GCF_028199775.1,GCF_028395745.1,close_no_recombination,16,2046457,286250,1330068,4,10,0,0,1.3937282229965156e-05,1.0,204559,3779030,6615,1,9,0
snv_table,GCF_028199775.1,GCF_028395765.1,close_no_recombination,15,2046814,286302,1330307,2,8,0,0,6.968641114982578e-06,1.0000279425222318,204575,3779737,6609,0,8,0
snv_table,GCF_028199775.1,GCF_028395835.1,close_no_recombination,7,2047203,286357,1330553,2,4,0,0,6.968641114982578e-06,1.0000104764332634,204608,3780436,6615,0,4,0
snv_table,GCF_028199785.1,GCF_028199835.1,close_no_recombination,5,2041515,285528,1326864,0,4,0,0,0.0,1.0000070045669778,204058,3769928,6606,0,4,0
snv_table,GCF_028199785.1,GCF_028199855.1,close_no_recombination,6,2040686,285407,1326329,0,5,0,0,0.0,1.0000105113049085,204002,3768379,6606,0,5,0
snv_table,GCF_028199785.1,GCF_028199875.1,close_no_recombination,1,2041515,285528,1326864,0,1,0,0,0.0,1.0000070045669778,204058,3769928,6606,0,1,0
snv_table,GCF_028199785.1,GCF_028199915.1,close_no_recombination,5,2041515,285528,1326864,1,4,0,0,3.496503496503497e-06,1.0000070045669778,204058,3769928,6606,0,4,0
snv_table,GCF_028199785.1,GCF_028199925.1,close_no_recombination,5,2041515,285528,1326864,1,4,0,0,3.496503496503497e-06,1.0000070045669778,204058,3769928,6606,0,4,0
snv_table,GCF_028199785.1,GCF_028199955.1,close_no_recombination,2,2041066,285462,1326579,1,1,0,0,3.496503496503497e-06,1.0000280247458506,204021,3769110,6606,0,1,0
snv_table,GCF_028199785.1,GCF_028199975.1,close_no_recombination,5,2041431,285520,1326813,1,4,0,0,3.496503496503497e-06,1.0,204050,3769786,6603,0,4,0
snv_table,GCF_028199785.1,GCF_028199995.1,close_no_recombination,5,2040930,285444,1326482,1,4,0,0,3.496503496503497e-06,1.000021019884811,204019,3768821,6606,0,4,0
snv_table,GCF_028199785.1,GCF_028200075.1,close_no_recombination,2,2041515,285528,1326864,1,1,0,0,3.496503496503497e-06,1.0000070045669778,204058,3769928,6606,0,1,0
snv_table,GCF_028199785.1,GCF_028200115.1,close_no_recombination,1,2037586,284981,1324289,0,1,0,0,0.0,1.000031581052772,203665,3762620,6582,0,1,0
snv_table,GCF_028199785.1,GCF_039734225.1,close_no_recombination,6,2040814,285428,1326411,1,3,0,0,3.496503496503497e-06,1.0000070070210352,204012,3768615,6606,0,3,0
snv_table,GCF_028199785.1,GCF_039760355.1,close_no_recombination,3,2038377,285063,1324829,0,3,0,0,0.0,1.0000245559753458,203765,3764122,6600,0,3,0
snv_table,GCF_028199785.1,GCF_039760375.1,close_no_recombination,9,2041515,285528,1326864,2,6,0,0,6.993006993006993e-06,1.0000070045669778,204058,3769928,6606,0,6,0
snv_table,GCF_028199785.1,GCF_039760395.1,close_no_recombination,10,2041515,285528,1326864,2,8,0,0,6.993006993006993e-06,1.0000070045669778,204058,3769928,6606,0,8,0
snv_table,GCF_028199785.1,GCF_039760415.1,close_no_recombination,3,2041515,285528,1326864,0,3,0,0,0.0,1.0000070045669778,204058,3769928,6606,0,3,0
snv_table,GCF_028199785.1,GCF_039760475.1,close_no_recombination,9,2040746,285414,1326369,0,7,0,0,0.0,1.000021022094221,203995,3768506,6606,2,5,0
snv_table,GCF_028199815.1,GCF_028199885.1,close_no_recombination,10,2048217,286518,1331195,3,5,0,0,1.0452961672473868e-05,1.0000069803642353,204694,3782273,6618,0,5,0
snv_table,GCF_028199815.1,GCF_028200095.1,close_no_recombination,10,2047996,286486,1331049,4,4,0,0,1.3937282229965156e-05,1.0000139622878605,204677,3781855,6615,0,4,0
snv_table,GCF_028199815.1,GCF_028395765.1,close_no_recombination,14,2046814,286302,1330307,3,6,0,0,6.968641114982578e-06,1.0000279425222318,204575,3779737,6609,0,6,0
snv_table,GCF_028199815.1,GCF_028395835.1,close_no_recombination,6,2047203,286357,1330553,3,2,0,0,1.0452961672473868e-05,1.0000104764332634,204608,3780436,6615,0,2,0
snv_table,GCF_028199835.1,GCF_028199855.1,close_no_recombination,3,2040717,285411,1326348,0,1,0,0,0.0,1.0000315334727814,204004,3768431,6609,0,1,0
snv_table,GCF_028199835.1,GCF_028199875.1,close_no_recombination,4,2041546,285532,1326883,0,3,0,0,0.0,1.0000280178754044,204060,3769980,6609,0,3,0
snv_table,GCF_028199835.1,GCF_028199915.1,close_no_recombination,2,2041546,285532,1326883,1,0,0,0,3.496503496503497e-06,1.0000280178754044,204060,3769980,6609,0,0,0
snv_table,GCF_028199835.1,GCF_028199925.1,close_no_recombination,2,2041546,285532,1326883,1,0,0,0,3.496503496503497e-06,1.0000280178754044,204060,3769980,6609,0,0,0
snv_table,GCF_028199835.1,GCF_028199955.1,close_no_recombination,4,2041097,285466,1326598,1,3,0,0,3.496503496503497e-06,1.0000140121765815,204023,3769162,6609,0,3,0
snv_table,GCF_028199835.1,GCF_028199975.1,close_no_recombination,2,2041462,285524,1326832,1,0,0,0,3.496503496503497e-06,1.000021013995321,204052,3769838,6606,0,0,0
snv_table,GCF_028199835.1,GCF_028199995.1,close_no_recombination,2,2040961,285448,1326501,1,0,0,0,3.496503496503497e-06,1.0000070065300861,204021,3768873,6609,0,0,0
snv_table,GCF_028199835.1,GCF_028200075.1,close_no_recombination,5,2041546,285532,1326883,1,3,0,0,3.496503496503497e-06,1.0000280178754044,204060,3769980,6609,0,3,0
snv_table,GCF_028199835.1,GCF_028200115.1,close_no_recombination,4,2037617,284985,1324308,0,3,0,0,0.0,1.0000175447830588,203667,3762672,6585,0,3,0
snv_table,GCF_028199835.1,GCF_039734225.1,close_no_recombination,5,2040845,285432,1326430,1,1,0,0,3.496503496503497e-06,1.0000280276913591,204014,3768667,6609,0,1,0
snv_table,GCF_028199835.1,GCF_039760355.1,close_no_recombination,1,2038408,285067,1324848,0,1,0,0,0.0,1.0000105238417636,203767,3764174,6603,0,1,0
snv_table,GCF_028199835.1,GCF_039760375.1,close_no_recombination,6,2041546,285532,1326883,2,4,0,0,6.993006993006993e-06,1.0000280178754044,204060,3769980,6609,0,4,0
snv_table,GCF_028199835.1,GCF_039760395.1,close_no_recombination,9,2041546,285532,1326883,2,6,0,0,6.993006993006993e-06,1.0000280178754044,204060,3769980,6609,0,6,0
snv_table,GCF_028199835.1,GCF_039760415.1,close_no_recombination,4,2041546,285532,1326883,0,3,0,0,0.0,1.0000280178754044,204060,3769980,6609,0,3,0
snv_table,GCF_028199835.1,GCF_039760475.1,close_no_recombination,7,2040777,285418,1326388,0,5,0,0,0.0,1.0000070072665355,203997,3768558,6609,2,3,0
snv_table,GCF_028199855.1,GCF_028199875.1,close_no_recombination,5,2040717,285411,1326348,0,4,0,0,0.0,1.0000315334727814,204004,3768431,6609,0,4,0
snv_table,GCF_028199855.1,GCF_028199915.1,close_no_recombination,3,2040717,285411,1326348,1,1,0,0,3.496503496503497e-06,1.0000315334727814,204004,3768431,6609,0,1,0
snv_table,GCF_028199855.1,GCF_028199925.1,close_no_recombination,3,2040717,285411,1326348,1,1,0,0,3.496503496503497e-06,1.0000315334727814,204004,3768431,6609,0,1,0
snv_table,GCF_028199855.1,GCF_028199955.1,close_no_recombination,6,2040268,285345,1326063,1,4,0,0,3.496503496503497e-06,1.0000175226480226,203967,3767613,6609,0,4,0
snv_table,GCF_028199855.1,GCF_028199975.1,close_no_recombination,3,2040633,285403,1326297,1,1,0,0,3.496503496503497e-06,1.0000245267218635,203996,3768289,6606,0,1,0
snv_table,GCF_028199855.1,GCF_028199995.1,close_no_recombination,3,2040717,285411,1326348,1,1,0,0,3.496503496503497e-06,1.0000315334727814,204004,3768431,6609,0,1,0
snv_table,GCF_028199855.1,GCF_028200035.1,close_no_recombination,3,2040717,285411,1326348,1,1,0,0,3.496503496503497e-06,1.0000315334727814,204004,3768431,6609,0,1,0
snv_table,GCF_028199855.1,GCF_028200075.1,close_no_recombination,6,2040717,285411,1326348,1,4,0,0,3.496503496503497e-06,1.0000315334727814,204004,3768431,6609,0,4,0
snv_table,GCF_028199855.1,GCF_028200115.1,close_no_recombination,5,2036788,284864,1323773,0,4,0,0,0.0,1.0000210626825432,203611,3761123,6585,0,4,0
snv_table,GCF_028199855.1,GCF_039734225.1,close_no_recombination,6,2040717,285411,1326348,1,2,0,0,3.496503496503497e-06,1.0000315334727814,204004,3768431,6609,0,2,0
snv_table,GCF_028199855.1,GCF_039760355.1,close_no_recombination,3,2037579,284946,1324313,0,2,0,0,0.0,1.000014037747503,203711,3762625,6603,0,2,0
snv_table,GCF_028199855.1,GCF_039760375.1,close_no_recombination,9,2040717,285411,1326348,2,5,0,0,6.993006993006993e-06,1.0000315334727814,204004,3768431,6609,0,5,0
snv_table,GCF_028199855.1,GCF_039760395.1,close_no_recombination,10,2040717,285411,1326348,2,7,0,0,6.993006993006993e-06,1.0000315334727814,204004,3768431,6609,0,7,0
snv_table,GCF_028199855.1,GCF_039760415.1,close_no_recombination,5,2040717,285411,1326348,0,4,0,0,0.0,1.0000315334727814,204004,3768431,6609,0,4,0
snv_table,GCF_028199855.1,GCF_039760475.1,close_no_recombination,9,2040094,285318,1325948,0,6,0,0,0.0,1.0000070097224851,203952,3767283,6609,2,4,0
snv_table,GCF_028199875.1,GCF_028199915.1,close_no_recombination,4,2041546,285532,1326883,1,3,0,0,3.496503496503497e-06,1.0000280178754044,204060,3769980,6609,0,3,0
snv_table,GCF_028199875.1,GCF_028199925.1,close_no_recombination,4,2041546,285532,1326883,1,3,0,0,3.496503496503497e-06,1.0000280178754044,204060,3769980,6609,0,3,0
snv_table,GCF_028199875.1,GCF_028199955.1,close_no_recombination,1,2041097,285466,1326598,1,0,0,0,3.496503496503497e-06,1.0000140121765815,204023,3769162,6609,0,0,0
snv_table,GCF_028199875.1,GCF_028199975.1,close_no_recombination,4,2041462,285524,1326832,1,3,0,0,3.496503496503497e-06,1.000021013995321,204052,3769838,6606,0,3,0
snv_table,GCF_028199875.1,GCF_028199995.1,close_no_recombination,4,2040961,285448,1326501,1,3,0,0,3.496503496503497e-06,1.0000070065300861,204021,3768873,6609,0,3,0
snv_table,GCF_028199875.1,GCF_028200075.1,close_no_recombination,1,2041546,285532,1326883,1,0,0,0,3.496503496503497e-06,1.0000280178754044,204060,3769980,6609,0,0,0
snv_table,GCF_028199875.1,GCF_028200115.1,close_no_recombination,0,2037617,284985,1324308,0,0,0,0,0.0,1.0000175447830588,203667,3762672,6585,0,0,0
snv_table,GCF_028199875.1,GCF_039734225.1,close_no_recombination,5,2040845,285432,1326430,1,2,0,0,3.496503496503497e-06,1.0000280276913591,204014,3768667,6609,0,2,0
snv_table,GCF_028199875.1,GCF_039760355.1,close_no_recombination,2,2038408,285067,1324848,0,2,0,0,0.0,1.0000105238417636,203767,3764174,6603,0,2,0
snv_table,GCF_028199875.1,GCF_039760375.1,close_no_recombination,8,2041546,285532,1326883,2,5,0,0,6.993006993006993e-06,1.0000280178754044,204060,3769980,6609,0,5,0
snv_table,GCF_028199875.1,GCF_039760395.1,close_no_recombination,9,2041546,285532,1326883,2,7,0,0,6.993006993006993e-06,1.0000280178754044,204060,3769980,6609,0,7,0
snv_table,GCF_028199875.1,GCF_039760415.1,close_no_recombination,2,2041546,285532,1326883,0,2,0,0,0.0,1.0000280178754044,204060,3769980,6609,0,2,0
snv_table,GCF_028199875.1,GCF_039760475.1,close_no_recombination,8,2040777,285418,1326388,0,6,0,0,0.0,1.0000070072665355,203997,3768558,6609,2,4,0
snv_table,GCF_028199885.1,GCF_028200095.1,close_no_recombination,2,2047996,286486,1331049,1,1,0,0,3.484320557491289e-06,1.0000139622878605,204677,3781855,6615,0,1,0
snv_table,GCF_028199885.1,GCF_028395745.1,close_no_recombination,16,2046457,286250,1330068,4,10,0,0,1.3937282229965156e-05,1.0,204559,3779030,6615,1,9,0
snv_table,GCF_028199885.1,GCF_028395765.1,close_no_recombination,15,2046814,286302,1330307,2,8,0,0,6.968641114982578e-06,1.0000279425222318,204575,3779737,6609,0,8,0
snv_table,GCF_028199885.1,GCF_028395835.1,close_no_recombination,7,2047203,286357,1330553,2,4,0,0,6.968641114982578e-06,1.0000104764332634,204608,3780436,6615,0,4,0
snv_table,GCF_028199915.1,GCF_028199925.1,close_no_recombination,0,2041546,285532,1326883,0,0,0,0,0.0,1.0000280178754044,204060,3769980,6609,0,0,0
snv_table,GCF_028199915.1,GCF_028199955.1,close_no_recombination,5,2041097,285466,1326598,2,3,0,0,6.993006993006993e-06,1.0000140121765815,204023,3769162,6609,0,3,0
snv_table,GCF_028199915.1,GCF_028199975.1,close_no_recombination,0,2041462,285524,1326832,0,0,0,0,0.0,1.000021013995321,204052,3769838,6606,0,0,0
snv_table,GCF_028199915.1,GCF_028199995.1,close_no_recombination,0,2040961,285448,1326501,0,0,0,0,0.0,1.0000070065300861,204021,3768873,6609,0,0,0
snv_table,GCF_028199915.1,GCF_028200035.1,close_no_recombination,2,2041546,285532,1326883,1,0,0,0,3.496503496503497e-06,1.0000280178754044,204060,3769980,6609,0,0,0
snv_table,GCF_028199915.1,GCF_028200075.1,close_no_recombination,5,2041546,285532,1326883,2,3,0,0,6.993006993006993e-06,1.0000280178754044,204060,3769980,6609,0,3,0
snv_table,GCF_028199915.1,GCF_028200115.1,close_no_recombination,4,2037617,284985,1324308,1,3,0,0,3.5087719298245615e-06,1.0000175447830588,203667,3762672,6585,0,3,0
snv_table,GCF_028199915.1,GCF_039734225.1,close_no_recombination,5,2040845,285432,1326430,2,1,0,0,6.993006993006993e-06,1.0000280276913591,204014,3768667,6609,0,1,0
snv_table,GCF_028199915.1,GCF_039760355.1,close_no_recombination,2,2038408,285067,1324848,1,1,0,0,3.496503496503497e-06,1.0000105238417636,203767,3764174,6603,0,1,0
snv_table,GCF_028199915.1,GCF_039760375.1,close_no_recombination,8,2041546,285532,1326883,3,4,0,0,1.048951048951049e-05,1.0000280178754044,204060,3769980,6609,0,4,0
snv_table,GCF_028199915.1,GCF_039760395.1,close_no_recombination,9,2041546,285532,1326883,3,6,0,0,1.048951048951049e-05,1.0000280178754044,204060,3769980,6609,0,6,0
snv_table,GCF_028199915.1,GCF_039760415.1,close_no_recombination,4,2041546,285532,1326883,1,3,0,0,3.496503496503497e-06,1.0000280178754044,204060,3769980,6609,0,3,0
snv_table,GCF_028199915.1,GCF_039760475.1,close_no_recombination,8,2040777,285418,1326388,1,5,0,0,3.496503496503497e-06,1.0000070072665355,203997,3768558,6609,2,3,0
snv_table,GCF_028199925.1,GCF_028199955.1,close_no_recombination,5,2041097,285466,1326598,2,3,0,0,6.993006993006993e-06,1.0000140121765815,204023,3769162,6609,0,3,0
snv_table,GCF_028199925.1,GCF_028199975.1,close_no_recombination,0,2041462,285524,1326832,0,0,0,0,0.0,1.000021013995321,204052,3769838,6606,0,0,0
snv_table,GCF_028199925.1,GCF_028199995.1,close_no_recombination,0,2040961,285448,1326501,0,0,0,0,0.0,1.0000070065300861,204021,3768873,6609,0,0,0
snv_table,GCF_028199925.1,GCF_028200035.1,close_no_recombination,2,2041546,285532,1326883,1,0,0,0,3.496503496503497e-06,1.0000280178754044,204060,3769980,6609,0,0,0
snv_table,GCF_028199925.1,GCF_028200075.1,close_no_recombination,5,2041546,285532,1326883,2,3,0,0,6.993006993006993e-06,1.0000280178754044,204060,3769980,6609,0,3,0
snv_table,GCF_028199925.1,GCF_028200115.1,close_no_recombination,4,2037617,284985,1324308,1,3,0,0,3.5087719298245615e-06,1.0000175447830588,203667,3762672,6585,0,3,0
snv_table,GCF_028199925.1,GCF_039734225.1,close_no_recombination,5,2040845,285432,1326430,2,1,0,0,6.993006993006993e-06,1.0000280276913591,204014,3768667,6609,0,1,0
snv_table,GCF_028199925.1,GCF_039760355.1,close_no_recombination,2,2038408,285067,1324848,1,1,0,0,3.496503496503497e-06,1.0000105238417636,203767,3764174,6603,0,1,0
snv_table,GCF_028199925.1,GCF_039760375.1,close_no_recombination,8,2041546,285532,1326883,3,4,0,0,1.048951048951049e-05,1.0000280178754044,204060,3769980,6609,0,4,0
snv_table,GCF_028199925.1,GCF_039760395.1,close_no_recombination,9,2041546,285532,1326883,3,6,0,0,1.048951048951049e-05,1.0000280178754044,204060,3769980,6609,0,6,0
snv_table,GCF_028199925.1,GCF_039760415.1,close_no_recombination,4,2041546,285532,1326883,1,3,0,0,3.496503496503497e-06,1.0000280178754044,204060,3769980,6609,0,3,0
snv_table,GCF_028199925.1,GCF_039760475.1,close_no_recombination,8,2040777,285418,1326388,1,5,0,0,3.496503496503497e-06,1.0000070072665355,203997,3768558,6609,2,3,0
snv_table,GCF_028199955.1,GCF_028199975.1,close_no_recombination,5,2041013,285458,1326547,2,3,0,0,6.993006993006993e-06,1.0000070062846373,204015,3769020,6606,0,3,0
snv_table,GCF_028199955.1,GCF_028199995.1,close_no_recombination,5,2040512,285382,1326216,2,3,0,0,6.993006993006993e-06,1.000028032601916,203984,3768055,6609,0,3,0
snv_table,GCF_028199955.1,GCF_028200035.1,close_no_recombination,7,2041097,285466,1326598,3,3,0,0,1.048951048951049e-05,1.0000140121765815,204023,3769162,6609,0,3,0
snv_table,GCF_028199955.1,GCF_028200075.1,close_no_recombination,0,2041097,285466,1326598,0,0,0,0,0.0,1.0000140121765815,204023,3769162,6609,0,0,0
snv_table,GCF_028199955.1,GCF_028200115.1,close_no_recombination,1,2037168,284919,1324023,1,0,0,0,3.5087719298245615e-06,1.0000035097694433,203630,3761854,6585,0,0,0
snv_table,GCF_028199955.1,GCF_039734225.1,close_no_recombination,6,2040396,285366,1326145,2,2,0,0,6.993006993006993e-06,1.0000140170868288,203977,3767849,6609,0,2,0
snv_table,GCF_028199955.1,GCF_039760355.1,close_no_recombination,3,2038408,285067,1324848,1,2,0,0,3.496503496503497e-06,1.0000105238417636,203767,3764174,6603,0,2,0
snv_table,GCF_028199955.1,GCF_039760375.1,close_no_recombination,8,2041097,285466,1326598,3,5,0,0,1.048951048951049e-05,1.0000140121765815,204023,3769162,6609,0,5,0
snv_table,GCF_028199955.1,GCF_039760395.1,close_no_recombination,10,2041097,285466,1326598,3,7,0,0,1.048951048951049e-05,1.0000140121765815,204023,3769162,6609,0,7,0
snv_table,GCF_028199955.1,GCF_039760415.1,close_no_recombination,3,2041097,285466,1326598,1,2,0,0,3.496503496503497e-06,1.0000140121765815,204023,3769162,6609,0,2,0
snv_table,GCF_028199955.1,GCF_039760475.1,close_no_recombination,9,2040777,285418,1326388,1,6,0,0,3.496503496503497e-06,1.0000070072665355,203997,3768558,6609,2,4,0
snv_table,GCF_028199975.1,GCF_028199995.1,close_no_recombination,0,2040877,285440,1326450,0,0,0,0,0.0,1.0,204013,3768731,6606,0,0,0
snv_table,GCF_028199975.1,GCF_028200035.1,close_no_recombination,2,2041462,285524,1326832,1,0,0,0,3.496503496503497e-06,1.000021013995321,204052,3769838,6606,0,0,0
snv_table,GCF_028199975.1,GCF_028200075.1,close_no_recombination,5,2041462,285524,1326832,2,3,0,0,6.993006993006993e-06,1.000021013995321,204052,3769838,6606,0,3,0
snv_table,GCF_028199975.1,GCF_028200115.1,close_no_recombination,4,2037533,284977,1324257,1,3,0,0,3.5087719298245615e-06,1.00001052716535,203659,3762530,6582,0,3,0
snv_table,GCF_028199975.1,GCF_039734225.1,close_no_recombination,5,2040761,285424,1326379,2,1,0,0,6.993006993006993e-06,1.0000210213576994,204006,3768525,6606,0,1,0
snv_table,GCF_028199975.1,GCF_039760355.1,close_no_recombination,2,2038324,285059,1324797,1,1,0,0,3.496503496503497e-06,1.0000035080457028,203759,3764032,6600,0,1,0
snv_table,GCF_028199975.1,GCF_039760375.1,close_no_recombination,8,2041462,285524,1326832,3,4,0,0,1.048951048951049e-05,1.000021013995321,204052,3769838,6606,0,4,0
snv_table,GCF_028199975.1,GCF_039760395.1,close_no_recombination,9,2041462,285524,1326832,3,6,0,0,1.048951048951049e-05,1.000021013995321,204052,3769838,6606,0,6,0
snv_table,GCF_028199975.1,GCF_039760415.1,close_no_recombination,4,2041462,285524,1326832,1,3,0,0,3.496503496503497e-06,1.000021013995321,204052,3769838,6606,0,3,0
snv_table,GCF_028199975.1,GCF_039760475.1,close_no_recombination,8,2040693,285410,1326337,1,5,0,0,3.496503496503497e-06,1.0,203989,3768416,6606,2,3,0
snv_table,GCF_028199985.1,GCF_028200495.1,close_no_recombination,13,2033172,284235,1321348,1,11,0,0,3.5087719298245615e-06,1.0000175910778053,203345,3754072,6627,0,11,0
snv_table,GCF_028199985.1,GCF_028200515.1,close_no_recombination,8,2033068,284222,1321282,1,5,0,0,3.5087719298245615e-06,1.0000281470118428,203335,3753890,6621,0,5,0
snv_table,GCF_028199985.1,GCF_028200525.1,close_no_recombination,10,2033172,284235,1321348,1,6,0,0,3.5087719298245615e-06,1.0000175910778053,203345,3754072,6627,0,6,0
snv_table,GCF_028199985.1,GCF_028200555.1,close_no_recombination,12,2033172,284235,1321348,1,8,0,0,3.5087719298245615e-06,1.0000175910778053,203345,3754072,6627,0,8,0
snv_table,GCF_028199985.1,GCF_028200745.1,close_no_recombination,7,2033172,284235,1321348,1,5,0,0,3.5087719298245615e-06,1.0000175910778053,203345,3754072,6627,0,5,0
snv_table,GCF_028199985.1,GCF_028200835.1,close_no_recombination,13,2033172,284235,1321348,3,8,0,0,1.0526315789473684e-05,1.0000175910778053,203345,3754072,6627,0,8,0
snv_table,GCF_028199985.1,GCF_028200845.1,close_no_recombination,15,2032986,284205,1321227,2,9,0,0,7.017543859649123e-06,1.0000175929346775,203326,3753728,6627,0,9,0
snv_table,GCF_028199985.1,GCF_028200895.1,close_no_recombination,10,2031400,283972,1320217,3,6,0,0,1.056338028169014e-05,1.000028171791585,203194,3750836,6621,0,6,0
snv_table,GCF_028199995.1,GCF_028200035.1,close_no_recombination,1,2040961,285448,1326501,1,0,0,0,3.496503496503497e-06,1.0000070065300861,204021,3768873,6609,0,0,0
snv_table,GCF_028199995.1,GCF_028200075.1,close_no_recombination,5,2040961,285448,1326501,2,3,0,0,6.993006993006993e-06,1.0000070065300861,204021,3768873,6609,0,3,0
snv_table,GCF_028199995.1,GCF_028200115.1,close_no_recombination,4,2037032,284901,1323926,1,3,0,0,3.5087719298245615e-06,1.0000315899207093,203628,3761565,6585,0,3,0
snv_table,GCF_028199995.1,GCF_039734225.1,close_no_recombination,5,2040845,285432,1326430,2,1,0,0,6.993006993006993e-06,1.0000280276913591,204014,3768667,6609,0,1,0
snv_table,GCF_028199995.1,GCF_039760355.1,close_no_recombination,2,2037823,284983,1324466,1,1,0,0,3.5087719298245615e-06,1.0000245628686624,203728,3763067,6603,0,1,0
snv_table,GCF_028199995.1,GCF_039760375.1,close_no_recombination,8,2040961,285448,1326501,3,4,0,0,1.048951048951049e-05,1.0000070065300861,204021,3768873,6609,0,4,0
snv_table,GCF_028199995.1,GCF_039760395.1,close_no_recombination,9,2040961,285448,1326501,3,6,0,0,1.048951048951049e-05,1.0000070065300861,204021,3768873,6609,0,6,0
snv_table,GCF_028199995.1,GCF_039760415.1,close_no_recombination,4,2040961,285448,1326501,1,3,0,0,3.496503496503497e-06,1.0000070065300861,204021,3768873,6609,0,3,0
snv_table,GCF_028199995.1,GCF_039760475.1,close_no_recombination,8,2040338,285355,1326101,1,5,0,0,3.496503496503497e-06,1.0000175220339578,203969,3767725,6609,2,3,0
snv_table,GCF_028200035.1,GCF_028200075.1,close_no_recombination,7,2041546,285532,1326883,3,3,0,0,1.048951048951049e-05,1.0000280178754044,204060,3769980,6609,0,3,0
snv_table,GCF_028200035.1,GCF_039734225.1,close_no_recombination,5,2040845,285432,1326430,2,1,0,0,6.993006993006993e-06,1.0000280276913591,204014,3768667,6609,0,1,0
snv_table,GCF_028200035.1,GCF_039760375.1,close_no_recombination,10,2041546,285532,1326883,4,4,0,0,1.3986013986013986e-05,1.0000280178754044,204060,3769980,6609,0,4,0
snv_table,GCF_028200035.1,GCF_039760395.1,close_no_recombination,11,2041546,285532,1326883,4,6,0,0,1.3986013986013986e-05,1.0000280178754044,204060,3769980,6609,0,6,0
snv_table,GCF_028200075.1,GCF_028200115.1,close_no_recombination,1,2037617,284985,1324308,1,0,0,0,3.5087719298245615e-06,1.0000175447830588,203667,3762672,6585,0,0,0
snv_table,GCF_028200075.1,GCF_039734225.1,close_no_recombination,6,2040845,285432,1326430,2,2,0,0,6.993006993006993e-06,1.0000280276913591,204014,3768667,6609,0,2,0
snv_table,GCF_028200075.1,GCF_039760355.1,close_no_recombination,3,2038408,285067,1324848,1,2,0,0,3.496503496503497e-06,1.0000105238417636,203767,3764174,6603,0,2,0
snv_table,GCF_028200075.1,GCF_039760375.1,close_no_recombination,9,2041546,285532,1326883,3,5,0,0,1.048951048951049e-05,1.0000280178754044,204060,3769980,6609,0,5,0
snv_table,GCF_028200075.1,GCF_039760395.1,close_no_recombination,10,2041546,285532,1326883,3,7,0,0,1.048951048951049e-05,1.0000280178754044,204060,3769980,6609,0,7,0
snv_table,GCF_028200075.1,GCF_039760415.1,close_no_recombination,3,2041546,285532,1326883,1,2,0,0,3.496503496503497e-06,1.0000280178754044,204060,3769980,6609,0,2,0
snv_table,GCF_028200075.1,GCF_039760475.1,close_no_recombination,9,2040777,285418,1326388,1,6,0,0,3.496503496503497e-06,1.0000070072665355,203997,3768558,6609,2,4,0
snv_table,GCF_028200095.1,GCF_028395745.1,close_no_recombination,16,2046458,286251,1330068,4,10,0,0,1.3937282229965156e-05,1.0000314409381976,204559,3779030,6615,1,9,0
snv_table,GCF_028200095.1,GCF_028395765.1,close_no_recombination,15,2046815,286303,1330307,2,8,0,0,6.968641114982578e-06,1.0000244496215547,204575,3779737,6609,0,8,0
snv_table,GCF_028200095.1,GCF_028395835.1,close_no_recombination,7,2047204,286358,1330553,2,4,0,0,6.968641114982578e-06,1.0000069842644521,204608,3780436,6615,0,4,0
snv_table,GCF_028200115.1,GCF_039734225.1,close_no_recombination,5,2036916,284885,1323855,1,2,0,0,3.5087719298245615e-06,1.000017550941608,203621,3761359,6585,0,2,0
snv_table,GCF_028200115.1,GCF_039760355.1,close_no_recombination,2,2034479,284520,1322273,0,2,0,0,0.0,1.0,203374,3756866,6579,0,2,0
snv_table,GCF_028200115.1,GCF_039760375.1,close_no_recombination,8,2037617,284985,1324308,2,5,0,0,7.017543859649123e-06,1.0000175447830588,203667,3762672,6585,0,5,0
snv_table,GCF_028200115.1,GCF_039760395.1,close_no_recombination,9,2037617,284985,1324308,2,7,0,0,7.017543859649123e-06,1.0000175447830588,203667,3762672,6585,0,7,0
snv_table,GCF_028200115.1,GCF_039760415.1,close_no_recombination,2,2037617,284985,1324308,0,2,0,0,0.0,1.0000175447830588,203667,3762672,6585,0,2,0
snv_table,GCF_028200115.1,GCF_039760475.1,close_no_recombination,8,2036848,284871,1323813,0,6,0,0,0.0,1.00003159324747,203604,3761250,6585,2,4,0
snv_table,GCF_028200195.1,GCF_028200215.1,close_no_recombination,33,2048381,286445,1331266,8,20,0,0,2.7874564459930312e-05,1.0000174553579222,204702,3782442,6654,0,20,0
snv_table,GCF_028200195.1,GCF_028200225.1,close_no_recombination,4,2048442,286453,1331305,3,1,0,0,1.0452961672473868e-05,1.0000244368186055,204705,3782556,6654,0,1,0
snv_table,GCF_028200195.1,GCF_028200255.1,close_no_recombination,4,2048442,286453,1331305,3,1,0,0,1.0452961672473868e-05,1.0000244368186055,204705,3782556,6654,0,1,0
snv_table,GCF_028200215.1,GCF_028200225.1,close_no_recombination,29,2048462,286449,1331320,5,19,0,0,1.7421602787456446e-05,1.0000034910228348,204718,3782585,6657,0,19,0
snv_table,GCF_028200215.1,GCF_028200255.1,close_no_recombination,29,2048462,286449,1331320,5,19,0,0,1.7421602787456446e-05,1.0000034910228348,204718,3782585,6657,0,19,0
snv_table,GCF_028200225.1,GCF_028200255.1,close_no_recombination,0,2048523,286457,1331359,0,0,0,0,0.0,1.0000104727760188,204721,3782699,6657,0,0,0
snv_table,GCF_028200275.1,GCF_028200355.1,close_no_recombination,0,2045984,286212,1329756,0,0,0,0,0.0,1.00002795130882,204426,3778188,6654,0,0,0
snv_table,GCF_028200275.1,GCF_028200765.1,close_no_recombination,12,2045903,286203,1329705,2,8,0,0,6.968641114982578e-06,1.0000244581643098,204415,3778046,6654,0,8,0
snv_table,GCF_028200275.1,GCF_028200975.1,close_no_recombination,12,2045912,286204,1329710,2,8,0,0,6.968641114982578e-06,1.0000209640675881,204416,3778060,6654,0,8,0
snv_table,GCF_028200275.1,GCF_028394965.1,close_no_recombination,4,2045588,286151,1329500,2,1,0,0,6.968641114982578e-06,1.0000314519257316,204387,3777459,6654,0,1,0
snv_table,GCF_028200275.1,GCF_028394975.1,close_no_recombination,16,2045485,286142,1329432,4,9,0,0,1.3937282229965156e-05,1.0000279581466545,204374,3777268,6654,0,9,0
snv_table,GCF_028200275.1,GCF_028395025.1,close_no_recombination,11,2045912,286204,1329710,2,7,0,0,6.968641114982578e-06,1.0000209640675881,204416,3778060,6654,0,7,0
snv_table,GCF_028200275.1,GCF_028395045.1,close_no_recombination,4,2045588,286151,1329500,2,1,0,0,6.968641114982578e-06,1.0000314519257316,204387,3777459,6654,0,1,0
snv_table,GCF_028200295.1,GCF_028395935.1,close_no_recombination,0,2030537,283964,1319653,0,0,0,0,0.0,1.000021129438943,203024,3749299,6636,0,0,0
snv_table,GCF_028200325.1,GCF_028395935.1,close_no_recombination,1,2030561,283966,1319668,0,0,0,0,0.0,1.0000140861934175,203025,3749340,6639,0,0,0
snv_table,GCF_028200355.1,GCF_028200765.1,close_no_recombination,14,2046046,286224,1329803,3,9,0,0,1.0452961672473868e-05,1.0000209626027168,204421,3778334,6654,0,9,0
snv_table,GCF_028200355.1,GCF_028200975.1,close_no_recombination,12,2046006,286216,1329775,2,8,0,0,6.968641114982578e-06,1.0000139754590938,204422,3778249,6654,0,8,0
snv_table,GCF_028200355.1,GCF_028394965.1,close_no_recombination,4,2045682,286163,1329565,2,1,0,0,6.968641114982578e-06,1.0000244615830838,204393,3777648,6654,0,1,0
snv_table,GCF_028200355.1,GCF_028394975.1,close_no_recombination,18,2045628,286163,1329530,4,10,0,0,1.3937282229965156e-05,1.0000244615830838,204380,3777556,6654,0,10,0
snv_table,GCF_028200355.1,GCF_028395025.1,close_no_recombination,11,2046006,286216,1329775,2,7,0,0,6.968641114982578e-06,1.0000139754590938,204422,3778249,6654,0,7,0
snv_table,GCF_028200355.1,GCF_028395045.1,close_no_recombination,4,2045682,286163,1329565,2,1,0,0,6.968641114982578e-06,1.0000244615830838,204393,3777648,6654,0,1,0
snv_table,GCF_028200475.1,GCF_028200575.1,close_no_recombination,18,2032132,284090,1320673,5,9,0,0,1.0526315789473684e-05,1.0,203247,3752154,6618,0,9,0
snv_table,GCF_028200475.1,GCF_028200895.1,close_no_recombination,4,2031446,283988,1320245,2,2,0,0,7.042253521126761e-06,1.0000070425510936,203186,3750934,6615,0,2,0
snv_table,GCF_028200495.1,GCF_028200515.1,close_no_recombination,11,2033335,284267,1321449,0,10,0,0,0.0,1.0000105534585442,203358,3754365,6624,0,10,0
snv_table,GCF_028200495.1,GCF_028200525.1,close_no_recombination,11,2033500,284293,1321554,0,9,0,0,0.0,1.0000246224845495,203372,3754660,6630,0,9,0
snv_table,GCF_028200495.1,GCF_028200555.1,close_no_recombination,11,2033500,284293,1321554,0,9,0,0,0.0,1.0000246224845495,203372,3754660,6630,0,9,0
snv_table,GCF_028200495.1,GCF_028200745.1,close_no_recombination,9,2033423,284276,1321504,0,8,0,0,0.0,1.000014070832571,203369,3754513,6630,0,8,0
snv_table,GCF_028200495.1,GCF_028200835.1,close_no_recombination,12,2033500,284293,1321554,2,9,0,0,7.017543859649123e-06,1.0000246224845495,203372,3754660,6630,0,9,0
snv_table,GCF_028200495.1,GCF_028200845.1,close_no_recombination,14,2033314,284263,1321433,1,10,0,0,3.5087719298245615e-06,1.0000246250831097,203353,3754316,6630,0,10,0
snv_table,GCF_028200495.1,GCF_028200895.1,close_no_recombination,9,2031538,284002,1320306,2,7,0,0,7.017543859649123e-06,1.0000281688157127,203201,3751096,6621,0,7,0
snv_table,GCF_028200515.1,GCF_028200525.1,close_no_recombination,6,2033335,284267,1321449,0,5,0,0,0.0,1.0000105534585442,203358,3754365,6624,0,5,0
snv_table,GCF_028200515.1,GCF_028200555.1,close_no_recombination,8,2033335,284267,1321449,0,7,0,0,0.0,1.0000105534585442,203358,3754365,6624,0,7,0
snv_table,GCF_028200515.1,GCF_028200745.1,close_no_recombination,6,2033258,284250,1321399,0,4,0,0,0.0,1.0,203355,3754218,6624,0,4,0
snv_table,GCF_028200515.1,GCF_028200835.1,close_no_recombination,9,2033335,284267,1321449,2,7,0,0,7.017543859649123e-06,1.0000105534585442,203358,3754365,6624,0,7,0
snv_table,GCF_028200515.1,GCF_028200845.1,close_no_recombination,11,2033149,284237,1321328,1,8,0,0,3.5087719298245615e-06,1.0000105545724167,203339,3754021,6624,0,8,0
snv_table,GCF_028200515.1,GCF_028200895.1,close_no_recombination,7,2031373,283976,1320201,2,5,0,0,7.042253521126761e-06,1.000014085697383,203187,3750801,6615,0,5,0
snv_table,GCF_028200525.1,GCF_028200555.1,close_no_recombination,8,2033500,284293,1321554,0,6,0,0,0.0,1.0000246224845495,203372,3754660,6630,0,6,0
snv_table,GCF_028200525.1,GCF_028200745.1,close_no_recombination,6,2033423,284276,1321504,0,3,0,0,0.0,1.000014070832571,203369,3754513,6630,0,3,0
snv_table,GCF_028200525.1,GCF_028200835.1,close_no_recombination,9,2033500,284293,1321554,2,6,0,0,7.017543859649123e-06,1.0000246224845495,203372,3754660,6630,0,6,0
snv_table,GCF_028200525.1,GCF_028200845.1,close_no_recombination,11,2033314,284263,1321433,1,7,0,0,3.5087719298245615e-06,1.0000246250831097,203353,3754316,6630,0,7,0
snv_table,GCF_028200525.1,GCF_028200895.1,close_no_recombination,7,2031538,284002,1320306,2,4,0,0,7.017543859649123e-06,1.0000281688157127,203201,3751096,6621,0,4,0
snv_table,GCF_028200555.1,GCF_028200745.1,close_no_recombination,8,2033423,284276,1321504,0,5,0,0,0.0,1.000014070832571,203369,3754513,6630,0,5,0
snv_table,GCF_028200555.1,GCF_028200835.1,close_no_recombination,9,2033500,284293,1321554,2,6,0,0,7.017543859649123e-06,1.0000246224845495,203372,3754660,6630,0,6,0
snv_table,GCF_028200555.1,GCF_028200845.1,close_no_recombination,11,2033314,284263,1321433,1,7,0,0,3.5087719298245615e-06,1.0000246250831097,203353,3754316,6630,0,7,0
snv_table,GCF_028200555.1,GCF_028200895.1,close_no_recombination,7,2031538,284002,1320306,2,4,0,0,7.017543859649123e-06,1.0000281688157127,203201,3751096,6621,0,4,0
snv_table,GCF_028200575.1,GCF_028200895.1,close_no_recombination,11,2031505,283997,1320285,3,6,0,0,1.056338028169014e-05,1.000010563491868,203198,3751036,6621,0,6,0
snv_table,GCF_028200745.1,GCF_028200835.1,close_no_recombination,9,2033423,284276,1321504,2,5,0,0,7.017543859649123e-06,1.000014070832571,203369,3754513,6630,0,5,0
snv_table,GCF_028200745.1,GCF_028200845.1,close_no_recombination,11,2033237,284246,1321383,1,6,0,0,3.5087719298245615e-06,1.0000140723176403,203350,3754169,6630,0,6,0
snv_table,GCF_028200745.1,GCF_028200895.1,close_no_recombination,5,2031461,283985,1320256,2,3,0,0,7.042253521126761e-06,1.000017606563727,203198,3750949,6621,0,3,0
snv_table,GCF_028200765.1,GCF_028200975.1,close_no_recombination,1,2046058,286217,1329808,0,1,0,0,0.0,1.0000104815576993,204433,3778337,6654,0,1,0
snv_table,GCF_028200765.1,GCF_028394965.1,close_no_recombination,13,2045719,286169,1329586,1,9,0,0,3.484320557491289e-06,1.000003494438601,204397,3777698,6663,0,9,0
snv_table,GCF_028200765.1,GCF_028394975.1,close_no_recombination,10,2045798,286179,1329635,4,4,0,0,1.3937282229965156e-05,1.0000034943164942,204406,3777836,6663,0,4,0
snv_table,GCF_028200765.1,GCF_028395025.1,close_no_recombination,3,2046176,286232,1329880,0,3,0,0,0.0,1.0000279493557673,204448,3778529,6663,0,3,0
snv_table,GCF_028200765.1,GCF_028395045.1,close_no_recombination,13,2045719,286169,1329586,1,9,0,0,3.484320557491289e-06,1.000003494438601,204397,3777698,6663,0,9,0
snv_table,GCF_028200835.1,GCF_028200845.1,close_no_recombination,10,2033314,284263,1321433,1,7,0,0,3.5087719298245615e-06,1.0000246250831097,203353,3754316,6630,0,7,0
snv_table,GCF_028200835.1,GCF_028200895.1,close_no_recombination,7,2031538,284002,1320306,3,4,0,0,1.0526315789473684e-05,1.0000281688157127,203201,3751096,6621,0,4,0
snv_table,GCF_028200845.1,GCF_028200895.1,close_no_recombination,9,2031352,283972,1320185,2,5,0,0,7.042253521126761e-06,1.000028171791585,203182,3750752,6621,0,5,0
snv_table,GCF_028200875.1,GCF_028200955.1,close_no_recombination,8,2032723,284298,1321018,1,5,0,0,3.5087719298245615e-06,1.0000070348718597,202992,3753483,6579,0,5,0
snv_table,GCF_028200875.1,GCF_028201015.1,close_no_recombination,4,2033006,284337,1321204,1,2,0,0,3.5087719298245615e-06,1.0000105508604227,203012,3754021,6579,0,2,0
snv_table,GCF_028200875.1,GCF_028395295.1,close_no_recombination,6,2032339,284238,1320777,1,3,0,0,3.5087719298245615e-06,1.0000070363568558,202955,3752797,6579,0,3,0
snv_table,GCF_028200875.1,GCF_028395405.1,close_no_recombination,11,2032232,284233,1320705,1,7,0,0,3.5087719298245615e-06,1.0000246276822184,202939,3752597,6579,0,7,0
snv_table,GCF_028200875.1,GCF_028395425.1,close_no_recombination,1,2031957,284183,1320527,1,0,0,0,3.5087719298245615e-06,1.000024632015286,202922,3752080,6579,0,0,0
snv_table,GCF_028200875.1,GCF_028395455.1,close_no_recombination,10,2032047,284198,1320586,1,7,0,0,3.5087719298245615e-06,1.0000070373472016,202934,3752245,6579,0,7,0
snv_table,GCF_028200875.1,GCF_028395505.1,close_no_recombination,2,2032377,284247,1320797,1,0,0,0,3.5087719298245615e-06,1.0000105542010997,202958,3752854,6579,0,0,0
snv_table,GCF_028200875.1,GCF_028395525.1,close_no_recombination,2,2032284,284228,1320741,1,0,0,0,3.5087719298245615e-06,1.0000070366044163,202945,3752699,6579,0,0,0
snv_table,GCF_028200875.1,GCF_028395605.1,close_no_recombination,6,2032197,284215,1320679,2,2,0,0,7.017543859649123e-06,1.0000175923156764,202947,3752511,6579,0,2,0
snv_table,GCF_028200875.1,GCF_028395635.1,close_no_recombination,7,2032013,284195,1320568,1,4,0,0,3.5087719298245615e-06,1.0000175935537219,202930,3752195,6579,0,4,0
snv_table,GCF_028200935.1,GCF_028201045.1,close_no_recombination,5,2049142,286506,1331755,2,3,0,0,6.968641114982578e-06,1.000013961313201,204846,3783741,6678,0,3,0
snv_table,GCF_028200935.1,GCF_028201315.1,close_no_recombination,110,2048885,286475,1331592,22,62,0,0,7.665505226480836e-05,1.0000174535299764,204809,3783298,6669,3,59,0
snv_table,GCF_028200935.1,GCF_028395215.1,close_no_recombination,11,2048816,286455,1331540,2,6,0,0,6.968641114982578e-06,1.0000174547485643,204813,3783129,6678,0,6,0
snv_table,GCF_028200935.1,GCF_028395235.1,close_no_recombination,35,2048198,286362,1331138,9,12,0,0,2.0905923344947736e-05,1.0000279366675746,204761,3781987,6666,1,11,0
snv_table,GCF_028200935.1,GCF_028395285.1,close_no_recombination,2,2049091,286497,1331720,0,2,0,0,0.0,1.0000104713138358,204846,3783636,6678,0,2,0
snv_table,GCF_028200955.1,GCF_028201015.1,close_no_recombination,8,2032714,284297,1321013,0,5,0,0,0.0,1.000010552344907,202991,3753469,6579,0,5,0
snv_table,GCF_028200955.1,GCF_028395295.1,close_no_recombination,10,2032047,284198,1320586,0,6,0,0,0.0,1.0000070373472016,202934,3752245,6579,0,6,0
snv_table,GCF_028200955.1,GCF_028395405.1,close_no_recombination,15,2032206,284228,1320686,0,10,0,0,0.0,1.0000070366044163,202937,3752542,6579,0,10,0
snv_table,GCF_028200955.1,GCF_028395425.1,close_no_recombination,7,2031931,284178,1320508,0,5,0,0,0.0,1.000007037842479,202920,3752025,6579,0,5,0
snv_table,GCF_028200955.1,GCF_028395455.1,close_no_recombination,4,2032047,284198,1320586,0,2,0,0,0.0,1.0000070373472016,202934,3752245,6579,0,2,0
snv_table,GCF_028200955.1,GCF_028395505.1,close_no_recombination,8,2032351,284242,1320778,0,5,0,0,0.0,1.0000281450313466,202956,3752799,6579,0,5,0
snv_table,GCF_028200955.1,GCF_028395525.1,close_no_recombination,8,2031992,284188,1320550,0,5,0,0,0.0,1.0000070375948316,202924,3752147,6579,0,5,0
snv_table,GCF_028200955.1,GCF_028395605.1,close_no_recombination,12,2032171,284210,1320660,1,7,0,0,3.5087719298245615e-06,1.0,202945,3752456,6579,0,7,0
snv_table,GCF_028200955.1,GCF_028395635.1,close_no_recombination,3,2031987,284190,1320549,0,1,0,0,0.0,1.0,202928,3752140,6579,0,1,0
snv_table,GCF_028200975.1,GCF_028394965.1,close_no_recombination,10,2045610,286155,1329519,0,7,0,0,0.0,1.0000174730478237,204383,3777520,6654,0,7,0
snv_table,GCF_028200975.1,GCF_028394975.1,close_no_recombination,7,2045640,286156,1329535,2,4,0,0,6.968641114982578e-06,1.00001397838941,204392,3777559,6654,0,4,0
snv_table,GCF_028200975.1,GCF_028395025.1,close_no_recombination,1,2046067,286218,1329813,0,1,0,0,0.0,1.000006987680719,204434,3778351,6654,0,1,0
snv_table,GCF_028200975.1,GCF_028395045.1,close_no_recombination,10,2045610,286155,1329519,0,7,0,0,0.0,1.0000174730478237,204383,3777520,6654,0,7,0
snv_table,GCF_028201015.1,GCF_028395295.1,close_no_recombination,6,2032330,284237,1320772,0,3,0,0,0.0,1.0000105545724167,202954,3752783,6579,0,3,0
snv_table,GCF_028201015.1,GCF_028395405.1,close_no_recombination,11,2032223,284232,1320700,0,7,0,0,0.0,1.0000281460215599,202938,3752583,6579,0,7,0
snv_table,GCF_028201015.1,GCF_028395425.1,close_no_recombination,3,2031948,284182,1320522,0,2,0,0,0.0,1.0000281509736717,202921,3752066,6579,0,2,0
snv_table,GCF_028201015.1,GCF_028395455.1,close_no_recombination,10,2032038,284197,1320581,0,7,0,0,0.0,1.0000105560579458,202933,3752231,6579,0,7,0
snv_table,GCF_028201015.1,GCF_028395505.1,close_no_recombination,4,2032368,284246,1320792,0,2,0,0,0.0,1.0000140723176403,202957,3752840,6579,0,2,0
snv_table,GCF_028201015.1,GCF_028395525.1,close_no_recombination,4,2032275,284227,1320736,0,2,0,0,0.0,1.0000105549437597,202944,3752685,6579,0,2,0
snv_table,GCF_028201015.1,GCF_028395605.1,close_no_recombination,8,2032197,284215,1320679,1,4,0,0,3.5087719298245615e-06,1.0000175923156764,202947,3752511,6579,0,4,0
snv_table,GCF_028201015.1,GCF_028395635.1,close_no_recombination,7,2032004,284194,1320563,0,4,0,0,0.0,1.0000211123387546,202929,3752181,6579,0,4,0
snv_table,GCF_028201035.1,GCF_051065055.1,close_no_recombination,87,2034558,284513,1322276,15,57,0,0,4.912280701754386e-05,1.0000246034451852,203329,3756860,6639,2,55,0
snv_table,GCF_028201045.1,GCF_028201315.1,close_no_recombination,119,2049144,286513,1331763,27,65,0,0,8.710801393728223e-05,1.0000244317011793,204824,3783796,6669,3,62,0
snv_table,GCF_028201045.1,GCF_028395215.1,close_no_recombination,15,2048842,286460,1331559,2,10,0,0,6.968641114982578e-06,1.0,204815,3783184,6678,0,10,0
snv_table,GCF_028201045.1,GCF_028395235.1,close_no_recombination,33,2048224,286367,1331157,9,10,0,0,1.7421602787456446e-05,1.000010476067424,204763,3782042,6666,1,9,0
snv_table,GCF_028201045.1,GCF_028395285.1,close_no_recombination,8,2049411,286542,1331929,4,3,0,0,1.0452961672473868e-05,1.0000279191183143,204868,3784241,6678,0,3,0
snv_table,GCF_028201135.1,GCF_028201155.1,close_no_recombination,17,2049882,286649,1332239,4,8,0,0,1.3937282229965156e-05,1.0000034885870874,204884,3785155,6678,0,8,0
snv_table,GCF_028201135.1,GCF_028201215.1,close_no_recombination,16,2049998,286667,1332314,3,8,0,0,1.0452961672473868e-05,1.0000104651041104,204904,3785360,6678,0,8,0
snv_table,GCF_028201155.1,GCF_028201215.1,close_no_recombination,3,2051993,286909,1333606,1,2,0,0,3.484320557491289e-06,1.0000034854256925,205078,3789050,6690,0,2,0
snv_table,GCF_028201235.1,GCF_039760255.1,close_no_recombination,44,2030814,284162,1319939,11,15,0,0,3.508771929824561e-05,1.0000281529550046,202811,3750385,6621,0,15,0
snv_table,GCF_028201315.1,GCF_028395215.1,close_no_recombination,108,2048585,286429,1331396,24,58,0,0,8.362369337979094e-05,1.0000034912665967,204778,3782741,6669,3,55,0
snv_table,GCF_028201315.1,GCF_028395235.1,close_no_recombination,138,2047967,286336,1330994,31,68,0,0,9.40766550522648e-05,1.0000139696021457,204726,3781599,6657,2,66,0
snv_table,GCF_028201315.1,GCF_028395285.1,close_no_recombination,109,2049093,286504,1331728,22,62,0,0,7.665505226480836e-05,1.0000209421159914,204824,3783691,6669,3,59,0
snv_table,GCF_028201355.1,GCF_028201375.1,close_no_recombination,3,2028719,283605,1318382,1,2,0,0,3.5211267605633804e-06,1.0000176301546164,202648,3745898,6600,0,2,0
snv_table,GCF_028394625.1,GCF_028394645.1,close_no_recombination,4,2050970,286771,1332953,0,2,0,0,0.0,1.0000313839265476,204978,3787236,6645,0,2,0
snv_table,GCF_028394625.1,GCF_028394655.1,close_no_recombination,4,2050970,286771,1332953,0,3,0,0,0.0,1.0000313839265476,204978,3787236,6645,0,3,0
snv_table,GCF_028394625.1,GCF_028394725.1,close_no_recombination,3,2050961,286770,1332948,0,2,0,0,0.0,1.0,204977,3787222,6645,0,2,0
snv_table,GCF_028394625.1,GCF_039760425.1,close_no_recombination,2,2050961,286770,1332948,0,1,0,0,0.0,1.0,204977,3787222,6645,0,1,0
snv_table,GCF_028394645.1,GCF_028394655.1,close_no_recombination,4,2051067,286781,1333020,0,3,0,0,0.0,1.000031382832196,204986,3787429,6645,0,3,0
snv_table,GCF_028394645.1,GCF_028394725.1,close_no_recombination,3,2051058,286780,1333015,0,2,0,0,0.0,1.0,204985,3787415,6645,0,2,0
snv_table,GCF_028394645.1,GCF_039760425.1,close_no_recombination,2,2051058,286780,1333015,0,1,0,0,0.0,1.0,204985,3787415,6645,0,1,0
snv_table,GCF_028394655.1,GCF_028394725.1,close_no_recombination,3,2051058,286780,1333015,0,3,0,0,0.0,1.0,204985,3787415,6645,0,3,0
snv_table,GCF_028394655.1,GCF_039760425.1,close_no_recombination,2,2051058,286780,1333015,0,2,0,0,0.0,1.0,204985,3787415,6645,0,2,0
snv_table,GCF_028394725.1,GCF_039760425.1,close_no_recombination,1,2051058,286780,1333015,0,1,0,0,0.0,1.0,204985,3787415,6645,0,1,0
snv_table,GCF_028394965.1,GCF_028394975.1,close_no_recombination,13,2045701,286169,1329570,2,9,0,0,6.968641114982578e-06,1.000003494438601,204395,3777649,6666,0,9,0
snv_table,GCF_028394965.1,GCF_028395025.1,close_no_recombination,10,2045732,286170,1329592,1,6,0,0,3.484320557491289e-06,1.0,204398,3777712,6666,0,6,0
snv_table,GCF_028394965.1,GCF_028395045.1,close_no_recombination,0,2045804,286178,1329638,0,0,0,0,0.0,1.000006988657409,204408,3777840,6666,0,0,0
snv_table,GCF_028394975.1,GCF_028395025.1,close_no_recombination,7,2045762,286171,1329608,3,3,0,0,1.0452961672473868e-05,1.0000314497276104,204407,3777751,6666,0,3,0
snv_table,GCF_028394975.1,GCF_028395045.1,close_no_recombination,13,2045701,286169,1329570,2,9,0,0,6.968641114982578e-06,1.000003494438601,204395,3777649,6666,0,9,0
snv_table,GCF_028395025.1,GCF_028395045.1,close_no_recombination,10,2045732,286170,1329592,1,6,0,0,3.484320557491289e-06,1.0,204398,3777712,6666,0,6,0
snv_table,GCF_028395165.1,GCF_028395175.1,close_no_recombination,17,2046920,286181,1330313,10,1,0,0,3.484320557491289e-05,1.000031448628665,204655,3779645,6639,0,1,0
snv_table,GCF_028395165.1,GCF_028395205.1,close_no_recombination,16,2046935,286182,1330325,9,1,0,0,3.1358885017421605e-05,1.000027954238911,204657,3779679,6639,0,1,0
snv_table,GCF_028395175.1,GCF_028395205.1,close_no_recombination,13,2048670,286441,1331453,6,0,0,0,2.0905923344947736e-05,1.000031420083019,204807,3782898,6654,0,0,0
snv_table,GCF_028395215.1,GCF_028395235.1,close_no_recombination,42,2048169,286357,1331121,9,16,0,0,1.7421602787456446e-05,1.0000104764332634,204753,3781944,6666,1,15,0
snv_table,GCF_028395215.1,GCF_028395285.1,close_no_recombination,13,2048842,286460,1331559,2,8,0,0,6.968641114982578e-06,1.0,204815,3783184,6678,0,8,0
snv_table,GCF_028395235.1,GCF_028395285.1,close_no_recombination,33,2048224,286367,1331157,9,10,0,0,1.7421602787456446e-05,1.000010476067424,204763,3782042,6666,1,9,0
snv_table,GCF_028395295.1,GCF_028395405.1,close_no_recombination,5,2031928,284189,1320513,0,4,0,0,0.0,1.0000035187850338,202917,3752043,6579,0,4,0
snv_table,GCF_028395295.1,GCF_028395425.1,close_no_recombination,5,2031957,284183,1320527,0,3,0,0,0.0,1.000024632015286,202922,3752080,6579,0,3,0
snv_table,GCF_028395295.1,GCF_028395455.1,close_no_recombination,10,2032047,284198,1320586,0,8,0,0,0.0,1.0000070373472016,202934,3752245,6579,0,8,0
snv_table,GCF_028395295.1,GCF_028395505.1,close_no_recombination,4,2032073,284203,1320605,0,3,0,0,0.0,1.000024630281876,202936,3752300,6579,0,3,0
snv_table,GCF_028395295.1,GCF_028395525.1,close_no_recombination,6,2032284,284228,1320741,0,3,0,0,0.0,1.0000070366044163,202945,3752699,6579,0,3,0
snv_table,GCF_028395295.1,GCF_028395605.1,close_no_recombination,8,2031893,284171,1320487,1,5,0,0,3.5087719298245615e-06,1.0000316710712915,202925,3751957,6579,0,5,0
snv_table,GCF_028395295.1,GCF_028395635.1,close_no_recombination,7,2032013,284195,1320568,0,5,0,0,0.0,1.0000175935537219,202930,3752195,6579,0,5,0
snv_table,GCF_028395405.1,GCF_028395425.1,close_no_recombination,10,2031812,284169,1320435,0,7,0,0,0.0,1.0000035190326884,202903,3751823,6579,0,7,0
snv_table,GCF_028395405.1,GCF_028395455.1,close_no_recombination,15,2031902,284184,1320494,0,12,0,0,0.0,1.0000211130816654,202915,3751988,6579,0,12,0
snv_table,GCF_028395405.1,GCF_028395505.1,close_no_recombination,9,2032232,284233,1320705,0,7,0,0,0.0,1.0000246276822184,202939,3752597,6579,0,7,0
snv_table,GCF_028395405.1,GCF_028395525.1,close_no_recombination,11,2031873,284179,1320477,0,7,0,0,0.0,1.0000035189088567,202907,3751945,6579,0,7,0
snv_table,GCF_028395405.1,GCF_028395605.1,close_no_recombination,13,2032052,284201,1320587,1,9,0,0,3.5087719298245615e-06,1.000031667728122,202928,3752254,6579,0,9,0
snv_table,GCF_028395405.1,GCF_028395635.1,close_no_recombination,12,2031868,284181,1320476,0,9,0,0,0.0,1.0000316699568232,202911,3751938,6579,0,9,0
snv_table,GCF_028395425.1,GCF_028395455.1,close_no_recombination,9,2031931,284178,1320508,0,7,0,0,0.0,1.000007037842479,202920,3752025,6579,0,7,0
snv_table,GCF_028395425.1,GCF_028395505.1,close_no_recombination,1,2031957,284183,1320527,0,0,0,0,0.0,1.000024632015286,202922,3752080,6579,0,0,0
snv_table,GCF_028395425.1,GCF_028395525.1,close_no_recombination,1,2031957,284183,1320527,0,0,0,0,0.0,1.000024632015286,202922,3752080,6579,0,0,0
snv_table,GCF_028395425.1,GCF_028395605.1,close_no_recombination,5,2031789,284153,1320418,1,2,0,0,3.5087719298245615e-06,1.0000246346158583,202911,3751764,6579,0,2,0
snv_table,GCF_028395425.1,GCF_028395635.1,close_no_recombination,6,2031897,284175,1320490,0,4,0,0,0.0,1.0000175947919416,202916,3751975,6579,0,4,0
snv_table,GCF_028395455.1,GCF_028395505.1,close_no_recombination,8,2032047,284198,1320586,0,7,0,0,0.0,1.0000070373472016,202934,3752245,6579,0,7,0
snv_table,GCF_028395455.1,GCF_028395525.1,close_no_recombination,10,2031992,284188,1320550,0,7,0,0,0.0,1.0000070375948316,202924,3752147,6579,0,7,0
snv_table,GCF_028395455.1,GCF_028395605.1,close_no_recombination,12,2031867,284166,1320468,1,9,0,0,3.5087719298245615e-06,1.000014076279358,202923,3751902,6579,0,9,0
snv_table,GCF_028395455.1,GCF_028395635.1,close_no_recombination,3,2031987,284190,1320549,0,3,0,0,0.0,1.0,202928,3752140,6579,0,3,0
snv_table,GCF_028395505.1,GCF_028395525.1,close_no_recombination,2,2032018,284193,1320569,0,0,0,0,0.0,1.0000246311485506,202926,3752202,6579,0,0,0
snv_table,GCF_028395505.1,GCF_028395605.1,close_no_recombination,4,2032197,284215,1320679,1,2,0,0,3.5087719298245615e-06,1.0000175923156764,202947,3752511,6579,0,2,0
snv_table,GCF_028395505.1,GCF_028395635.1,close_no_recombination,5,2032013,284195,1320568,0,4,0,0,0.0,1.0000175935537219,202930,3752195,6579,0,4,0
snv_table,GCF_028395525.1,GCF_028395605.1,close_no_recombination,6,2031838,284161,1320451,1,2,0,0,3.5087719298245615e-06,1.0000316721858382,202915,3751859,6579,0,2,0
snv_table,GCF_028395525.1,GCF_028395635.1,close_no_recombination,7,2031958,284185,1320532,0,4,0,0,0.0,1.00001759417281,202920,3752097,6579,0,4,0
snv_table,GCF_028395605.1,GCF_028395635.1,close_no_recombination,9,2031833,284163,1320450,1,6,0,0,3.5087719298245615e-06,1.0000246337489398,202919,3751852,6579,0,6,0
snv_table,GCF_028395655.1,GCF_028395705.1,close_no_recombination,1,2049065,286490,1331719,1,0,0,0,3.484320557491289e-06,1.0,204802,3783695,6660,0,0,0
snv_table,GCF_028395745.1,GCF_028395835.1,close_no_recombination,13,2046459,286251,1330069,4,8,0,0,1.3937282229965156e-05,1.0000314409381976,204559,3779033,6615,1,7,0
snv_table,GCF_028395765.1,GCF_028395835.1,close_no_recombination,12,2046816,286303,1330308,2,6,0,0,6.968641114982578e-06,1.0000244496215547,204575,3779740,6609,0,6,0
snv_table,GCF_028395955.1,GCF_028396005.1,close_no_recombination,0,2031647,284124,1320365,0,0,0,0,0.0,1.000021117540229,203011,3751424,6660,0,0,0
snv_table,GCF_028396205.1,GCF_028396285.1,close_no_recombination,5,2045622,286005,1329433,0,2,0,0,0.0,1.0000174822118495,204507,3777027,6765,0,2,0
snv_table,GCF_030541685.1,GCF_047307925.1,close_no_recombination,58,2034051,284449,1321976,11,31,0,0,3.508771929824561e-05,1.000003515568696,203286,3756024,6618,3,28,0
snv_table,GCF_030546205.1,GCF_047307925.1,close_no_recombination,55,2033887,284419,1321865,10,29,0,0,3.508771929824561e-05,1.0000035159395118,203276,3755701,6618,3,26,0
snv_table,GCF_039734225.1,GCF_039760355.1,close_no_recombination,3,2037707,284967,1324395,1,0,0,0,3.5087719298245615e-06,1.0000105275347673,203721,3762861,6603,0,0,0
snv_table,GCF_039734225.1,GCF_039760375.1,close_no_recombination,9,2040845,285432,1326430,3,3,0,0,1.048951048951049e-05,1.0000280276913591,204014,3768667,6609,0,3,0
snv_table,GCF_039734225.1,GCF_039760395.1,close_no_recombination,10,2040845,285432,1326430,3,5,0,0,1.048951048951049e-05,1.0000280276913591,204014,3768667,6609,0,5,0
snv_table,GCF_039734225.1,GCF_039760415.1,close_no_recombination,5,2040845,285432,1326430,1,2,0,0,3.496503496503497e-06,1.0000280276913591,204014,3768667,6609,0,2,0
snv_table,GCF_039734225.1,GCF_039760475.1,close_no_recombination,9,2040222,285339,1326030,1,4,0,0,3.496503496503497e-06,1.0000035046032965,203962,3767519,6609,2,2,0
snv_table,GCF_039760295.1,GCF_039760335.1,close_no_recombination,55,2046558,286094,1330060,14,28,0,0,3.846153846153846e-05,1.0000209721280418,204547,3778874,6759,3,25,0
snv_table,GCF_039760315.1,GCF_039760335.1,close_no_recombination,43,2046789,286122,1330209,12,22,0,0,4.181184668989547e-05,1.0000279601009359,204578,3779275,6774,3,19,0
snv_table,GCF_039760355.1,GCF_039760375.1,close_no_recombination,5,2038408,285067,1324848,2,3,0,0,6.993006993006993e-06,1.0000105238417636,203767,3764174,6603,0,3,0
snv_table,GCF_039760355.1,GCF_039760395.1,close_no_recombination,7,2038408,285067,1324848,2,5,0,0,6.993006993006993e-06,1.0000105238417636,203767,3764174,6603,0,5,0
snv_table,GCF_039760355.1,GCF_039760415.1,close_no_recombination,2,2038408,285067,1324848,0,2,0,0,0.0,1.0000105238417636,203767,3764174,6603,0,2,0
snv_table,GCF_039760355.1,GCF_039760475.1,close_no_recombination,6,2038262,285046,1324753,0,4,0,0,0.0,1.0000140328227725,203756,3763900,6603,2,2,0
snv_table,GCF_039760375.1,GCF_039760395.1,close_no_recombination,3,2041546,285532,1326883,0,2,0,0,0.0,1.0000280178754044,204060,3769980,6609,0,2,0
snv_table,GCF_039760375.1,GCF_039760415.1,close_no_recombination,8,2041546,285532,1326883,2,5,0,0,6.993006993006993e-06,1.0000280178754044,204060,3769980,6609,0,5,0
snv_table,GCF_039760375.1,GCF_039760475.1,close_no_recombination,11,2040777,285418,1326388,2,7,0,0,6.993006993006993e-06,1.0000070072665355,203997,3768558,6609,2,5,0
snv_table,GCF_039760395.1,GCF_039760415.1,close_no_recombination,9,2041546,285532,1326883,2,7,0,0,6.993006993006993e-06,1.0000280178754044,204060,3769980,6609,0,7,0
snv_table,GCF_039760395.1,GCF_039760475.1,close_no_recombination,13,2040777,285418,1326388,2,9,0,0,6.993006993006993e-06,1.0000070072665355,203997,3768558,6609,2,7,0
snv_table,GCF_039760415.1,GCF_039760475.1,close_no_recombination,8,2040777,285418,1326388,0,6,0,0,0.0,1.0000070072665355,203997,3768558,6609,2,4,0
snv_table,GCF_040911865.1,GCF_040911905.1,close_no_recombination,8,2035436,284630,1322771,2,4,0,0,7.017543859649123e-06,1.0,203449,3758249,6615,0,4,0
snv_table,GCF_040918105.1,GCF_040918145.1,close_no_recombination,7,2010094,281203,1306335,3,1,0,0,7.092198581560284e-06,1.0000248930487938,200850,3711606,6549,1,0,0
snv_table,GCF_040918305.1,GCF_040918365.1,close_no_recombination,13,2012253,281513,1307674,1,6,0,0,3.546099290780142e-06,1.0000248656367556,201007,3715454,6561,2,4,0
snv_table,GCF_040918325.1,GCF_040918345.1,close_no_recombination,1,2030928,283885,1319925,0,1,0,0,0.0,1.0000176127657325,203160,3750003,6612,0,1,0
snv_table,GCF_040921925.1,GCF_040921935.1,close_no_recombination,18,2016620,282127,1310688,2,11,0,0,7.067137809187279e-06,1.0000106335090226,201380,3724147,6537,1,10,0
snv_table,GCF_040921965.1,GCF_040922005.1,close_no_recombination,24,2026828,283487,1317234,7,7,0,0,2.112676056338028e-05,1.0000105824958463,202595,3742537,6570,0,7,0
snv_table,GCF_040922045.1,GCF_040922065.1,close_no_recombination,3,2036806,284744,1323689,2,1,0,0,7.017543859649123e-06,1.0000210715590143,203600,3760846,6621,0,1,0
snv_table,GCF_047307265.1,GCF_047307325.1,close_no_recombination,17,2036131,284686,1323293,6,9,0,0,2.105263157894737e-05,1.0000140505679942,203495,3759757,6627,1,8,0
snv_table,GCF_047309325.1,GCF_964238335.1,close_no_recombination,76,2050940,286771,1332915,15,50,0,0,4.878048780487805e-05,1.0000313839265476,205016,3787024,6705,3,47,0
snv_table,GCF_964238155.1,GCF_964241015.1,close_no_recombination,2,2049682,286581,1332076,0,1,0,0,0.0,1.0000314047337402,204844,3784700,6684,0,1,0
snv_table,GCF_964238155.1,GCF_964249005.1,close_no_recombination,1,2049682,286581,1332076,0,0,0,0,0.0,1.0000314047337402,204844,3784700,6684,0,0,0
snv_table,GCF_964241015.1,GCF_964249005.1,close_no_recombination,3,2049682,286581,1332076,0,1,0,0,0.0,1.0000314047337402,204844,3784700,6684,0,1,0
snv_table,GCF_964242805.1,GCF_964252045.1,close_no_recombination,4,2044398,285830,1328671,1,2,0,0,3.496503496503497e-06,1.0,204302,3775084,6627,0,2,0
snv_table,GCF_964242985.1,GCF_964245055.1,close_no_recombination,0,2051996,286870,1333591,0,0,0,0,0.0,1.0,205106,3789019,6648,0,0,0
snv_table,GCF_964242985.1,GCF_964245225.1,close_no_recombination,1,2051982,286877,1333581,1,0,0,0,3.484320557491289e-06,1.0000104574434339,205102,3788993,6648,0,0,0
snv_table,GCF_964242985.1,GCF_964248235.1,close_no_recombination,1,2051996,286870,1333591,0,0,0,0,0.0,1.0,205106,3789019,6648,0,0,0
snv_table,GCF_964242985.1,GCF_964248265.1,close_no_recombination,2,2052217,286912,1333739,1,0,0,0,3.484320557491289e-06,1.0000278831139862,205121,3789448,6648,0,0,0
snv_table,GCF_964242985.1,GCF_964251225.1,close_no_recombination,0,2051996,286870,1333591,0,0,0,0,0.0,1.0,205106,3789019,6648,0,0,0
snv_table,GCF_964243165.1,GCF_964243285.1,close_no_recombination,6,2046317,286181,1329939,1,4,0,0,3.484320557491289e-06,1.000031448628665,204512,3778645,6660,0,4,0
snv_table,GCF_964245055.1,GCF_964245225.1,close_no_recombination,0,2051947,286869,1333559,0,0,0,0,0.0,1.000003485911688,205100,3788929,6648,0,0,0
snv_table,GCF_964245055.1,GCF_964248235.1,close_no_recombination,1,2051996,286870,1333591,0,0,0,0,0.0,1.0,205106,3789019,6648,0,0,0
snv_table,GCF_964245055.1,GCF_964248265.1,close_no_recombination,2,2051996,286870,1333591,1,0,0,0,3.484320557491289e-06,1.0,205106,3789019,6648,0,0,0
snv_table,GCF_964245055.1,GCF_964251225.1,close_no_recombination,0,2051996,286870,1333591,0,0,0,0,0.0,1.0,205106,3789019,6648,0,0,0
snv_table,GCF_964245225.1,GCF_964248235.1,close_no_recombination,1,2051947,286869,1333559,0,0,0,0,0.0,1.000003485911688,205100,3788929,6648,0,0,0
snv_table,GCF_964245225.1,GCF_964248265.1,close_no_recombination,3,2051982,286877,1333581,2,0,0,0,6.968641114982578e-06,1.0000104574434339,205102,3788993,6648,0,0,0
snv_table,GCF_964245225.1,GCF_964251225.1,close_no_recombination,0,2051947,286869,1333559,0,0,0,0,0.0,1.000003485911688,205100,3788929,6648,0,0,0
snv_table,GCF_964245285.1,GCF_964250055.1,close_no_recombination,2,2046768,286180,1330233,1,1,0,0,3.484320557491289e-06,1.0,204538,3779537,6624,0,1,0
snv_table,GCF_964246425.1,GCF_964251715.1,close_no_recombination,6,2047558,286198,1330727,1,3,0,0,3.484320557491289e-06,1.0000069881690299,204680,3780760,6741,0,3,0
snv_table,GCF_964248235.1,GCF_964248265.1,close_no_recombination,3,2051996,286870,1333591,1,0,0,0,3.484320557491289e-06,1.0,205106,3789019,6648,0,0,0
snv_table,GCF_964248235.1,GCF_964251225.1,close_no_recombination,1,2051996,286870,1333591,0,0,0,0,0.0,1.0,205106,3789019,6648,0,0,0
snv_table,GCF_964248265.1,GCF_964251225.1,close_no_recombination,2,2051996,286870,1333591,1,0,0,0,3.484320557491289e-06,1.0,205106,3789019,6648,0,0,0
