species_name,sample 1,sample 2,pair_class,core_diff,core_len,core_len_4D,core_len_1D,core_diff_4D,core_diff_1D,event_count,dedup_event_count,clonal_divergence,clonal_fraction,recomb_len_4D,recomb_len_1D,recomb_diff_4D,recomb_diff_1D,clonal_len_4D,clonal_len_1D,clonal_diff_4D,clonal_diff_1D,clonal_n,clonal_m,clonal_nn,recomb_n,recomb_m,recomb_nn,clonal_mut_n,clonal_mut_m,clonal_mut_nn,recomb_mut_n,recomb_mut_m,recomb_mut_nn
snv_table,GCF_000012825.1,GCF_048453055.1,close_recombination,5334,2055497,287345,1335859,2076,928,4,4,0.0,0.8916807322208495,31130,145407,2076,918,256215,1190452,0,10,183455,3381775,6126,22008,413535,678,0,10,0,0,917,1
snv_table,GCF_000699845.1,GCF_024047355.1,close_recombination,1909,2046943,286187,1330301,711,507,17,17,0.0002434782608695,0.8168085901875347,52430,243046,641,347,233757,1087255,70,160,167361,3088812,5592,37219,690815,1104,2,158,0,4,342,1
snv_table,GCF_000699845.1,GCF_028199355.1,close_recombination,596,2049171,286475,1331746,204,213,3,3,0.0002238267148014,0.9675887948337552,9290,41911,136,81,277185,1289835,68,132,198522,3664449,6534,6302,119239,192,3,129,0,0,81,0
snv_table,GCF_000699845.1,GCF_028200155.1,close_recombination,666,2049078,286462,1331687,224,235,4,4,0.0002101449275362,0.9667250804644246,9540,43026,159,105,276922,1288661,65,130,198363,3661092,6528,6447,122433,198,3,127,0,1,104,0
snv_table,GCF_000699845.1,GCF_028200165.1,close_recombination,586,2049239,286486,1331793,201,207,3,3,0.0002057761732851,0.9675865487318752,9290,41912,136,80,277196,1289881,65,127,198526,3664583,6534,6301,119243,192,3,124,0,0,80,0
snv_table,GCF_000699845.1,GCF_964252195.1,close_recombination,1619,2050117,286623,1332362,611,445,16,16,0.0002745901639344,0.8681438684264696,37800,173260,523,262,248823,1159102,88,183,178834,3292577,5895,26058,492924,798,2,180,1,0,262,0
snv_table,GCF_002959625.1,GCF_048453055.1,close_recombination,5334,2054602,287201,1335269,2076,928,4,4,0.0,0.8916403494416802,31130,145442,2076,921,256071,1189827,0,7,183370,3379985,6126,22009,413639,678,0,7,0,0,920,1
snv_table,GCF_003436175.1,GCF_003460125.1,close_recombination,2262,2046396,286117,1329936,870,542,15,15,8.920187793427231e-05,0.7427031598961265,73620,340323,849,461,212497,989613,21,81,152426,2811334,5079,52106,967264,1599,0,81,0,2,459,0
snv_table,GCF_003436175.1,GCF_003465015.1,close_recombination,1472,2046900,286182,1330252,556,374,7,7,6.008583690987125e-05,0.8142370938773228,53170,245359,537,312,233012,1084893,19,62,167214,3081957,5508,37373,697543,1161,0,62,0,2,310,0
snv_table,GCF_003436605.1,GCF_003436855.1,close_recombination,81,2051986,286875,1333597,24,31,2,2,2.4734982332155476e-05,0.9842265795206971,4530,20993,16,10,282345,1312604,8,21,201826,3729389,6597,3328,59537,114,3,18,0,0,10,0
snv_table,GCF_003436605.1,GCF_021412685.1,close_recombination,1249,2048839,286421,1331539,481,296,13,13,1.6129032258064517e-05,0.8625764172319768,39370,182658,477,260,247051,1148881,4,36,176741,3264019,5883,28107,519048,819,2,34,0,0,260,0
snv_table,GCF_003436855.1,GCF_021412685.1,close_recombination,1287,2049624,286534,1332050,496,309,13,13,2.8455284552845528e-05,0.8563381658023131,41170,191567,488,264,245364,1140483,8,45,175311,3240315,5823,29580,544245,876,1,44,0,0,264,0
snv_table,GCF_003437875.1,GCF_047308005.1,close_recombination,585,2029622,283937,1319160,210,156,9,9,7.063197026022304e-05,0.9452448958747891,15550,71855,191,104,268387,1247305,19,52,191902,3543788,6225,10945,204269,351,2,50,0,0,104,0
snv_table,GCF_003459365.1,GCF_028394795.1,close_recombination,1905,2036788,284828,1323722,752,471,29,29,0.0001244444444444,0.7872821492269019,60590,279338,724,390,224238,1044384,28,81,161248,2966723,5181,42350,794296,1368,1,80,0,0,390,0
snv_table,GCF_003459365.1,GCF_028396015.1,close_recombination,1023,2048466,286400,1331279,383,263,17,17,3.4883720930232556e-05,0.9005935754189944,28470,129625,374,194,257930,1201654,9,69,185442,3413538,5982,19329,368904,642,1,68,0,0,194,0
snv_table,GCF_003459535.1,GCF_019042015.1,close_recombination,2215,2027333,283540,1317560,785,587,16,16,0.0001095890410958,0.7795020102983706,62520,289587,751,475,221020,1027973,34,112,158021,2920864,5034,44473,822755,1533,5,107,0,2,473,0
snv_table,GCF_003459535.1,GCF_021410705.1,close_recombination,2431,2030454,283843,1319612,922,573,21,21,0.000127358490566,0.7466803831695691,71903,335921,893,476,211940,983691,29,97,151171,2795006,4896,51758,954322,1683,1,96,0,3,473,0
snv_table,GCF_003459535.1,GCF_040928465.1,close_recombination,1859,2016756,281994,1310589,689,490,19,19,7.488986784140969e-05,0.8018964942516508,55864,257963,672,393,226130,1052626,17,97,161929,2990651,5298,39535,733100,1254,2,95,0,0,393,0
snv_table,GCF_003459535.1,GCF_040928505.1,close_recombination,1884,2006935,280790,1304235,693,506,16,16,0.00012,0.8070087966095658,54190,250272,659,386,226600,1053963,34,120,162020,2994571,5298,38317,711293,1206,3,117,0,1,385,0
snv_table,GCF_003459535.1,GCF_047307425.1,close_recombination,2726,2034113,284411,1322000,1013,649,25,25,9.178743961352657e-05,0.7309492248893327,76521,356562,991,546,207890,965438,22,103,148279,2743205,4830,55013,1012918,1755,2,101,0,1,545,0
snv_table,GCF_003459535.1,GCF_047310325.1,close_recombination,2212,2034648,284478,1322327,802,570,23,23,0.0001141552511415,0.7719753372844297,64868,296861,773,464,219610,1025466,29,106,158500,2912792,5106,44846,844258,1479,3,103,0,2,462,0
snv_table,GCF_003459715.1,GCF_003475695.1,close_recombination,2227,2032888,284296,1321222,825,533,34,34,6.542056074766355e-05,0.7586459183386329,68620,316510,805,458,215676,1004712,20,75,155101,2854082,4953,48066,899850,1614,0,75,0,4,454,0
snv_table,GCF_003459715.1,GCF_021891045.1,close_recombination,105,2035409,284651,1322846,31,43,2,2,4.225352112676056e-05,0.9974319429757844,740,3377,19,14,283911,1319469,12,29,202872,3748926,6609,520,9605,6,0,29,0,0,14,0
snv_table,GCF_003459715.1,GCF_021891195.1,close_recombination,1970,1947433,272361,1265595,702,487,34,34,0.0001076233183856,0.815278252025804,50320,232848,678,404,222041,1032747,24,83,158977,2934110,5154,35558,661786,1200,0,83,0,4,400,0
snv_table,GCF_003459715.1,GCF_027671015.1,close_recombination,639,2034555,284524,1322294,211,183,16,16,1.5444015444015444e-05,0.9093081778690023,25810,119875,207,131,258714,1202419,4,52,184960,3416318,5979,18372,340626,627,1,51,0,1,130,0
snv_table,GCF_003459715.1,GCF_027686305.1,close_recombination,96,2035473,284671,1322890,21,39,1,1,2.456140350877193e-05,0.9978536626491634,620,2877,13,5,284051,1320013,8,34,202924,3750509,6606,448,8177,6,0,34,0,0,5,0
snv_table,GCF_003459715.1,GCF_027686505.1,close_recombination,78,2034445,284506,1322219,19,31,1,1,1.7605633802816902e-05,0.9978348435533873,620,2860,13,5,283886,1319359,6,26,202866,3748605,6606,447,8127,6,1,25,0,0,5,0
snv_table,GCF_003459715.1,GCF_030541685.1,close_recombination,590,2034814,284570,1322458,198,165,16,16,2.2900763358778624e-05,0.9199142565976737,22790,105598,192,122,261780,1216860,6,43,187323,3457203,6054,16024,300215,555,0,43,0,0,122,0
snv_table,GCF_003459715.1,GCF_030546205.1,close_recombination,589,2034650,284540,1322347,199,163,14,14,4.9429657794676805e-05,0.9234202572573276,21790,101194,186,124,262750,1221153,13,39,187942,3469463,6054,15395,287632,555,0,39,0,0,124,0
snv_table,GCF_003459715.1,GCF_040921925.1,close_recombination,1215,2018785,282436,1312100,413,306,19,19,6.910569105691057e-05,0.8683029075613591,37200,171794,396,245,245236,1140306,17,61,175472,3239833,5613,26134,488354,894,1,60,0,1,244,0
snv_table,GCF_003459715.1,GCF_040921935.1,close_recombination,1208,2032105,284202,1320710,413,299,21,21,4.838709677419355e-05,0.8706835279132448,36760,169656,401,237,247442,1151054,12,62,177282,3270171,5709,25775,482317,876,0,62,0,1,236,0
snv_table,GCF_003459715.1,GCF_047307925.1,close_recombination,599,2034118,284470,1322024,199,169,14,14,4.9429657794676805e-05,0.9241396280802897,21580,100234,186,120,262890,1221790,13,49,188021,3471298,6051,15260,284896,546,3,46,0,0,120,0
snv_table,GCF_003459715.1,GCF_047638235.1,close_recombination,1368,2029421,283854,1318953,464,367,24,24,6.122448979591836e-05,0.8639300485460836,38630,177859,446,299,245224,1141094,18,68,175750,3241901,5631,26982,505644,951,2,66,0,3,296,0
snv_table,GCF_003460125.1,GCF_003465015.1,close_recombination,1870,2048626,286428,1331394,742,416,17,17,9.871244635193133e-05,0.8100465038334241,54410,251919,717,316,232018,1079475,25,100,166202,3066721,5502,38569,715988,1200,0,100,0,1,315,0
snv_table,GCF_003466785.1,GCF_003475695.1,close_recombination,2221,2032758,284272,1321136,829,527,31,31,8.530805687203791e-05,0.7397492542353802,73990,340597,811,463,210282,980539,18,64,151403,2785408,4806,51764,968266,1761,2,62,0,4,459,0
snv_table,GCF_003466785.1,GCF_021891045.1,close_recombination,103,2034921,284578,1322529,34,39,2,2,4.225352112676056e-05,0.9973715466409913,750,3394,21,15,283828,1319135,13,24,202848,3747948,6609,517,9659,6,2,22,0,0,15,0
snv_table,GCF_003466785.1,GCF_021891195.1,close_recombination,1967,1946957,272288,1265283,705,482,33,33,8.67579908675799e-05,0.8062051944999412,52770,244065,683,411,219518,1021218,22,71,157253,2901319,5082,37259,693664,1272,2,69,0,4,407,0
snv_table,GCF_003466785.1,GCF_027671015.1,close_recombination,636,2034431,284501,1322212,215,179,15,15,2.3166023166023165e-05,0.9083272115036503,26090,120795,209,136,258411,1201417,6,43,184947,3413331,5973,18385,343367,633,3,40,0,1,135,0
snv_table,GCF_003466785.1,GCF_027686305.1,close_recombination,88,2034628,284545,1322341,24,31,1,1,2.8169014084507043e-05,0.9978737985204449,610,2835,13,5,283935,1319506,11,26,202879,3749033,6606,445,8054,6,2,24,0,0,5,0
snv_table,GCF_003466785.1,GCF_027686505.1,close_recombination,71,2034458,284507,1322230,19,27,1,1,1.7605633802816902e-05,0.9978664848316562,610,2835,13,5,283897,1319395,6,22,202870,3748709,6606,445,8054,6,3,19,0,0,5,0
snv_table,GCF_003466785.1,GCF_030541685.1,close_recombination,585,2034660,284543,1322356,198,161,15,15,1.9157088122605363e-05,0.9146947912969218,24280,112321,193,128,260263,1210035,5,33,186289,3437822,5994,17057,319291,615,2,31,0,0,128,0
snv_table,GCF_003466785.1,GCF_030546205.1,close_recombination,586,2034496,284513,1322245,203,159,15,15,3.435114503816794e-05,0.9201688499295287,22720,105131,194,123,261793,1217114,9,36,187380,3457944,6018,15956,298846,591,2,34,0,0,123,0
snv_table,GCF_003466785.1,GCF_040921925.1,close_recombination,1210,2018631,282409,1311998,415,302,20,20,4.098360655737705e-05,0.8657656094529566,37910,174827,402,245,244499,1137171,13,57,175029,3230886,5598,26576,496996,909,3,54,0,1,244,0
snv_table,GCF_003466785.1,GCF_040921935.1,close_recombination,1204,2031964,284177,1320616,417,294,20,20,4.4715447154471546e-05,0.8649186950386555,38390,177104,406,245,245787,1143512,11,49,176147,3248719,5670,26909,503488,915,2,47,0,1,244,0
snv_table,GCF_003466785.1,GCF_047307925.1,close_recombination,596,2033825,284423,1321834,201,165,15,15,3.435114503816794e-05,0.9205303368574271,22610,104716,192,122,261813,1217118,9,43,187371,3457971,6012,15900,297663,585,5,38,0,0,122,0
snv_table,GCF_003466785.1,GCF_047638235.1,close_recombination,1363,2028945,283781,1318641,467,362,25,25,5.714285714285714e-05,0.8652446781144615,38250,175786,450,297,245531,1142855,17,65,176119,3246803,5643,26590,499829,939,4,61,0,3,294,0
snv_table,GCF_003466945.1,GCF_019127815.1,close_recombination,2322,2039798,285193,1325683,845,580,27,27,0.0001346153846153,0.7286644482858976,77390,354804,817,501,207803,970879,28,79,150211,2757503,4923,53659,1009007,1746,2,77,0,4,497,0
snv_table,GCF_003466945.1,GCF_019127895.1,close_recombination,2319,2039598,285166,1325556,844,580,27,27,0.0001387559808612,0.7299958620592918,77000,352923,815,498,208166,972633,29,82,150476,2762503,4920,53378,1003642,1749,2,80,0,3,495,0
snv_table,GCF_003466945.1,GCF_021410225.1,close_recombination,1577,2040732,285319,1326275,575,390,21,21,6.694560669456067e-05,0.8346447309853182,47180,215526,559,306,238139,1110749,16,84,171645,3155016,5586,32319,613182,1077,1,83,0,2,304,0
snv_table,GCF_003466945.1,GCF_024790525.1,close_recombination,2791,2020868,282616,1313348,1018,680,28,28,0.0001761658031088,0.6872576216491635,88386,405583,977,572,194230,907765,41,108,140452,2578145,4698,61474,1153355,1920,1,107,0,4,568,0
snv_table,GCF_003466945.1,GCF_028199465.1,close_recombination,2509,2019265,282439,1312313,905,607,31,31,0.0001442307692307,0.7506045553199098,70439,322020,863,480,212000,990293,42,127,152980,2812838,5061,48758,915784,1518,1,126,0,5,475,0
snv_table,GCF_003466945.1,GCF_028199675.1,close_recombination,2536,2020584,282615,1313156,915,619,33,33,0.0001428571428571,0.7529678184102047,69815,319099,876,497,212800,994057,39,122,153559,2823509,5103,48308,907489,1500,0,122,0,6,491,0
snv_table,GCF_003467565.1,GCF_028201295.1,close_recombination,2958,2036386,284700,1323430,1110,670,42,42,3.664921465968586e-05,0.6704250087811732,93830,434529,1102,583,190870,888901,8,87,136974,2525109,4620,66653,1234891,2043,1,86,0,1,582,0
snv_table,GCF_003469525.1,GCF_047308005.1,close_recombination,600,2029537,283941,1319125,213,160,10,10,8.178438661710037e-05,0.9456894213938811,15430,71402,191,106,268511,1247723,22,54,192005,3544948,6216,10828,203018,360,2,52,0,0,106,0
snv_table,GCF_003471775.1,GCF_047948285.1,close_recombination,1976,2031806,284219,1320514,724,509,29,29,6.341463414634146e-05,0.7203600040813598,79480,369146,710,434,204739,951368,14,75,146772,2702508,4824,56340,1049331,1767,1,74,0,0,434,0
snv_table,GCF_003475435.1,GCF_027683305.1,close_recombination,2250,2022317,282913,1314350,881,523,17,17,6.140350877192983e-05,0.8053359159883073,55073,254663,866,468,227840,1059687,15,55,163084,3010607,5370,39076,723701,1212,0,55,0,2,465,1
snv_table,GCF_003475695.1,GCF_021891045.1,close_recombination,2272,2033105,284319,1321361,847,536,33,33,0.0001116279069767,0.7580217994576515,68800,317792,820,463,215519,1003569,27,73,154979,2850775,4953,48214,903539,1623,0,73,0,4,459,0
snv_table,GCF_003475695.1,GCF_021891195.1,close_recombination,405,1947740,272370,1265804,150,103,8,8,3.4883720930232556e-05,0.9470940265080589,14410,65700,141,79,257960,1200104,9,24,184875,3409365,6072,9743,187042,315,0,24,0,2,77,0
snv_table,GCF_003475695.1,GCF_027660715.1,close_recombination,2223,2032964,284296,1321267,826,530,33,33,7.87037037037037e-05,0.759982553395053,68240,314932,806,462,216056,1006335,20,68,155360,2858668,4977,47829,895368,1599,0,68,0,4,458,0
snv_table,GCF_003475695.1,GCF_027671015.1,close_recombination,1924,2032599,284242,1321033,716,465,27,27,8.583690987124464e-05,0.8178594296409397,51780,238354,696,391,232462,1082679,20,74,167013,3075621,5403,36136,677756,1170,1,73,0,5,386,0
snv_table,GCF_003475695.1,GCF_027686305.1,close_recombination,2269,2032779,284281,1321150,842,534,32,32,6.666666666666667e-05,0.7446505394310559,72600,335064,822,472,211681,986086,20,62,152174,2801221,4863,50977,952505,1710,0,62,0,4,468,0
snv_table,GCF_003475695.1,GCF_027686505.1,close_recombination,2257,2032376,284213,1320888,842,529,33,33,6.19047619047619e-05,0.7448990721747422,72510,334572,823,467,211703,986316,19,62,152331,2801775,4842,50792,951202,1722,1,61,0,4,463,0
snv_table,GCF_003475695.1,GCF_030541685.1,close_recombination,1880,2032957,284295,1321258,704,448,25,25,8.974358974358975e-05,0.8214354807506288,50770,233749,682,387,233525,1087509,22,61,167721,3089385,5421,35460,664623,1164,0,61,0,4,383,0
snv_table,GCF_003475695.1,GCF_030546205.1,close_recombination,1875,2032793,284265,1321147,703,446,24,24,8.189655172413794e-05,0.8150845162084674,52570,241645,684,389,231695,1079502,19,57,166616,3066502,5388,36555,687183,1197,0,57,0,4,385,0
snv_table,GCF_003475695.1,GCF_040921925.1,close_recombination,1583,2017238,282204,1311094,605,379,24,24,6.46551724137931e-05,0.8209663931056966,50530,232391,590,319,231674,1078703,15,60,166308,3064401,5400,35169,660903,1101,0,60,0,4,315,0
snv_table,GCF_003475695.1,GCF_040921935.1,close_recombination,1580,2030814,284015,1319862,605,372,25,25,6.41025641025641e-05,0.823900146119043,50020,229822,590,311,233995,1090040,15,61,168170,3096463,5487,34769,653599,1098,0,61,0,3,308,0
snv_table,GCF_003475695.1,GCF_047307925.1,close_recombination,1885,2032515,284240,1320985,703,452,26,26,8.898305084745763e-05,0.8270123839009288,49170,226485,682,378,235070,1094500,21,74,168812,3109243,5445,34317,644016,1122,1,73,0,6,372,0
snv_table,GCF_003475695.1,GCF_047638235.1,close_recombination,1671,2027556,283573,1317745,624,423,25,25,9.4017094017094e-05,0.8287107728874047,48580,224030,598,348,234993,1093715,26,75,168625,3107006,5514,33954,637068,1068,2,73,0,3,345,0
snv_table,GCF_003568805.2,GCF_024022975.1,close_recombination,29,2021582,282609,1313707,11,11,1,1,3.533568904593639e-06,0.9998620001486153,40,127,10,5,282569,1313580,1,6,201930,3732213,6597,9,369,3,0,6,0,0,5,0
snv_table,GCF_003568805.2,GCF_024759565.1,close_recombination,2131,2017109,281993,1310798,764,557,36,36,0.0001466666666666,0.7963672857127659,57430,266928,730,405,224563,1043870,34,152,160986,2965404,5220,40487,758956,1341,1,151,0,2,403,0
snv_table,GCF_003568805.2,GCF_024789245.1,close_recombination,2147,2012964,281457,1308079,766,570,35,35,0.0001318181818181,0.7821798711703741,61310,285200,733,413,220147,1022879,33,157,157540,2905991,5106,43475,810706,1419,1,154,2,2,411,0
snv_table,GCF_004167625.1,GCF_040922025.1,close_recombination,67,2044556,285889,1328761,8,35,1,1,6.993006993006993e-06,0.9998635834187395,40,176,6,4,285849,1328585,2,31,204388,3774737,6630,25,503,0,2,29,0,0,4,0
snv_table,GCF_007556395.1,GCF_007556405.1,close_recombination,38,2037604,284873,1324159,8,25,1,1,3.5087719298245615e-06,0.9997788488203515,70,317,7,2,284803,1323842,1,23,203480,3761425,6621,33,912,6,0,23,0,0,2,0
snv_table,GCF_008728395.1,GCF_015561035.1,close_recombination,767,2020146,282479,1312867,277,198,11,11,5.3435114503816794e-05,0.9272547693810868,20550,93867,263,124,261929,1219000,14,74,188265,3462627,6108,13660,267449,492,2,72,0,0,123,1
snv_table,GCF_008728395.1,GCF_019129355.1,close_recombination,671,2020621,282559,1313161,238,171,12,12,5.703422053231939e-05,0.928655608209259,20160,90776,223,97,262399,1222385,15,74,188617,3472349,6189,13340,258574,414,1,73,0,0,96,1
snv_table,GCF_008728395.1,GCF_021406445.1,close_recombination,691,2016333,281946,1310369,247,182,13,13,3.39622641509434e-05,0.9398253566285742,16970,75748,238,103,264976,1234621,9,79,190554,3507054,6255,10987,215927,330,3,76,0,0,102,1
snv_table,GCF_008728395.1,GCF_028199555.1,close_recombination,713,2020322,282501,1312973,272,180,14,14,4.511278195488722e-05,0.9447046205146177,15621,69909,257,109,266880,1243064,15,71,191690,3531226,6276,10253,199153,321,0,71,0,1,107,1
snv_table,GCF_008728395.1,GCF_047307865.1,close_recombination,872,2020056,282467,1312800,320,232,17,17,5.363984674329502e-05,0.925134617495141,21147,95401,303,134,261320,1217399,17,98,187854,3458190,6153,14056,271697,450,0,98,0,2,131,1
snv_table,GCF_009025375.1,GCF_013368705.1,close_recombination,2132,2047388,286276,1330582,796,527,16,16,0.000125,0.7807849767357375,62760,288284,766,406,223516,1042298,30,121,161068,2960501,5325,43563,819879,1410,6,115,0,3,403,0
snv_table,GCF_009025375.1,GCF_015555645.1,close_recombination,3235,2044270,285835,1328561,1219,760,25,25,0.0001428571428571,0.6599611664071929,97200,447946,1190,639,188635,880615,29,121,136140,2501190,4515,68235,1273410,2193,2,119,0,1,638,0
snv_table,GCF_009025375.1,GCF_024047375.1,close_recombination,3868,2048402,286394,1331250,1461,900,30,30,7.065217391304347e-05,0.6418779723038891,102570,472398,1448,810,183824,858852,13,90,132702,2439372,4482,72037,1342937,2220,2,88,0,4,806,0
snv_table,GCF_009025375.1,GCF_024461205.1,close_recombination,2562,2042842,285617,1327643,968,606,18,18,0.0001363636363636,0.7690718689713848,65960,302597,936,493,219657,1025046,32,113,158369,2911528,5241,45835,860495,1461,2,111,0,1,492,0
snv_table,GCF_009025375.1,GCF_024461385.1,close_recombination,2382,2042954,285635,1327720,907,560,19,19,0.000131221719457,0.7715090937735222,65270,299352,876,447,220365,1028368,31,113,158932,2920928,5244,45287,851308,1461,1,112,0,1,446,0
snv_table,GCF_009025375.1,GCF_028396205.1,close_recombination,3232,2043978,285792,1328374,1217,761,25,25,0.0001428571428571,0.660095454036502,97150,447752,1188,639,188642,880622,29,122,136129,2501222,4515,68228,1272832,2196,2,120,0,1,638,0
snv_table,GCF_009025375.1,GCF_028396285.1,close_recombination,3235,2044270,285835,1328561,1219,760,25,25,0.0001428571428571,0.6599611664071929,97200,447946,1190,639,188635,880615,29,121,136140,2501190,4515,68235,1273410,2193,2,119,0,1,638,0
snv_table,GCF_009025375.1,GCF_039760295.1,close_recombination,908,2047428,286228,1330620,347,237,9,9,4.247104247104247e-05,0.902357561105133,27950,128382,336,187,258278,1202238,11,50,185133,3415410,6171,19502,365074,570,3,47,0,1,186,0
snv_table,GCF_009025375.1,GCF_039760315.1,close_recombination,921,2047586,286245,1330723,350,245,10,10,3.875968992248062e-05,0.9009065660535556,28370,130312,340,196,257875,1200411,10,49,184862,3410191,6180,19796,370564,576,3,46,0,1,195,0
snv_table,GCF_009025375.1,GCF_039760335.1,close_recombination,929,2047363,286230,1330583,352,254,10,10,5.4054054054054054e-05,0.9019669496558711,28060,128858,338,197,258170,1201725,14,57,185060,3413941,6174,19573,366419,582,4,53,0,1,196,0
snv_table,GCF_009025375.1,GCF_040098345.1,close_recombination,3792,2042767,285631,1327602,1489,724,21,21,0.0001018518518518,0.7550651014770806,69970,320679,1466,605,215661,1006923,23,119,155850,2859777,5142,48340,912134,1563,1,118,0,2,603,0
snv_table,GCF_012976745.1,GCF_040922025.1,close_recombination,56,2044948,285944,1329013,10,25,1,1,1.3986013986013986e-05,0.9998810955991383,40,182,6,4,285904,1328831,4,21,204420,3775443,6630,23,523,0,0,21,0,0,4,0
snv_table,GCF_013368705.1,GCF_015555645.1,close_recombination,2064,2044079,285847,1328426,775,512,13,13,0.0001728971962616,0.7516608535335336,70990,327919,733,397,214857,1000507,42,115,154165,2842145,5211,50147,932098,1512,5,110,0,2,395,0
snv_table,GCF_013368705.1,GCF_020560185.1,close_recombination,2412,2048263,286403,1331142,902,607,14,14,0.0001722488038277,0.7305789394664162,77170,356420,857,482,209233,974722,45,125,150234,2768859,5073,54440,1013155,1665,4,121,0,4,478,0
snv_table,GCF_013368705.1,GCF_024047375.1,close_recombination,2920,2048055,286381,1331012,1121,701,25,25,8.962264150943396e-05,0.7385964851020145,74870,345459,1102,595,211511,985553,19,106,151973,2799481,5205,52697,982159,1521,5,101,0,6,589,0
snv_table,GCF_013368705.1,GCF_024461205.1,close_recombination,1049,2043632,285752,1328152,358,307,11,11,0.0001460674157303,0.9319969763991153,19440,88478,319,183,266312,1239674,39,124,191072,3521692,6258,13170,251796,468,8,116,0,2,181,0
snv_table,GCF_013368705.1,GCF_024461385.1,close_recombination,745,2043776,285773,1328251,249,225,8,8,0.0001444444444444,0.9439660149839209,16020,73194,210,104,269753,1255057,39,121,193235,3565588,6348,11023,208172,387,7,114,0,0,104,0
snv_table,GCF_013368705.1,GCF_028396205.1,close_recombination,2068,2044118,285847,1328453,775,515,13,13,0.0001775700934579,0.7516608535335336,70990,327861,733,399,214857,1000592,42,116,154182,2842380,5214,50136,931932,1515,5,111,0,2,397,0
snv_table,GCF_013368705.1,GCF_028396285.1,close_recombination,2064,2044079,285847,1328426,775,512,13,13,0.0001728971962616,0.7516608535335336,70990,327919,733,397,214857,1000507,42,115,154165,2842145,5211,50147,932098,1512,5,110,0,2,395,0
snv_table,GCF_013368705.1,GCF_039760295.1,close_recombination,1700,2045988,286058,1329678,625,439,9,9,0.0001452991452991,0.8163379454516217,52540,241960,590,328,233518,1087718,35,111,167754,3089817,5583,36722,688006,1152,9,102,0,2,326,0
snv_table,GCF_013368705.1,GCF_039760315.1,close_recombination,1706,2046188,286078,1329809,625,441,9,9,0.0001495726495726,0.8163857409517684,52530,241919,589,329,233548,1087890,36,112,167784,3090285,5601,36717,687888,1152,9,103,0,2,327,0
snv_table,GCF_013368705.1,GCF_039760335.1,close_recombination,1722,2047045,286224,1330363,627,454,9,9,0.0001581196581196,0.8163536251327631,52570,242087,589,334,233654,1088276,38,120,167825,3091405,5598,36727,688382,1152,10,110,0,2,332,0
snv_table,GCF_013368705.1,GCF_040095755.1,close_recombination,4258,2042055,285529,1327106,1564,1018,19,19,0.0001639344262295,0.6374483852778526,103520,477436,1528,907,182009,849670,36,111,131662,2412953,4395,72377,1357639,2292,6,105,0,5,902,0
snv_table,GCF_013368705.1,GCF_040098345.1,close_recombination,2225,2042441,285619,1327376,855,405,11,11,0.0001149425287356,0.9165356646441588,23840,108477,817,271,261779,1218899,38,134,187885,3462641,6171,16242,308628,561,7,127,0,1,270,0
snv_table,GCF_015555055.1,GCF_018289355.1,close_recombination,543,2041204,285467,1326611,185,159,4,4,4.4943820224719104e-05,0.9350993284687897,18530,85440,173,124,266937,1241171,12,35,191176,3526094,6243,12861,243063,396,2,33,0,0,124,0
snv_table,GCF_015555055.1,GCF_028200935.1,close_recombination,273,2048948,286476,1331632,88,82,1,1,1.444043321299639e-05,0.9661542328153143,9700,44174,84,71,276776,1287458,4,11,198480,3657468,6426,6358,125930,234,0,11,0,0,71,0
snv_table,GCF_015555055.1,GCF_028201045.1,close_recombination,283,2049207,286514,1331803,92,87,1,1,2.5270758122743684e-05,0.9661657021995435,9700,44167,84,71,276814,1287636,8,16,198502,3657980,6426,6351,125916,234,0,16,0,0,71,0
snv_table,GCF_015555055.1,GCF_028201315.1,close_recombination,366,2048950,286483,1331640,106,134,1,1,7.942238267148014e-05,0.9661655316371303,9700,44170,84,72,276783,1287470,22,62,198465,3657528,6417,6351,125925,234,3,59,0,0,72,0
snv_table,GCF_015555055.1,GCF_028395215.1,close_recombination,272,2048699,286439,1331471,90,80,1,1,2.1660649819494583e-05,0.9661044759966345,9710,44214,84,71,276729,1287257,6,9,198443,3656902,6426,6364,126044,234,0,9,0,0,71,0
snv_table,GCF_015555055.1,GCF_028395235.1,close_recombination,306,2048081,286346,1331069,97,92,1,1,3.2490974729241876e-05,0.9661388669651401,9700,44177,84,71,276646,1286892,13,21,198395,3655867,6414,6360,125937,234,1,20,0,0,71,0
snv_table,GCF_015555055.1,GCF_028395285.1,close_recombination,275,2049207,286514,1331803,88,84,1,1,1.444043321299639e-05,0.9661657021995435,9700,44167,84,71,276814,1287636,4,13,198502,3657980,6426,6351,125916,234,0,13,0,0,71,0
snv_table,GCF_015555645.1,GCF_019041535.1,close_recombination,3639,2033843,284406,1321812,1432,820,19,19,8.994708994708995e-05,0.66598454322342,95000,439934,1412,740,189406,881878,20,80,135882,2505291,4461,67519,1250081,2202,2,78,0,5,735,0
snv_table,GCF_015555645.1,GCF_020560185.1,close_recombination,404,2045338,285969,1329246,126,139,2,2,5.673758865248227e-05,0.9835331801698786,4710,21834,110,75,281259,1307412,16,64,201105,3714501,6630,3340,62036,126,1,63,0,1,74,0
snv_table,GCF_015555645.1,GCF_024461205.1,close_recombination,2593,2039783,285222,1325649,976,638,20,20,0.000167487684729,0.7108848546044835,82470,379284,942,530,202752,946365,34,108,146205,2688018,4872,57704,1078315,1833,2,106,0,2,528,0
snv_table,GCF_015555645.1,GCF_024461385.1,close_recombination,2290,2039902,285240,1325731,867,557,17,17,0.0001770334928229,0.7297714205581265,77080,355059,830,444,208160,970672,37,113,149718,2757303,4995,54203,1009261,1713,1,112,0,0,444,0
snv_table,GCF_015555645.1,GCF_039760295.1,close_recombination,2953,2043102,285642,1327806,1121,699,18,18,0.0001836734693877,0.683512928770979,90410,417924,1083,586,195232,909882,38,113,140466,2584440,4740,63788,1188010,1974,4,109,0,1,585,0
snv_table,GCF_015555645.1,GCF_039760315.1,close_recombination,2957,2043090,285640,1327801,1121,701,18,18,0.0001692307692307,0.6828875507631984,90580,418560,1083,587,195060,909241,38,114,140391,2582595,4737,63861,1189842,1977,4,110,0,1,586,0
snv_table,GCF_015555645.1,GCF_039760335.1,close_recombination,2966,2043613,285740,1328143,1122,712,18,18,0.000188775510204,0.6845383915447609,90140,416475,1083,594,195600,911668,39,118,140740,2589506,4758,63533,1183936,1956,3,115,0,2,592,0
snv_table,GCF_015555645.1,GCF_040095755.1,close_recombination,2891,2039289,285117,1325311,1049,686,10,10,6.694560669456067e-05,0.8373404602321153,46380,213313,1033,622,238737,1111998,16,64,171731,3158572,5691,32092,606830,1017,2,62,0,4,618,0
snv_table,GCF_015555645.1,GCF_040097405.1,close_recombination,2995,2023997,283037,1315254,1084,746,14,14,8.119658119658119e-05,0.8264997155848882,49110,225592,1065,666,233927,1089662,19,80,168236,3095134,5616,34037,641674,1065,1,79,0,4,662,0
snv_table,GCF_015555645.1,GCF_040098345.1,close_recombination,3740,2039184,285157,1325266,1461,728,19,19,0.0001379310344827,0.7090479981203337,82970,381760,1433,611,202187,943506,28,117,145782,2679861,4875,58079,1085368,1833,1,116,0,1,610,0
snv_table,GCF_015557505.1,GCF_047309505.1,close_recombination,2023,2019604,282467,1312731,767,463,33,33,0.0001574074074074,0.7680543213897553,65520,301690,730,359,216947,1011041,37,104,156503,2871583,5037,45439,858191,1440,3,100,1,0,359,0
snv_table,GCF_015557505.1,GCF_964240005.1,close_recombination,578,2026120,283325,1316960,207,124,2,2,8.270676691729324e-05,0.9369804994264537,17860,82311,184,98,265465,1234649,23,26,190099,3507743,6105,12460,234047,426,0,26,0,1,97,0
snv_table,GCF_015559725.1,GCF_028200905.1,close_recombination,708,2044262,285971,1328701,260,158,12,12,0.0001136363636363,0.9247441174105067,21530,98195,227,102,264441,1230506,33,56,189507,3495873,6138,14694,279360,531,1,55,0,0,102,0
snv_table,GCF_015559725.1,GCF_028201235.1,close_recombination,27,2049181,286565,1331801,8,14,1,1,0.0,0.9995637987891054,130,513,8,12,286435,1331288,0,2,204704,3782449,6711,66,1473,0,0,2,0,0,12,0
snv_table,GCF_015559725.1,GCF_039760255.1,close_recombination,69,2030813,284162,1319938,19,28,1,1,3.508771929824561e-05,0.9995706674361807,130,516,8,12,284032,1319422,11,16,202743,3748902,6621,68,1480,0,0,16,0,0,12,0
snv_table,GCF_015559725.1,GCF_040928345.1,close_recombination,949,2041271,285508,1326644,389,203,14,14,7.142857142857143e-05,0.9287655687406308,20340,92057,370,143,265168,1234587,19,60,190253,3507271,6237,13622,262126,423,0,60,0,2,141,0
snv_table,GCF_015559725.1,GCF_040928365.1,close_recombination,1123,2042937,285738,1327734,460,243,17,17,6.367041198501872e-05,0.9322876201275294,19350,87799,442,192,266388,1239935,18,51,191028,3522507,6270,13054,249941,402,0,51,0,4,188,0
snv_table,GCF_015561035.1,GCF_019129355.1,close_recombination,436,2022283,282829,1314251,142,124,3,3,5.5762081784386615e-05,0.9491600932011922,14380,67302,125,78,268449,1246949,17,46,191957,3542587,6303,10155,191427,324,3,43,0,0,78,0
snv_table,GCF_015561035.1,GCF_021406445.1,close_recombination,562,2018062,282230,1311499,185,156,4,4,4.460966542750929e-05,0.9521312404776247,13510,62565,173,97,268720,1248934,12,59,192395,3548131,6276,9308,178060,327,5,54,0,0,97,0
snv_table,GCF_015561035.1,GCF_028199555.1,close_recombination,522,2022537,282853,1314413,184,158,5,5,5.147058823529412e-05,0.9629029920135194,10493,49235,166,98,272360,1265178,18,60,194665,3594506,6363,7482,139965,258,2,58,0,1,97,0
snv_table,GCF_015561035.1,GCF_047307865.1,close_recombination,682,2022504,282860,1314389,226,216,7,7,6.741573033707865e-05,0.94682881991091,15040,69909,205,128,267820,1244480,21,88,191612,3535582,6246,10520,198826,381,2,86,0,2,126,0
snv_table,GCF_016766915.1,GCF_048453055.1,close_recombination,5334,2055497,287345,1335859,2076,928,4,4,0.0,0.8916807322208495,31130,145407,2076,918,256215,1190452,0,10,183455,3381775,6126,22008,413535,678,0,10,0,0,917,1
snv_table,GCF_018289355.1,GCF_028200935.1,close_recombination,287,2041139,285459,1326563,101,87,3,3,4.332129963898917e-05,0.9690358335172476,8840,41321,89,53,276619,1285242,12,34,197523,3651708,6495,6507,117294,162,2,32,0,0,53,0
snv_table,GCF_018289355.1,GCF_028201045.1,close_recombination,298,2041398,285497,1326734,106,92,4,4,4.332129963898917e-05,0.968661667197904,8950,41895,94,56,276547,1284839,12,36,197448,3650580,6489,6597,118920,168,2,34,0,0,56,0
snv_table,GCF_018289355.1,GCF_028201315.1,close_recombination,329,2041395,285498,1326732,111,103,2,2,8e-05,0.9631240849322937,10530,49356,89,56,274968,1277376,22,47,196278,3629388,6462,7754,140128,186,0,47,0,1,55,0
snv_table,GCF_018289355.1,GCF_028395165.1,close_recombination,553,2038981,285144,1325166,191,160,4,4,6.367041198501872e-05,0.9350714025194288,18520,85376,174,125,266624,1239790,17,35,190992,3522156,6222,12849,242883,396,2,33,0,0,125,0
snv_table,GCF_018289355.1,GCF_028395175.1,close_recombination,540,2040956,285433,1326447,185,159,4,4,4.868913857677903e-05,0.9351056114744967,18530,85435,172,124,266903,1241012,13,35,191163,3525630,6243,12859,243050,396,2,33,0,0,124,0
snv_table,GCF_018289355.1,GCF_028395205.1,close_recombination,551,2040682,285395,1326273,189,159,4,4,5.99250936329588e-05,0.9350899630336902,18530,85440,173,124,266865,1240833,16,35,191132,3525130,6237,12861,243063,396,2,33,0,0,124,0
snv_table,GCF_018289355.1,GCF_028395215.1,close_recombination,286,2040839,285413,1326367,103,83,3,3,5.054151624548737e-05,0.9690518651918448,8840,41321,89,53,276573,1285046,14,30,197492,3651151,6495,6507,117294,162,2,28,0,0,53,0
snv_table,GCF_018289355.1,GCF_028395235.1,close_recombination,318,2040226,285321,1325969,110,95,3,3,6.498194945848375e-05,0.9690488958050757,8840,41319,89,53,276481,1284650,21,42,197441,3650026,6483,6507,117288,162,1,41,0,0,53,0
snv_table,GCF_018289355.1,GCF_028395285.1,close_recombination,289,2041347,285488,1326699,101,89,3,3,4.332129963898917e-05,0.9690424816454632,8840,41321,89,53,276648,1285378,12,36,197538,3652101,6495,6507,117294,162,2,34,0,0,53,0
snv_table,GCF_019041415.1,GCF_019041655.1,close_recombination,15,2050103,286590,1332366,4,7,1,1,0.0,0.9995114972608954,140,578,4,0,286450,1331788,0,7,204884,3783748,6732,76,1658,0,0,7,0,0,0,0
snv_table,GCF_019041435.1,GCF_019041605.1,close_recombination,13,2050289,286609,1332479,3,7,1,1,0.0,0.9995499094585306,130,528,3,1,286479,1331951,0,6,204912,3784209,6732,69,1515,0,0,6,0,0,1,0
snv_table,GCF_019041435.1,GCF_019041655.1,close_recombination,18,2050103,286590,1332366,3,11,1,1,0.0,0.9995114972608954,140,578,3,1,286450,1331788,0,10,204884,3783748,6732,76,1658,0,0,10,0,0,1,0
snv_table,GCF_019041535.1,GCF_020560185.1,close_recombination,3406,2035278,284602,1322750,1346,755,21,21,9.947643979057593e-05,0.6691449814126395,94170,436871,1327,669,190432,885879,19,86,136286,2516863,4488,67246,1241183,2184,1,85,0,4,665,0
snv_table,GCF_019041535.1,GCF_028396205.1,close_recombination,3641,2033873,284406,1321834,1432,822,19,19,8.994708994708995e-05,0.6660197042256493,94990,439925,1412,742,189416,881909,20,80,135885,2505375,4467,67520,1250056,2199,2,78,0,5,737,0
snv_table,GCF_019041535.1,GCF_028396285.1,close_recombination,3639,2033843,284406,1321812,1432,820,19,19,8.994708994708995e-05,0.66598454322342,95000,439934,1412,740,189406,881878,20,80,135882,2505291,4461,67519,1250081,2202,2,78,0,5,735,0
snv_table,GCF_019041535.1,GCF_040095755.1,close_recombination,5128,2029171,283734,1318781,1927,1151,25,25,7.954545454545455e-05,0.6168453551565903,108720,502812,1913,1056,175014,815969,14,95,125902,2317910,4095,77008,1428893,2535,2,93,0,5,1051,0
snv_table,GCF_019041605.1,GCF_019041655.1,close_recombination,13,2050103,286590,1332366,2,8,1,1,0.0,0.9999302138944136,20,80,2,0,286570,1332286,0,8,204950,3785176,6732,10,230,0,0,8,0,0,0,0
snv_table,GCF_019041655.1,GCF_019041715.1,close_recombination,18,2050103,286590,1332366,4,9,1,1,0.0,0.9995114972608954,140,578,4,1,286450,1331788,0,8,204884,3783748,6732,76,1658,0,0,8,0,0,1,0
snv_table,GCF_019041655.1,GCF_019041765.1,close_recombination,21,2050103,286590,1332366,4,11,1,1,0.0,0.9995114972608954,140,578,4,1,286450,1331788,0,10,204884,3783748,6732,76,1658,0,0,10,0,0,1,0
snv_table,GCF_019041655.1,GCF_019041855.1,close_recombination,21,2050042,286581,1332324,4,13,1,1,0.0,0.9995428866533371,140,576,4,1,286441,1331748,0,12,204879,3783633,6732,75,1653,0,0,12,0,0,1,0
snv_table,GCF_019042015.1,GCF_021410705.1,close_recombination,1992,2022457,282789,1314379,745,469,6,6,0.0001031390134529,0.7860631071222713,60500,281833,721,392,222289,1032546,24,77,159243,2933298,5097,42815,801211,1473,3,74,0,4,388,0
snv_table,GCF_019042015.1,GCF_040928465.1,close_recombination,1733,2008640,280929,1305284,633,459,5,5,8.888888888888889e-05,0.799597051212228,56300,260674,612,373,224629,1044610,21,86,161130,2967525,5175,39442,741227,1353,4,82,0,1,372,0
snv_table,GCF_019042015.1,GCF_040928505.1,close_recombination,1746,1998456,279667,1298692,634,467,5,5,0.000125,0.7993077481433276,56130,259757,605,364,223537,1038935,29,103,160127,2951536,5142,39296,738628,1347,5,98,0,2,362,0
snv_table,GCF_019042015.1,GCF_047307425.1,close_recombination,2088,2026080,283352,1316741,773,488,9,9,9.734513274336283e-05,0.7958652135859284,57850,271545,749,404,225502,1045196,24,84,160437,2969973,5178,41973,771267,1395,4,80,0,2,402,0
snv_table,GCF_019042015.1,GCF_047310325.1,close_recombination,1916,2026606,283412,1317066,698,502,17,17,0.0001351351351351,0.7848291533174319,60990,281481,664,384,222422,1035585,34,118,159808,2941844,5103,42663,800316,1464,7,111,0,1,383,0
snv_table,GCF_019127815.1,GCF_021410225.1,close_recombination,1604,2047156,286208,1330431,588,389,26,26,7.488986784140969e-05,0.7927800760286225,59310,270995,571,326,226898,1059436,17,63,163740,3009231,5337,40869,770772,1344,2,61,0,1,325,0
snv_table,GCF_019127895.1,GCF_021410225.1,close_recombination,1601,2047095,286201,1330392,587,388,26,26,7.456140350877193e-05,0.7932886328140013,59170,270561,570,324,227031,1059831,17,64,163784,3010354,5355,40818,769539,1326,1,63,0,1,323,0
snv_table,GCF_019128075.1,GCF_019128215.1,close_recombination,4003,2046268,286202,1329949,1617,664,4,4,7.518796992481203e-06,0.9282953997526223,20530,93933,1615,651,265672,1236016,2,13,190083,3511761,6204,14376,267033,390,0,13,0,0,651,0
snv_table,GCF_019128075.1,GCF_019128325.1,close_recombination,4012,2046995,286309,1330415,1620,669,4,4,1.1278195488721805e-05,0.9282628209382171,20540,93951,1617,651,265769,1236464,3,18,190150,3513035,6207,14373,267093,387,1,17,0,0,651,0
snv_table,GCF_019128075.1,GCF_019128615.1,close_recombination,4009,2046196,286195,1329901,1617,669,3,3,1.8796992481203007e-05,0.9283530460001048,20510,93837,1612,650,265685,1236064,5,19,190094,3511891,6207,14359,266765,387,1,18,0,0,650,0
snv_table,GCF_019128075.1,GCF_019128655.1,close_recombination,3995,2045345,286077,1329342,1613,661,3,3,7.518796992481203e-06,0.9283165022004565,20510,93837,1611,650,265567,1235505,2,11,190012,3510299,6204,14359,266765,387,0,11,0,0,650,0
snv_table,GCF_019128075.1,GCF_019128665.1,close_recombination,4005,2047003,286309,1330420,1618,664,4,4,7.518796992481203e-06,0.9282628209382171,20540,93956,1616,651,265769,1236464,2,13,190150,3513035,6207,14374,267107,387,0,13,0,0,651,0
snv_table,GCF_019128075.1,GCF_019128745.1,close_recombination,3999,2045353,286077,1329347,1615,662,3,3,1.1278195488721805e-05,0.9283165022004565,20510,93842,1611,650,265567,1235505,4,12,190012,3510299,6204,14360,266779,387,0,12,0,0,650,0
snv_table,GCF_019128075.1,GCF_019128755.1,close_recombination,4003,2046088,286184,1329818,1619,662,4,4,7.518796992481203e-06,0.9282839012663182,20530,93918,1617,651,265654,1235900,2,11,190069,3511427,6204,14368,266999,387,0,11,0,0,651,0
snv_table,GCF_019128075.1,GCF_019128815.1,close_recombination,3997,2045353,286077,1329347,1614,661,3,3,7.518796992481203e-06,0.9283165022004565,20510,93842,1612,650,265567,1235505,2,11,190012,3510299,6204,14360,266779,387,0,11,0,0,650,0
snv_table,GCF_019128075.1,GCF_021410585.1,close_recombination,4194,2046810,286285,1330294,1692,723,7,7,1.1363636363636365e-05,0.9199573851232163,22920,105143,1689,676,263365,1225151,3,47,188410,3480875,6168,16094,298915,420,1,46,0,0,676,0
snv_table,GCF_019128075.1,GCF_040911985.1,close_recombination,4046,2044581,285971,1328857,1622,692,5,5,1.1278195488721805e-05,0.9281360697413374,20560,94047,1619,650,265411,1234810,3,42,189905,3508333,6192,14390,267361,390,1,41,0,0,650,0
snv_table,GCF_019128215.1,GCF_019128415.1,close_recombination,4002,2046877,286284,1330340,1616,664,4,4,3.7593984962406014e-06,0.9283089519498121,20530,93933,1615,651,265754,1236407,1,13,190159,3512858,6204,14376,267033,390,0,13,0,0,651,0
snv_table,GCF_019128215.1,GCF_021410585.1,close_recombination,210,2047504,286357,1330748,78,74,3,3,1.7605633802816902e-05,0.9916991727109866,2380,11170,71,27,283977,1319578,7,47,202903,3749216,6615,1714,31763,33,1,46,0,0,27,0
snv_table,GCF_019128325.1,GCF_019128415.1,close_recombination,4004,2046869,286284,1330335,1614,668,3,3,7.518796992481203e-06,0.9283788126475807,20510,93837,1612,650,265774,1236498,2,18,190175,3513112,6207,14359,266765,387,1,17,0,0,650,0
snv_table,GCF_019128325.1,GCF_019128615.1,close_recombination,4,2047653,286377,1330846,2,1,1,1,0.0,0.999940637690876,20,91,2,1,286357,1330755,0,0,204615,3780999,6651,16,254,3,0,0,0,0,1,0
snv_table,GCF_019128325.1,GCF_021410585.1,close_recombination,194,2048232,286464,1331215,74,64,3,3,1.0526315789473684e-05,0.9917127457551386,2380,11170,71,26,284084,1320045,3,38,202967,3750553,6615,1714,31763,33,0,38,0,0,26,0
snv_table,GCF_019128325.1,GCF_047307725.1,close_recombination,2841,2046021,286166,1329786,1064,695,39,39,0.000130890052356,0.668003885856461,95006,437099,1036,581,191160,892687,28,114,138353,2535220,4488,66102,1243065,2130,1,113,0,1,580,0
snv_table,GCF_019128415.1,GCF_019128615.1,close_recombination,4008,2046805,286277,1330292,1616,669,4,4,7.518796992481203e-06,0.9282967196107267,20530,93928,1614,651,265747,1236364,2,18,190154,3512734,6204,14375,267019,390,1,17,0,0,651,0
snv_table,GCF_019128415.1,GCF_019128655.1,close_recombination,3994,2045954,286159,1329733,1612,661,3,3,3.7593984962406014e-06,0.928330054270528,20510,93837,1611,650,265649,1235896,1,11,190088,3511396,6204,14359,266765,387,0,11,0,0,650,0
snv_table,GCF_019128415.1,GCF_019128665.1,close_recombination,3995,2047144,286320,1330512,1612,662,3,3,3.7593984962406014e-06,0.9283668622520257,20510,93842,1611,650,265810,1236670,1,12,190194,3513609,6207,14360,266779,387,0,12,0,0,650,0
snv_table,GCF_019128415.1,GCF_019128745.1,close_recombination,3998,2045962,286159,1329738,1614,662,3,3,7.518796992481203e-06,0.928330054270528,20510,93842,1611,650,265649,1235896,3,12,190088,3511396,6204,14360,266779,387,0,12,0,0,650,0
snv_table,GCF_019128415.1,GCF_019128755.1,close_recombination,3995,2046229,286195,1329910,1613,661,3,3,3.7593984962406014e-06,0.9283530460001048,20510,93842,1612,650,265685,1236068,1,11,190107,3511893,6204,14360,266779,387,0,11,0,0,650,0
snv_table,GCF_019128415.1,GCF_019128815.1,close_recombination,3996,2045962,286159,1329738,1613,661,3,3,3.7593984962406014e-06,0.928330054270528,20510,93842,1612,650,265649,1235896,1,11,190088,3511396,6204,14360,266779,387,0,11,0,0,650,0
snv_table,GCF_019128415.1,GCF_021410585.1,close_recombination,4186,2046657,286257,1330195,1686,722,6,6,7.575757575757576e-06,0.9200473700206457,22890,105012,1684,675,263367,1225183,2,47,188441,3480940,6168,16074,298542,420,1,46,0,0,675,0
snv_table,GCF_019128415.1,GCF_040911985.1,close_recombination,4038,2044713,285980,1328943,1616,691,4,4,7.518796992481203e-06,0.9282117630603539,20530,93933,1614,649,265450,1235010,2,42,189949,3508889,6192,14376,267033,390,1,41,0,0,649,0
snv_table,GCF_019128615.1,GCF_021410585.1,close_recombination,198,2047433,286350,1330701,76,65,3,3,1.4084507042253522e-05,0.9916884931028461,2380,11170,71,26,283970,1319531,5,39,202897,3749081,6615,1714,31763,33,0,39,0,0,26,0
snv_table,GCF_019128655.1,GCF_021410585.1,close_recombination,202,2046581,286232,1330141,74,71,3,3,1.056338028169014e-05,0.9917479527096901,2370,11147,71,28,283862,1318994,3,43,202823,3747547,6612,1706,31702,33,1,42,0,0,28,0
snv_table,GCF_019128665.1,GCF_021410585.1,close_recombination,205,2048238,286464,1331219,74,73,3,3,1.0526315789473684e-05,0.9917127457551386,2380,11170,71,27,284084,1320049,3,46,202968,3750564,6615,1714,31763,33,1,45,0,0,27,0
snv_table,GCF_019128665.1,GCF_047307725.1,close_recombination,2850,2046294,286202,1329962,1064,703,39,39,0.000130890052356,0.667640337943131,95122,437668,1036,588,191080,892294,28,115,138272,2534119,4491,66203,1244674,2127,2,113,0,1,587,0
snv_table,GCF_019128745.1,GCF_021410585.1,close_recombination,206,2046589,286232,1330146,76,72,3,3,1.7605633802816902e-05,0.9917479527096901,2370,11147,71,28,283862,1318999,5,44,202824,3747561,6612,1706,31702,33,1,43,0,0,28,0
snv_table,GCF_019128755.1,GCF_021410585.1,close_recombination,201,2047324,286339,1330617,73,71,3,3,7.042253521126761e-06,0.9917265898113774,2370,11147,71,28,283969,1319470,2,43,202889,3748909,6612,1706,31702,33,1,42,0,0,28,0
snv_table,GCF_019128815.1,GCF_021410585.1,close_recombination,202,2046589,286232,1330146,73,71,3,3,7.042253521126761e-06,0.9917479527096901,2370,11147,71,28,283862,1318999,2,43,202824,3747561,6612,1706,31702,33,1,42,0,0,28,0
snv_table,GCF_019129355.1,GCF_021406445.1,close_recombination,411,2018429,282288,1311724,130,123,3,3,5.166051660516605e-05,0.9571784843847418,12090,54820,116,61,270198,1256904,14,62,193471,3570866,6375,8254,155963,243,4,58,0,0,61,0
snv_table,GCF_019129355.1,GCF_028199555.1,close_recombination,412,2022421,282845,1314330,143,125,5,5,5.147058823529412e-05,0.9617988651027948,10805,49252,126,66,272040,1265078,17,59,194542,3594263,6429,7582,139976,198,1,58,0,1,65,0
snv_table,GCF_019129355.1,GCF_047307865.1,close_recombination,596,2022155,282811,1314157,196,186,8,8,7.142857142857143e-05,0.9432801411543398,16041,73271,174,98,266770,1240886,22,88,190944,3525417,6297,11147,208330,336,1,87,0,2,96,0
snv_table,GCF_019129475.1,GCF_019129775.1,close_recombination,6,2023687,282884,1314972,2,4,1,1,0.0,0.9998091090340917,60,205,2,0,282824,1314767,0,4,202090,3735593,6618,28,587,0,0,4,0,0,0,0
snv_table,GCF_019129485.1,GCF_019129775.1,close_recombination,5,2023695,282884,1314977,2,3,1,1,0.0,0.9998091090340917,60,205,2,0,282824,1314772,0,3,202091,3735607,6618,28,587,0,0,3,0,0,0,0
snv_table,GCF_019129515.1,GCF_019129775.1,close_recombination,3,2023708,282884,1314986,2,0,1,1,0.0,0.9998091090340917,60,205,2,0,282824,1314781,0,0,202092,3735633,6618,28,587,0,0,0,0,0,0,0
snv_table,GCF_019129575.1,GCF_019129775.1,close_recombination,2,2023700,282884,1314981,2,0,1,1,0.0,0.9998091090340917,60,205,2,0,282824,1314776,0,0,202091,3735619,6618,28,587,0,0,0,0,0,0,0
snv_table,GCF_019129675.1,GCF_019129775.1,close_recombination,5,2023708,282884,1314986,2,2,1,1,0.0,0.9998091090340917,60,205,2,0,282824,1314781,0,2,202092,3735633,6618,28,587,0,0,2,0,0,0,0
snv_table,GCF_020091465.1,GCF_040094775.1,close_recombination,3001,2041873,285571,1327096,1122,731,30,30,0.0001458333333333,0.6765392844511523,92380,426149,1085,615,193191,900947,37,116,139086,2559120,4635,65036,1211434,1977,1,115,0,3,612,0
snv_table,GCF_020538405.1,GCF_024758205.1,close_recombination,1640,2017816,282156,1311288,594,387,20,20,7.894736842105263e-05,0.8073902380243553,54350,247286,575,337,227806,1064002,19,50,164703,3021918,5385,36947,703678,1233,0,50,0,0,336,1
snv_table,GCF_020538405.1,GCF_028199455.1,close_recombination,1596,2020548,282581,1313092,589,359,25,25,5.531914893617021e-05,0.8313722437106529,47660,216200,575,306,234921,1096892,14,53,169786,3115355,5535,32162,615385,1053,0,53,0,4,302,0
snv_table,GCF_020538405.1,GCF_028200305.1,close_recombination,1589,2020533,282579,1313082,584,359,25,25,4.2553191489361704e-05,0.8313427395524792,47660,216255,574,306,234919,1096827,10,53,169768,3115181,5532,32179,615530,1056,0,53,0,4,302,0
snv_table,GCF_020538405.1,GCF_028200405.1,close_recombination,1526,2020855,282648,1313264,568,343,24,24,5.508474576271186e-05,0.8330149160793637,47200,214150,553,288,235448,1099114,15,55,170099,3121705,5538,31854,609540,1056,1,54,0,2,286,0
snv_table,GCF_020538405.1,GCF_964084965.1,close_recombination,1047,2022574,282864,1314391,387,247,14,14,7.480314960629921e-05,0.8984883194750835,28720,129696,365,203,254144,1184695,22,44,182900,3365209,5976,19231,369215,642,0,44,0,0,203,0
snv_table,GCF_020558905.1,GCF_020559185.1,close_recombination,150,2039839,285250,1325706,62,22,1,1,3.5087719298245615e-06,0.9980368098159509,560,2687,61,18,284690,1323019,1,4,203479,3758972,6606,370,7691,0,0,4,0,0,18,0
snv_table,GCF_020558905.1,GCF_024463175.1,close_recombination,11,2039986,285267,1325803,6,3,1,1,3.496503496503497e-06,0.9997651323146386,70,299,5,1,285197,1325504,1,2,203840,3766063,6609,29,868,0,0,2,0,0,1,0
snv_table,GCF_020558905.1,GCF_036419465.1,close_recombination,10,2039913,285256,1325754,5,3,1,1,0.0,0.9997686288807247,70,317,5,0,285186,1325437,0,3,203834,3765874,6603,33,912,6,0,3,0,0,0,0
snv_table,GCF_020559185.1,GCF_024463175.1,close_recombination,159,2039839,285250,1325706,66,25,2,2,0.0,0.9977914110429448,630,2997,66,19,284620,1322709,0,6,203449,3758072,6606,400,8591,0,0,6,0,0,19,0
snv_table,GCF_020559185.1,GCF_029076805.1,close_recombination,151,2039839,285250,1325706,62,22,1,1,3.5087719298245615e-06,0.9980368098159509,560,2687,61,18,284690,1323019,1,4,203479,3758972,6606,370,7691,0,0,4,0,0,18,0
snv_table,GCF_020559185.1,GCF_036419465.1,close_recombination,160,2039766,285239,1325657,67,25,2,2,3.5087719298245615e-06,0.9977948317025371,630,2995,66,19,284609,1322662,1,6,203446,3757934,6606,401,8584,0,0,6,0,0,19,0
snv_table,GCF_020560185.1,GCF_024461205.1,close_recombination,2509,2044897,285905,1328975,950,615,20,20,0.0001791044776119,0.7028208670712299,84970,391650,914,494,200935,937325,36,121,144710,2662456,4809,59670,1113384,1896,1,120,0,1,493,0
snv_table,GCF_020560185.1,GCF_024461385.1,close_recombination,2623,2043874,285769,1328310,986,647,18,18,0.0001764705882352,0.7143182080631559,81640,376719,947,522,204129,951591,39,125,146743,2703131,4899,57519,1070823,1815,0,125,0,1,521,0
snv_table,GCF_020560185.1,GCF_028396205.1,close_recombination,404,2045073,285928,1329078,125,140,2,2,5.319148936170213e-05,0.9835343163313841,4710,21834,110,75,281218,1307244,15,65,201089,3714010,6633,3340,62036,126,1,64,0,1,74,0
snv_table,GCF_020560185.1,GCF_028396285.1,close_recombination,404,2045338,285969,1329246,126,139,2,2,5.673758865248227e-05,0.9835331801698786,4710,21834,110,75,281259,1307412,16,64,201105,3714501,6630,3340,62036,126,1,63,0,1,74,0
snv_table,GCF_020560185.1,GCF_039760315.1,close_recombination,3291,2047071,286167,1330386,1243,792,20,20,0.0001684210526315,0.6642974207368425,96070,444301,1206,672,190097,886085,37,120,136789,2516870,4596,67804,1262963,2136,3,117,0,2,670,0
snv_table,GCF_020560185.1,GCF_040095755.1,close_recombination,2835,2044406,285798,1328639,1036,667,11,11,6.751054852320675e-05,0.8285572327308098,49000,226378,1020,593,236798,1102261,16,74,170057,3131110,5616,34238,643798,1098,1,73,0,3,590,0
snv_table,GCF_020560185.1,GCF_040097405.1,close_recombination,2931,2028919,283690,1318455,1068,723,15,15,6.896551724137931e-05,0.8144100955268074,52650,242414,1052,636,231040,1076041,16,87,166063,3056534,5526,36667,689417,1158,0,87,0,3,633,0
snv_table,GCF_020560185.1,GCF_040098345.1,close_recombination,4072,2043236,285698,1327899,1579,819,20,20,0.0001356783919597,0.6987798304503356,86060,396786,1549,684,199638,931113,30,135,143806,2644736,4797,60401,1128040,1917,0,135,0,2,682,0
snv_table,GCF_020563555.1,GCF_024464715.1,close_recombination,2,2025549,283111,1316367,2,0,1,1,0.0,0.9997845368071181,70,238,2,0,283041,1316129,0,0,202514,3739255,6618,32,682,0,0,0,0,0,0,0
snv_table,GCF_020885715.1,GCF_020885775.1,close_recombination,641,2017074,282102,1310847,269,128,1,1,3.861003861003861e-06,0.9170796378614827,23400,107554,268,117,258702,1203293,1,11,185317,3418445,6117,16298,305890,474,0,11,0,0,117,0
snv_table,GCF_020885715.1,GCF_020885855.1,close_recombination,640,2017074,282102,1310847,267,129,1,1,0.0,0.9170796378614827,23400,107554,267,117,258702,1203293,0,12,185317,3418445,6117,16298,305890,474,0,12,0,0,117,0
snv_table,GCF_021406445.1,GCF_028199555.1,close_recombination,489,2018241,282244,1311606,176,132,5,5,4.0293040293040296e-05,0.9676024999645697,9144,40904,161,67,273100,1270702,15,65,195518,3610162,6426,6202,116333,177,3,62,0,1,66,0
snv_table,GCF_021406445.1,GCF_047307865.1,close_recombination,671,2017946,282213,1311413,225,192,8,8,6.367041198501872e-05,0.9491058172373349,14363,64823,204,97,267850,1246590,21,95,191937,3541539,6294,9746,184408,315,3,92,0,2,95,0
snv_table,GCF_021410115.1,GCF_021411025.1,close_recombination,3258,2033380,284344,1321507,1318,609,23,23,5.0228310502283106e-05,0.7690332836282813,65680,300406,1306,531,218664,1021101,12,78,158072,2900077,5154,45177,854598,1443,1,76,1,1,530,0
snv_table,GCF_021410115.1,GCF_028201035.1,close_recombination,1982,2034925,284566,1322505,807,363,7,7,3.4883720930232556e-05,0.905308434598652,26950,125424,798,290,257616,1197081,9,73,184208,3401026,6009,19170,356496,606,3,70,0,0,290,0
snv_table,GCF_021410115.1,GCF_028396085.1,close_recombination,1684,2029695,283846,1319083,676,309,7,7,2.7237354085603113e-05,0.9027782670884916,27600,128867,668,263,256246,1190216,8,46,183065,3381610,5973,19753,366218,630,1,45,0,1,262,0
snv_table,GCF_021410115.1,GCF_028396095.1,close_recombination,1972,2029117,283774,1318717,804,360,6,6,4.633204633204633e-05,0.9113237999252927,25170,116702,791,297,258604,1202015,13,63,184999,3415007,6039,17772,331767,567,1,62,0,1,296,0
snv_table,GCF_021410115.1,GCF_028396185.1,close_recombination,1992,2029564,283828,1318998,811,370,6,6,5.0193050193050195e-05,0.9113618106740702,25160,116638,797,306,258668,1202360,14,64,185044,3415994,6042,17766,331581,567,1,63,0,1,305,0
snv_table,GCF_021410115.1,GCF_047308905.1,close_recombination,6033,2019315,282480,1312303,2421,1092,37,37,0.0001128205128205,0.6893585386576041,87750,402819,2398,976,194730,909484,23,116,140601,2583288,4563,61144,1145333,1980,0,116,0,3,973,0
snv_table,GCF_021410115.1,GCF_051065055.1,close_recombination,1983,2033987,284432,1321905,812,361,7,7,5.038759689922481e-05,0.9048559936997244,27070,125953,798,291,257362,1195952,14,70,184058,3397801,5997,19227,358020,612,1,69,0,0,291,0
snv_table,GCF_021410225.1,GCF_024790525.1,close_recombination,2747,2026825,283447,1317180,1019,679,35,35,0.0001042654028436,0.7435958045066626,72677,335564,996,567,210770,981616,23,112,151486,2788259,5103,51019,954158,1515,1,111,0,5,562,0
snv_table,GCF_021410225.1,GCF_028199465.1,close_recombination,1864,2026541,283439,1317013,695,446,35,35,0.0001063829787234,0.8330187447740078,47329,216756,661,322,236110,1100257,34,124,169743,3125355,5673,32725,616625,918,2,122,0,1,321,0
snv_table,GCF_021410225.1,GCF_028199675.1,close_recombination,1891,2027863,283615,1317858,705,458,36,36,0.0001025641025641,0.8237575586622711,49985,229040,679,348,233630,1088818,26,110,167960,3092866,5628,34637,651496,987,1,109,0,2,346,0
snv_table,GCF_021410225.1,GCF_964238155.1,close_recombination,2390,2048204,286367,1331107,902,610,36,36,8e-05,0.6972870477394393,86690,399084,886,512,199677,932023,16,98,144032,2647294,4743,60685,1134641,1926,0,98,0,5,507,0
snv_table,GCF_021410225.1,GCF_964241015.1,close_recombination,2390,2048204,286367,1331107,902,611,36,36,8e-05,0.6972870477394393,86690,399084,886,512,199677,932023,16,99,144032,2647294,4743,60685,1134641,1926,0,99,0,5,507,0
snv_table,GCF_021410225.1,GCF_964249005.1,close_recombination,2391,2048204,286367,1331107,902,610,36,36,8e-05,0.6972870477394393,86690,399084,886,512,199677,932023,16,98,144032,2647294,4743,60685,1134641,1926,0,98,0,5,507,0
snv_table,GCF_021410585.1,GCF_040911985.1,close_recombination,200,2045856,286134,1329681,74,67,3,3,7.042253521126761e-06,0.9917031880168033,2380,11170,71,26,283754,1318511,3,41,202740,3746190,6603,1714,31763,33,0,41,0,0,26,0
snv_table,GCF_021410705.1,GCF_040928465.1,close_recombination,1118,2013619,281535,1308546,428,275,5,5,7.053941908713692e-05,0.8557728168788961,40610,189962,410,213,240925,1118584,18,62,172031,3178069,5652,29135,539839,912,1,61,0,1,212,0
snv_table,GCF_021410705.1,GCF_040928505.1,close_recombination,1145,2003453,280277,1301973,434,289,5,5,0.0001,0.8549042554330181,40670,190119,409,207,239607,1111854,25,82,170866,3159092,5604,29150,540286,921,3,79,0,1,206,0
snv_table,GCF_021410705.1,GCF_047307425.1,close_recombination,815,2031301,283986,1320155,290,213,6,6,9.16030534351145e-05,0.9209608924383597,22450,102994,264,139,261536,1217161,26,74,187557,3457836,6090,15465,293004,513,1,73,0,2,137,0
snv_table,GCF_021410705.1,GCF_047310325.1,close_recombination,2252,2030152,283787,1319383,851,541,18,18,0.0001220657276995,0.7504219714081336,70830,328477,823,450,212957,990906,28,91,153375,2814351,4992,49568,934270,1593,3,88,0,2,448,0
snv_table,GCF_021411025.1,GCF_028201035.1,close_recombination,1492,2033702,284386,1321721,566,343,23,23,5.3278688524590167e-05,0.8550350579845702,41230,187458,553,274,243156,1134263,13,69,175375,3221690,5724,27895,533585,894,2,66,1,1,273,0
snv_table,GCF_021411025.1,GCF_028396085.1,close_recombination,1963,2028476,283664,1318304,771,423,26,26,5.106382978723405e-05,0.8282686558745558,48720,222557,759,353,234944,1095747,12,70,169327,3112376,5538,33388,633221,1062,0,69,1,2,351,0
snv_table,GCF_021411025.1,GCF_028396095.1,close_recombination,1563,2027920,283603,1317950,591,352,22,22,6.722689075630252e-05,0.8363099120954292,46430,212046,575,289,237173,1105904,16,63,170921,3141220,5571,31744,603359,1035,0,62,1,2,287,0
snv_table,GCF_021411025.1,GCF_028396185.1,close_recombination,1552,2028379,283658,1318239,586,351,21,21,6.751054852320675e-05,0.8349843826015836,46810,213744,570,289,236848,1104495,16,62,170682,3137229,5574,32023,608174,1035,0,61,1,2,287,0
snv_table,GCF_021411025.1,GCF_047308905.1,close_recombination,5012,2019397,282479,1312361,1970,954,41,41,0.0001295336787564,0.6821746041298645,89779,411324,1945,859,192700,901037,25,95,139415,2559139,4557,62336,1169644,1992,1,93,1,2,857,0
snv_table,GCF_021411025.1,GCF_051065055.1,close_recombination,1495,2032764,284252,1321121,571,342,23,23,6.224066390041494e-05,0.8468541997945485,43540,198750,556,274,240712,1122371,15,68,173522,3187978,5613,29655,565596,999,0,67,1,1,273,0
snv_table,GCF_021891045.1,GCF_021891195.1,close_recombination,2035,1947555,272370,1265674,729,500,33,33,0.0001136363636363,0.8164628997319823,49990,231158,695,427,222380,1034516,34,73,159396,2938986,5166,35162,657112,1200,0,73,0,4,423,0
snv_table,GCF_021891045.1,GCF_027660715.1,close_recombination,103,2035127,284602,1322660,30,43,2,2,3.8732394366197184e-05,0.9973928503664767,750,3403,19,14,283852,1319257,11,29,202867,3748286,6618,520,9683,6,0,29,0,0,14,0
snv_table,GCF_021891045.1,GCF_027671015.1,close_recombination,628,2034616,284530,1322335,213,180,14,14,5.747126436781609e-05,0.9186026078093699,23160,107603,195,137,261370,1214732,18,43,186960,3451209,6027,16378,305852,579,1,42,0,1,136,0
snv_table,GCF_021891045.1,GCF_027686305.1,close_recombination,82,2035300,284636,1322774,20,38,1,1,4.210526315789474e-05,0.9995221967706123,140,587,8,12,284496,1322187,12,26,203299,3756641,6621,77,1684,0,0,26,0,0,12,0
snv_table,GCF_021891045.1,GCF_030541685.1,close_recombination,658,2035049,284595,1322609,226,178,14,14,5.747126436781609e-05,0.9182171155501678,23280,108118,208,138,261315,1214491,18,40,186958,3450488,6027,16417,307343,594,0,40,0,0,138,0
snv_table,GCF_021891045.1,GCF_030546205.1,close_recombination,655,2034885,284565,1322498,225,176,14,14,6.153846153846154e-05,0.9159594468750549,23920,111119,206,139,260645,1211379,19,37,186484,3441644,6009,16881,315864,612,0,37,0,0,139,0
snv_table,GCF_021891045.1,GCF_040921925.1,close_recombination,1204,2018951,282454,1312209,414,305,17,17,0.0001056910569105,0.8685662090110248,37130,171719,388,246,245324,1140490,26,59,175485,3240369,5616,26141,488119,897,2,57,0,0,246,0
snv_table,GCF_021891045.1,GCF_040921935.1,close_recombination,1185,2032340,284227,1320861,410,291,18,18,8.502024291497975e-05,0.8678978422176641,37550,173227,389,242,246677,1147634,21,49,176758,3260453,5691,26327,492448,906,0,49,0,1,241,0
snv_table,GCF_021891045.1,GCF_047307925.1,close_recombination,646,2034277,284485,1322130,221,172,14,14,6.513409961685824e-05,0.9181854930839939,23280,108155,201,125,261205,1213975,20,47,186863,3449056,6006,16438,307430,597,3,44,0,0,125,0
snv_table,GCF_021891045.1,GCF_047638235.1,close_recombination,1436,2029525,283861,1319020,492,380,22,22,9.504132231404958e-05,0.8591881237648004,39980,183742,463,321,243881,1135278,29,59,174939,3225282,5613,27814,522434,978,2,57,0,3,318,0
snv_table,GCF_021891195.1,GCF_027660715.1,close_recombination,1967,1947163,272312,1265414,703,484,33,33,9.95475113122172e-05,0.8142498310761186,50590,234235,678,407,221722,1031179,25,77,158690,2929693,5154,35844,665652,1209,0,77,0,4,403,0
snv_table,GCF_021891195.1,GCF_027671015.1,close_recombination,1604,1946826,272259,1265196,580,395,26,26,9.205020920502092e-05,0.8745716395050301,34150,157285,558,318,238109,1107911,22,77,170566,3147587,5580,23932,447137,786,2,75,0,4,314,0
snv_table,GCF_021891195.1,GCF_027686305.1,close_recombination,2022,1947324,272346,1265523,720,494,34,34,0.0001136363636363,0.8070248874593349,52560,243405,695,424,219786,1022118,25,70,157458,2903805,5091,37061,691885,1269,0,70,0,4,420,0
snv_table,GCF_021891195.1,GCF_027686505.1,close_recombination,2005,1946542,272222,1265014,718,485,34,34,0.0001090909090909,0.8073190263828787,52460,242864,694,410,219762,1022150,24,75,157419,2903937,5094,37047,690288,1257,1,74,0,4,406,0
snv_table,GCF_021891195.1,GCF_030541685.1,close_recombination,1557,1947259,272324,1265470,567,378,25,25,9.205020920502092e-05,0.876896637828469,33530,154390,544,312,238794,1111080,23,66,171044,3156595,5601,23491,438899,780,1,65,0,3,309,0
snv_table,GCF_021891195.1,GCF_030546205.1,close_recombination,1556,1947095,272294,1265359,568,376,25,25,9.205020920502092e-05,0.8743123241790124,34230,157439,546,313,238064,1107920,22,63,170614,3147569,5577,23911,447602,804,1,62,0,3,310,0
snv_table,GCF_021891195.1,GCF_040921925.1,close_recombination,1219,1932159,270313,1255717,457,295,21,21,7.024793388429752e-05,0.8916700269687362,29290,134640,440,232,241023,1121077,17,63,172396,3185201,5634,20503,382742,675,1,62,0,5,227,0
snv_table,GCF_021891195.1,GCF_040921935.1,close_recombination,1217,1944804,271991,1263880,457,290,20,20,8.19672131147541e-05,0.8946251898040743,28670,131793,437,226,243321,1132087,20,64,174223,3216323,5715,20049,374661,669,1,63,0,4,222,0
snv_table,GCF_021891195.1,GCF_047307925.1,close_recombination,1562,1946414,272201,1264947,567,381,25,25,9.205020920502092e-05,0.8767050819063854,33570,154705,545,313,238631,1110242,22,68,170906,3154231,5589,23557,439778,780,2,66,0,5,308,0
snv_table,GCF_021891195.1,GCF_047308905.1,close_recombination,5002,1932482,270334,1255808,1933,1017,42,42,0.0001311475409836,0.6758676304127487,87624,403039,1909,904,182710,852769,24,113,131894,2422033,4380,61095,1146084,1938,2,111,0,5,899,0
snv_table,GCF_021891195.1,GCF_047638235.1,close_recombination,1283,1942162,271646,1262155,461,338,22,22,0.0001142857142857,0.900804723794939,26950,124509,432,262,244696,1137646,29,76,175009,3232181,5748,18944,353956,627,3,73,0,4,258,0
snv_table,GCF_021891215.1,GCF_047308005.1,close_recombination,587,2030002,284001,1319416,210,158,9,9,7.434944237918216e-05,0.9452431505522868,15560,71885,190,102,268441,1247531,20,56,191942,3544426,6225,10932,204372,351,2,54,0,0,102,0
snv_table,GCF_021891245.1,GCF_028199635.1,close_recombination,2906,2047069,286283,1330343,1108,656,31,31,0.0001139896373056,0.670769832648114,94260,435633,1085,561,192023,894710,23,95,138429,2541111,4590,66069,1238712,2118,3,92,0,3,557,1
snv_table,GCF_021891245.1,GCF_028200395.1,close_recombination,2976,2046971,286269,1330280,1128,677,32,32,0.000109375,0.669195756438874,94700,437535,1107,583,191569,892745,21,94,138149,2535517,4569,66337,1244135,2133,3,91,0,4,578,1
snv_table,GCF_021891245.1,GCF_047309325.1,close_recombination,2656,2046317,286205,1329868,972,621,15,15,0.0001287128712871,0.7034118900787897,84890,394815,945,516,201315,935053,27,105,143739,2656671,4749,60701,1121812,1932,3,102,0,4,512,0
snv_table,GCF_021891245.1,GCF_964238335.1,close_recombination,2638,2047242,286289,1330455,968,606,15,15,0.000105,0.6970927978371506,86720,402895,947,518,199569,927560,21,88,142701,2635239,4740,61834,1144898,1953,4,84,0,4,514,0
snv_table,GCF_021891245.1,GCF_964238845.1,close_recombination,2797,2047262,286294,1330470,1035,639,16,16,0.0001139896373056,0.6736781071206522,93430,434429,1012,553,192864,896041,23,86,137694,2545902,4527,66843,1234284,2160,4,82,0,4,549,0
snv_table,GCF_021891295.1,GCF_028201295.1,close_recombination,2961,2046314,286066,1329899,1115,673,39,39,8.290155440414508e-05,0.672397278949613,93720,433591,1098,584,192346,896308,17,89,138223,2546003,4698,66348,1232442,1983,1,88,0,1,583,0
snv_table,GCF_022135985.1,GCF_028199515.1,close_recombination,1454,2050746,286730,1332790,552,342,23,23,8.097165991902834e-05,0.8593101524081889,40340,185583,532,264,246390,1147207,20,78,176859,3259023,5739,28127,527683,939,2,76,0,2,262,0
snv_table,GCF_022135985.1,GCF_028201265.1,close_recombination,956,2049572,286541,1332028,367,213,16,16,6.94980694980695e-05,0.9017208706607431,28170,130356,349,155,258371,1201672,18,58,185036,3413947,6033,19852,370571,645,2,56,0,1,154,0
snv_table,GCF_023668565.1,GCF_023668715.1,close_recombination,5,2045447,286120,1329438,2,1,1,1,0.0,0.9997902977771564,60,205,2,0,286060,1329233,0,1,204452,3776632,6615,28,587,0,0,1,0,0,0,0
snv_table,GCF_023668565.1,GCF_023669385.1,close_recombination,8,2045295,286086,1329329,2,3,1,1,0.0,0.9998042546646813,60,205,2,0,286026,1329124,0,3,204422,3776335,6615,28,587,0,0,3,0,0,0,0
snv_table,GCF_023668565.1,GCF_023669405.1,close_recombination,11,2046383,286224,1330037,2,7,1,1,0.0,0.9998113365755492,60,205,2,0,286164,1329832,0,7,204546,3778332,6618,28,587,0,1,6,0,0,0,0
snv_table,GCF_023668565.1,GCF_023669435.1,close_recombination,28,2046145,286225,1329896,7,8,1,1,0.0,0.9999475936763036,20,98,7,5,286205,1329798,0,3,204497,3778294,6603,14,280,0,0,3,0,0,5,0
snv_table,GCF_023668585.1,GCF_023668715.1,close_recombination,5,2045467,286122,1329452,2,1,1,1,0.0,0.9998182593439162,60,205,2,0,286062,1329247,0,1,204453,3776673,6615,28,587,0,0,1,0,0,0,0
snv_table,GCF_023668585.1,GCF_023669385.1,close_recombination,8,2045315,286088,1329343,2,3,1,1,0.0,0.9997972651771483,60,205,2,0,286028,1329138,0,3,204423,3776376,6615,28,587,0,0,3,0,0,0,0
snv_table,GCF_023668585.1,GCF_023669405.1,close_recombination,11,2046194,286199,1329915,2,7,1,1,0.0,0.9997938497339264,60,205,2,0,286139,1329710,0,7,204532,3777980,6618,28,587,0,1,6,0,0,0,0
snv_table,GCF_023668585.1,GCF_023669435.1,close_recombination,28,2045716,286164,1329617,7,8,1,1,0.0,0.9999510770047945,20,100,7,5,286144,1329517,0,3,204467,3777481,6603,14,286,0,0,3,0,0,5,0
snv_table,GCF_023668665.1,GCF_023669435.1,close_recombination,35,2045974,286196,1329790,10,12,2,2,3.484320557491289e-06,0.9996995066318187,90,326,9,5,286106,1329464,1,7,204458,3777334,6600,43,932,3,0,7,0,0,5,0
snv_table,GCF_023668715.1,GCF_023669435.1,close_recombination,27,2044906,286073,1329096,9,7,2,2,0.0,0.9997098642654147,90,347,9,5,285983,1328749,0,2,204350,3775306,6591,50,982,9,0,2,0,0,5,0
snv_table,GCF_023669385.1,GCF_023669435.1,close_recombination,24,2044699,286031,1328951,9,5,2,2,0.0,0.9997517751572382,80,307,9,5,285951,1328644,0,0,204321,3775008,6603,44,877,0,0,0,0,0,5,0
snv_table,GCF_023669405.1,GCF_023669435.1,close_recombination,28,2045657,286157,1329580,9,9,2,2,0.0,0.999730916944195,80,312,9,4,286077,1329268,0,5,204428,3776779,6597,47,883,6,1,4,0,0,4,0
snv_table,GCF_024022975.1,GCF_024759565.1,close_recombination,2154,2017790,282096,1311231,774,563,36,36,0.0001284403669724,0.774559015370654,63600,295638,741,420,218496,1015593,33,143,156537,2885157,5085,45003,840432,1479,1,142,0,2,418,0
snv_table,GCF_024022975.1,GCF_024789245.1,close_recombination,2169,2013490,281537,1308412,775,576,36,36,0.0001402714932126,0.7857581774331616,60320,280452,739,416,221217,1027960,36,160,158388,2920371,5121,42684,797265,1407,1,157,2,2,414,0
snv_table,GCF_024047355.1,GCF_028199355.1,close_recombination,1442,2046027,286049,1329710,544,351,17,17,0.0001166666666666,0.8414642246608098,45350,210527,513,261,240699,1119183,31,90,172378,3179432,5739,32132,598495,954,1,89,0,4,256,1
snv_table,GCF_024047355.1,GCF_028200155.1,close_recombination,1512,2045934,286036,1329651,564,373,18,18,0.0001083333333333,0.84087317680292,45520,211248,535,286,240516,1118403,29,87,172265,3177205,5739,32231,600559,954,1,86,0,5,280,1
snv_table,GCF_024047355.1,GCF_028200165.1,close_recombination,1432,2046095,286060,1329757,541,345,17,17,0.0001083333333333,0.8414318674403971,45360,210595,512,261,240700,1119162,29,84,172370,3179377,5739,32143,598688,954,1,83,0,4,256,1
snv_table,GCF_024047355.1,GCF_964252195.1,close_recombination,1388,2049166,286511,1331769,507,330,21,21,0.000112970711297,0.8338946846717927,47600,219888,480,232,238911,1111881,27,98,171406,3158639,5598,33413,625174,1077,0,97,1,4,227,1
snv_table,GCF_024047375.1,GCF_024461205.1,close_recombination,3411,2043622,285734,1328143,1283,811,26,26,0.0001182266009852,0.710275990956624,82790,382155,1259,716,202944,945988,24,95,145876,2687168,4920,58384,1086299,1782,2,93,0,5,711,0
snv_table,GCF_024047375.1,GCF_024461385.1,close_recombination,3147,2043766,285755,1328242,1198,735,24,24,0.0001116504854368,0.7194274815838743,80180,369989,1175,643,205575,958253,23,92,147829,2721947,4983,56447,1051792,1728,1,91,0,3,640,0
snv_table,GCF_024047375.1,GCF_028396205.1,close_recombination,3673,2044564,285878,1328753,1379,856,25,25,0.0001153846153846,0.6393286646751412,103110,475977,1354,763,182768,852776,25,93,131667,2422149,4512,72723,1353003,2205,2,91,0,3,760,0
snv_table,GCF_024047375.1,GCF_039760295.1,close_recombination,3551,2047144,286192,1330434,1346,829,30,30,8.290155440414508e-05,0.6735687929781405,93430,431221,1330,730,192762,899213,16,99,138870,2554038,4731,65735,1225948,1980,5,94,0,3,727,0
snv_table,GCF_024047375.1,GCF_039760315.1,close_recombination,3558,2047198,286197,1330475,1348,830,30,30,9.32642487046632e-05,0.6739064350779358,93330,430651,1330,731,192867,899824,18,99,138965,2555770,4737,65645,1224328,1980,5,94,0,3,728,0
snv_table,GCF_024047375.1,GCF_039760335.1,close_recombination,3572,2047440,286250,1330632,1350,843,30,30,0.0001088082901554,0.6736419213973799,93420,431010,1329,738,192830,899622,21,105,138946,2555180,4740,65676,1225377,1977,6,99,0,3,735,0
snv_table,GCF_024047375.1,GCF_040098345.1,close_recombination,4509,2043523,285743,1328089,1760,887,29,29,8.737864077669902e-05,0.7184078000160984,80470,370675,1742,776,205273,957414,18,111,147965,2719279,4998,56282,1054033,1710,1,110,0,4,772,0
snv_table,GCF_024461205.1,GCF_024461385.1,close_recombination,312,2044725,285870,1328859,109,86,2,2,7.067137809187279e-06,0.9874418441949138,3590,16175,107,80,282280,1312684,2,6,202047,3729345,6660,2327,46117,81,1,5,0,2,78,0
snv_table,GCF_024461205.1,GCF_028396205.1,close_recombination,2596,2039805,285224,1325663,976,640,20,20,0.000167487684729,0.7108798698566741,82470,379284,942,530,202754,946379,34,110,146207,2688058,4872,57704,1078315,1833,2,108,0,2,528,0
snv_table,GCF_024461205.1,GCF_028396285.1,close_recombination,2593,2039783,285222,1325649,976,638,20,20,0.000167487684729,0.7108848546044835,82470,379284,942,530,202752,946365,34,108,146205,2688018,4872,57704,1078315,1833,2,106,0,2,528,0
snv_table,GCF_024461205.1,GCF_039760295.1,close_recombination,2292,2041622,285419,1326853,844,571,15,15,0.0001396396396396,0.777313353350688,63560,291363,813,465,221859,1035490,31,106,160138,2941082,5250,43936,828692,1461,5,101,0,2,463,0
snv_table,GCF_024461205.1,GCF_039760315.1,close_recombination,2298,2041610,285417,1326848,845,573,15,15,0.0001434977578475,0.7845713464860187,61490,282324,808,462,223927,1044524,37,111,161472,2966790,5310,42600,802971,1401,5,106,0,2,460,0
snv_table,GCF_024461205.1,GCF_039760335.1,close_recombination,2311,2042637,285587,1327511,847,584,15,15,0.0001651785714285,0.782458585299751,62130,285201,809,469,223457,1042310,38,115,161131,2960501,5298,43009,811181,1413,6,109,0,2,467,0
snv_table,GCF_024461205.1,GCF_040095755.1,close_recombination,4091,2039077,285080,1325186,1511,975,19,19,0.0001612903225806,0.6536060053318367,98750,456258,1478,863,186330,868928,33,112,134289,2467974,4521,69495,1297137,2142,2,110,0,4,859,0
snv_table,GCF_024461205.1,GCF_040098345.1,close_recombination,1915,2038118,284994,1324575,738,344,5,5,6.934306569343065e-05,0.9613886608139118,11010,50052,719,247,273984,1274523,19,97,196348,3620744,6477,7381,142541,234,1,96,0,3,244,0
snv_table,GCF_024461385.1,GCF_028396205.1,close_recombination,2293,2039924,285242,1325745,867,559,17,17,0.0001770334928229,0.7298013616508088,77080,355059,830,444,208162,970686,37,115,149720,2757343,4995,54203,1009261,1713,1,114,0,0,444,0
snv_table,GCF_024461385.1,GCF_028396285.1,close_recombination,2290,2039902,285240,1325731,867,557,17,17,0.0001770334928229,0.7297714205581265,77080,355059,830,444,208160,970672,37,113,149718,2757303,4995,54203,1009261,1713,1,112,0,0,444,0
snv_table,GCF_024461385.1,GCF_039760295.1,close_recombination,1990,2041732,285436,1326930,735,489,13,13,0.0001283185840707,0.789809274233103,60000,275282,705,385,225436,1051648,30,104,162487,2987123,5334,41598,782868,1380,4,100,0,0,385,0
snv_table,GCF_024461385.1,GCF_039760315.1,close_recombination,1996,2041745,285437,1326942,736,491,13,13,0.0001453744493392,0.7971636473197238,57900,266126,699,382,227537,1060816,37,109,163812,3013236,5400,40275,756783,1320,4,105,0,0,382,0
snv_table,GCF_024461385.1,GCF_039760335.1,close_recombination,2009,2042781,285608,1327610,738,502,13,13,0.0001578947368421,0.7950757681857651,58530,268970,701,387,227078,1058640,37,115,163478,3007054,5388,40678,764900,1332,5,110,0,0,387,0
snv_table,GCF_024461385.1,GCF_040095755.1,close_recombination,4268,2038090,284951,1324543,1576,1018,21,21,0.0001505376344086,0.6495502735558043,99870,461134,1548,913,185081,863409,28,105,133504,2452244,4479,70167,1311039,2196,1,104,0,4,909,0
snv_table,GCF_024461385.1,GCF_040098345.1,close_recombination,1611,2038231,285009,1324654,629,262,3,3,6.474820143884892e-05,0.9739692430765344,7420,33872,611,168,277589,1290782,18,94,198688,3667091,6567,5055,96408,153,0,94,0,1,167,0
snv_table,GCF_024463175.1,GCF_029076805.1,close_recombination,12,2040117,285283,1325890,6,3,1,1,3.496503496503497e-06,0.9997791666520612,70,311,5,1,285213,1325579,1,2,203853,3766272,6612,30,903,0,0,2,0,0,1,0
snv_table,GCF_024758205.1,GCF_028199455.1,close_recombination,1641,2017963,282187,1311420,579,401,29,29,4.090909090909091e-05,0.7794831087186865,62230,284461,570,341,219957,1026959,9,60,158924,2916739,5214,42763,809261,1359,0,60,0,4,336,1
snv_table,GCF_024758205.1,GCF_028200305.1,close_recombination,1648,2017948,282185,1311410,582,403,33,33,3.125e-05,0.7938054822191116,58190,266158,575,340,223995,1045252,7,63,161680,2968790,5286,40006,757181,1287,0,63,0,4,335,1
snv_table,GCF_024758205.1,GCF_028200405.1,close_recombination,1574,2018270,282254,1311592,556,386,27,27,3.703703703703704e-05,0.7627172688429571,66980,307112,547,327,215274,1004480,9,59,155443,2852936,5061,46249,873569,1518,0,59,0,3,323,1
snv_table,GCF_024758205.1,GCF_964084965.1,close_recombination,974,2020069,282486,1312771,331,267,14,14,9.67741935483871e-05,0.8751584149302974,35270,161496,306,224,247216,1151275,25,43,177791,3270202,5832,24082,459635,771,0,43,0,0,223,1
snv_table,GCF_024790525.1,GCF_028199465.1,close_recombination,1500,2026485,283435,1316984,552,366,8,8,6.910569105691057e-05,0.8653835976502549,38160,175070,534,323,245275,1141914,18,43,176004,3243999,5739,26433,497910,867,1,42,0,2,321,0
snv_table,GCF_024790525.1,GCF_028199675.1,close_recombination,1527,2027736,283596,1317784,561,378,8,8,6.477732793522267e-05,0.8684537158493068,37310,171405,543,331,246286,1146379,18,47,176699,3256630,5808,25864,487529,822,1,46,0,2,329,0
snv_table,GCF_027660715.1,GCF_027671015.1,close_recombination,639,2034475,284507,1322241,213,181,15,15,2.6923076923076923e-05,0.9109441946946824,25340,117583,206,131,259167,1204658,7,50,185398,3422591,5985,17936,334192,621,1,49,0,1,130,0
snv_table,GCF_027660715.1,GCF_027686305.1,close_recombination,88,2034834,284569,1322472,20,35,1,1,2.464788732394366e-05,0.997859921495314,610,2835,13,5,283959,1319637,7,30,202901,3749395,6615,445,8054,6,0,30,0,0,5,0
snv_table,GCF_027660715.1,GCF_027686505.1,close_recombination,79,2034460,284506,1322230,21,30,1,1,2.8169014084507043e-05,0.9978699921970011,610,2835,13,5,283896,1319395,8,25,202871,3748708,6606,445,8054,6,1,24,0,0,5,0
snv_table,GCF_027660715.1,GCF_030541685.1,close_recombination,593,2034866,284567,1322487,200,165,15,15,2.6717557251908397e-05,0.9183426047292904,23240,107703,193,125,261327,1214784,7,40,187016,3451303,6033,16352,306172,585,0,40,0,0,125,0
snv_table,GCF_027660715.1,GCF_030546205.1,close_recombination,592,2034702,284537,1322376,201,163,14,14,4.9429657794676805e-05,0.9234299932873404,21790,101197,188,121,262747,1221179,13,42,187968,3469518,6051,15390,287634,567,0,42,0,0,121,0
snv_table,GCF_027660715.1,GCF_040921925.1,close_recombination,1215,2018768,282426,1312087,415,305,19,19,6.910569105691057e-05,0.8683336520008781,37190,171828,398,243,245236,1140259,17,62,175472,3239692,5613,26147,488440,897,1,61,0,1,242,0
snv_table,GCF_027660715.1,GCF_040921935.1,close_recombination,1211,2032225,284209,1320782,415,299,20,20,4.858299595141701e-05,0.8668972481518882,37830,174656,403,242,246379,1146126,12,57,176507,3256180,5691,26575,496490,903,0,57,0,1,241,0
snv_table,GCF_027660715.1,GCF_047307925.1,close_recombination,598,2034010,284445,1321955,199,169,14,14,4.9429657794676805e-05,0.9244317882191636,21500,99881,186,120,262945,1222074,13,49,188087,3472087,6048,15202,283889,552,3,46,0,0,120,0
snv_table,GCF_027660715.1,GCF_047638235.1,close_recombination,1369,2029151,283805,1318772,465,366,24,24,6.122448979591836e-05,0.8639382674723842,38620,177813,447,298,245185,1140959,18,68,175752,3241491,5634,26979,505503,957,2,66,0,3,295,0
snv_table,GCF_027671015.1,GCF_027686305.1,close_recombination,617,2034290,284492,1322124,203,175,14,14,4.580152671755725e-05,0.9212561337401404,22410,104119,188,133,262082,1218005,15,42,187451,3460537,6027,15845,295936,576,1,41,0,1,132,0
snv_table,GCF_027671015.1,GCF_027686505.1,close_recombination,601,2034166,284467,1322041,202,168,16,16,3.816793893129771e-05,0.9207043347734535,22560,104591,192,122,261907,1217450,10,46,187384,3458918,6048,15911,297307,555,2,44,0,1,121,0
snv_table,GCF_027671015.1,GCF_028201035.1,close_recombination,3418,2034193,284480,1322051,1286,748,41,41,0.0001212121212121,0.6975534308211474,86040,397917,1257,618,198440,924134,29,130,142620,2625093,4689,60668,1131187,1896,4,126,0,5,613,0
snv_table,GCF_027671015.1,GCF_028396085.1,close_recombination,3873,2029090,283778,1318712,1483,838,44,44,0.0001269841269841,0.664780215520583,95130,440843,1457,713,188648,877869,26,125,135297,2493870,4440,67447,1252946,2136,2,123,0,6,707,0
snv_table,GCF_027671015.1,GCF_028396095.1,close_recombination,3483,2028404,283696,1318277,1311,767,41,41,0.0001546391752577,0.688307202075461,88430,410017,1272,645,195266,908260,39,122,139969,2580203,4608,62712,1165368,1971,2,120,0,6,639,0
snv_table,GCF_027671015.1,GCF_028396185.1,close_recombination,3502,2028844,283749,1318553,1316,774,42,42,0.0001391752577319,0.687896697433295,88560,410592,1281,650,195189,907961,35,124,139939,2579321,4623,62780,1167040,1956,2,122,0,6,644,0
snv_table,GCF_027671015.1,GCF_030541685.1,close_recombination,101,2034529,284514,1322269,25,46,1,1,3.5211267605633805e-05,0.9978770816198851,610,2835,13,5,283904,1319434,12,41,202887,3748800,6615,445,8054,6,2,39,0,0,5,0
snv_table,GCF_027671015.1,GCF_030546205.1,close_recombination,98,2034365,284484,1322158,26,44,1,1,4.577464788732394e-05,0.9978768577494692,610,2835,13,5,283874,1319323,13,39,202877,3748477,6615,445,8054,6,2,37,0,0,5,0
snv_table,GCF_027671015.1,GCF_040921925.1,close_recombination,722,2018524,282382,1311926,243,188,6,6,7.835820895522388e-05,0.9521145115481865,13530,62203,219,127,268852,1249723,24,61,192123,3550842,6204,9469,176822,318,3,58,0,1,126,0
snv_table,GCF_027671015.1,GCF_040921935.1,close_recombination,714,2031829,284147,1320526,242,182,7,7,5.5762081784386615e-05,0.9489454402122844,14510,66306,224,129,269637,1254220,18,53,193010,3563398,6252,10033,188540,345,1,52,0,2,127,0
snv_table,GCF_027671015.1,GCF_047307925.1,close_recombination,107,2033694,284394,1321747,24,50,1,1,3.8732394366197184e-05,0.9978761858548352,610,2835,13,5,283784,1318912,11,45,202812,3747321,6603,445,8054,6,5,40,0,0,5,0
snv_table,GCF_027671015.1,GCF_047308905.1,close_recombination,5081,2019000,282431,1312120,1994,942,39,39,0.0001576354679802,0.7209902595678237,78801,362309,1959,823,203630,949811,35,119,146654,2697934,4845,55059,1030185,1683,3,116,0,4,819,0
snv_table,GCF_027671015.1,GCF_047638235.1,close_recombination,953,2028814,283752,1318554,316,261,13,13,7.547169811320755e-05,0.9370506639600779,17870,81329,292,192,265882,1237225,24,69,190470,3515037,6168,12225,231336,426,3,66,0,4,188,0
snv_table,GCF_027671015.1,GCF_051065055.1,close_recombination,3420,2033350,284360,1321511,1291,746,41,41,0.0001313131313131,0.6966872977915318,86250,398927,1259,616,198110,922584,32,130,142380,2620710,4662,60823,1134038,1920,2,128,0,5,611,0
snv_table,GCF_027686305.1,GCF_027686505.1,close_recombination,22,2034519,284514,1322269,5,10,1,1,3.5087719298245615e-06,0.9994938737636813,150,632,4,1,284364,1321637,1,9,203232,3755067,6612,88,1808,0,1,8,0,0,1,0
snv_table,GCF_027686305.1,GCF_030541685.1,close_recombination,645,2034705,284555,1322386,216,171,14,14,4.597701149425287e-05,0.9203141747641054,22680,105271,201,133,261875,1217115,15,38,187354,3457955,6036,15977,299257,579,0,38,0,0,133,0
snv_table,GCF_027686305.1,GCF_030546205.1,close_recombination,644,2034541,284525,1322275,217,169,15,15,6.083650190114068e-05,0.92220367278798,22140,102757,201,130,262385,1219518,16,39,187738,3464771,6045,15583,292118,570,0,39,0,0,130,0
snv_table,GCF_027686305.1,GCF_040921925.1,close_recombination,1191,2018607,282414,1311986,405,297,19,19,6.910569105691057e-05,0.8723717662722102,36050,166493,385,244,246364,1145493,20,53,176269,3254579,5631,25313,473290,876,1,52,0,1,243,0
snv_table,GCF_027686305.1,GCF_040921935.1,close_recombination,1170,2032009,284189,1320646,403,282,19,19,6.0483870967741935e-05,0.8735735725168814,35930,165920,385,235,248259,1154726,18,47,177788,3280663,5727,25253,471643,864,0,47,0,1,234,0
snv_table,GCF_027686305.1,GCF_047307925.1,close_recombination,637,2033933,284445,1321907,214,169,14,14,4.980842911877394e-05,0.9190177362934838,23040,106982,198,126,261405,1214925,16,43,186992,3451774,6009,16265,304093,588,3,40,0,0,126,0
snv_table,GCF_027686305.1,GCF_047308905.1,close_recombination,5312,2019089,282464,1312182,2079,999,45,45,0.0001534391534391,0.6730769230769231,92344,426879,2044,877,190120,885303,35,122,136561,2514893,4455,65142,1213434,2061,2,120,0,3,874,0
snv_table,GCF_027686305.1,GCF_047638235.1,close_recombination,1423,2029315,283839,1318882,482,373,24,24,8.979591836734694e-05,0.8650678729843326,38300,176444,457,307,245539,1142438,25,66,176010,3245658,5646,26706,501681,945,2,64,0,3,304,0
snv_table,GCF_027686505.1,GCF_030541685.1,close_recombination,626,2034245,284477,1322087,211,164,16,16,3.4482758620689657e-05,0.9171567472941573,23570,109189,202,127,260907,1212898,9,37,186766,3445910,6018,16534,310445,588,1,36,0,0,127,0
snv_table,GCF_027686505.1,GCF_030546205.1,close_recombination,627,2034081,284447,1321976,216,162,14,14,4.597701149425287e-05,0.9179565964837034,23340,108354,201,130,261107,1213622,15,32,186835,3448022,6009,16455,308010,597,1,31,0,0,130,0
snv_table,GCF_027686505.1,GCF_040921925.1,close_recombination,1173,2018216,282343,1311729,402,290,19,19,6.504065040650406e-05,0.8733703332471497,35760,165133,383,237,246583,1146596,19,53,176434,3257717,5637,25125,469407,867,2,51,0,1,236,0
snv_table,GCF_027686505.1,GCF_040921935.1,close_recombination,1167,2031558,284112,1320352,404,281,20,20,6.024096385542168e-05,0.8786675677197725,34480,159164,386,228,249632,1161188,18,53,178833,3298977,5754,24178,452486,828,1,52,0,1,227,0
snv_table,GCF_027686505.1,GCF_047307925.1,close_recombination,635,2033410,284357,1321565,214,167,14,14,4.980842911877394e-05,0.9206736602228889,22560,104779,198,124,261797,1216786,16,43,187298,3457042,6018,15927,297834,576,4,39,0,0,124,0
snv_table,GCF_027686505.1,GCF_047638235.1,close_recombination,1402,2028533,283715,1318373,479,364,23,23,8.606557377049181e-05,0.8610753749361155,39420,181721,455,303,244295,1136652,24,61,175107,3229236,5613,27556,516638,969,3,58,0,3,300,0
snv_table,GCF_028199355.1,GCF_028200155.1,close_recombination,96,2049341,286498,1331857,28,38,1,1,2.0905923344947736e-05,0.9994136084719614,170,711,22,25,286328,1331146,6,13,204739,3781967,6732,102,2031,0,0,13,0,1,24,0
snv_table,GCF_028199355.1,GCF_964252195.1,close_recombination,1098,2048966,286450,1331618,423,275,16,16,0.0001284046692607,0.8959678827020422,29800,137488,390,177,256650,1194130,33,98,184083,3392271,6036,20734,391067,663,1,96,1,0,177,0
snv_table,GCF_028199395.1,GCF_046861415.1,close_recombination,2464,2040823,285412,1326342,901,608,37,37,7.547169811320755e-05,0.7419099407172789,73662,337707,885,545,211750,988635,16,63,152941,2807981,4983,51029,960463,1629,0,63,0,3,542,0
snv_table,GCF_028199435.1,GCF_046861415.1,close_recombination,2529,2040823,285412,1326342,912,651,38,38,0.0001513761467889,0.7666110745168389,66612,305272,876,531,218800,1021070,36,120,157896,2900208,5106,46074,868236,1506,0,119,1,3,528,0
snv_table,GCF_028199455.1,GCF_028200305.1,close_recombination,15,2023177,282967,1314815,9,2,1,1,1.4134275618374558e-05,0.9991624465043627,240,1134,4,0,282727,1313681,5,2,202027,3732416,6600,189,3213,0,0,2,0,0,0,0
snv_table,GCF_028199455.1,GCF_028200405.1,close_recombination,75,2022292,282850,1314230,25,17,1,1,1.76678445229682e-05,0.9995757468622946,120,545,20,16,282730,1313685,5,1,202031,3732424,6600,83,1552,0,0,1,0,1,15,0
snv_table,GCF_028199455.1,GCF_964084965.1,close_recombination,952,2022909,282920,1314644,342,222,17,17,8.267716535433071e-05,0.900113106178425,28260,129028,315,166,254660,1185616,27,56,182918,3367996,5934,19278,367146,660,1,55,0,3,163,0
snv_table,GCF_028199465.1,GCF_028199675.1,close_recombination,33,2027654,283606,1317745,11,14,1,1,3.5211267605633804e-06,0.9995204614853,140,586,10,11,283466,1317159,1,3,202473,3742386,6618,77,1681,0,0,3,0,0,11,0
snv_table,GCF_028199485.1,GCF_028199595.1,close_recombination,6,2048274,286520,1331234,2,3,1,1,0.0,0.9999301968448974,20,106,2,1,286500,1331128,0,2,204689,3782080,6615,20,295,3,1,1,0,0,1,0
snv_table,GCF_028199485.1,GCF_028395805.1,close_recombination,36,2043898,286017,1328407,15,9,1,1,1.3986013986013986e-05,0.9993112297520776,200,833,11,4,285817,1327574,4,5,204109,3772028,6585,118,2381,0,1,4,0,0,4,0
snv_table,GCF_028199515.1,GCF_028201265.1,close_recombination,745,2049817,286574,1332191,261,189,15,15,5.904059040590406e-05,0.9423046054422244,16540,75372,245,131,270034,1256819,16,58,193612,3570551,6294,11305,214424,387,0,58,0,3,128,0
snv_table,GCF_028199515.1,GCF_964252195.1,close_recombination,2993,2052065,286924,1333656,1092,719,39,39,0.00018,0.6939816815602738,87810,407378,1054,591,199114,926278,38,128,142967,2631139,4728,62134,1158062,1938,0,128,0,4,587,0
snv_table,GCF_028199555.1,GCF_047307865.1,close_recombination,266,2022486,282844,1314370,64,112,3,3,5.755395683453237e-05,0.9814950997723126,5240,24057,47,32,277604,1290313,17,80,198556,3665891,6492,3578,68455,138,0,80,0,1,31,0
snv_table,GCF_028199595.1,GCF_028395805.1,close_recombination,38,2043907,286018,1328412,17,8,1,1,2.097902097902098e-05,0.999307735876763,200,831,11,4,285818,1327581,6,4,204110,3772048,6585,118,2375,0,0,4,0,0,4,0
snv_table,GCF_028199635.1,GCF_028200395.1,close_recombination,73,2051719,286868,1333413,20,23,1,1,3.484320557491289e-06,0.9989263354574229,310,1317,19,22,286558,1332096,1,1,204883,3784676,6729,184,3755,12,0,1,0,1,21,0
snv_table,GCF_028199635.1,GCF_047309325.1,close_recombination,2493,2050136,286694,1332396,918,566,29,29,9.900990099009902e-05,0.7028050813759619,85210,394863,897,460,201484,937533,21,106,144692,2663146,4761,60234,1122435,1920,2,104,0,3,456,1
snv_table,GCF_028199635.1,GCF_964238335.1,close_recombination,2479,2051230,286804,1333100,915,554,29,29,8.45771144278607e-05,0.6990836947880783,86310,399850,898,466,200494,933250,17,88,144027,2650995,4728,61002,1136583,1965,3,85,0,3,462,1
snv_table,GCF_028199635.1,GCF_964238845.1,close_recombination,2616,2051224,286804,1333096,971,586,27,27,8.247422680412371e-05,0.6755484581804996,93060,431684,955,504,193744,901412,16,82,138928,2560781,4527,66101,1226791,2160,3,79,0,3,500,1
snv_table,GCF_028199655.1,GCF_028199715.1,close_recombination,5,2048115,286500,1331132,2,2,1,1,0.0,0.9999301919720768,20,104,2,1,286480,1331028,0,1,204669,3781800,6615,18,291,3,0,1,0,0,1,0
snv_table,GCF_028199655.1,GCF_028395745.1,close_recombination,9,2046458,286251,1330068,4,3,2,2,0.0,0.9997519659319968,80,307,4,1,286171,1329761,0,2,204514,3778157,6612,45,873,3,1,1,0,0,1,0
snv_table,GCF_028199655.1,GCF_028395805.1,close_recombination,38,2043796,285999,1328344,15,9,1,1,1.7482517482517483e-05,0.9996888101007346,90,408,10,3,285909,1327936,5,6,204163,3773060,6585,57,1167,0,0,6,0,0,3,0
snv_table,GCF_028199715.1,GCF_028395745.1,close_recombination,6,2046458,286251,1330068,2,3,1,1,0.0,0.9998218346835469,60,203,2,0,286191,1329865,0,3,204532,3778448,6615,27,582,0,1,2,0,0,0,0
snv_table,GCF_028199715.1,GCF_028395805.1,close_recombination,36,2043907,286018,1328412,14,9,1,1,1.048951048951049e-05,0.999307735876763,200,831,11,4,285818,1327581,3,5,204110,3772048,6585,118,2375,0,0,5,0,0,4,0
snv_table,GCF_028199775.1,GCF_028395805.1,close_recombination,46,2043898,286017,1328407,16,16,1,1,1.7482517482517483e-05,0.9993112297520776,200,833,11,4,285817,1327574,5,12,204109,3772028,6585,118,2381,0,0,12,0,0,4,0
snv_table,GCF_028199785.1,GCF_028200035.1,close_recombination,7,2041515,285528,1326864,2,4,1,1,0.0,0.9999019360623126,30,127,2,0,285498,1326737,0,4,204041,3769570,6600,17,358,6,0,4,0,0,0,0
snv_table,GCF_028199815.1,GCF_028395745.1,close_recombination,15,2046457,286250,1330068,5,8,2,2,3.484320557491289e-06,0.9997205240174672,80,311,4,1,286170,1329757,1,7,204511,3778148,6612,48,882,3,1,6,0,0,1,0
snv_table,GCF_028199815.1,GCF_028395805.1,close_recombination,44,2043898,286017,1328407,17,13,1,1,1.7482517482517483e-05,0.9993112297520776,200,833,11,3,285817,1327574,6,10,204109,3772028,6585,118,2381,0,0,10,0,0,3,0
snv_table,GCF_028199835.1,GCF_028200035.1,close_recombination,4,2041546,285532,1326883,2,0,1,1,0.0,0.9999579731868933,20,86,2,0,285512,1326797,0,0,204047,3769741,6603,13,239,6,0,0,0,0,0,0
snv_table,GCF_028199875.1,GCF_028200035.1,close_recombination,6,2041546,285532,1326883,2,3,1,1,0.0,0.9999579731868933,20,86,2,0,285512,1326797,0,3,204047,3769741,6603,13,239,6,0,3,0,0,0,0
snv_table,GCF_028199885.1,GCF_028395805.1,close_recombination,46,2043898,286017,1328407,16,16,1,1,1.7482517482517483e-05,0.9993112297520776,200,833,11,4,285817,1327574,5,12,204109,3772028,6585,118,2381,0,0,12,0,0,4,0
snv_table,GCF_028199985.1,GCF_028200455.1,close_recombination,16,2033172,284235,1321348,4,7,1,1,3.5211267605633804e-06,0.9986103048533783,400,1696,3,4,283835,1319652,1,3,203088,3749256,6612,257,4816,15,0,3,0,0,4,0
snv_table,GCF_028199985.1,GCF_028200475.1,close_recombination,43,2032297,284105,1320782,10,21,1,1,3.5087719298245615e-06,0.999876806110417,40,139,9,11,284065,1320643,1,10,203243,3752071,6615,16,401,0,0,10,0,0,11,0
snv_table,GCF_028199985.1,GCF_028200575.1,close_recombination,52,2032605,284151,1320986,11,27,1,1,7.042253521126761e-06,0.9994685924033349,160,669,9,11,283991,1320317,2,16,203207,3751129,6615,91,1904,12,0,16,0,0,11,0
snv_table,GCF_028200035.1,GCF_028200115.1,close_recombination,6,2037617,284985,1324308,2,3,1,1,0.0,0.9999473656508238,20,87,2,0,284965,1324221,0,3,203655,3762429,6579,12,243,6,0,3,0,0,0,0
snv_table,GCF_028200035.1,GCF_039760355.1,close_recombination,4,2038408,285067,1324848,2,1,1,1,0.0,0.9999052854241284,30,133,2,0,285037,1324715,0,1,203750,3763798,6597,17,376,6,0,1,0,0,0,0
snv_table,GCF_028200035.1,GCF_039760415.1,close_recombination,6,2041546,285532,1326883,2,3,1,1,0.0,0.9999579731868933,20,86,2,0,285512,1326797,0,3,204047,3769741,6603,13,239,6,0,3,0,0,0,0
snv_table,GCF_028200035.1,GCF_039760475.1,close_recombination,10,2040777,285418,1326388,2,5,1,1,0.0,0.9999369346011814,20,86,2,0,285398,1326302,0,5,203984,3768319,6603,13,239,6,2,3,0,0,0,0
snv_table,GCF_028200095.1,GCF_028395805.1,close_recombination,45,2043686,285986,1328266,16,15,1,1,1.3986013986013986e-05,0.9993146517661704,200,838,12,3,285786,1327428,4,12,204091,3771611,6582,120,2394,0,0,12,0,0,3,0
snv_table,GCF_028200155.1,GCF_028200165.1,close_recombination,84,2049332,286497,1331852,24,31,1,1,6.968641114982578e-06,0.9994170968631434,170,714,22,25,286327,1331138,2,6,204738,3781944,6732,102,2040,0,0,6,0,1,24,0
snv_table,GCF_028200155.1,GCF_964252195.1,close_recombination,1172,2048873,286437,1331559,445,299,17,17,0.0001284046692607,0.8954499593278801,29950,138090,412,202,256487,1193469,33,97,183984,3390387,6036,20819,392788,663,1,95,1,1,201,0
snv_table,GCF_028200165.1,GCF_964252195.1,close_recombination,1088,2048957,286449,1331613,421,268,16,16,0.0001206225680933,0.89597101054638,29800,137476,390,177,256649,1194137,31,91,184086,3392292,6033,20730,391032,666,1,89,1,0,177,0
snv_table,GCF_028200195.1,GCF_046861415.1,close_recombination,2467,2040582,285390,1326187,903,609,38,38,0.0001152073732718,0.760993727881145,68210,311871,875,529,217180,1014316,28,80,156975,2880906,5067,46959,887121,1533,0,80,0,3,526,0
snv_table,GCF_028200215.1,GCF_046861415.1,close_recombination,2490,2040630,285389,1326221,906,624,37,37,0.000125,0.7584384822119984,68939,315757,876,530,216450,1010464,30,94,156322,2870006,5064,47628,898104,1539,0,94,0,3,527,0
snv_table,GCF_028200225.1,GCF_046861415.1,close_recombination,2464,2040663,285394,1326241,901,608,37,37,7.547169811320755e-05,0.7419216942192197,73654,337677,885,545,211740,988564,16,63,152920,2807798,4974,51030,960372,1629,0,63,0,3,542,0
snv_table,GCF_028200255.1,GCF_046861415.1,close_recombination,2464,2040663,285394,1326241,901,608,37,37,7.547169811320755e-05,0.7419216942192197,73654,337677,885,545,211740,988564,16,63,152920,2807798,4974,51030,960372,1629,0,63,0,3,542,0
snv_table,GCF_028200295.1,GCF_028200325.1,close_recombination,4,2032889,284316,1321159,3,0,1,1,0.0,0.9992402819398134,220,910,3,0,284096,1320249,0,0,203086,3751025,6636,122,2608,0,0,0,0,0,0,0
snv_table,GCF_028200305.1,GCF_028200405.1,close_recombination,76,2022277,282848,1314220,25,19,1,1,1.4134275618374558e-05,0.9995828147980541,120,542,20,16,282728,1313678,5,3,202028,3732406,6600,85,1541,0,0,3,0,1,15,0
snv_table,GCF_028200305.1,GCF_964084965.1,close_recombination,953,2022909,282920,1314644,343,222,18,18,5.1792828685258965e-05,0.8890145624204722,31400,143377,325,171,251520,1171267,18,51,180673,3327248,5880,21523,407894,714,1,50,0,3,168,0
snv_table,GCF_028200395.1,GCF_047309325.1,close_recombination,2566,2050038,286680,1332333,938,589,28,28,9.045226130653268e-05,0.6915724850006977,88420,410721,919,491,198260,921612,19,98,142158,2618025,4653,62756,1167385,2022,1,97,0,5,485,1
snv_table,GCF_028200395.1,GCF_964238335.1,close_recombination,2552,2051157,286793,1333054,935,577,29,29,8.955223880597016e-05,0.6975763006767948,86740,401784,917,490,200053,931270,18,87,143752,2645339,4719,61269,1142109,1974,3,84,0,4,485,1
snv_table,GCF_028200395.1,GCF_964238845.1,close_recombination,2689,2051151,286793,1333050,991,609,27,27,8.762886597938145e-05,0.6740401613707447,93490,433618,974,528,193303,899432,17,81,138653,2555125,4518,66368,1232317,2169,3,78,0,4,523,1
snv_table,GCF_028200405.1,GCF_964084965.1,close_recombination,893,2023132,282973,1314760,323,209,17,17,6.349206349206349e-05,0.8933714524000523,30180,137929,301,155,252793,1176831,22,54,181534,3343067,5892,20653,392432,702,1,53,0,2,153,0
snv_table,GCF_028200455.1,GCF_028200475.1,close_recombination,49,2032585,284155,1320964,12,24,2,2,0.0,0.9984691453608066,440,1836,12,15,283715,1319128,0,9,203008,3747773,6603,275,5218,15,0,9,0,0,15,0
snv_table,GCF_028200455.1,GCF_028200495.1,close_recombination,21,2033460,284285,1321530,3,14,1,1,0.0,0.998575373304958,410,1741,3,4,283875,1319789,0,10,203105,3749647,6615,264,4944,15,0,10,0,0,4,0
snv_table,GCF_028200455.1,GCF_028200515.1,close_recombination,14,2033335,284267,1321449,3,8,1,1,0.0,0.998568247457496,410,1741,3,4,283857,1319708,0,4,203094,3749421,6609,264,4944,15,0,4,0,0,4,0
snv_table,GCF_028200455.1,GCF_028200525.1,close_recombination,16,2033460,284285,1321530,3,9,1,1,0.0,0.998575373304958,410,1741,3,4,283875,1319789,0,5,203105,3749647,6615,264,4944,15,0,5,0,0,4,0
snv_table,GCF_028200455.1,GCF_028200555.1,close_recombination,18,2033460,284285,1321530,3,11,1,1,0.0,0.998575373304958,410,1741,3,4,283875,1319789,0,7,203105,3749647,6615,264,4944,15,0,7,0,0,4,0
snv_table,GCF_028200455.1,GCF_028200575.1,close_recombination,59,2032893,284201,1321168,13,30,2,2,0.0,0.9935221902808223,1850,8195,13,15,282351,1312973,0,15,202130,3730228,6561,1192,23324,69,0,15,0,0,15,0
snv_table,GCF_028200455.1,GCF_028200745.1,close_recombination,16,2033383,284268,1321480,3,8,1,1,0.0,0.9985999127583829,400,1710,3,4,283868,1319770,0,4,203108,3749587,6615,258,4857,15,0,4,0,0,4,0
snv_table,GCF_028200455.1,GCF_028200835.1,close_recombination,19,2033460,284285,1321530,5,11,1,1,7.042253521126761e-06,0.998575373304958,410,1741,3,4,283875,1319789,2,7,203105,3749647,6615,264,4944,15,0,7,0,0,4,0
snv_table,GCF_028200455.1,GCF_028200845.1,close_recombination,21,2033274,284255,1321409,4,12,1,1,3.5211267605633804e-06,0.9985752229512234,410,1741,3,4,283845,1319668,1,8,203086,3749303,6615,264,4944,15,0,8,0,0,4,0
snv_table,GCF_028200455.1,GCF_028200895.1,close_recombination,17,2031498,283994,1320282,5,9,1,1,3.5211267605633804e-06,0.9978731945041093,610,2701,4,4,283384,1317581,1,5,202776,3743370,6597,422,7657,24,0,5,0,0,4,0
snv_table,GCF_028200475.1,GCF_028200495.1,close_recombination,44,2032625,284163,1320988,9,24,1,1,0.0,0.9998838694692834,40,135,9,11,284123,1320853,0,13,203270,3752671,6618,16,389,0,0,13,0,0,11,0
snv_table,GCF_028200475.1,GCF_028200515.1,close_recombination,39,2032468,284137,1320888,9,20,1,1,0.0,0.99986978112671,40,143,9,11,284097,1320745,0,9,203254,3752369,6612,19,410,0,0,9,0,0,11,0
snv_table,GCF_028200475.1,GCF_028200525.1,close_recombination,39,2032625,284163,1320988,9,19,1,1,0.0,0.9998838694692834,40,135,9,11,284123,1320853,0,8,203270,3752671,6618,16,389,0,0,8,0,0,11,0
snv_table,GCF_028200475.1,GCF_028200555.1,close_recombination,41,2032625,284163,1320988,9,21,1,1,0.0,0.9998838694692834,40,135,9,11,284123,1320853,0,10,203270,3752671,6618,16,389,0,0,10,0,0,11,0
snv_table,GCF_028200475.1,GCF_028200745.1,close_recombination,39,2032548,284146,1320938,9,18,1,1,0.0,0.999873304568778,40,141,9,11,284106,1320797,0,7,203265,3752508,6618,18,405,0,0,7,0,0,11,0
snv_table,GCF_028200475.1,GCF_028200835.1,close_recombination,42,2032625,284163,1320988,11,21,1,1,3.5087719298245615e-06,0.9997079141197129,90,352,10,16,284073,1320636,1,5,203239,3752051,6618,47,1009,0,0,5,0,0,16,0
snv_table,GCF_028200475.1,GCF_028200845.1,close_recombination,44,2032494,284143,1320903,10,22,1,1,0.0,0.9997078935606367,90,352,10,16,284053,1320551,0,6,203230,3751805,6618,47,1009,0,0,6,0,0,16,0
snv_table,GCF_028200495.1,GCF_028200575.1,close_recombination,51,2032933,284209,1321192,10,28,1,1,3.5087719298245615e-06,0.9994405525511155,160,661,9,12,284049,1320531,1,16,203235,3751728,6630,90,1893,0,0,16,0,0,12,0
snv_table,GCF_028200515.1,GCF_028200575.1,close_recombination,49,2033442,284276,1321525,10,26,1,1,3.5087719298245615e-06,0.9994160604482967,170,697,9,12,284106,1320828,1,14,203265,3752607,6612,92,1987,12,0,14,0,0,12,0
snv_table,GCF_028200525.1,GCF_028200575.1,close_recombination,49,2032933,284209,1321192,10,25,1,1,3.5087719298245615e-06,0.9994405525511155,160,661,9,12,284049,1320531,1,13,203235,3751728,6630,90,1893,0,0,13,0,0,12,0
snv_table,GCF_028200555.1,GCF_028200575.1,close_recombination,49,2032933,284209,1321192,10,25,1,1,3.5087719298245615e-06,0.9994405525511155,160,661,9,12,284049,1320531,1,13,203235,3751728,6630,90,1893,0,0,13,0,0,12,0
snv_table,GCF_028200575.1,GCF_028200745.1,close_recombination,48,2032856,284192,1321142,10,24,1,1,3.5087719298245615e-06,0.9994299628420223,170,703,9,15,284022,1320439,1,9,203226,3751473,6618,96,2001,12,0,9,0,0,15,0
snv_table,GCF_028200575.1,GCF_028200835.1,close_recombination,49,2032933,284209,1321192,11,25,1,1,7.017543859649123e-06,0.9994405525511155,160,661,9,12,284049,1320531,2,13,203235,3751728,6630,90,1893,0,0,13,0,0,12,0
snv_table,GCF_028200575.1,GCF_028200845.1,close_recombination,51,2032747,284179,1321071,10,26,1,1,3.5087719298245615e-06,0.9994404934917781,160,661,9,12,284019,1320410,1,14,203216,3751384,6630,90,1893,0,0,14,0,0,12,0
snv_table,GCF_028200905.1,GCF_028201235.1,close_recombination,701,2043698,285889,1328335,257,156,12,12,0.0001098484848484,0.9252891856629671,21360,97340,225,101,264529,1230995,32,55,189591,3497250,6144,14575,276920,525,1,54,0,0,101,0
snv_table,GCF_028200905.1,GCF_039760255.1,close_recombination,737,2025609,283521,1316656,267,170,12,12,0.0001379310344827,0.9232825787155096,21760,99176,227,105,261761,1217480,40,65,187367,3459052,6021,14867,282103,558,1,64,0,0,105,0
snv_table,GCF_028200905.1,GCF_040928345.1,close_recombination,1299,2035812,284838,1323188,499,286,18,18,0.0001422764227642,0.866984040050836,37890,172186,461,209,246948,1151002,38,77,177527,3269728,5751,25744,489938,876,1,76,0,2,207,0
snv_table,GCF_028200905.1,GCF_040928365.1,close_recombination,1455,2037518,285071,1324308,563,318,23,23,0.000132,0.8745891374429529,35760,162664,529,250,249311,1161644,34,68,179111,3299986,5835,24368,462820,804,1,67,0,4,246,0
snv_table,GCF_028200935.1,GCF_028395165.1,close_recombination,283,2046958,286186,1330339,94,83,1,1,3.610108303249098e-05,0.9661199359856877,9700,44177,84,71,276486,1286162,10,12,198295,3653786,6405,6360,125937,234,0,12,0,0,71,0
snv_table,GCF_028200935.1,GCF_028395175.1,close_recombination,268,2048933,286475,1331620,86,82,1,1,7.220216606498195e-06,0.9661576053756872,9700,44168,84,71,276775,1287452,2,11,198480,3657450,6426,6356,125914,234,0,11,0,0,71,0
snv_table,GCF_028200935.1,GCF_028395205.1,close_recombination,279,2048659,286437,1331446,90,82,1,1,2.1660649819494583e-05,0.9661461333556768,9700,44183,84,71,276737,1287263,6,11,198444,3656925,6420,6363,125952,234,0,11,0,0,71,0
snv_table,GCF_028201035.1,GCF_028396085.1,close_recombination,638,2030030,283889,1319307,250,164,6,6,3.636363636363637e-05,0.9663283889125679,9560,45338,240,108,274329,1273969,10,56,195743,3619744,6420,7100,128713,201,2,54,0,1,107,0
snv_table,GCF_028201035.1,GCF_028396095.1,close_recombination,237,2029435,283814,1318931,67,93,3,3,5.3763440860215054e-05,0.9827915465762789,4890,23463,51,39,278924,1295468,16,54,199085,3680797,6522,3709,66575,105,2,52,0,1,38,0
snv_table,GCF_028201035.1,GCF_028396185.1,close_recombination,255,2029882,283868,1319212,74,103,4,4,5.017921146953405e-05,0.9822170868149985,5050,24103,60,47,278818,1295109,14,56,199040,3679762,6525,3793,68411,105,2,54,0,1,46,0
snv_table,GCF_028201035.1,GCF_030541685.1,close_recombination,3447,2034647,284552,1322340,1299,744,39,39,0.0001414141414141,0.7003289381202733,85280,395088,1261,609,199272,927252,38,135,142959,2634096,4701,60365,1123006,1893,3,132,0,4,605,0
snv_table,GCF_028201035.1,GCF_030546205.1,close_recombination,3444,2034423,284511,1322191,1300,742,39,39,0.0001464646464646,0.7002541202273375,85290,395085,1262,607,199221,927106,38,135,142957,2633651,4710,60354,1123017,1884,3,132,0,4,603,0
snv_table,GCF_028201035.1,GCF_040921925.1,close_recombination,3020,2018759,282434,1312071,1164,645,38,38,0.0001650485436893,0.7329145924357549,75440,349392,1124,500,206994,962679,40,145,148303,2734895,4839,53300,993205,1671,4,141,0,3,497,0
snv_table,GCF_028201035.1,GCF_040921935.1,close_recombination,3035,2032104,284203,1320695,1171,644,39,39,0.000135265700483,0.729302646347857,76940,356922,1139,512,207263,963773,32,132,148479,2737962,4878,54578,1014478,1710,3,129,0,3,509,0
snv_table,GCF_028201035.1,GCF_047307925.1,close_recombination,3455,2033715,284415,1321758,1298,749,39,39,0.0001557788944723,0.6981347678568289,85860,398034,1265,613,198555,923724,33,136,142411,2624078,4683,60831,1131372,1899,4,132,0,6,607,0
snv_table,GCF_028201035.1,GCF_047308905.1,close_recombination,4305,2019707,282530,1312561,1685,821,32,32,0.0001244239631336,0.766785828053658,65890,301773,1657,710,216640,1010788,28,111,156000,2871282,5082,45774,858060,1485,1,110,0,3,707,0
snv_table,GCF_028201035.1,GCF_047638235.1,close_recombination,3268,2029278,283833,1318846,1240,725,42,42,0.0001560975609756,0.7206702532827401,79290,367425,1205,579,204543,951421,35,146,146606,2702815,4842,56122,1044413,1740,3,143,0,5,574,0
snv_table,GCF_028201045.1,GCF_028395165.1,close_recombination,290,2046984,286191,1330358,97,87,1,1,4.6931407942238266e-05,0.9661379987490871,9700,44170,84,71,276491,1286188,13,16,198306,3653853,6405,6351,125925,234,0,16,0,0,71,0
snv_table,GCF_028201045.1,GCF_028395175.1,close_recombination,272,2048959,286480,1331639,86,86,1,1,7.220216606498195e-06,0.9661407428092712,9700,44175,84,71,276780,1287464,2,15,198477,3657489,6426,6361,125930,234,0,15,0,0,71,0
snv_table,GCF_028201045.1,GCF_028395205.1,close_recombination,285,2048685,286442,1331465,92,86,1,1,2.888086642599278e-05,0.9661641798339629,9700,44167,84,71,276742,1287298,8,15,198458,3657016,6420,6351,125916,234,0,15,0,0,71,0
snv_table,GCF_028201095.1,GCF_028201115.1,close_recombination,8,2051195,286813,1333077,2,3,1,1,0.0,0.9999546742999794,20,76,2,0,286793,1333001,0,3,205018,3787244,6741,12,216,0,0,3,0,0,0,0
snv_table,GCF_028201145.1,GCF_047309505.1,close_recombination,2023,2019604,282467,1312731,767,463,33,33,0.0001574074074074,0.7680543213897553,65520,301690,730,359,216947,1011041,37,104,156503,2871583,5037,45439,858191,1440,3,100,1,0,359,0
snv_table,GCF_028201145.1,GCF_964240005.1,close_recombination,578,2026120,283325,1316960,207,124,2,2,8.270676691729324e-05,0.9369804994264537,17860,82311,184,98,265465,1234649,23,26,190099,3507743,6105,12460,234047,426,0,26,0,1,97,0
snv_table,GCF_028201165.1,GCF_028395955.1,close_recombination,109,2023913,283065,1315331,41,46,2,2,5.319148936170213e-05,0.9933407521240705,1890,8092,26,9,281175,1307239,15,37,201139,3713978,6600,1089,23148,39,3,34,0,0,9,0
snv_table,GCF_028201165.1,GCF_028396005.1,close_recombination,109,2024077,283085,1315435,41,46,2,2,5.319148936170213e-05,0.9933412226009856,1890,8112,26,9,281195,1307323,15,37,201143,3714226,6600,1097,23200,39,3,34,0,0,9,0
snv_table,GCF_028201165.1,GCF_047310225.1,close_recombination,442,2025821,283280,1316546,167,118,4,4,5.555555555555556e-05,0.9500847218299915,14140,65352,152,69,269140,1251194,15,49,192576,3554673,6333,9896,185845,315,3,46,0,2,66,1
snv_table,GCF_028201235.1,GCF_040928345.1,close_recombination,970,2040547,285404,1326174,397,213,15,15,6.79245283018868e-05,0.9282630937197797,20480,92611,379,157,264924,1233563,18,56,190138,3504314,6237,13689,263721,423,0,56,0,2,155,0
snv_table,GCF_028201235.1,GCF_040928365.1,close_recombination,1099,2042214,285634,1327265,452,232,16,16,6.367041198501872e-05,0.9327320977194592,19220,87301,434,181,266414,1239964,18,51,191033,3522589,6270,13001,248500,402,0,51,0,4,177,0
snv_table,GCF_028201265.1,GCF_964252195.1,close_recombination,2670,2049325,286509,1331884,980,623,39,39,0.000170616113744,0.7392786963062242,74700,345443,938,510,211809,986441,42,113,152287,2801996,5040,52591,982136,1602,0,113,0,3,507,0
snv_table,GCF_028201315.1,GCF_028395165.1,close_recombination,377,2046727,286160,1330195,112,135,1,1,0.0001010830324909,0.9660679340229242,9710,44214,84,72,276450,1285981,28,63,198256,3653291,6396,6364,126044,234,3,60,0,0,72,0
snv_table,GCF_028201315.1,GCF_028395175.1,close_recombination,363,2048702,286449,1331476,106,134,1,1,7.942238267148014e-05,0.9661405695254652,9700,44173,84,72,276749,1287303,22,62,198440,3657052,6417,6361,125924,234,3,59,0,0,72,0
snv_table,GCF_028201315.1,GCF_028395205.1,close_recombination,372,2048428,286411,1331302,110,134,1,1,9.386281588447652e-05,0.9661640090638977,9700,44170,84,72,276711,1287132,26,62,198421,3656564,6411,6351,125925,234,3,59,0,0,72,0
snv_table,GCF_028394795.1,GCF_028396015.1,close_recombination,1284,2040350,285354,1326068,499,326,16,16,0.0001327800829875,0.8473334875277725,43570,201157,464,248,241784,1124911,35,78,173327,3195802,5604,30593,571918,960,2,76,0,0,248,0
snv_table,GCF_028395165.1,GCF_028395215.1,close_recombination,282,2046880,286172,1330289,96,81,1,1,4.332129963898917e-05,0.9661322561256867,9700,44167,84,71,276472,1286122,12,10,198296,3653665,6405,6351,125916,234,0,10,0,0,71,0
snv_table,GCF_028395165.1,GCF_028395235.1,close_recombination,316,2046284,286081,1329900,103,93,1,1,5.776173285198556e-05,0.9661249785899798,9700,44170,84,71,276381,1285730,19,22,198245,3652549,6396,6351,125925,234,1,21,0,0,71,0
snv_table,GCF_028395165.1,GCF_028395285.1,close_recombination,285,2046935,286182,1330325,94,85,1,1,3.610108303249098e-05,0.9661334395594412,9700,44167,84,71,276482,1286158,10,14,198306,3653763,6405,6351,125916,234,0,14,0,0,71,0
snv_table,GCF_028395175.1,GCF_028395215.1,close_recombination,265,2048684,286438,1331459,86,80,1,1,7.220216606498195e-06,0.9661427603879373,9700,44175,84,71,276738,1287284,2,9,198444,3656982,6426,6361,125930,234,0,9,0,0,71,0
snv_table,GCF_028395175.1,GCF_028395235.1,close_recombination,299,2048066,286345,1331057,93,92,2,2,1.0830324909747291e-05,0.9645008643419651,10170,45900,90,70,276175,1285157,3,22,198165,3650898,6408,6588,130872,240,1,21,0,0,70,0
snv_table,GCF_028395175.1,GCF_028395285.1,close_recombination,270,2048959,286480,1331639,86,84,1,1,7.220216606498195e-06,0.9661407428092712,9700,44175,84,71,276780,1287464,2,13,198477,3657489,6426,6361,125930,234,0,13,0,0,71,0
snv_table,GCF_028395205.1,GCF_028395215.1,close_recombination,278,2048630,286432,1331429,92,80,1,1,2.888086642599278e-05,0.9661629985476483,9700,44167,84,71,276732,1287262,8,9,198448,3656918,6420,6351,125916,234,0,9,0,0,71,0
snv_table,GCF_028395205.1,GCF_028395235.1,close_recombination,312,2048012,286339,1331027,99,92,1,1,4.332129963898917e-05,0.9660926384460378,9710,44214,84,71,276629,1286813,15,21,198383,3655648,6408,6364,126044,234,1,20,0,0,71,0
snv_table,GCF_028395205.1,GCF_028395285.1,close_recombination,281,2048685,286442,1331465,90,84,1,1,2.1660649819494583e-05,0.9661641798339629,9700,44167,84,71,276742,1287298,6,13,198458,3657016,6420,6351,125916,234,0,13,0,0,71,0
snv_table,GCF_028395745.1,GCF_028395765.1,close_recombination,7,2046070,286196,1329823,2,2,1,1,0.0,0.999804329899789,60,203,2,0,286136,1329620,0,2,204499,3777752,6609,27,582,0,1,1,0,0,0,0
snv_table,GCF_028395745.1,GCF_028395805.1,close_recombination,32,2042863,285854,1327750,13,7,1,1,1.3986013986013986e-05,0.999741126589098,80,365,9,3,285774,1327385,4,4,204087,3771486,6582,53,1042,0,1,3,0,0,3,0
snv_table,GCF_028395765.1,GCF_028395805.1,close_recombination,33,2042673,285828,1327633,11,7,1,1,6.993006993006993e-06,0.999727108610773,80,363,9,3,285748,1327270,2,4,204066,3771165,6579,53,1036,0,0,4,0,0,3,0
snv_table,GCF_028395805.1,GCF_028395835.1,close_recombination,39,2042885,285857,1327765,13,13,1,1,1.3986013986013986e-05,0.9997306345480432,80,359,9,3,285777,1327406,4,10,204089,3771547,6582,52,1025,0,0,10,0,0,3,0
snv_table,GCF_028395955.1,GCF_047310225.1,close_recombination,489,2030028,283898,1319326,190,126,6,6,4.104477611940299e-05,0.9435783274274563,16020,73443,179,76,267878,1245883,11,50,191869,3539477,6303,10997,208972,360,5,45,0,1,74,1
snv_table,GCF_028396005.1,GCF_047310225.1,close_recombination,489,2030167,283915,1319413,190,126,6,6,4.104477611940299e-05,0.9436627159537185,16000,73295,179,76,267915,1246118,11,50,191906,3540154,6294,10968,208554,363,5,45,0,1,74,1
snv_table,GCF_028396085.1,GCF_028396095.1,close_recombination,428,2029355,283807,1318870,194,77,3,3,1.0714285714285714e-05,0.9844366065671389,4420,20443,191,74,279387,1298427,3,3,199682,3689044,6555,3106,58142,81,0,3,0,0,74,0
snv_table,GCF_028396085.1,GCF_028396185.1,close_recombination,442,2029784,283859,1319139,199,85,3,3,1.4285714285714284e-05,0.9843619543505755,4440,20524,195,79,279419,1298615,4,6,199708,3689582,6555,3117,58374,81,0,6,0,0,79,0
snv_table,GCF_028396085.1,GCF_030541685.1,close_recombination,3902,2029344,283823,1318873,1497,834,43,43,0.0001283422459893,0.658509000327669,96930,449416,1470,719,186893,869457,27,115,133916,2470045,4410,68843,1277236,2169,1,114,0,5,714,0
snv_table,GCF_028396085.1,GCF_030546205.1,close_recombination,3900,2029180,283793,1318762,1498,832,43,43,0.0001329787234042,0.6599528529597277,96510,447827,1471,719,187283,870935,27,113,134159,2474221,4425,68590,1272737,2154,1,112,0,5,714,0
snv_table,GCF_028396085.1,GCF_040921925.1,close_recombination,3470,2013545,281719,1308660,1360,735,41,41,0.0001909547738693,0.7047447988953531,83180,385721,1319,601,198539,922939,41,134,142091,2622079,4647,58954,1096361,1848,2,132,0,4,597,0
snv_table,GCF_028396085.1,GCF_040921935.1,close_recombination,3488,2026874,283487,1317274,1368,732,41,41,0.0001658291457286,0.7009139748912648,84790,393843,1333,608,198697,923431,35,124,142168,2623460,4665,60327,1119294,1908,1,123,0,4,604,0
snv_table,GCF_028396085.1,GCF_047307925.1,close_recombination,3906,2028508,283703,1318350,1495,838,43,43,0.0001223404255319,0.6615721370588256,96020,445413,1471,718,187683,872937,24,120,134461,2479919,4431,68223,1265880,2136,3,117,0,6,712,0
snv_table,GCF_028396085.1,GCF_047308905.1,close_recombination,4789,2014427,281803,1309109,1897,903,37,37,0.0001291866028708,0.7399495392171127,73283,336055,1869,796,208520,973054,28,107,150144,2764092,4926,51069,955476,1620,0,107,0,3,793,0
snv_table,GCF_028396085.1,GCF_047638235.1,close_recombination,3590,2028593,283743,1318389,1397,764,42,42,0.0001581632653061,0.6937616082158855,86900,403371,1359,623,196843,915018,38,141,140943,2599470,4641,61726,1146449,1938,0,141,0,5,618,0
snv_table,GCF_028396085.1,GCF_051065055.1,close_recombination,641,2029137,283760,1318736,255,163,6,6,4.744525547445256e-05,0.9652875669579927,9850,46650,241,107,273910,1272086,14,56,195450,3614397,6411,7305,132438,207,0,56,0,1,106,0
snv_table,GCF_028396095.1,GCF_028396185.1,close_recombination,32,2029357,283810,1318871,11,10,1,1,1.7605633802816902e-05,0.99985906063916,40,143,6,5,283770,1318728,5,5,202767,3746775,6642,20,409,0,0,5,0,0,5,0
snv_table,GCF_028396095.1,GCF_030541685.1,close_recombination,3504,2028778,283751,1318514,1318,761,40,40,0.0001641025641025,0.6873632163410878,88720,411194,1280,638,195031,907320,38,123,139860,2577495,4605,62853,1168749,1980,1,122,0,5,633,0
snv_table,GCF_028396095.1,GCF_030546205.1,close_recombination,3510,2028614,283721,1318403,1325,761,41,41,0.0001502590673575,0.684968684024094,89390,414530,1288,644,194331,903873,37,117,139283,2567737,4599,63420,1178184,1986,1,116,0,5,639,0
snv_table,GCF_028396095.1,GCF_040921925.1,close_recombination,3078,2012921,281641,1308266,1185,663,39,39,0.0001881188118811,0.7199946030585036,78870,365508,1141,531,202771,942758,44,132,145200,2678328,4746,55792,1038977,1755,2,130,0,4,527,0
snv_table,GCF_028396095.1,GCF_040921935.1,close_recombination,3101,2026295,283413,1316907,1196,663,39,39,0.0001773399014778,0.7182803893963933,79850,370504,1153,540,203563,946403,43,123,145816,2688599,4794,56633,1053094,1785,1,122,0,4,536,0
snv_table,GCF_028396095.1,GCF_047307925.1,close_recombination,3518,2027877,283622,1317953,1323,768,40,40,0.0001897435897435,0.686688620769898,88870,411859,1282,640,194752,906094,41,128,139677,2573997,4608,62954,1170658,1965,2,126,0,7,633,0
snv_table,GCF_028396095.1,GCF_047308905.1,close_recombination,4382,2013803,281725,1308715,1712,832,34,34,0.0001408450704225,0.7547076049338894,69105,316717,1681,728,212620,991998,31,104,153044,2817943,5007,48116,900490,1545,0,104,0,3,725,0
snv_table,GCF_028396095.1,GCF_047638235.1,close_recombination,3204,2028027,283671,1318030,1227,695,39,39,0.000195,0.7043018144258666,83890,389223,1185,576,199781,928807,42,119,143125,2638562,4734,59498,1106320,1851,0,119,0,5,571,0
snv_table,GCF_028396095.1,GCF_051065055.1,close_recombination,240,2028515,283682,1318343,72,92,3,3,5.39568345323741e-05,0.981803568784766,5170,24736,52,38,278512,1293607,20,54,198802,3675503,6516,3901,70199,108,0,54,0,1,37,0
snv_table,GCF_028396185.1,GCF_030541685.1,close_recombination,3525,2029225,283805,1318795,1323,771,42,42,0.0001589743589743,0.6854706576698789,89270,413835,1290,649,194535,904960,33,122,139434,2570835,4611,63318,1176210,1977,1,121,0,5,644,0
snv_table,GCF_028396185.1,GCF_030546205.1,close_recombination,3527,2029061,283775,1318684,1326,771,41,41,0.0001701030927835,0.6868822130208793,88860,411723,1288,644,194915,906961,38,127,139816,2576447,4620,62926,1170275,1968,1,126,0,5,639,0
snv_table,GCF_028396185.1,GCF_040921925.1,close_recombination,3103,2013446,281707,1308596,1192,673,40,40,0.0001831683168316,0.7182640118988879,79370,367554,1150,534,202337,941042,42,139,144979,2673407,4740,56061,1044837,1764,2,137,0,4,530,0
snv_table,GCF_028396185.1,GCF_040921935.1,close_recombination,3108,2026751,283468,1317193,1197,667,39,39,0.0001584158415841,0.7167299307152836,80300,372302,1156,542,203168,944891,41,125,145639,2684246,4788,56850,1058262,1794,1,124,0,4,538,0
snv_table,GCF_028396185.1,GCF_047307925.1,close_recombination,3524,2028324,283676,1318234,1322,771,41,41,0.0001701030927835,0.6831385101312766,89890,416946,1288,649,193786,901288,34,122,138840,2560434,4590,63830,1185022,1986,2,120,0,7,642,0
snv_table,GCF_028396185.1,GCF_047308905.1,close_recombination,4384,2014250,281779,1308996,1713,832,34,34,0.0001408450704225,0.7553437268213742,68939,315892,1682,729,212840,993104,31,103,153202,2821088,5022,47997,898146,1533,0,103,0,3,726,0
snv_table,GCF_028396185.1,GCF_047638235.1,close_recombination,3227,2028456,283723,1318299,1234,705,41,41,0.0001691542288557,0.7089661395093101,82580,382465,1193,563,201143,935834,41,142,144305,2658439,4758,58355,1087213,1827,0,142,0,5,558,0
snv_table,GCF_028396185.1,GCF_051065055.1,close_recombination,257,2028944,283734,1318612,79,101,4,4,5.7347670250896056e-05,0.9811302135098366,5360,25523,63,48,278374,1293089,16,53,198734,3674017,6516,4006,72455,108,0,53,0,1,47,0
snv_table,GCF_028396205.1,GCF_039760295.1,close_recombination,2949,2042680,285585,1327535,1118,700,18,18,0.0001785714285714,0.683579319642138,90370,417718,1081,586,195215,909817,37,114,140458,2584253,4740,63761,1187419,1974,4,110,0,1,585,0
snv_table,GCF_028396205.1,GCF_039760315.1,close_recombination,2956,2042807,285597,1327619,1119,702,18,18,0.0001692307692307,0.6829553531724774,90550,418462,1081,587,195047,909157,38,115,140383,2582348,4740,63853,1189553,1980,4,111,0,1,586,0
snv_table,GCF_028396205.1,GCF_039760335.1,close_recombination,2970,2043794,285764,1328259,1122,715,18,18,0.000188775510204,0.6844809003233437,90170,416621,1083,595,195594,911638,39,120,140734,2589422,4758,63558,1184346,1959,3,117,0,2,593,0
snv_table,GCF_028396205.1,GCF_040095755.1,close_recombination,2893,2039016,285078,1325135,1049,688,10,10,6.694560669456067e-05,0.837314699836536,46380,213311,1033,621,238698,1111824,16,67,171714,3158067,5691,32091,606825,1017,2,65,0,4,617,0
snv_table,GCF_028396205.1,GCF_040097405.1,close_recombination,2995,2023863,283015,1315169,1083,748,14,14,7.692307692307693e-05,0.8251859442079041,49480,226900,1065,665,233535,1088269,18,83,168107,3091093,5607,34153,645473,1074,1,82,0,4,661,0
snv_table,GCF_028396205.1,GCF_040098345.1,close_recombination,3739,2038895,285113,1325082,1460,730,18,18,0.0001519607843137,0.7153304128538509,81170,373671,1429,605,203943,951411,31,125,146945,2702356,4932,56895,1062342,1776,1,124,0,1,604,0
snv_table,GCF_028396285.1,GCF_039760295.1,close_recombination,2953,2043102,285642,1327806,1121,699,18,18,0.0001836734693877,0.683512928770979,90410,417924,1083,586,195232,909882,38,113,140466,2584440,4740,63788,1188010,1974,4,109,0,1,585,0
snv_table,GCF_028396285.1,GCF_039760315.1,close_recombination,2957,2043090,285640,1327801,1121,701,18,18,0.0001692307692307,0.6828875507631984,90580,418560,1083,587,195060,909241,38,114,140391,2582595,4737,63861,1189842,1977,4,110,0,1,586,0
snv_table,GCF_028396285.1,GCF_039760335.1,close_recombination,2966,2043613,285740,1328143,1122,712,18,18,0.000188775510204,0.6845383915447609,90140,416475,1083,594,195600,911668,39,118,140740,2589506,4758,63533,1183936,1956,3,115,0,2,592,0
snv_table,GCF_028396285.1,GCF_040095755.1,close_recombination,2891,2039289,285117,1325311,1049,686,10,10,6.694560669456067e-05,0.8373404602321153,46380,213313,1033,622,238737,1111998,16,64,171731,3158572,5691,32092,606830,1017,2,62,0,4,618,0
snv_table,GCF_028396285.1,GCF_040097405.1,close_recombination,2995,2023997,283037,1315254,1084,746,14,14,8.119658119658119e-05,0.8264997155848882,49110,225592,1065,666,233927,1089662,19,80,168236,3095134,5616,34037,641674,1065,1,79,0,4,662,0
snv_table,GCF_028396285.1,GCF_040098345.1,close_recombination,3740,2039184,285157,1325266,1461,728,19,19,0.0001379310344827,0.7090479981203337,82970,381760,1433,611,202187,943506,28,117,145782,2679861,4875,58079,1085368,1833,1,116,0,1,610,0
snv_table,GCF_029076805.1,GCF_036419465.1,close_recombination,11,2040044,285272,1325841,5,3,1,1,0.0,0.9997826635631958,70,310,5,1,285202,1325531,0,2,203851,3766130,6612,30,900,0,0,2,0,0,1,0
snv_table,GCF_030541685.1,GCF_030546205.1,close_recombination,11,2034983,284570,1322556,7,2,1,1,7.017543859649123e-06,0.9995080296587834,140,573,5,1,284430,1321983,2,1,203303,3756010,6636,74,1645,0,0,1,0,0,1,0
snv_table,GCF_030541685.1,GCF_040921925.1,close_recombination,748,2018864,282438,1312143,253,183,7,7,7.089552238805971e-05,0.9499075903384105,14150,65087,231,133,268288,1247056,22,50,191699,3543262,6207,9921,185019,321,2,48,0,0,133,0
snv_table,GCF_030541685.1,GCF_040921935.1,close_recombination,743,2032253,284211,1320795,255,178,9,9,5.204460966542751e-05,0.943418798005707,16090,73464,240,137,268121,1247331,15,41,191978,3543775,6240,11101,208919,372,0,41,0,1,136,0
snv_table,GCF_030541685.1,GCF_047308905.1,close_recombination,5110,2019400,282498,1312375,2005,940,39,39,0.0001527093596059,0.7200758943426148,79078,363806,1971,828,203420,948569,34,112,146463,2694378,4866,55281,1034469,1668,2,110,0,3,825,0
snv_table,GCF_030541685.1,GCF_047638235.1,close_recombination,908,2029229,283815,1318816,305,243,12,12,7.518796992481203e-05,0.9390624174197981,17300,78618,280,188,266515,1240198,25,55,190933,3523481,6180,11797,223631,426,2,53,0,3,185,0
snv_table,GCF_030541685.1,GCF_051065055.1,close_recombination,3450,2033709,284418,1321740,1304,743,38,38,0.0001624365482233,0.6896539600165953,88270,408288,1266,621,196148,913452,38,122,141003,2594715,4638,62228,1160686,1950,1,121,0,4,617,0
snv_table,GCF_030546205.1,GCF_040921925.1,close_recombination,749,2018724,282410,1312047,257,182,7,7,8.582089552238806e-05,0.9499309514535604,14140,65035,231,133,268270,1247012,26,49,191701,3543128,6207,9910,184871,324,2,47,0,0,133,0
snv_table,GCF_030546205.1,GCF_040921935.1,close_recombination,738,2032113,284183,1320699,254,176,8,8,5.5762081784386615e-05,0.9468546675909537,15110,69067,236,135,269073,1251632,18,41,192604,3556025,6267,10466,196387,348,0,41,0,1,134,0
snv_table,GCF_030546205.1,GCF_047308905.1,close_recombination,5109,2019176,282457,1312226,2007,939,40,40,0.0001243781094527,0.7131705002885395,81017,372412,1979,827,201440,939814,28,112,145131,2669475,4836,56600,1058938,1698,2,110,0,3,824,0
snv_table,GCF_030546205.1,GCF_047638235.1,close_recombination,905,2029065,283785,1318705,306,241,12,12,8.646616541353383e-05,0.9389854995859541,17320,78698,280,187,266465,1240007,26,54,190921,3522920,6180,11799,223869,426,2,52,0,3,184,0
snv_table,GCF_030546205.1,GCF_051065055.1,close_recombination,3447,2033485,284377,1321591,1305,741,41,41,0.0001616161616161,0.6952742310383752,86660,400595,1271,616,197717,920996,34,125,142172,2616154,4662,61046,1138813,1926,1,124,0,4,612,0
snv_table,GCF_039760255.1,GCF_040928345.1,close_recombination,1005,2022447,283029,1314486,405,228,12,12,9.195402298850576e-05,0.9289860756318257,20100,90865,374,156,262929,1223621,31,72,188442,3476259,6162,13467,258720,408,0,72,0,2,154,0
snv_table,GCF_039760255.1,GCF_040928365.1,close_recombination,1134,2024526,283331,1315849,460,247,14,14,0.0001022727272727,0.9340665158418952,18690,84813,428,180,264641,1231036,32,67,189533,3497377,6198,12619,241436,384,0,67,0,4,176,0
snv_table,GCF_039760295.1,GCF_039760315.1,close_recombination,36,2048243,286326,1331147,9,18,1,1,2.0905923344947736e-05,0.9996996430641996,90,352,3,7,286236,1330795,6,11,204668,3780958,6759,47,1009,0,2,9,0,0,7,0
snv_table,GCF_039760295.1,GCF_040098345.1,close_recombination,3451,2041504,285429,1326782,1332,665,15,15,0.0001255605381165,0.7808947233812962,62540,287036,1303,551,222889,1039746,29,114,160774,2953172,5292,43278,816408,1422,4,110,0,1,550,0
snv_table,GCF_039760315.1,GCF_040098345.1,close_recombination,3459,2041567,285434,1326829,1334,667,15,15,0.000134529147982,0.7809160786731784,62540,286997,1303,553,222894,1039832,31,114,160797,2953401,5298,43262,816307,1422,4,110,0,1,552,0
snv_table,GCF_039760335.1,GCF_040098345.1,close_recombination,3456,2041795,285488,1326975,1329,674,15,15,0.0001300448430493,0.7789819537073362,63100,289489,1299,558,222388,1037486,30,116,160425,2946750,5283,43647,823383,1437,5,111,0,1,557,0
snv_table,GCF_040095755.1,GCF_040097405.1,close_recombination,989,2027815,283511,1317736,346,270,11,11,7.434944237918216e-05,0.9470884727576708,15010,68210,326,197,268501,1249526,20,73,192396,3549840,6342,10252,194033,345,1,72,0,0,197,0
snv_table,GCF_040095755.1,GCF_040098345.1,close_recombination,5665,2037155,284839,1323940,2148,1178,20,20,0.0001111111111111,0.630496526107731,105250,485908,2128,1060,179589,838032,20,118,129777,2379972,4347,73811,1381588,2325,1,117,0,5,1055,0
snv_table,GCF_040097525.1,GCF_964246425.1,close_recombination,3193,2047598,286245,1330746,1165,796,14,14,0.0001428571428571,0.68245733549931,90900,423442,1136,692,195345,907304,29,104,139561,2577629,4722,65080,1203245,2001,1,103,0,2,690,0
snv_table,GCF_040097525.1,GCF_964251715.1,close_recombination,3177,2047405,286204,1330631,1160,789,14,14,0.0001428571428571,0.6829045016841134,90760,422874,1131,684,195444,907757,29,105,139608,2578941,4722,65007,1201614,2001,1,104,0,2,682,0
snv_table,GCF_040911805.1,GCF_040911865.1,close_recombination,83,2018873,282306,1312031,26,41,1,1,4.609929078014184e-05,0.9982784637946058,490,2261,9,5,281816,1309770,17,36,201405,3721395,6510,347,6415,21,0,36,0,0,5,0
snv_table,GCF_040911805.1,GCF_040911905.1,close_recombination,85,2021380,282658,1313658,28,41,1,1,4.946996466431095e-05,0.9982735319714992,490,2261,9,5,282168,1311397,19,36,201638,3726031,6522,347,6415,21,0,36,0,0,5,0
snv_table,GCF_040911985.1,GCF_047307725.1,close_recombination,2841,2043901,285870,1328418,1060,697,39,39,0.000130890052356,0.6697100080456151,94420,434314,1032,580,191450,894104,28,117,138541,2539277,4494,65705,1235125,2112,1,116,0,1,579,0
snv_table,GCF_040918225.1,GCF_047948285.1,close_recombination,2115,2028437,283720,1318274,776,528,34,34,7.174887892376682e-05,0.7829197800648526,61590,282425,760,444,222130,1035849,16,84,160276,2942108,5163,42530,803296,1449,1,83,0,1,443,0
snv_table,GCF_040921925.1,GCF_047307925.1,close_recombination,758,2018022,282315,1311618,255,189,7,7,7.835820895522388e-05,0.9499672351805607,14130,64988,231,132,268185,1246630,24,57,191636,3542059,6195,9909,184734,321,5,52,0,0,132,0
snv_table,GCF_040921925.1,GCF_047308905.1,close_recombination,4905,2004470,280506,1302708,1941,901,38,38,0.0001449275362318,0.740019821322895,72926,334429,1908,785,207580,968279,33,116,149565,2750334,4938,50550,951216,1521,2,114,0,3,782,0
snv_table,GCF_040921925.1,GCF_047638235.1,close_recombination,491,2013378,281707,1308571,165,143,7,7,8e-05,0.9771500175714484,6440,28605,139,79,275267,1279966,26,64,196797,3636732,6369,4211,81451,153,3,61,0,2,77,0
snv_table,GCF_040921925.1,GCF_051065055.1,close_recombination,3023,2017848,282303,1311488,1169,644,37,37,0.0001773399014778,0.7183416400109103,79520,367636,1132,511,202783,943852,37,133,145600,2681222,4734,55913,1045225,1770,2,131,0,3,508,0
snv_table,GCF_040921935.1,GCF_047307925.1,close_recombination,751,2031952,284180,1320608,254,183,8,8,5.5762081784386615e-05,0.9468294742768668,15110,69093,236,134,269070,1251515,18,49,192575,3555727,6243,10470,196458,351,3,46,0,1,133,0
snv_table,GCF_040921935.1,GCF_047308905.1,close_recombination,4920,2017414,282243,1311074,1951,900,38,38,0.0001298076923076,0.7382645450905779,73873,338728,1921,787,208370,972346,30,113,150292,2761775,4971,51224,963400,1560,1,112,0,3,784,0
snv_table,GCF_040921935.1,GCF_047638235.1,close_recombination,484,2026767,283480,1317223,164,137,8,8,7.581227436823104e-05,0.9769295893890222,6540,28953,143,79,276940,1288270,21,58,198213,3660144,6453,4254,82452,153,2,56,0,2,77,0
snv_table,GCF_040921935.1,GCF_051065055.1,close_recombination,3037,2031211,284075,1320123,1176,643,37,37,0.0001699029126213,0.7220980374900995,78950,365100,1137,511,205125,955023,39,132,147414,2712834,4821,55556,1037983,1761,1,131,0,3,508,0
snv_table,GCF_040922025.1,GCF_040922045.1,close_recombination,26,2039037,285111,1325122,9,5,1,1,1.048951048951049e-05,0.9998912704174865,40,178,6,4,285071,1324944,3,1,203830,3764384,6618,25,509,0,0,1,0,0,4,0
snv_table,GCF_040922025.1,GCF_040922065.1,close_recombination,25,2039317,285121,1325340,7,6,1,1,3.496503496503497e-06,0.9998912742309406,40,178,6,4,285081,1325162,1,2,203839,3765023,6624,25,509,0,0,2,0,0,4,0
snv_table,GCF_040928345.1,GCF_040928365.1,close_recombination,80,2038959,285200,1325136,18,39,1,1,2.7972027972027973e-05,0.9995441795231417,130,512,9,13,285070,1324624,9,26,203575,3763643,6654,66,1470,0,0,26,0,0,13,0
snv_table,GCF_040928465.1,GCF_040928505.1,close_recombination,68,2006282,280691,1303795,16,35,1,1,3.202846975088968e-05,0.9995332946193501,140,579,7,9,280551,1303216,9,26,200196,3702927,6525,78,1647,12,2,24,0,0,9,0
snv_table,GCF_040928465.1,GCF_047307425.1,close_recombination,1672,2016975,282048,1310738,649,393,7,7,9.777777777777778e-05,0.7943328795098706,58010,270293,626,316,224038,1040445,23,77,160093,2955965,5277,41403,768195,1281,1,76,0,0,316,0
snv_table,GCF_040928465.1,GCF_047310325.1,close_recombination,1700,2017923,282154,1311344,618,452,14,14,9.170305676855896e-05,0.8108692416198247,53370,244532,596,350,228784,1066812,22,102,165216,3029841,5379,36384,696039,1173,3,99,0,0,350,0
snv_table,GCF_040928505.1,GCF_047307425.1,close_recombination,1694,2006799,280793,1304153,649,416,8,8,0.0001255605381165,0.791793242709042,58463,272236,620,322,222330,1031917,29,94,158632,2931890,5229,41717,773701,1290,2,92,0,1,321,0
snv_table,GCF_040928505.1,GCF_047310325.1,close_recombination,1718,2007750,280900,1304763,617,468,15,15,0.0001385281385281,0.8190103239587042,50840,232901,584,345,230060,1071862,33,123,165796,3044381,5409,34650,662949,1104,4,119,0,1,344,0
snv_table,GCF_047307265.1,GCF_047310325.1,close_recombination,2298,2035435,284590,1322843,842,586,35,35,8.743169398907104e-05,0.6427843564426017,101660,468099,825,473,182930,854744,17,113,132338,2427598,4296,71103,1330890,2304,4,109,0,2,471,0
snv_table,GCF_047307325.1,GCF_047310325.1,close_recombination,2289,2035252,284571,1322720,838,583,36,36,0.0001021505376344,0.6527017861974692,98840,454793,819,470,185731,867927,19,113,134429,2464984,4368,68990,1293157,2232,4,109,0,3,467,0
snv_table,GCF_047307425.1,GCF_047310325.1,close_recombination,2378,2033558,284309,1321607,880,561,20,20,0.0001395348837209,0.7554808324745259,69520,323864,849,465,214789,997743,31,96,153859,2834345,5025,49423,920597,1572,4,92,0,0,465,0
snv_table,GCF_047307925.1,GCF_047308905.1,close_recombination,5117,2019258,282483,1312289,2005,943,39,39,0.0001485148514851,0.7186273156260731,79483,365583,1972,825,203000,946706,33,118,146189,2689078,4851,55536,1039542,1671,3,115,0,5,820,0
snv_table,GCF_047307925.1,GCF_047638235.1,close_recombination,918,2028344,283690,1318268,305,249,12,12,7.894736842105263e-05,0.9390884416087983,17280,78551,281,188,266410,1239717,24,61,190863,3522126,6162,11786,223441,426,5,56,0,3,185,0
snv_table,GCF_047307925.1,GCF_051065055.1,close_recombination,3458,2032895,284298,1321235,1303,748,40,40,0.0001421319796954,0.6937087140957727,87080,402901,1270,616,197218,918334,33,132,141722,2608621,4659,61439,1145347,1917,3,129,0,5,611,0
snv_table,GCF_047308905.1,GCF_047638235.1,close_recombination,5123,2013809,281749,1308736,2012,970,40,40,0.0001225490196078,0.7272430425662558,76849,352610,1984,855,204900,956126,28,115,147737,2715718,4923,53387,1002841,1602,1,114,0,4,851,0
snv_table,GCF_047308905.1,GCF_051065055.1,close_recombination,4303,2018838,282404,1312005,1689,818,32,32,0.000125,0.7646846361949547,66454,304244,1661,713,215950,1007761,28,105,155563,2862665,5055,46127,865099,1506,1,104,0,1,712,0
snv_table,GCF_047309325.1,GCF_047311065.1,close_recombination,3010,2047598,286331,1330699,1148,671,8,8,3.108808290155441e-05,0.6728227121757686,93690,436270,1142,619,192641,894429,6,52,137746,2541011,4530,66938,1239742,2130,2,50,0,1,616,2
snv_table,GCF_047309325.1,GCF_964238845.1,close_recombination,248,2051285,286820,1333142,90,86,1,1,5.755395683453237e-05,0.968795760407224,8950,42210,72,40,277870,1290932,18,46,198234,3668121,6441,6806,119566,258,3,43,0,0,40,0
snv_table,GCF_047309505.1,GCF_964240005.1,close_recombination,2331,2028630,283696,1318516,867,539,29,29,9.45273631840796e-05,0.7079408944785968,82860,382176,848,444,200836,936340,19,95,145083,2659281,4656,57789,1086873,1866,3,91,1,1,443,0
snv_table,GCF_047311065.1,GCF_964238335.1,close_recombination,3000,2048692,286441,1331403,1149,657,10,10,2.0618556701030927e-05,0.6755666961084482,92940,432980,1145,611,193501,898423,4,46,138320,2552383,4566,66467,1230367,2106,1,44,1,1,609,1
snv_table,GCF_047311065.1,GCF_964238845.1,close_recombination,3007,2048692,286441,1331403,1157,665,10,10,2.0618556701030927e-05,0.6755666961084482,92940,432980,1153,618,193501,898423,4,47,138320,2552383,4566,66467,1230367,2106,1,45,1,1,616,1
snv_table,GCF_047638235.1,GCF_051065055.1,close_recombination,3273,2028269,283694,1318202,1246,725,42,42,0.0001576354679802,0.7160179630164896,80570,372473,1208,589,203124,945729,38,136,145923,2686482,4782,56704,1058918,1797,0,136,0,6,583,0
snv_table,GCF_047777885.1,GCF_048453055.1,close_recombination,5334,2055482,287343,1335849,2076,928,4,4,0.0,0.8916869386064737,31130,145407,2076,918,256213,1190442,0,10,183457,3381743,6126,22006,413537,678,0,10,0,0,917,1
snv_table,GCF_964238335.1,GCF_964238845.1,close_recombination,177,2052217,286910,1333736,76,40,2,2,0.0,0.9668885713289882,9500,44701,76,35,277410,1289035,0,5,198065,3662581,6459,7073,126772,258,0,5,0,0,35,0
snv_table,GCF_964242805.1,GCF_964245285.1,close_recombination,84,2044528,285850,1328751,37,21,1,1,3.5087719298245615e-06,0.9951023263949624,1400,6780,36,18,284450,1321971,1,3,203246,3756067,6600,1060,19256,24,0,3,0,0,18,0
snv_table,GCF_964242805.1,GCF_964249125.1,close_recombination,16,2045098,285935,1329119,4,5,1,1,0.0,0.999597810691241,120,546,4,2,285815,1328573,0,3,204296,3774796,6627,67,1571,0,0,3,0,0,2,0
snv_table,GCF_964242805.1,GCF_964250055.1,close_recombination,84,2044349,285822,1328641,38,20,1,1,7.017543859649123e-06,0.9951298360518085,1400,6780,36,18,284422,1321861,2,2,203235,3755748,6600,1060,19256,24,0,2,0,0,18,0
snv_table,GCF_964242805.1,GCF_964252495.1,close_recombination,95,2044398,285830,1328671,41,23,2,2,3.5087719298245615e-06,0.9946821537277403,1520,7326,40,20,284310,1321345,1,3,203175,3754257,6603,1127,20827,24,0,3,0,0,20,0
snv_table,GCF_964245285.1,GCF_964249125.1,close_recombination,98,2044528,285850,1328751,41,24,2,2,3.5087719298245615e-06,0.9946825258002449,1520,7326,40,20,284330,1321425,1,4,203179,3754496,6600,1127,20827,24,0,4,0,0,20,0
snv_table,GCF_964245285.1,GCF_964252045.1,close_recombination,84,2044335,285822,1328631,38,21,1,1,7.017543859649123e-06,0.9951298360518085,1400,6780,36,18,284422,1321851,2,3,203233,3755720,6600,1060,19256,24,0,3,0,0,18,0
snv_table,GCF_964245285.1,GCF_964252495.1,close_recombination,13,2046768,286180,1330233,4,4,1,1,0.0,0.9996156265287581,110,498,4,2,286070,1329735,0,2,204483,3778098,6624,55,1439,0,0,2,0,0,2,0
snv_table,GCF_964249125.1,GCF_964250055.1,close_recombination,98,2044349,285822,1328641,42,23,2,2,7.017543859649123e-06,0.9947099943321368,1520,7326,40,20,284302,1321315,2,3,203168,3754177,6600,1127,20827,24,0,3,0,0,20,0
snv_table,GCF_964249125.1,GCF_964252045.1,close_recombination,18,2044398,285830,1328671,5,5,1,1,3.496503496503497e-06,0.9995801700311374,120,546,4,2,285710,1328125,1,3,204235,3773513,6627,67,1571,0,0,3,0,0,2,0
snv_table,GCF_964249125.1,GCF_964252495.1,close_recombination,87,2044398,285830,1328671,37,22,1,1,3.5087719298245615e-06,0.9951019836966029,1400,6780,36,18,284430,1321891,1,4,203242,3755828,6603,1060,19256,24,0,4,0,0,18,0
snv_table,GCF_964250055.1,GCF_964252045.1,close_recombination,82,2044349,285822,1328641,37,20,1,1,3.5087719298245615e-06,0.9951298360518085,1400,6780,36,18,284422,1321861,1,2,203235,3755748,6600,1060,19256,24,0,2,0,0,18,0
snv_table,GCF_964250055.1,GCF_964252495.1,close_recombination,13,2046782,286180,1330243,5,3,1,1,3.484320557491289e-06,0.9996156265287581,110,498,4,2,286070,1329745,1,1,204485,3778126,6624,55,1439,0,0,1,0,0,2,0
snv_table,GCF_964252045.1,GCF_964252495.1,close_recombination,95,2044398,285830,1328671,42,23,2,2,7.017543859649123e-06,0.9946821537277403,1520,7326,40,20,284310,1321345,2,3,203175,3754257,6603,1127,20827,24,0,3,0,0,20,0
